time,diameter_km,mean_precip,area_km2,frame,idx,hdim_1,hdim_2,num,threshold_value,feature,time.1,timestr,latitude,longitude,area,date,cell,time_cell,cell_parent_track_id,cell_child_feature_count,cell_starts_with_split,cell_ends_with_merge,Merge,Split,Both,Free
2021-05-01 01:15:00,2.334554056048179,16.8,4.280532020190001,5,188,204.601694913542,255.39830508645804,4,5.0,203,2021-05-01 01:15:00,2021-05-01 01:15:00,29.94898305086883,-95.44101793655337,,2021-05-01,191,0 days 00:00:00,1,3,False,False,,,,Free
2021-05-01 01:45:00,10.699403479653016,40.45714,89.91020997876926,7,160,206.55257855618524,254.2485226807173,84,5.0,256,2021-05-01 01:45:00,2021-05-01 01:45:00,29.9294742144424,-95.4525157602822,,2021-05-01,191,0 days 00:30:00,1,3,False,False,,,,Free
2021-05-01 01:45:00,5.240158108146482,20.160002,21.56645001478093,7,177,281.49999998741856,0.4023746791477383,20,5.0,263,2021-05-01 01:45:00,2021-05-01 01:45:00,29.180000000129944,-97.9909771677586,,2021-05-01,247,0 days 00:00:00,2,4,False,False,,,,Free
2021-05-01 02:00:00,9.372579814400837,33.15,68.99349988032773,8,115,279.8550177351921,1.801842810192956,64,5.0,284,2021-05-01 02:00:00,2021-05-01 02:00:00,29.19644982265221,-97.97698248684804,,2021-05-01,247,0 days 00:15:00,2,4,False,False,,,,Free
2021-05-01 02:15:00,2.8588975066351736,9.599999,6.419290845341189,9,172,202.16666666666663,257.8333333333333,6,5.0,296,2021-05-01 02:15:00,2021-05-01 02:15:00,29.97333333333759,-95.41666765478044,,2021-05-01,191,0 days 01:00:00,1,3,False,False,,,,Free
2021-05-01 02:15:00,13.408020087123983,22.058014,141.1949569113595,9,193,277.8340642800489,5.456099512669366,131,5.0,306,2021-05-01 02:15:00,2021-05-01 02:15:00,29.21665935720365,-97.9404399208675,,2021-05-01,247,0 days 00:30:00,2,4,False,False,,,,Free
2021-05-01 02:30:00,13.65948135769087,18.141178,146.54071320091924,10,208,275.30896300932227,8.377832342858314,137,5.0,335,2021-05-01 02:30:00,2021-05-01 02:30:00,29.241910369910915,-97.91122259340057,,2021-05-01,247,0 days 00:45:00,2,4,False,False,,,,Free
2021-05-01 02:45:00,2.6154915389108333,9.6,5.372748606812289,11,220,245.8,275.4,5,5.0,361,2021-05-01 02:45:00,2021-05-01 02:45:00,29.537000000004184,-95.24100099313364,,2021-05-01,338,0 days 00:00:00,3,3,False,False,,,,Free
2021-05-01 03:00:00,5.194120035062918,9.600001,21.189165110524183,12,236,106.75,279.85,20,5.0,388,2021-05-01 03:00:00,2021-05-01 03:00:00,30.927500000004404,-95.19650099440533,,2021-05-01,365,0 days 00:00:00,4,5,False,False,,,,Free
2021-05-01 03:00:00,5.1960458620953816,9.600001,21.204880662589208,12,241,113.85,304.3,20,5.0,392,2021-05-01 03:00:00,2021-05-01 03:00:00,30.85650000000439,-94.95200100139216,,2021-05-01,369,0 days 00:00:00,5,3,False,False,,,,Free
2021-05-01 03:00:00,2.865084932192401,11.2,6.447107068437284,12,278,245.3709677460704,275.4838709842816,6,5.0,413,2021-05-01 03:00:00,2021-05-01 03:00:00,29.54129032254348,-95.24016228331482,,2021-05-01,338,0 days 00:15:00,3,3,False,False,,,,Free
2021-05-01 03:15:00,5.568967664849667,10.017394,24.35786806998052,13,257,103.04332755288844,279.7175043353337,23,5.0,445,2021-05-01 03:15:00,2021-05-01 03:15:00,30.964566724475524,-95.19782595101408,,2021-05-01,365,0 days 00:15:00,4,5,False,False,,,,Free
2021-05-01 03:15:00,12.072233566797518,10.844443,114.4630041487023,13,261,109.66529266641672,263.3239900818403,129,5.0,447,2021-05-01 03:15:00,2021-05-01 03:15:00,30.89834707334024,-95.3617610888644,,2021-05-01,418,0 days 00:00:00,6,4,False,False,,,,Free
2021-05-01 03:15:00,2.5975824676384245,9.6,5.299422802318014,13,265,110.33333333333331,302.0,6,5.0,450,2021-05-01 03:15:00,2021-05-01 03:15:00,30.891666666671064,-94.97500100073488,,2021-05-01,369,0 days 00:15:00,5,3,False,False,,,,Free
2021-05-01 03:15:00,1.1696371032327109,9.6,1.0744647061234385,13,285,244.5,277.5,2,5.0,459,2021-05-01 03:15:00,2021-05-01 03:15:00,29.55000000000419,-95.22000099373372,,2021-05-01,338,0 days 00:30:00,3,3,False,False,,,,Free
2021-05-01 03:30:00,2.5960607410680145,9.6,5.293215561189979,14,239,99.4,280.8,5,5.0,487,2021-05-01 03:30:00,2021-05-01 03:30:00,31.001000000004414,-95.18700099467674,,2021-05-01,365,0 days 00:30:00,4,5,False,False,,,,Free
2021-05-01 03:30:00,13.593986692122822,9.599999,145.13881142770393,14,240,106.23021582733811,262.3093525179856,139,5.0,488,2021-05-01 03:30:00,2021-05-01 03:30:00,30.932697841731024,-95.371907464213,,2021-05-01,418,0 days 00:15:00,6,4,False,False,,,,Free
2021-05-01 03:30:00,3.285200231138841,9.6,8.476441533175578,14,242,107.625,298.625,8,5.0,489,2021-05-01 03:30:00,2021-05-01 03:30:00,30.9187500000044,-95.00875099977044,,2021-05-01,369,0 days 00:30:00,5,3,False,False,,,,Free
2021-05-01 03:45:00,3.282941504119444,9.6,8.464789649391413,15,233,94.5,283.5,8,5.0,527,2021-05-01 03:45:00,2021-05-01 03:45:00,31.050000000004424,-95.16000099544829,,2021-05-01,365,0 days 00:45:00,4,5,False,False,,,,Free
2021-05-01 03:45:00,11.138809337385684,9.599998,97.44676401834349,15,237,104.44329896907216,262.5154639175258,97,5.0,530,2021-05-01 03:45:00,2021-05-01 03:45:00,30.950567010313684,-95.36984635027648,,2021-05-01,418,0 days 00:30:00,6,4,False,False,,,,Free
2021-05-01 03:45:00,3.52606966324746,9.6,9.764986739129428,15,268,345.6666666666667,498.22222222222223,9,5.0,546,2021-05-01 03:45:00,2021-05-01 03:45:00,28.538333333337363,-93.01277883458532,,2021-05-01,499,0 days 00:00:00,7,3,False,False,,,,Free
2021-05-01 04:00:00,15.062950380138997,14.456471,178.20093248967052,16,197,6.749906964704641,23.818632924572725,171,5.0,553,2021-05-01 04:00:00,2021-05-01 04:00:00,31.92750093035752,-97.7568145919958,,2021-05-01,506,0 days 00:00:00,8,3,False,False,,,,Free
2021-05-01 04:00:00,5.920592854793632,9.6,27.53089149420397,16,213,100.53191489361704,262.4255319148936,47,5.0,564,2021-05-01 04:00:00,2021-05-01 04:00:00,30.989680851068243,-95.37074567027712,,2021-05-01,418,0 days 00:45:00,6,4,False,False,,,,Free
2021-05-01 04:00:00,8.310123402975947,29.760002,54.23814494157328,16,246,344.5749595762262,497.0591275580288,50,5.0,582,2021-05-01 04:00:00,2021-05-01 04:00:00,28.549250404241768,-93.02440978089489,,2021-05-01,499,0 days 00:15:00,7,3,False,False,,,,Free
2021-05-01 04:15:00,12.279153206664123,19.03009,118.4204528489507,17,256,4.2054088100241565,21.75949686228211,114,5.0,589,2021-05-01 04:15:00,2021-05-01 04:15:00,31.95294591190432,-97.77740595203028,,2021-05-01,506,0 days 00:15:00,8,3,False,False,,,,Free
2021-05-01 04:15:00,1.6409095665953546,9.6,2.114750689984436,17,283,88.0,282.5,2,5.0,609,2021-05-01 04:15:00,2021-05-01 04:15:00,31.115000000004432,-95.17000099516258,,2021-05-01,365,0 days 01:15:00,4,5,False,False,,,,Free
2021-05-01 04:15:00,5.822519384050247,28.416,26.62635803123167,17,303,157.68329347347313,427.0891697974656,25,5.0,623,2021-05-01 04:15:00,2021-05-01 04:15:00,30.4181670652696,-93.72410933850584,,2021-05-01,567,0 days 00:00:00,9,4,False,False,,,,Free
2021-05-01 04:15:00,11.39319126513797,52.800003,101.94845717819416,17,327,342.30272408984945,495.9103979061975,94,5.0,636,2021-05-01 04:15:00,2021-05-01 04:15:00,28.57197275910554,-93.03589707708494,,2021-05-01,499,0 days 00:30:00,7,3,False,False,,,,Free
2021-05-01 04:30:00,8.565558252044005,14.138181,57.62371147875402,18,283,1.6605650741982672,18.737763639178464,55,5.0,642,2021-05-01 04:30:00,2021-05-01 04:30:00,31.978394349262583,-97.80762328339785,,2021-05-01,506,0 days 00:30:00,8,3,False,False,,,,Free
2021-05-01 04:30:00,8.55562613532997,45.333344,57.49015483395685,18,311,153.64407709957666,424.2810835467266,54,5.0,660,2021-05-01 04:30:00,2021-05-01 04:30:00,30.458559229008564,-93.7521902002108,,2021-05-01,567,0 days 00:15:00,9,4,False,False,,,,Free
2021-05-01 04:30:00,1.6600116051195322,19.2,2.164273439767145,18,356,318.0,494.5,2,5.0,676,2021-05-01 04:30:00,2021-05-01 04:30:00,28.81500000000408,-93.0500010557439,,2021-05-01,612,0 days 00:00:00,10,3,False,False,,,,Free
2021-05-01 04:30:00,14.147038342316913,25.423447,157.18856258161085,18,359,337.2571756457287,492.99459712894,145,5.0,678,2021-05-01 04:30:00,2021-05-01 04:30:00,28.62242824354676,-93.06505508402428,,2021-05-01,614,0 days 00:00:00,11,5,False,False,,,,Free
2021-05-01 04:45:00,369.94871100918726,138.5363,107491.20174854988,19,345,311.112598725665,161.41504133292884,99903,5.0,696,2021-05-01 04:45:00,2021-05-01 04:45:00,28.88387401274744,-96.38085054723189,,2021-05-01,632,0 days 00:00:00,12,3,False,False,,,,Free
2021-05-01 04:45:00,8.940485414061817,38.562714,62.778665467603126,19,371,148.6375113420514,420.9954550027561,59,5.0,713,2021-05-01 04:45:00,2021-05-01 04:45:00,30.508624886583824,-93.7850464847116,,2021-05-01,567,0 days 00:30:00,9,4,False,False,,,,Free
2021-05-01 04:45:00,17.302266352757037,29.06544,235.1234079868433,19,435,333.20784335577065,488.0412852571668,217,5.0,739,2021-05-01 04:45:00,2021-05-01 04:45:00,28.662921566446343,-93.11458820132655,,2021-05-01,614,0 days 00:15:00,11,5,False,False,,,,Free
2021-05-01 04:45:00,3.9012626775115287,11.345454,11.95364261334672,19,437,362.2693409714716,0.7249283753749286,11,5.0,740,2021-05-01 04:45:00,2021-05-01 04:45:00,28.372306590289288,-97.98775163088852,,2021-05-01,671,0 days 00:00:00,13,3,False,False,,,,Free
2021-05-01 05:00:00,373.7135013107618,142.83438,109690.10634287108,20,266,309.9505132348309,165.75072103949603,102064,5.0,754,2021-05-01 05:00:00,2021-05-01 05:00:00,28.895494867655778,-96.3374937514052,,2021-05-01,632,0 days 00:15:00,12,3,False,False,,,,Free
2021-05-01 05:00:00,4.937011631671673,18.666666,19.1433606912761,20,280,143.86910568629136,419.0341463460777,18,5.0,760,2021-05-01 05:00:00,2021-05-01 05:00:00,30.55630894314143,-93.80465957071787,,2021-05-01,567,0 days 00:45:00,9,4,False,False,,,,Free
2021-05-01 05:00:00,8.701185710684353,12.741815,59.46299192864416,20,309,308.3485204353153,487.6763738894919,55,5.0,769,2021-05-01 05:00:00,2021-05-01 05:00:00,28.91151479565093,-93.11823731489903,,2021-05-01,612,0 days 00:30:00,10,3,False,False,,,,Free
2021-05-01 05:00:00,20.202157532065947,22.37838,320.5423289262512,20,311,326.73090973290863,483.8487946981521,296,5.0,771,2021-05-01 05:00:00,2021-05-01 05:00:00,28.72769090267497,-93.15651310571866,,2021-05-01,614,0 days 00:30:00,11,5,False,False,,,,Free
2021-05-01 05:00:00,6.223548126622204,10.971429,30.42047464245168,20,315,359.23325360571,4.7165071543820645,28,5.0,773,2021-05-01 05:00:00,2021-05-01 05:00:00,28.40266746394691,-97.94783584423908,,2021-05-01,671,0 days 00:15:00,13,3,False,False,,,,Free
2021-05-01 05:15:00,374.4146378860357,141.51906,110102.07909658538,21,308,307.45443458521936,172.27255640887202,102306,5.0,802,2021-05-01 05:15:00,2021-05-01 05:15:00,28.92045565415189,-96.27227539957512,,2021-05-01,632,0 days 00:30:00,12,3,False,False,,,,Free
2021-05-01 05:15:00,11.371441161844889,24.408514,101.55958054554218,21,362,303.2887524338257,481.4234816834032,94,5.0,824,2021-05-01 05:15:00,2021-05-01 05:15:00,28.96211247566584,-93.18076623517312,,2021-05-01,612,0 days 00:45:00,10,3,False,False,,,,Free
2021-05-01 05:15:00,19.78367186048905,19.70704,307.3998713768488,21,365,319.7359701796702,478.0366788087507,284,5.0,826,2021-05-01 05:15:00,2021-05-01 05:15:00,28.79764029820737,-93.2146342629518,,2021-05-01,614,0 days 00:45:00,11,5,False,False,,,,Free
2021-05-01 05:15:00,2.880387633789929,9.599999,6.51616025844977,21,369,355.6666666666667,8.5,6,5.0,827,2021-05-01 05:15:00,2021-05-01 05:15:00,28.438333333337347,-97.91000091686408,,2021-05-01,671,0 days 00:30:00,13,3,False,False,,,,Free
2021-05-01 05:30:00,17.325521832640348,25.893578,235.755877999952,22,322,311.543207143764,472.6980328522972,218,5.0,869,2021-05-01 05:30:00,2021-05-01 05:30:00,28.87956792856644,-93.26802072099076,,2021-05-01,614,0 days 01:00:00,11,5,False,False,,,,Free
2021-05-01 06:00:00,33.44483481409832,63.225555,878.5125944034247,24,410,290.8620673619537,468.156736141236,814,5.0,998,2021-05-01 06:00:00,2021-05-01 06:00:00,29.086379326384577,-93.31343368680363,,2021-05-01,915,0 days 00:00:00,14,3,False,False,,,,Free
2021-05-01 06:15:00,8.706087366214318,10.114286,59.53000559994573,25,345,139.47835194435498,22.560055853876595,56,5.0,1057,2021-05-01 06:15:00,2021-05-01 06:15:00,30.600216480560803,-97.7694003623431,,2021-05-01,966,0 days 00:00:00,16,3,False,False,,,,Free
2021-05-01 06:15:00,34.84505032561536,64.50679,953.6128038241378,25,367,286.8554026252708,462.50571825046575,884,5.0,1064,2021-05-01 06:15:00,2021-05-01 06:15:00,29.12644597375141,-93.36994386409653,,2021-05-01,915,0 days 00:15:00,14,3,False,False,,,,Free
2021-05-01 06:30:00,15.214760243045484,11.452631,181.8109798824288,26,285,138.1790123676312,18.0058691885023,294,5.0,1104,2021-05-01 06:30:00,2021-05-01 06:30:00,30.61320987632804,-97.81494222769544,,2021-05-01,966,0 days 00:15:00,16,3,False,False,,,,Free
2021-05-01 06:30:00,33.57168339836338,80.41316,885.1892252799759,26,300,283.4862600002068,457.8424271421473,821,5.0,1113,2021-05-01 06:30:00,2021-05-01 06:30:00,29.160137400002057,-93.41657677384713,,2021-05-01,915,0 days 00:30:00,14,3,False,False,,,,Free
2021-05-01 07:00:00,6.044101145294411,9.6,28.691504914063746,28,427,135.66666666666666,7.055555555555555,36,5.0,1229,2021-05-01 07:00:00,2021-05-01 07:00:00,30.63833333333769,-97.92444536089572,,2021-05-01,966,0 days 00:45:00,16,3,False,False,,,,Free
2021-05-01 07:15:00,21.336490729611093,11.850444,357.54924400299905,29,330,120.992053985974,17.81510595634642,344,5.0,1295,2021-05-01 07:15:00,2021-05-01 07:15:00,30.78507946014464,-97.81684985996247,,2021-05-01,1183,0 days 00:00:00,17,4,False,False,,,,Free
2021-05-01 07:15:00,16.998416978091885,10.610526,226.93779890506303,29,371,353.8395144939595,325.6655428170878,212,5.0,1321,2021-05-01 07:15:00,2021-05-01 07:15:00,28.456604855064423,-94.73834557932668,,2021-05-01,1209,0 days 00:00:00,18,3,False,False,,,,Free
2021-05-01 07:30:00,6.259096337943174,9.6,30.768983833126573,30,380,120.6896551724138,15.413793103448276,29,5.0,1381,2021-05-01 07:30:00,2021-05-01 07:30:00,30.788103448280243,-97.84086298780528,,2021-05-01,1183,0 days 00:15:00,17,4,False,False,,,,Free
2021-05-01 07:45:00,4.501146138959151,9.6,15.912415419426106,31,345,119.0,13.3125,16,5.0,1452,2021-05-01 07:45:00,2021-05-01 07:45:00,30.805000000004384,-97.86187591823926,,2021-05-01,1183,0 days 00:30:00,17,4,False,False,,,,Free
2021-05-01 07:45:00,1.6626254926190198,9.6,2.1710946224825465,31,393,351.0,327.5,2,5.0,1480,2021-05-01 07:45:00,2021-05-01 07:45:00,28.48500000000402,-94.72000100802175,,2021-05-01,1209,0 days 00:30:00,18,3,False,False,,,,Free
2021-05-01 08:00:00,2.5984764529432893,9.6,5.303071134116549,32,413,117.2,10.4,5,5.0,1530,2021-05-01 08:00:00,2021-05-01 08:00:00,30.823000000004388,-97.89100091740698,,2021-05-01,1183,0 days 00:45:00,17,4,False,False,,,,Free
2021-05-01 08:00:00,12.215027002330483,9.688887,117.18681318423728,32,448,346.1694716260265,326.95499021522767,109,5.0,1551,2021-05-01 08:00:00,2021-05-01 08:00:00,28.533305283743765,-94.72545110571376,,2021-05-01,1209,0 days 00:45:00,18,3,False,False,,,,Free
2021-05-01 08:15:00,1.6597724080525966,9.6,2.1636497687524545,33,493,315.0,372.5,2,5.0,1635,2021-05-01 08:15:00,2021-05-01 08:15:00,28.84500000000408,-94.27000102088108,,2021-05-01,1487,0 days 00:00:00,19,3,False,False,,,,Free
2021-05-01 08:30:00,8.542557184099135,9.6,57.31465343293496,34,413,310.90909090909093,378.3818181818182,55,5.0,1716,2021-05-01 08:30:00,2021-05-01 08:30:00,28.885909090913174,-94.21118284074367,,2021-05-01,1487,0 days 00:15:00,19,3,False,False,,,,Free
2021-05-01 08:45:00,2.830126358957234,9.599999,6.290737073619994,35,310,8.833333333333334,361.8333333333333,6,5.0,1746,2021-05-01 08:45:00,2021-05-01 08:45:00,31.90666666667122,-94.37666768449958,,2021-05-01,1590,0 days 00:00:00,20,3,False,False,,,,Free
2021-05-01 09:00:00,5.890433308786837,10.338462,27.25112074058504,36,290,5.732217583239168,360.24825663493584,27,5.0,1814,2021-05-01 09:00:00,2021-05-01 09:00:00,31.93767782417217,-94.39251845103064,,2021-05-01,1590,0 days 00:15:00,20,3,False,False,,,,Free
2021-05-01 09:00:00,75.29601467753221,69.53007,4452.806896991575,36,324,228.60061244829453,434.0663257995728,4158,5.0,1834,2021-05-01 09:00:00,2021-05-01 09:00:00,29.708993875521266,-93.65433778047856,,2021-05-01,1668,0 days 00:00:00,21,6,False,False,,,,Free
2021-05-01 09:00:00,1.6586927748163356,9.6,2.1608359028781066,36,335,301.5,391.0,2,5.0,1840,2021-05-01 09:00:00,2021-05-01 09:00:00,28.980000000004097,-94.08500102616762,,2021-05-01,1487,0 days 00:45:00,19,3,False,False,,,,Free
2021-05-01 09:15:00,3.2668227077549776,9.6,8.381871775843562,37,368,2.5,357.625,8,5.0,1880,2021-05-01 09:15:00,2021-05-01 09:15:00,31.970000000004568,-94.41875101663032,,2021-05-01,1590,0 days 00:30:00,20,3,False,False,,,,Free
2021-05-01 09:15:00,76.92715638418218,81.97179,4647.819346977114,37,408,223.40757114367372,432.42140803103774,4342,5.0,1906,2021-05-01 09:15:00,2021-05-01 09:15:00,29.760924288567484,-93.67078695769384,,2021-05-01,1668,0 days 00:15:00,21,6,False,False,,,,Free
2021-05-01 09:15:00,2.8871311897505274,17.6,6.546707209415263,37,451,405.2433862500607,40.12698412498179,6,5.0,1933,2021-05-01 09:15:00,2021-05-01 09:15:00,27.94256613750333,-97.593731084652,,2021-05-01,1754,0 days 00:00:00,22,3,False,False,,,,Free
2021-05-01 09:30:00,76.86067164938227,71.52698,4639.789009712973,38,333,216.98432510979447,431.3651939156035,4349,5.0,1979,2021-05-01 09:30:00,2021-05-01 09:30:00,29.825156748906284,-93.68134909854638,,2021-05-01,1668,0 days 00:30:00,21,6,False,False,,,,Free
2021-05-01 09:30:00,2.635155032948586,9.6,5.453837870798023,38,376,402.2,43.4,5,5.0,2007,2021-05-01 09:30:00,2021-05-01 09:30:00,27.973000000003942,-97.5610009268371,,2021-05-01,1754,0 days 00:15:00,22,3,False,False,,,,Free
2021-05-01 09:45:00,77.58259987999699,64.54251,4727.358515550733,39,344,208.48238610952643,429.2004992515599,4422,5.0,2041,2021-05-01 09:45:00,2021-05-01 09:45:00,29.91017613890898,-93.70299604456824,,2021-05-01,1668,0 days 00:45:00,21,6,False,False,,,,Free
2021-05-01 10:00:00,78.87747270773048,59.92753,4886.476960667198,40,303,200.21768171539176,425.9213095617828,4572,5.0,2114,2021-05-01 10:00:00,2021-05-01 10:00:00,29.99282318285034,-93.73578794052897,,2021-05-01,1668,0 days 01:00:00,21,6,False,False,,,,Free
2021-05-01 10:00:00,1.666100193095153,9.6,2.180178792678873,40,338,395.5,50.0,2,5.0,2139,2021-05-01 10:00:00,2021-05-01 10:00:00,28.04000000000395,-97.49500092872312,,2021-05-01,1754,0 days 00:45:00,22,3,False,False,,,,Free
2021-05-01 10:15:00,81.58469245313962,57.244812,5227.658903775139,41,352,193.212576696556,422.8528226449008,4897,5.0,2179,2021-05-01 10:15:00,2021-05-01 10:15:00,30.06287423303871,-93.76647280882088,,2021-05-01,1668,0 days 01:15:00,21,6,False,False,,,,Free
2021-05-01 10:30:00,13.526054107925924,9.670588,143.69184533032603,42,306,80.68923173717963,155.41278337558433,136,5.0,2247,2021-05-01 10:30:00,2021-05-01 10:30:00,31.188107682632648,-96.44087312509016,,2021-05-01,2039,0 days 00:00:00,23,3,False,False,,,,Free
2021-05-01 10:45:00,3.3214949371259705,9.6,8.664770634066512,43,438,327.25,165.5,8,5.0,2324,2021-05-01 10:45:00,2021-05-01 10:45:00,28.722500000004057,-96.34000096172848,,2021-05-01,2115,0 days 00:00:00,24,3,False,False,,,,Free
2021-05-01 11:00:00,7.860235637366949,13.565215,48.52449370615842,44,484,65.31319797791043,148.0319796992281,46,5.0,2382,2021-05-01 11:00:00,2021-05-01 11:00:00,31.341868020225363,-96.51468115974455,,2021-05-01,2039,0 days 00:30:00,23,3,False,False,,,,Free
2021-05-01 11:00:00,,,,44,494,136.2300831633967,435.6335601076122,33,5.0,2383,2021-05-01 11:00:00,2021-05-01 11:00:00,30.63269916837039,-93.63866543784604,,2021-05-01,2169,0 days 00:00:00,25,3,False,False,,,,Free
2021-05-01 11:00:00,,,,44,529,215.5,443.5,2,5.0,2398,2021-05-01 11:00:00,2021-05-01 11:00:00,29.84000000000423,-93.56000104117004,,2021-05-01,2183,0 days 00:00:00,26,3,False,False,,,,Free
2021-05-01 11:15:00,9.267719492956784,13.05,67.45833881400269,45,429,58.016160063454016,142.26202385455247,65,5.0,2471,2021-05-01 11:15:00,2021-05-01 11:15:00,31.414838399369938,-96.57238071654253,,2021-05-01,2039,0 days 00:45:00,23,3,False,False,,,,Free
2021-05-01 11:15:00,3.312082904307087,10.8,8.61573394445979,45,462,268.281249996418,230.61778845465,16,5.0,2489,2021-05-01 11:15:00,2021-05-01 11:15:00,29.31218750003997,-95.68882309579016,,2021-05-01,2270,0 days 00:00:00,27,3,False,False,,,,Free
2021-05-01 11:15:00,2.0324718586313413,9.6,3.2444341469048434,45,481,311.6666666666667,162.33333333333334,3,5.0,2502,2021-05-01 11:15:00,2021-05-01 11:15:00,28.878333333337416,-96.3716676274903,,2021-05-01,2115,0 days 00:30:00,24,3,False,False,,,,Free
2021-05-01 11:30:00,4.026303496589483,9.599999,12.732183754173809,46,545,120.83333333333331,424.9166666666667,12,5.0,2568,2021-05-01 11:30:00,2021-05-01 11:30:00,30.78666666667105,-93.745834369193,,2021-05-01,2169,0 days 00:30:00,25,3,False,False,,,,Free
2021-05-01 11:30:00,2.609703697253156,9.6,5.348996122228835,46,571,200.25,445.625,8,5.0,2583,2021-05-01 11:30:00,2021-05-01 11:30:00,29.992500000004256,-93.53875104177727,,2021-05-01,2183,0 days 00:30:00,26,3,False,False,,,,Free
2021-05-01 11:30:00,2.027369961797383,9.6,3.2281662778964817,46,595,260.0,233.0,3,5.0,2593,2021-05-01 11:30:00,2021-05-01 11:30:00,29.395000000004163,-95.6650009810174,,2021-05-01,2270,0 days 00:15:00,27,3,False,False,,,,Free
2021-05-01 11:30:00,1.1729579203299054,9.6,1.080574577308493,46,611,302.5,161.5,2,5.0,2605,2021-05-01 11:30:00,2021-05-01 11:30:00,28.9700000000041,-96.38000096058543,,2021-05-01,2115,0 days 00:45:00,24,3,False,False,,,,Free
2021-05-01 11:30:00,23.338174781565133,9.599999,427.7831334936865,46,646,380.2019950124688,481.52369077306736,401,5.0,2627,2021-05-01 11:30:00,2021-05-01 11:30:00,28.19298004987929,-93.17976414430508,,2021-05-01,2399,0 days 00:00:00,28,3,False,False,,,,Free
2021-05-01 11:45:00,2.608967224582918,9.6,5.345977516244759,47,505,194.5555555555556,444.1111111111111,9,5.0,2678,2021-05-01 11:45:00,2021-05-01 11:45:00,30.04944444444871,-93.5538899302336,,2021-05-01,2183,0 days 00:45:00,26,3,False,False,,,,Free
2021-05-01 11:45:00,2.026338127045155,9.6,3.224881148323848,47,526,249.66666666666663,236.3333333333333,3,5.0,2688,2021-05-01 11:45:00,2021-05-01 11:45:00,29.49833333333752,-95.6316676486366,,2021-05-01,2270,0 days 00:30:00,27,3,False,False,,,,Free
2021-05-01 12:00:00,2.0117704524589417,9.6,3.178679432414808,48,676,107.66666666666669,421.6666666666667,3,5.0,2771,2021-05-01 12:00:00,2021-05-01 12:00:00,30.91833333333773,-93.77833436826428,,2021-05-01,2169,0 days 01:00:00,25,3,False,False,,,,Free
2021-05-01 12:00:00,7.470873086940778,14.517072,43.83616964456244,48,701,195.4915428010327,29.41517170120481,41,5.0,2783,2021-05-01 12:00:00,2021-05-01 12:00:00,30.040084571993937,-97.70084920582872,,2021-05-01,2542,0 days 00:00:00,29,3,False,False,,,,Free
2021-05-01 12:00:00,1.651896893040198,9.6,2.143165719694521,48,721,218.3333333333333,53.0,3,5.0,2794,2021-05-01 12:00:00,2021-05-01 12:00:00,29.81166666667089,-97.4650009295804,,2021-05-01,2551,0 days 00:00:00,30,3,False,False,,,,Free
2021-05-01 12:00:00,2.038021897203909,9.6,3.262177388895479,48,785,369.0,484.0,3,5.0,2826,2021-05-01 12:00:00,2021-05-01 12:00:00,28.305000000004,-93.1550010527434,,2021-05-01,2399,0 days 00:30:00,28,3,False,False,,,,Free
2021-05-01 12:15:00,9.964657324158772,17.358904,77.98563593040507,49,573,187.7317667882293,32.56705830030004,73,5.0,2907,2021-05-01 12:15:00,2021-05-01 12:15:00,30.117682332121984,-97.6693303407385,,2021-05-01,2542,0 days 00:15:00,29,3,False,False,,,,Free
2021-05-01 12:15:00,10.444544810401602,12.12,85.67792034701354,49,586,212.2605337096641,57.960323032373374,80,5.0,2916,2021-05-01 12:15:00,2021-05-01 12:15:00,29.872394662907595,-97.41539770067412,,2021-05-01,2551,0 days 00:15:00,30,3,False,False,,,,Free
2021-05-01 12:15:00,2.037446559976796,9.6,3.260335811848146,49,648,363.0,483.0,3,5.0,2953,2021-05-01 12:15:00,2021-05-01 12:15:00,28.365000000004,-93.16500105245764,,2021-05-01,2399,0 days 00:45:00,28,3,False,False,,,,Free
2021-05-01 12:30:00,9.68304308892355,13.356521,73.63997124472971,50,498,177.34755464093683,35.96600763243734,69,5.0,2996,2021-05-01 12:30:00,2021-05-01 12:30:00,30.221524453594924,-97.6353408483884,,2021-05-01,2542,0 days 00:30:00,29,3,False,False,,,,Free
2021-05-01 12:45:00,10.945630058781104,18.872728,94.09605433564548,51,472,196.2283748281113,69.07028181762192,88,5.0,3090,2021-05-01 12:45:00,2021-05-01 12:45:00,30.03271625172315,-97.30429811599646,,2021-05-01,2551,0 days 00:45:00,30,3,False,False,,,,Free
2021-05-01 13:15:00,13.057179519725445,10.622951,133.90248340566578,53,569,470.7103824860383,340.8625683367201,132,5.0,3316,2021-05-01 13:15:00,2021-05-01 13:15:00,27.28789617514345,-94.58637532847308,,2021-05-01,3025,0 days 00:00:00,31,3,False,False,,,,Free
2021-05-01 13:15:00,19.118120172526584,32.993107,287.0650070856804,53,572,494.97018965543,41.13763652348696,261,5.0,3319,2021-05-01 13:15:00,2021-05-01 13:15:00,27.045298103449497,-97.58362456095574,,2021-05-01,3028,0 days 00:00:00,32,3,False,False,,,,Free
2021-05-01 13:30:00,289.8383518695992,59.237133,65978.37034032677,54,576,376.52754189692246,225.7420282215431,61676,5.0,3363,2021-05-01 13:30:00,2021-05-01 13:30:00,28.229724581034755,-95.73758069672787,,2021-05-01,3072,0 days 00:00:00,33,4,False,False,,,,Free
2021-05-01 13:30:00,8.015559777414028,9.6,50.46120253723476,54,673,464.12,349.2,50,5.0,3417,2021-05-01 13:30:00,2021-05-01 13:30:00,27.353800000003844,-94.50300101422285,,2021-05-01,3025,0 days 00:15:00,31,3,False,False,,,,Free
2021-05-01 13:30:00,28.31633744732412,30.54241,629.7440020192819,54,674,484.6775771731656,50.51144775150598,574,5.0,3418,2021-05-01 13:30:00,2021-05-01 13:30:00,27.14822422827216,-97.4898864513542,,2021-05-01,3028,0 days 00:15:00,32,3,False,False,,,,Free
2021-05-01 13:45:00,290.41964121522614,59.067802,66243.28340440005,55,419,374.2822814036592,228.5297899786739,61046,5.0,3454,2021-05-01 13:45:00,2021-05-01 13:45:00,28.2521771859674,-95.7097030799532,,2021-05-01,3072,0 days 00:15:00,33,4,False,False,,,,Free
2021-05-01 13:45:00,33.82113451905396,28.952568,898.3927218454967,55,485,474.1945573814084,59.4613743952238,818,5.0,3489,2021-05-01 13:45:00,2021-05-01 13:45:00,27.253054426189745,-97.40038718747456,,2021-05-01,3028,0 days 00:30:00,32,3,False,False,,,,Free
2021-05-01 13:45:00,2.049626378688268,9.6,3.2994327811964044,55,501,493.0,293.0,3,5.0,3504,2021-05-01 13:45:00,2021-05-01 13:45:00,27.0650000000038,-95.06500099816304,,2021-05-01,3198,0 days 00:00:00,34,3,False,False,,,,Free
2021-05-01 14:00:00,289.869829469564,59.61619,65992.70214639105,56,578,371.29186334527634,232.44534759157224,60815,5.0,3538,2021-05-01 14:00:00,2021-05-01 14:00:00,28.282081366551225,-95.67054750494316,,2021-05-01,3072,0 days 00:30:00,33,4,False,False,,,,Free
2021-05-01 14:00:00,4.418723155780077,9.599999,15.334988932886402,56,675,447.5882352941176,360.2941176470589,17,5.0,3593,2021-05-01 14:00:00,2021-05-01 14:00:00,27.519117647062693,-94.39205984092251,,2021-05-01,3025,0 days 00:45:00,31,3,False,False,,,,Free
2021-05-01 14:00:00,6.479249052918739,9.600001,32.97153977296587,56,690,485.26666666666665,297.53333333333336,30,5.0,3604,2021-05-01 14:00:00,2021-05-01 14:00:00,27.142333333337145,-95.01966766612514,,2021-05-01,3198,0 days 00:15:00,34,3,False,False,,,,Free
2021-05-01 14:15:00,5.442789300647391,15.709092,23.26660014114121,57,513,89.9023769068213,120.30135823536064,22,5.0,3618,2021-05-01 14:15:00,2021-05-01 14:15:00,31.095976230936216,-96.7919873664589,,2021-05-01,3299,0 days 00:00:00,35,4,False,False,,,,Free
2021-05-01 14:15:00,284.7920422270818,62.08442,63700.901885467545,57,549,365.6386650517808,236.2775692147817,58724,5.0,3642,2021-05-01 14:15:00,2021-05-01 14:15:00,28.33861334948619,-95.63222528980616,,2021-05-01,3072,0 days 00:45:00,33,4,False,False,,,,Free
2021-05-01 14:15:00,,,,57,622,416.0,46.66666666666666,3,5.0,3680,2021-05-01 14:15:00,2021-05-01 14:15:00,27.83500000000392,-97.52833426110392,,2021-05-01,3356,0 days 00:00:00,36,3,False,False,,,,Free
2021-05-01 14:15:00,3.1289965254518344,9.599999,7.689534382413584,57,649,479.7142857142857,303.0,7,5.0,3697,2021-05-01 14:15:00,2021-05-01 14:15:00,27.19785714286096,-94.96500100102064,,2021-05-01,3198,0 days 00:30:00,34,3,False,False,,,,Free
2021-05-01 14:30:00,11.248864730490126,56.06809,99.3818941990093,58,492,87.95425379898728,117.9444212733478,94,5.0,3722,2021-05-01 14:30:00,2021-05-01 14:30:00,31.11545746201456,-96.8155567354055,,2021-05-01,3299,0 days 00:15:00,35,4,False,False,,,,Free
2021-05-01 14:30:00,12.945128244789704,18.11613,131.6141538070972,58,508,123.95855304917728,258.2969956555289,125,5.0,3733,2021-05-01 14:30:00,2021-05-01 14:30:00,30.755414469512605,-95.412031031691,,2021-05-01,3403,0 days 00:00:00,38,3,False,False,,,,Free
2021-05-01 14:30:00,7.732007916302042,12.055815,46.95420171715816,58,594,414.25313117283264,49.40210942434474,43,5.0,3781,2021-05-01 14:30:00,2021-05-01 14:30:00,27.8524686882756,-97.50097983430884,,2021-05-01,3356,0 days 00:15:00,36,3,False,False,,,,Free
2021-05-01 14:45:00,13.528242815396668,43.835297,143.73835185145688,59,672,84.57209938113039,114.00155257583586,136,5.0,3824,2021-05-01 14:45:00,2021-05-01 14:45:00,31.149279006193133,-96.8549854212539,,2021-05-01,3299,0 days 00:30:00,35,4,False,False,,,,Free
2021-05-01 14:45:00,15.153385022491268,18.804708,180.3471142483446,59,686,120.27056219821958,258.3042443179842,171,5.0,3832,2021-05-01 14:45:00,2021-05-01 14:45:00,30.792294378022184,-95.4119585450685,,2021-05-01,3403,0 days 00:15:00,38,3,False,False,,,,Free
2021-05-01 14:45:00,,,,59,724,189.2260924613469,482.1868271130498,29,5.0,3856,2021-05-01 14:45:00,2021-05-01 14:45:00,30.102739075390804,-93.17313278109476,,2021-05-01,3508,0 days 00:00:00,39,3,False,False,,,,Free
2021-05-01 15:00:00,15.516565926466134,25.957544,189.0954605878577,60,713,79.11147839872402,109.77165860663771,179,5.0,3970,2021-05-01 15:00:00,2021-05-01 15:00:00,31.20388521601721,-96.89728435973716,,2021-05-01,3299,0 days 00:45:00,35,4,False,False,,,,Free
2021-05-01 15:00:00,2.323730249739905,9.6,4.240931956507398,60,720,113.75,90.0,4,5.0,3975,2021-05-01 15:00:00,2021-05-01 15:00:00,30.8575000000044,-97.09500094015355,,2021-05-01,3618,0 days 00:00:00,41,3,False,False,,,,Free
2021-05-01 15:00:00,5.706311995492013,14.8,25.57413231825832,60,742,163.72363942146876,470.7210884401185,24,5.0,3992,2021-05-01 15:00:00,2021-05-01 15:00:00,30.357763605789625,-93.28779016454764,,2021-05-01,3633,0 days 00:00:00,42,3,False,False,,,,Free
2021-05-01 15:00:00,2.0201008608862274,22.4,3.2050587063741376,60,761,188.149837137598,482.2182410549936,5,5.0,4007,2021-05-01 15:00:00,2021-05-01 15:00:00,30.11350162862829,-93.17281864168427,,2021-05-01,3508,0 days 00:15:00,39,3,False,False,,,,Free
2021-05-01 15:00:00,2.357478184808452,19.2,4.365010036664994,60,858,407.7817372015692,55.79510021704054,7,5.0,4065,2021-05-01 15:00:00,2021-05-01 15:00:00,27.91718262798824,-97.43704992820876,,2021-05-01,3356,0 days 00:45:00,36,3,False,False,,,,Free
2021-05-01 15:00:00,1.6696697637370086,14.400001,2.189530737923686,60,880,442.0,57.24468085646036,2,5.0,4078,2021-05-01 15:00:00,2021-05-01 15:00:00,27.57500000000388,-97.42255412222876,,2021-05-01,3707,0 days 00:00:00,44,4,False,False,,,,Free
2021-05-01 15:15:00,,,,61,591,109.59746834495628,86.3063291013938,13,5.0,4127,2021-05-01 15:15:00,2021-05-01 15:15:00,30.89902531655484,-97.13193764808416,,2021-05-01,3618,0 days 00:15:00,41,3,False,False,,,,Free
2021-05-01 15:15:00,10.899331475047056,12.763636,93.30170987397442,61,595,114.72687351449916,258.66656911234185,88,5.0,4129,2021-05-01 15:15:00,2021-05-01 15:15:00,30.8477312648594,-95.40833529722846,,2021-05-01,3403,0 days 00:45:00,38,3,False,False,,,,Free
2021-05-01 15:15:00,11.169230107022685,22.12174,97.97975699032396,61,609,158.31805481628948,472.4046470302735,92,5.0,4140,2021-05-01 15:15:00,2021-05-01 15:15:00,30.411819451841428,-93.27095457912714,,2021-05-01,3633,0 days 00:15:00,42,3,False,False,,,,Free
2021-05-01 15:15:00,1.6492384110143818,19.2,2.13627305844558,61,633,186.0,482.1619718357155,2,5.0,4154,2021-05-01 15:15:00,2021-05-01 15:15:00,30.13500000000428,-93.17338133386102,,2021-05-01,3508,0 days 00:30:00,39,3,False,False,,,,Free
2021-05-01 15:15:00,70.69490666185439,43.663914,3925.239243938072,61,707,452.7095163289807,77.44365654499641,3587,5.0,4207,2021-05-01 15:15:00,2021-05-01 15:15:00,27.46790483671405,-97.22056437111549,,2021-05-01,3823,0 days 00:00:00,45,4,False,False,,,,Free
2021-05-01 15:15:00,,,,61,723,434.7809523777086,62.10476191124948,12,5.0,4219,2021-05-01 15:15:00,2021-05-01 15:15:00,27.647190476226804,-97.3739533130697,,2021-05-01,3707,0 days 00:15:00,44,4,False,False,,,,Free
2021-05-01 15:15:00,16.62163116445373,20.848484,216.98872275020813,61,725,455.110320228786,47.02364011201108,200,5.0,4220,2021-05-01 15:15:00,2021-05-01 15:15:00,27.443896797716,-97.5247645267525,,2021-05-01,3833,0 days 00:00:00,46,3,False,False,,,,Free
2021-05-01 15:30:00,,,,62,567,106.5,81.5,2,5.0,4252,2021-05-01 15:30:00,2021-05-01 15:30:00,30.930000000004405,-97.18000093772456,,2021-05-01,3618,0 days 00:30:00,41,3,False,False,,,,Free
2021-05-01 15:30:00,80.25466792368802,59.74581,5058.601698458198,62,658,445.2294455567634,83.66850877365059,4625,5.0,4317,2021-05-01 15:30:00,2021-05-01 15:30:00,27.54270554443624,-97.15831585060778,,2021-05-01,3823,0 days 00:15:00,45,4,False,False,,,,Free
2021-05-01 15:30:00,3.337375340836409,9.6,8.74782299346482,62,693,429.125,67.5,8,5.0,4333,2021-05-01 15:30:00,2021-05-01 15:30:00,27.7037500000039,-97.32000093372392,,2021-05-01,3707,0 days 00:30:00,44,4,False,False,,,,Free
2021-05-01 15:30:00,13.464599221890122,13.661538,142.38909948703648,62,699,448.0015985647118,53.2964476099767,130,5.0,4336,2021-05-01 15:30:00,2021-05-01 15:30:00,27.514984014356752,-97.46203645356536,,2021-05-01,3833,0 days 00:15:00,46,3,False,False,,,,Free
2021-05-01 15:45:00,34.187803175255524,84.37308,917.9779961932668,63,559,158.137523985703,468.5605475979668,864,5.0,4376,2021-05-01 15:45:00,2021-05-01 15:45:00,30.413624760147293,-93.30939557235172,,2021-05-01,3633,0 days 00:45:00,42,3,False,False,,,,Free
2021-05-01 15:45:00,76.81033864674632,88.62639,4633.714172186688,63,640,437.77147109848056,88.80516483758704,4235,5.0,4433,2021-05-01 15:45:00,2021-05-01 15:45:00,27.61728528901908,-97.10694929143624,,2021-05-01,3823,0 days 00:30:00,45,4,False,False,,,,Free
2021-05-01 15:45:00,2.04317369070284,9.6,3.2786907598354413,63,651,423.3333333333333,71.33333333333333,3,5.0,4443,2021-05-01 15:45:00,2021-05-01 15:45:00,27.76166666667057,-97.28166760148603,,2021-05-01,3707,0 days 00:45:00,44,4,False,False,,,,Free
2021-05-01 15:45:00,2.8919528479724708,9.599999,6.568592147077629,63,662,442.0,60.5,6,5.0,4453,2021-05-01 15:45:00,2021-05-01 15:45:00,27.57500000000388,-97.39000093172363,,2021-05-01,3833,0 days 00:30:00,46,3,False,False,,,,Free
2021-05-01 16:00:00,12.713190544570816,17.45455,126.94014609496227,64,539,14.803519436865916,240.01071710203303,122,5.0,4483,2021-05-01 16:00:00,2021-05-01 16:00:00,31.84696480563589,-95.59489381200046,,2021-05-01,4064,0 days 00:00:00,47,3,False,False,,,,Free
2021-05-01 16:00:00,78.45115492683092,88.16602,4833.798741802193,64,666,427.90228178248015,94.54768793029947,4442,5.0,4565,2021-05-01 16:00:00,2021-05-01 16:00:00,27.7159771821791,-97.04952406215013,,2021-05-01,3823,0 days 00:45:00,45,4,False,False,,,,Free
2021-05-01 16:00:00,2.6387501190142064,9.6,5.468729132227677,64,680,431.8,148.4,5,5.0,4577,2021-05-01 16:00:00,2021-05-01 16:00:00,27.677000000003893,-96.511000956842,,2021-05-01,4154,0 days 00:00:00,48,3,False,False,,,,Free
2021-05-01 16:15:00,12.761342905544051,15.816394,127.90356176594656,65,511,9.18475291746635,237.44680204616813,122,5.0,4595,2021-05-01 16:15:00,2021-05-01 16:15:00,31.90315247082989,-95.62053296182644,,2021-05-01,4064,0 days 00:15:00,47,3,False,False,,,,Free
2021-05-01 16:15:00,4.474668601871249,9.6,15.72575968078117,65,520,8.2,30.6,15,5.0,4601,2021-05-01 16:15:00,2021-05-01 16:15:00,31.91300000000456,-97.68900092317938,,2021-05-01,4175,0 days 00:00:00,49,3,False,False,,,,Free
2021-05-01 16:15:00,1.6684485850257196,9.6,2.1863291101701896,65,645,425.6666666666667,412.0,3,5.0,4681,2021-05-01 16:15:00,2021-05-01 16:15:00,27.73833333333724,-93.8750010321686,,2021-05-01,4248,0 days 00:00:00,50,3,False,False,,,,Free
2021-05-01 16:30:00,6.930228926191225,11.200001,37.7211603016992,66,460,3.811827936314728,26.107526856911008,36,5.0,4702,2021-05-01 16:30:00,2021-05-01 16:30:00,31.956881720641416,-97.73392565332648,,2021-05-01,4175,0 days 00:15:00,49,3,False,False,,,,Free
2021-05-01 16:30:00,6.833023226862185,9.600001,36.6704023700032,66,463,2.4285714285714284,232.88571428571427,35,5.0,4704,2021-05-01 16:30:00,2021-05-01 16:30:00,31.97071428571885,-95.6661438381276,,2021-05-01,4064,0 days 00:30:00,47,3,False,False,,,,Free
2021-05-01 16:30:00,4.934080445411336,13.866667,19.120635973377954,66,497,131.87719298769773,426.9711779442631,18,5.0,4728,2021-05-01 16:30:00,2021-05-01 16:30:00,30.676228070127387,-93.72528925700414,,2021-05-01,4291,0 days 00:00:00,51,3,False,False,,,,Free
2021-05-01 16:30:00,3.537251905091652,9.6,9.827020447026005,66,576,413.3333333333333,161.66666666666666,9,5.0,4778,2021-05-01 16:30:00,2021-05-01 16:30:00,27.86166666667059,-96.37833429396642,,2021-05-01,4154,0 days 00:30:00,48,3,False,False,,,,Free
2021-05-01 16:30:00,2.0427979879830938,9.6,3.2774850867326584,66,578,419.0,425.75,4,5.0,4780,2021-05-01 16:30:00,2021-05-01 16:30:00,27.805000000003915,-93.7375010360978,,2021-05-01,4248,0 days 00:15:00,50,3,False,False,,,,Free
2021-05-01 16:30:00,24.538326604625382,30.604177,472.91138187238,66,593,462.85898561117256,39.81086953475743,432,5.0,4791,2021-05-01 16:30:00,2021-05-01 16:30:00,27.36641014389212,-97.59689223046388,,2021-05-01,4348,0 days 00:00:00,52,3,False,False,,,,Free
2021-05-01 16:45:00,2.000239673316651,9.6,3.142345654636506,67,523,0.0,21.0,3,5.0,4807,2021-05-01 16:45:00,2021-05-01 16:45:00,31.99500000000457,-97.78500092043606,,2021-05-01,4175,0 days 00:30:00,49,3,False,False,,,,Free
2021-05-01 16:45:00,4.481397675309662,14.720002,15.773092508250793,67,541,35.868312759893406,411.4732510395736,15,5.0,4823,2021-05-01 16:45:00,2021-05-01 16:45:00,31.63631687240558,-93.88026852162233,,2021-05-01,4377,0 days 00:00:00,53,4,False,False,,,,Free
2021-05-01 16:45:00,16.902113856589786,12.890141,224.37368836242587,67,543,53.852005663485,338.9636838161485,214,5.0,4825,2021-05-01 16:45:00,2021-05-01 16:45:00,31.45647994336964,-94.6053641731362,,2021-05-01,4379,0 days 00:00:00,54,3,False,False,,,,Free
2021-05-01 16:45:00,19.26608139175349,26.112001,291.5255764152983,67,555,112.45340864063876,318.8917290191483,275,5.0,4834,2021-05-01 16:45:00,2021-05-01 16:45:00,30.870465913598007,-94.8060837153704,,2021-05-01,4387,0 days 00:00:00,55,3,False,False,,,,Free
2021-05-01 16:45:00,8.622585606481003,19.199997,58.39355433824368,67,561,127.5708066345036,428.8307298448953,55,5.0,4837,2021-05-01 16:45:00,2021-05-01 16:45:00,30.71929193365933,-93.70669373852922,,2021-05-01,4291,0 days 00:15:00,51,3,False,False,,,,Free
2021-05-01 16:45:00,1.6526803499790184,9.6,2.145199110804321,67,598,227.5,289.0,2,5.0,4859,2021-05-01 16:45:00,2021-05-01 16:45:00,29.72000000000421,-95.10500099702,,2021-05-01,4411,0 days 00:00:00,56,3,False,False,,,,Free
2021-05-01 16:45:00,2.87333338682565,9.599999,6.484282385027744,67,630,304.3333333333333,325.1666666666667,6,5.0,4877,2021-05-01 16:45:00,2021-05-01 16:45:00,28.95166666667076,-94.74333434068836,,2021-05-01,4429,0 days 00:00:00,57,3,False,False,,,,Free
2021-05-01 16:45:00,5.002685963953966,9.600001,19.656055262678542,67,659,414.44444444444446,439.94444444444446,18,5.0,4899,2021-05-01 16:45:00,2021-05-01 16:45:00,27.85055555555948,-93.59555659570958,,2021-05-01,4248,0 days 00:30:00,50,3,False,False,,,,Free
2021-05-01 16:45:00,19.265535716386506,30.460152,291.509062826482,67,669,454.3094914637215,42.95201110105712,266,5.0,4906,2021-05-01 16:45:00,2021-05-01 16:45:00,27.451905085366644,-97.56548081569848,,2021-05-01,4348,0 days 00:15:00,52,3,False,False,,,,Free
2021-05-01 17:00:00,9.539162330654529,30.49412,71.46779123130807,68,614,30.610752208393865,410.7559991072825,68,5.0,4937,2021-05-01 17:00:00,2021-05-01 17:00:00,31.688892477920582,-93.88744104074028,,2021-05-01,4377,0 days 00:15:00,53,4,False,False,,,,Free
2021-05-01 17:00:00,9.891742279952814,13.150685,76.84851270729142,68,619,46.30352941538518,336.331428586724,73,5.0,4942,2021-05-01 17:00:00,2021-05-01 17:00:00,31.531964705850644,-94.63168672467822,,2021-05-01,4379,0 days 00:15:00,54,3,False,False,,,,Free
2021-05-01 17:00:00,14.457141298539256,15.23613,164.15523331032242,68,627,102.83224003805012,316.9873664053054,168,5.0,4950,2021-05-01 17:00:00,2021-05-01 17:00:00,30.966677599623907,-94.82512734096464,,2021-05-01,4387,0 days 00:15:00,55,3,False,False,,,,Free
2021-05-01 17:00:00,3.854961952765683,10.472728,11.67159135036297,68,637,120.99335548856952,431.4584717639552,11,5.0,4956,2021-05-01 17:00:00,2021-05-01 17:00:00,30.785066445118684,-93.68041632008952,,2021-05-01,4291,0 days 00:30:00,51,3,False,False,,,,Free
2021-05-01 17:00:00,12.084784017473924,48.717754,114.7011223087407,68,668,220.89996330511772,290.7775650323908,145,5.0,4976,2021-05-01 17:00:00,2021-05-01 17:00:00,29.786000366953047,-95.08722534720404,,2021-05-01,4411,0 days 00:15:00,56,3,False,False,,,,Free
2021-05-01 17:00:00,5.50139445579219,9.600002,23.77034320318437,68,727,302.0,340.0,22,5.0,5013,2021-05-01 17:00:00,2021-05-01 17:00:00,28.975000000004098,-94.5950010115938,,2021-05-01,4429,0 days 00:15:00,57,3,False,False,,,,Free
2021-05-01 17:00:00,28.93568725577213,17.990051,657.5934594758513,68,746,400.7885622376321,171.72176194496564,610,5.0,5028,2021-05-01 17:00:00,2021-05-01 17:00:00,27.987114377627623,-96.2777833440568,,2021-05-01,4154,0 days 01:00:00,48,3,False,False,,,,Free
2021-05-01 17:00:00,18.89220646696897,25.087502,280.3207508488307,68,756,446.06775364199376,45.99340112166995,263,5.0,5035,2021-05-01 17:00:00,2021-05-01 17:00:00,27.534322463583933,-97.53506691636149,,2021-05-01,4348,0 days 00:30:00,52,3,False,False,,,,Free
2021-05-01 17:00:00,6.470131403852318,12.160002,32.8788094559406,68,773,454.13407820857,57.99255121803471,30,5.0,5044,2021-05-01 17:00:00,2021-05-01 17:00:00,27.45365921791816,-97.41507541882676,,2021-05-01,4577,0 days 00:00:00,58,3,False,False,,,,Free
2021-05-01 17:15:00,10.408239044047685,16.948147,85.08331401266041,69,545,24.99256047750784,410.64393470961113,81,5.0,5081,2021-05-01 17:15:00,2021-05-01 17:15:00,31.74507439522945,-93.888561684685,,2021-05-01,4377,0 days 00:30:00,53,4,False,False,,,,Free
2021-05-01 17:15:00,3.273123875776016,9.6,8.414237486162436,69,547,38.125,333.25,8,5.0,5083,2021-05-01 17:15:00,2021-05-01 17:15:00,31.61375000000451,-94.66250100966494,,2021-05-01,4379,0 days 00:30:00,54,3,False,False,,,,Free
2021-05-01 17:15:00,4.495329146497584,9.6,15.871313625869208,69,565,94.4,316.4,15,5.0,5099,2021-05-01 17:15:00,2021-05-01 17:15:00,31.05100000000442,-94.83100100484984,,2021-05-01,4387,0 days 00:30:00,55,3,False,False,,,,Free
2021-05-01 17:15:00,18.167454014070582,28.006615,259.2256788741368,69,590,214.0178875575855,290.605043223163,319,5.0,5114,2021-05-01 17:15:00,2021-05-01 17:15:00,29.85482112442838,-95.08895056524705,,2021-05-01,4411,0 days 00:30:00,56,3,False,False,,,,Free
2021-05-01 17:15:00,18.25449535835838,27.795816,261.7155602543273,69,668,444.21607251471465,61.607431049338686,240,5.0,5168,2021-05-01 17:15:00,2021-05-01 17:15:00,27.55283927485673,-97.37892662154668,,2021-05-01,4577,0 days 00:15:00,58,3,False,False,,,,Free
2021-05-01 17:30:00,2.312156599685539,9.6,4.198792099707671,70,512,19.75,409.75,4,5.0,5202,2021-05-01 17:30:00,2021-05-01 17:30:00,31.79750000000454,-93.89750103152562,,2021-05-01,4377,0 days 00:45:00,53,4,False,False,,,,Free
2021-05-01 17:30:00,8.808990782814696,25.263155,60.945576920370414,70,559,195.21835503428983,312.41956711981805,57,5.0,5232,2021-05-01 17:30:00,2021-05-01 17:30:00,30.04281644966137,-94.87080533251424,,2021-05-01,4740,0 days 00:00:00,59,5,False,False,,,,Free
2021-05-01 17:30:00,1.1721626985745632,9.6,1.0791098953931648,70,600,288.5,338.5,2,5.0,5264,2021-05-01 17:30:00,2021-05-01 17:30:00,29.11000000000412,-94.6100010111652,,2021-05-01,4429,0 days 00:45:00,57,3,False,False,,,,Free
2021-05-01 17:45:00,1.6679887343464024,9.6,2.1851241028531017,71,654,420.0,74.5,2,5.0,5414,2021-05-01 17:45:00,2021-05-01 17:45:00,27.79500000000392,-97.2500009357243,,2021-05-01,4577,0 days 00:45:00,58,3,False,False,,,,Free
2021-05-01 18:00:00,22.1489715055166,27.417175,385.2982267011095,72,466,180.58484411447483,307.27683641561015,362,5.0,5463,2021-05-01 18:00:00,2021-05-01 18:00:00,30.18915155885954,-94.92223263808673,,2021-05-01,4740,0 days 00:30:00,59,5,False,False,,,,Free
2021-05-01 18:15:00,16.1466021866427,29.5,204.7633245854956,73,490,171.9790391010046,306.0432398079008,192,5.0,5554,2021-05-01 18:15:00,2021-05-01 18:15:00,30.275209608994256,-94.93456860381129,,2021-05-01,4740,0 days 00:45:00,59,5,False,False,,,,Free
2021-05-01 18:15:00,9.614134045818403,14.682351,72.59558802832389,73,497,180.75455650399377,320.1202916023039,68,5.0,5559,2021-05-01 18:15:00,2021-05-01 18:15:00,30.187454434964348,-94.79379808988996,,2021-05-01,5048,0 days 00:00:00,60,4,False,False,,,,Free
2021-05-01 18:15:00,2.0192133259129923,9.6,3.2022430283475694,73,498,179.33333333333334,349.6666666666667,3,5.0,5560,2021-05-01 18:15:00,2021-05-01 18:15:00,30.20166666667096,-94.49833434768948,,2021-05-01,5049,0 days 00:00:00,61,4,False,False,,,,Free
2021-05-01 18:30:00,15.007946620969804,26.660242,176.9018742068125,74,481,162.82345088302446,302.17660474921377,166,5.0,5673,2021-05-01 18:30:00,2021-05-01 18:30:00,30.36676549117407,-94.97323495329324,,2021-05-01,4740,0 days 01:00:00,59,5,False,False,,,,Free
2021-05-01 18:30:00,9.888079534258951,12.266666,76.7916118220849,74,484,171.70477521051927,349.8678982327525,83,5.0,5676,2021-05-01 18:30:00,2021-05-01 18:30:00,30.27795224789911,-94.49632203208614,,2021-05-01,5049,0 days 00:15:00,61,4,False,False,,,,Free
2021-05-01 18:30:00,10.160244562039027,10.989472,81.07709973924496,74,486,173.57484008468953,319.46012793712856,79,5.0,5678,2021-05-01 18:30:00,2021-05-01 18:30:00,30.2592515991574,-94.80039972635302,,2021-05-01,5048,0 days 00:15:00,60,4,False,False,,,,Free
2021-05-01 18:30:00,40.444642369791694,16.029358,1284.730044070846,74,504,219.41596793988472,22.317948314059294,1218,5.0,5693,2021-05-01 18:30:00,2021-05-01 18:30:00,29.80084032060537,-97.77182143767207,,2021-05-01,5176,0 days 00:00:00,62,3,False,False,,,,Free
2021-05-01 18:45:00,10.215884881126115,14.58701,81.96753261078554,75,453,153.04551611288986,300.0352208233263,77,5.0,5784,2021-05-01 18:45:00,2021-05-01 18:45:00,30.46454483887544,-94.99464879194016,,2021-05-01,4740,0 days 01:15:00,59,5,False,False,,,,Free
2021-05-01 18:45:00,22.227989071721986,14.136263,388.0522720297402,75,457,166.3912081464808,349.9553229892857,368,5.0,5785,2021-05-01 18:45:00,2021-05-01 18:45:00,30.331087918539502,-94.49544778454576,,2021-05-01,5049,0 days 00:30:00,61,4,False,False,,,,Free
2021-05-01 18:45:00,10.803179433801269,11.162788,91.66278754182304,75,460,165.58904583413292,319.99758869560605,97,5.0,5786,2021-05-01 18:45:00,2021-05-01 18:45:00,30.33910954166298,-94.79502511892184,,2021-05-01,5048,0 days 00:30:00,60,4,False,False,,,,Free
2021-05-01 18:45:00,40.680468863811136,15.45173,1299.7558502031377,75,472,214.62400988726307,17.636988065011018,1256,5.0,5797,2021-05-01 18:45:00,2021-05-01 18:45:00,29.848759901131604,-97.81863103882496,,2021-05-01,5176,0 days 00:15:00,62,3,False,False,,,,Free
2021-05-01 18:45:00,8.332635662521323,13.247999,54.5324070175376,75,526,401.424545433876,166.2200000143051,56,5.0,5836,2021-05-01 18:45:00,2021-05-01 18:45:00,27.98075454566518,-96.33280096179124,,2021-05-01,5304,0 days 00:00:00,63,3,False,False,,,,Free
2021-05-01 19:00:00,14.83664178654194,15.043902,172.8865086011362,76,383,59.77707624089484,37.28339002710286,164,5.0,5867,2021-05-01 19:00:00,2021-05-01 19:00:00,31.39722923759553,-97.62216702481815,,2021-05-01,5333,0 days 00:00:00,64,3,False,False,,,,Free
2021-05-01 19:00:00,6.689927409508742,9.6,35.15059591854378,76,411,158.8181818181818,320.79545454545456,44,5.0,5886,2021-05-01 19:00:00,2021-05-01 19:00:00,30.406818181822505,-94.78704646065135,,2021-05-01,5048,0 days 00:45:00,60,4,False,False,,,,Free
2021-05-01 19:00:00,7.457596721155972,9.6,43.68050700700199,76,417,160.86046511627907,350.3255813953488,43,5.0,5890,2021-05-01 19:00:00,2021-05-01 19:00:00,30.38639534884153,-94.49174520059096,,2021-05-01,5049,0 days 00:45:00,61,4,False,False,,,,Free
2021-05-01 19:00:00,38.22711415657296,16.298508,1147.7119625935095,76,426,211.86915604059604,12.904178329995196,1082,5.0,5898,2021-05-01 19:00:00,2021-05-01 19:00:00,29.87630843959828,-97.86595913482262,,2021-05-01,5176,0 days 00:30:00,62,3,False,False,,,,Free
2021-05-01 19:00:00,1.6563150993694336,9.6,2.1546453844785405,76,448,272.0,56.5,2,5.0,5916,2021-05-01 19:00:00,2021-05-01 19:00:00,29.275000000004145,-97.4300009305806,,2021-05-01,5373,0 days 00:00:00,65,3,False,False,,,,Free
2021-05-01 19:00:00,1.1781928592418602,9.6,1.0902413605581551,76,473,396.5,158.5,2,5.0,5935,2021-05-01 19:00:00,2021-05-01 19:00:00,28.03000000000395,-96.41000095972822,,2021-05-01,5304,0 days 00:15:00,63,3,False,False,,,,Free
2021-05-01 19:15:00,4.629843523126851,9.6,16.835363885197495,77,414,41.9375,20.625,16,5.0,5953,2021-05-01 19:15:00,2021-05-01 19:15:00,31.575625000004504,-97.78875092032888,,2021-05-01,5408,0 days 00:00:00,66,3,False,False,,,,Free
2021-05-01 19:15:00,13.995981587691368,14.991779,153.84968320610943,77,418,56.20844685662533,31.110899206596287,148,5.0,5957,2021-05-01 19:15:00,2021-05-01 19:15:00,31.43291553143823,-97.68389193125938,,2021-05-01,5333,0 days 00:15:00,64,3,False,False,,,,Free
2021-05-01 19:15:00,7.397561074255854,10.32,42.98005828803264,77,468,245.79887216368743,52.26315789237813,40,5.0,5988,2021-05-01 19:15:00,2021-05-01 19:15:00,29.53701127836732,-97.47236935044606,,2021-05-01,5438,0 days 00:00:00,67,3,False,False,,,,Free
2021-05-01 19:15:00,3.883313663368673,13.090909,11.843902485170243,77,483,266.370786514446,55.42247190866758,11,5.0,5997,2021-05-01 19:15:00,2021-05-01 19:15:00,29.33129213485969,-97.440776211186,,2021-05-01,5373,0 days 00:15:00,65,3,False,False,,,,Free
2021-05-01 19:30:00,12.729525472043212,26.18182,127.2665614364828,78,470,38.81076861526677,13.187826723349394,121,5.0,6055,2021-05-01 19:30:00,2021-05-01 19:30:00,31.60689231385184,-97.86312265097013,,2021-05-01,5408,0 days 00:15:00,66,3,False,False,,,,Free
2021-05-01 19:30:00,9.265039223222502,11.7,67.41932589417539,78,476,53.08628730299721,22.77378731133741,64,5.0,6060,2021-05-01 19:30:00,2021-05-01 19:30:00,31.46413712697452,-97.76726304782954,,2021-05-01,5333,0 days 00:30:00,64,3,False,False,,,,Free
2021-05-01 19:30:00,8.74966403340896,15.428572,60.12742929175543,78,552,238.068493143616,51.44417807973892,56,5.0,6107,2021-05-01 19:30:00,2021-05-01 19:30:00,29.61431506856804,-97.48055914833844,,2021-05-01,5438,0 days 00:15:00,67,3,False,False,,,,Free
2021-05-01 19:30:00,3.0965541247015453,9.599999,7.530906094501343,78,563,258.375,55.125,8,5.0,6111,2021-05-01 19:30:00,2021-05-01 19:30:00,29.411250000004166,-97.44375093018766,,2021-05-01,5373,0 days 00:30:00,65,3,False,False,,,,Free
2021-05-01 19:30:00,2.8846058360560054,9.599999,6.535259499137805,78,584,386.8333333333333,155.33333333333334,6,5.0,6129,2021-05-01 19:30:00,2021-05-01 19:30:00,28.12666666667064,-96.44166762548996,,2021-05-01,5304,0 days 00:45:00,63,3,False,False,,,,Free
2021-05-01 19:45:00,12.462023966497208,33.103447,121.9739380415286,79,457,35.64766871434657,7.384785266501198,116,5.0,6159,2021-05-01 19:45:00,2021-05-01 19:45:00,31.638523312861047,-97.92115306388035,,2021-05-01,5408,0 days 00:30:00,66,3,False,False,,,,Free
2021-05-01 19:45:00,3.696370078351371,9.6,10.73101429548616,79,545,232.2,50.8,10,5.0,6217,2021-05-01 19:45:00,2021-05-01 19:45:00,29.67300000000421,-97.48700092895172,,2021-05-01,5438,0 days 00:30:00,67,3,False,False,,,,Free
2021-05-01 20:15:00,5.422867737410764,11.345455,23.09659216841822,81,402,20.89112904776396,41.54569894195995,24,5.0,6367,2021-05-01 20:15:00,2021-05-01 20:15:00,31.786088709526897,-97.5795439368876,,2021-05-01,5788,0 days 00:00:00,68,4,False,False,,,,Free
2021-05-01 20:15:00,4.004844881682696,11.2,12.596830339318588,81,403,21.202586204238795,50.252155170199,16,5.0,6368,2021-05-01 20:15:00,2021-05-01 20:15:00,31.78297413796215,-97.49247937709322,,2021-05-01,5789,0 days 00:00:00,69,3,False,False,,,,Free
2021-05-01 20:15:00,3.061212816998162,9.599999,7.359984968816705,81,410,35.0,53.57142857142857,7,5.0,6374,2021-05-01 20:15:00,2021-05-01 20:15:00,31.645000000004515,-97.45928664402942,,2021-05-01,5793,0 days 00:00:00,70,3,False,False,,,,Free
2021-05-01 20:30:00,5.168893538600332,9.600001,20.98384433931604,82,372,15.476190476190476,37.57142857142857,21,5.0,6467,2021-05-01 20:30:00,2021-05-01 20:30:00,31.84023809524264,-97.61928663945724,,2021-05-01,5788,0 days 00:15:00,68,4,False,False,,,,Free
2021-05-01 20:30:00,5.893902270954567,12.553847,27.283227357495424,82,375,16.640529533941724,46.16395112293201,26,5.0,6470,2021-05-01 20:30:00,2021-05-01 20:30:00,31.828594704665125,-97.5333614163976,,2021-05-01,5789,0 days 00:15:00,69,3,False,False,,,,Free
2021-05-01 20:30:00,6.745228025383475,10.44706,35.73412505333581,82,381,31.534557225578304,52.35421165872943,34,5.0,6474,2021-05-01 20:30:00,2021-05-01 20:30:00,31.679654427748737,-97.47145881280858,,2021-05-01,5793,0 days 00:15:00,70,3,False,False,,,,Free
2021-05-01 20:30:00,1.642675228832536,9.6,2.1193041942325905,82,409,108.5,183.0,2,5.0,6496,2021-05-01 20:30:00,2021-05-01 20:30:00,30.9100000000044,-96.16500096672934,,2021-05-01,5900,0 days 00:00:00,71,3,False,False,,,,Free
2021-05-01 20:45:00,5.036378619766478,10.610527,19.92171049550374,83,419,9.46942444901728,32.63848919475075,20,5.0,6555,2021-05-01 20:45:00,2021-05-01 20:45:00,31.90030575551438,-97.6686160318144,,2021-05-01,5788,0 days 00:30:00,68,4,False,False,,,,Free
2021-05-01 20:45:00,3.2685547354262843,12.0,8.39076205467666,83,422,11.841584163090255,43.15181518359567,9,5.0,6558,2021-05-01 20:45:00,2021-05-01 20:45:00,31.87658415837365,-97.5634827749302,,2021-05-01,5789,0 days 00:30:00,69,3,False,False,,,,Free
2021-05-01 20:45:00,3.2710539329331456,9.6,8.403598424507766,83,429,26.7,50.5,10,5.0,6564,2021-05-01 20:45:00,2021-05-01 20:45:00,31.728000000004528,-97.49000092886604,,2021-05-01,5793,0 days 00:30:00,70,3,False,False,,,,Free
2021-05-01 20:45:00,2.596740806536128,9.6,5.295989151619129,83,462,104.4,183.2,5,5.0,6592,2021-05-01 20:45:00,2021-05-01 20:45:00,30.95100000000441,-96.16300096678653,,2021-05-01,5900,0 days 00:15:00,71,3,False,False,,,,Free
2021-05-01 21:00:00,5.775352223234333,13.056001,26.196714860404075,84,374,3.2929493640640577,26.70804370726045,25,5.0,6658,2021-05-01 21:00:00,2021-05-01 21:00:00,31.96207050636393,-97.72792048499456,,2021-05-01,5788,0 days 00:45:00,68,4,False,False,,,,Free
2021-05-01 21:15:00,2.005503806990105,9.6,3.158907164392542,85,454,48.66666666666666,233.3333333333333,3,5.0,6759,2021-05-01 21:15:00,2021-05-01 21:15:00,31.508333333337827,-95.66166764777932,,2021-05-01,6138,0 days 00:00:00,72,3,False,False,,,,Free
2021-05-01 21:15:00,8.369653935947746,10.33846,55.01801078766872,85,476,93.94542877947576,185.2175761825028,53,5.0,6774,2021-05-01 21:15:00,2021-05-01 21:15:00,31.055545712209664,-96.14282520553805,,2021-05-01,5900,0 days 00:45:00,71,3,False,False,,,,Free
2021-05-01 21:15:00,2.013831355359355,9.6,3.18519538966413,85,499,127.33333333333331,57.66666666666666,3,5.0,6787,2021-05-01 21:15:00,2021-05-01 21:15:00,30.72166666667104,-97.41833426424728,,2021-05-01,6164,0 days 00:00:00,73,3,False,False,,,,Free
2021-05-01 21:15:00,2.325994657712394,14.400001,4.249201314927698,85,504,132.5,37.75531914353965,4,5.0,6789,2021-05-01 21:15:00,2021-05-01 21:15:00,30.670000000004364,-97.61744773378872,,2021-05-01,6166,0 days 00:00:00,74,3,False,False,,,,Free
2021-05-01 21:15:00,4.536242329394692,13.44,16.1615263648384,85,541,272.8088467675226,341.40916271543455,15,5.0,6817,2021-05-01 21:15:00,2021-05-01 21:15:00,29.26691153232892,-94.58090938484212,,2021-05-01,6193,0 days 00:00:00,75,3,False,False,,,,Free
2021-05-01 21:30:00,2.0049311135029044,9.6,3.157103301192325,86,576,43.333333333333336,228.66666666666663,3,5.0,6875,2021-05-01 21:30:00,2021-05-01 21:30:00,31.56166666667117,-95.7083343131124,,2021-05-01,6138,0 days 00:15:00,72,3,False,False,,,,Free
2021-05-01 21:30:00,10.399124653445837,33.0,84.93436604688456,86,618,127.57658376905094,35.86438562363991,81,5.0,6905,2021-05-01 21:30:00,2021-05-01 21:30:00,30.71923416231386,-97.6363570684473,,2021-05-01,6166,0 days 00:15:00,74,3,False,False,,,,Free
2021-05-01 21:30:00,7.800747530503579,12.159999,47.79278360170239,86,624,130.5716945930133,1.599627569781384,45,5.0,6908,2021-05-01 21:30:00,2021-05-01 21:30:00,30.689283054074235,-97.9790046391944,,2021-05-01,6275,0 days 00:00:00,76,3,False,False,,,,Free
2021-05-01 21:30:00,2.3253319541762063,9.6,4.246780363892671,86,626,126.8,58.0,5,5.0,6909,2021-05-01 21:30:00,2021-05-01 21:30:00,30.72700000000437,-97.41500093100922,,2021-05-01,6164,0 days 00:15:00,73,3,False,False,,,,Free
2021-05-01 21:30:00,6.518455884821536,21.987095,33.37177776017206,86,677,266.03367112388577,339.32396208853294,37,5.0,6945,2021-05-01 21:30:00,2021-05-01 21:30:00,29.33466328876529,-94.60176139051532,,2021-05-01,6193,0 days 00:15:00,75,3,False,False,,,,Free
2021-05-01 21:45:00,14.0126493284755,14.628571,154.21633895581454,87,529,14.925959903727517,83.41842486168177,169,5.0,6994,2021-05-01 21:45:00,2021-05-01 21:45:00,31.84574040096728,-97.16081668965596,,2021-05-01,6355,0 days 00:00:00,77,3,False,False,,,,Free
2021-05-01 21:45:00,1.157216279196304,9.6,1.0517655710383114,87,546,38.0,226.0,3,5.0,7008,2021-05-01 21:45:00,2021-05-01 21:45:00,31.61500000000451,-95.73500097901706,,2021-05-01,6138,0 days 00:30:00,72,3,False,False,,,,Free
2021-05-01 21:45:00,14.469826230940514,37.90452,164.44342466378933,87,564,121.87459311955008,35.07438922173366,155,5.0,7022,2021-05-01 21:45:00,2021-05-01 21:45:00,30.77625406880888,-97.64425703224066,,2021-05-01,6166,0 days 00:30:00,74,3,False,False,,,,Free
2021-05-01 21:45:00,1.6441300340441465,9.6,2.1230597023345448,87,573,125.5,0.0,2,5.0,7027,2021-05-01 21:45:00,2021-05-01 21:45:00,30.74000000000437,-97.99500091443508,,2021-05-01,6275,0 days 00:15:00,76,3,False,False,,,,Free
2021-05-01 21:45:00,2.3253319541762063,9.6,4.246780363892671,87,574,127.0,58.5,4,5.0,7028,2021-05-01 21:45:00,2021-05-01 21:45:00,30.72500000000437,-97.41000093115213,,2021-05-01,6164,0 days 00:30:00,73,3,False,False,,,,Free
2021-05-01 21:45:00,2.6100451538843847,13.440001,5.350395951401547,87,619,204.2274881463036,342.0,5,5.0,7058,2021-05-01 21:45:00,2021-05-01 21:45:00,29.952725118541213,-94.57500101216532,,2021-05-01,6411,0 days 00:00:00,78,3,False,False,,,,Free
2021-05-01 21:45:00,11.628158721418515,56.727272,106.19688636722826,87,623,229.1574840198016,312.7218276742956,100,5.0,7062,2021-05-01 21:45:00,2021-05-01 21:45:00,29.7034251598062,-94.86778272705584,,2021-05-01,6415,0 days 00:00:00,79,3,False,False,,,,Free
2021-05-01 22:00:00,,,,88,537,7.802215712508945,78.09970675215823,75,5.0,7120,2021-05-01 22:00:00,2021-05-01 22:00:00,31.91697784287947,-97.21400386923136,,2021-05-01,6355,0 days 00:15:00,77,3,False,False,,,,Free
2021-05-01 22:00:00,2.021257402270651,19.2,3.2087296558823826,88,608,199.2033898270839,344.2033898270839,4,5.0,7179,2021-05-01 22:00:00,2021-05-01 22:00:00,30.00296610173342,-94.55296711452412,,2021-05-01,6411,0 days 00:15:00,78,3,False,False,,,,Free
2021-05-01 22:00:00,7.298406208996046,26.09231,41.83559441879545,88,618,228.64867494633555,329.3065888516682,39,5.0,7188,2021-05-01 22:00:00,2021-05-01 22:00:00,29.708513250540857,-94.70193512002136,,2021-05-01,6532,0 days 00:00:00,80,3,False,False,,,,Free
2021-05-01 22:00:00,2.8622410325301386,19.199999,6.434314549979863,88,621,225.5,308.0,6,5.0,7190,2021-05-01 22:00:00,2021-05-01 22:00:00,29.740000000004216,-94.91500100244946,,2021-05-01,6415,0 days 00:15:00,79,3,False,False,,,,Free
2021-05-01 22:00:00,2.8672045612911017,9.599999,6.456649913428867,88,657,260.7142857142857,343.57142857142856,7,5.0,7214,2021-05-01 22:00:00,2021-05-01 22:00:00,29.387857142861304,-94.5592867269001,,2021-05-01,6193,0 days 00:45:00,75,3,False,False,,,,Free
2021-05-01 22:15:00,3.8308314267309616,10.472727,11.525929649853964,89,512,2.993355488569533,72.4717607868161,11,5.0,7257,2021-05-01 22:15:00,2021-05-01 22:15:00,31.965066445118868,-97.2702833272765,,2021-05-01,6355,0 days 00:30:00,77,3,False,False,,,,Free
2021-05-01 22:15:00,24.63504982031719,64.07839,476.64689818893726,89,553,122.38679660847056,1.9521997490008307,451,5.0,7296,2021-05-01 22:15:00,2021-05-01 22:15:00,30.77113203391968,-97.97547891750293,,2021-05-01,6275,0 days 00:45:00,76,3,False,False,,,,Free
2021-05-01 22:30:00,10.500838312795477,19.081482,86.60397466244994,90,568,196.2062072522472,346.07382080112734,81,5.0,7447,2021-05-01 22:30:00,2021-05-01 22:30:00,30.0329379274818,-94.53426280531818,,2021-05-01,6411,0 days 00:45:00,78,3,False,False,,,,Free
2021-05-01 22:30:00,29.425115951640706,54.48076,680.0271420627269,90,587,228.53477055689712,329.43858873965803,814,5.0,7465,2021-05-01 22:30:00,2021-05-01 22:30:00,29.70965229443524,-94.70061512117915,,2021-05-01,6532,0 days 00:30:00,80,3,False,False,,,,Free
2021-05-01 22:30:00,,,,90,597,224.5,307.5,2,5.0,7470,2021-05-01 22:30:00,2021-05-01 22:30:00,29.75000000000422,-94.92000100230656,,2021-05-01,6415,0 days 00:45:00,79,3,False,False,,,,Free
2021-05-01 22:45:00,2.3375048352805217,19.2,4.291359687619765,91,597,229.92424242862108,330.8666666570336,6,5.0,7611,2021-05-01 22:45:00,2021-05-01 22:45:00,29.695757575718,-94.68633434241356,,2021-05-01,6532,0 days 00:45:00,80,3,False,False,,,,Free
2021-05-01 22:45:00,4.087316184887332,9.599999,13.120982351138696,91,646,428.5,243.5,12,5.0,7642,2021-05-01 22:45:00,2021-05-01 22:45:00,27.7100000000039,-95.56000098401783,,2021-05-01,6944,0 days 00:00:00,81,3,False,False,,,,Free
2021-05-01 23:15:00,2.009413155976321,9.6,3.1712345474241306,93,432,85.33333333333333,151.33333333333334,3,5.0,7790,2021-05-01 23:15:00,2021-05-01 23:15:00,31.141666666671103,-96.48166762434693,,2021-05-01,7085,0 days 00:00:00,82,3,False,False,,,,Free
2021-05-01 23:15:00,5.657769818743158,9.600002,25.14087742109772,93,506,425.1739130434783,243.5652173913044,23,5.0,7845,2021-05-01 23:15:00,2021-05-01 23:15:00,27.743260869569124,-95.55934881012348,,2021-05-01,6944,0 days 00:30:00,81,3,False,False,,,,Free
2021-05-01 23:30:00,2.583338837356182,9.6,5.241464244641352,94,429,7.4,198.8,5,5.0,7870,2021-05-01 23:30:00,2021-05-01 23:30:00,31.92100000000456,-96.00700097124434,,2021-05-01,7161,0 days 00:00:00,83,3,False,False,,,,Free
2021-05-01 23:30:00,2.3184510581208126,9.6,4.221684231477099,94,461,70.5,157.5,4,5.0,7898,2021-05-01 23:30:00,2021-05-01 23:30:00,31.29000000000446,-96.4200009594424,,2021-05-01,7183,0 days 00:00:00,84,3,False,False,,,,Free
2021-05-01 23:30:00,2.043298798953589,9.6,3.2790922957656057,94,551,424.6666666666667,246.3333333333333,3,5.0,7966,2021-05-01 23:30:00,2021-05-01 23:30:00,27.74833333333724,-95.53166765149422,,2021-05-01,6944,0 days 00:45:00,81,3,False,False,,,,Free
2021-05-01 23:45:00,27.02126963675917,35.925415,573.4576936457909,95,420,6.25826912656716,199.4103896607966,558,5.0,7976,2021-05-01 23:45:00,2021-05-01 23:45:00,31.932417308738888,-96.00089707481084,,2021-05-01,7161,0 days 00:15:00,83,3,False,False,,,,Free
2021-05-01 23:45:00,2.3200460817662814,9.6,4.227495009698802,95,466,83.2,158.6,5,5.0,8018,2021-05-01 23:45:00,2021-05-01 23:45:00,31.16300000000444,-96.40900095975678,,2021-05-01,7085,0 days 00:30:00,82,3,False,False,,,,Free
2021-05-02 00:00:00,21.36240816204033,40.308773,358.4184016029208,96,330,4.161761359811889,201.9138998905865,370,5.0,8096,2021-05-02 00:00:00,2021-05-02 00:00:00,31.95338238640645,-95.97586197322836,,2021-05-02,7161,0 days 00:30:00,83,3,False,False,,,,Free
2021-05-02 00:00:00,4.1648080451743725,9.599999,13.623222845122294,96,341,4.307692307692308,223.69230769230768,13,5.0,8105,2021-05-02 00:00:00,2021-05-02 00:00:00,31.95192307692764,-95.75807790143456,,2021-05-02,7381,0 days 00:00:00,85,3,False,False,,,,Free
2021-05-02 00:00:00,1.1591332832567016,9.6,1.055253093504044,96,370,68.5,161.5,2,5.0,8129,2021-05-02 00:00:00,2021-05-02 00:00:00,31.310000000004464,-96.38000096058543,,2021-05-02,7183,0 days 00:30:00,84,3,False,False,,,,Free
2021-05-02 00:00:00,8.909447113088259,10.738981,62.3435300836714,96,372,80.76216814885737,159.7699115037246,64,5.0,8131,2021-05-02 00:00:00,2021-05-02 00:00:00,31.18737831851587,-96.39730184505385,,2021-05-02,7085,0 days 00:45:00,82,3,False,False,,,,Free
2021-05-02 00:15:00,5.658289945844383,12.400001,25.14550010925328,97,368,2.014955143080613,223.8893319982528,29,5.0,8186,2021-05-02 00:15:00,2021-05-02 00:15:00,31.97485044857376,-95.7561076584314,,2021-05-02,7381,0 days 00:15:00,85,3,False,False,,,,Free
2021-05-02 00:15:00,3.664488816273731,9.6,10.546702181943624,97,407,63.8,161.8,10,5.0,8219,2021-05-02 00:15:00,2021-05-02 00:15:00,31.35700000000447,-96.37700096067118,,2021-05-02,7183,0 days 00:45:00,84,3,False,False,,,,Free
2021-05-02 00:30:00,5.889113876345378,21.046154,27.23891383359253,98,433,0.921380654846808,224.11792904973228,26,5.0,8282,2021-05-02 00:30:00,2021-05-02 00:30:00,31.9857861934561,-95.75382168798194,,2021-05-02,7381,0 days 00:30:00,85,3,False,False,,,,Free
2021-05-02 00:30:00,2.0057897666705307,9.6,3.159808069672432,98,462,51.333333333333336,180.66666666666663,3,5.0,8307,2021-05-02 00:30:00,2021-05-02 00:30:00,31.48166666667116,-96.18833429939588,,2021-05-02,7555,0 days 00:00:00,87,4,False,False,,,,Free
2021-05-02 00:45:00,2.0051817939223784,9.6,3.1578928280256133,99,501,45.66666666666666,182.3333333333333,3,5.0,8419,2021-05-02 00:45:00,2021-05-02 00:45:00,31.53833333333783,-96.17166763320552,,2021-05-02,7555,0 days 00:15:00,87,4,False,False,,,,Free
2021-05-02 01:15:00,2.314743240758625,9.6,4.208191846375799,101,484,40.5,185.0,4,5.0,8644,2021-05-02 01:15:00,2021-05-02 01:15:00,31.59000000000451,-96.14500096730086,,2021-05-02,7555,0 days 00:45:00,87,4,False,False,,,,Free
2021-05-02 01:15:00,2.0264381487283685,22.4,3.2251995216468163,101,571,250.544061304082,41.27203065204098,3,5.0,8716,2021-05-02 01:15:00,2021-05-02 01:15:00,29.48955938696336,-97.58228061970864,,2021-05-02,7931,0 days 00:00:00,88,3,False,False,,,,Free
2021-05-02 01:30:00,2.588003275606347,9.6,5.260409152578068,102,589,40.8,185.0,5,5.0,8766,2021-05-02 01:30:00,2021-05-02 01:30:00,31.587000000004505,-96.14500096730086,,2021-05-02,7555,0 days 01:00:00,87,4,False,False,,,,Free
2021-05-02 01:30:00,2.3398233530285486,9.6,4.299876913198238,102,693,249.75,41.0,4,5.0,8853,2021-05-02 01:30:00,2021-05-02 01:30:00,29.49750000000418,-97.58500092615128,,2021-05-02,7931,0 days 00:15:00,88,3,False,False,,,,Free
2021-05-02 01:45:00,2.026004462869985,19.2,3.22381919454354,103,581,246.3333333333333,40.66666666666666,3,5.0,8986,2021-05-02 01:45:00,2021-05-02 01:45:00,29.53166666667085,-97.58833425938934,,2021-05-02,7931,0 days 00:30:00,88,3,False,False,,,,Free
2021-05-02 02:00:00,2.8373471456556163,25.6,6.322878407483492,104,464,56.424698799074186,286.2801204875516,8,5.0,9057,2021-05-02 02:00:00,2021-05-02 02:00:00,31.43075301201374,-95.13219979136728,,2021-05-02,8247,0 days 00:00:00,89,3,False,False,,,,Free
2021-05-02 02:00:00,2.325362101293217,9.6,4.2468904806562096,104,488,127.25,443.75,4,5.0,9077,2021-05-02 02:00:00,2021-05-02 02:00:00,30.72250000000437,-93.5575010412415,,2021-05-02,8264,0 days 00:00:00,90,3,False,False,,,,Free
2021-05-02 02:15:00,6.223430837974592,18.537931,30.419328048053444,105,452,13.646459492794923,13.349974528200873,29,5.0,9146,2021-05-02 02:15:00,2021-05-02 02:15:00,31.8585354050766,-97.86150117296796,,2021-05-02,8327,0 days 00:00:00,91,3,False,False,,,,Free
2021-05-02 02:15:00,3.662439047051853,9.6,10.534906670810418,105,476,53.3,287.5,10,5.0,9167,2021-05-02 02:15:00,2021-05-02 02:15:00,31.462000000004487,-95.12000099659132,,2021-05-02,8247,0 days 00:15:00,89,3,False,False,,,,Free
2021-05-02 02:15:00,33.83278881460446,88.5371,899.011975952818,105,486,100.62581963570518,221.7748400229708,854,5.0,9177,2021-05-02 02:15:00,2021-05-02 02:15:00,30.98874180364736,-95.77725257758,,2021-05-02,8355,0 days 00:00:00,92,3,False,False,,,,Free
2021-05-02 02:15:00,7.710260446342112,17.236362,46.69044124198405,105,503,121.93075506413328,445.577532224706,45,5.0,9188,2021-05-02 02:15:00,2021-05-02 02:15:00,30.77569244936305,-93.53922571951672,,2021-05-02,8264,0 days 00:15:00,90,3,False,False,,,,Free
2021-05-02 02:30:00,10.652318298377528,34.559998,89.12061017830796,106,421,9.588235284785016,11.656769919754074,85,5.0,9259,2021-05-02 02:30:00,2021-05-02 02:30:00,31.899117647156704,-97.8784332185686,,2021-05-02,8327,0 days 00:15:00,91,3,False,False,,,,Free
2021-05-02 02:30:00,,,,106,432,32.19561502918916,250.22807517310056,136,5.0,9269,2021-05-02 02:30:00,2021-05-02 02:30:00,31.673043849712627,-95.49272023420951,,2021-05-02,8438,0 days 00:00:00,93,4,False,False,,,,Free
2021-05-02 02:30:00,42.5122276522819,95.10515,1419.441853995639,106,451,92.72521270780132,221.66830385645187,1367,5.0,9285,2021-05-02 02:30:00,2021-05-02 02:30:00,31.06774787292641,-95.77831793921472,,2021-05-02,8355,0 days 00:15:00,92,3,False,False,,,,Free
2021-05-02 02:30:00,2.5982599205550687,34.56,5.302187355614256,106,470,115.61299052765288,447.903924221223,5,5.0,9303,2021-05-02 02:30:00,2021-05-02 02:30:00,30.83887009472786,-93.5159618002163,,2021-05-02,8264,0 days 00:30:00,90,3,False,False,,,,Free
2021-05-02 02:30:00,8.80489884456314,19.03158,60.888969388014885,106,493,187.848462090656,285.26056516201606,57,5.0,9319,2021-05-02 02:30:00,2021-05-02 02:30:00,30.11651537909772,-95.14239534433123,,2021-05-02,8481,0 days 00:00:00,94,3,False,False,,,,Free
2021-05-02 02:45:00,8.16896797101684,42.048004,52.41121985838056,107,350,6.591664875833052,8.229756020447217,50,5.0,9371,2021-05-02 02:45:00,2021-05-02 02:45:00,31.92908335124623,-97.91270335658236,,2021-05-02,8327,0 days 00:30:00,91,3,False,False,,,,Free
2021-05-02 02:45:00,4.327126651647033,9.599999,14.7058148930559,107,357,26.071428571428573,252.57142857142856,14,5.0,9377,2021-05-02 02:45:00,2021-05-02 02:45:00,31.734285714290245,-95.46928670089584,,2021-05-02,8438,0 days 00:15:00,93,4,False,False,,,,Free
2021-05-02 02:45:00,3.063371814609945,9.599999,7.370370260137167,107,366,47.77777777777778,286.8888888888889,9,5.0,9386,2021-05-02 02:45:00,2021-05-02 02:45:00,31.51722222222672,-95.12611210752785,,2021-05-02,8247,0 days 00:45:00,89,3,False,False,,,,Free
2021-05-02 02:45:00,48.40062059187533,88.74483,1839.889503405219,107,368,82.61309989689683,221.915848003,1747,5.0,9388,2021-05-02 02:45:00,2021-05-02 02:45:00,31.16886900103547,-95.77584249781997,,2021-05-02,8355,0 days 00:30:00,92,3,False,False,,,,Free
2021-05-02 02:45:00,10.363339857459504,15.311394,84.35083048221537,107,403,181.9535968633693,289.534249936131,79,5.0,9421,2021-05-02 02:45:00,2021-05-02 02:45:00,30.17546403137059,-95.09965849781132,,2021-05-02,8481,0 days 00:15:00,94,3,False,False,,,,Free
2021-05-02 03:00:00,2.0189739170553835,9.6,3.2014837228432382,108,494,177.0,293.0,3,5.0,9514,2021-05-02 03:00:00,2021-05-02 03:00:00,30.225000000004293,-95.06500099816304,,2021-05-02,8481,0 days 00:30:00,94,3,False,False,,,,Free
2021-05-02 03:00:00,2.026271429470812,19.2,3.224668855807255,108,539,249.0,267.549295780954,3,5.0,9550,2021-05-02 03:00:00,2021-05-02 03:00:00,29.50500000000418,-95.3195080330807,,2021-05-02,8688,0 days 00:00:00,95,3,False,False,,,,Free
2021-05-02 03:15:00,5.421400244700536,10.909092,23.084093432985984,109,292,16.0353846157232,252.5630769316544,22,5.0,9586,2021-05-02 03:15:00,2021-05-02 03:15:00,31.83464615384732,-95.4693702172912,,2021-05-02,8438,0 days 00:45:00,93,4,False,False,,,,Free
2021-05-02 03:15:00,3.5089112918961884,37.333336,9.670182256990454,109,359,244.3852788908273,271.09373203257644,13,5.0,9641,2021-05-02 03:15:00,2021-05-02 03:15:00,29.55114721109592,-95.28406367157731,,2021-05-02,8688,0 days 00:15:00,95,3,False,False,,,,Free
2021-05-02 03:30:00,4.622089439711003,10.8,16.77901921678978,110,289,10.59051725112442,253.6939655234428,16,5.0,9658,2021-05-02 03:30:00,2021-05-02 03:30:00,31.88909482749331,-95.45806133169653,,2021-05-02,8438,0 days 01:00:00,93,4,False,False,,,,Free
2021-05-02 03:30:00,1.16934757299322,9.6,1.0739328291516046,110,354,239.5,276.5,2,5.0,9718,2021-05-02 03:30:00,2021-05-02 03:30:00,29.6000000000042,-95.23000099344802,,2021-05-02,8688,0 days 00:30:00,95,3,False,False,,,,Free
2021-05-02 08:00:00,23.42440494110497,85.802986,430.9501296230906,128,278,223.50283492688968,322.8636579265292,403,5.0,10839,2021-05-02 08:00:00,2021-05-02 08:00:00,29.759971650735324,-94.7663644274316,,2021-05-02,9838,0 days 00:00:00,97,4,False,False,,,,Free
2021-05-02 08:15:00,23.678674559975622,73.74014,440.35675080596064,129,203,217.04436439722525,328.15377162592057,413,5.0,10864,2021-05-02 08:15:00,2021-05-02 08:15:00,29.824556356031977,-94.71346329194944,,2021-05-02,9838,0 days 00:15:00,97,4,False,False,,,,Free
2021-05-02 08:30:00,22.15442037224969,50.933334,385.4878243924192,130,252,211.68141025895488,334.7036889648612,360,5.0,10910,2021-05-02 08:30:00,2021-05-02 08:30:00,29.87818589741469,-94.64796412043172,,2021-05-02,9838,0 days 00:30:00,97,4,False,False,,,,Free
2021-05-02 08:45:00,11.735574932780326,29.845547,108.16795596114542,131,150,208.33513309107488,341.0724470839458,220,5.0,10936,2021-05-02 08:45:00,2021-05-02 08:45:00,29.91164866909349,-94.58427654106085,,2021-05-02,9838,0 days 00:45:00,97,4,False,False,,,,Free
2021-05-02 09:00:00,5.299047162087597,12.800001,22.053902537145373,132,152,24.02808302858065,291.1196581141843,21,5.0,10948,2021-05-02 09:00:00,2021-05-02 09:00:00,31.75471916971873,-95.08380441648389,,2021-05-02,9937,0 days 00:00:00,98,3,False,False,,,,Free
2021-05-02 09:15:00,9.741123324097456,20.281689,74.5260261571696,133,130,19.75963133360905,295.7483871008004,71,5.0,10976,2021-05-02 09:15:00,2021-05-02 09:15:00,31.79740368666845,-95.03751712794042,,2021-05-02,9937,0 days 00:15:00,98,3,False,False,,,,Free
2021-05-02 09:30:00,114.52942087470416,172.90604,10302.058477631945,134,77,45.06050774934679,407.9697126058271,9792,5.0,11002,2021-05-02 09:30:00,2021-05-02 09:30:00,31.54439492251103,-93.91530390495863,,2021-05-02,9986,0 days 00:00:00,99,3,False,False,,,,Free
2021-05-02 09:30:00,6.435228410289415,10.219357,32.525038091877576,134,78,15.421874994626986,302.88221154535,32,5.0,11003,2021-05-02 09:30:00,2021-05-02 09:30:00,31.840781250058274,-94.96617888553352,,2021-05-02,9937,0 days 00:30:00,98,3,False,False,,,,Free
2021-05-02 09:30:00,2.011770452455529,9.6,3.1786794324040235,134,86,107.66666666666669,428.3333333333333,3,5.0,11009,2021-05-02 09:30:00,2021-05-02 09:30:00,30.91833333333773,-93.71166770350273,,2021-05-02,9992,0 days 00:00:00,100,3,False,False,,,,Free
2021-05-02 09:45:00,107.60942646298408,178.17249,9094.744748994586,135,94,42.02709555261822,417.28069892012326,8664,5.0,11017,2021-05-02 09:45:00,2021-05-02 09:45:00,31.57472904447832,-93.82219404447636,,2021-05-02,9986,0 days 00:15:00,99,3,False,False,,,,Free
2021-05-02 09:45:00,2.0114197621584844,9.6,3.177571319027193,135,114,104.75,430.0,4,5.0,11030,2021-05-02 09:45:00,2021-05-02 09:45:00,30.947500000004407,-93.6950010373123,,2021-05-02,9992,0 days 00:15:00,100,3,False,False,,,,Free
2021-05-02 10:00:00,101.91997878343474,156.46513,8158.466423831073,136,68,40.23937384655834,426.9811460995658,7753,5.0,11041,2021-05-02 10:00:00,2021-05-02 10:00:00,31.59260626153892,-93.72518957545395,,2021-05-02,9986,0 days 00:30:00,99,3,False,False,,,,Free
2021-05-02 10:15:00,2.595842867347224,9.6,5.2923271350004,137,150,97.8,428.4,5,5.0,11062,2021-05-02 10:15:00,2021-05-02 10:15:00,31.01700000000441,-93.71100103685508,,2021-05-02,9992,0 days 00:45:00,100,3,False,False,,,,Free
2021-05-02 10:15:00,2.6063250620576026,9.6,5.335155004569478,137,179,175.8,441.6,5,5.0,11084,2021-05-02 10:15:00,2021-05-02 10:15:00,30.237000000004294,-93.57900104062712,,2021-05-02,10058,0 days 00:00:00,101,3,False,False,,,,Free
2021-05-02 10:30:00,11.361393549460296,14.652629,101.38018719216524,138,183,177.28825767824387,440.3186637094943,113,5.0,11112,2021-05-02 10:30:00,2021-05-02 10:30:00,30.222117423221853,-93.59181440316604,,2021-05-02,10058,0 days 00:15:00,101,3,False,False,,,,Free
2021-05-02 10:45:00,5.811349540640866,11.520001,26.52429672260253,139,238,120.4871165629814,457.9975460147825,25,5.0,11143,2021-05-02 10:45:00,2021-05-02 10:45:00,30.790128834374567,-93.4150255851651,,2021-05-02,10114,0 days 00:00:00,102,3,False,False,,,,Free
2021-05-02 11:00:00,9.105687410303291,16.681967,65.12014456117296,140,261,180.0044906093451,437.3334268886984,61,5.0,11211,2021-05-02 11:00:00,2021-05-02 11:00:00,30.19495509391084,-93.6216667705209,,2021-05-02,10058,0 days 00:45:00,101,3,False,False,,,,Free
2021-05-02 11:15:00,2.325181150767284,9.6,4.246229553770286,141,242,125.75,453.75,4,5.0,11245,2021-05-02 11:15:00,2021-05-02 11:15:00,30.73750000000437,-93.4575010440991,,2021-05-02,10114,0 days 00:30:00,102,3,False,False,,,,Free
2021-05-02 11:30:00,9.640315109009226,16.834782,72.99150877404018,142,189,92.51753530807082,309.1285923133808,70,5.0,11281,2021-05-02 11:30:00,2021-05-02 11:30:00,31.06982464692372,-94.90371507963818,,2021-05-02,10240,0 days 00:00:00,103,3,False,False,,,,Free
2021-05-02 11:45:00,4.924857679698436,10.666668,19.04922232864642,143,204,96.08627451457046,309.2254901979117,18,5.0,11330,2021-05-02 11:45:00,2021-05-02 11:45:00,31.03413725485872,-94.90274610082054,,2021-05-02,10240,0 days 00:15:00,103,3,False,False,,,,Free
2021-05-02 11:45:00,11.034771100705088,35.093334,95.63492883052407,143,216,134.82949344404628,452.3094077584602,90,5.0,11341,2021-05-02 11:45:00,2021-05-02 11:45:00,30.646705065563896,-93.47190696610284,,2021-05-02,10114,0 days 01:00:00,102,3,False,False,,,,Free
2021-05-02 12:00:00,8.765012774929613,16.842106,60.33856650333555,144,188,99.58725922931772,308.1460740849892,57,5.0,11377,2021-05-02 12:00:00,2021-05-02 12:00:00,30.99912740771124,-94.91354026164127,,2021-05-02,10240,0 days 00:30:00,103,3,False,False,,,,Free
2021-05-02 12:15:00,7.229030827269637,10.584617,41.04403363664356,145,133,43.9801381691151,341.3281519777911,42,5.0,11407,2021-05-02 12:15:00,2021-05-02 12:15:00,31.55519861831335,-94.58171949219542,,2021-05-02,10354,0 days 00:00:00,104,3,False,False,,,,Free
2021-05-02 12:45:00,1.6371656181946015,9.6,2.105111542035889,147,133,44.5,342.5,4,5.0,11478,2021-05-02 12:45:00,2021-05-02 12:45:00,31.550000000004506,-94.57000101230824,,2021-05-02,10354,0 days 00:30:00,104,3,False,False,,,,Free
2021-05-02 13:00:00,2.005145994534137,9.6,3.157780070546419,148,141,45.333333333333336,342.6666666666667,3,5.0,11514,2021-05-02 13:00:00,2021-05-02 13:00:00,31.54166666667117,-94.56833434568917,,2021-05-02,10354,0 days 00:45:00,104,3,False,False,,,,Free
2021-05-02 14:45:00,15.979978920948168,90.15871,200.5590600526496,155,70,122.55975146520484,449.2350668024219,189,5.0,11680,2021-05-02 14:45:00,2021-05-02 14:45:00,30.76940248535233,-93.50265037478472,,2021-05-02,10609,0 days 00:00:00,105,3,False,False,,,,Free
2021-05-02 15:15:00,2.599476398563672,9.6,5.307153374736793,157,49,124.6,451.0,5,5.0,11704,2021-05-02 15:15:00,2021-05-02 15:15:00,30.749000000004376,-93.48500104331328,,2021-05-02,10609,0 days 00:30:00,105,3,False,False,,,,Free
2021-05-02 15:30:00,15.02080241558319,25.120958,177.2050720078132,158,52,124.04036154958548,452.7430677332718,291,5.0,11715,2021-05-02 15:30:00,2021-05-02 15:30:00,30.75459638450852,-93.46757036647864,,2021-05-02,10609,0 days 00:45:00,105,3,False,False,,,,Free
2021-05-02 15:45:00,1.6397834439990184,9.6,2.1118490658979483,159,55,75.0,479.5,2,5.0,11721,2021-05-02 15:45:00,2021-05-02 15:45:00,31.245000000004453,-93.20000105145743,,2021-05-02,10648,0 days 00:00:00,106,3,False,False,,,,Free
2021-05-02 16:15:00,2.3188811783746344,14.400001,4.223250794915113,161,66,72.91205212839438,486.7622149907964,5,5.0,11749,2021-05-02 16:15:00,2021-05-02 16:15:00,31.26587947872051,-93.12737890362472,,2021-05-02,10648,0 days 00:30:00,106,3,False,False,,,,Free
2021-05-02 16:30:00,1.1593791733612806,9.6,1.0557008484239905,162,47,72.5,489.5,2,5.0,11758,2021-05-02 16:30:00,2021-05-02 16:30:00,31.27000000000446,-93.10000105431504,,2021-05-02,10648,0 days 00:45:00,106,3,False,False,,,,Free
2021-05-03 21:00:00,33.16819852217492,52.250744,864.0396049238609,276,31,249.7350800857845,6.463805956562082,804,5.0,12081,2021-05-03 21:00:00,2021-05-03 21:00:00,29.49764919914633,-97.93036285671656,,2021-05-03,10961,0 days 00:00:00,109,3,False,False,,,,Free
2021-05-03 21:15:00,37.17256780726395,67.32356,1085.263023049645,277,35,247.518206068659,7.63199552199795,1011,5.0,12085,2021-05-03 21:15:00,2021-05-03 21:15:00,29.5198179393176,-97.91868096139603,,2021-05-03,10961,0 days 00:15:00,109,3,False,False,,,,Free
2021-05-03 21:30:00,39.5600184160846,165.55803,1229.1442435574652,278,23,247.39065236757224,7.665929933124547,1145,5.0,12089,2021-05-03 21:30:00,2021-05-03 21:30:00,29.52109347632846,-97.91834161729446,,2021-05-03,10961,0 days 00:30:00,109,3,False,False,,,,Free
2021-05-03 22:15:00,2.5826923192073097,9.6,5.238841067475541,281,51,2.8,87.4,5,5.0,12101,2021-05-03 22:15:00,2021-05-03 22:15:00,31.967000000004564,-97.12100093941058,,2021-05-03,10979,0 days 00:00:00,110,3,False,False,,,,Free
2021-05-03 22:45:00,30.65218646704056,128.04546,737.9259771621802,283,43,4.729833861667374,86.71750208614789,707,5.0,12112,2021-05-03 22:45:00,2021-05-03 22:45:00,31.94770166138789,-97.12782591835406,,2021-05-03,10979,0 days 00:30:00,110,3,False,False,,,,Free
2021-05-03 23:00:00,31.99979724862168,93.909775,804.2375279554232,284,40,5.121002877643756,89.2642467017622,768,5.0,12122,2021-05-03 23:00:00,2021-05-03 23:00:00,31.943789971228124,-97.10235847292569,,2021-05-03,10979,0 days 00:45:00,110,3,False,False,,,,Free
2021-05-04 06:15:00,11.44660706038476,27.0,102.90664764272913,313,61,220.93750002031976,42.518655298563374,96,5.0,12358,2021-05-04 06:15:00,2021-05-04 06:15:00,29.785624999801023,-97.56981437359964,,2021-05-04,11210,0 days 00:00:00,111,4,False,False,,,,Free
2021-05-04 06:30:00,16.933218780117947,23.588573,225.20027707353407,314,90,223.62855690664173,42.25588976189066,214,5.0,12373,2021-05-04 06:30:00,2021-05-04 06:30:00,29.758714430937804,-97.57244202889126,,2021-05-04,11210,0 days 00:15:00,111,4,False,False,,,,Free
2021-05-04 06:45:00,21.80072027384056,22.620691,373.2772881768296,315,136,227.58369426779032,39.92121021919611,376,5.0,12392,2021-05-04 06:45:00,2021-05-04 06:45:00,29.71916305732632,-97.59578882365103,,2021-05-04,11210,0 days 00:30:00,111,4,False,False,,,,Free
2021-05-04 07:00:00,22.99615180097896,19.844961,415.3366111195239,316,241,231.9269496525853,38.45617665787433,396,5.0,12424,2021-05-04 07:00:00,2021-05-04 07:00:00,29.67573050347836,-97.61043915884562,,2021-05-04,11210,0 days 00:45:00,111,4,False,False,,,,Free
2021-05-04 07:00:00,2.338521221735492,9.6,4.295092409845593,316,243,238.5,13.0,4,5.0,12426,2021-05-04 07:00:00,2021-05-04 07:00:00,29.6100000000042,-97.86500091814996,,2021-05-04,11273,0 days 00:00:00,112,4,False,False,,,,Free
2021-05-04 07:15:00,1.6478558876825111,9.6,2.132692970304133,317,297,169.5,480.0,2,5.0,12455,2021-05-04 07:15:00,2021-05-04 07:15:00,30.300000000004303,-93.19500105160034,,2021-05-04,11299,0 days 00:00:00,114,3,False,False,,,,Free
2021-05-04 07:30:00,2.330717106874397,14.4,4.266473072360378,318,377,171.74468085646035,478.7553191435396,4,5.0,12530,2021-05-04 07:30:00,2021-05-04 07:30:00,30.277553191439697,-93.20744785980928,,2021-05-04,11299,0 days 00:15:00,114,3,False,False,,,,Free
2021-05-04 07:30:00,3.5091811912985595,13.866667,9.671669941672285,318,426,246.6491228049209,13.706766916394676,9,5.0,12564,2021-05-04 07:30:00,2021-05-04 07:30:00,29.52850877195497,-97.85793324918797,,2021-05-04,11273,0 days 00:30:00,112,4,False,False,,,,Free
2021-05-04 07:45:00,2.0184945015614533,12.8,3.199963486589077,319,292,172.19658120006454,476.80341879993546,3,5.0,12603,2021-05-04 07:45:00,2021-05-04 07:45:00,30.273034188003656,-93.2269668626875,,2021-05-04,11299,0 days 00:30:00,114,3,False,False,,,,Free
2021-05-04 07:45:00,4.218036336178335,16.246153,13.973671024348755,319,321,248.90013680202884,11.45690833937914,13,5.0,12620,2021-05-04 07:45:00,2021-05-04 07:45:00,29.505998631983893,-97.88043183431525,,2021-05-04,11273,0 days 00:45:00,112,4,False,False,,,,Free
2021-05-04 08:00:00,2.023994119349243,9.6,3.217424570340698,320,353,227.16666666666663,38.5,6,5.0,12671,2021-05-04 08:00:00,2021-05-04 08:00:00,29.72333333333755,-97.6100009254369,,2021-05-04,11487,0 days 00:00:00,115,3,False,False,,,,Free
2021-05-04 08:00:00,2.6161117932997504,11.52,5.375297164891006,320,361,250.3709677460704,10.876344084643204,6,5.0,12678,2021-05-04 08:00:00,2021-05-04 08:00:00,29.49129032254348,-97.88623747669668,,2021-05-04,11273,0 days 01:00:00,112,4,False,False,,,,Free
2021-05-04 08:15:00,1.6488203097583345,9.6,2.135190055251581,321,303,181.0,469.5,2,5.0,12712,2021-05-04 08:15:00,2021-05-04 08:15:00,30.185000000004287,-93.30000104859982,,2021-05-04,11522,0 days 00:00:00,116,3,False,False,,,,Free
2021-05-04 08:15:00,5.725040677283905,14.8,25.74228148354665,321,320,227.1743197336492,38.25765306360354,24,5.0,12725,2021-05-04 08:15:00,2021-05-04 08:15:00,29.723256802667724,-97.6124243947316,,2021-05-04,11487,0 days 00:15:00,115,3,False,False,,,,Free
2021-05-04 08:30:00,1.6489876383289728,14.400001,2.135623451694909,322,318,183.0,467.7553191435396,2,5.0,12768,2021-05-04 08:30:00,2021-05-04 08:30:00,30.165000000004284,-93.31744785666592,,2021-05-04,11522,0 days 00:15:00,116,3,False,False,,,,Free
2021-05-04 08:30:00,,,,322,335,226.0,38.66666666666666,6,5.0,12779,2021-05-04 08:30:00,2021-05-04 08:30:00,29.735000000004217,-97.60833425881782,,2021-05-04,11487,0 days 00:30:00,115,3,False,False,,,,Free
2021-05-04 08:45:00,4.516518568987925,14.720001,16.02128999869837,323,253,185.51577503465245,464.6899862698379,15,5.0,12820,2021-05-04 08:45:00,2021-05-04 08:45:00,30.13984224965776,-93.34810118452695,,2021-05-04,11522,0 days 00:30:00,116,3,False,False,,,,Free
2021-05-04 09:30:00,1.6427610415435965,9.6,2.119525623259472,326,211,109.14285714285714,483.2857142857143,7,5.0,12947,2021-05-04 09:30:00,2021-05-04 09:30:00,30.903571428575827,-93.16214390968211,,2021-05-04,11725,0 days 00:00:00,117,3,False,False,,,,Free
2021-05-04 09:45:00,17.848699257228173,17.410172,250.2090564908132,327,200,109.19531602180275,482.12916774883695,378,5.0,12995,2021-05-04 09:45:00,2021-05-04 09:45:00,30.90304683978637,-93.17370937472045,,2021-05-04,11725,0 days 00:15:00,117,3,False,False,,,,Free
2021-05-04 10:00:00,15.626673132155087,20.738123,191.78866552563017,328,228,107.34845191654172,480.1976409182437,181,5.0,13041,2021-05-04 10:00:00,2021-05-04 10:00:00,30.921515480838984,-93.19302464247436,,2021-05-04,11725,0 days 00:30:00,117,3,False,False,,,,Free
2021-05-04 10:30:00,4.530492597901643,9.6,16.1205825443561,330,278,247.26666666666668,141.0,15,5.0,13154,2021-05-04 10:30:00,2021-05-04 10:30:00,29.52233333333752,-96.58500095472738,,2021-05-04,11912,0 days 00:00:00,118,4,False,False,,,,Free
2021-05-04 10:30:00,5.235456821820419,23.04,21.527770046481955,330,281,262.7987804842591,120.87250553778672,20,5.0,13155,2021-05-04 10:30:00,2021-05-04 10:30:00,29.367012195161568,-96.78627589359786,,2021-05-04,11913,0 days 00:00:00,119,3,False,False,,,,Free
2021-05-04 10:45:00,5.965317110345265,21.415384,27.948400105951595,331,374,249.24179945590336,141.49015932831443,26,5.0,13218,2021-05-04 10:45:00,2021-05-04 10:45:00,29.502582005445145,-96.5800993615843,,2021-05-04,11912,0 days 00:15:00,118,4,False,False,,,,Free
2021-05-04 10:45:00,2.341407739388845,9.6,4.30570211610125,331,377,263.5,120.5,4,5.0,13220,2021-05-04 10:45:00,2021-05-04 10:45:00,29.36000000000416,-96.7900009488693,,2021-05-04,11913,0 days 00:15:00,119,3,False,False,,,,Free
2021-05-04 11:00:00,6.823079062827733,23.435293,36.56374646082927,332,253,252.95245694245844,142.3292916471413,34,5.0,13264,2021-05-04 11:00:00,2021-05-04 11:00:00,29.46547543057959,-96.57170803863583,,2021-05-04,11912,0 days 00:30:00,118,4,False,False,,,,Free
2021-05-04 11:15:00,2.866640440447216,9.599999,6.454109479074258,333,265,256.5,144.0,6,5.0,13314,2021-05-04 11:15:00,2021-05-04 11:15:00,29.43000000000417,-96.55500095558466,,2021-05-04,11912,0 days 00:45:00,118,4,False,False,,,,Free
2021-05-04 11:15:00,2.6189922064337248,9.6,5.387140389821387,333,273,273.0,123.0,5,5.0,13322,2021-05-04 11:15:00,2021-05-04 11:15:00,29.265000000004143,-96.76500094958368,,2021-05-04,11913,0 days 00:45:00,119,3,False,False,,,,Free
2021-05-04 11:30:00,8.160093433546757,20.767345,52.29740555856142,334,259,177.56847011871,387.39062901336126,49,5.0,13344,2021-05-04 11:30:00,2021-05-04 11:30:00,30.2193152988172,-94.1210947350026,,2021-05-04,12084,0 days 00:00:00,120,3,False,False,,,,Free
2021-05-04 11:30:00,7.590887314298122,18.057142,45.25587542158659,334,284,274.68592407039694,130.1289498955369,59,5.0,13366,2021-05-04 11:30:00,2021-05-04 11:30:00,29.24814075930017,-96.69371145266548,,2021-05-04,12104,0 days 00:00:00,121,3,False,False,,,,Free
2021-05-04 11:45:00,10.29404143625937,30.523075,83.22651423261155,335,272,176.3625678106823,392.9366083937061,78,5.0,13389,2021-05-04 11:45:00,2021-05-04 11:45:00,30.23137432189748,-94.06563494278396,,2021-05-04,12084,0 days 00:15:00,120,3,False,False,,,,Free
2021-05-04 12:00:00,18.97110713836032,59.411316,282.667081417116,336,300,173.7033056902609,396.4332621553301,266,5.0,13441,2021-05-04 12:00:00,2021-05-04 12:00:00,30.25796694310169,-94.03066840616692,,2021-05-04,12084,0 days 00:30:00,120,3,False,False,,,,Free
2021-05-04 12:00:00,1.657002793315362,9.6,2.156434952407967,336,349,280.5,136.0,2,5.0,13471,2021-05-04 12:00:00,2021-05-04 12:00:00,29.190000000004133,-96.63500095329856,,2021-05-04,12104,0 days 00:30:00,121,3,False,False,,,,Free
2021-05-04 12:15:00,5.605488174131492,15.860869,24.678386561472813,337,285,231.3074459511412,233.3146517275516,23,5.0,13516,2021-05-04 12:15:00,2021-05-04 12:15:00,29.681925540492795,-95.6618544638318,,2021-05-04,12240,0 days 00:00:00,122,3,False,False,,,,Free
2021-05-04 12:30:00,10.231570650681816,18.077923,82.21943656460049,338,293,182.66534260312287,57.56623634743553,77,5.0,13560,2021-05-04 12:30:00,2021-05-04 12:30:00,30.168346573973054,-97.41933856741092,,2021-05-04,12278,0 days 00:00:00,124,3,False,False,,,,Free
2021-05-04 12:30:00,8.745706220356652,21.942858,60.073045648841074,338,305,229.8629847969948,235.7620152007437,56,5.0,13568,2021-05-04 12:30:00,2021-05-04 12:30:00,29.696370152034262,-95.6373808297992,,2021-05-04,12240,0 days 00:15:00,122,3,False,False,,,,Free
2021-05-04 12:30:00,11.241408924865882,12.93913,99.25019619331684,338,316,285.83953998483,143.00383349892064,92,5.0,13576,2021-05-04 12:30:00,2021-05-04 12:30:00,29.136604600155824,-96.56496262031078,,2021-05-04,12104,0 days 01:00:00,121,3,False,False,,,,Free
2021-05-04 12:45:00,5.226533402620043,11.040001,21.45444784656369,339,344,228.36682615993865,240.3365231227219,21,5.0,13630,2021-05-04 12:45:00,2021-05-04 12:45:00,29.711331738404827,-95.59163575188666,,2021-05-04,12240,0 days 00:30:00,122,3,False,False,,,,Free
2021-05-04 12:45:00,2.624254908209596,9.6,5.408812388633915,339,357,314.4,132.2,5,5.0,13643,2021-05-04 12:45:00,2021-05-04 12:45:00,28.85100000000408,-96.6730009522127,,2021-05-04,12352,0 days 00:00:00,125,4,False,False,,,,Free
2021-05-04 12:45:00,10.76756479644532,27.643375,91.05941778596302,339,384,465.0925689665437,25.05881106601902,84,5.0,13661,2021-05-04 12:45:00,2021-05-04 12:45:00,27.344074310338407,-97.74441281093571,,2021-05-04,12367,0 days 00:00:00,126,3,False,False,,,,Free
2021-05-04 12:45:00,9.16665658518636,27.039999,65.99511717821991,339,386,493.35811767686806,23.14515211822615,70,5.0,13663,2021-05-04 12:45:00,2021-05-04 12:45:00,27.06141882323512,-97.7635493998668,,2021-05-04,12369,0 days 00:00:00,127,4,False,False,,,,Free
2021-05-04 13:00:00,1.6490712585785066,9.6,2.135840052340936,340,320,184.0,62.5,2,5.0,13695,2021-05-04 13:00:00,2021-05-04 13:00:00,30.15500000000428,-97.37000093229516,,2021-05-04,12278,0 days 00:30:00,124,3,False,False,,,,Free
2021-05-04 13:00:00,7.6059976529335165,15.542857,45.43622646315416,340,335,315.2186088468407,132.09033425292114,42,5.0,13705,2021-05-04 13:00:00,2021-05-04 13:00:00,28.84281391153567,-96.67409760965212,,2021-05-04,12352,0 days 00:15:00,125,4,False,False,,,,Free
2021-05-04 13:00:00,11.995547036170672,29.079617,113.01341471208636,340,361,466.4781873070815,24.19264574741108,103,5.0,13728,2021-05-04 13:00:00,2021-05-04 13:00:00,27.330218126933023,-97.75307446387428,,2021-05-04,12367,0 days 00:15:00,126,3,False,False,,,,Free
2021-05-04 13:00:00,9.758485998883636,26.117645,74.79193478098868,340,363,494.7213091604884,23.17938718046192,68,5.0,13730,2021-05-04 13:00:00,2021-05-04 13:00:00,27.047786908398912,-97.76320704925422,,2021-05-04,12369,0 days 00:15:00,127,4,False,False,,,,Free
2021-05-04 13:15:00,25.68429674967557,51.483707,518.1138947915813,341,380,186.30372735390176,63.89348936239135,489,5.0,13760,2021-05-04 13:15:00,2021-05-04 13:15:00,30.13196272646526,-97.35606603906945,,2021-05-04,12278,0 days 00:45:00,124,3,False,False,,,,Free
2021-05-04 13:15:00,12.366716388688864,23.264866,120.11539766468437,341,412,318.3612204572617,130.79192915088453,112,5.0,13784,2021-05-04 13:15:00,2021-05-04 13:15:00,28.81138779543145,-96.68708166030147,,2021-05-04,12352,0 days 00:30:00,125,4,False,False,,,,Free
2021-05-04 13:15:00,10.711490802556074,52.51085,90.11347133198628,341,419,353.03971193514496,89.52776789250215,83,5.0,13791,2021-05-04 13:15:00,2021-05-04 13:15:00,28.464602880652567,-97.09972326109364,,2021-05-04,12480,0 days 00:00:00,128,3,False,False,,,,Free
2021-05-04 13:15:00,8.766733887700804,12.56727,60.36226519633258,341,441,469.967323389702,23.31571360955944,55,5.0,13810,2021-05-04 13:15:00,2021-05-04 13:15:00,27.29532676610681,-97.7618437850022,,2021-05-04,12367,0 days 00:30:00,126,3,False,False,,,,Free
2021-05-04 13:15:00,7.929776999183799,19.413332,49.38690721380628,341,442,469.3940795601479,4.33487511457545,45,5.0,13811,2021-05-04 13:15:00,2021-05-04 13:15:00,27.30105920440236,-97.95165216452808,,2021-05-04,12492,0 days 00:00:00,129,3,False,False,,,,Free
2021-05-04 13:15:00,5.676290651850993,26.295652,25.305745252353805,341,443,497.1491921210192,22.5541423094384,43,5.0,13812,2021-05-04 13:15:00,2021-05-04 13:15:00,27.0235080787936,-97.76945949778582,,2021-05-04,12369,0 days 00:30:00,127,4,False,False,,,,Free
2021-05-04 13:30:00,2.8756152989542807,9.599999,6.494585706022763,342,491,321.125,127.5,8,5.0,13873,2021-05-04 13:30:00,2021-05-04 13:30:00,28.78375000000407,-96.72000095086958,,2021-05-04,12352,0 days 00:45:00,125,4,False,False,,,,Free
2021-05-04 13:30:00,10.646875551045692,46.47805,89.02956200832804,342,496,353.27360929298374,89.86904623029878,82,5.0,13878,2021-05-04 13:30:00,2021-05-04 13:30:00,28.46226390707418,-97.09631047781318,,2021-05-04,12480,0 days 00:15:00,128,3,False,False,,,,Free
2021-05-04 13:30:00,,,,342,497,375.7994849740316,64.51541085589511,188,5.0,13879,2021-05-04 13:30:00,2021-05-04 13:30:00,28.237005150263663,-97.34984682431212,,2021-05-04,12553,0 days 00:00:00,130,3,False,False,,,,Free
2021-05-04 13:30:00,6.792107492709517,13.672727,36.232556853326834,342,521,474.1474493362217,2.750524112647257,33,5.0,13901,2021-05-04 13:30:00,2021-05-04 13:30:00,27.25352550664161,-97.9674956740946,,2021-05-04,12492,0 days 00:15:00,129,3,False,False,,,,Free
2021-05-04 13:30:00,1.6739601359479583,9.6,2.2007976019357463,342,523,499.0,20.5,2,5.0,13902,2021-05-04 13:30:00,2021-05-04 13:30:00,27.00500000000379,-97.7900009202932,,2021-05-04,12369,0 days 00:45:00,127,4,False,False,,,,Free
2021-05-04 13:45:00,7.799629218772423,15.054546,47.77908147911177,343,401,354.51446654223344,88.95117541322561,44,5.0,13959,2021-05-04 13:45:00,2021-05-04 13:45:00,28.44985533458168,-97.10548918572158,,2021-05-04,12480,0 days 00:30:00,128,3,False,False,,,,Free
2021-05-04 13:45:00,20.00773808591568,66.768166,314.40241152568507,343,402,378.04778440683873,64.72290635557809,289,5.0,13960,2021-05-04 13:45:00,2021-05-04 13:45:00,28.21452215593559,-97.34777186937458,,2021-05-04,12553,0 days 00:15:00,130,3,False,False,,,,Free
2021-05-04 13:45:00,4.096303816885104,9.599999,13.178749458113712,343,422,476.9166666666667,1.6666666666666667,12,5.0,13973,2021-05-04 13:45:00,2021-05-04 13:45:00,27.22583333333716,-97.97833424824466,,2021-05-04,12492,0 days 00:30:00,129,3,False,False,,,,Free
2021-05-04 14:00:00,17.852093465434095,43.241737,250.30422783867013,344,395,381.53199419072496,64.03106789721917,238,5.0,14036,2021-05-04 14:00:00,2021-05-04 14:00:00,28.179680058096725,-97.35469025376044,,2021-05-04,12553,0 days 00:30:00,130,3,False,False,,,,Free
2021-05-04 14:45:00,2.893902320123629,12.799999,6.577450938471187,347,281,456.9017093999677,93.59829060003229,6,5.0,14205,2021-05-04 14:45:00,2021-05-04 14:45:00,27.42598290600418,-97.05901803518152,,2021-05-04,12826,0 days 00:00:00,134,4,False,False,,,,Free
2021-05-04 15:00:00,20.387218484925143,30.88831,326.4418539863427,348,230,110.71346918374716,138.746459206614,309,5.0,14215,2021-05-04 15:00:00,2021-05-04 15:00:00,30.887865308166926,-96.60753636201724,,2021-05-04,12835,0 days 00:00:00,135,3,False,False,,,,Free
2021-05-04 15:00:00,16.880854866867885,87.51844,223.809621853624,348,270,359.1360449178923,135.22842788901096,206,5.0,14245,2021-05-04 15:00:00,2021-05-04 15:00:00,28.403639550825087,-96.64271667418797,,2021-05-04,12863,0 days 00:00:00,136,3,False,False,,,,Free
2021-05-04 15:00:00,6.571231785118855,14.864519,33.91434655977334,348,281,434.3047743652858,30.24264223780257,31,5.0,14256,2021-05-04 15:00:00,2021-05-04 15:00:00,27.651952256351034,-97.6925745006992,,2021-05-04,12868,0 days 00:00:00,137,3,False,False,,,,Free
2021-05-04 15:00:00,5.01248669523495,51.73333,19.733146817344146,348,286,457.3925344750265,93.5028530745593,18,5.0,14261,2021-05-04 15:00:00,2021-05-04 15:00:00,27.42107465525359,-97.05997241040892,,2021-05-04,12826,0 days 00:15:00,134,4,False,False,,,,Free
2021-05-04 15:15:00,19.00075007934671,77.60919,283.55112364412844,349,305,359.22145535652515,138.4239248607655,261,5.0,14305,2021-05-04 15:15:00,2021-05-04 15:15:00,28.40278544643876,-96.6107617053836,,2021-05-04,12863,0 days 00:15:00,136,3,False,False,,,,Free
2021-05-04 15:15:00,6.1327363944993705,18.48889,29.53918281908234,349,317,434.9769357465339,33.305875886735734,27,5.0,14315,2021-05-04 15:15:00,2021-05-04 15:15:00,27.64523064253855,-97.66194216508524,,2021-05-04,12868,0 days 00:15:00,137,3,False,False,,,,Free
2021-05-04 15:15:00,5.907753977133044,47.232,27.41161881018306,349,323,458.56317486232587,92.88577381354207,25,5.0,14319,2021-05-04 15:15:00,2021-05-04 15:15:00,27.409368251380595,-97.0661432028428,,2021-05-04,12826,0 days 00:30:00,134,4,False,False,,,,Free
2021-05-04 15:30:00,14.033223134237057,25.709589,154.66952181119098,350,225,104.72934421209332,149.01221840498252,147,5.0,14330,2021-05-04 15:30:00,2021-05-04 15:30:00,30.947706557883475,-96.50487877296712,,2021-05-04,12835,0 days 00:30:00,135,3,False,False,,,,Free
2021-05-04 15:30:00,12.720406289777994,16.082052,127.08428421509656,350,265,359.2664543652268,140.21470275939205,144,5.0,14361,2021-05-04 15:30:00,2021-05-04 15:30:00,28.40233545635174,-96.59285392690909,,2021-05-04,12863,0 days 00:30:00,136,3,False,False,,,,Free
2021-05-04 15:30:00,4.571229687011471,12.160002,16.41179064679572,350,281,435.7001862151093,34.47858472965066,15,5.0,14372,2021-05-04 15:30:00,2021-05-04 15:30:00,27.6379981378528,-97.65021507699124,,2021-05-04,12868,0 days 00:30:00,137,3,False,False,,,,Free
2021-05-04 15:30:00,6.36322961637272,13.24138,31.80131446443968,350,285,460.3112970736007,92.68368201100613,29,5.0,14376,2021-05-04 15:30:00,2021-05-04 15:30:00,27.39188702926784,-97.06816412081042,,2021-05-04,12826,0 days 00:45:00,134,4,False,False,,,,Free
2021-05-04 15:30:00,6.991820433998127,52.11428,38.394623528161056,350,286,464.3009192294416,31.89453314262585,36,5.0,14377,2021-05-04 15:30:00,2021-05-04 15:30:00,27.351990807709427,-97.67605559212302,,2021-05-04,12962,0 days 00:00:00,138,3,False,False,,,,Free
2021-05-04 15:45:00,10.321521195289598,24.789873,83.67145069074316,351,238,102.37776643321114,154.1107841926249,79,5.0,14387,2021-05-04 15:45:00,2021-05-04 15:45:00,30.97122233567229,-96.4538931165477,,2021-05-04,12835,0 days 00:45:00,135,3,False,False,,,,Free
2021-05-04 15:45:00,3.083540517840471,9.599999,7.4677401942786945,351,269,173.85714285714286,59.85714285714285,7,5.0,14409,2021-05-04 15:45:00,2021-05-04 15:45:00,30.25642857143287,-97.39642950296847,,2021-05-04,12991,0 days 00:00:00,139,3,False,False,,,,Free
2021-05-04 15:45:00,4.699825065607152,13.200001,17.348153957866355,351,281,338.7926829197377,151.64024390509837,16,5.0,14418,2021-05-04 15:45:00,2021-05-04 15:45:00,28.607073170806665,-96.47859851871698,,2021-05-04,13000,0 days 00:00:00,140,4,False,False,,,,Free
2021-05-04 15:45:00,11.64129961383937,99.265976,106.43704655541872,351,300,467.3849821847258,30.40059931168865,97,5.0,14433,2021-05-04 15:45:00,2021-05-04 15:45:00,27.321150178156586,-97.6909949300055,,2021-05-04,12962,0 days 00:15:00,138,3,False,False,,,,Free
2021-05-04 16:00:00,3.684830492187837,12.48,10.664117221540987,352,303,169.676470599485,68.37433155148393,10,5.0,14472,2021-05-04 16:00:00,2021-05-04 16:00:00,30.29823529400945,-97.31125761845897,,2021-05-04,12991,0 days 00:15:00,139,3,False,False,,,,Free
2021-05-04 16:00:00,5.3845029745100215,21.485714,22.770948642298,352,323,339.1086077421768,152.74581167720976,21,5.0,14490,2021-05-04 16:00:00,2021-05-04 16:00:00,28.603913922582272,-96.4675428413118,,2021-05-04,13000,0 days 00:15:00,140,4,False,False,,,,Free
2021-05-04 16:00:00,9.184292334073774,25.337704,66.24929772760991,352,324,357.2155408165173,125.41383206648294,61,5.0,14491,2021-05-04 16:00:00,2021-05-04 16:00:00,28.42284459183884,-96.7408626296086,,2021-05-04,13060,0 days 00:00:00,141,3,False,False,,,,Free
2021-05-04 16:00:00,16.382491945349372,94.200005,210.7899047349037,352,338,470.9099456370243,27.91470322139373,222,5.0,14500,2021-05-04 16:00:00,2021-05-04 16:00:00,27.28590054363359,-97.7158538901981,,2021-05-04,12962,0 days 00:30:00,138,3,False,False,,,,Free
2021-05-04 16:15:00,41.34679227304025,135.18904,1342.6831096622384,353,311,316.3333432258454,210.42831115966104,1245,5.0,14546,2021-05-04 16:15:00,2021-05-04 16:15:00,28.83166656774562,-95.89071786297067,,2021-05-04,13109,0 days 00:00:00,142,5,False,False,,,,Free
2021-05-04 16:15:00,6.217273548043997,22.971426,30.359165744610788,353,313,338.5767090700857,155.2929252806163,28,5.0,14547,2021-05-04 16:15:00,2021-05-04 16:15:00,28.609232909303184,-96.44207170600556,,2021-05-04,13000,0 days 00:30:00,140,4,False,False,,,,Free
2021-05-04 16:15:00,14.452508044922064,42.278145,164.05003257417954,353,314,358.70065324482573,127.21588326201191,152,5.0,14548,2021-05-04 16:15:00,2021-05-04 16:15:00,28.40799346755575,-96.72284211816827,,2021-05-04,13060,0 days 00:15:00,141,3,False,False,,,,Free
2021-05-04 16:30:00,5.8238906401201005,41.856003,26.63890100517847,354,308,161.7382244508287,86.70392879419902,25,5.0,14585,2021-05-04 16:30:00,2021-05-04 16:30:00,30.37761775549603,-97.12796165126969,,2021-05-04,12991,0 days 00:45:00,139,3,False,False,,,,Free
2021-05-04 16:30:00,20.457595417271392,187.95293,328.6995066932322,354,337,247.9234454219239,313.9468487428907,306,5.0,14607,2021-05-04 16:30:00,2021-05-04 16:30:00,29.515765545784944,-94.8555325167199,,2021-05-04,13160,0 days 00:00:00,143,3,False,False,,,,Free
2021-05-04 16:30:00,41.22721948102704,100.029816,1334.9283983245389,354,344,315.83739199007266,214.12313920891003,1244,5.0,14612,2021-05-04 16:30:00,2021-05-04 16:30:00,28.83662608010335,-95.85376958353402,,2021-05-04,13109,0 days 00:15:00,142,5,False,False,,,,Free
2021-05-04 16:30:00,4.844502718570773,13.552942,18.43267175236948,354,354,338.8101788132672,156.28473178009924,17,5.0,14617,2021-05-04 16:30:00,2021-05-04 16:30:00,28.606898211871368,-96.43215364129418,,2021-05-04,13000,0 days 00:45:00,140,4,False,False,,,,Free
2021-05-04 16:30:00,15.246136934305513,64.68571,182.5616337324362,354,355,360.8870073624163,128.7426001047011,168,5.0,14618,2021-05-04 16:30:00,2021-05-04 16:30:00,28.386129926379844,-96.70757495017769,,2021-05-04,13060,0 days 00:30:00,141,3,False,False,,,,Free
2021-05-04 16:45:00,4.202319563988008,9.599999,13.86973079095622,355,260,174.6153846153846,78.3076923076923,13,5.0,14660,2021-05-04 16:45:00,2021-05-04 16:45:00,30.24884615385045,-97.21192401373544,,2021-05-04,13200,0 days 00:00:00,146,3,False,False,,,,Free
2021-05-04 16:45:00,21.246400550257547,194.50182,354.5362207830881,355,275,246.55808596042937,317.19950109287527,392,5.0,14673,2021-05-04 16:45:00,2021-05-04 16:45:00,29.52941914039989,-94.82300599414958,,2021-05-04,13160,0 days 00:15:00,143,3,False,False,,,,Free
2021-05-04 16:45:00,35.51655647143189,131.52838,990.7214936925244,355,284,315.45747187796724,218.58846750807027,918,5.0,14681,2021-05-04 16:45:00,2021-05-04 16:45:00,28.840425281224405,-95.80911630181843,,2021-05-04,13109,0 days 00:30:00,142,5,False,False,,,,Free
2021-05-04 17:00:00,7.817524594452917,12.159999,47.99858050088136,356,242,171.71260088131694,84.27684666276613,45,5.0,14712,2021-05-04 17:00:00,2021-05-04 17:00:00,30.27787399119113,-97.15223247189044,,2021-05-04,13200,0 days 00:15:00,146,3,False,False,,,,Free
2021-05-04 17:00:00,24.70106106142151,76.34798,479.204734162561,356,253,245.0171733031613,321.0693555512935,470,5.0,14719,2021-05-04 17:00:00,2021-05-04 17:00:00,29.544828266972573,-94.78430745067124,,2021-05-04,13160,0 days 00:30:00,143,3,False,False,,,,Free
2021-05-04 17:00:00,33.39948311822249,121.10222,876.1316573751731,356,261,315.4040439404684,225.11739100789683,813,5.0,14725,2021-05-04 17:00:00,2021-05-04 17:00:00,28.840959560599394,-95.7438270686859,,2021-05-04,13109,0 days 00:45:00,142,5,False,False,,,,Free
2021-05-04 17:15:00,5.707417850154061,48.0,25.58404555604092,357,231,165.91472868559472,99.07674417797458,24,5.0,14770,2021-05-04 17:15:00,2021-05-04 17:15:00,30.335852713148363,-97.0042335009676,,2021-05-04,13284,0 days 00:00:00,147,3,False,False,,,,Free
2021-05-04 17:15:00,5.588268821206964,12.521741,24.52700165275619,357,236,169.72485549630036,90.9294797580159,23,5.0,14773,2021-05-04 17:15:00,2021-05-04 17:15:00,30.2977514450413,-97.085706142839,,2021-05-04,13200,0 days 00:30:00,146,3,False,False,,,,Free
2021-05-04 17:15:00,32.858294887968285,116.32653,847.9689053085895,357,247,314.36169883997786,232.3245899458456,786,5.0,14783,2021-05-04 17:15:00,2021-05-04 17:15:00,28.85138301160429,-95.67175508136592,,2021-05-04,13109,0 days 01:00:00,142,5,False,False,,,,Free
2021-05-04 17:15:00,7.977938928949852,70.956535,49.98863710857516,357,261,362.37396177046577,146.15148319349092,46,5.0,14793,2021-05-04 17:15:00,2021-05-04 17:15:00,28.371260382299347,-96.53348612426458,,2021-05-04,13302,0 days 00:00:00,148,6,False,False,,,,Free
2021-05-04 17:30:00,5.586532601235452,17.94783,24.51176342559967,358,209,164.0671591643874,106.37609134618862,23,5.0,14820,2021-05-04 17:30:00,2021-05-04 17:30:00,30.35432840836044,-96.93124003137132,,2021-05-04,13284,0 days 00:15:00,147,3,False,False,,,,Free
2021-05-04 17:30:00,9.41047899340414,72.299995,69.55259538669192,358,230,362.7776745993032,146.66911219211175,64,5.0,14837,2021-05-04 17:30:00,2021-05-04 17:30:00,28.36722325401097,-96.5283098344263,,2021-05-04,13302,0 days 00:15:00,148,6,False,False,,,,Free
2021-05-04 17:30:00,4.5564553332879,10.880001,16.3058752691868,358,232,365.682539684256,160.41723356401366,15,5.0,14839,2021-05-04 17:30:00,2021-05-04 17:30:00,28.33817460316144,-96.3908286246359,,2021-05-04,13332,0 days 00:00:00,149,6,False,False,,,,Free
2021-05-04 17:30:00,,,,358,247,482.9901112586549,11.111248458015435,31,5.0,14850,2021-05-04 17:30:00,2021-05-04 17:30:00,27.165098887417265,-97.88388843303012,,2021-05-04,13341,0 days 00:00:00,150,3,False,False,,,,Free
2021-05-04 17:45:00,7.079718753803039,10.11892,39.36605475395916,359,223,147.36008448325182,139.71911297620835,37,5.0,14866,2021-05-04 17:45:00,2021-05-04 17:45:00,30.52139915517182,-96.59780982459928,,2021-05-04,13354,0 days 00:00:00,151,4,False,False,,,,Free
2021-05-04 17:45:00,6.051900484934851,11.377778,28.76560002475645,359,225,160.70150987346372,115.138211378962,27,5.0,14868,2021-05-04 17:45:00,2021-05-04 17:45:00,30.38798490126968,-96.84361883354744,,2021-05-04,13284,0 days 00:30:00,147,3,False,False,,,,Free
2021-05-04 17:45:00,12.282193821130756,51.522934,118.47910763029292,359,253,364.1575380270882,147.40227756896385,110,5.0,14890,2021-05-04 17:45:00,2021-05-04 17:45:00,28.35342461973312,-96.52097818086725,,2021-05-04,13302,0 days 00:30:00,148,6,False,False,,,,Free
2021-05-04 17:45:00,3.1132343393367083,13.714285,7.612258110975716,359,256,369.1390374188373,162.62566844851605,10,5.0,14893,2021-05-04 17:45:00,2021-05-04 17:45:00,28.30360962581562,-96.36874427642198,,2021-05-04,13332,0 days 00:15:00,149,6,False,False,,,,Free
2021-05-04 17:45:00,7.291835365531821,21.47368,41.76029814490271,359,273,483.6974441121128,10.712460060928755,38,5.0,14908,2021-05-04 17:45:00,2021-05-04 17:45:00,27.158025558882684,-97.887876316887,,2021-05-04,13341,0 days 00:15:00,150,3,False,False,,,,Free
2021-05-04 18:00:00,7.077896167826363,11.935136,39.34578875568254,360,173,142.20562130307948,150.75000000881727,40,5.0,14924,2021-05-04 18:00:00,2021-05-04 18:00:00,30.57294378697356,-96.48750095742535,,2021-05-04,13354,0 days 00:15:00,151,4,False,False,,,,Free
2021-05-04 18:00:00,7.520692590851983,56.897564,44.42276182826281,360,183,332.1302753912039,234.20227466260715,41,5.0,14933,2021-05-04 18:00:00,2021-05-04 18:00:00,28.67369724609201,-95.65297823473486,,2021-05-04,13410,0 days 00:00:00,152,3,False,False,,,,Free
2021-05-04 18:00:00,5.387485807789962,13.714287,22.79618430731001,360,187,351.08196720798884,189.07759562773185,21,5.0,14937,2021-05-04 18:00:00,2021-05-04 18:00:00,28.484180327924133,-96.10422501218876,,2021-05-04,13411,0 days 00:00:00,153,4,False,False,,,,Free
2021-05-04 18:00:00,13.669468983153791,58.59555,146.75508866657904,360,189,365.8485730778788,147.80327958161718,145,5.0,14939,2021-05-04 18:00:00,2021-05-04 18:00:00,28.33651426922521,-96.5169681608553,,2021-05-04,13302,0 days 00:45:00,148,6,False,False,,,,Free
2021-05-04 18:00:00,7.8059125804071,13.745454,47.85609390229229,360,190,371.61434510968206,163.58991684768426,44,5.0,14940,2021-05-04 18:00:00,2021-05-04 18:00:00,28.278856548907168,-96.35910179270589,,2021-05-04,13332,0 days 00:30:00,149,6,False,False,,,,Free
2021-05-04 18:00:00,4.426343398760374,10.285714,15.387925991432224,360,206,485.9945946001676,10.937837837489528,14,5.0,14953,2021-05-04 18:00:00,2021-05-04 18:00:00,27.135054054002136,-97.88562253918582,,2021-05-04,13341,0 days 00:30:00,150,3,False,False,,,,Free
2021-05-04 18:15:00,4.935795230793624,10.133335,19.13392861623101,361,232,138.85064934997914,161.6017315999444,18,5.0,14971,2021-05-04 18:15:00,2021-05-04 18:15:00,30.606493506504563,-96.37898364461512,,2021-05-04,13354,0 days 00:30:00,151,4,False,False,,,,Free
2021-05-04 18:15:00,7.335452215404328,13.784615,42.26137919371069,361,248,332.5522475146013,237.6462346735695,39,5.0,14983,2021-05-04 18:15:00,2021-05-04 18:15:00,28.66947752485804,-95.6185386356094,,2021-05-04,13410,0 days 00:15:00,152,3,False,False,,,,Free
2021-05-04 18:15:00,14.602600006919149,68.25974,167.47510540636617,361,255,368.354790385217,148.2414380495076,155,5.0,14990,2021-05-04 18:15:00,2021-05-04 18:15:00,28.311452096151825,-96.5125865763016,,2021-05-04,13302,0 days 01:00:00,148,6,False,False,,,,Free
2021-05-04 18:15:00,7.807202800278534,15.272727,47.87191523913535,361,257,375.1181415893168,163.8566371656396,44,5.0,14992,2021-05-04 18:15:00,2021-05-04 18:15:00,28.243818584110816,-96.35643458960254,,2021-05-04,13332,0 days 00:45:00,149,6,False,False,,,,Free
2021-05-04 18:15:00,2.6358138834251075,9.6,5.456565386132151,361,264,407.6,81.2,5,5.0,14996,2021-05-04 18:15:00,2021-05-04 18:15:00,27.919000000003933,-97.1830009376389,,2021-05-04,13448,0 days 00:00:00,155,3,False,False,,,,Free
2021-05-04 18:15:00,1.669593656874952,14.400001,2.1893311361585863,361,271,441.0,53.24468085646036,2,5.0,15001,2021-05-04 18:15:00,2021-05-04 18:15:00,27.58500000000388,-97.4625541210857,,2021-05-04,13453,0 days 00:00:00,156,3,False,False,,,,Free
2021-05-04 18:30:00,2.3263856577790043,9.6,4.250630017814578,362,237,135.0,170.83333333333334,6,5.0,15026,2021-05-04 18:30:00,2021-05-04 18:30:00,30.64500000000436,-96.28666762991924,,2021-05-04,13354,0 days 00:45:00,151,4,False,False,,,,Free
2021-05-04 18:30:00,11.154368356196812,19.626669,97.71918720259704,362,256,352.9176542232873,194.4200850523875,90,5.0,15045,2021-05-04 18:30:00,2021-05-04 18:30:00,28.465823457771144,-96.05080011946887,,2021-05-04,13411,0 days 00:30:00,153,4,False,False,,,,Free
2021-05-04 18:30:00,14.979289232496203,29.74815,176.22693768708558,362,259,372.8475506338314,147.29961088285555,162,5.0,15048,2021-05-04 18:30:00,2021-05-04 18:30:00,28.26652449366568,-96.522004847699,,2021-05-04,13302,0 days 01:15:00,148,6,False,False,,,,Free
2021-05-04 18:30:00,6.964733183192255,10.148573,38.09770794006324,362,260,379.87014428583217,163.10210876850542,35,5.0,15049,2021-05-04 18:30:00,2021-05-04 18:30:00,28.196298557145653,-96.36397987335825,,2021-05-04,13332,0 days 01:00:00,149,6,False,False,,,,Free
2021-05-04 18:30:00,4.86073970925168,13.552941,18.556437882245124,362,267,410.198074273253,79.35075653785024,17,5.0,15055,2021-05-04 18:30:00,2021-05-04 18:30:00,27.8930192572714,-97.20149337173194,,2021-05-04,13448,0 days 00:15:00,155,3,False,False,,,,Free
2021-05-04 18:30:00,5.009275435921721,22.400002,19.70787075903154,362,279,443.19731800851446,53.833333332318354,18,5.0,15063,2021-05-04 18:30:00,2021-05-04 18:30:00,27.563026819918733,-97.45666759649538,,2021-05-04,13453,0 days 00:15:00,156,3,False,False,,,,Free
2021-05-04 18:45:00,4.025378177478808,9.599999,12.726332243390242,363,243,116.41666666666669,260.9166666666667,12,5.0,15086,2021-05-04 18:45:00,2021-05-04 18:45:00,30.83083333333772,-95.3858343223282,,2021-05-04,13519,0 days 00:00:00,158,3,False,False,,,,Free
2021-05-04 18:45:00,5.636342687744458,18.365217,24.950810729255448,363,273,343.4391672158929,234.74040338125613,23,5.0,15108,2021-05-04 18:45:00,2021-05-04 18:45:00,28.560608327845102,-95.64759694770214,,2021-05-04,13410,0 days 00:45:00,152,3,False,False,,,,Free
2021-05-04 18:45:00,10.969052426760696,14.89655,94.49919430993766,363,274,357.5897793212163,194.21579559488663,87,5.0,15109,2021-05-04 18:45:00,2021-05-04 18:45:00,28.419102206791848,-96.05284301398552,,2021-05-04,13411,0 days 00:45:00,153,4,False,False,,,,Free
2021-05-04 18:45:00,1.6653632278242143,9.6,2.178250504437458,363,279,386.0,162.5,2,5.0,15114,2021-05-04 18:45:00,2021-05-04 18:45:00,28.135000000003966,-96.37000096087128,,2021-05-04,13332,0 days 01:15:00,149,6,False,False,,,,Free
2021-05-04 18:45:00,3.119371070284872,9.599999,7.6422978805250255,363,283,412.0,79.0,7,5.0,15118,2021-05-04 18:45:00,2021-05-04 18:45:00,27.87500000000393,-97.2050009370102,,2021-05-04,13448,0 days 00:30:00,155,3,False,False,,,,Free
2021-05-04 18:45:00,4.5733840476769085,17.28,16.427263615894194,363,291,445.89793702341007,53.33550487692041,15,5.0,15125,2021-05-04 18:45:00,2021-05-04 18:45:00,27.536020629769773,-97.4616458809071,,2021-05-04,13453,0 days 00:30:00,156,3,False,False,,,,Free
2021-05-04 19:00:00,20.91121283348628,14.903703,343.43798382284507,364,258,111.43592456923922,267.4448870357496,325,5.0,15152,2021-05-04 19:00:00,2021-05-04 19:00:00,30.880640754312005,-95.3205521205029,,2021-05-04,13519,0 days 00:15:00,158,3,False,False,,,,Free
2021-05-04 19:00:00,1.171191638547287,19.2,1.0773226922420114,364,275,271.7553191435396,273.2446808564604,2,5.0,15164,2021-05-04 19:00:00,2021-05-04 19:00:00,29.277446808568747,-95.26255418395311,,2021-05-04,13575,0 days 00:00:00,159,3,False,False,,,,Free
2021-05-04 19:00:00,8.80141875575531,20.742857,60.84084682609689,364,289,360.27019055283984,194.8634301523236,56,5.0,15176,2021-05-04 19:00:00,2021-05-04 19:00:00,28.39229809447561,-96.0463666685962,,2021-05-04,13411,0 days 01:00:00,153,4,False,False,,,,Free
2021-05-04 19:00:00,3.54019715077031,9.6,9.843391935277284,364,302,431.44444444444446,107.33333333333331,9,5.0,15187,2021-05-04 19:00:00,2021-05-04 19:00:00,27.68055555555945,-96.92166761177344,,2021-05-04,13592,0 days 00:00:00,160,5,False,False,,,,Free
2021-05-04 19:15:00,2.59690384864797,9.6,5.296654213269342,365,232,105.83333333333331,274.8333333333333,6,5.0,15220,2021-05-04 19:15:00,2021-05-04 19:15:00,30.93666666667108,-95.24666765963838,,2021-05-04,13519,0 days 00:30:00,158,3,False,False,,,,Free
2021-05-04 19:15:00,7.59066644686868,61.257145,45.253241894558606,365,239,273.1903762031396,276.2643600992629,44,5.0,15226,2021-05-04 19:15:00,2021-05-04 19:15:00,29.263096237972743,-95.232357392388,,2021-05-04,13575,0 days 00:15:00,159,3,False,False,,,,Free
2021-05-04 19:15:00,10.820709493775086,74.99295,91.9605069076211,365,247,316.0399245287783,274.5679809257132,105,5.0,15233,2021-05-04 19:15:00,2021-05-04 19:15:00,28.83460075471629,-95.24932118363876,,2021-05-04,13633,0 days 00:00:00,161,4,False,False,,,,Free
2021-05-04 19:15:00,5.278320889265477,18.720003,21.881720156478018,365,261,434.6366313192188,106.65842168089132,30,5.0,15247,2021-05-04 19:15:00,2021-05-04 19:15:00,27.648633686811703,-96.928416728105,,2021-05-04,13592,0 days 00:15:00,160,5,False,False,,,,Free
2021-05-04 19:30:00,14.249148023784556,97.686485,159.46584461917246,366,224,273.6436402913955,278.9426867716572,148,5.0,15282,2021-05-04 19:30:00,2021-05-04 19:30:00,29.258563597090188,-95.20557412642944,,2021-05-04,13575,0 days 00:30:00,159,3,False,False,,,,Free
2021-05-04 19:30:00,10.498261197860437,38.88,86.56147119702189,366,228,317.79951295897695,277.3293978549133,80,5.0,15286,2021-05-04 19:30:00,2021-05-04 19:30:00,28.817004870414305,-95.22170701513583,,2021-05-04,13633,0 days 00:15:00,161,4,False,False,,,,Free
2021-05-04 19:30:00,1.6671044388751513,9.6,2.182807800471924,366,234,408.5,147.0,2,5.0,15291,2021-05-04 19:30:00,2021-05-04 19:30:00,27.910000000003933,-96.52500095644194,,2021-05-04,13677,0 days 00:00:00,162,3,False,False,,,,Free
2021-05-04 19:30:00,8.823836237326756,18.171429,61.15116850172597,366,235,415.16079171370615,128.90591106122042,56,5.0,15292,2021-05-04 19:30:00,2021-05-04 19:30:00,27.84339208286686,-96.70594184065914,,2021-05-04,13678,0 days 00:00:00,163,3,False,False,,,,Free
2021-05-04 19:30:00,,,,366,240,439.54692753763726,105.79639254270462,65,5.0,15297,2021-05-04 19:30:00,2021-05-04 19:30:00,27.59953072462751,-96.9370370192405,,2021-05-04,13592,0 days 00:30:00,160,5,False,False,,,,Free
2021-05-04 19:45:00,7.140294528862782,26.464865,40.04258756313804,367,222,320.17929990379224,279.8617476760217,37,5.0,15334,2021-05-04 19:45:00,2021-05-04 19:45:00,28.793207000966145,-95.19638351764844,,2021-05-04,13633,0 days 00:30:00,161,4,False,False,,,,Free
2021-05-04 19:45:00,2.624507145325216,9.6,5.409852202867171,367,223,316.4,297.8,5,5.0,15335,2021-05-04 19:45:00,2021-05-04 19:45:00,28.831000000004074,-95.01700099953467,,2021-05-04,13711,0 days 00:00:00,164,3,False,False,,,,Free
2021-05-04 19:45:00,2.041824790954452,9.6,3.2743630169163187,367,228,410.0,145.6,5,5.0,15340,2021-05-04 19:45:00,2021-05-04 19:45:00,27.89500000000393,-96.53900095604187,,2021-05-04,13677,0 days 00:15:00,162,3,False,False,,,,Free
2021-05-04 19:45:00,9.509004694031,34.116924,71.01662106317269,367,229,419.7335940018238,127.15132620963992,65,5.0,15341,2021-05-04 19:45:00,2021-05-04 19:45:00,27.797664059985674,-96.72348768867356,,2021-05-04,13678,0 days 00:15:00,163,3,False,False,,,,Free
2021-05-04 19:45:00,7.831120349230489,14.181817,48.1656779965061,367,230,442.432221147624,106.14204004415484,107,5.0,15342,2021-05-04 19:45:00,2021-05-04 19:45:00,27.57067778852764,-96.9335805443248,,2021-05-04,13592,0 days 00:45:00,160,5,False,False,,,,Free
2021-05-04 20:00:00,3.892800360972979,13.090909,11.901841026735786,368,213,316.63370786300135,298.83595506244046,11,5.0,15378,2021-05-04 20:00:00,2021-05-04 20:00:00,28.82866292137406,-95.00664144920631,,2021-05-04,13711,0 days 00:15:00,164,3,False,False,,,,Free
2021-05-04 20:00:00,2.3480332370348256,9.6,4.330104342908243,368,214,321.75,281.25,4,5.0,15379,2021-05-04 20:00:00,2021-05-04 20:00:00,28.777500000004068,-95.18250099480537,,2021-05-04,13633,0 days 00:45:00,161,4,False,False,,,,Free
2021-05-04 20:00:00,11.914396608417448,25.22353,111.4895049636522,368,218,425.4077952255644,125.56951716382912,102,5.0,15383,2021-05-04 20:00:00,2021-05-04 20:00:00,27.74092204774826,-96.73930577867964,,2021-05-04,13678,0 days 00:30:00,163,3,False,False,,,,Free
2021-05-04 20:00:00,5.411509477567269,10.97143,22.999941328315884,368,222,446.70334928266055,105.5199362026912,21,5.0,15386,2021-05-04 20:00:00,2021-05-04 20:00:00,27.527966507177265,-96.93980158256164,,2021-05-04,13592,0 days 01:00:00,160,5,False,False,,,,Free
2021-05-04 20:15:00,3.8927663682984015,11.345454,11.901633169355511,369,143,316.53868194294324,300.6532951426419,11,5.0,15410,2021-05-04 20:15:00,2021-05-04 20:15:00,28.829613180574643,-94.98846804892366,,2021-05-04,13711,0 days 00:30:00,164,3,False,False,,,,Free
2021-05-04 20:15:00,5.6563228864422,10.434785,25.12801988281369,369,149,419.74559999499513,141.52159999682618,23,5.0,15416,2021-05-04 20:15:00,2021-05-04 20:15:00,27.79754400005396,-96.57978495490818,,2021-05-04,13677,0 days 00:45:00,162,3,False,False,,,,Free
2021-05-04 22:00:00,2.318205042519234,19.2,4.220788335850365,376,54,68.33098591785775,463.6690140821423,4,5.0,15560,2021-05-04 22:00:00,2021-05-04 22:00:00,31.311690140825885,-93.35831090611214,,2021-05-04,13895,0 days 00:00:00,165,3,False,False,,,,Free
2021-05-04 22:30:00,2.5899428736237216,9.6,5.2682970116432735,378,43,54.8,490.6,5,5.0,15580,2021-05-04 22:30:00,2021-05-04 22:30:00,31.447000000004483,-93.08900105462942,,2021-05-04,13895,0 days 00:30:00,165,3,False,False,,,,Free
2021-05-04 22:45:00,4.062803629599971,9.599999,12.964075299847895,379,51,300.75,468.75,12,5.0,15600,2021-05-04 22:45:00,2021-05-04 22:45:00,28.9875000000041,-93.30750104838552,,2021-05-04,13930,0 days 00:00:00,166,3,False,False,,,,Free
2021-05-04 23:00:00,1.637997476176639,9.6,2.1072513362119283,380,54,54.5,492.0,2,5.0,15603,2021-05-04 23:00:00,2021-05-04 23:00:00,31.450000000004486,-93.07500105502947,,2021-05-04,13895,0 days 01:00:00,165,3,False,False,,,,Free
2021-05-04 23:00:00,7.322275860148534,23.630768,42.10969097984321,380,63,295.191852465742,487.72694740008006,39,5.0,15609,2021-05-04 23:00:00,2021-05-04 23:00:00,29.04308147534669,-93.11773157980758,,2021-05-04,13936,0 days 00:00:00,167,4,False,False,,,,Free
2021-05-04 23:00:00,6.206238539065707,11.657145,30.25149270854304,380,64,301.4506437761653,469.45708153781817,28,5.0,15610,2021-05-04 23:00:00,2021-05-04 23:00:00,28.980493562242447,-93.3004302332094,,2021-05-04,13930,0 days 00:15:00,166,3,False,False,,,,Free
2021-05-04 23:15:00,10.288155623587944,34.909096,83.13136877725593,381,30,294.16291792457986,491.48866696660326,77,5.0,15614,2021-05-04 23:15:00,2021-05-04 23:15:00,29.05337082075831,-93.08011438521731,,2021-05-04,13936,0 days 00:15:00,167,4,False,False,,,,Free
2021-05-04 23:15:00,9.457545820576115,13.144614,70.2500745583594,381,32,304.3683415311069,469.886664119332,65,5.0,15616,2021-05-04 23:15:00,2021-05-04 23:15:00,28.951316584693025,-93.296134407517,,2021-05-04,13930,0 days 00:30:00,166,3,False,False,,,,Free
2021-05-04 23:30:00,12.128259913648812,53.742054,115.52789821935416,382,115,293.1790376377911,494.25425869373663,109,5.0,15623,2021-05-04 23:30:00,2021-05-04 23:30:00,29.0632096236262,-93.05245846873628,,2021-05-04,13936,0 days 00:30:00,167,4,False,False,,,,Free
2021-05-04 23:30:00,3.907541127545688,9.599999,11.992148474022612,382,123,396.54545454545456,320.45454545454544,11,5.0,15631,2021-05-04 23:30:00,2021-05-04 23:30:00,28.029545454549403,-94.79045555146304,,2021-05-04,13952,0 days 00:00:00,168,3,False,False,,,,Free
2021-05-04 23:30:00,4.858582920476013,15.811766,18.539973952859985,382,125,400.22742111328967,319.42655058199034,17,5.0,15633,2021-05-04 23:30:00,2021-05-04 23:30:00,27.99272578887105,-94.8007354998948,,2021-05-04,13954,0 days 00:00:00,169,4,False,False,,,,Free
2021-05-04 23:45:00,11.957368062126111,66.64616,112.2951698793596,383,145,292.1400362309665,496.5091713931164,104,5.0,15652,2021-05-04 23:45:00,2021-05-04 23:45:00,29.07359963769445,-93.02990934238689,,2021-05-04,13936,0 days 00:45:00,167,4,False,False,,,,Free
2021-05-04 23:45:00,,,,383,155,373.9380723943159,353.47623200844424,35,5.0,15662,2021-05-04 23:45:00,2021-05-04 23:45:00,28.255619276060827,-94.46023869536036,,2021-05-04,13981,0 days 00:00:00,174,3,False,False,,,,Free
2021-05-04 23:45:00,3.907260474814128,9.599999,11.99042590310077,383,158,395.1666666666667,135.58333333333334,12,5.0,15663,2021-05-04 23:45:00,2021-05-04 23:45:00,28.043333333337284,-96.63916761984616,,2021-05-04,13982,0 days 00:00:00,175,13,False,False,,,,Free
2021-05-04 23:45:00,9.3522635631905,31.23809,68.69471979333915,383,159,399.0909860854607,319.1199031972953,63,5.0,15664,2021-05-04 23:45:00,2021-05-04 23:45:00,28.004090139149337,-94.80380197365412,,2021-05-04,13952,0 days 00:15:00,168,3,False,False,,,,Free
2021-05-05 00:00:00,10.658437840948428,15.453656,89.22303558596349,384,153,375.9199719994473,351.386374251062,82,5.0,15701,2021-05-05 00:00:00,2021-05-05 00:00:00,28.23580028000951,-94.48113727233698,,2021-05-05,13981,0 days 00:15:00,174,3,False,False,,,,Free
2021-05-05 00:00:00,4.998997007182652,13.333335,19.627077387876053,384,161,397.7000000190735,133.02533333935207,18,5.0,15709,2021-05-05 00:00:00,2021-05-05 00:00:00,28.017999999813213,-96.664747619055,,2021-05-05,13982,0 days 00:15:00,175,13,False,False,,,,Free
2021-05-05 00:00:00,2.634983993443886,9.6,5.453129911347263,384,163,400.8,139.6,5,5.0,15711,2021-05-05 00:00:00,2021-05-05 00:00:00,27.987000000003945,-96.59900095432732,,2021-05-05,14018,0 days 00:00:00,177,4,False,False,,,,Free
2021-05-05 00:00:00,7.638984388797795,20.114285,45.8311892161928,384,167,406.3541272904205,314.4810963911757,42,5.0,15714,2021-05-05 00:00:00,2021-05-05 00:00:00,27.93145872709973,-94.85019004038976,,2021-05-05,13954,0 days 00:30:00,169,4,False,False,,,,Free
2021-05-05 00:15:00,2.033415826047224,9.6,3.247448556492452,385,210,321.3333333333333,424.3333333333333,3,5.0,15740,2021-05-05 00:15:00,2021-05-05 00:15:00,28.78166666667073,-93.75166770235968,,2021-05-05,14039,0 days 00:00:00,178,4,False,False,,,,Free
2021-05-05 00:15:00,5.772601330504087,15.600001,26.17176497441321,385,231,398.9724843004184,130.86556604808018,24,5.0,15761,2021-05-05 00:15:00,2021-05-05 00:15:00,28.00527515699976,-96.68634529135056,,2021-05-05,13982,0 days 00:30:00,175,13,False,False,,,,Free
2021-05-05 00:15:00,3.3333023878372434,16.800001,8.726484230485134,385,234,402.8538135554694,137.89830508645804,8,5.0,15764,2021-05-05 00:15:00,2021-05-05 00:15:00,27.966461864449247,-96.61601790297648,,2021-05-05,14018,0 days 00:15:00,177,4,False,False,,,,Free
2021-05-05 00:15:00,6.667270584191799,21.300001,34.9129095358686,385,236,404.772622694172,315.96127300639995,32,5.0,15766,2021-05-05 00:15:00,2021-05-05 00:15:00,27.94727377306221,-94.83538827466047,,2021-05-05,13952,0 days 00:45:00,168,3,False,False,,,,Free
2021-05-05 00:15:00,1.667142969138486,9.6,2.182908700126811,385,238,409.0,311.5,2,5.0,15768,2021-05-05 00:15:00,2021-05-05 00:15:00,27.90500000000393,-94.8800010034496,,2021-05-05,13954,0 days 00:45:00,169,4,False,False,,,,Free
2021-05-05 00:15:00,9.453773342788198,11.099999,70.19404226515972,385,253,461.6096202795087,122.57164557457124,65,5.0,15779,2021-05-05 00:15:00,2021-05-05 00:15:00,27.37890379720876,-96.7692844937156,,2021-05-05,14063,0 days 00:00:00,180,4,False,False,,,,Free
2021-05-05 00:30:00,1.6578091500653207,9.6,2.1585342596407977,386,169,290.5,499.0,2,5.0,15785,2021-05-05 00:30:00,2021-05-05 00:30:00,29.09000000000412,-93.0050010570298,,2021-05-05,14067,0 days 00:00:00,181,3,False,False,,,,Free
2021-05-05 00:30:00,6.9462577136804695,12.617144,37.89585111802481,386,173,324.4757894565656,422.8392982590459,39,5.0,15789,2021-05-05 00:30:00,2021-05-05 00:30:00,28.750242105438407,-93.76660805267556,,2021-05-05,14039,0 days 00:15:00,178,4,False,False,,,,Free
2021-05-05 00:30:00,15.485480591943118,21.919079,188.33856531947887,386,192,382.9343447358115,346.74968907855856,236,5.0,15806,2021-05-05 00:30:00,2021-05-05 00:30:00,28.165656552645856,-94.527504122737,,2021-05-05,13981,0 days 00:45:00,174,3,False,False,,,,Free
2021-05-05 00:30:00,1.6662163206246146,9.6,2.1804827210996662,386,198,396.6666666666667,95.0,3,5.0,15810,2021-05-05 00:30:00,2021-05-05 00:30:00,28.028333333337283,-97.04500094158236,,2021-05-05,14082,0 days 00:00:00,182,5,False,False,,,,Free
2021-05-05 00:30:00,4.409095579469407,14.400001,15.268237551434412,386,199,400.3556231018458,128.07294832672562,14,5.0,15811,2021-05-05 00:30:00,2021-05-05 00:30:00,27.991443768985487,-96.71427146776608,,2021-05-05,13982,0 days 00:45:00,175,13,False,False,,,,Free
2021-05-05 00:30:00,9.133151950125075,10.5599985,65.51356725369685,386,201,411.26411204568177,309.9369592444542,93,5.0,15813,2021-05-05 00:30:00,2021-05-05 00:30:00,27.88235887954711,-94.89563141055844,,2021-05-05,13954,0 days 01:00:00,169,4,False,False,,,,Free
2021-05-05 00:30:00,3.5358536465767707,14.933334,9.819252835577574,386,202,404.6823266238331,136.52348993574967,9,5.0,15814,2021-05-05 00:30:00,2021-05-05 00:30:00,27.948176733765607,-96.62976605409068,,2021-05-05,14018,0 days 00:30:00,177,4,False,False,,,,Free
2021-05-05 00:30:00,9.381562557286363,14.171426,69.12581091296889,386,221,465.7407280657179,118.62087911029842,64,5.0,15832,2021-05-05 00:30:00,2021-05-05 00:30:00,27.337592719346663,-96.80879215722932,,2021-05-05,14063,0 days 00:15:00,180,4,False,False,,,,Free
2021-05-05 00:45:00,2.8836402014017826,64.0,6.530884817020143,387,184,379.6757062203391,59.7700565061186,6,5.0,15856,2021-05-05 00:45:00,2021-05-05 00:45:00,28.198242937800583,-97.39730036645386,,2021-05-05,14108,0 days 00:00:00,184,4,False,False,,,,Free
2021-05-05 00:45:00,3.726309111347275,18.24,10.90555163066186,387,188,400.3972809623063,126.7854984896436,10,5.0,15860,2021-05-05 00:45:00,2021-05-05 00:45:00,27.99102719038088,-96.727145965769,,2021-05-05,13982,0 days 01:00:00,175,13,False,False,,,,Free
2021-05-05 00:45:00,4.083083070060342,10.4,13.093818383155163,387,191,405.8518518573027,134.56790123820178,12,5.0,15862,2021-05-05 00:45:00,2021-05-05 00:45:00,27.93648148143091,-96.64932194050732,,2021-05-05,14018,0 days 00:45:00,177,4,False,False,,,,Free
2021-05-05 00:45:00,7.382573296800382,9.600001,42.80607581503189,387,211,470.46153846153845,115.94871794871794,39,5.0,15878,2021-05-05 00:45:00,2021-05-05 00:45:00,27.29038461538845,-96.83551376808153,,2021-05-05,14063,0 days 00:30:00,180,4,False,False,,,,Free
2021-05-05 01:00:00,6.734760588768328,45.38182,35.623304644894205,388,173,292.5225874262574,496.84361396633096,33,5.0,15880,2021-05-05 01:00:00,2021-05-05 01:00:00,29.06977412574154,-93.02656491675026,,2021-05-05,14067,0 days 00:30:00,181,3,False,False,,,,Free
2021-05-05 01:00:00,,,,388,183,336.5,421.5,2,5.0,15890,2021-05-05 01:00:00,2021-05-05 01:00:00,28.63000000000405,-93.7800010348833,,2021-05-05,14039,0 days 00:45:00,178,4,False,False,,,,Free
2021-05-05 01:00:00,2.354519096713428,69.6,4.354059061165376,388,192,379.7399380643157,59.83359133225201,4,5.0,15899,2021-05-05 01:00:00,2021-05-05 01:00:00,28.19760061936082,-97.39666501821068,,2021-05-05,14108,0 days 00:15:00,184,4,False,False,,,,Free
2021-05-05 01:00:00,4.713167989902775,21.0,17.44679749611824,388,198,399.2256331337739,90.99846508211674,17,5.0,15905,2021-05-05 01:00:00,2021-05-05 01:00:00,28.00274366866621,-97.08501628961773,,2021-05-05,14082,0 days 00:30:00,182,5,False,False,,,,Free
2021-05-05 01:00:00,3.117887271548678,12.342856,7.635029149292797,388,200,401.4474708243401,125.18677042296196,7,5.0,15907,2021-05-05 01:00:00,2021-05-05 01:00:00,27.980525291760543,-96.74313324597898,,2021-05-05,13982,0 days 01:15:00,175,13,False,False,,,,Free
2021-05-05 01:00:00,1.6723153095932808,9.6,2.19647473742404,388,227,477.0,111.5,2,5.0,15927,2021-05-05 01:00:00,2021-05-05 01:00:00,27.225000000003824,-96.8800009462974,,2021-05-05,14063,0 days 00:45:00,180,4,False,False,,,,Free
2021-05-05 01:15:00,3.7070279245172446,21.119999,10.79298556974133,389,136,290.46650125032494,498.38585606861454,10,5.0,15928,2021-05-05 01:15:00,2021-05-05 01:15:00,29.090334987500867,-93.01114249616812,,2021-05-05,14067,0 days 00:45:00,181,3,False,False,,,,Free
2021-05-05 01:15:00,2.039041556438429,28.800003,3.265442458235668,389,146,379.80112044705686,59.66666666666666,3,5.0,15938,2021-05-05 01:15:00,2021-05-05 01:15:00,28.196988795533407,-97.3983342648188,,2021-05-05,14108,0 days 00:30:00,184,4,False,False,,,,Free
2021-05-05 01:15:00,5.135811851383959,22.231579,20.71610442974604,389,149,398.5117647057448,88.12598039409328,24,5.0,15941,2021-05-05 01:15:00,2021-05-05 01:15:00,28.00988235294649,-97.11374113567712,,2021-05-05,14082,0 days 00:45:00,182,5,False,False,,,,Free
2021-05-05 01:15:00,4.714110647078535,19.2,17.45377708757987,389,151,402.8714788757077,123.1742957600305,16,5.0,15943,2021-05-05 01:15:00,2021-05-05 01:15:00,27.966285211246863,-96.76325799203318,,2021-05-05,13982,0 days 01:30:00,175,13,False,False,,,,Free
2021-05-05 01:30:00,2.876945793969516,9.599999,6.500596950246693,390,167,330.85714285714283,424.2857142857143,7,5.0,15968,2021-05-05 01:30:00,2021-05-05 01:30:00,28.686428571432625,-93.75214389282225,,2021-05-05,14039,0 days 01:15:00,178,4,False,False,,,,Free
2021-05-05 01:30:00,2.881859386554805,9.599999,6.522820908457979,390,176,366.5,156.0,6,5.0,15977,2021-05-05 01:30:00,2021-05-05 01:30:00,28.330000000004,-96.4350009590138,,2021-05-05,14169,0 days 00:00:00,185,3,False,False,,,,Free
2021-05-05 01:30:00,2.039041556438429,16.0,3.265442458235668,390,179,379.8606060571031,59.56969697144844,3,5.0,15980,2021-05-05 01:30:00,2021-05-05 01:30:00,28.196393939432944,-97.39930396174329,,2021-05-05,14108,0 days 00:45:00,184,4,False,False,,,,Free
2021-05-05 01:30:00,4.712949233115056,31.8,17.445177983801887,390,186,397.7439365852491,85.86847015166451,16,5.0,15987,2021-05-05 01:30:00,2021-05-05 01:30:00,28.01756063415145,-97.1363162374563,,2021-05-05,14082,0 days 01:00:00,182,5,False,False,,,,Free
2021-05-05 01:30:00,6.770286328584189,15.127274,36.000120449092826,390,190,404.1220825757492,121.82345902847588,33,5.0,15991,2021-05-05 01:30:00,2021-05-05 01:30:00,27.95377917424645,-96.77676635896272,,2021-05-05,13982,0 days 01:45:00,175,13,False,False,,,,Free
2021-05-05 01:30:00,6.574394530262999,14.245162,33.94700048257021,390,205,445.8689205281353,148.62752077076792,42,5.0,16005,2021-05-05 01:30:00,2021-05-05 01:30:00,27.53631079472252,-96.50872574919936,,2021-05-05,14187,0 days 00:00:00,186,3,False,False,,,,Free
2021-05-05 01:30:00,4.575751082036717,9.6,16.44427244766046,390,209,457.26666666666665,145.8,15,5.0,16008,2021-05-05 01:30:00,2021-05-05 01:30:00,27.42233333333719,-96.537000956099,,2021-05-05,14190,0 days 00:00:00,187,3,False,False,,,,Free
2021-05-05 01:45:00,2.356522498552984,24.0,4.361471734952652,391,143,398.1868421059236,83.5605263177708,4,5.0,16030,2021-05-05 01:45:00,2021-05-05 01:45:00,28.013131578944712,-97.15939567513573,,2021-05-05,14082,0 days 01:15:00,182,5,False,False,,,,Free
2021-05-05 01:45:00,7.265572061799789,20.71579,41.46002031077804,391,144,404.8951774991587,119.96517080951372,38,5.0,16031,2021-05-05 01:45:00,2021-05-05 01:45:00,27.94604822501235,-96.7953492406213,,2021-05-05,13982,0 days 02:00:00,175,13,False,False,,,,Free
2021-05-05 01:45:00,5.539088970397847,11.78182,24.097198951172164,391,158,447.8176943646609,144.9946380751888,22,5.0,16044,2021-05-05 01:45:00,2021-05-05 01:45:00,27.51682305635726,-96.54505457511698,,2021-05-05,14187,0 days 00:15:00,186,3,False,False,,,,Free
2021-05-05 01:45:00,2.3631465553013355,9.6,4.386025917058798,391,161,459.5,142.5,4,5.0,16047,2021-05-05 01:45:00,2021-05-05 01:45:00,27.40000000000385,-96.57000095515605,,2021-05-05,14190,0 days 00:15:00,187,3,False,False,,,,Free
2021-05-05 02:00:00,3.108610403393562,13.714286,7.589662667991288,392,159,337.9934426296145,145.8360655840223,7,5.0,16059,2021-05-05 02:00:00,2021-05-05 02:00:00,28.61506557370789,-96.53664030026914,,2021-05-05,14222,0 days 00:00:00,189,3,False,False,,,,Free
2021-05-05 02:00:00,4.075244951141165,11.2,13.043595355229078,392,176,365.0053763385728,151.190860211608,12,5.0,16074,2021-05-05 02:00:00,2021-05-05 02:00:00,28.34494623661827,-96.48309235552348,,2021-05-05,14169,0 days 00:30:00,185,3,False,False,,,,Free
2021-05-05 02:00:00,7.906888875460725,21.76,49.10222271009394,392,185,405.8589233706757,119.8690002456742,45,5.0,16083,2021-05-05 02:00:00,2021-05-05 02:00:00,27.93641076629718,-96.7963109462322,,2021-05-05,13982,0 days 02:15:00,175,13,False,False,,,,Free
2021-05-05 02:00:00,2.0456019461933908,9.6,3.2864886576709123,392,196,449.3333333333333,142.33333333333334,3,5.0,16092,2021-05-05 02:00:00,2021-05-05 02:00:00,27.50166666667053,-96.57166762177508,,2021-05-05,14187,0 days 00:30:00,186,3,False,False,,,,Free
2021-05-05 02:00:00,,,,392,197,460.5,140.5,2,5.0,16093,2021-05-05 02:00:00,2021-05-05 02:00:00,27.39000000000385,-96.59000095458453,,2021-05-05,14190,0 days 00:30:00,187,3,False,False,,,,Free
2021-05-05 02:15:00,1.1749842428499957,9.6,1.0843112567894233,393,142,338.5,147.5,2,5.0,16103,2021-05-05 02:15:00,2021-05-05 02:15:00,28.61000000000404,-96.5200009565848,,2021-05-05,14222,0 days 00:15:00,189,3,False,False,,,,Free
2021-05-05 02:15:00,2.6306542419839816,13.44,5.435223693360677,393,150,365.9027237419061,151.634241247302,7,5.0,16111,2021-05-05 02:15:00,2021-05-05 02:15:00,28.335972762584937,-96.47865854529324,,2021-05-05,14169,0 days 00:45:00,185,3,False,False,,,,Free
2021-05-05 02:15:00,8.334874594213003,17.088,54.56171604826123,393,159,406.7726671103745,119.17240239412888,50,5.0,16120,2021-05-05 02:15:00,2021-05-05 02:15:00,27.92727332890019,-96.80327692454864,,2021-05-05,13982,0 days 02:30:00,175,13,False,False,,,,Free
2021-05-05 02:15:00,5.275055830276766,14.88,21.854657379750822,393,161,421.568825913569,348.57287449246166,20,5.0,16122,2021-05-05 02:15:00,2021-05-05 02:15:00,27.77931174086822,-94.50927226911898,,2021-05-05,14255,0 days 00:00:00,190,3,False,False,,,,Free
2021-05-05 02:30:00,1.1749842428499957,9.6,1.0843112567894233,394,126,338.5,147.5,2,5.0,16136,2021-05-05 02:30:00,2021-05-05 02:30:00,28.61000000000404,-96.5200009565848,,2021-05-05,14222,0 days 00:30:00,189,3,False,False,,,,Free
2021-05-05 02:30:00,8.977560316359945,18.70345,63.300413160388594,394,138,407.9814861188451,116.93645235767843,59,5.0,16148,2021-05-05 02:30:00,2021-05-05 02:30:00,27.91518513881548,-96.8256364242742,,2021-05-05,13982,0 days 02:45:00,175,13,False,False,,,,Free
2021-05-05 02:30:00,10.549456553312606,22.08,87.40777336866265,394,141,420.923302089357,349.1579332728265,80,5.0,16151,2021-05-05 02:30:00,2021-05-05 02:30:00,27.785766979110345,-94.50342168148252,,2021-05-05,14255,0 days 00:15:00,190,3,False,False,,,,Free
2021-05-05 02:30:00,3.5491766489055987,9.6,9.893389611737918,394,155,487.44444444444446,63.11111111111112,9,5.0,16162,2021-05-05 02:30:00,2021-05-05 02:30:00,27.120555555559363,-97.36388982135868,,2021-05-05,14276,0 days 00:00:00,192,4,False,False,,,,Free
2021-05-05 02:45:00,7.639489177406771,12.571428,45.837246520531686,395,143,407.9371069223885,116.17610062930804,42,5.0,16181,2021-05-05 02:45:00,2021-05-05 02:45:00,27.91562893078005,-96.8332399413406,,2021-05-05,13982,0 days 03:00:00,175,13,False,False,,,,Free
2021-05-05 02:45:00,8.170956780858443,16.0,52.43674294497645,395,145,418.5507575786037,348.17954545356025,48,5.0,16183,2021-05-05 02:45:00,2021-05-05 02:45:00,27.80949242421788,-94.5132055593956,,2021-05-05,14255,0 days 00:30:00,190,3,False,False,,,,Free
2021-05-05 02:45:00,4.869654074916048,11.858824,18.62456354532953,395,160,450.0,86.86792454064758,17,5.0,16195,2021-05-05 02:45:00,2021-05-05 02:45:00,27.495000000003863,-97.12632169385203,,2021-05-05,14292,0 days 00:00:00,193,4,False,False,,,,Free
2021-05-05 02:45:00,,,,395,161,458.9027237419061,72.544747082434,7,5.0,16196,2021-05-05 02:45:00,2021-05-05 02:45:00,27.405972762584792,-97.2695534643412,,2021-05-05,14293,0 days 00:00:00,194,4,False,False,,,,Free
2021-05-05 02:45:00,,,,395,163,490.5,60.75,4,5.0,16198,2021-05-05 02:45:00,2021-05-05 02:45:00,27.090000000003805,-97.38750093179505,,2021-05-05,14276,0 days 00:15:00,192,4,False,False,,,,Free
2021-05-05 03:00:00,3.728103339255021,9.6,10.916056264224355,396,151,410.5,414.5,10,5.0,16219,2021-05-05 03:00:00,2021-05-05 03:00:00,27.89000000000393,-93.85000103288304,,2021-05-05,14306,0 days 00:00:00,195,4,False,False,,,,Free
2021-05-05 03:00:00,5.282193217516143,17.760002,21.913838053920283,396,164,450.9984871422129,84.4644478023269,22,5.0,16230,2021-05-05 03:00:00,2021-05-05 03:00:00,27.485015128581736,-97.15035646054844,,2021-05-05,14292,0 days 00:15:00,193,4,False,False,,,,Free
2021-05-05 03:00:00,6.472094382671126,22.079994,32.8987627437506,396,165,460.1941972922623,70.85454545421007,31,5.0,16231,2021-05-05 03:00:00,2021-05-05 03:00:00,27.393058027081228,-97.28645548014045,,2021-05-05,14293,0 days 00:15:00,194,4,False,False,,,,Free
2021-05-05 03:00:00,3.742255481199655,14.400002,10.999089797734667,396,167,494.40851062966345,57.24468085646036,10,5.0,16233,2021-05-05 03:00:00,2021-05-05 03:00:00,27.05091489370716,-97.42255412222876,,2021-05-05,14276,0 days 00:30:00,192,4,False,False,,,,Free
2021-05-05 03:15:00,,,,397,122,410.5,414.5,4,5.0,16243,2021-05-05 03:15:00,2021-05-05 03:15:00,27.89000000000393,-93.85000103288304,,2021-05-05,14306,0 days 00:15:00,195,4,False,False,,,,Free
2021-05-05 03:15:00,4.258954000503776,11.815385,14.246093167158124,397,134,453.0564334046903,82.88713319061947,13,5.0,16253,2021-05-05 03:15:00,2021-05-05 03:15:00,27.46443566595696,-97.16612960621478,,2021-05-05,14292,0 days 00:30:00,193,4,False,False,,,,Free
2021-05-05 03:15:00,7.927368739031814,21.759998,49.35691432490844,397,135,462.83213997008966,68.2492707780527,45,5.0,16254,2021-05-05 03:15:00,2021-05-05 03:15:00,27.36667860030295,-97.31250822615756,,2021-05-05,14293,0 days 00:30:00,194,4,False,False,,,,Free
2021-05-05 03:15:00,3.1314338831738966,9.599999,7.701518701046313,397,139,497.1428571428572,54.57142857142857,7,5.0,16258,2021-05-05 03:15:00,2021-05-05 03:15:00,27.02357142857522,-97.44928664431518,,2021-05-05,14276,0 days 00:45:00,192,4,False,False,,,,Free
2021-05-05 03:30:00,4.559279057757163,10.880002,16.326091671011362,398,110,379.0566893382355,151.8956916089966,15,5.0,16271,2021-05-05 03:30:00,2021-05-05 03:30:00,28.20443310662162,-96.47604404175098,,2021-05-05,14335,0 days 00:00:00,196,5,False,False,,,,Free
2021-05-05 03:30:00,5.272115075618218,16.320002,21.830296966108104,398,114,409.62544169566655,416.8462897395517,20,5.0,16275,2021-05-05 03:30:00,2021-05-05 03:30:00,27.898745583047265,-93.82653813615798,,2021-05-05,14306,0 days 00:30:00,195,4,False,False,,,,Free
2021-05-05 03:30:00,2.0460970926733264,9.6,3.2880798667913225,398,125,454.6666666666667,81.33333333333333,3,5.0,16286,2021-05-05 03:30:00,2021-05-05 03:30:00,27.448333333337192,-97.18166760434366,,2021-05-05,14292,0 days 00:45:00,193,4,False,False,,,,Free
2021-05-05 03:30:00,4.422568539767681,15.085716,15.361691026499802,398,127,467.4050991449756,66.23087818945618,14,5.0,16288,2021-05-05 03:30:00,2021-05-05 03:30:00,27.320949008554084,-97.33269215146674,,2021-05-05,14293,0 days 00:45:00,194,4,False,False,,,,Free
2021-05-05 03:45:00,9.19511383246318,20.301638,66.40550770007884,399,126,380.66140725066185,150.26375265453655,62,5.0,16304,2021-05-05 03:45:00,2021-05-05 03:45:00,28.18838592749736,-96.49236343082924,,2021-05-05,14335,0 days 00:15:00,196,5,False,False,,,,Free
2021-05-05 03:45:00,3.118938889071181,9.599999,7.640180383954362,399,129,409.0,418.0,7,5.0,16307,2021-05-05 03:45:00,2021-05-05 03:45:00,27.90500000000393,-93.81500103388316,,2021-05-05,14306,0 days 00:45:00,195,4,False,False,,,,Free
2021-05-05 04:00:00,10.595598671328448,18.370373,88.17406879018114,400,109,380.94496768756926,149.72132972134702,81,5.0,16332,2021-05-05 04:00:00,2021-05-05 04:00:00,28.18555032312828,-96.49778766000613,,2021-05-05,14335,0 days 00:30:00,196,5,False,False,,,,Free
2021-05-05 04:15:00,8.325385064133364,23.616001,54.4375461418079,401,184,382.4503652758988,149.64396220715443,50,5.0,16371,2021-05-05 04:15:00,2021-05-05 04:15:00,28.170496347244985,-96.49856133512594,,2021-05-05,14335,0 days 00:45:00,196,5,False,False,,,,Free
2021-05-05 04:15:00,5.007892212282855,9.600001,19.696988295364143,401,201,437.1111111111111,327.6111111111111,18,5.0,16386,2021-05-05 04:15:00,2021-05-05 04:15:00,27.62388888889277,-94.7188898969424,,2021-05-05,14406,0 days 00:00:00,198,3,False,False,,,,Free
2021-05-05 04:30:00,7.802600408918328,13.745453,47.81549033172372,402,172,362.1283783842394,292.6938669451422,44,5.0,16411,2021-05-05 04:30:00,2021-05-05 04:30:00,28.37371621616161,-95.06806232862414,,2021-05-05,14426,0 days 00:00:00,200,3,False,False,,,,Free
2021-05-05 04:30:00,6.449221385621026,14.400001,32.6666389311706,402,175,383.8709219814984,149.8631205540645,30,5.0,16414,2021-05-05 04:30:00,2021-05-05 04:30:00,28.156290780188986,-96.49636975171944,,2021-05-05,14335,0 days 01:00:00,196,5,False,False,,,,Free
2021-05-05 04:30:00,5.007892212282854,9.600001,19.696988295364136,402,189,437.1111111111111,327.6111111111111,18,5.0,16424,2021-05-05 04:30:00,2021-05-05 04:30:00,27.62388888889277,-94.7188898969424,,2021-05-05,14406,0 days 00:15:00,198,3,False,False,,,,Free
2021-05-05 04:45:00,3.323060644282048,9.6,8.67294146748571,403,163,337.125,244.5,8,5.0,16451,2021-05-05 04:45:00,2021-05-05 04:45:00,28.623750000004044,-95.55000098430368,,2021-05-05,14453,0 days 00:00:00,202,4,False,False,,,,Free
2021-05-05 04:45:00,13.96612198666451,22.80851,153.19392501822216,403,167,360.3792114826743,294.3273596155123,141,5.0,16455,2021-05-05 04:45:00,2021-05-05 04:45:00,28.391207885177263,-95.0517274023872,,2021-05-05,14426,0 days 00:15:00,200,3,False,False,,,,Free
2021-05-05 04:45:00,3.329247279474668,9.6,8.705264844876423,403,172,376.5,279.5,8,5.0,16460,2021-05-05 04:45:00,2021-05-05 04:45:00,28.230000000003983,-95.20000099430524,,2021-05-05,14461,0 days 00:00:00,203,4,False,False,,,,Free
2021-05-05 05:00:00,7.429837005531208,16.8,43.35592478023702,404,195,335.2847457521368,246.52584746203112,40,5.0,16495,2021-05-05 05:00:00,2021-05-05 05:00:00,28.64215254248268,-95.52974251026222,,2021-05-05,14453,0 days 00:15:00,202,4,False,False,,,,Free
2021-05-05 05:00:00,5.520649753290176,14.836365,23.937030407614536,404,204,375.9011090473632,280.2865064875851,22,5.0,16504,2021-05-05 05:00:00,2021-05-05 05:00:00,28.235988909530352,-95.19213592965416,,2021-05-05,14461,0 days 00:15:00,203,4,False,False,,,,Free
2021-05-05 05:00:00,4.087877979819536,9.599999,13.124589514198076,404,214,431.5,328.0,12,5.0,16514,2021-05-05 05:00:00,2021-05-05 05:00:00,27.680000000003893,-94.71500100816468,,2021-05-05,14406,0 days 00:45:00,198,3,False,False,,,,Free
2021-05-05 05:15:00,4.549784084107509,10.240001,16.258162336847448,405,199,334.67552447748324,248.1902097936609,29,5.0,16543,2021-05-05 05:15:00,2021-05-05 05:15:00,28.64824475522921,-95.51309888742156,,2021-05-05,14453,0 days 00:30:00,202,4,False,False,,,,Free
2021-05-05 05:15:00,8.801974601461822,13.885714,60.84853176696922,405,209,360.9212218683104,294.4059485623447,56,5.0,16552,2021-05-05 05:15:00,2021-05-05 05:15:00,28.385787781320904,-95.05094151294134,,2021-05-05,14426,0 days 00:45:00,200,3,False,False,,,,Free
2021-05-05 05:15:00,6.00153967466578,13.661539,28.288846836028323,405,211,375.2282415639953,281.1705150937796,26,5.0,16554,2021-05-05 05:15:00,2021-05-05 05:15:00,28.24271758436403,-95.18329584384486,,2021-05-05,14461,0 days 00:30:00,203,4,False,False,,,,Free
2021-05-05 05:30:00,2.6267439404811466,9.6,5.419077468481859,406,158,334.1666666666667,248.16666666666663,6,5.0,16588,2021-05-05 05:30:00,2021-05-05 05:30:00,28.65333333333738,-95.51333431868476,,2021-05-05,14453,0 days 00:45:00,202,4,False,False,,,,Free
2021-05-05 05:30:00,3.1137564134897344,9.599999,7.614811401860078,406,163,373.2857142857143,282.42857142857144,7,5.0,16593,2021-05-05 05:30:00,2021-05-05 05:30:00,28.262142857146845,-95.17071528085644,,2021-05-05,14461,0 days 00:45:00,203,4,False,False,,,,Free
2021-05-05 05:30:00,9.067590657715556,11.227119,64.576379736142,406,170,439.4139622624263,391.4169811452483,86,5.0,16600,2021-05-05 05:30:00,2021-05-05 05:30:00,27.60086037737962,-94.08083121483428,,2021-05-05,14561,0 days 00:00:00,205,3,False,False,,,,Free
2021-05-05 05:45:00,8.277858019934564,20.352,53.81778604154804,407,138,262.6519020379825,398.1057842660384,50,5.0,16605,2021-05-05 05:45:00,2021-05-05 05:45:00,29.368480979624334,-94.0139431855378,,2021-05-05,14566,0 days 00:00:00,206,4,False,False,,,,Free
2021-05-05 05:45:00,13.96761576841056,14.742855,153.22669725478204,407,175,439.303958937348,392.3348973889562,140,5.0,16638,2021-05-05 05:45:00,2021-05-05 05:45:00,27.601960410630404,-94.07165205265954,,2021-05-05,14561,0 days 00:15:00,205,3,False,False,,,,Free
2021-05-05 06:00:00,9.216392840478376,32.825806,66.7132098914578,408,145,259.4598887227047,403.5474147717858,62,5.0,16642,2021-05-05 06:00:00,2021-05-05 06:00:00,29.40040111277712,-93.95952688203532,,2021-05-05,14566,0 days 00:15:00,206,4,False,False,,,,Free
2021-05-05 06:00:00,32.50062225699223,85.488686,829.6085771600897,408,149,286.158560050128,459.5393548008429,769,5.0,16645,2021-05-05 06:00:00,2021-05-05 06:00:00,29.133414399502843,-93.39960749774508,,2021-05-05,14596,0 days 00:00:00,207,3,False,False,,,,Free
2021-05-05 06:00:00,5.396633357227246,10.514287,22.873662472049283,408,173,386.7944732353959,366.56649394840986,21,5.0,16668,2021-05-05 06:00:00,2021-05-05 06:00:00,28.127055267650007,-94.32933607970136,,2021-05-05,14612,0 days 00:00:00,209,4,False,False,,,,Free
2021-05-05 06:00:00,14.836889195673727,21.934177,172.89227460374562,408,183,437.0604724354532,393.2173717648328,158,5.0,16678,2021-05-05 06:00:00,2021-05-05 06:00:00,27.62439527564936,-94.06282730915292,,2021-05-05,14561,0 days 00:30:00,205,3,False,False,,,,Free
2021-05-05 06:15:00,10.066894817466943,61.881077,79.59411226661386,409,165,256.09583769128454,410.6847857021754,74,5.0,16681,2021-05-05 06:15:00,2021-05-05 06:15:00,29.434041623091325,-93.888153174771,,2021-05-05,14566,0 days 00:30:00,206,4,False,False,,,,Free
2021-05-05 06:15:00,32.181547259887786,121.93528,813.3991661842465,409,166,284.5977246244903,465.12125186770686,756,5.0,16682,2021-05-05 06:15:00,2021-05-05 06:15:00,29.149022753759223,-93.3437885286715,,2021-05-05,14596,0 days 00:15:00,207,3,False,False,,,,Free
2021-05-05 06:15:00,4.694587546946515,10.200001,17.309509688948207,409,190,314.93509616349,408.34134614558,16,5.0,16701,2021-05-05 06:15:00,2021-05-05 06:15:00,28.84564903836917,-93.91158756966728,,2021-05-05,14637,0 days 00:00:00,210,3,False,False,,,,Free
2021-05-05 06:15:00,3.723691562973923,9.6,10.890235787522071,409,205,385.0,368.5,10,5.0,16716,2021-05-05 06:15:00,2021-05-05 06:15:00,28.145000000003968,-94.31000101973802,,2021-05-05,14612,0 days 00:15:00,209,4,False,False,,,,Free
2021-05-05 06:15:00,4.717472518655009,9.6,17.478680312976167,409,213,418.5625,492.1875,16,5.0,16724,2021-05-05 06:15:00,2021-05-05 06:15:00,27.809375000003914,-93.07312605508304,,2021-05-05,14652,0 days 00:00:00,211,6,False,False,,,,Free
2021-05-05 06:30:00,11.99042786545185,37.485714,112.91697700648216,410,145,254.0940486658513,416.9584872796456,105,5.0,16729,2021-05-05 06:30:00,2021-05-05 06:30:00,29.45405951334566,-93.82541616078908,,2021-05-05,14566,0 days 00:45:00,206,4,False,False,,,,Free
2021-05-05 06:30:00,34.60609139395661,116.2789,940.5783589732738,410,147,283.04004523107113,469.8329781776359,872,5.0,16730,2021-05-05 06:30:00,2021-05-05 06:30:00,29.164599547693417,-93.29667126691862,,2021-05-05,14596,0 days 00:30:00,207,3,False,False,,,,Free
2021-05-05 06:30:00,9.240332769078652,22.29677,67.06024018525814,410,160,312.82991421004385,414.32842227537685,62,5.0,16741,2021-05-05 06:30:00,2021-05-05 06:30:00,28.86670085790364,-93.85171681008018,,2021-05-05,14637,0 days 00:15:00,210,3,False,False,,,,Free
2021-05-05 06:30:00,9.271798150492108,20.593546,67.51772775118299,410,172,383.9222492884464,368.0828258346118,66,5.0,16752,2021-05-05 06:30:00,2021-05-05 06:30:00,28.155777507119502,-94.31417276127269,,2021-05-05,14612,0 days 00:30:00,209,4,False,False,,,,Free
2021-05-05 06:30:00,10.006550307279966,36.933334,78.6427420245986,410,178,416.924843424262,491.9177105186771,72,5.0,16758,2021-05-05 06:30:00,2021-05-05 06:30:00,27.825751565761298,-93.0758239498192,,2021-05-05,14652,0 days 00:15:00,211,6,False,False,,,,Free
2021-05-05 06:45:00,7.871156719512288,15.1466675,48.65942811728352,411,139,310.86946998164063,418.34034167646536,45,5.0,16777,2021-05-05 06:45:00,2021-05-05 06:45:00,28.88630530018768,-93.81159761721574,,2021-05-05,14637,0 days 00:30:00,210,3,False,False,,,,Free
2021-05-05 06:45:00,11.792207774726556,75.84,109.21445597359724,411,161,415.983483910788,492.3624788275553,100,5.0,16796,2021-05-05 06:45:00,2021-05-05 06:45:00,27.83516516089604,-93.0713762668575,,2021-05-05,14652,0 days 00:30:00,211,6,False,False,,,,Free
2021-05-05 07:00:00,3.3299680463649284,9.6,8.709034553366731,412,161,381.125,371.125,8,5.0,16824,2021-05-05 07:00:00,2021-05-05 07:00:00,28.18375000000397,-94.28375102048813,,2021-05-05,14612,0 days 01:00:00,209,4,False,False,,,,Free
2021-05-05 07:00:00,11.967186184021882,61.048542,112.47965534469247,412,171,414.661597090354,495.0963797149946,103,5.0,16833,2021-05-05 07:00:00,2021-05-05 07:00:00,27.84838402910038,-93.04403725876438,,2021-05-05,14652,0 days 00:45:00,211,6,False,False,,,,Free
2021-05-05 07:15:00,19.09655353391237,237.12727,286.4177117193097,413,154,346.56678348064827,479.8979684649757,292,5.0,16854,2021-05-05 07:15:00,2021-05-05 07:15:00,28.529332165197545,-93.19602136692146,,2021-05-05,14745,0 days 00:00:00,214,3,False,False,,,,Free
2021-05-05 07:15:00,10.997004042180713,47.55862,94.9814183857238,413,170,412.7267325326837,496.727974916914,87,5.0,16870,2021-05-05 07:15:00,2021-05-05 07:15:00,27.86773267467709,-93.02772130721138,,2021-05-05,14652,0 days 01:00:00,211,6,False,False,,,,Free
2021-05-05 07:15:00,10.36354873829456,21.693506,84.35423082413524,413,184,449.733779365815,454.84004978704974,77,5.0,16881,2021-05-05 07:15:00,2021-05-05 07:15:00,27.49766220634572,-93.44660054654014,,2021-05-05,14763,0 days 00:00:00,215,3,False,False,,,,Free
2021-05-05 07:30:00,15.45822429321795,288.00003,187.67615197589328,414,129,345.3081190482842,488.2257317456763,173,5.0,16889,2021-05-05 07:30:00,2021-05-05 07:30:00,28.54191880952119,-93.11274373649417,,2021-05-05,14745,0 days 00:15:00,214,3,False,False,,,,Free
2021-05-05 07:30:00,5.403063464725873,15.085716,22.928203042835744,414,155,412.826251176277,497.5760151103788,21,5.0,16914,2021-05-05 07:30:00,2021-05-05 07:30:00,27.86673748824116,-93.0192409055191,,2021-05-05,14652,0 days 01:15:00,211,6,False,False,,,,Free
2021-05-05 07:30:00,9.44787935731917,19.05,70.10654414525314,414,160,447.9766459150951,456.85364768580894,64,5.0,16919,2021-05-05 07:30:00,2021-05-05 07:30:00,27.51523354085292,-93.42646456812793,,2021-05-05,14763,0 days 00:15:00,215,3,False,False,,,,Free
2021-05-05 07:45:00,9.32859720054365,399.23807,68.34748896217464,415,123,344.8962676695068,495.07952651109713,63,5.0,16927,2021-05-05 07:45:00,2021-05-05 07:45:00,28.54603732330896,-93.04420579079851,,2021-05-05,14745,0 days 00:30:00,214,3,False,False,,,,Free
2021-05-05 07:45:00,6.021387131353832,10.338462,28.476262095028712,415,153,446.90376568982,458.4839609483033,27,5.0,16956,2021-05-05 07:45:00,2021-05-05 07:45:00,27.52596234310567,-93.41016143596886,,2021-05-05,14763,0 days 00:30:00,215,3,False,False,,,,Free
2021-05-05 08:15:00,1.6605687128822444,9.6,2.165726364379422,417,79,325.0,368.5,2,5.0,16987,2021-05-05 08:15:00,2021-05-05 08:15:00,28.74500000000406,-94.31000101973802,,2021-05-05,14838,0 days 00:00:00,216,3,False,False,,,,Free
2021-05-05 08:15:00,9.278565161499229,15.638709,67.61631918532231,417,95,399.760097578792,377.7685009639245,79,5.0,17003,2021-05-05 08:15:00,2021-05-05 08:15:00,27.997399024216023,-94.21731601274736,,2021-05-05,14851,0 days 00:00:00,218,4,False,False,,,,Free
2021-05-05 08:30:00,5.117803706960296,9.600001,20.57108176641226,418,78,323.3157894736842,371.42105263157896,19,5.0,17009,2021-05-05 08:30:00,2021-05-05 08:30:00,28.761842105267224,-94.2807904942569,,2021-05-05,14838,0 days 00:15:00,216,3,False,False,,,,Free
2021-05-05 08:30:00,1.6618367492553867,9.6,2.1690351926276,418,84,341.0,333.5,2,5.0,17015,2021-05-05 08:30:00,2021-05-05 08:30:00,28.58500000000404,-94.66000100973632,,2021-05-05,14857,0 days 00:00:00,219,3,False,False,,,,Free
2021-05-05 08:30:00,14.526384567047872,34.29474,165.73145993015672,418,98,397.68148812905855,378.3696100763994,154,5.0,17028,2021-05-05 08:30:00,2021-05-05 08:30:00,28.01818511871336,-94.21130492179437,,2021-05-05,14851,0 days 00:15:00,218,4,False,False,,,,Free
2021-05-05 08:45:00,3.106193228622556,9.599999,7.577864207435938,419,70,322.0,374.0,7,5.0,17030,2021-05-05 08:45:00,2021-05-05 08:45:00,28.775000000004063,-94.25500102130968,,2021-05-05,14838,0 days 00:30:00,216,3,False,False,,,,Free
2021-05-05 08:45:00,6.217896983097608,16.114286,30.36525456052827,419,76,340.8534704319761,338.4646529613992,28,5.0,17035,2021-05-05 08:45:00,2021-05-05 08:45:00,28.58646529568428,-94.6103544815411,,2021-05-05,14857,0 days 00:15:00,219,3,False,False,,,,Free
2021-05-05 08:45:00,15.89392717459154,56.703297,198.404865821038,419,87,395.75630182249495,379.07883103244455,182,5.0,17046,2021-05-05 08:45:00,2021-05-05 08:45:00,28.037436981779003,-94.20421271243656,,2021-05-05,14851,0 days 00:30:00,218,4,False,False,,,,Free
2021-05-05 09:00:00,5.121765780450581,19.705267,20.60294531242428,420,70,339.2333572011313,342.88475303041264,19,5.0,17054,2021-05-05 09:00:00,2021-05-05 09:00:00,28.602666427992727,-94.56615348211405,,2021-05-05,14857,0 days 00:30:00,219,3,False,False,,,,Free
2021-05-05 09:15:00,6.663112290164673,12.9,34.869373618597606,421,77,391.2001582314594,388.7436708830914,32,5.0,17076,2021-05-05 09:15:00,2021-05-05 09:15:00,28.082998417689364,-94.10756431669192,,2021-05-05,14851,0 days 01:00:00,218,4,False,False,,,,Free
2021-05-05 09:30:00,2.8877764379704978,9.599999,6.549633798431985,422,95,410.5,275.0,6,5.0,17105,2021-05-05 09:30:00,2021-05-05 09:30:00,27.89000000000393,-95.24500099301936,,2021-05-05,14922,0 days 00:00:00,220,3,False,False,,,,Free
2021-05-05 09:45:00,4.400928221962327,11.657144,15.211724529725569,423,76,360.8519313284959,282.1974248953389,14,5.0,17114,2021-05-05 09:45:00,2021-05-05 09:45:00,28.386480686719047,-95.17302674612267,,2021-05-05,14930,0 days 00:00:00,221,4,False,False,,,,Free
2021-05-05 09:45:00,5.518895020320589,13.963638,23.92181610386189,423,79,368.9107505010175,285.396551732476,22,5.0,17117,2021-05-05 09:45:00,2021-05-05 09:45:00,28.305892494993817,-95.14103547866551,,2021-05-05,14932,0 days 00:00:00,222,3,False,False,,,,Free
2021-05-05 09:45:00,8.500665948684064,13.846152,56.75390924662749,423,87,408.9760869497162,276.73608696547257,52,5.0,17125,2021-05-05 09:45:00,2021-05-05 09:45:00,27.905239130506768,-95.22764012386074,,2021-05-05,14922,0 days 00:15:00,220,3,False,False,,,,Free
2021-05-05 10:00:00,4.398089543894657,12.342857,15.192107185250013,424,94,347.36964979931093,330.9027237419061,14,5.0,17132,2021-05-05 10:00:00,2021-05-05 10:00:00,28.52130350201092,-94.6859737715751,,2021-05-05,14945,0 days 00:00:00,223,3,False,False,,,,Free
2021-05-05 10:00:00,10.966131882487172,56.275867,94.44887960113998,424,95,350.6626317089317,426.2836135260093,87,5.0,17133,2021-05-05 10:00:00,2021-05-05 10:00:00,28.488373682914705,-93.7321649009902,,2021-05-05,14946,0 days 00:00:00,224,4,False,False,,,,Free
2021-05-05 10:00:00,2.8798427195980545,9.599999,6.513695026136646,424,97,351.6666666666667,318.5,6,5.0,17135,2021-05-05 10:00:00,2021-05-05 10:00:00,28.47833333333736,-94.81000100544998,,2021-05-05,14948,0 days 00:00:00,225,3,False,False,,,,Free
2021-05-05 10:00:00,4.989959363279763,17.600002,19.556174287975463,424,100,359.89682539582424,282.9171075833293,18,5.0,17138,2021-05-05 10:00:00,2021-05-05 10:00:00,28.396031746045765,-95.16582991944848,,2021-05-05,14930,0 days 00:15:00,221,4,False,False,,,,Free
2021-05-05 10:00:00,6.444669873401062,18.24,32.62054650192505,424,104,368.76435045070593,286.6903323144241,30,5.0,17142,2021-05-05 10:00:00,2021-05-05 10:00:00,28.307356495496933,-95.12809767321572,,2021-05-05,14932,0 days 00:15:00,222,3,False,False,,,,Free
2021-05-05 10:00:00,3.1188359188679424,9.599999,7.639675918834357,424,109,408.2857142857143,280.85714285714283,7,5.0,17146,2021-05-05 10:00:00,2021-05-05 10:00:00,27.91214285714679,-95.18642956612166,,2021-05-05,14922,0 days 00:30:00,220,3,False,False,,,,Free
2021-05-05 10:15:00,5.123379860694616,16.16842,20.615933039081856,425,77,346.3817153588835,333.1300659787988,19,5.0,17157,2021-05-05 10:15:00,2021-05-05 10:15:00,28.53118284641519,-94.66370034984266,,2021-05-05,14945,0 days 00:15:00,223,3,False,False,,,,Free
2021-05-05 10:15:00,12.71555788768448,64.082054,126.9874259432352,425,78,349.1020744625028,428.2786216786315,117,5.0,17158,2021-05-05 10:15:00,2021-05-05 10:15:00,28.503979255379,-93.71221482003408,,2021-05-05,14946,0 days 00:15:00,224,4,False,False,,,,Free
2021-05-05 10:15:00,4.239065137099566,22.153847,14.11334835685668,425,79,351.2215613271402,319.2118959271231,23,5.0,17159,2021-05-05 10:15:00,2021-05-05 10:15:00,28.48278438673261,-94.80288204638214,,2021-05-05,14948,0 days 00:15:00,225,3,False,False,,,,Free
2021-05-05 10:15:00,4.704504821650533,15.6,17.382719307180103,425,82,359.55660377252394,285.9386792511183,16,5.0,17162,2021-05-05 10:15:00,2021-05-05 10:15:00,28.399433962278767,-95.13561420363402,,2021-05-05,14930,0 days 00:30:00,221,4,False,False,,,,Free
2021-05-05 10:15:00,4.99187901087377,10.666667,19.5712237828627,425,84,367.81176471248216,287.14705881252974,18,5.0,17164,2021-05-05 10:15:00,2021-05-05 10:15:00,28.316882352879173,-95.12353040836518,,2021-05-05,14932,0 days 00:30:00,222,3,False,False,,,,Free
2021-05-05 10:30:00,11.456505562558888,23.444218,103.08470251938604,426,76,346.7579690355418,431.3362933111552,96,5.0,17176,2021-05-05 10:30:00,2021-05-05 10:30:00,28.52742030964861,-93.6816381045826,,2021-05-05,14946,0 days 00:30:00,224,4,False,False,,,,Free
2021-05-05 10:30:00,4.39753799178075,10.285714,15.188297024797086,426,77,344.5648648624267,335.4405405374057,14,5.0,17177,2021-05-05 10:30:00,2021-05-05 10:30:00,28.54935135137977,-94.64059560491684,,2021-05-05,14945,0 days 00:30:00,223,3,False,False,,,,Free
2021-05-05 10:30:00,6.753539022029151,12.509091,35.822237465580386,426,78,350.96771589435923,318.9838579664224,33,5.0,17178,2021-05-05 10:30:00,2021-05-05 10:30:00,28.48532284106043,-94.80516242592398,,2021-05-05,14948,0 days 00:30:00,225,3,False,False,,,,Free
2021-05-05 10:30:00,3.7191147703493583,9.6,10.863481842223033,426,79,358.8,287.3,10,5.0,17179,2021-05-05 10:30:00,2021-05-05 10:30:00,28.407000000004007,-95.1220009965342,,2021-05-05,14930,0 days 00:45:00,221,4,False,False,,,,Free
2021-05-05 10:30:00,3.90452820141709,9.599999,11.973662409953226,426,82,380.0,366.0,11,5.0,17182,2021-05-05 10:30:00,2021-05-05 10:30:00,28.195000000003976,-94.3350010190236,,2021-05-05,14973,0 days 00:00:00,226,4,False,False,,,,Free
2021-05-05 10:30:00,5.1592258586689255,13.136844,20.90542315530629,426,91,498.2212160321402,145.57309185264856,19,5.0,17190,2021-05-05 10:30:00,2021-05-05 10:30:00,27.01278783968239,-96.53927003750772,,2021-05-05,14981,0 days 00:00:00,227,4,False,False,,,,Free
2021-05-05 10:45:00,5.512438958269639,9.600002,23.86588085038581,427,74,343.5833333333333,435.375,24,5.0,17193,2021-05-05 10:45:00,2021-05-05 10:45:00,28.5591666666707,-93.64125103884828,,2021-05-05,14946,0 days 00:45:00,224,4,False,False,,,,Free
2021-05-05 10:45:00,7.629012274770945,23.085714,45.71160904424461,427,77,378.5052659229713,369.273301736047,42,5.0,17196,2021-05-05 10:45:00,2021-05-05 10:45:00,28.209947340774264,-94.30226800259852,,2021-05-05,14973,0 days 00:15:00,226,4,False,False,,,,Free
2021-05-05 10:45:00,3.925641607139883,13.963638,12.103505653300504,427,91,498.38539553301297,146.2839756609949,11,5.0,17209,2021-05-05 10:45:00,2021-05-05 10:45:00,27.011146044673666,-96.5321611996274,,2021-05-05,14981,0 days 00:15:00,227,4,False,False,,,,Free
2021-05-05 11:00:00,3.11061369566282,9.599999,7.5994478836719805,428,47,351.85714285714283,328.57142857142856,7,5.0,17214,2021-05-05 11:00:00,2021-05-05 11:00:00,28.476428571432592,-94.70928672261368,,2021-05-05,14997,0 days 00:00:00,228,3,False,False,,,,Free
2021-05-05 11:00:00,6.963951029720502,21.119999,38.08915152288383,428,48,377.45303085192086,369.9326479961515,35,5.0,17215,2021-05-05 11:00:00,2021-05-05 11:00:00,28.22046969148477,-94.29567454018589,,2021-05-05,14973,0 days 00:30:00,226,4,False,False,,,,Free
2021-05-05 11:00:00,2.0392640722971334,9.6,3.2661551973920884,428,50,382.0,280.0,3,5.0,17217,2021-05-05 11:00:00,2021-05-05 11:00:00,28.175000000003973,-95.19500099444816,,2021-05-05,14999,0 days 00:00:00,229,8,False,False,,,,Free
2021-05-05 11:00:00,3.925689244601372,19.2,12.103799405935376,428,55,498.57746478701256,145.45454545454547,11,5.0,17222,2021-05-05 11:00:00,2021-05-05 11:00:00,27.009225352133665,-96.54045550145486,,2021-05-05,14981,0 days 00:30:00,227,4,False,False,,,,Free
2021-05-05 11:15:00,4.399027434937223,19.885715,15.198587299105226,429,59,351.5671785038892,329.8637236083575,14,5.0,17227,2021-05-05 11:15:00,2021-05-05 11:15:00,28.47932821496513,-94.69636377261368,,2021-05-05,14997,0 days 00:15:00,228,3,False,False,,,,Free
2021-05-05 11:15:00,4.993870843152374,21.333332,19.586845304333306,429,61,376.6632652867921,371.5979592097032,18,5.0,17229,2021-05-05 11:15:00,2021-05-05 11:15:00,28.22836734713606,-94.27902142852622,,2021-05-05,14973,0 days 00:45:00,226,4,False,False,,,,Free
2021-05-05 11:15:00,4.854632973634985,15.811766,18.509840827796587,429,64,383.23612621873656,281.3068552783224,17,5.0,17232,2021-05-05 11:15:00,2021-05-05 11:15:00,28.162638737816604,-95.18193244203836,,2021-05-05,14999,0 days 00:15:00,229,8,False,False,,,,Free
2021-05-05 11:15:00,1.6739601359479583,9.6,2.2007976019357463,429,71,499.0,143.5,2,5.0,17238,2021-05-05 11:15:00,2021-05-05 11:15:00,27.00500000000379,-96.56000095544177,,2021-05-05,14981,0 days 00:45:00,227,4,False,False,,,,Free
2021-05-05 11:30:00,4.987692697387902,15.466668,19.53841172027932,430,57,350.0976645458888,332.7802547717501,18,5.0,17244,2021-05-05 11:30:00,2021-05-05 11:30:00,28.49402335454513,-94.6671984618132,,2021-05-05,14997,0 days 00:30:00,228,3,False,False,,,,Free
2021-05-05 11:30:00,6.8652896155649,15.811764,37.01754449936354,430,60,382.4249183876907,304.21708378759985,34,5.0,17247,2021-05-05 11:30:00,2021-05-05 11:30:00,28.170750816127065,-94.95283016349242,,2021-05-05,15021,0 days 00:00:00,230,4,False,False,,,,Free
2021-05-05 11:30:00,3.905407462490559,15.709091,11.979055717476513,430,61,384.2699490763851,282.68081493975257,11,5.0,17248,2021-05-05 11:30:00,2021-05-05 11:30:00,28.15230050924012,-95.16819284581668,,2021-05-05,14999,0 days 00:30:00,229,8,False,False,,,,Free
2021-05-05 11:30:00,8.329578801311124,17.088,54.492403486952064,430,62,393.74454002944367,279.73031106427663,50,5.0,17249,2021-05-05 11:30:00,2021-05-05 11:30:00,28.05755459970952,-95.19769788372832,,2021-05-05,15022,0 days 00:00:00,231,4,False,False,,,,Free
2021-05-05 11:30:00,6.236311183279325,27.428568,30.5453732846354,430,65,403.5757961818029,268.2742038446206,28,5.0,17251,2021-05-05 11:30:00,2021-05-05 11:30:00,27.95924203818591,-95.31225895265118,,2021-05-05,15024,0 days 00:00:00,232,4,False,False,,,,Free
2021-05-05 11:45:00,13.267021079770032,26.910242,138.24095321173343,431,63,380.8903902790584,303.9247466101589,127,5.0,17261,2021-05-05 11:45:00,2021-05-05 11:45:00,28.18609609721339,-94.9557535351833,,2021-05-05,15021,0 days 00:15:00,230,4,False,False,,,,Free
2021-05-05 11:45:00,7.631016744295653,17.37143,45.73563300991656,431,64,383.9872979251234,285.0346420340705,42,5.0,17262,2021-05-05 11:45:00,2021-05-05 11:45:00,28.155127020752737,-95.14465457554616,,2021-05-05,14999,0 days 00:45:00,229,8,False,False,,,,Free
2021-05-05 11:45:00,9.496944425995292,20.676924,70.83659457749816,431,65,393.1042198117409,281.11952896794213,65,5.0,17263,2021-05-05 11:45:00,2021-05-05 11:45:00,28.063957801886545,-95.18380570508867,,2021-05-05,15022,0 days 00:15:00,231,4,False,False,,,,Free
2021-05-05 11:45:00,8.579761151570768,62.852833,57.8149663371589,431,68,403.3663166267914,270.4712673522985,53,5.0,17265,2021-05-05 11:45:00,2021-05-05 11:45:00,27.961336833736027,-95.29028831820222,,2021-05-05,15024,0 days 00:15:00,232,4,False,False,,,,Free
2021-05-05 11:45:00,5.672125611349397,13.773913,25.268622141026764,431,70,480.49950447217935,245.21506441436344,23,5.0,17266,2021-05-05 11:45:00,2021-05-05 11:45:00,27.190004955282024,-95.54285034036434,,2021-05-05,15033,0 days 00:00:00,233,3,False,False,,,,Free
2021-05-05 12:00:00,14.321726097042603,27.113516,161.09446116942198,432,74,380.6692739860146,302.17917385110485,148,5.0,17278,2021-05-05 12:00:00,2021-05-05 12:00:00,28.18830726014383,-94.97320926227502,,2021-05-05,15021,0 days 00:30:00,230,4,False,False,,,,Free
2021-05-05 12:00:00,7.258347232457416,19.705261,41.37760625231017,432,76,383.5239799536302,286.9985683519601,38,5.0,17280,2021-05-05 12:00:00,2021-05-05 12:00:00,28.15976020046767,-95.12501531292844,,2021-05-05,14999,0 days 01:00:00,229,8,False,False,,,,Free
2021-05-05 12:00:00,6.868558032492445,27.670588,37.05279940510288,432,77,393.0290607117602,282.72989102700154,34,5.0,17281,2021-05-05 12:00:00,2021-05-05 12:00:00,28.06470939288636,-95.16770208495824,,2021-05-05,15022,0 days 00:30:00,231,4,False,False,,,,Free
2021-05-05 12:00:00,7.905806942617856,43.733334,49.08878590237726,432,79,403.478485370952,271.8788296100592,45,5.0,17283,2021-05-05 12:00:00,2021-05-05 12:00:00,27.96021514629442,-95.27621269602685,,2021-05-05,15024,0 days 00:30:00,232,4,False,False,,,,Free
2021-05-05 12:00:00,2.3651436745640115,9.6,4.393442400105239,432,81,478.25,246.75,4,5.0,17285,2021-05-05 12:00:00,2021-05-05 12:00:00,27.21250000000382,-95.52750098494658,,2021-05-05,15033,0 days 00:15:00,233,3,False,False,,,,Free
2021-05-05 12:15:00,11.654452335377904,22.236736,106.6776945463532,433,67,382.20696185376886,301.73076014529295,98,5.0,17297,2021-05-05 12:15:00,2021-05-05 12:15:00,28.172930381466283,-94.977693399205,,2021-05-05,15021,0 days 00:45:00,230,4,False,False,,,,Free
2021-05-05 12:15:00,5.395769771780592,22.400003,22.866342433714657,433,69,383.19102353965104,290.2714832941664,21,5.0,17299,2021-05-05 12:15:00,2021-05-05 12:15:00,28.16308976460746,-95.0922861644417,,2021-05-05,14999,0 days 01:15:00,229,8,False,False,,,,Free
2021-05-05 12:15:00,,,,433,70,391.5,286.5,8,5.0,17300,2021-05-05 12:15:00,2021-05-05 12:15:00,28.08000000000396,-95.13000099630564,,2021-05-05,15022,0 days 00:45:00,231,4,False,False,,,,Free
2021-05-05 12:15:00,6.871907695311462,22.305883,37.08894808376645,433,72,402.9588715230019,272.7382732887055,34,5.0,17302,2021-05-05 12:15:00,2021-05-05 12:15:00,27.96541128477392,-95.26761825948596,,2021-05-05,15024,0 days 00:45:00,232,4,False,False,,,,Free
2021-05-05 12:15:00,3.128856158999791,9.599999,7.688844494495509,433,73,477.6,249.4,10,5.0,17303,2021-05-05 12:15:00,2021-05-05 12:15:00,27.219000000003824,-95.50100098570384,,2021-05-05,15033,0 days 00:30:00,233,3,False,False,,,,Free
2021-05-05 12:30:00,6.857240165506708,14.682352,36.93079034646156,434,63,357.7807824979593,395.0569620360825,38,5.0,17314,2021-05-05 12:30:00,2021-05-05 12:30:00,28.41719217502441,-94.04443140696613,,2021-05-05,15064,0 days 00:00:00,234,4,False,False,,,,Free
2021-05-05 12:30:00,8.651939423065631,51.022224,58.791808729100936,434,69,382.68292287620704,381.2956704299095,54,5.0,17320,2021-05-05 12:30:00,2021-05-05 12:30:00,28.1681707712419,-94.18204431909538,,2021-05-05,15070,0 days 00:00:00,235,3,False,False,,,,Free
2021-05-05 12:45:00,4.240375509548888,14.769232,14.122075092886028,435,56,358.264099031004,398.76753783345146,17,5.0,17330,2021-05-05 12:45:00,2021-05-05 12:45:00,28.41235900969397,-94.00732565005272,,2021-05-05,15064,0 days 00:15:00,234,4,False,False,,,,Free
2021-05-05 12:45:00,12.734405644117617,101.333336,127.36416158254444,435,60,381.5479371976836,385.96300236708527,117,5.0,17334,2021-05-05 12:45:00,2021-05-05 12:45:00,28.17952062802713,-94.13537100105736,,2021-05-05,15070,0 days 00:15:00,235,3,False,False,,,,Free
2021-05-05 12:45:00,2.8837751197304025,28.800001,6.531495958920974,435,62,380.6666666666667,299.1666666666667,6,5.0,17335,2021-05-05 12:45:00,2021-05-05 12:45:00,28.188333333337308,-95.00333433325858,,2021-05-05,14999,0 days 01:45:00,229,8,False,False,,,,Free
2021-05-05 13:00:00,10.048484319601071,12.361644,79.30325250954336,436,59,358.66654261566333,402.4246371432732,73,5.0,17341,2021-05-05 13:00:00,2021-05-05 13:00:00,28.408334573847377,-93.97075465799958,,2021-05-05,15064,0 days 00:30:00,234,4,False,False,,,,Free
2021-05-05 13:00:00,16.895307179064726,48.0,224.1930089709323,436,62,379.423961320616,391.963396778956,207,5.0,17344,2021-05-05 13:00:00,2021-05-05 13:00:00,28.200760386797818,-94.07536705865334,,2021-05-05,15070,0 days 00:30:00,235,3,False,False,,,,Free
2021-05-05 13:00:00,4.078019495982603,14.400002,13.061362316604248,436,64,379.4184397145132,302.2446808564604,12,5.0,17346,2021-05-05 13:00:00,2021-05-05 13:00:00,28.20081560285885,-94.97255419224018,,2021-05-05,14999,0 days 02:00:00,229,8,False,False,,,,Free
2021-05-05 13:00:00,8.69655993408418,22.755554,59.399784588727584,436,71,494.9511890186742,228.0844805717641,54,5.0,17351,2021-05-05 13:00:00,2021-05-05 13:00:00,27.04548810981705,-95.7141561738951,,2021-05-05,15090,0 days 00:00:00,236,6,False,False,,,,Free
2021-05-05 13:15:00,,,,437,52,357.7205559655839,405.83284563336224,50,5.0,17355,2021-05-05 13:15:00,2021-05-05 13:15:00,28.41779444034817,-93.93667257407265,,2021-05-05,15064,0 days 00:45:00,234,4,False,False,,,,Free
2021-05-05 13:15:00,6.553842681519175,9.600001,33.735092561106995,437,56,377.1935483870968,460.8064516129032,31,5.0,17359,2021-05-05 13:15:00,2021-05-05 13:15:00,28.22306451613301,-93.38693652998654,,2021-05-05,15097,0 days 00:00:00,237,4,False,False,,,,Free
2021-05-05 13:15:00,9.901303681218211,34.422863,76.9971487243565,437,63,494.58380265783785,230.3347252159469,70,5.0,17364,2021-05-05 13:15:00,2021-05-05 13:15:00,27.049161973425417,-95.6916537280963,,2021-05-05,15090,0 days 00:15:00,236,6,False,False,,,,Free
2021-05-05 13:30:00,16.77378579841111,108.24827,220.9795408683304,438,70,379.9510339428346,402.6854198278567,207,5.0,17373,2021-05-05 13:30:00,2021-05-05 13:30:00,28.195489660575628,-93.9681468312283,,2021-05-05,15108,0 days 00:00:00,238,4,False,False,,,,Free
2021-05-05 13:30:00,10.261460674796128,40.042107,82.70052215688102,438,71,376.7663712800649,464.0491138498631,76,5.0,17374,2021-05-05 13:30:00,2021-05-05 13:30:00,28.22733628720333,-93.35450990854356,,2021-05-05,15097,0 days 00:15:00,237,4,False,False,,,,Free
2021-05-05 13:30:00,2.6445897297482084,9.6,5.49296074537525,438,76,479.7142857142857,258.0,7,5.0,17378,2021-05-05 13:30:00,2021-05-05 13:30:00,27.19785714286096,-95.4150009881614,,2021-05-05,15111,0 days 00:00:00,239,4,False,False,,,,Free
2021-05-05 13:30:00,11.4128260503076,27.76774,102.30015160397224,438,78,494.8531217397887,232.61490513017137,93,5.0,17380,2021-05-05 13:30:00,2021-05-05 13:30:00,27.04646878260591,-95.66885192960564,,2021-05-05,15090,0 days 00:30:00,236,6,False,False,,,,Free
2021-05-05 13:45:00,11.411697603286534,57.70212,102.27992268017654,439,42,375.62200241618416,469.431651188193,94,5.0,17384,2021-05-05 13:45:00,2021-05-05 13:45:00,28.238779975842142,-93.30068453669838,,2021-05-05,15097,0 days 00:30:00,237,4,False,False,,,,Free
2021-05-05 13:45:00,17.971094765049163,102.75707,253.6523848868941,439,43,379.9737389509714,408.19692274692335,235,5.0,17385,2021-05-05 13:45:00,2021-05-05 13:45:00,28.19526261049426,-93.91303180361255,,2021-05-05,15108,0 days 00:15:00,238,4,False,False,,,,Free
2021-05-05 13:45:00,4.7300218657136615,15.0,17.571797029586456,439,49,477.5399999892712,259.7550000098348,16,5.0,17391,2021-05-05 13:45:00,2021-05-05 13:45:00,27.21960000011111,-95.39745098856456,,2021-05-05,15111,0 days 00:15:00,239,4,False,False,,,,Free
2021-05-05 13:45:00,11.288969978709364,20.14945,100.0918041755523,439,50,493.11389266001,233.81621021624548,115,5.0,17392,2021-05-05 13:45:00,2021-05-05 13:45:00,27.0638610734037,-95.65683887908818,,2021-05-05,15090,0 days 00:45:00,236,6,False,False,,,,Free
2021-05-05 14:00:00,15.073634928674291,96.995125,178.45382740622532,440,50,375.3618696516609,473.4928681172997,164,5.0,17395,2021-05-05 14:00:00,2021-05-05 14:00:00,28.241381303487373,-93.26007236856788,,2021-05-05,15097,0 days 00:45:00,237,4,False,False,,,,Free
2021-05-05 14:00:00,18.910743028301308,61.209297,280.8711081596446,440,51,380.19922774915466,414.4173216485482,258,5.0,17396,2021-05-05 14:00:00,2021-05-05 14:00:00,28.19300772251243,-93.85082781637392,,2021-05-05,15108,0 days 00:30:00,238,4,False,False,,,,Free
2021-05-05 14:00:00,7.932891222362673,34.346664,49.425705795941575,440,59,477.7083144137864,262.2083901401177,45,5.0,17404,2021-05-05 14:00:00,2021-05-05 14:00:00,27.21791685586596,-95.37291708796285,,2021-05-05,15111,0 days 00:30:00,239,4,False,False,,,,Free
2021-05-05 14:15:00,19.16515181104668,57.455093,288.479136121134,441,48,379.2402410448781,419.85186840785286,266,5.0,17410,2021-05-05 14:15:00,2021-05-05 14:15:00,28.2025975895552,-93.7964823503338,,2021-05-05,15108,0 days 00:45:00,238,4,False,False,,,,Free
2021-05-05 14:15:00,,,,441,57,467.6315789473685,285.6842105263158,19,5.0,17418,2021-05-05 14:15:00,2021-05-05 14:15:00,27.318684210530154,-95.13815889080934,,2021-05-05,15137,0 days 00:00:00,240,4,False,False,,,,Free
2021-05-05 14:15:00,11.587222909500326,20.700003,105.45049068702652,441,58,478.27578474140273,263.53073066302005,98,5.0,17419,2021-05-05 14:15:00,2021-05-05 14:15:00,27.212242152589795,-95.35969368311169,,2021-05-05,15111,0 days 00:45:00,239,4,False,False,,,,Free
2021-05-05 14:15:00,16.941675099387076,40.97561,225.42525981070835,441,59,492.4723254174033,237.48496273201584,205,5.0,17420,2021-05-05 14:15:00,2021-05-05 14:15:00,27.07027674582977,-95.62015135497889,,2021-05-05,15090,0 days 01:15:00,236,6,False,False,,,,Free
2021-05-05 14:30:00,4.577653831745705,18.560001,16.45795144357915,442,69,466.4414945923059,286.39921339221235,15,5.0,17434,2021-05-05 14:30:00,2021-05-05 14:30:00,27.33058505408078,-95.13100886235468,,2021-05-05,15137,0 days 00:15:00,240,4,False,False,,,,Free
2021-05-05 14:30:00,17.389760676155444,42.22222,237.50737056856264,442,71,491.3910454190922,240.49096116998376,347,5.0,17436,2021-05-05 14:30:00,2021-05-05 14:30:00,27.08108954581288,-95.5900913714582,,2021-05-05,15090,0 days 01:30:00,236,6,False,False,,,,Free
2021-05-05 14:45:00,9.380515725508197,30.933336,69.11038511202503,443,56,464.8725669959264,289.7418288969023,63,5.0,17446,2021-05-05 14:45:00,2021-05-05 14:45:00,27.34627433004458,-95.09758270826296,,2021-05-05,15137,0 days 00:30:00,240,4,False,False,,,,Free
2021-05-05 15:00:00,18.174843575962274,45.33782,259.4366004233756,444,54,398.0548250138099,436.70176704294687,348,5.0,17451,2021-05-05 15:00:00,2021-05-05 15:00:00,28.01445174986585,-93.62798336879791,,2021-05-05,15163,0 days 00:00:00,241,3,False,False,,,,Free
2021-05-05 15:00:00,16.35344691107603,37.947647,210.04313522873605,444,64,493.80378193096607,242.35779445478423,191,5.0,17461,2021-05-05 15:00:00,2021-05-05 15:00:00,27.056962180694136,-95.5714230391436,,2021-05-05,15173,0 days 00:00:00,242,4,False,False,,,,Free
2021-05-05 15:15:00,21.17499650711513,61.582664,352.1572031990274,445,47,397.75690342725727,441.5118704601661,324,5.0,17466,2021-05-05 15:15:00,2021-05-05 15:15:00,28.01743096573137,-93.57988233600024,,2021-05-05,15163,0 days 00:15:00,241,3,False,False,,,,Free
2021-05-05 15:15:00,10.7386140775408,23.248196,90.57041370038804,445,51,406.2218407533512,463.3035785120464,83,5.0,17470,2021-05-05 15:15:00,2021-05-05 15:15:00,27.932781592470423,-93.36196526170868,,2021-05-05,15180,0 days 00:00:00,243,4,False,False,,,,Free
2021-05-05 15:15:00,8.357076256492578,20.544,54.85277601188475,445,58,465.2959341192197,295.4891919636476,50,5.0,17475,2021-05-05 15:15:00,2021-05-05 15:15:00,27.342040658811644,-95.04010907923788,,2021-05-05,15137,0 days 01:00:00,240,4,False,False,,,,Free
2021-05-05 15:30:00,20.776951517825413,45.46881,339.0420256416546,446,35,398.8744261930261,445.30769597022027,323,5.0,17478,2021-05-05 15:30:00,2021-05-05 15:30:00,28.006255738073683,-93.54192408198446,,2021-05-05,15163,0 days 00:30:00,241,3,False,False,,,,Free
2021-05-05 15:30:00,4.564504328406401,16.0,16.36353492961487,446,39,403.6018957326693,466.77345974263,25,5.0,17482,2021-05-05 15:30:00,2021-05-05 15:30:00,27.958981042677244,-93.3272664503944,,2021-05-05,15180,0 days 00:15:00,243,4,False,False,,,,Free
2021-05-05 15:30:00,18.63283773033796,28.141935,272.6766093000362,446,42,493.5309924219068,247.4199201663785,251,5.0,17483,2021-05-05 15:30:00,2021-05-05 15:30:00,27.05969007578473,-95.52080178347428,,2021-05-05,15173,0 days 00:30:00,242,4,False,False,,,,Free
2021-05-05 15:45:00,23.66942059804233,27.89254,440.01262273358174,447,41,440.80694745106285,350.57924447527296,404,5.0,17489,2021-05-05 15:45:00,2021-05-05 15:45:00,27.58693052549325,-94.48920856986422,,2021-05-05,15191,0 days 00:00:00,244,5,False,False,,,,Free
2021-05-05 15:45:00,,,,447,43,463.6449017579195,304.93645670173765,185,5.0,17491,2021-05-05 15:45:00,2021-05-05 15:45:00,27.35855098242465,-94.94563643455666,,2021-05-05,15193,0 days 00:00:00,245,4,False,False,,,,Free
2021-05-05 15:45:00,12.745818503434185,32.275864,127.592557106979,447,46,493.3622507887063,249.9771395788868,168,5.0,17494,2021-05-05 15:45:00,2021-05-05 15:45:00,27.061377492116737,-95.49522959007992,,2021-05-05,15173,0 days 00:45:00,242,4,False,False,,,,Free
2021-05-05 16:00:00,6.236125479846112,9.6,30.543554165587093,448,56,402.9285714285714,474.1071428571428,28,5.0,17500,2021-05-05 16:00:00,2021-05-05 16:00:00,27.965714285718224,-93.25392962134498,,2021-05-05,15180,0 days 00:45:00,243,4,False,False,,,,Free
2021-05-05 16:00:00,23.64106042122821,38.13666,438.9588276229796,448,58,442.1140634090671,352.7140003102268,407,5.0,17502,2021-05-05 16:00:00,2021-05-05 16:00:00,27.573859365913208,-94.46786101212471,,2021-05-05,15191,0 days 00:15:00,244,5,False,False,,,,Free
2021-05-05 16:00:00,17.765578459620485,18.902657,247.88405238432992,448,59,462.1781016817293,308.377200026015,247,5.0,17503,2021-05-05 16:00:00,2021-05-05 16:00:00,27.37321898318656,-94.91122900229708,,2021-05-05,15193,0 days 00:15:00,245,4,False,False,,,,Free
2021-05-05 16:00:00,1.6736248258209043,9.6,2.199916008881637,448,66,495.0,253.66666666666663,3,5.0,17509,2021-05-05 16:00:00,2021-05-05 16:00:00,27.0450000000038,-95.45833432025644,,2021-05-05,15173,0 days 01:00:00,242,4,False,False,,,,Free
2021-05-05 16:15:00,4.85894074191057,9.6,18.542704890861085,449,39,402.0,478.2352941176471,17,5.0,17513,2021-05-05 16:15:00,2021-05-05 16:15:00,27.97500000000394,-93.2126481099196,,2021-05-05,15180,0 days 01:00:00,243,4,False,False,,,,Free
2021-05-05 16:15:00,22.123451079331613,24.396585,384.4108437280632,449,44,444.3815987079962,352.42754308522706,351,5.0,17518,2021-05-05 16:15:00,2021-05-05 16:15:00,27.551184012923912,-94.47072558429284,,2021-05-05,15191,0 days 00:30:00,244,5,False,False,,,,Free
2021-05-05 16:30:00,5.006989415966775,19.733335,19.68988719779193,450,54,432.90723982250296,410.3114630388111,18,5.0,17529,2021-05-05 16:30:00,2021-05-05 16:30:00,27.665927601778865,-93.891886401298,,2021-05-05,15218,0 days 00:00:00,246,3,False,False,,,,Free
2021-05-05 16:30:00,,,,450,55,447.6092184290701,351.55143621702206,156,5.0,17530,2021-05-05 16:30:00,2021-05-05 16:30:00,27.51890781571317,-94.47948665272452,,2021-05-05,15191,0 days 00:45:00,244,5,False,False,,,,Free
2021-05-05 16:30:00,9.305514368637432,11.458062,68.00966716984053,450,58,464.126873116023,307.57992009334004,62,5.0,17533,2021-05-05 16:30:00,2021-05-05 16:30:00,27.35373126884361,-94.919201801396,,2021-05-05,15193,0 days 00:45:00,245,4,False,False,,,,Free
2021-05-05 16:45:00,7.370101758725409,23.384613,42.66157154682605,451,38,432.6228730842173,412.0410041822594,39,5.0,17539,2021-05-05 16:45:00,2021-05-05 16:45:00,27.66877126916172,-93.87459099035772,,2021-05-05,15218,0 days 00:15:00,246,3,False,False,,,,Free
2021-05-05 16:45:00,3.3404792820154423,9.6,8.764102465805415,451,41,449.0,350.8333333333333,12,5.0,17542,2021-05-05 16:45:00,2021-05-05 16:45:00,27.505000000003868,-94.4866676813562,,2021-05-05,15191,0 days 01:00:00,244,5,False,False,,,,Free
2021-05-05 16:45:00,6.141232564535922,13.866668,29.62108549617913,451,43,465.13450292677214,306.39431912896475,27,5.0,17544,2021-05-05 16:45:00,2021-05-05 16:45:00,27.34365497073612,-94.93105781070096,,2021-05-05,15193,0 days 01:00:00,245,4,False,False,,,,Free
2021-05-05 17:00:00,3.122117327652329,9.599999,7.655760181132651,452,26,431.8,414.3,10,5.0,17549,2021-05-05 17:00:00,2021-05-05 17:00:00,27.677000000003893,-93.85200103282584,,2021-05-05,15218,0 days 00:30:00,246,3,False,False,,,,Free
2021-05-05 18:15:00,5.784388721933795,14.400001,26.278757225840387,457,27,444.0035460956931,442.0780141897937,24,5.0,17570,2021-05-05 18:15:00,2021-05-05 18:15:00,27.554964539046946,-93.5742208988658,,2021-05-05,15251,0 days 00:00:00,247,4,False,False,,,,Free
2021-05-05 18:30:00,6.877265565714287,21.741177,37.14680545144183,458,37,420.3468025292165,452.402319044965,34,5.0,17573,2021-05-05 18:30:00,2021-05-05 18:30:00,27.79153197471175,-93.47097785326434,,2021-05-05,15254,0 days 00:00:00,248,3,False,False,,,,Free
2021-05-05 18:30:00,5.280488489620828,9.600001,21.89969578333973,458,43,444.2,442.1,20,5.0,17579,2021-05-05 18:30:00,2021-05-05 18:30:00,27.55300000000388,-93.57400104077,,2021-05-05,15251,0 days 00:15:00,247,4,False,False,,,,Free
2021-05-05 18:45:00,7.734542446701742,16.297672,46.98498967236706,459,26,420.7509263135474,455.0975710065749,43,5.0,17581,2021-05-05 18:45:00,2021-05-05 18:45:00,27.78749073686844,-93.44402533441844,,2021-05-05,15254,0 days 00:15:00,248,3,False,False,,,,Free
2021-05-05 19:00:00,3.120377597802324,9.599999,7.647230556989867,460,22,420.1818181818182,456.7272727272728,11,5.0,17587,2021-05-05 19:00:00,2021-05-05 19:00:00,27.79318181818573,-93.42772831767718,,2021-05-05,15254,0 days 00:30:00,248,3,False,False,,,,Free
2021-05-05 19:00:00,7.278497333547586,11.3684225,41.60766420860623,460,25,443.8099173530921,449.7289256217237,38,5.0,17590,2021-05-05 19:00:00,2021-05-05 19:00:00,27.556900826472955,-93.4977117867328,,2021-05-05,15251,0 days 00:45:00,247,4,False,False,,,,Free
2021-05-05 19:15:00,12.934726968185007,21.120003,131.40273755500803,461,7,445.101597692645,451.35047113975503,124,5.0,17593,2021-05-05 19:15:00,2021-05-05 19:15:00,27.543984023077424,-93.48149633201588,,2021-05-05,15251,0 days 01:00:00,247,4,False,False,,,,Free
2021-05-06 04:45:00,25.47438655829777,77.87355,509.6797167547637,499,36,451.8956035703941,472.45001353013953,470,5.0,17612,2021-05-06 04:45:00,2021-05-06 04:45:00,27.47604396429992,-93.27050091414144,,2021-05-06,15282,0 days 00:00:00,249,3,False,False,,,,Free
2021-05-06 05:00:00,32.457562184972176,96.68662,827.4117367368331,500,37,451.1520266459677,473.2146297053097,755,5.0,17620,2021-05-06 05:00:00,2021-05-06 05:00:00,27.483479733544183,-93.26285475260823,,2021-05-06,15282,0 days 00:15:00,249,3,False,False,,,,Free
2021-05-06 05:30:00,51.42705833453491,113.75545,2077.1757678118383,502,35,449.8483256601086,471.6559955624085,1924,5.0,17636,2021-05-06 05:30:00,2021-05-06 05:30:00,27.49651674340278,-93.27844109359188,,2021-05-06,15282,0 days 00:45:00,249,3,False,False,,,,Free
2021-05-06 06:15:00,54.72075479155237,107.39164,2351.7656338423244,505,28,404.619171004016,477.0945739501651,2176,5.0,17662,2021-05-06 06:15:00,2021-05-06 06:15:00,27.94880828996378,-93.22405531126844,,2021-05-06,15323,0 days 00:00:00,250,3,False,False,,,,Free
2021-05-06 06:30:00,50.86908800688348,115.06594,2032.3466431372096,506,40,404.095647800777,478.5249539695056,1885,5.0,17670,2021-05-06 06:30:00,2021-05-06 06:30:00,27.95404352199617,-93.20975151148376,,2021-05-06,15323,0 days 00:15:00,250,3,False,False,,,,Free
2021-05-06 06:45:00,47.4058252841488,88.35324,1765.0349301228227,507,40,405.1442264601016,482.0886101589592,1650,5.0,17680,2021-05-06 06:45:00,2021-05-06 06:45:00,27.94355773540292,-93.1741149506076,,2021-05-06,15323,0 days 00:30:00,250,3,False,False,,,,Free
2021-05-06 07:00:00,18.67270851244288,31.614458,273.84481155365074,508,41,491.4539007364214,399.39182132000593,249,5.0,17695,2021-05-06 07:00:00,2021-05-06 07:00:00,27.080460992639587,-94.00108281536563,,2021-05-06,15351,0 days 00:00:00,251,3,False,False,,,,Free
2021-05-06 07:15:00,18.02168366554193,29.213795,255.08246541966784,509,42,489.2454451788308,403.149483273277,235,5.0,17705,2021-05-06 07:15:00,2021-05-06 07:15:00,27.10254554821549,-93.96350619690668,,2021-05-06,15351,0 days 00:15:00,251,3,False,False,,,,Free
2021-05-06 07:30:00,17.226458402060086,16.34717,233.0675875603844,510,30,486.1143997991049,405.4523611626997,212,5.0,17712,2021-05-06 07:30:00,2021-05-06 07:30:00,27.13385600201276,-93.94047741867053,,2021-05-06,15351,0 days 00:30:00,251,3,False,False,,,,Free
2021-05-06 08:15:00,25.4866978004146,54.64138,510.1724710449289,513,30,489.1952365174248,488.8150701921276,464,5.0,17728,2021-05-06 08:15:00,2021-05-06 08:15:00,27.10304763482956,-93.10685035219808,,2021-05-06,15376,0 days 00:00:00,252,4,False,False,,,,Free
2021-05-06 08:30:00,23.665714721842463,28.08,439.8748496396461,514,23,491.02112221737633,488.15448440707,400,5.0,17734,2021-05-06 08:30:00,2021-05-06 08:30:00,27.08478877783004,-93.11345620985986,,2021-05-06,15376,0 days 00:15:00,252,4,False,False,,,,Free
2021-05-06 08:45:00,23.308105827354325,29.072168,426.68153020031264,515,19,492.1402569559461,487.4886938493454,388,5.0,17738,2021-05-06 08:45:00,2021-05-06 08:45:00,27.073597430444337,-93.12011411524684,,2021-05-06,15376,0 days 00:30:00,252,4,False,False,,,,Free
2021-05-06 09:00:00,8.02524774558505,9.6,50.58325563664005,516,36,491.2173913043478,485.7173913043478,46,5.0,17744,2021-05-06 09:00:00,2021-05-06 09:00:00,27.082826086960324,-93.13782714019068,,2021-05-06,15376,0 days 00:45:00,252,4,False,False,,,,Free
2021-05-07 06:45:00,5.019717152895524,14.400001,19.79011757784723,602,89,489.4468085082398,61.17021276235976,18,5.0,17820,2021-05-07 06:45:00,2021-05-07 06:45:00,27.100531914921408,-97.38329880429154,,2021-05-07,15441,0 days 00:00:00,254,4,False,False,,,,Free
2021-05-07 06:45:00,2.3668101831737176,9.6,4.39963592580687,602,95,494.0,170.75,4,5.0,17826,2021-05-07 06:45:00,2021-05-07 06:45:00,27.0550000000038,-96.28750096322877,,2021-05-07,15446,0 days 00:00:00,255,3,False,False,,,,Free
2021-05-07 07:00:00,5.157822488864641,10.610527,20.894051662659727,603,81,491.514071302448,60.956848029683066,19,5.0,17843,2021-05-07 07:00:00,2021-05-07 07:00:00,27.07985928697932,-97.38543245155734,,2021-05-07,15441,0 days 00:15:00,254,4,False,False,,,,Free
2021-05-07 07:00:00,3.924751585294489,11.345454,12.098018059496896,603,86,492.928366767267,169.19197708558517,11,5.0,17845,2021-05-07 07:00:00,2021-05-07 07:00:00,27.065716332331128,-96.30308119192767,,2021-05-07,15446,0 days 00:15:00,255,3,False,False,,,,Free
2021-05-07 07:15:00,6.149416797677151,16.711113,29.700088336024464,604,99,495.289057552975,61.480708409268615,27,5.0,17863,2021-05-07 07:15:00,2021-05-07 07:15:00,27.042109424474045,-97.3801938479112,,2021-05-07,15441,0 days 00:30:00,254,4,False,False,,,,Free
2021-05-07 07:15:00,3.1306764636794258,9.599999,7.697793522643829,604,101,492.0,166.625,8,5.0,17865,2021-05-07 07:15:00,2021-05-07 07:15:00,27.0750000000038,-96.32875096204998,,2021-05-07,15446,0 days 00:30:00,255,3,False,False,,,,Free
2021-05-07 07:30:00,3.5508125875922127,9.6,9.902512126911562,605,75,497.77777777777777,61.55555555555556,9,5.0,17884,2021-05-07 07:30:00,2021-05-07 07:30:00,27.01722222222601,-97.37944537646968,,2021-05-07,15441,0 days 00:45:00,254,4,False,False,,,,Free
2021-05-08 10:30:00,2.0356806489972024,9.6,3.254686615599608,713,147,344.6666666666667,87.66666666666667,3,5.0,17929,2021-05-08 10:30:00,2021-05-08 10:30:00,28.548333333337364,-97.1183342728201,,2021-05-08,15513,0 days 00:00:00,256,3,False,False,,,,Free
2021-05-08 10:45:00,2.628094001988119,19.2,5.424649361422857,714,130,344.778301886262,86.95990564472822,8,5.0,17965,2021-05-08 10:45:00,2021-05-08 10:45:00,28.54721698114141,-97.12540188283754,,2021-05-08,15513,0 days 00:15:00,256,3,False,False,,,,Free
2021-05-08 11:00:00,2.6280440986315847,9.6,5.424443352322123,715,106,344.6,84.8,5,5.0,18000,2021-05-08 11:00:00,2021-05-08 11:00:00,28.549000000004032,-97.1470009386676,,2021-05-08,15513,0 days 00:30:00,256,3,False,False,,,,Free
2021-05-09 02:15:00,2.6171174253632565,49.920002,5.379430482238654,775,33,258.083704366844,262.022261823814,5,5.0,18017,2021-05-09 02:15:00,2021-05-09 02:15:00,29.414162956335726,-95.3747783710727,,2021-05-09,15576,0 days 00:00:00,257,3,False,False,,,,Free
2021-05-09 02:15:00,1.655422007486834,19.2,2.152322423697384,775,34,261.0,261.1619718357155,2,5.0,18018,2021-05-09 02:15:00,2021-05-09 02:15:00,29.38500000000416,-95.38338127070784,,2021-05-09,15577,0 days 00:00:00,258,3,False,False,,,,Free
2021-05-09 02:30:00,2.6171174253632565,117.12001,5.379430482238654,776,27,258.1020335408858,262.008918991579,5,5.0,18024,2021-05-09 02:30:00,2021-05-09 02:30:00,29.41397966459531,-95.3749117993912,,2021-05-09,15576,0 days 00:15:00,257,3,False,False,,,,Free
2021-05-09 02:30:00,1.655422007486834,48.0,2.152322423697384,776,28,261.0,261.2767442054913,2,5.0,18025,2021-05-09 02:30:00,2021-05-09 02:30:00,29.38500000000416,-95.38223354704286,,2021-05-09,15577,0 days 00:15:00,258,3,False,False,,,,Free
2021-05-09 02:45:00,2.3408037145311886,24.0,4.303480874922663,777,18,258.0605263177708,262.0,4,5.0,18029,2021-05-09 02:45:00,2021-05-09 02:45:00,29.41439473682646,-95.37500098930444,,2021-05-09,15576,0 days 00:30:00,257,3,False,False,,,,Free
2021-05-09 02:45:00,1.655422007486834,9.6,2.152322423697384,777,19,261.0,261.5,2,5.0,18030,2021-05-09 02:45:00,2021-05-09 02:45:00,29.38500000000416,-95.38000098916154,,2021-05-09,15577,0 days 00:30:00,258,3,False,False,,,,Free
2021-05-09 06:00:00,3.676653539502832,10.559999,10.61684056659616,790,118,126.91726618643337,1.172661864333664,10,5.0,18117,2021-05-09 06:00:00,2021-05-09 06:00:00,30.72582733814004,-97.98327429612688,,2021-05-09,15658,0 days 00:00:00,259,3,False,False,,,,Free
2021-05-09 06:30:00,1.6440873704008527,9.6,2.122949520919746,792,98,125.0,5.5,2,5.0,18148,2021-05-09 06:30:00,2021-05-09 06:30:00,30.74500000000437,-97.94000091600674,,2021-05-09,15658,0 days 00:30:00,259,3,False,False,,,,Free
2021-05-09 06:45:00,1.643916629606025,9.6,2.1225086012054017,793,174,122.5,10.5,4,5.0,18172,2021-05-09 06:45:00,2021-05-09 06:45:00,30.77000000000438,-97.8900009174356,,2021-05-09,15658,0 days 00:45:00,259,3,False,False,,,,Free
2021-05-09 08:00:00,2.32163404184569,12.0,4.2332840246317405,798,145,96.32857143343712,44.32857143343711,4,5.0,18345,2021-05-09 08:00:00,2021-05-09 08:00:00,31.03171428567005,-97.5517152127681,,2021-05-09,15853,0 days 00:00:00,260,3,False,False,,,,Free
2021-05-09 08:15:00,1.64125506110858,9.6,2.115641307837976,799,149,92.0,51.5,2,5.0,18372,2021-05-09 08:15:00,2021-05-09 08:15:00,31.075000000004422,-97.48000092915174,,2021-05-09,15853,0 days 00:15:00,260,3,False,False,,,,Free
2021-05-09 08:45:00,5.187958617578481,10.560001,21.138924508746072,801,215,84.29676258468362,66.71762588971718,20,5.0,18432,2021-05-09 08:45:00,2021-05-09 08:45:00,31.152032374157603,-97.32782467460322,,2021-05-09,15853,0 days 00:45:00,260,3,False,False,,,,Free
2021-05-09 08:45:00,3.680511247592421,25.920002,10.63913157556849,801,256,147.3193116561407,177.3833652163846,10,5.0,18464,2021-05-09 08:45:00,2021-05-09 08:45:00,30.52180688344293,-96.22116731296046,,2021-05-09,15959,0 days 00:00:00,261,3,False,False,,,,Free
2021-05-09 09:00:00,1.1609693069713574,28.800001,1.058598703836135,802,246,99.3736842118472,86.62631578815281,2,5.0,18493,2021-05-09 09:00:00,2021-05-09 09:00:00,31.001263157885944,-97.12873778130796,,2021-05-09,15986,0 days 00:00:00,263,3,False,False,,,,Free
2021-05-09 09:00:00,,,,802,266,144.78666163552114,184.6619664766523,128,5.0,18507,2021-05-09 09:00:00,2021-05-09 09:00:00,30.547133383649133,-96.14838130243773,,2021-05-09,15959,0 days 00:15:00,261,3,False,False,,,,Free
2021-05-09 09:15:00,16.372575789032936,24.824244,210.53480397782093,803,315,141.49093041715565,192.72184855687988,198,5.0,18560,2021-05-09 09:15:00,2021-05-09 09:15:00,30.58009069583279,-96.06778248393869,,2021-05-09,15959,0 days 00:30:00,261,3,False,False,,,,Free
2021-05-09 09:15:00,10.498363132067569,14.696297,86.56315216448976,803,344,189.7536692867864,330.6704990118052,88,5.0,18583,2021-05-09 09:15:00,2021-05-09 09:15:00,30.097463307136408,-94.68829601880977,,2021-05-09,16066,0 days 00:00:00,264,3,False,False,,,,Free
2021-05-09 09:15:00,2.3346714209599906,9.6,4.2809624209253565,803,354,205.5,304.0,4,5.0,18591,2021-05-09 09:15:00,2021-05-09 09:15:00,29.940000000004247,-94.9550010013064,,2021-05-09,16074,0 days 00:00:00,265,3,False,False,,,,Free
2021-05-09 09:15:00,4.671597762629495,16.2,17.140392588375285,803,357,214.99776785937613,301.5993303695209,16,5.0,18594,2021-05-09 09:15:00,2021-05-09 09:15:00,29.84502232141047,-94.97900769692518,,2021-05-09,16077,0 days 00:00:00,266,4,False,False,,,,Free
2021-05-09 09:15:00,5.092090673443638,13.642106,20.36489326285029,803,359,220.07917174842817,284.8014616306703,19,5.0,18595,2021-05-09 09:15:00,2021-05-09 09:15:00,29.794208282519943,-95.14698637951352,,2021-05-09,16078,0 days 00:00:00,267,4,False,False,,,,Free
2021-05-09 09:30:00,4.643953298964541,19.2,16.938134172897918,804,337,99.33868613994346,107.53941605020847,22,5.0,18607,2021-05-09 09:30:00,2021-05-09 09:30:00,31.00161313860498,-96.9196067846636,,2021-05-09,15986,0 days 00:30:00,263,3,False,False,,,,Free
2021-05-09 09:30:00,5.21876319104451,9.600001,21.390703231626485,804,406,199.5217391304348,309.0,23,5.0,18659,2021-05-09 09:30:00,2021-05-09 09:30:00,29.99978260869991,-94.90500100273522,,2021-05-09,16074,0 days 00:15:00,265,3,False,False,,,,Free
2021-05-09 09:30:00,7.388448671747064,21.6,42.87423682430132,804,409,217.60309864821,290.1436495993675,100,5.0,18661,2021-05-09 09:30:00,2021-05-09 09:30:00,29.81896901352213,-95.09356450135311,,2021-05-09,16078,0 days 00:15:00,267,4,False,False,,,,Free
2021-05-09 09:30:00,8.004034534300853,20.425531,50.31619469501028,804,410,208.9144827519221,306.9329655249749,47,5.0,18662,2021-05-09 09:30:00,2021-05-09 09:30:00,29.905855172485023,-94.92567134689476,,2021-05-09,16077,0 days 00:15:00,266,4,False,False,,,,Free
2021-05-09 09:45:00,18.89795273639744,32.313965,280.4913019736563,805,410,100.80174621429816,118.492387579952,265,5.0,18683,2021-05-09 09:45:00,2021-05-09 09:45:00,30.98698253786143,-96.81007707249609,,2021-05-09,15986,0 days 00:45:00,263,3,False,False,,,,Free
2021-05-09 09:45:00,8.800824624456522,10.273684,60.8326330977656,805,471,177.72322022606647,339.0292747853067,57,5.0,18719,2021-05-09 09:45:00,2021-05-09 09:45:00,30.217767797743623,-94.60470826346337,,2021-05-09,16066,0 days 00:30:00,264,3,False,False,,,,Free
2021-05-09 09:45:00,3.499900254025131,10.666667,9.62057912729459,805,477,193.6392156833413,313.0901960791647,9,5.0,18724,2021-05-09 09:45:00,2021-05-09 09:45:00,30.05860784317085,-94.8640990431124,,2021-05-09,16074,0 days 00:30:00,265,3,False,False,,,,Free
2021-05-09 09:45:00,7.652730258637658,16.967442,45.99627827586043,805,481,201.32819719738492,312.95338985722015,44,5.0,18727,2021-05-09 09:45:00,2021-05-09 09:45:00,29.981718028030404,-94.86546710529274,,2021-05-09,16077,0 days 00:30:00,266,4,False,False,,,,Free
2021-05-09 09:45:00,8.894515789213251,24.993103,62.1347423991763,805,486,213.42961872274267,293.97917889788306,92,5.0,18731,2021-05-09 09:45:00,2021-05-09 09:45:00,29.86070381277681,-95.055209209464,,2021-05-09,16078,0 days 00:30:00,267,4,False,False,,,,Free
2021-05-09 09:45:00,5.475239652396657,10.472729,23.544861903745083,805,489,205.23611112541948,352.4706790057593,24,5.0,18734,2021-05-09 09:45:00,2021-05-09 09:45:00,29.942638888750054,-94.47029422509983,,2021-05-09,16184,0 days 00:00:00,270,5,False,False,,,,Free
2021-05-09 10:00:00,1.648233734771544,9.6,2.133671119211136,806,390,174.0,340.5,2,5.0,18790,2021-05-09 10:00:00,2021-05-09 10:00:00,30.25500000000429,-94.59000101173672,,2021-05-09,16066,0 days 00:45:00,264,3,False,False,,,,Free
2021-05-09 10:00:00,1.6498225200593664,9.6,2.137786529604847,806,403,192.66666666666663,321.0,3,5.0,18798,2021-05-09 10:00:00,2021-05-09 10:00:00,30.0683333333376,-94.78500100616436,,2021-05-09,16077,0 days 00:45:00,266,4,False,False,,,,Free
2021-05-09 10:00:00,,,,806,406,198.34042554096715,356.6101578677781,55,5.0,18801,2021-05-09 10:00:00,2021-05-09 10:00:00,30.011595744594587,-94.42889943766257,,2021-05-09,16184,0 days 00:15:00,270,5,False,False,,,,Free
2021-05-09 10:00:00,,,,806,423,210.11679999414065,297.25440000500487,23,5.0,18816,2021-05-09 10:00:00,2021-05-09 10:00:00,29.89383200006284,-95.02245699932872,,2021-05-09,16078,0 days 00:45:00,267,4,False,False,,,,Free
2021-05-09 10:15:00,4.507022074925589,10.240002,15.95398765916572,807,385,143.29783392864812,465.1173285277792,22,5.0,18857,2021-05-09 10:15:00,2021-05-09 10:15:00,30.562021660717864,-93.34382776206968,,2021-05-09,16284,0 days 00:00:00,273,4,False,False,,,,Free
2021-05-09 10:15:00,8.644065694884098,15.359999,58.68485003190352,807,404,175.95928395030154,374.6763776860709,55,5.0,18871,2021-05-09 10:15:00,2021-05-09 10:15:00,30.23540716050128,-94.24823724464228,,2021-05-09,16297,0 days 00:00:00,274,3,False,False,,,,Free
2021-05-09 10:15:00,6.701384921099596,11.927273,35.27110043545038,807,410,189.8236406512148,361.48368795435925,69,5.0,18875,2021-05-09 10:15:00,2021-05-09 10:15:00,30.096763593492124,-94.3801641381894,,2021-05-09,16184,0 days 00:30:00,270,5,False,False,,,,Free
2021-05-09 10:15:00,1.6489876383289728,9.6,2.135623451694909,807,412,183.3333333333333,420.0,3,5.0,18876,2021-05-09 10:15:00,2021-05-09 10:15:00,30.16166666667095,-93.79500103445469,,2021-05-09,16300,0 days 00:00:00,275,4,False,False,,,,Free
2021-05-09 10:15:00,3.4986614196377888,9.6,9.613769678986833,807,414,186.5555555555556,417.55555555555554,9,5.0,18877,2021-05-09 10:15:00,2021-05-09 10:15:00,30.129444444448723,-93.81944547820058,,2021-05-09,16301,0 days 00:00:00,276,4,False,False,,,,Free
2021-05-09 10:30:00,1.6453641699163923,9.6,2.1262481697485827,808,442,139.66666666666666,470.0,3,5.0,18950,2021-05-09 10:30:00,2021-05-09 10:30:00,30.598333333337685,-93.29500104874272,,2021-05-09,16284,0 days 00:15:00,273,4,False,False,,,,Free
2021-05-09 10:30:00,6.16548741604462,13.714287,29.855525014589,808,468,168.72950820159093,380.2729508553356,28,5.0,18972,2021-05-09 10:30:00,2021-05-09 10:30:00,30.3077049179884,-94.1922715145489,,2021-05-09,16297,0 days 00:15:00,274,3,False,False,,,,Free
2021-05-09 10:30:00,8.487122092869939,18.837736,56.57320471794151,808,474,180.48319781376296,368.2298103388159,54,5.0,18978,2021-05-09 10:30:00,2021-05-09 10:30:00,30.190168021866658,-94.3127029162726,,2021-05-09,16184,0 days 00:45:00,270,5,False,False,,,,Free
2021-05-09 10:30:00,3.2970124807003423,14.400001,8.537506820961074,808,476,177.25,425.2553191435396,8,5.0,18980,2021-05-09 10:30:00,2021-05-09 10:30:00,30.22250000000429,-93.74244784452104,,2021-05-09,16300,0 days 00:15:00,275,4,False,False,,,,Free
2021-05-09 10:45:00,4.3520359850895565,9.599999,14.875611815413764,809,310,134.71428571428572,474.5,14,5.0,19047,2021-05-09 10:45:00,2021-05-09 10:45:00,30.6478571428615,-93.25000105002869,,2021-05-09,16284,0 days 00:30:00,273,4,False,False,,,,Free
2021-05-09 10:45:00,4.658563619360148,12.0,17.044879799221157,809,325,160.0446428541018,388.1160714376946,16,5.0,19060,2021-05-09 10:45:00,2021-05-09 10:45:00,30.3945535714633,-94.11384031096657,,2021-05-09,16297,0 days 00:30:00,274,3,False,False,,,,Free
2021-05-09 10:45:00,8.156881744232388,17.828571,52.256246724752025,809,332,170.32834871392262,377.0671333126628,49,5.0,19065,2021-05-09 10:45:00,2021-05-09 10:45:00,30.29171651286508,-94.22432968905952,,2021-05-09,16184,0 days 01:00:00,270,5,False,False,,,,Free
2021-05-09 10:45:00,9.027502194199284,14.240001,64.00664839798407,809,337,173.42279942665186,428.5786435939788,60,5.0,19068,2021-05-09 10:45:00,2021-05-09 10:45:00,30.26077200573778,-93.70921460096632,,2021-05-09,16301,0 days 00:30:00,276,4,False,False,,,,Free
2021-05-09 10:45:00,2.3370391455580144,14.400001,4.289649964497915,809,371,225.6223404282302,253.1223404282302,4,5.0,19096,2021-05-09 10:45:00,2021-05-09 10:45:00,29.73877659572192,-95.46377758248524,,2021-05-09,16460,0 days 00:00:00,277,4,False,False,,,,Free
2021-05-09 11:00:00,3.076512338595461,9.599999,7.433737201037723,810,411,129.42857142857142,479.2857142857143,7,5.0,19120,2021-05-09 11:00:00,2021-05-09 11:00:00,30.700714285718654,-93.20214390853909,,2021-05-09,16284,0 days 00:45:00,273,4,False,False,,,,Free
2021-05-09 11:00:00,3.8629049807591858,12.218182,11.719738797052482,810,431,161.2997481050829,439.7481108481768,11,5.0,19134,2021-05-09 11:00:00,2021-05-09 11:00:00,30.382002518953488,-93.59751993161616,,2021-05-09,16300,0 days 00:45:00,275,4,False,False,,,,Free
2021-05-09 11:00:00,,,,810,434,166.59539789543388,434.8638542694318,37,5.0,19136,2021-05-09 11:00:00,2021-05-09 11:00:00,30.32904602104997,-93.6463624960079,,2021-05-09,16301,0 days 00:45:00,276,4,False,False,,,,Free
2021-05-09 11:00:00,8.008377938354181,15.319148,50.3708178627597,810,476,219.4202061759616,257.2428866006334,47,5.0,19167,2021-05-09 11:00:00,2021-05-09 11:00:00,29.80079793824461,-95.42257212193874,,2021-05-09,16460,0 days 00:15:00,277,4,False,False,,,,Free
2021-05-09 11:00:00,3.511852903943246,9.6,9.68640258616844,810,506,262.0,205.0,9,5.0,19183,2021-05-09 11:00:00,2021-05-09 11:00:00,29.37500000000416,-95.94500097301608,,2021-05-09,16520,0 days 00:00:00,278,3,False,False,,,,Free
2021-05-09 11:15:00,2.603610909400163,13.44,5.324049033489256,811,458,155.21800948295714,443.881516595175,5,5.0,19221,2021-05-09 11:15:00,2021-05-09 11:15:00,30.442819905174755,-93.55618587532734,,2021-05-09,16300,0 days 01:00:00,275,4,False,False,,,,Free
2021-05-09 11:15:00,2.60403793767316,19.2,5.3257956123657415,811,459,158.4647887342862,441.5295774685724,5,5.0,19222,2021-05-09 11:15:00,2021-05-09 11:15:00,30.41035211266146,-93.57970526592128,,2021-05-09,16301,0 days 01:00:00,276,4,False,False,,,,Free
2021-05-09 11:15:00,5.077852816575883,15.663159,20.25116902269235,811,465,164.92991115531046,482.7917077975957,19,5.0,19227,2021-05-09 11:15:00,2021-05-09 11:15:00,30.34570088845121,-93.16708397442216,,2021-05-09,16557,0 days 00:00:00,279,3,False,False,,,,Free
2021-05-09 11:15:00,9.04550931462337,24.0,64.26225064974494,811,499,213.32509571534607,262.1376609747532,62,5.0,19254,2021-05-09 11:15:00,2021-05-09 11:15:00,29.86174904285077,-95.37362437959628,,2021-05-09,16460,0 days 00:30:00,277,4,False,False,,,,Free
2021-05-09 11:15:00,2.026871155486367,12.8,3.226577982069477,811,529,255.4102563998064,208.0,3,5.0,19279,2021-05-09 11:15:00,2021-05-09 11:15:00,29.440897436006107,-95.91500097387336,,2021-05-09,16520,0 days 00:15:00,278,3,False,False,,,,Free
2021-05-09 11:30:00,4.506046310775762,9.6,15.94708037369295,812,459,141.6086956521739,399.8695652173913,23,5.0,19330,2021-05-09 11:30:00,2021-05-09 11:30:00,30.578913043482608,-93.99630537652826,,2021-05-09,16647,0 days 00:00:00,281,4,False,False,,,,Free
2021-05-09 11:30:00,6.986982809490354,14.399999,38.34151160476876,812,465,158.10933804917363,490.4562647916033,36,5.0,19334,2021-05-09 11:30:00,2021-05-09 11:30:00,30.413906619512588,-93.09043840667232,,2021-05-09,16557,0 days 00:15:00,279,3,False,False,,,,Free
2021-05-09 11:30:00,5.837329402930084,16.896,26.7619826129416,812,499,207.45099338248585,266.96821191455706,26,5.0,19358,2021-05-09 11:30:00,2021-05-09 11:30:00,29.920490066179383,-95.3253188715786,,2021-05-09,16460,0 days 00:45:00,277,4,False,False,,,,Free
2021-05-09 11:30:00,2.0263714647349507,9.6,3.2249872618794337,812,523,250.0,211.0,3,5.0,19376,2021-05-09 11:30:00,2021-05-09 11:30:00,29.49500000000418,-95.88500097473064,,2021-05-09,16520,0 days 00:30:00,278,3,False,False,,,,Free
2021-05-09 11:45:00,10.659735104189082,20.457142,89.2447559937485,813,343,134.82024030297077,407.23675293589145,84,5.0,19404,2021-05-09 11:45:00,2021-05-09 11:45:00,30.64679759697465,-93.92263350144856,,2021-05-09,16647,0 days 00:15:00,281,4,False,False,,,,Free
2021-05-09 11:45:00,7.16980183438822,9.600001,40.37422381119123,813,345,134.1315789473684,378.9736842105263,38,5.0,19406,2021-05-09 11:45:00,2021-05-09 11:45:00,30.65368421053068,-94.2052641806257,,2021-05-09,16702,0 days 00:00:00,282,3,False,False,,,,Free
2021-05-09 11:45:00,3.292444501028812,13.200001,8.513865939193439,813,350,149.92378049268032,498.2865853649672,8,5.0,19410,2021-05-09 11:45:00,2021-05-09 11:45:00,30.49576219507753,-93.01213520317629,,2021-05-09,16557,0 days 00:30:00,279,3,False,False,,,,Free
2021-05-09 11:45:00,2.8610023734814494,35.2,6.428746746763241,813,387,216.81567329788533,398.1037527725106,6,5.0,19435,2021-05-09 11:45:00,2021-05-09 11:45:00,29.82684326702537,-94.01396350047249,,2021-05-09,16723,0 days 00:00:00,283,3,False,False,,,,Free
2021-05-09 12:00:00,2.3246981900477004,9.6,4.2444657779892845,814,382,121.6,469.6,5,5.0,19480,2021-05-09 12:00:00,2021-05-09 12:00:00,30.77900000000438,-93.29900104862844,,2021-05-09,16762,0 days 00:00:00,284,3,False,False,,,,Free
2021-05-09 12:00:00,11.569324532301907,29.575762,105.1249709351148,814,383,127.93020963063138,414.454665024342,99,5.0,19481,2021-05-09 12:00:00,2021-05-09 12:00:00,30.715697903698057,-93.85045438262664,,2021-05-09,16647,0 days 00:30:00,281,4,False,False,,,,Free
2021-05-09 12:00:00,4.192402850933039,9.599999,13.80434792273702,814,385,127.35,385.15,20,5.0,19483,2021-05-09 12:00:00,2021-05-09 12:00:00,30.72150000000437,-94.14350102449588,,2021-05-09,16702,0 days 00:15:00,282,3,False,False,,,,Free
2021-05-09 12:00:00,5.089663221027088,17.178947,20.345481579323767,814,430,209.8371747261714,402.01561338485016,23,5.0,19512,2021-05-09 12:00:00,2021-05-09 12:00:00,29.896628252742527,-93.97484489546696,,2021-05-09,16723,0 days 00:15:00,283,3,False,False,,,,Free
2021-05-09 12:15:00,1.6427181419997785,9.6,2.119414924876924,815,382,109.0,464.5,2,5.0,19553,2021-05-09 12:15:00,2021-05-09 12:15:00,30.9050000000044,-93.35000104717108,,2021-05-09,16813,0 days 00:00:00,285,3,False,False,,,,Free
2021-05-09 12:15:00,3.2870854214951226,9.6,8.486172623905759,815,390,118.625,393.125,8,5.0,19557,2021-05-09 12:15:00,2021-05-09 12:15:00,30.808750000004384,-94.06375102677488,,2021-05-09,16702,0 days 00:30:00,282,3,False,False,,,,Free
2021-05-09 12:15:00,8.462155364015041,17.56981,56.240849336503445,815,391,122.83518461377273,420.3146202602071,53,5.0,19558,2021-05-09 12:15:00,2021-05-09 12:15:00,30.76664815386665,-93.79185483194254,,2021-05-09,16647,0 days 00:45:00,281,4,False,False,,,,Free
2021-05-09 12:15:00,4.952184697272143,17.600002,19.261209233803267,815,425,204.00176366665048,406.30952381252735,18,5.0,19580,2021-05-09 12:15:00,2021-05-09 12:15:00,29.954982363337745,-93.93190579241718,,2021-05-09,16723,0 days 00:30:00,283,3,False,False,,,,Free
2021-05-09 12:30:00,9.99449822404512,20.10811,78.45341841877713,816,220,113.69234846059656,485.1514401894698,77,5.0,19610,2021-05-09 12:30:00,2021-05-09 12:30:00,30.858076515398427,-93.14348665117774,,2021-05-09,16762,0 days 00:30:00,284,3,False,False,,,,Free
2021-05-09 12:45:00,4.786045450168435,9.6,17.99051179787424,817,197,96.0,475.6470588235294,17,5.0,19657,2021-05-09 12:45:00,2021-05-09 12:45:00,31.03500000000442,-93.23853046212116,,2021-05-09,16813,0 days 00:30:00,285,3,False,False,,,,Free
2021-05-09 13:00:00,2.010153951094809,9.6,3.173573208443312,818,212,92.0,482.75,4,5.0,19700,2021-05-09 13:00:00,2021-05-09 13:00:00,31.075000000004422,-93.16750105238616,,2021-05-09,16813,0 days 00:45:00,285,3,False,False,,,,Free
2021-05-09 13:00:00,3.672269165417219,13.440001,10.59153470298404,818,216,104.0,498.2274881463036,10,5.0,19703,2021-05-09 13:00:00,2021-05-09 13:00:00,30.955000000004407,-93.01272617534602,,2021-05-09,16762,0 days 01:00:00,284,3,False,False,,,,Free
2021-05-09 13:15:00,8.712706571544636,20.914288,59.620560887956735,819,211,153.97612957956974,478.4882779355795,60,5.0,19756,2021-05-09 13:15:00,2021-05-09 13:15:00,30.455238704208632,-93.21011827181258,,2021-05-09,16975,0 days 00:00:00,286,3,False,False,,,,Free
2021-05-09 13:30:00,3.467175800238673,9.6,9.441513248209036,820,165,12.555555555555555,330.3888888888889,18,5.0,19776,2021-05-09 13:30:00,2021-05-09 13:30:00,31.869444444448995,-94.69111211995846,,2021-05-09,16992,0 days 00:00:00,287,4,False,False,,,,Free
2021-05-09 13:30:00,4.798662942928392,12.988235,18.08549391593385,820,199,147.62758619192806,484.6606896722274,19,5.0,19800,2021-05-09 13:30:00,2021-05-09 13:30:00,30.51872413808506,-93.14839415620992,,2021-05-09,16975,0 days 00:15:00,286,3,False,False,,,,Free
2021-05-09 13:45:00,5.166649489462239,9.600001,20.96562823338392,821,214,8.153846153846153,338.46153846153845,26,5.0,19815,2021-05-09 13:45:00,2021-05-09 13:45:00,31.91346153846609,-94.6103856265388,,2021-05-09,16992,0 days 00:15:00,287,4,False,False,,,,Free
2021-05-09 13:45:00,3.062668847320237,9.599999,7.366988016616246,821,231,43.85714285714285,122.28571428571428,7,5.0,19830,2021-05-09 13:45:00,2021-05-09 13:45:00,31.55642857143308,-96.77214380652242,,2021-05-09,17035,0 days 00:00:00,288,3,False,False,,,,Free
2021-05-09 13:45:00,10.710146019962409,17.50588,90.09084601811988,821,252,110.43631233327164,425.4730009306066,85,5.0,19847,2021-05-09 13:45:00,2021-05-09 13:45:00,30.89063687667168,-93.7402710267126,,2021-05-09,17052,0 days 00:00:00,289,3,False,False,,,,Free
2021-05-09 13:45:00,1.645576322494405,9.6,2.1267965202239028,821,261,142.5,492.0,2,5.0,19853,2021-05-09 13:45:00,2021-05-09 13:45:00,30.57000000000435,-93.07500105502947,,2021-05-09,16975,0 days 00:30:00,286,3,False,False,,,,Free
2021-05-09 14:00:00,8.0031196341031,10.0,50.304692579344206,822,213,5.23784494560172,346.48883048208546,62,5.0,19868,2021-05-09 14:00:00,2021-05-09 14:00:00,31.942621550548544,-94.5301127086272,,2021-05-09,16992,0 days 00:30:00,287,4,False,False,,,,Free
2021-05-09 14:00:00,5.428659971681841,11.345456,23.14595804850736,822,227,40.76361031831816,125.46704871021024,22,5.0,19879,2021-05-09 14:00:00,2021-05-09 14:00:00,31.587363896821323,-96.74033046318658,,2021-05-09,17035,0 days 00:15:00,288,3,False,False,,,,Free
2021-05-09 14:00:00,20.383649929939747,37.122078,326.3275839840149,822,255,106.40215897393728,432.947076936166,308,5.0,19899,2021-05-09 14:00:00,2021-05-09 14:00:00,30.93097841026503,-93.6655302687928,,2021-05-09,17052,0 days 00:15:00,289,3,False,False,,,,Free
2021-05-09 14:15:00,9.935536221030178,17.643244,77.53048545153031,823,234,1.8321442754572648,354.27308760786184,90,5.0,19912,2021-05-09 14:15:00,2021-05-09 14:15:00,31.97667855725,-94.4522701395939,,2021-05-09,16992,0 days 00:45:00,287,4,False,False,,,,Free
2021-05-09 14:15:00,11.039477907780826,20.571432,95.7165310960635,823,254,38.58398986655878,261.2110298201736,92,5.0,19925,2021-05-09 14:15:00,2021-05-09 14:15:00,31.60916010133892,-95.38289069087728,,2021-05-09,17115,0 days 00:00:00,290,4,False,False,,,,Free
2021-05-09 14:15:00,3.27321177408945,10.8,8.414689413582678,823,257,38.70258620423879,128.51293102119396,8,5.0,19928,2021-05-09 14:15:00,2021-05-09 14:15:00,31.60797413796212,-96.70987164094714,,2021-05-09,17035,0 days 00:30:00,288,3,False,False,,,,Free
2021-05-09 14:15:00,23.602606189584936,40.956905,437.5319799358791,823,281,104.70843493341232,440.4759127902239,413,5.0,19945,2021-05-09 14:15:00,2021-05-09 14:15:00,30.94791565067028,-93.59024191240366,,2021-05-09,17052,0 days 00:30:00,289,3,False,False,,,,Free
2021-05-09 14:30:00,19.941262826024293,38.91717,312.3166922837693,824,310,37.44955348657691,264.2390354879876,298,5.0,19981,2021-05-09 14:30:00,2021-05-09 14:30:00,31.620504465138744,-95.35261063506442,,2021-05-09,17115,0 days 00:15:00,290,4,False,False,,,,Free
2021-05-09 14:45:00,23.05338855160212,81.853905,417.4067055242809,825,393,36.173165632566494,269.89211520509986,453,5.0,20060,2021-05-09 14:45:00,2021-05-09 14:45:00,31.63326834367885,-95.2960798395087,,2021-05-09,17115,0 days 00:30:00,290,4,False,False,,,,Free
2021-05-09 15:00:00,39.34394863918052,76.37647,1215.7541767558369,826,364,35.599921499017725,274.9078227899917,1162,5.0,20153,2021-05-09 15:00:00,2021-05-09 15:00:00,31.639000785014336,-95.2459227650931,,2021-05-09,17115,0 days 00:45:00,290,4,False,False,,,,Free
2021-05-09 15:00:00,4.928497518930762,32.000004,19.077390342254155,826,418,109.72098767470943,92.20534980433764,18,5.0,20196,2021-05-09 15:00:00,2021-05-09 15:00:00,30.897790123257305,-97.07294744274036,,2021-05-09,17354,0 days 00:00:00,292,3,False,False,,,,Free
2021-05-09 15:00:00,2.845865389148076,14.400001,6.360900308696847,826,424,113.51063828707927,84.25177304784654,6,5.0,20201,2021-05-09 15:00:00,2021-05-09 15:00:00,30.8598936171336,-97.15248320803248,,2021-05-09,17358,0 days 00:00:00,293,3,False,False,,,,Free
2021-05-09 15:15:00,7.703969067774082,20.290909,46.61427587812241,827,318,107.49346014177316,95.47948874270293,44,5.0,20257,2021-05-09 15:15:00,2021-05-09 15:15:00,30.92006539858667,-97.04020605429236,,2021-05-09,17354,0 days 00:15:00,292,3,False,False,,,,Free
2021-05-09 15:15:00,4.4990977284108045,12.16,15.89793566614492,827,331,110.70391060609197,86.73929236482533,15,5.0,20270,2021-05-09 15:15:00,2021-05-09 15:15:00,30.88796089394348,-97.12760801557351,,2021-05-09,17358,0 days 00:15:00,293,3,False,False,,,,Free
2021-05-09 15:30:00,4.345152438693239,10.285714,14.82859199084094,828,378,104.302798973235,98.76081425337742,15,5.0,20330,2021-05-09 15:30:00,2021-05-09 15:30:00,30.95197201027206,-97.00739280012328,,2021-05-09,17354,0 days 00:30:00,292,3,False,False,,,,Free
2021-05-09 15:30:00,2.011770452455529,9.6,3.1786794324040235,828,383,107.5,88.75,4,5.0,20335,2021-05-09 15:30:00,2021-05-09 15:30:00,30.9200000000044,-97.10750093979637,,2021-05-09,17358,0 days 00:30:00,293,3,False,False,,,,Free
2021-05-09 15:45:00,6.029721533494685,13.511112,28.555146532973865,829,264,90.81924684633093,38.09790794992436,29,5.0,20403,2021-05-09 15:45:00,2021-05-09 15:45:00,31.08680753154112,-97.61402184582272,,2021-05-09,17535,0 days 00:00:00,294,3,False,False,,,,Free
2021-05-09 15:45:00,7.365444448297675,19.2,42.60767123145169,829,300,158.88309858685756,364.3003521281087,40,5.0,20433,2021-05-09 15:45:00,2021-05-09 15:45:00,30.406169014135745,-94.35199749725685,,2021-05-09,17558,0 days 00:00:00,295,3,False,False,,,,Free
2021-05-09 16:00:00,2.0097661366784187,9.6,3.1723487860875808,830,261,89.0,39.0,4,5.0,20455,2021-05-09 16:00:00,2021-05-09 16:00:00,31.10500000000443,-97.60500092557976,,2021-05-09,17535,0 days 00:15:00,294,3,False,False,,,,Free
2021-05-09 16:00:00,6.888345152715364,21.394285,37.2665922442794,830,302,154.83339142247874,366.5235273770067,35,5.0,20490,2021-05-09 16:00:00,2021-05-09 16:00:00,30.44666608577954,-94.32976574540312,,2021-05-09,17558,0 days 00:15:00,295,3,False,False,,,,Free
2021-05-09 16:15:00,20.62543661529755,37.30633,334.1151610713937,831,261,85.88074999337175,40.69545876616787,316,5.0,20524,2021-05-09 16:15:00,2021-05-09 16:15:00,31.13619250007072,-97.5880463384026,,2021-05-09,17535,0 days 00:30:00,294,3,False,False,,,,Free
2021-05-09 16:15:00,6.868716191901503,9.600001,37.0545058233353,831,267,100.4390243902439,315.8780487804878,41,5.0,20528,2021-05-09 16:15:00,2021-05-09 16:15:00,30.99060975610197,-94.83622051689582,,2021-05-09,17643,0 days 00:00:00,296,3,False,False,,,,Free
2021-05-09 16:15:00,3.291258656358726,10.8,8.50773413993312,831,279,143.3060344765572,76.59482759152242,8,5.0,20539,2021-05-09 16:15:00,2021-05-09 16:15:00,30.56193965523877,-97.22905266040766,,2021-05-09,17652,0 days 00:00:00,297,3,False,False,,,,Free
2021-05-09 16:15:00,2.851615248598443,9.599999,6.386629727032691,831,288,152.0,370.1666666666667,6,5.0,20543,2021-05-09 16:15:00,2021-05-09 16:15:00,30.47500000000433,-94.2933343535476,,2021-05-09,17558,0 days 00:30:00,295,3,False,False,,,,Free
2021-05-09 16:15:00,2.604730836912908,9.6,5.328630233658221,831,294,163.8,461.6,5,5.0,20547,2021-05-09 16:15:00,2021-05-09 16:15:00,30.357000000004312,-93.37900104634237,,2021-05-09,17657,0 days 00:00:00,298,3,False,False,,,,Free
2021-05-09 16:30:00,13.685780158233785,22.307915,147.1055303882072,832,281,96.20038257014906,320.2612182361686,182,5.0,20589,2021-05-09 16:30:00,2021-05-09 16:30:00,31.03299617430293,-94.79238882359152,,2021-05-09,17643,0 days 00:15:00,296,3,False,False,,,,Free
2021-05-09 16:30:00,6.478139303005054,22.916128,32.96024617101247,832,293,140.965430313886,77.70543753234513,31,5.0,20601,2021-05-09 16:30:00,2021-05-09 16:30:00,30.585345696865488,-97.2179465613168,,2021-05-09,17652,0 days 00:15:00,297,3,False,False,,,,Free
2021-05-09 16:30:00,5.585377221594448,15.443481,24.50162566541637,832,302,160.22398000825592,463.9533721973461,23,5.0,20606,2021-05-09 16:30:00,2021-05-09 16:30:00,30.39276019992176,-93.3554673250414,,2021-05-09,17657,0 days 00:15:00,298,3,False,False,,,,Free
2021-05-09 16:45:00,16.119962278782587,38.947147,204.0882133639853,833,292,91.36246745289398,325.0445206042885,308,5.0,20646,2021-05-09 16:45:00,2021-05-09 16:45:00,31.081375325475488,-94.74455580127722,,2021-05-09,17643,0 days 00:30:00,296,3,False,False,,,,Free
2021-05-09 16:45:00,2.0149779756537685,9.6,3.188823547900626,833,307,138.0,81.0,4,5.0,20659,2021-05-09 16:45:00,2021-05-09 16:45:00,30.61500000000436,-97.18500093758172,,2021-05-09,17652,0 days 00:30:00,297,3,False,False,,,,Free
2021-05-09 16:45:00,2.0166724842133226,12.8,3.194189125997553,833,312,154.80341879993546,466.1965812000645,3,5.0,20664,2021-05-09 16:45:00,2021-05-09 16:45:00,30.44696581200497,-93.33303523565525,,2021-05-09,17657,0 days 00:30:00,298,3,False,False,,,,Free
2021-05-09 17:45:00,2.602407339060068,9.6,5.319127878487632,837,176,146.4,89.2,5,5.0,20827,2021-05-09 17:45:00,2021-05-09 17:45:00,30.53100000000434,-97.10300093992498,,2021-05-09,17901,0 days 00:00:00,299,3,False,False,,,,Free
2021-05-09 17:45:00,4.03772535135724,9.599999,12.804523768058166,837,180,175.91666666666666,22.666666666666668,12,5.0,20830,2021-05-09 17:45:00,2021-05-09 17:45:00,30.235833333337627,-97.76833425424564,,2021-05-09,17904,0 days 00:00:00,300,3,False,False,,,,Free
2021-05-09 18:00:00,2.850491063100305,14.400001,6.3815951479144415,838,154,145.12531327542052,91.47117794426312,9,5.0,20854,2021-05-09 18:00:00,2021-05-09 18:00:00,30.54374686725014,-97.08028916113136,,2021-05-09,17901,0 days 00:15:00,299,3,False,False,,,,Free
2021-05-09 18:00:00,4.197928020584612,16.984617,13.840757411972303,838,156,154.86007701011488,447.9653401841179,13,5.0,20855,2021-05-09 18:00:00,2021-05-09 18:00:00,30.44639922990318,-93.51534764060489,,2021-05-09,17926,0 days 00:00:00,301,4,False,False,,,,Free
2021-05-09 18:00:00,5.466231201227779,10.909092,23.4674485793568,838,160,172.7492307700208,25.389230772955177,22,5.0,20859,2021-05-09 18:00:00,2021-05-09 18:00:00,30.267507692304093,-97.74110861396076,,2021-05-09,17904,0 days 00:15:00,300,3,False,False,,,,Free
2021-05-09 18:00:00,2.019247511686836,9.6,3.2023514587756376,838,162,179.66666666666666,61.333333333333336,3,5.0,20861,2021-05-09 18:00:00,2021-05-09 18:00:00,30.198333333337622,-97.38166759862844,,2021-05-09,17930,0 days 00:00:00,302,4,False,False,,,,Free
2021-05-09 18:15:00,4.19565403581923,14.030771,13.825766613263465,839,223,143.47700170662202,94.08517887038016,13,5.0,20890,2021-05-09 18:15:00,2021-05-09 18:15:00,30.560229982938125,-97.05414915261711,,2021-05-09,17901,0 days 00:30:00,299,3,False,False,,,,Free
2021-05-09 18:15:00,6.584105733352103,14.4,34.047362483527834,839,224,147.2380319270358,450.97207446471225,32,5.0,20891,2021-05-09 18:15:00,2021-05-09 18:15:00,30.522619680733985,-93.48528029865815,,2021-05-09,17926,0 days 00:15:00,301,4,False,False,,,,Free
2021-05-09 18:15:00,5.708534253921776,10.400001,25.594055307932265,839,228,170.2160493808991,27.75771604143361,24,5.0,20894,2021-05-09 18:15:00,2021-05-09 18:15:00,30.29283950619532,-97.71742376195284,,2021-05-09,17904,0 days 00:30:00,300,3,False,False,,,,Free
2021-05-09 18:15:00,2.854873002952075,9.599999,6.4012305435265775,839,230,174.33333333333334,417.8333333333333,6,5.0,20896,2021-05-09 18:15:00,2021-05-09 18:15:00,30.251666666670964,-93.8166677005022,,2021-05-09,17960,0 days 00:00:00,303,3,False,False,,,,Free
2021-05-09 18:15:00,6.896449179483821,17.279999,37.3543309127238,839,231,177.74360168218377,63.39181014538478,35,5.0,20897,2021-05-09 18:15:00,2021-05-09 18:15:00,30.21756398318245,-97.36108283109616,,2021-05-09,17930,0 days 00:15:00,302,4,False,False,,,,Free
2021-05-09 18:30:00,6.883102454205631,16.182858,37.20988685200328,840,127,140.79458353466524,453.2350536595277,35,5.0,20914,2021-05-09 18:30:00,2021-05-09 18:30:00,30.587054164657697,-93.46265050735668,,2021-05-09,17926,0 days 00:30:00,301,4,False,False,,,,Free
2021-05-09 18:30:00,11.477713842896993,17.913403,103.46671653748471,840,135,170.85102990014445,417.8713076554682,97,5.0,20921,2021-05-09 18:30:00,2021-05-09 18:30:00,30.286489701002857,-93.8162879572917,,2021-05-09,17960,0 days 00:15:00,303,3,False,False,,,,Free
2021-05-09 18:30:00,4.945120536187405,12.8,19.206297211346,840,137,175.4615384667635,66.50854699983861,18,5.0,20922,2021-05-09 18:30:00,2021-05-09 18:30:00,30.240384615336666,-97.32991546344226,,2021-05-09,17930,0 days 00:30:00,302,4,False,False,,,,Free
2021-05-09 18:45:00,2.6008505045016945,13.44,5.312765672993401,841,225,134.68803420022596,454.5,6,5.0,20956,2021-05-09 18:45:00,2021-05-09 18:45:00,30.6481196580021,-93.45000104431348,,2021-05-09,17926,0 days 00:45:00,301,4,False,False,,,,Free
2021-05-09 18:45:00,,,,841,234,167.36215626628464,419.1007597751069,88,5.0,20962,2021-05-09 18:45:00,2021-05-09 18:45:00,30.321378437341465,-93.80399343644666,,2021-05-09,17960,0 days 00:30:00,303,3,False,False,,,,Free
2021-05-09 18:45:00,1.648233734769447,9.6,2.133671119205707,841,244,174.0,68.5,2,5.0,20970,2021-05-09 18:45:00,2021-05-09 18:45:00,30.25500000000429,-97.31000093400974,,2021-05-09,17930,0 days 00:45:00,302,4,False,False,,,,Free
2021-05-09 19:30:00,1.6416862646862165,14.400001,2.116753130079679,844,250,96.80341879993544,109.0,3,5.0,21088,2021-05-09 19:30:00,2021-05-09 19:30:00,31.026965812005063,-96.90500094558304,,2021-05-09,18130,0 days 00:00:00,304,3,False,False,,,,Free
2021-05-09 19:45:00,5.443270988930784,11.781818,23.27071852382535,845,308,91.5310262496561,134.5632458155124,26,5.0,21140,2021-05-09 19:45:00,2021-05-09 19:45:00,31.079689737507863,-96.64936849473288,,2021-05-09,18178,0 days 00:00:00,305,3,False,False,,,,Free
2021-05-09 19:45:00,,,,845,309,95.77777777777776,113.11111111111111,18,5.0,21141,2021-05-09 19:45:00,2021-05-09 19:45:00,31.03722222222664,-96.86388983564672,,2021-05-09,18130,0 days 00:15:00,304,3,False,False,,,,Free
2021-05-09 19:45:00,10.683540236871815,15.771429,89.64380070099074,845,349,176.57664395525777,320.24521662463343,85,5.0,21176,2021-05-09 19:45:00,2021-05-09 19:45:00,30.22923356045172,-94.7925488397023,,2021-05-09,18211,0 days 00:00:00,306,3,False,False,,,,Free
2021-05-09 20:00:00,2.0057183009370103,9.6,3.159582907512052,846,211,50.66666666666666,215.3333333333333,3,5.0,21213,2021-05-09 20:00:00,2021-05-09 20:00:00,31.488333333337824,-95.84166764263564,,2021-05-09,18245,0 days 00:00:00,307,3,False,False,,,,Free
2021-05-09 20:00:00,6.766607185835512,13.270589,35.96100435046147,846,216,90.45486354516424,137.96221134168954,35,5.0,21216,2021-05-09 20:00:00,2021-05-09 20:00:00,31.090451364552784,-96.61537884044242,,2021-05-09,18178,0 days 00:15:00,305,3,False,False,,,,Free
2021-05-09 20:00:00,2.321420690298081,9.6,4.232506006923423,846,217,94.75,117.0,4,5.0,21217,2021-05-09 20:00:00,2021-05-09 20:00:00,31.047500000004423,-96.82500094786911,,2021-05-09,18130,0 days 00:30:00,304,3,False,False,,,,Free
2021-05-09 20:00:00,13.541854141893912,31.075558,144.02773960219187,846,234,174.52372020828113,321.41986252422794,135,5.0,21231,2021-05-09 20:00:00,2021-05-09 20:00:00,30.249762797921484,-94.78080238104208,,2021-05-09,18211,0 days 00:15:00,306,3,False,False,,,,Free
2021-05-09 20:15:00,2.836539287174672,9.599999,6.319278380062392,847,246,50.833333333333336,220.8333333333333,6,5.0,21270,2021-05-09 20:15:00,2021-05-09 20:15:00,31.486666666671155,-95.78666764420728,,2021-05-09,18245,0 days 00:15:00,307,3,False,False,,,,Free
2021-05-09 20:15:00,6.765873893721067,22.305882,35.953210638975264,847,252,88.3351461745716,141.62746430877235,34,5.0,21276,2021-05-09 20:15:00,2021-05-09 20:15:00,31.11164853825872,-96.57872631181895,,2021-05-09,18178,0 days 00:30:00,305,3,False,False,,,,Free
2021-05-09 20:15:00,12.495824402825376,16.695654,122.6364890659478,847,271,171.66245349020994,323.75553907026574,115,5.0,21294,2021-05-09 20:15:00,2021-05-09 20:15:00,30.2783754651022,-94.75744561624911,,2021-05-09,18211,0 days 00:30:00,306,3,False,False,,,,Free
2021-05-09 20:15:00,,,,847,306,223.0,388.8125,16,5.0,21323,2021-05-09 20:15:00,2021-05-09 20:15:00,29.76500000000422,-94.10687602554252,,2021-05-09,18339,0 days 00:00:00,308,3,False,False,,,,Free
2021-05-09 20:30:00,2.316169021455681,9.6,4.21337756758633,848,256,52.0,224.5,4,5.0,21343,2021-05-09 20:30:00,2021-05-09 20:30:00,31.47500000000449,-95.75000097858845,,2021-05-09,18245,0 days 00:30:00,307,3,False,False,,,,Free
2021-05-09 20:30:00,2.0060040671320083,9.6,3.160483299462061,848,258,53.333333333333336,140.33333333333334,3,5.0,21345,2021-05-09 20:30:00,2021-05-09 20:30:00,31.46166666667116,-96.59166762120356,,2021-05-09,18359,0 days 00:00:00,309,3,False,False,,,,Free
2021-05-09 20:30:00,13.109116686358744,19.2,134.96984209072323,848,310,215.85474860698744,354.3168395949541,152,5.0,21390,2021-05-09 20:30:00,2021-05-09 20:30:00,29.83645251393436,-94.45183261973546,,2021-05-09,18399,0 days 00:00:00,310,3,False,False,,,,Free
2021-05-09 20:45:00,3.47390282116599,9.6,9.478185672763724,849,196,50.11111111111112,142.88888888888889,9,5.0,21417,2021-05-09 20:45:00,2021-05-09 20:45:00,31.49388888889338,-96.56611206637824,,2021-05-09,18359,0 days 00:15:00,309,3,False,False,,,,Free
2021-05-09 20:45:00,8.816136580001526,30.484213,61.04449435193115,849,224,211.405709606678,355.4371397037536,58,5.0,21442,2021-05-09 20:45:00,2021-05-09 20:45:00,29.88094290393746,-94.4406296189676,,2021-05-09,18399,0 days 00:15:00,310,3,False,False,,,,Free
2021-05-09 20:45:00,7.928642470614606,19.826086,49.3727764636068,849,234,234.60175951617515,398.04721408097777,46,5.0,21452,2021-05-09 20:45:00,2021-05-09 20:45:00,29.648982404842453,-94.01452888737168,,2021-05-09,18339,0 days 00:30:00,308,3,False,False,,,,Free
2021-05-09 21:00:00,6.651579052564198,11.927273,34.74876669944586,850,193,49.04549430842952,145.4496937875465,33,5.0,21460,2021-05-09 21:00:00,2021-05-09 21:00:00,31.5045450569202,-96.54050401812344,,2021-05-09,18359,0 days 00:30:00,309,3,False,False,,,,Free
2021-05-09 21:00:00,6.669101665448533,12.218183,34.93208894429972,850,205,98.62972291959484,196.4567590401473,33,5.0,21471,2021-05-09 21:00:00,2021-05-09 21:00:00,31.008702770808465,-96.03043338017328,,2021-05-09,18467,0 days 00:00:00,311,5,False,False,,,,Free
2021-05-09 21:00:00,3.870933017443208,21.81818,11.768502233135337,850,234,201.5098882164187,318.3680137598716,13,5.0,21495,2021-05-09 21:00:00,2021-05-09 21:00:00,29.97990111784007,-94.81132086781348,,2021-05-09,18487,0 days 00:00:00,312,3,False,False,,,,Free
2021-05-09 21:00:00,2.859616301666548,14.400001,6.42251917682779,850,235,207.0815602854868,358.4219858102063,6,5.0,21496,2021-05-09 21:00:00,2021-05-09 21:00:00,29.92418439714938,-94.41078115875604,,2021-05-09,18399,0 days 00:30:00,310,3,False,False,,,,Free
2021-05-09 21:00:00,7.391213338567923,18.0,42.90632885392165,850,242,228.4238461417926,399.27730770357687,40,5.0,21503,2021-05-09 21:00:00,2021-05-09 21:00:00,29.710761538586286,-94.00222795149716,,2021-05-09,18339,0 days 00:45:00,308,3,False,False,,,,Free
2021-05-09 21:15:00,5.80417642140551,9.6,26.45885769893124,851,187,96.8,200.76,25,5.0,21525,2021-05-09 21:15:00,2021-05-09 21:15:00,31.027000000004417,-95.98740097180443,,2021-05-09,18467,0 days 00:15:00,311,5,False,False,,,,Free
2021-05-09 21:15:00,1.642503514896576,9.6,2.118861142510901,851,193,106.5,143.0,2,5.0,21530,2021-05-09 21:15:00,2021-05-09 21:15:00,30.930000000004405,-96.5650009552989,,2021-05-09,18515,0 days 00:00:00,313,3,False,False,,,,Free
2021-05-09 21:15:00,5.472821549079182,49.745457,23.52406963160692,851,208,196.0755790208172,322.51483137032176,22,5.0,21543,2021-05-09 21:15:00,2021-05-09 21:15:00,30.034244209796093,-94.769852692894,,2021-05-09,18487,0 days 00:15:00,312,3,False,False,,,,Free
2021-05-09 21:15:00,6.307081154435932,13.241381,31.24256771094484,851,218,272.0786610876324,475.7338912048409,29,5.0,21552,2021-05-09 21:15:00,2021-05-09 21:15:00,29.27421338912782,-93.23766213833284,,2021-05-09,18535,0 days 00:00:00,314,3,False,False,,,,Free
2021-05-09 21:30:00,3.2805426313013464,9.6,8.452423583830864,852,189,80.625,119.25,8,5.0,21564,2021-05-09 21:30:00,2021-05-09 21:30:00,31.188750000004443,-96.80250094851208,,2021-05-09,18547,0 days 00:00:00,315,3,False,False,,,,Free
2021-05-09 21:30:00,8.124730385094946,13.322448,51.84510966804412,852,193,93.57985613103456,203.7074340531965,51,5.0,21568,2021-05-09 21:30:00,2021-05-09 21:30:00,31.05920143869408,-95.95792663211472,,2021-05-09,18467,0 days 00:30:00,311,5,False,False,,,,Free
2021-05-09 21:30:00,5.922178256369443,25.107695,27.54563777510549,852,200,106.57192042927164,148.0719204292716,26,5.0,21575,2021-05-09 21:30:00,2021-05-09 21:30:00,30.929280795711687,-96.51428175245552,,2021-05-09,18515,0 days 00:15:00,313,3,False,False,,,,Free
2021-05-09 21:30:00,4.362653081574559,47.999996,14.948280540666726,852,210,182.07840533030063,497.6046511526962,14,5.0,21583,2021-05-09 21:30:00,2021-05-09 21:30:00,30.17421594670128,-93.01895454510412,,2021-05-09,18562,0 days 00:00:00,316,3,False,False,,,,Free
2021-05-09 21:30:00,7.123420844036148,24.90811,39.85355680403673,852,228,270.0771110504905,475.6622318800913,37,5.0,21597,2021-05-09 21:30:00,2021-05-09 21:30:00,29.294228889499244,-93.23837873155986,,2021-05-09,18535,0 days 00:15:00,314,3,False,False,,,,Free
2021-05-09 21:45:00,8.52324339962254,65.24445,57.05578211861124,853,245,80.48524529927938,122.54899789137782,54,5.0,21616,2021-05-09 21:45:00,2021-05-09 21:45:00,31.19014754701165,-96.76951097054103,,2021-05-09,18547,0 days 00:15:00,315,3,False,False,,,,Free
2021-05-09 21:45:00,7.154104357817124,12.884212,40.19762767671797,853,247,91.99732977575064,208.3751668890156,38,5.0,21617,2021-05-09 21:45:00,2021-05-09 21:45:00,31.07502670224692,-95.9112493050904,,2021-05-09,18467,0 days 00:45:00,311,5,False,False,,,,Free
2021-05-09 21:45:00,6.771975744997295,34.164707,36.018089196538895,853,254,105.54618798249682,152.0796692265185,34,5.0,21623,2021-05-09 21:45:00,2021-05-09 21:45:00,30.939538120179435,-96.47420426562832,,2021-05-09,18515,0 days 00:30:00,313,3,False,False,,,,Free
2021-05-09 21:45:00,8.326896159247621,23.341177,54.457309257791785,853,273,183.31002777914293,328.3119521213184,51,5.0,21637,2021-05-09 21:45:00,2021-05-09 21:45:00,30.16189972221285,-94.7118814870406,,2021-05-09,18487,0 days 00:45:00,312,3,False,False,,,,Free
2021-05-09 21:45:00,4.362463290484523,111.0857,14.946979961090952,853,274,180.37220577106947,498.43670886265335,14,5.0,21638,2021-05-09 21:45:00,2021-05-09 21:45:00,30.191277942293592,-93.0106339682423,,2021-05-09,18562,0 days 00:15:00,316,3,False,False,,,,Free
2021-05-09 21:45:00,6.195705149809912,24.34286,30.14889261184989,853,293,267.2263663235525,475.5723781459511,28,5.0,21653,2021-05-09 21:45:00,2021-05-09 21:45:00,29.322736336768628,-93.23927726887558,,2021-05-09,18535,0 days 00:30:00,314,3,False,False,,,,Free
2021-05-09 22:00:00,8.52322659835001,22.4,57.05555717870163,854,206,80.24475815719357,125.85156735900952,55,5.0,21675,2021-05-09 22:00:00,2021-05-09 22:00:00,31.19255241843251,-96.73648527680842,,2021-05-09,18547,0 days 00:30:00,315,3,False,False,,,,Free
2021-05-09 22:00:00,8.448357325542576,13.403774,56.05759088710604,854,211,90.8829740363128,211.4025516932984,55,5.0,21679,2021-05-09 22:00:00,2021-05-09 22:00:00,31.0861702596413,-95.88097545791273,,2021-05-09,18467,0 days 01:00:00,311,5,False,False,,,,Free
2021-05-09 22:00:00,2.010857825697303,9.6,3.175796111492244,854,216,99.0,318.0,3,5.0,21683,2021-05-09 22:00:00,2021-05-09 22:00:00,31.00500000000441,-94.81500100530708,,2021-05-09,18645,0 days 00:00:00,317,3,False,False,,,,Free
2021-05-09 22:00:00,1.64861098074844,38.4,2.134647935718701,854,233,179.152582177229,498.8380281606585,6,5.0,21695,2021-05-09 22:00:00,2021-05-09 22:00:00,30.203474178232,-93.00662077537692,,2021-05-09,18562,0 days 00:30:00,316,3,False,False,,,,Free
2021-05-09 22:00:00,4.055138408013409,11.2,12.915203251534225,854,246,262.0531645627687,332.0,13,5.0,21705,2021-05-09 22:00:00,2021-05-09 22:00:00,29.37446835437647,-94.67500100930772,,2021-05-09,18663,0 days 00:00:00,318,3,False,False,,,,Free
2021-05-09 22:15:00,7.958075995847412,12.25532,49.740030316805615,855,219,96.18885630797068,322.314956011845,47,5.0,21726,2021-05-09 22:15:00,2021-05-09 22:15:00,31.03311143692472,-94.77185144642164,,2021-05-09,18645,0 days 00:15:00,317,3,False,False,,,,Free
2021-05-09 22:30:00,2.0104004888554767,9.6,3.174351709623523,856,257,94.66666666666669,327.6666666666667,3,5.0,21783,2021-05-09 22:30:00,2021-05-09 22:30:00,31.048333333337755,-94.71833434140274,,2021-05-09,18645,0 days 00:30:00,317,3,False,False,,,,Free
2021-05-09 22:30:00,3.683570341732404,24.000002,10.656824568948572,856,281,163.45052630974513,405.22421053939775,10,5.0,21805,2021-05-09 22:30:00,2021-05-09 22:30:00,30.360494736906865,-93.94275892483836,,2021-05-09,18746,0 days 00:00:00,321,4,False,False,,,,Free
2021-05-09 22:30:00,1.6547702661993948,19.2,2.150628014359373,856,301,253.0,334.5,2,5.0,21821,2021-05-09 22:30:00,2021-05-09 22:30:00,29.46500000000417,-94.65000101002217,,2021-05-09,18663,0 days 00:30:00,318,3,False,False,,,,Free
2021-05-09 22:45:00,5.822781765627243,29.568,26.628757825121905,857,271,158.4568544665189,410.31683489660094,25,5.0,21856,2021-05-09 22:45:00,2021-05-09 22:45:00,30.410431455339133,-93.8918326827216,,2021-05-09,18746,0 days 00:15:00,321,4,False,False,,,,Free
2021-05-09 22:45:00,1.6489039887224324,19.2,2.1354067859950754,857,284,182.3333333333333,458.0,3,5.0,21866,2021-05-09 22:45:00,2021-05-09 22:45:00,30.17166666667095,-93.4150010453136,,2021-05-09,18797,0 days 00:00:00,323,4,False,False,,,,Free
2021-05-09 22:45:00,9.64512285390783,24.42353,73.06433047233489,857,298,245.53316171047143,335.76574805454743,68,5.0,21877,2021-05-09 22:45:00,2021-05-09 22:45:00,29.53966838289947,-94.63734352983836,,2021-05-09,18663,0 days 00:45:00,318,3,False,False,,,,Free
2021-05-09 23:00:00,6.788704160450032,41.78824,36.196255738897655,858,251,154.2141029701373,414.8143588229244,34,5.0,21921,2021-05-09 23:00:00,2021-05-09 23:00:00,30.452858970302955,-93.8468574447436,,2021-05-09,18746,0 days 00:30:00,321,4,False,False,,,,Free
2021-05-09 23:00:00,6.896459176811004,79.54286,37.35443921301828,858,260,178.0588731286463,461.0347259373626,35,5.0,21930,2021-05-09 23:00:00,2021-05-09 23:00:00,30.21441126871783,-93.38465378680718,,2021-05-09,18797,0 days 00:15:00,323,4,False,False,,,,Free
2021-05-09 23:00:00,1.1689413619255942,9.6,1.0731868274674763,858,267,232.5,469.5,2,5.0,21935,2021-05-09 23:00:00,2021-05-09 23:00:00,29.670000000004208,-93.30000104859982,,2021-05-09,18853,0 days 00:00:00,324,3,False,False,,,,Free
2021-05-09 23:15:00,6.159933020303854,32.914284,29.801756449939973,859,262,151.37333673913167,417.0102354167698,28,5.0,21976,2021-05-09 23:15:00,2021-05-09 23:15:00,30.481266632613018,-93.82489867943264,,2021-05-09,18746,0 days 00:45:00,321,4,False,False,,,,Free
2021-05-09 23:15:00,4.662161053130576,25.800001,17.07121474133031,859,276,175.02624384882705,465.2810278887936,19,5.0,21988,2021-05-09 23:15:00,2021-05-09 23:15:00,30.244737561516025,-93.34219076850631,,2021-05-09,18797,0 days 00:30:00,323,4,False,False,,,,Free
2021-05-09 23:15:00,2.8624074695904853,14.400001,6.435062872376971,859,285,226.66666666666663,473.4219858102063,6,5.0,21995,2021-05-09 23:15:00,2021-05-09 23:15:00,29.72833333333755,-93.26078119161856,,2021-05-09,18853,0 days 00:15:00,324,3,False,False,,,,Free
2021-05-09 23:30:00,7.989356177344681,88.85107,50.131817215708914,860,260,172.4212951058062,470.1561440012077,49,5.0,22051,2021-05-09 23:30:00,2021-05-09 23:30:00,30.27078704894624,-93.29343960877526,,2021-05-09,18797,0 days 00:45:00,323,4,False,False,,,,Free
2021-05-09 23:30:00,2.023421915366089,12.8,3.2156056293675555,860,272,219.8670212846905,479.2553191435396,4,5.0,22061,2021-05-09 23:30:00,2021-05-09 23:30:00,29.79632978715732,-93.20244785995214,,2021-05-09,18853,0 days 00:30:00,324,3,False,False,,,,Free
2021-05-09 23:45:00,6.376776401973848,54.08,31.93686329403836,861,241,153.37761480068534,438.4434936191565,30,5.0,22105,2021-05-09 23:45:00,2021-05-09 23:45:00,30.46122385199748,-93.61056610353351,,2021-05-09,18989,0 days 00:00:00,326,3,False,False,,,,Free
2021-05-09 23:45:00,1.6481498208607797,33.600002,2.133453868312297,861,249,172.70451010805738,431.2597200617471,5,5.0,22111,2021-05-09 23:45:00,2021-05-09 23:45:00,30.26795489892373,-93.68240383705478,,2021-05-09,18995,0 days 00:00:00,327,5,False,False,,,,Free
2021-05-10 00:00:00,18.981118900469426,79.903755,282.9655081037382,862,224,147.53871289980336,491.5339815354134,272,5.0,22144,2021-05-10 00:00:00,2021-05-10 00:00:00,30.519612871006306,-93.0796612395422,,2021-05-10,19026,0 days 00:00:00,328,3,False,False,,,,Free
2021-05-10 00:00:00,13.72458545855375,118.100716,147.94093286532765,862,231,151.17711788554993,441.379992139176,141,5.0,22151,2021-05-10 00:00:00,2021-05-10 00:00:00,30.483228821148835,-93.58120111917248,,2021-05-10,18989,0 days 00:15:00,326,3,False,False,,,,Free
2021-05-10 00:00:00,8.155642190192589,65.43674,52.24036577365696,862,238,168.21457191561532,435.6176706300606,50,5.0,22156,2021-05-10 00:00:00,2021-05-10 00:00:00,30.31285428084816,-93.638824332617,,2021-05-10,18995,0 days 00:15:00,327,5,False,False,,,,Free
2021-05-10 00:15:00,11.695510253773564,51.136635,107.43065643988788,863,239,144.9011974847261,495.29284517792064,101,5.0,22202,2021-05-10 00:15:00,2021-05-10 00:15:00,30.545988025157083,-93.04207260419122,,2021-05-10,19026,0 days 00:15:00,328,3,False,False,,,,Free
2021-05-10 00:15:00,13.421697881336012,69.87068,141.4831755444178,863,241,146.64085860020228,445.5248151668036,133,5.0,22203,2021-05-10 00:15:00,2021-05-10 00:15:00,30.52859141400232,-93.53975289008063,,2021-05-10,18989,0 days 00:30:00,326,3,False,False,,,,Free
2021-05-10 00:15:00,16.99943598910169,132.59718,226.9650083854995,863,247,163.68580701198556,439.6575785065757,213,5.0,22209,2021-05-10 00:15:00,2021-05-10 00:15:00,30.358141929884457,-93.5984252550063,,2021-05-10,18995,0 days 00:30:00,327,5,False,False,,,,Free
2021-05-10 00:30:00,2.327316293747544,16.800001,4.25403150062342,864,162,143.60169491354196,498.3983050864581,4,5.0,22245,2021-05-10 00:30:00,2021-05-10 00:30:00,30.558983050868925,-93.01101800599326,,2021-05-10,19026,0 days 00:30:00,328,3,False,False,,,,Free
2021-05-10 00:30:00,22.249465058273923,129.53424,388.802482161612,864,164,159.49799161313248,445.4431528186197,373,5.0,22246,2021-05-10 00:30:00,2021-05-10 00:30:00,30.400020083872995,-93.54056951353914,,2021-05-10,18995,0 days 00:45:00,327,5,False,False,,,,Free
2021-05-10 00:30:00,9.410592752908052,44.455383,69.55427698368108,864,180,204.7792248236565,217.22373861568497,65,5.0,22262,2021-05-10 00:30:00,2021-05-10 00:30:00,29.947207751767685,-95.82276359035228,,2021-05-10,19115,0 days 00:00:00,329,3,False,False,,,,Free
2021-05-10 00:45:00,22.962686667836184,92.74242,414.1286540977632,865,163,153.92584041461276,451.0484474943848,389,5.0,22290,2021-05-10 00:45:00,2021-05-10 00:45:00,30.4557415958582,-93.4845165683833,,2021-05-10,18995,0 days 01:00:00,327,5,False,False,,,,Free
2021-05-10 00:45:00,12.183989046645312,36.99083,116.59203462742816,865,176,200.81193000928803,219.2768569054626,109,5.0,22298,2021-05-10 00:45:00,2021-05-10 00:45:00,29.98688069991137,-95.80223240804122,,2021-05-10,19115,0 days 00:15:00,329,3,False,False,,,,Free
2021-05-10 01:00:00,5.595692237330914,23.373915,24.5922079190828,866,234,195.4084240590276,219.8092759262097,23,5.0,22348,2021-05-10 01:00:00,2021-05-10 01:00:00,30.040915759413988,-95.7969082179859,,2021-05-10,19115,0 days 00:30:00,329,3,False,False,,,,Free
2021-05-10 01:00:00,1.6504467527895674,9.6,2.1394045567130275,866,237,200.5,485.0,2,5.0,22351,2021-05-10 01:00:00,2021-05-10 01:00:00,29.99000000000425,-93.14500105302916,,2021-05-10,19190,0 days 00:00:00,331,3,False,False,,,,Free
2021-05-10 01:15:00,4.810874857636711,33.31765,18.17766106271476,867,252,196.57736626074183,486.7053497924589,18,5.0,22406,2021-05-10 01:15:00,2021-05-10 01:15:00,30.02922633739685,-93.1279475555919,,2021-05-10,19190,0 days 00:15:00,331,3,False,False,,,,Free
2021-05-10 01:30:00,9.82951797868429,88.698586,75.8847179172202,868,234,192.30259480620305,491.0766667881197,71,5.0,22452,2021-05-10 01:30:00,2021-05-10 01:30:00,30.07197405194224,-93.08423438688442,,2021-05-10,19190,0 days 00:30:00,331,3,False,False,,,,Free
2021-05-10 01:45:00,96.87054845950762,190.81096,7370.100306457014,869,199,48.42469453997364,366.7753279553952,7170,5.0,22482,2021-05-10 01:45:00,2021-05-10 01:45:00,31.51075305460476,-94.3272477396912,,2021-05-10,19288,0 days 00:00:00,333,3,False,False,,,,Free
2021-05-10 02:00:00,2.0018713508931696,12.8,3.147474426236433,870,193,14.58974360019367,420.0,3,5.0,22541,2021-05-10 02:00:00,2021-05-10 02:00:00,31.84910256400261,-93.79500103445469,,2021-05-10,19338,0 days 00:00:00,335,4,False,False,,,,Free
2021-05-10 02:00:00,107.07851288183726,170.79153,9005.224483010154,870,194,48.85513428777396,368.9772572702843,8625,5.0,22542,2021-05-10 02:00:00,2021-05-10 02:00:00,31.50644865712676,-94.30522844717154,,2021-05-10,19288,0 days 00:15:00,333,3,False,False,,,,Free
2021-05-10 02:15:00,3.832895010429631,27.054543,11.538350518348173,871,162,13.018961253888738,423.0758450155549,11,5.0,22598,2021-05-10 02:15:00,2021-05-10 02:15:00,31.864810387465663,-93.76424258517808,,2021-05-10,19338,0 days 00:15:00,335,4,False,False,,,,Free
2021-05-10 02:15:00,4.324285196200911,59.657143,14.686507763134143,871,163,13.755619449907092,437.84553054622336,14,5.0,22599,2021-05-10 02:15:00,2021-05-10 02:15:00,31.85744380550548,-93.61654573409204,,2021-05-10,19382,0 days 00:00:00,336,3,False,False,,,,Free
2021-05-10 02:15:00,110.3522815815446,184.57796,9564.28513440924,871,167,48.361471311248,371.4241539640924,9112,5.0,22603,2021-05-10 02:15:00,2021-05-10 02:15:00,31.51138528689201,-94.28075948093266,,2021-05-10,19288,0 days 00:30:00,333,3,False,False,,,,Free
2021-05-10 02:30:00,5.778190334812677,19.2,26.222468256958923,872,170,12.720000003868424,425.4591549396118,25,5.0,22645,2021-05-10 02:30:00,2021-05-10 02:30:00,31.867799999965865,-93.7404094866186,,2021-05-10,19338,0 days 00:30:00,335,4,False,False,,,,Free
2021-05-10 02:30:00,9.389176916053732,37.818184,69.23806562989927,872,171,13.999076635454063,441.1505078565323,66,5.0,22646,2021-05-10 02:30:00,2021-05-10 02:30:00,31.85500923365001,-93.58349596193337,,2021-05-10,19382,0 days 00:15:00,336,3,False,False,,,,Free
2021-05-10 02:45:00,10.46525274207252,16.156097,86.01799669852159,873,184,13.1359860186766,446.3543944051772,82,5.0,22690,2021-05-10 02:45:00,2021-05-10 02:45:00,31.863640139817782,-93.53145709793398,,2021-05-10,19382,0 days 00:30:00,336,3,False,False,,,,Free
2021-05-10 02:45:00,2.830587432427817,12.799999,6.292786966717147,873,185,11.90170939996772,428.7948718000968,6,5.0,22691,2021-05-10 02:45:00,2021-05-10 02:45:00,31.875982906004875,-93.70705231896692,,2021-05-10,19338,0 days 00:45:00,335,4,False,False,,,,Free
2021-05-10 02:45:00,3.0677771106831173,9.599999,7.391583492475348,873,199,75.0,311.3,10,5.0,22703,2021-05-10 02:45:00,2021-05-10 02:45:00,31.245000000004453,-94.88200100339247,,2021-05-10,19463,0 days 00:00:00,338,3,False,False,,,,Free
2021-05-10 03:00:00,3.845670046289696,9.599999,11.615393321769616,874,165,75.18181818181819,313.6363636363636,11,5.0,22749,2021-05-10 03:00:00,2021-05-10 03:00:00,31.24318181818627,-94.85863736769647,,2021-05-10,19463,0 days 00:15:00,338,3,False,False,,,,Free
2021-05-10 03:15:00,6.135171237424274,14.742858,29.562642998452723,875,213,73.6870944563816,317.959625096691,29,5.0,22795,2021-05-10 03:15:00,2021-05-10 03:15:00,31.25812905544064,-94.8154047543286,,2021-05-10,19463,0 days 00:30:00,338,3,False,False,,,,Free
2021-05-10 03:30:00,2.01057646669824,35.2,3.174907459602672,876,202,96.36865342916224,77.15673289629366,3,5.0,22861,2021-05-10 03:30:00,2021-05-10 03:30:00,31.031313465712795,-97.22343360752052,,2021-05-10,19582,0 days 00:00:00,339,3,False,False,,,,Free
2021-05-10 03:45:00,3.8502791990163927,30.545458,11.643252812621276,877,204,97.91530248369229,77.0846975027323,11,5.0,22896,2021-05-10 03:45:00,2021-05-10 03:45:00,31.01584697516749,-97.22415396143556,,2021-05-10,19582,0 days 00:15:00,339,3,False,False,,,,Free
2021-05-10 04:00:00,4.168234492171767,17.72308,13.64564810571,878,210,19.45707376065013,305.3409915375535,13,5.0,22937,2021-05-10 04:00:00,2021-05-10 04:00:00,31.80042926239804,-94.94159108631408,,2021-05-10,19645,0 days 00:00:00,340,4,False,False,,,,Free
2021-05-10 04:00:00,2.010682005183228,19.199999,3.175240780640826,878,225,97.2923728890612,76.19491525937414,4,5.0,22949,2021-05-10 04:00:00,2021-05-10 04:00:00,31.022076271113807,-97.23305178361488,,2021-05-10,19582,0 days 00:30:00,339,3,False,False,,,,Free
2021-05-10 04:15:00,7.030938151349773,22.313515,38.825444506900055,879,156,17.229784573705576,308.8001873453361,37,5.0,22987,2021-05-10 04:15:00,2021-05-10 04:15:00,31.822702154267485,-94.90699912922474,,2021-05-10,19645,0 days 00:15:00,340,4,False,False,,,,Free
2021-05-10 04:15:00,14.2664243679274,35.456,159.85276697334098,879,180,164.66364069275684,444.22367214308974,151,5.0,23006,2021-05-10 04:15:00,2021-05-10 04:15:00,30.348363593076744,-93.552764319946,,2021-05-10,19694,0 days 00:00:00,341,3,False,False,,,,Free
2021-05-10 04:30:00,6.638965235355861,19.781822,34.617099019989666,880,207,13.414514148123326,313.8851988502731,33,5.0,23028,2021-05-10 04:30:00,2021-05-10 04:30:00,31.860854858523314,-94.85614901562847,,2021-05-10,19645,0 days 00:30:00,340,4,False,False,,,,Free
2021-05-10 04:30:00,6.570668686147918,16.2,33.908534463642546,880,227,108.32756696568153,298.42801339912336,32,5.0,23044,2021-05-10 04:30:00,2021-05-10 04:30:00,30.911724330347585,-95.01072086572292,,2021-05-10,19723,0 days 00:00:00,343,5,False,False,,,,Free
2021-05-10 04:30:00,17.07806476781006,32.327442,229.0694609820506,880,250,162.39628467454042,449.6568974175364,218,5.0,23061,2021-05-10 04:30:00,2021-05-10 04:30:00,30.37103715325891,-93.49843206875408,,2021-05-10,19694,0 days 00:15:00,341,3,False,False,,,,Free
2021-05-10 04:30:00,13.245610332534952,132.09302,137.79511782117163,880,262,186.45288196923204,490.1585117549495,129,5.0,23071,2021-05-10 04:30:00,2021-05-10 04:30:00,30.13047118031196,-93.09341593695376,,2021-05-10,19747,0 days 00:00:00,345,3,False,False,,,,Free
2021-05-10 04:45:00,3.653928793745372,26.880001,10.48600452677473,881,207,10.108775137031834,318.25959780749065,10,5.0,23079,2021-05-10 04:45:00,2021-05-10 04:45:00,31.89391224863424,-94.81240502730634,,2021-05-10,19645,0 days 00:45:00,340,4,False,False,,,,Free
2021-05-10 04:45:00,2.584404806345555,19.2,5.245790731744265,881,210,15.0,323.0,5,5.0,23082,2021-05-10 04:45:00,2021-05-10 04:45:00,31.845000000004543,-94.76500100673589,,2021-05-10,19753,0 days 00:00:00,346,3,False,False,,,,Free
2021-05-10 04:45:00,4.497639922532668,9.6,15.88763477886426,881,237,104.2,300.8,15,5.0,23107,2021-05-10 04:45:00,2021-05-10 04:45:00,30.95300000000441,-94.98700100039196,,2021-05-10,19723,0 days 00:15:00,343,5,False,False,,,,Free
2021-05-10 04:45:00,2.329497900679166,9.6,4.262010626128786,881,261,161.75,454.75,4,5.0,23127,2021-05-10 04:45:00,2021-05-10 04:45:00,30.37750000000432,-93.44750104438486,,2021-05-10,19694,0 days 00:30:00,341,3,False,False,,,,Free
2021-05-10 04:45:00,11.122818207631177,204.44836,97.16717124564737,881,266,182.68090006210275,494.7705209027866,91,5.0,23131,2021-05-10 04:45:00,2021-05-10 04:45:00,30.168190999383256,-93.0472958467933,,2021-05-10,19747,0 days 00:15:00,345,3,False,False,,,,Free
2021-05-10 05:00:00,2.5839282625742053,49.92,5.24385634560111,882,219,11.844877359065825,328.6038961077386,6,5.0,23140,2021-05-10 05:00:00,2021-05-10 05:00:00,31.87655122641389,-94.70896204725987,,2021-05-10,19753,0 days 00:15:00,346,3,False,False,,,,Free
2021-05-10 05:00:00,8.452995548390952,16.301886,56.11916000926575,882,253,100.8427379042341,302.33422369466274,53,5.0,23170,2021-05-10 05:00:00,2021-05-10 05:00:00,30.98657262096207,-94.9716587638838,,2021-05-10,19723,0 days 00:30:00,343,5,False,False,,,,Free
2021-05-10 05:00:00,4.662842675036972,42.6,17.076206831659757,882,282,177.89660902680944,498.0894281826895,16,5.0,23191,2021-05-10 05:00:00,2021-05-10 05:00:00,30.2160339097362,-93.01410677494272,,2021-05-10,19747,0 days 00:30:00,345,3,False,False,,,,Free
2021-05-10 05:15:00,2.3109349431462625,55.2,4.19435630438673,883,190,10.01964132529552,333.4688300636449,5,5.0,23196,2021-05-10 05:15:00,2021-05-10 05:15:00,31.8948035867516,-94.660312709091,,2021-05-10,19753,0 days 00:30:00,346,3,False,False,,,,Free
2021-05-10 05:30:00,13.735727656914197,22.834286,148.18123977146928,884,215,98.85669652725691,310.8862544277798,140,5.0,23274,2021-05-10 05:30:00,2021-05-10 05:30:00,31.006433034731845,-94.8861384589964,,2021-05-10,19723,0 days 01:00:00,343,5,False,False,,,,Free
2021-05-10 05:45:00,6.142477759700663,10.628572,29.63309864544399,885,265,96.47601918074466,315.0827338135666,30,5.0,23327,2021-05-10 05:45:00,2021-05-10 05:45:00,31.03023980819697,-94.84417366633778,,2021-05-10,19723,0 days 01:15:00,343,5,False,False,,,,Free
2021-05-10 06:30:00,5.2047878592618,12.960001,21.276292251474,888,382,146.3542713554293,281.8793969879349,20,5.0,23503,2021-05-10 06:30:00,2021-05-10 06:30:00,30.53145728645005,-95.17620702510584,,2021-05-10,20099,0 days 00:00:00,347,4,False,False,,,,Free
2021-05-10 06:45:00,1.645109340165768,9.6,2.125589605107328,889,412,137.0,292.5,2,5.0,23589,2021-05-10 06:45:00,2021-05-10 06:45:00,30.62500000000436,-95.0700009980202,,2021-05-10,20173,0 days 00:00:00,348,3,False,False,,,,Free
2021-05-10 06:45:00,5.332911227731238,12.800001,22.336678341841385,889,415,144.9462759427926,281.3345543430139,21,5.0,23592,2021-05-10 06:45:00,2021-05-10 06:45:00,30.54553724057642,-95.18165545139937,,2021-05-10,20099,0 days 00:15:00,347,4,False,False,,,,Free
2021-05-10 07:00:00,6.577873673544941,17.1,33.98293922304744,890,520,129.62448346851724,334.5232438028106,32,5.0,23666,2021-05-10 07:00:00,2021-05-10 07:00:00,30.698755165319195,-94.64976857200064,,2021-05-10,20237,0 days 00:00:00,350,4,False,False,,,,Free
2021-05-10 07:00:00,2.8492657186782684,9.599999,6.376109797409585,890,527,136.0,292.5,6,5.0,23672,2021-05-10 07:00:00,2021-05-10 07:00:00,30.63500000000436,-95.0700009980202,,2021-05-10,20173,0 days 00:15:00,348,3,False,False,,,,Free
2021-05-10 07:15:00,2.849044790036096,9.599999,6.375121043951074,891,269,134.5,295.0,6,5.0,23741,2021-05-10 07:15:00,2021-05-10 07:15:00,30.65000000000436,-95.04500099873457,,2021-05-10,20173,0 days 00:30:00,348,3,False,False,,,,Free
2021-05-10 07:15:00,12.957338936153478,36.619354,131.86256506137744,891,275,144.5218832731512,280.8498775763201,124,5.0,23745,2021-05-10 07:15:00,2021-05-10 07:15:00,30.54978116727284,-95.1865022189278,,2021-05-10,20099,0 days 00:45:00,347,4,False,False,,,,Free
2021-05-10 07:30:00,17.59151542932296,29.84804,243.05042706200007,892,316,123.38150596812014,366.8946407526413,230,5.0,23792,2021-05-10 07:30:00,2021-05-10 07:30:00,30.761184940323176,-94.32605461175284,,2021-05-10,20341,0 days 00:00:00,352,4,False,False,,,,Free
2021-05-10 07:30:00,1.6440873704008527,9.6,2.122949520919746,892,322,125.0,340.5,2,5.0,23796,2021-05-10 07:30:00,2021-05-10 07:30:00,30.74500000000437,-94.59000101173672,,2021-05-10,20237,0 days 00:30:00,350,4,False,False,,,,Free
2021-05-10 07:30:00,2.0156707766099125,9.6,3.1910167230348683,892,341,145.0,284.0,3,5.0,23812,2021-05-10 07:30:00,2021-05-10 07:30:00,30.545000000004343,-95.1550009955912,,2021-05-10,20099,0 days 01:00:00,347,4,False,False,,,,Free
2021-05-10 07:30:00,1.6457882973758338,9.6,2.1273444820178327,892,342,145.0,396.5,2,5.0,23813,2021-05-10 07:30:00,2021-05-10 07:30:00,30.545000000004343,-94.03000102773932,,2021-05-10,20359,0 days 00:00:00,353,3,False,False,,,,Free
2021-05-10 07:45:00,1.638826667734618,19.2,2.1093853532775686,893,303,64.0,479.5,2,5.0,23835,2021-05-10 07:45:00,2021-05-10 07:45:00,31.35500000000447,-93.20000105145743,,2021-05-10,20380,0 days 00:00:00,354,3,False,False,,,,Free
2021-05-10 07:45:00,2.32074932064298,9.6,4.2300582255204215,893,316,88.66666666666667,466.3333333333333,6,5.0,23842,2021-05-10 07:45:00,2021-05-10 07:45:00,31.108333333337765,-93.33166771436164,,2021-05-10,20386,0 days 00:00:00,355,3,False,False,,,,Free
2021-05-10 07:45:00,14.656066791108003,23.30566,168.70375623630034,893,331,120.8934549653734,371.9012761348925,160,5.0,23852,2021-05-10 07:45:00,2021-05-10 07:45:00,30.786065450350648,-94.27598825936104,,2021-05-10,20341,0 days 00:15:00,352,4,False,False,,,,Free
2021-05-10 07:45:00,10.275315993741112,15.138459,82.92400217053675,893,349,142.02805128393513,405.5933494162297,113,5.0,23867,2021-05-10 07:45:00,2021-05-10 07:45:00,30.574719487165,-93.93906753617551,,2021-05-10,20359,0 days 00:15:00,353,3,False,False,,,,Free
2021-05-10 08:00:00,3.843166209460749,22.69091,11.6002731572503,894,243,63.31672862098742,489.45130116552895,23,5.0,23901,2021-05-10 08:00:00,2021-05-10 08:00:00,31.3618327137946,-93.10048804264584,,2021-05-10,20380,0 days 00:15:00,354,3,False,False,,,,Free
2021-05-10 08:00:00,13.452647167393268,17.480597,142.13642402067958,894,272,118.38796380669096,378.19303054746655,136,5.0,23924,2021-05-10 08:00:00,2021-05-10 08:00:00,30.81112036193748,-94.21307071703325,,2021-05-10,20341,0 days 00:30:00,352,4,False,False,,,,Free
2021-05-10 08:00:00,1.6438312149980916,9.6,2.122288044363375,894,281,122.0,349.5,2,5.0,23932,2021-05-10 08:00:00,2021-05-10 08:00:00,30.77500000000438,-94.50000101430852,,2021-05-10,20237,0 days 01:00:00,350,4,False,False,,,,Free
2021-05-10 08:00:00,5.456043764990347,9.600002,23.380057341591566,894,284,136.3913043478261,414.7826086956522,23,5.0,23934,2021-05-10 08:00:00,2021-05-10 08:00:00,30.631086956526097,-93.8471749460072,,2021-05-10,20359,0 days 00:30:00,353,3,False,False,,,,Free
2021-05-10 08:00:00,7.8928700988428435,10.852175,48.92826228560586,894,287,144.31307190068026,409.92287580281607,54,5.0,23937,2021-05-10 08:00:00,2021-05-10 08:00:00,30.551869280997543,-93.89577227354688,,2021-05-10,20460,0 days 00:00:00,356,3,False,False,,,,Free
2021-05-10 08:15:00,3.066033798688216,16.457142,7.383185115141733,895,219,64.42058165595827,497.95749439689706,9,5.0,23956,2021-05-10 08:15:00,2021-05-10 08:15:00,31.350794183444886,-93.0154261127629,,2021-05-10,20380,0 days 00:30:00,354,3,False,False,,,,Free
2021-05-10 08:15:00,7.696898086553913,21.163633,46.52874661312836,895,230,88.83970753642218,477.6074240554261,44,5.0,23965,2021-05-10 08:15:00,2021-05-10 08:15:00,31.10660292464021,-93.2189268103624,,2021-05-10,20386,0 days 00:30:00,355,3,False,False,,,,Free
2021-05-10 08:15:00,3.0751667394770545,9.599999,7.427235915416804,895,257,121.0,351.0,7,5.0,23984,2021-05-10 08:15:00,2021-05-10 08:15:00,30.78500000000438,-94.48500101473718,,2021-05-10,20237,0 days 01:15:00,350,4,False,False,,,,Free
2021-05-10 08:15:00,1.645364169916392,9.6,2.126248169748582,895,266,140.0,419.5,2,5.0,23993,2021-05-10 08:15:00,2021-05-10 08:15:00,30.59500000000435,-93.80000103431178,,2021-05-10,20460,0 days 00:15:00,356,3,False,False,,,,Free
2021-05-10 08:30:00,2.009871952485794,9.6,3.17268284832396,896,214,89.66666666666667,484.6666666666667,3,5.0,24013,2021-05-10 08:30:00,2021-05-10 08:30:00,31.098333333337763,-93.1483343862672,,2021-05-10,20386,0 days 00:45:00,355,3,False,False,,,,Free
2021-05-10 08:30:00,2.3234575345212343,9.6,4.23993657520776,896,235,111.5,390.5,4,5.0,24029,2021-05-10 08:30:00,2021-05-10 08:30:00,30.8800000000044,-94.09000102602477,,2021-05-10,20341,0 days 01:00:00,352,4,False,False,,,,Free
2021-05-10 08:30:00,7.263749250094728,11.815386,41.439219655423415,896,253,134.51573676776124,430.00572245480254,42,5.0,24044,2021-05-10 08:30:00,2021-05-10 08:30:00,30.64984263232675,-93.69494381276591,,2021-05-10,20460,0 days 00:30:00,356,3,False,False,,,,Free
2021-05-10 09:30:00,5.820285052842301,16.128,26.60592677663476,900,329,150.34219985531163,424.76060390658574,25,5.0,24269,2021-05-10 09:30:00,2021-05-10 09:30:00,30.49157800145122,-93.74739499674922,,2021-05-10,20740,0 days 00:00:00,358,3,False,False,,,,Free
2021-05-10 09:45:00,5.582438179803415,9.600002,24.4758467958274,901,337,149.52173913043478,427.1304347826087,23,5.0,24341,2021-05-10 09:45:00,2021-05-10 09:45:00,30.499782608699988,-93.72369668866622,,2021-05-10,20740,0 days 00:15:00,358,3,False,False,,,,Free
2021-05-10 09:45:00,1.6473932734889627,9.6,2.1314956865412,901,345,164.0,447.5,2,5.0,24345,2021-05-10 09:45:00,2021-05-10 09:45:00,30.35500000000432,-93.52000104231308,,2021-05-10,20806,0 days 00:00:00,361,3,False,False,,,,Free
2021-05-10 10:00:00,6.560738563350581,11.4,33.80612130264032,902,320,79.40234375691216,375.6601562256256,32,5.0,24376,2021-05-10 10:00:00,2021-05-10 10:00:00,31.20097656243533,-94.23839945952784,,2021-05-10,20826,0 days 00:00:00,362,3,False,False,,,,Free
2021-05-10 10:00:00,1.6460424206619702,9.6,2.12800149180278,902,356,148.0,429.5,2,5.0,24405,2021-05-10 10:00:00,2021-05-10 10:00:00,30.51500000000434,-93.7000010371694,,2021-05-10,20740,0 days 00:30:00,358,3,False,False,,,,Free
2021-05-10 10:00:00,19.031896971994644,45.62697,284.4815053462388,902,365,160.78372723965813,448.4311465850224,492,5.0,24410,2021-05-10 10:00:00,2021-05-10 10:00:00,30.387162727607738,-93.51068957672896,,2021-05-10,20806,0 days 00:15:00,361,3,False,False,,,,Free
2021-05-10 10:00:00,2.8535875125422847,9.599999,6.395467157306226,902,371,165.5,51.333333333333336,6,5.0,24415,2021-05-10 10:00:00,2021-05-10 10:00:00,30.34000000000431,-97.48166759577084,,2021-05-10,20857,0 days 00:00:00,363,3,False,False,,,,Free
2021-05-10 10:00:00,1.6479819049088542,9.6,2.13301917155889,902,381,171.0,22.5,2,5.0,24423,2021-05-10 10:00:00,2021-05-10 10:00:00,30.285000000004302,-97.77000092086472,,2021-05-10,20865,0 days 00:00:00,364,3,False,False,,,,Free
2021-05-10 10:00:00,1.6481498208607797,9.6,2.133453868312297,902,387,173.0,29.5,2,5.0,24428,2021-05-10 10:00:00,2021-05-10 10:00:00,30.2650000000043,-97.700000922865,,2021-05-10,20869,0 days 00:00:00,365,3,False,False,,,,Free
2021-05-10 10:15:00,11.712564417845158,19.858824,107.74419142841435,903,300,78.23079968708711,379.0467141724315,102,5.0,24452,2021-05-10 10:15:00,2021-05-10 10:15:00,31.212692003133576,-94.20453388102754,,2021-05-10,20826,0 days 00:15:00,362,3,False,False,,,,Free
2021-05-10 10:15:00,17.195464465560544,29.460552,232.229669121578,903,335,158.70602529702165,448.5209314333739,222,5.0,24483,2021-05-10 10:15:00,2021-05-10 10:15:00,30.407939747034103,-93.50979172827113,,2021-05-10,20806,0 days 00:30:00,361,3,False,False,,,,Free
2021-05-10 10:15:00,3.494390791175535,9.6,9.590313976614867,903,340,162.55555555555554,49.888888888888886,9,5.0,24487,2021-05-10 10:15:00,2021-05-10 10:15:00,30.36944444444876,-97.49611203980248,,2021-05-10,20857,0 days 00:15:00,363,3,False,False,,,,Free
2021-05-10 10:15:00,3.684755300055009,9.6,10.66368200502885,903,349,169.7,28.2,10,5.0,24495,2021-05-10 10:15:00,2021-05-10 10:15:00,30.298000000004304,-97.71300092249356,,2021-05-10,20869,0 days 00:15:00,365,3,False,False,,,,Free
2021-05-10 10:15:00,2.8544853461147737,9.599999,6.399492243919272,903,351,170.88888888888889,21.0,9,5.0,24497,2021-05-10 10:15:00,2021-05-10 10:15:00,30.286111111115414,-97.78500092043606,,2021-05-10,20865,0 days 00:15:00,364,3,False,False,,,,Free
2021-05-10 10:30:00,2.316725433554859,9.6,4.215402165816602,904,283,56.5,389.5,4,5.0,24517,2021-05-10 10:30:00,2021-05-10 10:30:00,31.430000000004483,-94.10000102573896,,2021-05-10,20937,0 days 00:00:00,366,3,False,False,,,,Free
2021-05-10 10:30:00,13.5200981749207,18.42353,143.56532941137593,904,289,71.32964507923332,405.6265337541171,136,5.0,24522,2021-05-10 10:30:00,2021-05-10 10:30:00,31.281703549212125,-93.93873569280612,,2021-05-10,20941,0 days 00:00:00,367,4,False,False,,,,Free
2021-05-10 10:30:00,10.877825345597564,16.800001,92.9338746495948,904,299,76.28197226538538,384.20936053736193,88,5.0,24530,2021-05-10 10:30:00,2021-05-10 10:30:00,31.2321802773506,-94.15290741885347,,2021-05-10,20826,0 days 00:30:00,362,3,False,False,,,,Free
2021-05-10 10:30:00,5.0556293210828125,9.600001,20.07429626096689,904,303,80.52631578947368,413.6315789473685,19,5.0,24534,2021-05-10 10:30:00,2021-05-10 10:30:00,31.189736842109703,-93.85868524316118,,2021-05-10,20951,0 days 00:00:00,368,3,False,False,,,,Free
2021-05-10 10:30:00,6.469292888015371,12.696776,32.87028795483377,904,323,114.80921052476788,404.5723684256964,32,5.0,24551,2021-05-10 10:30:00,2021-05-10 10:30:00,30.84690789475671,-93.94927734578908,,2021-05-10,20964,0 days 00:00:00,369,3,False,False,,,,Free
2021-05-10 10:30:00,6.775086045822532,21.741175,36.05118229173984,904,328,114.72628250776874,282.8499648799227,34,5.0,24555,2021-05-10 10:30:00,2021-05-10 10:30:00,30.847737174926703,-95.16650134646336,,2021-05-10,20967,0 days 00:00:00,370,3,False,False,,,,Free
2021-05-10 10:30:00,2.0172237147420766,9.6,3.195935542643097,904,353,160.0,48.0,3,5.0,24571,2021-05-10 10:30:00,2021-05-10 10:30:00,30.39500000000432,-97.5150009281516,,2021-05-10,20857,0 days 00:30:00,363,3,False,False,,,,Free
2021-05-10 10:30:00,2.0178769631868168,9.6,3.1980057919164,904,359,166.0,26.0,4,5.0,24575,2021-05-10 10:30:00,2021-05-10 10:30:00,30.33500000000431,-97.73500092186488,,2021-05-10,20869,0 days 00:30:00,365,3,False,False,,,,Free
2021-05-10 10:30:00,2.330538962808014,9.6,4.265820897273499,904,366,170.5,17.0,4,5.0,24580,2021-05-10 10:30:00,2021-05-10 10:30:00,30.290000000004305,-97.82500091929302,,2021-05-10,20865,0 days 00:30:00,364,3,False,False,,,,Free
2021-05-10 10:45:00,10.433087326427447,20.503702,85.49004907281761,905,217,70.10304191276629,411.99092210686666,81,5.0,24595,2021-05-10 10:45:00,2021-05-10 10:45:00,31.2939695808768,-93.87509181109732,,2021-05-10,20941,0 days 00:15:00,367,4,False,False,,,,Free
2021-05-10 10:45:00,1.64021715926183,9.6,2.1129663625838293,905,225,80.0,417.5,2,5.0,24603,2021-05-10 10:45:00,2021-05-10 10:45:00,31.195000000004445,-93.82000103374024,,2021-05-10,20951,0 days 00:15:00,368,3,False,False,,,,Free
2021-05-10 10:45:00,11.021324508245126,21.12,95.40199597029536,905,248,111.76371657811936,285.2497932341759,90,5.0,24624,2021-05-10 10:45:00,2021-05-10 10:45:00,30.8773628342232,-95.14250306360655,,2021-05-10,20967,0 days 00:15:00,370,3,False,False,,,,Free
2021-05-10 10:45:00,9.995096980604009,33.08108,78.46281877182761,905,250,115.19807506192578,406.6871030096643,74,5.0,24626,2021-05-10 10:45:00,2021-05-10 10:45:00,30.843019249385133,-93.92813000055372,,2021-05-10,20964,0 days 00:15:00,369,3,False,False,,,,Free
2021-05-10 11:00:00,1.638172264211901,9.6,2.1077010829029383,906,111,56.5,396.0,2,5.0,24647,2021-05-10 11:00:00,2021-05-10 11:00:00,31.430000000004483,-94.03500102759642,,2021-05-10,20937,0 days 00:30:00,366,3,False,False,,,,Free
2021-05-10 11:00:00,8.903070953168486,21.803389,62.25432812302391,906,115,68.0127093076494,417.3641315444094,59,5.0,24651,2021-05-10 11:00:00,2021-05-10 11:00:00,31.31487290692797,-93.82135971825738,,2021-05-10,20941,0 days 00:30:00,367,4,False,False,,,,Free
2021-05-10 11:00:00,2.011103797511039,9.6,3.176573097409252,906,126,101.33333333333331,477.6666666666667,3,5.0,24659,2021-05-10 11:00:00,2021-05-10 11:00:00,30.98166666667108,-93.21833438426688,,2021-05-10,21030,0 days 00:00:00,371,3,False,False,,,,Free
2021-05-10 11:00:00,4.645625557642305,12.0,16.95033500260036,906,127,106.03750000425748,488.8625000127725,16,5.0,24660,2021-05-10 11:00:00,2021-05-10 11:00:00,30.93462499996183,-93.10637605400518,,2021-05-10,21031,0 days 00:00:00,372,3,False,False,,,,Free
2021-05-10 11:00:00,3.852424040007115,9.599999,11.65622843352053,906,131,108.54545454545456,285.72727272727275,11,5.0,24664,2021-05-10 11:00:00,2021-05-10 11:00:00,30.909545454549853,-95.13772826881204,,2021-05-10,20967,0 days 00:30:00,370,3,False,False,,,,Free
2021-05-10 11:00:00,8.616579156640972,15.709091,58.31222935987501,906,133,113.83531408832708,409.8590831968263,55,5.0,24665,2021-05-10 11:00:00,2021-05-10 11:00:00,30.85664685912112,-93.89641019958856,,2021-05-10,20964,0 days 00:30:00,369,3,False,False,,,,Free
2021-05-10 11:15:00,3.2760605069532542,9.6,8.429342687004917,907,105,54.875,400.875,8,5.0,24674,2021-05-10 11:15:00,2021-05-10 11:15:00,31.446250000004483,-93.9862510289895,,2021-05-10,20937,0 days 00:45:00,366,3,False,False,,,,Free
2021-05-10 11:15:00,2.5917357112731603,9.6,5.275593288681407,907,115,67.8,423.2,5,5.0,24682,2021-05-10 11:15:00,2021-05-10 11:15:00,31.317000000004462,-93.76300103536914,,2021-05-10,20941,0 days 00:45:00,367,4,False,False,,,,Free
2021-05-10 11:15:00,4.01650863112557,12.799999,12.670311451300217,907,118,74.45085469998386,430.2457265000807,12,5.0,24685,2021-05-10 11:15:00,2021-05-10 11:15:00,31.250491453004614,-93.69254377238173,,2021-05-10,20951,0 days 00:45:00,368,3,False,False,,,,Free
2021-05-10 11:15:00,2.01082266690866,9.6,3.1756850582226424,907,128,98.66666666666669,482.6666666666667,3,5.0,24691,2021-05-10 11:15:00,2021-05-10 11:15:00,31.00833333333775,-93.16833438569569,,2021-05-10,21030,0 days 00:15:00,371,3,False,False,,,,Free
2021-05-10 11:15:00,2.844725944973082,9.599999,6.355807699709993,907,131,105.33333333333331,490.1666666666667,6,5.0,24692,2021-05-10 11:15:00,2021-05-10 11:15:00,30.941666666671072,-93.09333438783892,,2021-05-10,21031,0 days 00:15:00,372,3,False,False,,,,Free
2021-05-10 11:15:00,4.498737511544414,12.800002,15.895390055597524,907,134,109.12006578470098,438.84539473761606,16,5.0,24695,2021-05-10 11:15:00,2021-05-10 11:15:00,30.903799342157388,-93.6065470924638,,2021-05-10,21053,0 days 00:00:00,373,3,False,False,,,,Free
2021-05-10 11:30:00,4.4981732525638485,9.6,15.891402912944764,908,71,106.26315789473684,442.05263157894734,19,5.0,24708,2021-05-10 11:30:00,2021-05-10 11:30:00,30.932368421057035,-93.574474724967,,2021-05-10,21053,0 days 00:15:00,373,3,False,False,,,,Free
2021-05-10 11:45:00,1.641556978007621,9.6,2.116419744570547,909,68,95.5,489.0,2,5.0,24718,2021-05-10 11:45:00,2021-05-10 11:45:00,31.04000000000442,-93.1050010541722,,2021-05-10,21030,0 days 00:45:00,371,3,False,False,,,,Free
2021-05-10 11:45:00,2.011033538965632,9.6,3.176351152120279,909,70,100.66666666666669,497.3333333333333,3,5.0,24720,2021-05-10 11:45:00,2021-05-10 11:45:00,30.988333333337746,-93.02166772322022,,2021-05-10,21031,0 days 00:45:00,372,3,False,False,,,,Free
2021-05-10 11:45:00,1.6422027346068333,9.6,2.118085188840965,909,71,103.0,444.5,2,5.0,24721,2021-05-10 11:45:00,2021-05-10 11:45:00,30.96500000000441,-93.55000104145586,,2021-05-10,21053,0 days 00:30:00,373,3,False,False,,,,Free
2021-05-10 12:15:00,8.643338460065623,25.832724,58.6749760044477,911,106,174.23197765339887,372.2414033878639,55,5.0,24770,2021-05-10 12:15:00,2021-05-10 12:15:00,30.252680223470307,-94.2725869869285,,2021-05-10,21112,0 days 00:00:00,374,3,False,False,,,,Free
2021-05-10 12:30:00,11.477275304343936,35.23299,103.45881021084917,912,95,171.6533451606984,373.19184342631945,97,5.0,24790,2021-05-10 12:30:00,2021-05-10 12:30:00,30.27846654839732,-94.26308258681551,,2021-05-10,21112,0 days 00:15:00,374,3,False,False,,,,Free
2021-05-10 12:45:00,14.504528570120703,31.401295,165.23312515023062,913,60,168.0089926801683,375.3348320830653,155,5.0,24799,2021-05-10 12:45:00,2021-05-10 12:45:00,30.314910073202626,-94.24165270086048,,2021-05-10,21112,0 days 00:30:00,374,3,False,False,,,,Free
2021-05-10 13:00:00,5.43041917681153,10.472729,23.16096178273846,914,130,47.00332225571523,329.1943521573632,22,5.0,24815,2021-05-10 13:00:00,2021-05-10 13:00:00,31.524966777447343,-94.70305748693232,,2021-05-10,21147,0 days 00:00:00,375,3,False,False,,,,Free
2021-05-10 13:00:00,2.007073393493433,9.6,3.1638536703689577,914,142,63.333333333333336,295.6666666666667,3,5.0,24827,2021-05-10 13:00:00,2021-05-10 13:00:00,31.361666666671137,-95.0383343322584,,2021-05-10,21159,0 days 00:00:00,377,3,False,False,,,,Free
2021-05-10 13:00:00,5.559520819167592,9.600002,24.27529985740971,914,151,70.81481481481481,332.6666666666667,27,5.0,24835,2021-05-10 13:00:00,2021-05-10 13:00:00,31.286851851856312,-94.66833434283154,,2021-05-10,21167,0 days 00:00:00,378,3,False,False,,,,Free
2021-05-10 13:15:00,5.787807732178859,9.6,26.30983186407174,915,139,43.53846153846154,331.46153846153845,26,5.0,24848,2021-05-10 13:15:00,2021-05-10 13:15:00,31.559615384619885,-94.68038562453847,,2021-05-10,21147,0 days 00:15:00,375,3,False,False,,,,Free
2021-05-10 13:15:00,6.951071353364188,18.93333,37.9483916905914,915,144,60.083392209520525,297.8438162028543,50,5.0,24853,2021-05-10 13:15:00,2021-05-10 13:15:00,31.394166077909272,-95.01656283751868,,2021-05-10,21159,0 days 00:15:00,377,3,False,False,,,,Free
2021-05-10 13:15:00,3.665365080157169,9.6,10.551746705000484,915,164,68.3,334.3,10,5.0,24872,2021-05-10 13:15:00,2021-05-10 13:15:00,31.312000000004463,-94.65200100996498,,2021-05-10,21167,0 days 00:15:00,378,3,False,False,,,,Free
2021-05-10 13:30:00,6.23226192973254,11.586209,30.505719777084536,916,115,39.39260739541511,333.9980020000483,31,5.0,24880,2021-05-10 13:30:00,2021-05-10 13:30:00,31.60107392605036,-94.6550209898782,,2021-05-10,21147,0 days 00:30:00,375,3,False,False,,,,Free
2021-05-10 13:30:00,6.01968878774651,12.800001,28.460200793448,916,122,56.51345531449731,299.6060279552308,62,5.0,24887,2021-05-10 13:30:00,2021-05-10 13:30:00,31.42986544685951,-94.99894072049848,,2021-05-10,21159,0 days 00:30:00,377,3,False,False,,,,Free
2021-05-10 13:30:00,1.6389137953241153,9.6,2.1096096485617704,916,139,65.0,336.5,2,5.0,24902,2021-05-10 13:30:00,2021-05-10 13:30:00,31.345000000004468,-94.63000101059367,,2021-05-10,21167,0 days 00:30:00,378,3,False,False,,,,Free
2021-05-10 13:30:00,1.6396966122353014,9.6,2.111625413531404,916,145,74.0,460.5,2,5.0,24907,2021-05-10 13:30:00,2021-05-10 13:30:00,31.25500000000445,-93.39000104602805,,2021-05-10,21211,0 days 00:00:00,379,3,False,False,,,,Free
2021-05-10 13:45:00,4.907363727910102,9.600001,18.91413038307485,917,71,29.33333333333333,432.22222222222223,18,5.0,24909,2021-05-10 13:45:00,2021-05-10 13:45:00,31.70166666667119,-93.67277881572512,,2021-05-10,21213,0 days 00:00:00,380,3,False,False,,,,Free
2021-05-10 13:45:00,2.3186969063885767,9.6,4.222579612710861,917,90,72.5,462.0,4,5.0,24927,2021-05-10 13:45:00,2021-05-10 13:45:00,31.27000000000446,-93.37500104645665,,2021-05-10,21211,0 days 00:15:00,379,3,False,False,,,,Free
2021-05-10 14:00:00,4.327176748821287,11.657144,14.7061554072563,918,62,26.19742489533885,435.345493566843,14,5.0,24929,2021-05-10 14:00:00,2021-05-10 14:00:00,31.73302575105114,-93.64154610317138,,2021-05-10,21213,0 days 00:15:00,380,3,False,False,,,,Free
2021-05-10 14:15:00,5.171411043394536,9.600001,21.00428964080415,919,91,24.3,439.1,20,5.0,24946,2021-05-10 14:15:00,2021-05-10 14:15:00,31.75200000000453,-93.6040010399127,,2021-05-10,21213,0 days 00:30:00,380,3,False,False,,,,Free
2021-05-10 14:15:00,2.591543022750054,15.360001,5.274808865727977,919,100,66.77377048718996,468.8557376951788,7,5.0,24950,2021-05-10 14:15:00,2021-05-10 14:15:00,31.327262295132567,-93.30644367146397,,2021-05-10,21211,0 days 00:45:00,379,3,False,False,,,,Free
2021-05-10 14:30:00,3.271495024908456,14.400001,8.405864978240967,920,175,28.68351064234527,146.1223404282302,8,5.0,24966,2021-05-10 14:30:00,2021-05-10 14:30:00,31.70816489358107,-96.53377755190884,,2021-05-10,21254,0 days 00:00:00,381,3,False,False,,,,Free
2021-05-10 14:45:00,4.7683640759147154,9.6,17.857830487980497,921,205,26.47058823529412,145.64705882352942,17,5.0,25021,2021-05-10 14:45:00,2021-05-10 14:45:00,31.73029411765159,-96.53853036782004,,2021-05-10,21254,0 days 00:15:00,381,3,False,False,,,,Free
2021-05-10 14:45:00,3.4733040221481826,9.6,9.474918431613789,921,208,46.888888888888886,442.8888888888889,9,5.0,25024,2021-05-10 14:45:00,2021-05-10 14:45:00,31.526111111115608,-93.56611215210654,,2021-05-10,21303,0 days 00:00:00,383,3,False,False,,,,Free
2021-05-10 15:00:00,3.4689484958986414,9.6,9.451170219269672,922,184,23.55555555555556,146.0,9,5.0,25071,2021-05-10 15:00:00,2021-05-10 15:00:00,31.759444444448977,-96.53500095615618,,2021-05-10,21254,0 days 00:30:00,381,3,False,False,,,,Free
2021-05-10 15:00:00,4.329424832337577,10.971429,14.721439855027471,922,189,35.830143543944764,358.4401913919264,14,5.0,25076,2021-05-10 15:00:00,2021-05-10 15:00:00,31.636698564565062,-94.41059910294403,,2021-05-10,21341,0 days 00:00:00,384,3,False,False,,,,Free
2021-05-10 15:15:00,8.262033939665661,15.435292,53.61222489707215,923,162,33.4443223318296,362.5750916013746,54,5.0,25119,2021-05-10 15:15:00,2021-05-10 15:15:00,31.66055677668622,-94.36925010203112,,2021-05-10,21341,0 days 00:15:00,384,3,False,False,,,,Free
2021-05-10 15:15:00,3.062856401017703,9.599999,7.367890333005961,923,173,45.0,448.0,7,5.0,25130,2021-05-10 15:15:00,2021-05-10 15:15:00,31.5450000000045,-93.515001042456,,2021-05-10,21303,0 days 00:30:00,383,3,False,False,,,,Free
2021-05-10 15:30:00,4.769468204108158,9.6,17.86610150781195,924,172,30.764705882352946,367.2941176470589,17,5.0,25168,2021-05-10 15:30:00,2021-05-10 15:30:00,31.687352941181,-94.32205984292284,,2021-05-10,21341,0 days 00:30:00,384,3,False,False,,,,Free
2021-05-10 15:30:00,,,,924,181,43.0,449.6666666666667,3,5.0,25177,2021-05-10 15:30:00,2021-05-10 15:30:00,31.565000000004503,-93.49833437626556,,2021-05-10,21303,0 days 00:45:00,383,3,False,False,,,,Free
2021-05-10 15:30:00,11.97497620503075,121.26791,112.6261399153136,924,197,133.76015060291914,448.5475966236832,106,5.0,25190,2021-05-10 15:30:00,2021-05-10 15:30:00,30.65739849397517,-93.50952507637568,,2021-05-10,21425,0 days 00:00:00,385,3,False,False,,,,Free
2021-05-10 15:45:00,13.513358743942517,155.30667,143.42223762809002,925,180,132.08340559230712,450.21940284831135,136,5.0,25216,2021-05-10 15:45:00,2021-05-10 15:45:00,30.67416594408129,-93.49280701460708,,2021-05-10,21425,0 days 00:15:00,385,3,False,False,,,,Free
2021-05-10 16:00:00,5.042118233847945,13.642106,19.967143173667264,926,126,30.137637033320345,456.6053593124578,19,5.0,25233,2021-05-10 16:00:00,2021-05-10 16:00:00,31.69362362967132,-93.42894745179046,,2021-05-10,21459,0 days 00:00:00,386,3,False,False,,,,Free
2021-05-10 16:00:00,3.837602175867014,9.599999,11.566708339460613,926,128,35.42857142857143,445.2857142857143,14,5.0,25235,2021-05-10 16:00:00,2021-05-10 16:00:00,31.6407142857188,-93.5421438988232,,2021-05-10,21461,0 days 00:00:00,387,3,False,False,,,,Free
2021-05-10 16:00:00,2.591405327438588,9.6,5.274248352437019,926,135,65.4,454.2,5,5.0,25242,2021-05-10 16:00:00,2021-05-10 16:00:00,31.341000000004467,-93.45300104422772,,2021-05-10,21467,0 days 00:00:00,388,3,False,False,,,,Free
2021-05-10 16:00:00,13.906072329525475,85.594406,151.879391771654,926,144,129.86511244073364,452.2886484313229,144,5.0,25251,2021-05-10 16:00:00,2021-05-10 16:00:00,30.69634887559703,-93.47211455936826,,2021-05-10,21425,0 days 00:30:00,385,3,False,False,,,,Free
2021-05-10 16:15:00,15.815252896852934,48.51337,196.4455355048223,927,139,26.891318515036566,457.77300778388326,218,5.0,25267,2021-05-10 16:15:00,2021-05-10 16:15:00,31.726086814854163,-93.41727096740988,,2021-05-10,21459,0 days 00:15:00,386,3,False,False,,,,Free
2021-05-10 16:15:00,5.301890910944374,10.057145,22.077579468678483,927,143,34.0,449.3465160088859,21,5.0,25271,2021-05-10 16:15:00,2021-05-10 16:15:00,31.65500000000452,-93.50153588275192,,2021-05-10,21461,0 days 00:15:00,387,3,False,False,,,,Free
2021-05-10 16:15:00,6.239927923412633,17.544827,30.58081305311927,927,149,62.21825179039106,457.70588234153024,29,5.0,25276,2021-05-10 16:15:00,2021-05-10 16:15:00,31.37281748210056,-93.41794222181426,,2021-05-10,21467,0 days 00:15:00,388,3,False,False,,,,Free
2021-05-10 16:30:00,1.156905199322979,9.6,1.0512001812659213,928,136,32.5,455.5,4,5.0,25302,2021-05-10 16:30:00,2021-05-10 16:30:00,31.67000000000452,-93.44000104459916,,2021-05-10,21461,0 days 00:30:00,387,3,False,False,,,,Free
2021-05-10 16:30:00,6.449706862475934,19.50968,32.67155719744929,928,139,56.59270788928891,460.3236993969149,31,5.0,25305,2021-05-10 16:30:00,2021-05-10 16:30:00,31.4290729211116,-93.39176405200844,,2021-05-10,21467,0 days 00:30:00,388,3,False,False,,,,Free
2021-05-10 16:45:00,7.833853111524554,17.947824,48.19929983065985,929,132,3.206850239078902,95.57421089987052,46,5.0,25320,2021-05-10 16:45:00,2021-05-10 16:45:00,31.962931497613777,-97.03925883274776,,2021-05-10,21528,0 days 00:00:00,390,3,False,False,,,,Free
2021-05-10 16:45:00,5.660355123831468,13.200001,25.16385880439292,929,138,8.898373990240442,166.4034552858825,24,5.0,25326,2021-05-10 16:45:00,2021-05-10 16:45:00,31.906016260102152,-96.33096640912788,,2021-05-10,21532,0 days 00:00:00,391,4,False,False,,,,Free
2021-05-10 16:45:00,2.002738247786933,9.6,3.1502010016371003,929,146,23.0,468.0,3,5.0,25333,2021-05-10 16:45:00,2021-05-10 16:45:00,31.76500000000453,-93.3150010481712,,2021-05-10,21459,0 days 00:45:00,386,3,False,False,,,,Free
2021-05-10 17:00:00,6.53316710406568,40.8,33.522578360165504,930,83,0.559182972103966,96.324022342025,32,5.0,25353,2021-05-10 17:00:00,2021-05-10 17:00:00,31.98940817028353,-97.03176071854044,,2021-05-10,21528,0 days 00:15:00,390,3,False,False,,,,Free
2021-05-10 17:00:00,10.33273696275996,34.08,83.8533908116979,930,90,6.055708400473106,170.48134457417882,80,5.0,25359,2021-05-10 17:00:00,2021-05-10 17:00:00,31.934442915999828,-96.29018751741025,,2021-05-10,21532,0 days 00:15:00,391,4,False,False,,,,Free
2021-05-10 17:15:00,2.582298314395546,17.28,5.23724275773817,931,76,0.0,97.84364821099872,5,5.0,25370,2021-05-10 17:15:00,2021-05-10 17:15:00,31.99500000000457,-97.016564460285,,2021-05-10,21528,0 days 00:30:00,390,3,False,False,,,,Free
2021-05-10 17:15:00,11.019158168145236,29.749453,95.36449542168276,931,84,4.113222620078925,172.8573839298445,91,5.0,25375,2021-05-10 17:15:00,2021-05-10 17:15:00,31.953867773803776,-96.26642712453253,,2021-05-10,21532,0 days 00:30:00,391,4,False,False,,,,Free
2021-05-10 17:15:00,8.838204427406824,40.220695,61.350480216887576,931,95,91.66438219901444,272.5984922982396,58,5.0,25381,2021-05-10 17:15:00,2021-05-10 17:15:00,31.07835617801428,-95.2690160693507,,2021-05-10,21571,0 days 00:00:00,392,3,False,False,,,,Free
2021-05-10 17:30:00,5.538754094561836,25.878263,24.094285358067925,932,35,1.0087463688980705,175.43481882528093,23,5.0,25384,2021-05-10 17:30:00,2021-05-10 17:30:00,31.984912536315587,-96.24065277631468,,2021-05-10,21532,0 days 00:45:00,391,4,False,False,,,,Free
2021-05-10 17:30:00,12.336110411318336,25.23186,119.52159411753932,932,40,90.92826525517088,275.6378269886928,113,5.0,25389,2021-05-10 17:30:00,2021-05-10 17:30:00,31.08571734745272,-95.23862272331468,,2021-05-10,21571,0 days 00:15:00,392,3,False,False,,,,Free
2021-05-10 17:45:00,10.948931268386117,17.474157,94.1528217651914,933,48,92.5035128860541,278.8883084580546,89,5.0,25398,2021-05-10 17:45:00,2021-05-10 17:45:00,31.069964871143885,-95.2061179095499,,2021-05-10,21571,0 days 00:30:00,392,3,False,False,,,,Free
2021-05-10 18:30:00,72.9635892188328,276.6231,4181.212697726816,936,43,115.16580781415576,305.05864241226305,3951,5.0,25427,2021-05-10 18:30:00,2021-05-10 18:30:00,30.84334192186284,-94.94441457748631,,2021-05-10,21609,0 days 00:00:00,393,5,False,False,,,,Free
2021-05-10 18:45:00,69.70590685554792,245.01868,3816.181700172522,937,110,116.19130243345394,303.37641052400363,3608,5.0,25448,2021-05-10 18:45:00,2021-05-10 18:45:00,30.83308697566985,-94.9612368958882,,2021-05-10,21609,0 days 00:15:00,393,5,False,False,,,,Free
2021-05-10 19:00:00,64.02822596546027,191.95575,3219.8290865500653,938,184,117.3831543759228,302.0350939173132,3052,5.0,25482,2021-05-10 19:00:00,2021-05-10 19:00:00,30.82116845624516,-94.97465006157177,,2021-05-10,21609,0 days 00:30:00,393,5,False,False,,,,Free
2021-05-10 19:15:00,59.362662667797856,127.264366,2767.684787660085,939,171,117.05452786410324,298.50955553097845,2618,5.0,25518,2021-05-10 19:15:00,2021-05-10 19:15:00,30.82445472136336,-95.00990544442766,,2021-05-10,21609,0 days 00:45:00,393,5,False,False,,,,Free
2021-05-10 19:15:00,2.353967837693291,9.6,4.352020484917476,939,179,375.4,38.8,5,5.0,25520,2021-05-10 19:15:00,2021-05-10 19:15:00,28.241000000003982,-97.60700092552258,,2021-05-10,21695,0 days 00:00:00,394,3,False,False,,,,Free
2021-05-10 19:30:00,5.392979315606191,10.057144,22.842697604562552,940,147,372.7093862805009,36.79241877178636,22,5.0,25546,2021-05-10 19:30:00,2021-05-10 19:30:00,28.267906137198977,-97.62707673723104,,2021-05-10,21695,0 days 00:15:00,394,3,False,False,,,,Free
2021-05-10 19:45:00,41.96590272060771,83.560455,1383.1937583448453,941,86,112.46112008433444,296.18766561902135,1306,5.0,25562,2021-05-10 19:45:00,2021-05-10 19:45:00,30.87038879916105,-95.03312434288377,,2021-05-10,21609,0 days 01:15:00,393,5,False,False,,,,Free
2021-05-10 19:45:00,1.6641551847238334,9.6,2.1750914745734367,941,91,370.5,35.0,2,5.0,25564,2021-05-10 19:45:00,2021-05-10 19:45:00,28.290000000003992,-97.64500092443672,,2021-05-10,21695,0 days 00:30:00,394,3,False,False,,,,Free
2021-05-10 22:45:00,12.506662389665625,25.189745,122.8493136078425,953,82,22.313436617391048,58.4268055554793,117,5.0,25785,2021-05-10 22:45:00,2021-05-10 22:45:00,31.771865633830625,-97.4107328755764,,2021-05-10,21936,0 days 00:00:00,395,3,False,False,,,,Free
2021-05-10 23:00:00,11.02778343683733,15.92967,95.5138473609688,954,107,19.45525838546093,58.49266038538661,91,5.0,25814,2021-05-10 23:00:00,2021-05-10 23:00:00,31.80044741614993,-97.41007432729612,,2021-05-10,21936,0 days 00:15:00,395,3,False,False,,,,Free
2021-05-10 23:00:00,4.328260074800624,19.885714,14.713519818464157,954,109,31.208253347945845,432.9299424288257,14,5.0,25815,2021-05-10 23:00:00,2021-05-10 23:00:00,31.682917466525065,-93.6657016138613,,2021-05-10,21962,0 days 00:00:00,396,3,False,False,,,,Free
2021-05-10 23:15:00,3.0580037118361485,12.342857,7.344561940658838,955,91,15.73151750539596,56.63424124730202,7,5.0,25840,2021-05-10 23:15:00,2021-05-10 23:15:00,31.837684824950585,-97.42865851814594,,2021-05-10,21936,0 days 00:30:00,395,3,False,False,,,,Free
2021-05-10 23:15:00,6.228956488603545,52.634476,30.47336936506059,955,93,28.74750873853376,433.8442949799284,36,5.0,25842,2021-05-10 23:15:00,2021-05-10 23:15:00,31.70752491261919,-93.65655808861158,,2021-05-10,21962,0 days 00:15:00,396,3,False,False,,,,Free
2021-05-10 23:30:00,3.059233192572822,19.199999,7.350468939830156,956,120,23.0,329.7142857142857,7,5.0,25863,2021-05-10 23:30:00,2021-05-10 23:30:00,31.76500000000453,-94.6978581515117,,2021-05-10,22004,0 days 00:00:00,397,3,False,False,,,,Free
2021-05-10 23:30:00,3.05956368505647,13.714286,7.352057184858665,956,122,25.0,436.6983606495866,7,5.0,25865,2021-05-10 23:30:00,2021-05-10 23:30:00,31.74500000000453,-93.6280174327306,,2021-05-10,21962,0 days 00:30:00,396,3,False,False,,,,Free
2021-05-10 23:45:00,5.297027604890211,10.514287,22.03709550413404,957,243,17.41450775708583,329.34196888930137,21,5.0,25891,2021-05-10 23:45:00,2021-05-10 23:45:00,31.82085492243369,-94.70158131965512,,2021-05-10,22004,0 days 00:15:00,397,3,False,False,,,,Free
2021-05-10 23:45:00,2.3121565996811264,9.6,4.198792099691646,957,248,19.75,350.0,4,5.0,25893,2021-05-10 23:45:00,2021-05-10 23:45:00,31.79750000000454,-94.49500101445142,,2021-05-10,22029,0 days 00:00:00,398,3,False,False,,,,Free
2021-05-11 00:00:00,6.003912557016014,13.866669,28.31122088639843,958,216,11.187606593700556,330.4087549790715,41,5.0,25935,2021-05-11 00:00:00,2021-05-11 00:00:00,31.883123934067548,-94.6909134590623,,2021-05-11,22004,0 days 00:30:00,397,3,False,False,,,,Free
2021-05-11 00:00:00,6.225291592054293,15.227588,30.43752101978804,958,219,17.705755785824767,352.9650349619856,37,5.0,25938,2021-05-11 00:00:00,2021-05-11 00:00:00,31.817942442146293,-94.46535066567884,,2021-05-11,22029,0 days 00:15:00,398,3,False,False,,,,Free
2021-05-11 00:30:00,2.584348773327895,9.6,5.245563264052261,960,203,14.6,359.8,5,5.0,26007,2021-05-11 00:30:00,2021-05-11 00:30:00,31.849000000004548,-94.39700101725184,,2021-05-11,22029,0 days 00:45:00,398,3,False,False,,,,Free
2021-05-11 00:30:00,50.37242033410996,164.03888,1992.854165430463,960,249,381.8226463052181,29.226213135308463,1835,5.0,26042,2021-05-11 00:30:00,2021-05-11 00:30:00,28.176773536951792,-97.70273879143372,,2021-05-11,22163,0 days 00:00:00,400,8,False,False,,,,Free
2021-05-11 00:45:00,54.1515199874794,251.77771,2303.091456026309,961,362,381.9072615939472,30.973581775564448,3079,5.0,26096,2021-05-11 00:45:00,2021-05-11 00:45:00,28.1759273840645,-97.6852651055305,,2021-05-11,22163,0 days 00:15:00,400,8,False,False,,,,Free
2021-05-11 01:00:00,2.0139705721460444,16.0,3.1856357919781235,962,321,128.86060605710313,59.43030302855156,3,5.0,26144,2021-05-11 01:00:00,2021-05-11 01:00:00,30.706393939433337,-97.40069790113245,,2021-05-11,22253,0 days 00:00:00,403,3,False,False,,,,Free
2021-05-11 01:00:00,10.01784073644908,12.194593,78.82030795841578,962,325,158.4481592779303,135.4643125565259,74,5.0,26146,2021-05-11 01:00:00,2021-05-11 01:00:00,30.41051840722502,-96.64035782758026,,2021-05-11,22255,0 days 00:00:00,404,3,False,False,,,,Free
2021-05-11 01:00:00,10.024928872643304,18.147947,78.93188624019798,962,351,309.5673994188556,151.87474078655774,74,5.0,26166,2021-05-11 01:00:00,2021-05-11 01:00:00,28.89932600581553,-96.4762535499694,,2021-05-11,22272,0 days 00:00:00,405,3,False,False,,,,Free
2021-05-11 01:00:00,64.52821777567632,238.94896,3270.3122570476003,962,359,382.1073450252465,34.145238568965176,3012,5.0,26172,2021-05-11 01:00:00,2021-05-11 01:00:00,28.173926549751503,-97.65354853850285,,2021-05-11,22163,0 days 00:30:00,400,8,False,False,,,,Free
2021-05-11 01:15:00,2.01417927703418,16.0,3.186296071944406,963,325,130.86060605710313,59.860606057103126,3,5.0,26226,2021-05-11 01:15:00,2021-05-11 01:15:00,30.686393939433334,-97.39639487096986,,2021-05-11,22253,0 days 00:15:00,403,3,False,False,,,,Free
2021-05-11 01:15:00,2.3310138177509043,12.0,4.267559424315442,963,331,174.6714285665629,99.67142856656288,4,5.0,26231,2021-05-11 01:15:00,2021-05-11 01:15:00,30.248285714338667,-96.99828665725164,,2021-05-11,22328,0 days 00:00:00,406,3,False,False,,,,Free
2021-05-11 01:15:00,3.506417175110795,11.733334,9.656440107245768,963,347,230.6138613876968,453.2277227753935,9,5.0,26242,2021-05-11 01:15:00,2021-05-11 01:15:00,29.688861386127243,-93.46272381619592,,2021-05-11,22338,0 days 00:00:00,407,5,False,False,,,,Free
2021-05-11 01:15:00,6.425340745071915,22.72,32.425166074203815,963,353,306.72364265109724,153.1034185291488,47,5.0,26247,2021-05-11 01:15:00,2021-05-11 01:15:00,28.92776357349312,-96.4639667728946,,2021-05-11,22272,0 days 00:15:00,405,3,False,False,,,,Free
2021-05-11 01:15:00,68.23899737346477,239.43144,3657.254270644184,963,364,383.8432870444784,37.85658647457978,3398,5.0,26256,2021-05-11 01:15:00,2021-05-11 01:15:00,28.156567129559186,-97.61643506050724,,2021-05-11,22163,0 days 00:45:00,400,8,False,False,,,,Free
2021-05-11 01:30:00,10.724353542534326,11.832557,90.330024213308,964,288,25.54118447770185,312.4659632426417,86,5.0,26279,2021-05-11 01:30:00,2021-05-11 01:30:00,31.739588155227512,-94.87034137129922,,2021-05-11,22369,0 days 00:00:00,408,3,False,False,,,,Free
2021-05-11 01:30:00,2.3152397946153505,9.6,4.209997504974992,964,295,44.8,374.8,5,5.0,26286,2021-05-11 01:30:00,2021-05-11 01:30:00,31.5470000000045,-94.24700102153828,,2021-05-11,22376,0 days 00:00:00,409,3,False,False,,,,Free
2021-05-11 01:30:00,2.604331237090605,9.6,5.326995395745951,964,306,161.16666666666666,134.16666666666666,6,5.0,26293,2021-05-11 01:30:00,2021-05-11 01:30:00,30.383333333337653,-96.65333428610802,,2021-05-11,22255,0 days 00:30:00,404,3,False,False,,,,Free
2021-05-11 01:30:00,2.3310138177509043,9.6,4.267559424315442,964,316,174.5,99.5,4,5.0,26301,2021-05-11 01:30:00,2021-05-11 01:30:00,30.2500000000043,-97.00000094286828,,2021-05-11,22328,0 days 00:15:00,406,3,False,False,,,,Free
2021-05-11 01:30:00,3.0875142604735943,9.599999,7.486999872133755,964,326,199.28571428571428,425.2857142857143,7,5.0,26308,2021-05-11 01:30:00,2021-05-11 01:30:00,30.00214285714712,-93.742143893108,,2021-05-11,22395,0 days 00:00:00,410,5,False,False,,,,Free
2021-05-11 01:30:00,5.092398690803677,12.63158,20.367357056517623,964,328,221.2827586284007,435.8965517309418,19,5.0,26309,2021-05-11 01:30:00,2021-05-11 01:30:00,29.78217241372021,-93.63603552168786,,2021-05-11,22396,0 days 00:00:00,411,3,False,False,,,,Free
2021-05-11 01:30:00,5.355340772875082,9.600001,22.52496390974389,964,329,227.66666666666663,452.2857142857143,21,5.0,26310,2021-05-11 01:30:00,2021-05-11 01:30:00,29.718333333337547,-93.47214390082354,,2021-05-11,22338,0 days 00:15:00,407,5,False,False,,,,Free
2021-05-11 01:30:00,1.6587729294618885,9.6,2.1610447483296635,964,333,302.5,154.0,2,5.0,26314,2021-05-11 01:30:00,2021-05-11 01:30:00,28.9700000000041,-96.45500095844228,,2021-05-11,22272,0 days 00:30:00,405,3,False,False,,,,Free
2021-05-11 01:30:00,68.98809481374727,285.19803,3737.9904242767934,964,345,386.92951950462185,41.40298785607345,3439,5.0,26324,2021-05-11 01:30:00,2021-05-11 01:30:00,28.125704804957746,-97.5809710477057,,2021-05-11,22163,0 days 01:00:00,400,8,False,False,,,,Free
2021-05-11 01:45:00,12.289739555929478,10.364601,118.62473088989232,965,353,20.60198714833384,311.94798361926536,130,5.0,26347,2021-05-11 01:45:00,2021-05-11 01:45:00,31.7889801285212,-94.875521167385,,2021-05-11,22369,0 days 00:15:00,408,3,False,False,,,,Free
2021-05-11 01:45:00,2.586472869543008,9.6,5.254189545513643,965,363,29.8,348.4,5,5.0,26357,2021-05-11 01:45:00,2021-05-11 01:45:00,31.69700000000452,-94.5110010139942,,2021-05-11,22436,0 days 00:00:00,412,3,False,False,,,,Free
2021-05-11 01:45:00,6.243960996389195,12.579312,30.62035662153342,965,387,75.0961538536146,380.864644985414,40,5.0,26380,2021-05-11 01:45:00,2021-05-11 01:45:00,31.244038461468307,-94.1863545734172,,2021-05-11,22456,0 days 00:00:00,413,3,False,False,,,,Free
2021-05-11 01:45:00,1.6395663060205037,9.6,2.111289806347373,965,388,72.5,390.0,2,5.0,26381,2021-05-11 01:45:00,2021-05-11 01:45:00,31.27000000000446,-94.09500102588186,,2021-05-11,22457,0 days 00:00:00,414,4,False,False,,,,Free
2021-05-11 01:45:00,,,,965,394,130.5,61.5,2,5.0,26384,2021-05-11 01:45:00,2021-05-11 01:45:00,30.690000000004368,-97.38000093200937,,2021-05-11,22253,0 days 00:45:00,403,3,False,False,,,,Free
2021-05-11 01:45:00,5.706008121164995,10.0,25.571408627253355,965,405,161.46000000158946,132.15000000397364,24,5.0,26391,2021-05-11 01:45:00,2021-05-11 01:45:00,30.380399999988423,-96.67350095215863,,2021-05-11,22255,0 days 00:45:00,404,3,False,False,,,,Free
2021-05-11 01:45:00,2.330984159901516,9.6,4.2674508313688575,965,414,174.25,100.0,4,5.0,26400,2021-05-11 01:45:00,2021-05-11 01:45:00,30.252500000004297,-96.99500094301118,,2021-05-11,22328,0 days 00:30:00,406,3,False,False,,,,Free
2021-05-11 01:45:00,1.6490294489816768,33.600002,2.1357317520124885,965,427,183.41608391666688,448.0,2,5.0,26411,2021-05-11 01:45:00,2021-05-11 01:45:00,30.16083916083761,-93.515001042456,,2021-05-11,22480,0 days 00:00:00,415,3,False,False,,,,Free
2021-05-11 01:45:00,6.902747964452022,88.59428,37.42259628816149,965,433,195.60626156024912,424.9057351901212,35,5.0,26416,2021-05-11 01:45:00,2021-05-11 01:45:00,30.038937384401773,-93.74594368395532,,2021-05-11,22395,0 days 00:15:00,410,5,False,False,,,,Free
2021-05-11 01:45:00,7.386888261513112,42.239998,42.85612900864629,965,437,216.5106068646198,435.0022824839551,40,5.0,26420,2021-05-11 01:45:00,2021-05-11 01:45:00,29.82989393135804,-93.64497821390222,,2021-05-11,22396,0 days 00:15:00,411,3,False,False,,,,Free
2021-05-11 01:45:00,6.070939265934724,21.68889,28.94687313402149,965,438,222.66256591199675,450.24780316669217,28,5.0,26421,2021-05-11 01:45:00,2021-05-11 01:45:00,29.76837434088425,-93.4925230114314,,2021-05-11,22338,0 days 00:30:00,407,5,False,False,,,,Free
2021-05-11 01:45:00,70.98032368088084,288.34344,3956.99801398375,965,443,389.3054363357459,43.97011884726184,3665,5.0,26426,2021-05-11 01:45:00,2021-05-11 01:45:00,28.1019456366465,-97.55529973852742,,2021-05-11,22163,0 days 01:15:00,400,8,False,False,,,,Free
2021-05-11 02:00:00,5.044873029679861,9.600001,19.98896750484221,966,446,40.526315789473685,369.9473684210527,19,5.0,26467,2021-05-11 02:00:00,2021-05-11 02:00:00,31.58973684210977,-94.29552733594107,,2021-05-11,22376,0 days 00:30:00,409,3,False,False,,,,Free
2021-05-11 02:00:00,17.92235458748579,14.018411,252.2783676392848,966,468,70.97361112687078,378.26546296492114,240,5.0,26486,2021-05-11 02:00:00,2021-05-11 02:00:00,31.285263888735752,-94.2123463928794,,2021-05-11,22456,0 days 00:15:00,413,3,False,False,,,,Free
2021-05-11 02:00:00,3.0667551035110483,9.599999,7.386659410478271,966,471,68.85714285714286,388.8571428571428,7,5.0,26489,2021-05-11 02:00:00,2021-05-11 02:00:00,31.306428571433035,-94.10642959698384,,2021-05-11,22457,0 days 00:15:00,414,4,False,False,,,,Free
2021-05-11 02:00:00,13.235572619459475,153.30232,137.5863507298019,966,489,171.40657572364256,466.193936567452,129,5.0,26502,2021-05-11 02:00:00,2021-05-11 02:00:00,30.28093424276788,-93.3330616819806,,2021-05-11,22551,0 days 00:00:00,417,5,False,False,,,,Free
2021-05-11 02:00:00,7.186387845858479,35.115784,40.561236481108985,966,505,179.31737155124785,447.5683327531009,38,5.0,26513,2021-05-11 02:00:00,2021-05-11 02:00:00,30.20182628449181,-93.51931771480162,,2021-05-11,22480,0 days 00:15:00,415,3,False,False,,,,Free
2021-05-11 02:00:00,8.729086630308554,85.2,59.844947256394505,966,520,191.82839422852555,422.8313178623797,57,5.0,26524,2021-05-11 02:00:00,2021-05-11 02:00:00,30.07671605771901,-93.76668785663998,,2021-05-11,22395,0 days 00:30:00,410,5,False,False,,,,Free
2021-05-11 02:00:00,6.067577223506695,20.266666,28.91482087204175,966,529,212.0920674115609,434.6802301776913,39,5.0,26531,2021-05-11 02:00:00,2021-05-11 02:00:00,29.87407932588863,-93.6481987368728,,2021-05-11,22396,0 days 00:30:00,411,3,False,False,,,,Free
2021-05-11 02:00:00,7.294625745892248,16.492306,41.792265243931126,966,530,218.7581436654236,449.9022757723491,39,5.0,26532,2021-05-11 02:00:00,2021-05-11 02:00:00,29.80741856334999,-93.49597828527612,,2021-05-11,22338,0 days 00:45:00,407,5,False,False,,,,Free
2021-05-11 02:00:00,74.62982225411201,269.646,4374.361755186333,966,535,391.6125620432429,45.81492660541507,4035,5.0,26536,2021-05-11 02:00:00,2021-05-11 02:00:00,28.078874379571527,-97.53685166147308,,2021-05-11,22163,0 days 01:30:00,400,8,False,False,,,,Free
2021-05-11 02:15:00,2.0015094679351133,9.6,3.146336576490144,967,391,11.666666666666666,314.3333333333333,3,5.0,26558,2021-05-11 02:15:00,2021-05-11 02:15:00,31.878333333337885,-94.85166767092596,,2021-05-11,22369,0 days 00:45:00,408,3,False,False,,,,Free
2021-05-11 02:15:00,4.005945243965072,11.200001,12.603753444513323,967,394,25.252688169286408,347.52150535429126,12,5.0,26561,2021-05-11 02:15:00,2021-05-11 02:15:00,31.742473118311665,-94.51978596020024,,2021-05-11,22436,0 days 00:30:00,412,3,False,False,,,,Free
2021-05-11 02:15:00,,,,967,401,37.04107142917964,368.43124996381147,32,5.0,26567,2021-05-11 02:15:00,2021-05-11 02:15:00,31.62458928571272,-94.31068852008023,,2021-05-11,22376,0 days 00:45:00,409,3,False,False,,,,Free
2021-05-11 02:15:00,21.27578546090789,21.25104,355.5175841422156,967,411,66.71998833837937,376.2887324119171,338,5.0,26576,2021-05-11 02:15:00,2021-05-11 02:15:00,31.327800116620672,-94.23211369784455,,2021-05-11,22456,0 days 00:30:00,413,3,False,False,,,,Free
2021-05-11 02:15:00,1.6387830897216316,9.6,2.1092731735065544,967,422,63.5,389.0,2,5.0,26587,2021-05-11 02:15:00,2021-05-11 02:15:00,31.36000000000447,-94.1050010255961,,2021-05-11,22457,0 days 00:30:00,414,4,False,False,,,,Free
2021-05-11 02:15:00,6.973943327553731,13.066668,38.19853517512889,967,438,122.03593218296297,229.6935593431402,37,5.0,26601,2021-05-11 02:15:00,2021-05-11 02:15:00,30.774640678174748,-95.69806538664112,,2021-05-11,22630,0 days 00:00:00,418,3,False,False,,,,Free
2021-05-11 02:15:00,9.886175431360316,98.93333,76.76203984063486,967,460,167.91214218563485,465.7594038155982,72,5.0,26614,2021-05-11 02:15:00,2021-05-11 02:15:00,30.31587857814796,-93.33740700937494,,2021-05-11,22551,0 days 00:15:00,417,5,False,False,,,,Free
2021-05-11 02:15:00,13.936339518419349,54.57902,152.54125586639353,967,462,174.2364241373636,395.2686958706801,143,5.0,26615,2021-05-11 02:15:00,2021-05-11 02:15:00,30.25263575863066,-94.04231406868064,,2021-05-11,22642,0 days 00:00:00,419,3,False,False,,,,Free
2021-05-11 02:15:00,4.6623092993315485,46.800003,17.072300410803543,967,473,175.79336124273732,446.6510167287449,16,5.0,26624,2021-05-11 02:15:00,2021-05-11 02:15:00,30.23706638757692,-93.52849087478307,,2021-05-11,22480,0 days 00:30:00,415,3,False,False,,,,Free
2021-05-11 02:15:00,7.283359640059453,86.40001,41.66327370666213,967,477,187.597744581336,422.21659422878497,39,5.0,26628,2021-05-11 02:15:00,2021-05-11 02:15:00,30.11902255419092,-93.77283509280028,,2021-05-11,22395,0 days 00:45:00,410,5,False,False,,,,Free
2021-05-11 02:15:00,3.089797468097434,10.971428,7.498077194772555,967,486,214.0,447.7799043040369,7,5.0,26634,2021-05-11 02:15:00,2021-05-11 02:15:00,29.855000000004235,-93.51720199935272,,2021-05-11,22338,0 days 01:00:00,407,5,False,False,,,,Free
2021-05-11 02:15:00,82.45995767556728,175.90215,5340.428396190516,967,490,393.1793159973786,49.10082820928466,4930,5.0,26638,2021-05-11 02:15:00,2021-05-11 02:15:00,28.06320684003017,-97.50399264637332,,2021-05-11,22163,0 days 01:45:00,400,8,False,False,,,,Free
2021-05-11 02:30:00,3.2701927056221485,14.400001,8.39917388375549,968,413,21.755319143539644,344.3723404282302,8,5.0,26657,2021-05-11 02:30:00,2021-05-11 02:30:00,31.77744680856913,-94.55127760856097,,2021-05-11,22436,0 days 00:45:00,412,3,False,False,,,,Free
2021-05-11 02:30:00,3.4757158375372224,9.6,9.48808151086752,968,439,59.888888888888886,391.0,9,5.0,26683,2021-05-11 02:30:00,2021-05-11 02:30:00,31.396111111115587,-94.08500102616762,,2021-05-11,22457,0 days 00:45:00,414,4,False,False,,,,Free
2021-05-11 02:30:00,12.919068973522558,159.45364,131.08479377095483,968,481,164.27820955386483,465.0018405301499,125,5.0,26720,2021-05-11 02:30:00,2021-05-11 02:30:00,30.352217904465665,-93.34498264201297,,2021-05-11,22551,0 days 00:30:00,417,5,False,False,,,,Free
2021-05-11 02:30:00,15.849845411857618,30.771893,197.305841323078,968,482,171.99303659824744,395.882839086452,185,5.0,26721,2021-05-11 02:30:00,2021-05-11 02:30:00,30.275069634021825,-94.03617263669844,,2021-05-11,22642,0 days 00:15:00,419,3,False,False,,,,Free
2021-05-11 02:30:00,4.80761245776335,19.764706,18.153015777442693,968,498,183.30438245174872,421.0972112192948,17,5.0,26736,2021-05-11 02:30:00,2021-05-11 02:30:00,30.1619561754868,-93.78402892257526,,2021-05-11,22395,0 days 01:00:00,410,5,False,False,,,,Free
2021-05-11 02:45:00,9.508703539208389,12.608954,71.0121228722603,969,472,111.19929382460565,234.0784621555568,67,5.0,26814,2021-05-11 02:45:00,2021-05-11 02:45:00,30.88300706175833,-95.65421635976998,,2021-05-11,22630,0 days 00:30:00,418,3,False,False,,,,Free
2021-05-11 02:45:00,14.217460728218809,102.442955,158.75739203536045,969,490,160.6763612980149,466.08999414719614,153,5.0,26831,2021-05-11 02:45:00,2021-05-11 02:45:00,30.38823638702417,-93.33410110615348,,2021-05-11,22551,0 days 00:45:00,417,5,False,False,,,,Free
2021-05-11 02:45:00,18.237375415220345,25.391022,261.2248915853972,969,491,168.88927073570898,197.96851148661057,247,5.0,26832,2021-05-11 02:45:00,2021-05-11 02:45:00,30.306107292647216,-96.01531585614066,,2021-05-11,22818,0 days 00:00:00,420,3,False,False,,,,Free
2021-05-11 02:45:00,5.210898109234091,13.440001,21.3262769108129,969,500,169.39336492435802,394.72037914879377,20,5.0,26839,2021-05-11 02:45:00,2021-05-11 02:45:00,30.301066350760724,-94.0477972357428,,2021-05-11,22642,0 days 00:30:00,419,3,False,False,,,,Free
2021-05-11 03:00:00,13.204307616130642,16.172308,136.93710688012894,970,478,50.75218940930272,337.5706075420778,132,5.0,26906,2021-05-11 03:00:00,2021-05-11 03:00:00,31.487478105911464,-94.61929493547882,,2021-05-11,22882,0 days 00:00:00,421,3,False,False,,,,Free
2021-05-11 03:00:00,4.187283887660363,9.599999,13.770658026103847,970,506,105.15384615384616,235.46153846153845,13,5.0,26933,2021-05-11 03:00:00,2021-05-11 03:00:00,30.943461538465943,-95.64038559710542,,2021-05-11,22630,0 days 00:45:00,418,3,False,False,,,,Free
2021-05-11 03:00:00,12.045038124849658,45.218697,113.9478773094967,970,531,156.87238860787383,468.1216028605363,108,5.0,26955,2021-05-11 03:00:00,2021-05-11 03:00:00,30.426276113925585,-93.31378501960056,,2021-05-11,22551,0 days 01:00:00,417,5,False,False,,,,Free
2021-05-11 03:00:00,17.97323445136053,21.700844,253.712789536996,970,534,166.12952227859714,201.92609436214,244,5.0,26958,2021-05-11 03:00:00,2021-05-11 03:00:00,30.33370477721834,-95.97574002851628,,2021-05-11,22818,0 days 00:15:00,420,3,False,False,,,,Free
2021-05-11 03:00:00,4.68123301379254,15.6,17.21117021540463,970,564,256.61084905686903,443.278301886262,16,5.0,26983,2021-05-11 03:00:00,2021-05-11 03:00:00,29.42889150943548,-93.56221802224412,,2021-05-11,22942,0 days 00:00:00,423,3,False,False,,,,Free
2021-05-11 03:15:00,9.890922430071477,15.780822,76.83577447953051,971,470,44.666327831574,341.6925031605759,73,5.0,27029,2021-05-11 03:15:00,2021-05-11 03:15:00,31.54833672168876,-94.57807598047168,,2021-05-11,22882,0 days 00:15:00,421,3,False,False,,,,Free
2021-05-11 03:15:00,31.30053939479107,37.947926,769.4732467712138,971,531,163.37165552904523,205.8934392941398,723,5.0,27081,2021-05-11 03:15:00,2021-05-11 03:15:00,30.361283444713862,-95.93606658032996,,2021-05-11,22818,0 days 00:30:00,420,3,False,False,,,,Free
2021-05-11 03:15:00,6.080080738548168,15.288887,29.03411376132977,971,572,253.6177105755164,444.440604751694,27,5.0,27117,2021-05-11 03:15:00,2021-05-11 03:15:00,29.45882289424901,-93.55059499392188,,2021-05-11,22942,0 days 00:15:00,423,3,False,False,,,,Free
2021-05-11 03:30:00,1.6365509566445893,9.6,2.10353114209268,972,501,38.0,346.5,2,5.0,27152,2021-05-11 03:30:00,2021-05-11 03:30:00,31.61500000000451,-94.53000101345128,,2021-05-11,22882,0 days 00:30:00,421,3,False,False,,,,Free
2021-05-11 03:45:00,7.975164852745002,16.340424,49.953879214212485,973,363,137.66679174650423,333.2904315287676,47,5.0,27312,2021-05-11 03:45:00,2021-05-11 03:45:00,30.61833208253931,-94.66209669438882,,2021-05-11,23221,0 days 00:00:00,425,3,False,False,,,,Free
2021-05-11 03:45:00,3.698753844030637,9.6,10.744859484848195,973,394,244.8333333333333,441.5833333333333,12,5.0,27342,2021-05-11 03:45:00,2021-05-11 03:45:00,29.54666666667085,-93.579167707289,,2021-05-11,22942,0 days 00:45:00,423,3,False,False,,,,Free
2021-05-11 04:00:00,10.467018901927034,16.474075,86.04703266272357,974,358,133.36884009824507,336.12739402228067,81,5.0,27395,2021-05-11 04:00:00,2021-05-11 04:00:00,30.66131159902191,-94.63372707026434,,2021-05-11,23221,0 days 00:15:00,425,3,False,False,,,,Free
2021-05-11 04:00:00,4.085815231404576,9.599999,13.11134748697269,974,415,420.38461538461536,66.6923076923077,13,5.0,27441,2021-05-11 04:00:00,2021-05-11 04:00:00,27.79115384615776,-97.32807785657008,,2021-05-11,23327,0 days 00:00:00,426,3,False,False,,,,Free
2021-05-11 04:15:00,3.288643882066943,12.0,8.494221395947863,975,299,127.53868194294324,341.0773638858864,11,5.0,27473,2021-05-11 04:15:00,2021-05-11 04:15:00,30.71961318057494,-94.58422737304284,,2021-05-11,23221,0 days 00:30:00,425,3,False,False,,,,Free
2021-05-11 04:15:00,9.937680688167935,24.338028,77.5639571268011,975,353,419.1410050945072,70.39592133890056,71,5.0,27517,2021-05-11 04:15:00,2021-05-11 04:15:00,27.803589949058843,-97.29104172116246,,2021-05-11,23327,0 days 00:15:00,426,3,False,False,,,,Free
2021-05-11 04:30:00,2.042766646910851,22.4,3.2773845196579834,976,326,419.0,72.0,3,5.0,27589,2021-05-11 04:30:00,2021-05-11 04:30:00,27.805000000003915,-97.27500093500988,,2021-05-11,23327,0 days 00:30:00,426,3,False,False,,,,Free
2021-05-11 04:45:00,7.864667982774232,32.13913,48.5792345478397,977,281,76.143864136169,482.5645626752986,46,5.0,27604,2021-05-11 04:45:00,2021-05-11 04:45:00,31.23356135864276,-93.1693554255802,,2021-05-11,23465,0 days 00:00:00,428,3,False,False,,,,Free
2021-05-11 04:45:00,3.2894106244318246,14.400001,8.498182687512742,977,291,132.25,409.7553191435396,8,5.0,27610,2021-05-11 04:45:00,2021-05-11 04:45:00,30.67250000000436,-93.8974478400918,,2021-05-11,23471,0 days 00:00:00,429,3,False,False,,,,Free
2021-05-11 05:00:00,15.811633678870304,85.78065,196.35563522085545,978,296,72.79993612921024,485.84127995817,186,5.0,27688,2021-05-11 05:00:00,2021-05-11 05:00:00,31.26700063871236,-93.13658825368788,,2021-05-11,23465,0 days 00:15:00,428,3,False,False,,,,Free
2021-05-11 05:00:00,8.930095860064974,14.969492,62.6328426569072,978,308,126.78544710914774,412.63311799405307,59,5.0,27699,2021-05-11 05:00:00,2021-05-11 05:00:00,30.727145528912896,-93.86866985240896,,2021-05-11,23471,0 days 00:15:00,429,3,False,False,,,,Free
2021-05-11 05:15:00,18.69114754079778,115.901535,274.3859141325511,979,292,68.2452404633663,489.0659070743344,264,5.0,27754,2021-05-11 05:15:00,2021-05-11 05:15:00,31.3125475953708,-93.10434198344768,,2021-05-11,23465,0 days 00:30:00,428,3,False,False,,,,Free
2021-05-11 05:15:00,9.282645722971598,17.550001,67.67580536946484,979,299,89.44743278042645,432.6628139717345,85,5.0,27760,2021-05-11 05:15:00,2021-05-11 05:15:00,31.100525672200167,-93.66837289835588,,2021-05-11,23602,0 days 00:00:00,430,3,False,False,,,,Free
2021-05-11 05:15:00,32.26741915756705,130.54007,817.7458384758969,979,305,118.47790074615716,468.536215821608,791,5.0,27763,2021-05-11 05:15:00,2021-05-11 05:15:00,30.810220992542813,-93.30963889010836,,2021-05-11,23605,0 days 00:00:00,431,3,False,False,,,,Free
2021-05-11 05:15:00,,,,979,314,120.5,414.5,2,5.0,27770,2021-05-11 05:15:00,2021-05-11 05:15:00,30.790000000004383,-93.85000103288304,,2021-05-11,23471,0 days 00:30:00,429,3,False,False,,,,Free
2021-05-11 05:30:00,4.340703148832257,9.599999,14.798239580440772,980,294,84.78571428571429,439.0,14,5.0,27838,2021-05-11 05:30:00,2021-05-11 05:30:00,31.14714285714729,-93.60500103988414,,2021-05-11,23602,0 days 00:15:00,430,3,False,False,,,,Free
2021-05-11 05:30:00,28.128370746817414,189.19862,621.4111430500586,980,302,114.81009910084222,472.60164962484913,589,5.0,27843,2021-05-11 05:30:00,2021-05-11 05:30:00,30.84689900899597,-93.26898455323771,,2021-05-11,23605,0 days 00:15:00,431,3,False,False,,,,Free
2021-05-11 05:30:00,2.023455599443218,9.6,3.215712691180788,980,336,220.5,160.25,4,5.0,27870,2021-05-11 05:30:00,2021-05-11 05:30:00,29.790000000004227,-96.39250096022828,,2021-05-11,23698,0 days 00:00:00,432,3,False,False,,,,Free
2021-05-11 05:45:00,27.75822087277893,236.88966,605.1640708208213,981,221,110.24702694310112,475.8326617718794,574,5.0,27897,2021-05-11 05:45:00,2021-05-11 05:45:00,30.892529730573383,-93.23667443269068,,2021-05-11,23605,0 days 00:30:00,431,3,False,False,,,,Free
2021-05-11 05:45:00,4.524403366706724,12.800001,16.07727776702459,981,245,219.70206022354668,164.62916006387047,17,5.0,27915,2021-05-11 05:45:00,2021-05-11 05:45:00,29.79797939776876,-96.348709360841,,2021-05-11,23698,0 days 00:15:00,432,3,False,False,,,,Free
2021-05-11 06:00:00,1.6399570188041712,9.6,2.1122961776092803,982,235,77.0,444.5,2,5.0,27937,2021-05-11 06:00:00,2021-05-11 06:00:00,31.22500000000445,-93.55000104145586,,2021-05-11,23602,0 days 00:45:00,430,3,False,False,,,,Free
2021-05-11 06:00:00,4.524132101839843,10.880001,16.07534996814378,982,281,218.6734693987884,170.2176870674744,15,5.0,27969,2021-05-11 06:00:00,2021-05-11 06:00:00,29.808265306016345,-96.29282409240191,,2021-05-11,23698,0 days 00:30:00,432,3,False,False,,,,Free
2021-05-11 07:00:00,18.53501112647914,56.352757,269.8208981014364,986,176,135.8799264423747,494.9891287286406,258,5.0,28093,2021-05-11 07:00:00,2021-05-11 07:00:00,30.63620073558061,-93.04510976859724,,2021-05-11,23888,0 days 00:00:00,433,3,False,False,,,,Free
2021-05-11 07:15:00,8.058037538556237,20.800001,50.99744917700266,987,224,133.66033756160866,496.214398718974,48,5.0,28122,2021-05-11 07:15:00,2021-05-11 07:15:00,30.65839662438828,-93.03285706904404,,2021-05-11,23888,0 days 00:15:00,433,3,False,False,,,,Free
2021-05-11 07:30:00,2.8483075020899618,11.2,6.371821908931877,988,170,129.3709677460704,498.0,6,5.0,28143,2021-05-11 07:30:00,2021-05-11 07:30:00,30.701290322543663,-93.01500105674404,,2021-05-11,23888,0 days 00:30:00,433,3,False,False,,,,Free
2021-05-11 09:30:00,2.013204085806141,9.6,3.1832114450620312,996,169,121.33333333333331,131.33333333333334,3,5.0,28375,2021-05-11 09:30:00,2021-05-11 09:30:00,30.781666666671047,-96.6816676186317,,2021-05-11,24148,0 days 00:00:00,434,3,False,False,,,,Free
2021-05-11 09:45:00,1.6429754473778515,9.6,2.1200789214003923,997,191,112.0,123.5,2,5.0,28406,2021-05-11 09:45:00,2021-05-11 09:45:00,30.875000000004395,-96.76000094972652,,2021-05-11,24177,0 days 00:00:00,435,3,False,False,,,,Free
2021-05-11 09:45:00,1.6430183026714713,9.6,2.120189522918837,997,192,112.5,133.0,2,5.0,28407,2021-05-11 09:45:00,2021-05-11 09:45:00,30.8700000000044,-96.66500095244128,,2021-05-11,24178,0 days 00:00:00,436,3,False,False,,,,Free
2021-05-11 09:45:00,1.6434464813407017,9.6,2.121294730594416,997,195,117.5,137.0,2,5.0,28410,2021-05-11 09:45:00,2021-05-11 09:45:00,30.820000000004384,-96.62500095358432,,2021-05-11,24181,0 days 00:00:00,437,3,False,False,,,,Free
2021-05-11 10:00:00,5.323147442264105,12.342857,22.25496279097805,998,138,110.30865483252052,127.18561002012312,25,5.0,28445,2021-05-11 10:00:00,2021-05-11 10:00:00,30.89191345167919,-96.72314485057854,,2021-05-11,24178,0 days 00:15:00,436,3,False,False,,,,Free
2021-05-11 10:00:00,2.8457911779925675,9.599999,6.360568568756511,998,139,112.5,120.0,6,5.0,28446,2021-05-11 10:00:00,2021-05-11 10:00:00,30.8700000000044,-96.7950009487264,,2021-05-11,24177,0 days 00:15:00,435,3,False,False,,,,Free
2021-05-11 10:00:00,3.286422143917939,13.2,8.48274824065469,998,141,114.7134146350328,129.21036585764753,8,5.0,28448,2021-05-11 10:00:00,2021-05-11 10:00:00,30.847865853654064,-96.70289729278188,,2021-05-11,24181,0 days 00:15:00,437,3,False,False,,,,Free
2021-05-11 10:00:00,1.6434036997727175,9.6,2.1211842905715166,998,142,116.66666666666669,126.0,3,5.0,28449,2021-05-11 10:00:00,2021-05-11 10:00:00,30.82833333333772,-96.73500095044096,,2021-05-11,24148,0 days 00:30:00,434,3,False,False,,,,Free
2021-05-11 10:15:00,3.285993737816617,9.6,8.480536824055353,999,201,112.25,123.5,8,5.0,28490,2021-05-11 10:15:00,2021-05-11 10:15:00,30.8725000000044,-96.76000094972652,,2021-05-11,24181,0 days 00:30:00,437,3,False,False,,,,Free
2021-05-11 10:15:00,2.0122957350929704,9.6,3.180339585129388,999,202,112.66666666666669,116.33333333333331,3,5.0,28491,2021-05-11 10:15:00,2021-05-11 10:15:00,30.868333333337727,-96.83166761434528,,2021-05-11,24177,0 days 00:30:00,435,3,False,False,,,,Free
2021-05-11 10:15:00,2.0122957350946766,9.6,3.180339585134781,999,203,112.66666666666669,119.33333333333331,3,5.0,28492,2021-05-11 10:15:00,2021-05-11 10:15:00,30.868333333337727,-96.80166761520258,,2021-05-11,24148,0 days 00:45:00,434,3,False,False,,,,Free
2021-05-11 10:30:00,3.484245737230705,9.6,9.534708851613216,1000,178,106.33333333333331,115.88888888888889,9,5.0,28529,2021-05-11 10:30:00,2021-05-11 10:30:00,30.93166666667107,-96.8361120586627,,2021-05-11,24178,0 days 00:45:00,436,3,False,False,,,,Free
2021-05-11 11:00:00,8.999689832508912,13.6,63.61286642115041,1002,221,113.34922481161006,177.02790698534048,60,5.0,28601,2021-05-11 11:00:00,2021-05-11 11:00:00,30.861507751888293,-96.22472189516937,,2021-05-11,24346,0 days 00:00:00,438,3,False,False,,,,Free
2021-05-11 11:15:00,12.070078549246327,18.48889,114.4221421549388,1003,245,107.11754338203622,178.05151848229917,112,5.0,28642,2021-05-11 11:15:00,2021-05-11 11:15:00,30.92382456618404,-96.21448578049228,,2021-05-11,24346,0 days 00:15:00,438,3,False,False,,,,Free
2021-05-11 11:30:00,11.291371278743236,51.33473,100.13439017160508,1004,338,57.23506716707391,222.1677559507844,96,5.0,28693,2021-05-11 11:30:00,2021-05-11 11:30:00,31.42264932833374,-95.77332341841412,,2021-05-11,24432,0 days 00:00:00,439,3,False,False,,,,Free
2021-05-11 11:30:00,2.0084580991577647,9.6,3.168220742713016,1004,341,76.33333333333333,87.66666666666667,3,5.0,28696,2021-05-11 11:30:00,2021-05-11 11:30:00,31.23166666667112,-97.1183342728201,,2021-05-11,24435,0 days 00:00:00,440,3,False,False,,,,Free
2021-05-11 11:30:00,30.133132674215982,44.781006,713.145997166441,1004,343,93.68141606836414,485.5161865463463,674,5.0,28698,2021-05-11 11:30:00,2021-05-11 11:30:00,31.05818583932078,-93.13983918771316,,2021-05-11,24437,0 days 00:00:00,441,3,False,False,,,,Free
2021-05-11 11:30:00,12.010418334065973,11.394392,113.2938017482582,1004,350,100.87372113809496,179.38000587509055,107,5.0,28702,2021-05-11 11:30:00,2021-05-11 11:30:00,30.986262788623463,-96.201200906944,,2021-05-11,24346,0 days 00:30:00,438,3,False,False,,,,Free
2021-05-11 11:45:00,15.27644974106812,85.296555,183.2883039616256,1005,373,51.46427037888893,225.20779298240595,174,5.0,28767,2021-05-11 11:45:00,2021-05-11 11:45:00,31.4803572962156,-95.74292304896665,,2021-05-11,24432,0 days 00:15:00,439,3,False,False,,,,Free
2021-05-11 11:45:00,5.7967114005173785,9.6,26.39084153475412,1005,380,71.83720930232558,86.53488372093024,43,5.0,28773,2021-05-11 11:45:00,2021-05-11 11:45:00,31.2766279069812,-97.1296521019541,,2021-05-11,24435,0 days 00:15:00,440,3,False,False,,,,Free
2021-05-11 11:45:00,26.335162078863725,40.32,544.7056404961727,1005,384,90.16675280013128,488.6052512963613,515,5.0,28777,2021-05-11 11:45:00,2021-05-11 11:45:00,31.09333247200312,-93.1089485410958,,2021-05-11,24437,0 days 00:15:00,441,3,False,False,,,,Free
2021-05-11 11:45:00,5.840851145447285,11.904001,26.79428411121884,1005,437,220.1181923419516,106.43337195732468,25,5.0,28805,2021-05-11 11:45:00,2021-05-11 11:45:00,29.79381807658471,-96.93066722527637,,2021-05-11,24530,0 days 00:00:00,442,3,False,False,,,,Free
2021-05-11 12:00:00,20.01704662910097,98.729095,314.6950292334392,1006,244,44.82359323052281,229.8872221306877,299,5.0,28821,2021-05-11 12:00:00,2021-05-11 12:00:00,31.54676406769927,-95.69612875882098,,2021-05-11,24432,0 days 00:30:00,439,3,False,False,,,,Free
2021-05-11 12:00:00,,,,1006,262,67.71428571428571,84.5,14,5.0,28834,2021-05-11 12:00:00,2021-05-11 12:00:00,31.317857142861605,-97.15000093858193,,2021-05-11,24435,0 days 00:30:00,440,3,False,False,,,,Free
2021-05-11 12:00:00,20.294776876185296,30.023531,323.488199967758,1006,269,84.30692687275993,491.953925709429,306,5.0,28839,2021-05-11 12:00:00,2021-05-11 12:00:00,31.15193073127684,-93.075461797922,,2021-05-11,24437,0 days 00:30:00,441,3,False,False,,,,Free
2021-05-11 12:00:00,8.971350746483626,19.688133,63.21287659438306,1006,296,216.248915283174,107.50194109193008,61,5.0,28855,2021-05-11 12:00:00,2021-05-11 12:00:00,29.832510847172493,-96.91998153423566,,2021-05-11,24530,0 days 00:15:00,442,3,False,False,,,,Free
2021-05-11 12:15:00,8.089560839253979,18.199999,51.39723694774453,1007,249,210.9245580741042,107.2809343461045,48,5.0,28896,2021-05-11 12:15:00,2021-05-11 12:15:00,29.8857544192632,-96.92219160163074,,2021-05-11,24530,0 days 00:30:00,442,3,False,False,,,,Free
2021-05-11 12:30:00,15.67956363870172,54.857147,193.08912994155733,1008,259,119.55225919872996,217.33259863872064,182,5.0,28922,2021-05-11 12:30:00,2021-05-11 12:30:00,30.799477408017083,-95.82167499015304,,2021-05-11,24631,0 days 00:00:00,443,4,False,False,,,,Free
2021-05-11 12:45:00,22.229535288247163,116.695076,388.1062610525585,1009,222,114.74079491086556,218.5553137010384,367,5.0,28968,2021-05-11 12:45:00,2021-05-11 12:45:00,30.84759205089573,-95.80944783987928,,2021-05-11,24631,0 days 00:15:00,443,4,False,False,,,,Free
2021-05-11 13:00:00,28.14427578180555,147.28723,622.1140888669818,1010,257,109.67901142548196,219.07740903491708,587,5.0,29009,2021-05-11 13:00:00,2021-05-11 13:00:00,30.89820988574958,-95.80422688668966,,2021-05-11,24631,0 days 00:30:00,443,4,False,False,,,,Free
2021-05-11 13:15:00,31.03360785854867,220.42354,756.4050462464218,1011,307,105.81889669875868,221.9296432042728,716,5.0,29070,2021-05-11 13:15:00,2021-05-11 13:15:00,30.936811033016816,-95.7757045458112,,2021-05-11,24631,0 days 00:45:00,443,4,False,False,,,,Free
2021-05-11 13:45:00,2.858321556491551,9.599999,6.416704660240244,1013,258,198.11111111111111,97.11111111111111,9,5.0,29193,2021-05-11 13:45:00,2021-05-11 13:45:00,30.01388888889315,-97.02388983107454,,2021-05-11,24870,0 days 00:00:00,444,3,False,False,,,,Free
2021-05-11 14:15:00,1.644385880013675,9.6,2.1237204998614687,1015,177,128.5,169.0,2,5.0,29266,2021-05-11 14:15:00,2021-05-11 14:15:00,30.71000000000437,-96.30500096272868,,2021-05-11,24936,0 days 00:00:00,445,3,False,False,,,,Free
2021-05-11 14:15:00,16.322176958552372,41.877556,209.2406427116688,1015,184,182.06389038918283,107.79164359438082,196,5.0,29271,2021-05-11 14:15:00,2021-05-11 14:15:00,30.174361096112456,-96.91708450929394,,2021-05-11,24870,0 days 00:30:00,444,3,False,False,,,,Free
2021-05-11 14:30:00,1.643959322720214,9.6,2.122618847281289,1016,134,123.5,176.0,2,5.0,29292,2021-05-11 14:30:00,2021-05-11 14:30:00,30.76000000000437,-96.235000964729,,2021-05-11,24936,0 days 00:15:00,445,3,False,False,,,,Free
2021-05-11 14:30:00,23.136378595505672,99.581726,420.4173650810659,1016,140,177.15168588127494,111.36441635154478,396,5.0,29297,2021-05-11 14:30:00,2021-05-11 14:30:00,30.223483141191544,-96.88135678274324,,2021-05-11,24870,0 days 00:45:00,444,3,False,False,,,,Free
2021-05-11 14:45:00,2.598638777082071,9.6,5.303733709558344,1017,219,118.4,185.0,5,5.0,29332,2021-05-11 14:45:00,2021-05-11 14:45:00,30.811000000004384,-96.14500096730086,,2021-05-11,24936,0 days 00:30:00,445,3,False,False,,,,Free
2021-05-11 14:45:00,10.698321445290947,35.314285,89.89202559725628,1017,225,203.0618701924466,62.498242287958426,87,5.0,29336,2021-05-11 14:45:00,2021-05-11 14:45:00,29.964381298079783,-97.37001850941505,,2021-05-11,24993,0 days 00:00:00,446,3,False,False,,,,Free
2021-05-11 15:15:00,17.890037366774436,25.858727,251.36938159673448,1019,165,200.6988680141633,62.97366819598187,241,5.0,29395,2021-05-11 15:15:00,2021-05-11 15:15:00,29.988011319862625,-97.36526425047066,,2021-05-11,24993,0 days 00:30:00,446,3,False,False,,,,Free
2021-05-11 15:45:00,8.963619244428132,22.942373,63.103969941331535,1021,229,198.89835634407828,60.81862835029083,59,5.0,29468,2021-05-11 15:45:00,2021-05-11 15:45:00,30.00601643656348,-97.38681464831176,,2021-05-11,24993,0 days 01:00:00,446,3,False,False,,,,Free
2021-05-11 16:00:00,3.0783532774652667,10.971428,7.442636336630777,1022,271,141.22966506412888,0.440191391926349,7,5.0,29498,2021-05-11 16:00:00,2021-05-11 16:00:00,30.58270334936306,-97.99059900064162,,2021-05-11,25146,0 days 00:00:00,447,3,False,False,,,,Free
2021-05-11 16:15:00,11.279842074676026,25.327665,99.93000748032593,1023,317,140.52344561626643,2.598178823687742,94,5.0,29556,2021-05-11 16:15:00,2021-05-11 16:15:00,30.589765543841686,-97.96901912694068,,2021-05-11,25146,0 days 00:15:00,447,3,False,False,,,,Free
2021-05-11 16:30:00,15.476929619678206,27.932203,188.13062431413607,1024,169,139.0835673501415,7.321162873063241,177,5.0,29587,2021-05-11 16:30:00,2021-05-11 16:30:00,30.604164326502936,-97.92178928779656,,2021-05-11,25146,0 days 00:30:00,447,3,False,False,,,,Free
2021-05-11 16:30:00,6.9881256976082815,11.466668,38.354055972814464,1024,178,161.00859105649369,93.55154640041022,36,5.0,29592,2021-05-11 16:30:00,2021-05-11 16:30:00,30.38491408943938,-97.05948547716434,,2021-05-11,25234,0 days 00:00:00,448,3,False,False,,,,Free
2021-05-11 16:45:00,,,,1025,280,159.5,95.5,2,5.0,29634,2021-05-11 16:45:00,2021-05-11 16:45:00,30.40000000000432,-97.04000094172522,,2021-05-11,25234,0 days 00:15:00,448,3,False,False,,,,Free
2021-05-11 16:45:00,2.613780369990794,15.359999,5.365720732441007,1025,300,232.6370656363548,484.4594594544836,5,5.0,29650,2021-05-11 16:45:00,2021-05-11 16:45:00,29.668629343640657,-93.15040645832984,,2021-05-11,25289,0 days 00:00:00,449,3,False,False,,,,Free
2021-05-11 17:00:00,6.586990887897488,11.1,34.0772081236838,1026,325,156.41641641866204,97.05005004641885,33,5.0,29682,2021-05-11 17:00:00,2021-05-11 17:00:00,30.430835835817703,-97.024500441704,,2021-05-11,25234,0 days 00:30:00,448,3,False,False,,,,Free
2021-05-11 17:00:00,4.373047757063254,24.685717,15.019598444481012,1026,359,230.02104498892612,486.5667634274638,14,5.0,29714,2021-05-11 17:00:00,2021-05-11 17:00:00,29.694789550114947,-93.12933341920224,,2021-05-11,25289,0 days 00:15:00,449,3,False,False,,,,Free
2021-05-11 17:15:00,2.0189396959042583,9.6,3.201375194913399,1027,444,176.66666666666666,393.3333333333333,3,5.0,29765,2021-05-11 17:15:00,2021-05-11 17:15:00,30.228333333337627,-94.06166769350108,,2021-05-11,25394,0 days 00:00:00,450,3,False,False,,,,Free
2021-05-11 17:15:00,1.6517729440701103,9.6,2.1428441097700466,1027,479,216.5,37.0,2,5.0,29794,2021-05-11 17:15:00,2021-05-11 17:15:00,29.83000000000424,-97.62500092500824,,2021-05-11,25419,0 days 00:00:00,452,3,False,False,,,,Free
2021-05-11 17:15:00,2.024162198929927,19.2,3.217958965002988,1027,487,228.0,488.0,3,5.0,29800,2021-05-11 17:15:00,2021-05-11 17:15:00,29.715000000004213,-93.11500105388644,,2021-05-11,25289,0 days 00:30:00,449,3,False,False,,,,Free
2021-05-11 17:15:00,2.867439367854998,19.2,6.457707477217033,1027,500,262.2793427214282,256.82863850238215,6,5.0,29808,2021-05-11 17:15:00,2021-05-11 17:15:00,29.37220657278988,-95.42671460280286,,2021-05-11,25431,0 days 00:00:00,453,3,False,False,,,,Free
2021-05-11 17:30:00,4.9340946281586495,12.266666,19.12074589600336,1028,437,132.10550458882824,412.4663608541509,18,5.0,29836,2021-05-11 17:30:00,2021-05-11 17:30:00,30.67394495411608,-93.87033742376036,,2021-05-11,25457,0 days 00:00:00,454,3,False,False,,,,Free
2021-05-11 17:30:00,10.159775248185504,32.589478,81.06960981573431,1028,454,172.4680465619921,397.3751430780923,76,5.0,29850,2021-05-11 17:30:00,2021-05-11 17:30:00,30.270319534384377,-94.02124959720844,,2021-05-11,25394,0 days 00:15:00,450,3,False,False,,,,Free
2021-05-11 17:30:00,4.670090384483059,9.6,17.12933303825213,1028,491,210.0,43.85714285714285,21,5.0,29874,2021-05-11 17:30:00,2021-05-11 17:30:00,29.89500000000424,-97.55642949839633,,2021-05-11,25419,0 days 00:15:00,452,3,False,False,,,,Free
2021-05-11 17:30:00,7.585057458559871,37.942856,45.1863884432067,1028,531,258.362966171521,259.6618965269504,42,5.0,29904,2021-05-11 17:30:00,2021-05-11 17:30:00,29.41137033828896,-95.39838202336682,,2021-05-11,25431,0 days 00:15:00,453,3,False,False,,,,Free
2021-05-11 17:45:00,11.970870233401111,33.41887,112.54891880909648,1029,384,127.41189751654042,416.0103572176756,106,5.0,29925,2021-05-11 17:45:00,2021-05-11 17:45:00,30.720881024838967,-93.83489746113788,,2021-05-11,25457,0 days 00:15:00,454,3,False,False,,,,Free
2021-05-11 17:45:00,17.28123727241288,40.58182,234.55221988691088,1029,395,166.93119993482793,401.2675956307469,222,5.0,29932,2021-05-11 17:45:00,2021-05-11 17:45:00,30.32568800065603,-93.98232507279424,,2021-05-11,25394,0 days 00:30:00,450,3,False,False,,,,Free
2021-05-11 17:45:00,9.678091988405766,37.28696,73.56468382037767,1029,397,168.02747100997496,489.50992018277753,69,5.0,29934,2021-05-11 17:45:00,2021-05-11 17:45:00,30.31472528990456,-93.09990185249012,,2021-05-11,25543,0 days 00:00:00,457,4,False,False,,,,Free
2021-05-11 17:45:00,2.021766175814454,9.6,3.210345206893193,1029,421,204.0,49.0,4,5.0,29952,2021-05-11 17:45:00,2021-05-11 17:45:00,29.95500000000425,-97.50500092843735,,2021-05-11,25419,0 days 00:30:00,452,3,False,False,,,,Free
2021-05-11 17:45:00,3.5107014480922167,17.066668,9.680051729936196,1029,455,254.9502762494011,261.4419889429987,9,5.0,29979,2021-05-11 17:45:00,2021-05-11 17:45:00,29.44549723751016,-95.38058109971502,,2021-05-11,25431,0 days 00:30:00,453,3,False,False,,,,Free
2021-05-11 18:00:00,11.089171688469069,30.065939,96.58019910300692,1030,373,124.19254712874532,420.6588338486805,91,5.0,29996,2021-05-11 18:00:00,2021-05-11 18:00:00,30.75307452871692,-93.78841269615616,,2021-05-11,25457,0 days 00:30:00,454,3,False,False,,,,Free
2021-05-11 18:00:00,15.009010784360846,96.69397,176.92696213886214,1030,387,164.23382680029047,492.10547889419854,167,5.0,30007,2021-05-11 18:00:00,2021-05-11 18:00:00,30.35266173200141,-93.07394626611762,,2021-05-11,25543,0 days 00:15:00,457,4,False,False,,,,Free
2021-05-11 18:15:00,12.704335168009282,117.37814,126.76336729290723,1031,376,159.6903611828882,494.04314662350095,119,5.0,30083,2021-05-11 18:15:00,2021-05-11 18:15:00,30.39809638817544,-93.05456958937832,,2021-05-11,25543,0 days 00:30:00,457,4,False,False,,,,Free
2021-05-11 18:15:00,10.715335767229131,17.028572,90.17817666693855,1031,414,237.41773396816808,59.814581297309246,85,5.0,30110,2021-05-11 18:15:00,2021-05-11 18:15:00,29.62082266032252,-97.39685511855464,,2021-05-11,25695,0 days 00:00:00,459,3,False,False,,,,Free
2021-05-11 18:30:00,7.075645428296603,20.497297,39.32076916240316,1032,322,136.62892869163122,456.6796215007003,41,5.0,30149,2021-05-11 18:30:00,2021-05-11 18:30:00,30.628710713088044,-93.42820482992931,,2021-05-11,25728,0 days 00:00:00,460,3,False,False,,,,Free
2021-05-11 18:30:00,9.530847471021971,34.101494,71.34325499981252,1032,331,155.45420042613128,496.5489793688647,67,5.0,30154,2021-05-11 18:30:00,2021-05-11 18:30:00,30.440457995743014,-93.02951126264075,,2021-05-11,25543,0 days 00:45:00,457,4,False,False,,,,Free
2021-05-11 18:30:00,2.0247999767668583,9.6,3.219987128791105,1032,368,234.3333333333333,61.333333333333336,3,5.0,30173,2021-05-11 18:30:00,2021-05-11 18:30:00,29.65166666667087,-97.38166759862844,,2021-05-11,25695,0 days 00:15:00,459,3,False,False,,,,Free
2021-05-11 18:30:00,,,,1032,370,235.5,175.5,2,5.0,30174,2021-05-11 18:30:00,2021-05-11 18:30:00,29.6400000000042,-96.2400009645861,,2021-05-11,25747,0 days 00:00:00,461,3,False,False,,,,Free
2021-05-11 18:45:00,9.447389732544776,26.327274,70.09927796199369,1033,283,130.9987212092332,459.9605001782875,66,5.0,30208,2021-05-11 18:45:00,2021-05-11 18:45:00,30.68501278791204,-93.39539604409094,,2021-05-11,25728,0 days 00:15:00,460,3,False,False,,,,Free
2021-05-11 18:45:00,11.211908648698518,25.252176,98.72996488882066,1033,309,233.3072133900079,178.2536496421837,92,5.0,30225,2021-05-11 18:45:00,2021-05-11 18:45:00,29.66192786610413,-96.21246446895115,,2021-05-11,25747,0 days 00:15:00,461,3,False,False,,,,Free
2021-05-11 18:45:00,3.5139567173996378,30.933336,9.698011550785152,1033,340,273.9571551080457,344.0625535558187,9,5.0,30248,2021-05-11 18:45:00,2021-05-11 18:45:00,29.255428448923684,-94.55437547719652,,2021-05-11,25809,0 days 00:00:00,462,3,False,False,,,,Free
2021-05-11 19:00:00,7.712162621507621,11.999999,46.71348180043432,1034,219,126.7571428575852,465.0922077908808,44,5.0,30263,2021-05-11 19:00:00,2021-05-11 19:00:00,30.72742857142852,-93.34407896943144,,2021-05-11,25728,0 days 00:30:00,460,3,False,False,,,,Free
2021-05-11 19:00:00,3.6960024093075217,9.6,10.72887962527775,1034,254,230.2,180.6,10,5.0,30284,2021-05-11 19:00:00,2021-05-11 19:00:00,29.69300000000421,-96.18900096604352,,2021-05-11,25747,0 days 00:30:00,461,3,False,False,,,,Free
2021-05-11 19:00:00,,,,1034,255,231.5,68.5,2,5.0,30285,2021-05-11 19:00:00,2021-05-11 19:00:00,29.68000000000421,-97.31000093400974,,2021-05-11,25695,0 days 00:45:00,459,3,False,False,,,,Free
2021-05-11 19:00:00,8.197595988134951,49.763268,52.779212099215925,1034,267,270.1039180717668,346.0142475404912,50,5.0,30295,2021-05-11 19:00:00,2021-05-11 19:00:00,29.29396081928648,-94.53485853790755,,2021-05-11,25809,0 days 00:15:00,462,3,False,False,,,,Free
2021-05-11 19:00:00,,,,1034,270,274.39393940019465,223.26190474961768,18,5.0,30297,2021-05-11 19:00:00,2021-05-11 19:00:00,29.251060606002195,-95.76238193073846,,2021-05-11,25847,0 days 00:00:00,463,3,False,False,,,,Free
2021-05-11 19:15:00,4.967918119378918,14.400001,19.38379195250876,1035,410,267.1869918744713,349.16621499953004,21,5.0,30355,2021-05-11 19:15:00,2021-05-11 19:15:00,29.32313008125944,-94.50333886421788,,2021-05-11,25809,0 days 00:30:00,462,3,False,False,,,,Free
2021-05-11 19:15:00,9.442391455184575,45.04615,70.02512352181769,1035,412,271.9563580402336,223.4005378413829,65,5.0,30356,2021-05-11 19:15:00,2021-05-11 19:15:00,29.275436419601807,-95.7609955998604,,2021-05-11,25847,0 days 00:15:00,463,3,False,False,,,,Free
2021-05-11 19:15:00,6.089254972990363,9.955556,29.12179901999541,1035,419,284.14349775209433,2.0687593425150257,27,5.0,30361,2021-05-11 19:15:00,2021-05-11 19:15:00,29.153565022483185,-97.97431332160112,,2021-05-11,25905,0 days 00:00:00,464,3,False,False,,,,Free
2021-05-11 19:15:00,5.506031877470721,20.07273,23.810434698703645,1035,436,319.81845596685173,263.59710494863185,22,5.0,30374,2021-05-11 19:15:00,2021-05-11 19:15:00,28.79681544033556,-95.35902994027452,,2021-05-11,25916,0 days 00:00:00,465,3,False,False,,,,Free
2021-05-11 19:15:00,2.033610713741515,9.6,3.2480710736207024,1035,439,323.3333333333333,0.3333333333333333,3,5.0,30377,2021-05-11 19:15:00,2021-05-11 19:15:00,28.76166666667073,-97.99166758119702,,2021-05-11,25918,0 days 00:00:00,466,3,False,False,,,,Free
2021-05-11 19:15:00,3.894497406711486,9.599999,11.912220378010089,1035,440,325.6363636363636,249.0909090909091,11,5.0,30378,2021-05-11 19:15:00,2021-05-11 19:15:00,28.738636363640424,-95.50409189470643,,2021-05-11,25919,0 days 00:00:00,467,3,False,False,,,,Free
2021-05-11 19:30:00,12.827216458929133,84.63999,129.22743623898887,1036,461,268.5486405851126,224.0436647401491,153,5.0,30439,2021-05-11 19:30:00,2021-05-11 19:30:00,29.309513594153024,-95.75456433105654,,2021-05-11,25847,0 days 00:30:00,463,3,False,False,,,,Free
2021-05-11 19:30:00,11.359761458842613,13.88936,101.35106228470748,1036,466,279.6701771336944,3.176400212027033,94,5.0,30444,2021-05-11 19:30:00,2021-05-11 19:30:00,29.198298228667188,-97.96323691322247,,2021-05-11,25905,0 days 00:15:00,464,3,False,False,,,,Free
2021-05-11 19:30:00,4.227302587068093,12.553848,14.035133637283955,1036,472,293.82122905524005,62.60707635174668,15,5.0,30448,2021-05-11 19:30:00,2021-05-11 19:30:00,29.05678770945171,-97.36893016880828,,2021-05-11,25980,0 days 00:00:00,468,3,False,False,,,,Free
2021-05-11 19:30:00,7.235731279942117,24.25263,41.12015478314643,1036,485,317.740295234566,263.63422636501093,38,5.0,30460,2021-05-11 19:30:00,2021-05-11 19:30:00,28.817597047658413,-95.35865872612136,,2021-05-11,25916,0 days 00:15:00,465,3,False,False,,,,Free
2021-05-11 19:30:00,3.712735529268821,11.5199995,10.826246457152118,1036,491,322.3839541711704,249.2693409714716,11,5.0,30466,2021-05-11 19:30:00,2021-05-11 19:30:00,28.771160458292364,-95.50230757595182,,2021-05-11,25919,0 days 00:15:00,467,3,False,False,,,,Free
2021-05-11 19:45:00,5.105999194893761,9.600001,20.476294414558595,1037,407,275.57894736842104,6.473684210526316,19,5.0,30523,2021-05-11 19:45:00,2021-05-11 19:45:00,29.23921052631993,-97.93026407417972,,2021-05-11,25905,0 days 00:30:00,464,3,False,False,,,,Free
2021-05-11 19:45:00,6.312923397389288,23.503447,31.300474436328194,1037,414,291.17815876526373,63.57584794102504,29,5.0,30530,2021-05-11 19:45:00,2021-05-11 19:45:00,29.08321841235148,-97.35924245319234,,2021-05-11,25980,0 days 00:15:00,468,3,False,False,,,,Free
2021-05-11 19:45:00,10.433593898214363,19.929111,85.4983511021087,1037,428,318.9693064326312,3.3483127265514123,79,5.0,30541,2021-05-11 19:45:00,2021-05-11 19:45:00,28.80530693567776,-97.9615177881264,,2021-05-11,25918,0 days 00:30:00,466,3,False,False,,,,Free
2021-05-11 19:45:00,5.985013703632977,14.400001,28.13326775844468,1037,430,317.19312602208305,262.93371522966675,26,5.0,30542,2021-05-11 19:45:00,2021-05-11 19:45:00,28.82306873978324,-95.3656638372746,,2021-05-11,25916,0 days 00:30:00,465,3,False,False,,,,Free
2021-05-11 19:45:00,2.34800510795271,9.6,4.330000595542895,1037,434,321.5,249.0,4,5.0,30546,2021-05-11 19:45:00,2021-05-11 19:45:00,28.780000000004065,-95.50500098558956,,2021-05-11,25919,0 days 00:30:00,467,3,False,False,,,,Free
2021-05-11 20:00:00,18.6693276814424,16.088537,273.7456573025065,1038,499,313.4049600022247,3.8743693843270255,255,5.0,30624,2021-05-11 20:00:00,2021-05-11 20:00:00,28.86095039998183,-97.95625722169892,,2021-05-11,25918,0 days 00:45:00,466,3,False,False,,,,Free
2021-05-11 20:15:00,2.870269457790436,9.599999,6.470460954806601,1039,501,282.3333333333333,64.83333333333333,6,5.0,30719,2021-05-11 20:15:00,2021-05-11 20:15:00,29.171666666670795,-97.34666759962856,,2021-05-11,25980,0 days 00:45:00,468,3,False,False,,,,Free
2021-05-11 20:15:00,5.7474869708443945,14.0,25.94453385980653,1039,516,307.2824074076118,181.17407407391056,24,5.0,30729,2021-05-11 20:15:00,2021-05-11 20:15:00,28.92217592592797,-96.18326022546847,,2021-05-11,26222,0 days 00:00:00,471,3,False,False,,,,Free
2021-05-11 20:15:00,3.895952375574707,9.599999,11.921122757700212,1039,529,333.45454545454544,129.72727272727272,11,5.0,30741,2021-05-11 20:15:00,2021-05-11 20:15:00,28.660454545458595,-96.69772822423334,,2021-05-11,26233,0 days 00:00:00,472,3,False,False,,,,Free
2021-05-11 20:30:00,8.05238634033751,16.953192,50.92594401593236,1040,509,332.4193663063692,128.95550018050722,47,5.0,30829,2021-05-11 20:30:00,2021-05-11 20:30:00,28.67080633694036,-96.70544594948046,,2021-05-11,26233,0 days 00:15:00,472,3,False,False,,,,Free
2021-05-11 20:45:00,11.249788866816884,44.660873,99.39822405867974,1041,423,302.726156540724,179.90511949854314,92,5.0,30904,2021-05-11 20:45:00,2021-05-11 20:45:00,28.967738434596857,-96.1959497708595,,2021-05-11,26222,0 days 00:30:00,471,3,False,False,,,,Free
2021-05-11 20:45:00,7.423984439711463,26.4,43.28764778708009,1041,430,318.6063083954769,242.99018691878035,40,5.0,30911,2021-05-11 20:45:00,2021-05-11 20:45:00,28.8089369160493,-95.5650991146844,,2021-05-11,26378,0 days 00:00:00,474,4,False,False,,,,Free
2021-05-11 20:45:00,4.549306699410347,9.6,16.2547507504605,1041,434,332.6,129.26666666666668,15,5.0,30915,2021-05-11 20:45:00,2021-05-11 20:45:00,28.66900000000405,-96.70233428470776,,2021-05-11,26233,0 days 00:30:00,472,3,False,False,,,,Free
2021-05-11 21:00:00,1.1729012527339715,9.6,1.0804701710321676,1042,431,301.5,180.5,2,5.0,30978,2021-05-11 21:00:00,2021-05-11 21:00:00,28.980000000004097,-96.19000096601496,,2021-05-11,26222,0 days 00:45:00,471,3,False,False,,,,Free
2021-05-11 21:00:00,6.097339310547841,24.888887,29.19917687263244,1042,435,311.8808193533268,259.64469274081534,27,5.0,30982,2021-05-11 21:00:00,2021-05-11 21:00:00,28.87619180647081,-95.39855406122324,,2021-05-11,26441,0 days 00:00:00,476,3,False,False,,,,Free
2021-05-11 21:00:00,9.821029900230686,100.25143,75.75371712263897,1042,439,319.2269482317887,242.31117641081872,70,5.0,30985,2021-05-11 21:00:00,2021-05-11 21:00:00,28.802730517686182,-95.57188921956998,,2021-05-11,26378,0 days 00:15:00,474,4,False,False,,,,Free
2021-05-11 21:15:00,16.003724610568437,47.900005,201.15555039895284,1043,268,0.9763500578176628,97.38005050194543,192,5.0,31012,2021-05-11 21:15:00,2021-05-11 21:15:00,31.985236499426392,-97.02120043724308,,2021-05-11,26466,0 days 00:00:00,478,4,False,False,,,,Free
2021-05-11 21:15:00,3.0694215831910663,9.599999,7.399510087725732,1043,289,85.28571428571429,67.42857142857143,7,5.0,31023,2021-05-11 21:15:00,2021-05-11 21:15:00,31.14214285714729,-97.32071521941782,,2021-05-11,26477,0 days 00:00:00,479,3,False,False,,,,Free
2021-05-11 21:15:00,7.604717258959202,126.40001,45.42093027808144,1043,329,311.51616066303444,259.9608927559228,42,5.0,31051,2021-05-11 21:15:00,2021-05-11 21:15:00,28.87983839337374,-95.39539206116253,,2021-05-11,26441,0 days 00:15:00,476,3,False,False,,,,Free
2021-05-11 21:15:00,11.19754933955243,185.45934,98.47723606306263,1043,332,319.030593475252,242.7344383836568,91,5.0,31054,2021-05-11 21:15:00,2021-05-11 21:15:00,28.80469406525156,-95.56765659996256,,2021-05-11,26378,0 days 00:30:00,474,4,False,False,,,,Free
2021-05-11 21:30:00,19.770385337474668,66.44642,306.9871164530435,1044,344,1.3887957146396412,106.82935822266182,293,5.0,31074,2021-05-11 21:30:00,2021-05-11 21:30:00,31.98111204285817,-96.92670736273612,,2021-05-11,26466,0 days 00:15:00,478,4,False,False,,,,Free
2021-05-11 21:30:00,7.3378003272846,15.839999,42.28843964652192,1044,364,86.43893805349319,74.7862831798415,44,5.0,31087,2021-05-11 21:30:00,2021-05-11 21:30:00,31.130610619469504,-97.24713810400766,,2021-05-11,26477,0 days 00:15:00,479,3,False,False,,,,Free
2021-05-11 21:30:00,15.61564241232282,223.07794,191.5179975031771,1044,415,317.09614323967486,242.73371627762947,215,5.0,31121,2021-05-11 21:30:00,2021-05-11 21:30:00,28.824038567607325,-95.56766382102262,,2021-05-11,26378,0 days 00:45:00,474,4,False,False,,,,Free
2021-05-11 21:30:00,8.780048253633156,69.08571,60.5457532754855,1044,416,309.1184797289053,260.542186805103,56,5.0,31122,2021-05-11 21:30:00,2021-05-11 21:30:00,28.90381520271504,-95.38957912083686,,2021-05-11,26441,0 days 00:30:00,476,3,False,False,,,,Free
2021-05-11 21:45:00,20.4667271143806,32.529938,328.9930166767254,1045,370,1.6895132583052377,113.85420302335824,315,5.0,31156,2021-05-11 21:45:00,2021-05-11 21:45:00,31.978104867421514,-96.8564589167366,,2021-05-11,26466,0 days 00:30:00,478,4,False,False,,,,Free
2021-05-11 21:45:00,4.640963877185234,10.200001,16.916334242366215,1045,405,86.93990385083801,83.165865385442,16,5.0,31179,2021-05-11 21:45:00,2021-05-11 21:45:00,31.12560096149605,-97.16334228434624,,2021-05-11,26477,0 days 00:30:00,479,3,False,False,,,,Free
2021-05-11 22:00:00,18.660237528428407,31.632183,273.4791469972725,1046,403,3.823020288514676,121.08065452921691,262,5.0,31246,2021-05-11 22:00:00,2021-05-11 22:00:00,31.956769797119417,-96.78419440374302,,2021-05-11,26466,0 days 00:45:00,478,4,False,False,,,,Free
2021-05-11 22:00:00,7.131876378323494,23.35135,39.94822567835687,1046,479,294.17172312961,391.8733431486033,37,5.0,31295,2021-05-11 22:00:00,2021-05-11 22:00:00,29.05328276870801,-94.07626759493117,,2021-05-11,26709,0 days 00:00:00,482,3,False,False,,,,Free
2021-05-11 22:00:00,2.0328303074447094,9.6,3.245578631258505,1046,486,315.3333333333333,437.6666666666667,3,5.0,31301,2021-05-11 22:00:00,2021-05-11 22:00:00,28.841666666670744,-93.61833437283644,,2021-05-11,26714,0 days 00:00:00,483,3,False,False,,,,Free
2021-05-11 22:00:00,3.33189049304578,9.6,8.719093200924728,1046,525,393.5,167.75,8,5.0,31333,2021-05-11 22:00:00,2021-05-11 22:00:00,28.06000000000396,-96.31750096237148,,2021-05-11,26742,0 days 00:00:00,484,3,False,False,,,,Free
2021-05-11 22:00:00,6.971327522792466,25.782858,38.169885337760654,1046,527,400.3251366175536,75.88333333059738,36,5.0,31335,2021-05-11 22:00:00,2021-05-11 22:00:00,27.991748633828408,-97.23616760281362,,2021-05-11,26744,0 days 00:00:00,485,3,False,False,,,,Free
2021-05-11 22:15:00,9.523955388740196,24.727272,71.24011080380045,1047,497,292.06175114658936,396.3023041484065,66,5.0,31400,2021-05-11 22:15:00,2021-05-11 22:15:00,29.07438248853822,-94.03197798619874,,2021-05-11,26709,0 days 00:15:00,482,3,False,False,,,,Free
2021-05-11 22:15:00,8.130254105578121,23.800001,51.91562899110167,1047,503,312.65846630849137,439.6141400707632,48,5.0,31406,2021-05-11 22:15:00,2021-05-11 22:15:00,28.868415336919167,-93.598859639352,,2021-05-11,26714,0 days 00:15:00,483,3,False,False,,,,Free
2021-05-11 22:15:00,5.128807767730422,15.157896,20.65963881431546,1047,522,368.1626943086598,263.9699481922635,19,5.0,31424,2021-05-11 22:15:00,2021-05-11 22:15:00,28.3133730569174,-95.35530150794476,,2021-05-11,26819,0 days 00:00:00,486,3,False,False,,,,Free
2021-05-11 22:15:00,20.59815014720208,43.41961,333.23170902214883,1047,524,384.3905283101864,228.21044400703465,308,5.0,31426,2021-05-11 22:15:00,2021-05-11 22:15:00,28.151094716902104,-95.71289653957837,,2021-05-11,26820,0 days 00:00:00,487,8,False,False,,,,Free
2021-05-11 22:15:00,6.66215195511644,13.5,34.85932309956165,1047,531,388.3470588212607,304.9963235156192,32,5.0,31431,2021-05-11 22:15:00,2021-05-11 22:15:00,28.11152941179136,-94.94503776643496,,2021-05-11,26824,0 days 00:00:00,488,4,False,False,,,,Free
2021-05-11 22:15:00,7.449674793342345,19.439999,43.58775593802655,1047,534,391.73961218644473,165.49099723072874,40,5.0,31434,2021-05-11 22:15:00,2021-05-11 22:15:00,28.07760387813951,-96.34009098941868,,2021-05-11,26742,0 days 00:15:00,484,3,False,False,,,,Free
2021-05-11 22:15:00,6.971392157990863,35.931427,38.17059313108712,1047,539,400.18763558892783,73.40148226775901,36,5.0,31439,2021-05-11 22:15:00,2021-05-11 22:15:00,27.993123644114664,-97.26098611273278,,2021-05-11,26744,0 days 00:15:00,485,3,False,False,,,,Free
2021-05-11 22:15:00,3.728154983075608,10.559999,10.91635869723364,1047,550,410.8345323728668,113.33093525426654,10,5.0,31449,2021-05-11 22:15:00,2021-05-11 22:15:00,27.88665467627526,-96.861691594278,,2021-05-11,26834,0 days 00:00:00,489,3,False,False,,,,Free
2021-05-11 22:30:00,9.155269324976054,42.177055,65.83125442454119,1048,555,290.7118793438345,401.4035629331107,61,5.0,31501,2021-05-11 22:30:00,2021-05-11 22:30:00,29.08788120656577,-93.98096539980946,,2021-05-11,26709,0 days 00:30:00,482,3,False,False,,,,Free
2021-05-11 22:30:00,3.318846193698928,9.6,8.650956611405716,1048,564,310.625,441.75,8,5.0,31508,2021-05-11 22:30:00,2021-05-11 22:30:00,28.888750000004084,-93.57750104066996,,2021-05-11,26714,0 days 00:30:00,483,3,False,False,,,,Free
2021-05-11 22:30:00,9.912633342207217,30.422546,77.1734589797685,1048,582,365.54951367416345,264.2712202305419,72,5.0,31525,2021-05-11 22:30:00,2021-05-11 22:30:00,28.339504863262363,-95.35228878764804,,2021-05-11,26819,0 days 00:15:00,486,3,False,False,,,,Free
2021-05-11 22:30:00,21.649063281180045,71.57397,368.10193564167474,1048,587,384.4692349202935,227.67130637209007,341,5.0,31530,2021-05-11 22:30:00,2021-05-11 22:30:00,28.150307650801032,-95.71828791577376,,2021-05-11,26820,0 days 00:15:00,487,8,False,False,,,,Free
2021-05-11 22:30:00,8.410763788334283,20.70588,55.55981024597345,1048,590,388.9451566696637,163.89031339366772,60,5.0,31532,2021-05-11 22:30:00,2021-05-11 22:30:00,28.105548433307327,-96.35609782733184,,2021-05-11,26742,0 days 00:30:00,484,3,False,False,,,,Free
2021-05-11 22:30:00,6.450345254375865,19.519995,32.678025178132216,1048,595,387.6115702416373,305.9407713498804,30,5.0,31536,2021-05-11 22:30:00,2021-05-11 22:30:00,28.11888429758759,-94.9355932883622,,2021-05-11,26824,0 days 00:15:00,488,4,False,False,,,,Free
2021-05-11 22:30:00,3.33297402886707,20.400002,8.724765047580291,1048,605,401.006493499959,69.64448052890528,8,5.0,31544,2021-05-11 22:30:00,2021-05-11 22:30:00,27.98493506500436,-97.29855612904772,,2021-05-11,26744,0 days 00:30:00,485,3,False,False,,,,Free
2021-05-11 22:30:00,4.565630864632653,13.4400015,16.37161308591159,1048,612,409.4566712465769,111.48005502451218,17,5.0,31551,2021-05-11 22:30:00,2021-05-11 22:30:00,27.90043328753816,-96.88020039604665,,2021-05-11,26834,0 days 00:15:00,489,3,False,False,,,,Free
2021-05-11 22:45:00,125.0577295428225,88.746956,12283.18408980832,1049,340,42.25846810313543,120.261756462068,12044,5.0,31567,2021-05-11 22:45:00,2021-05-11 22:45:00,31.57241531897315,-96.79238338418054,,2021-05-11,26926,0 days 00:00:00,490,3,False,False,,,,Free
2021-05-11 22:45:00,5.260701538029689,9.600001,21.7358789920277,1049,414,363.04761904761904,266.7142857142857,21,5.0,31617,2021-05-11 22:45:00,2021-05-11 22:45:00,28.36452380952781,-95.32785813350876,,2021-05-11,26819,0 days 00:30:00,486,3,False,False,,,,Free
2021-05-11 22:45:00,21.127450670692543,85.9528,350.5775277623763,1049,418,383.4821138051212,227.0940635337176,324,5.0,31621,2021-05-11 22:45:00,2021-05-11 22:45:00,28.16017886195276,-95.7240603439925,,2021-05-11,26820,0 days 00:30:00,487,8,False,False,,,,Free
2021-05-11 22:45:00,4.710770407515558,15.6,17.42905168480308,1049,424,388.2853773507986,306.8867924549521,16,5.0,31627,2021-05-11 22:45:00,2021-05-11 22:45:00,28.112146226495977,-94.92613307758182,,2021-05-11,26824,0 days 00:30:00,488,4,False,False,,,,Free
2021-05-11 22:45:00,3.1182793975450096,9.599999,7.636949732955566,1049,436,404.55555555555554,245.0,9,5.0,31637,2021-05-11 22:45:00,2021-05-11 22:45:00,27.949444444448385,-95.54500098444652,,2021-05-11,26979,0 days 00:00:00,491,3,False,False,,,,Free
2021-05-11 22:45:00,1.6669888173250549,9.6,2.1825050349538064,1049,440,407.0,110.5,2,5.0,31641,2021-05-11 22:45:00,2021-05-11 22:45:00,27.925000000003934,-96.8900009460117,,2021-05-11,26834,0 days 00:30:00,489,3,False,False,,,,Free
2021-05-11 23:00:00,125.91202264718648,88.03299,12451.574813758429,1050,331,42.53048940408698,125.1186548315053,11862,5.0,31650,2021-05-11 23:00:00,2021-05-11 23:00:00,31.569695105963632,-96.74381440187403,,2021-05-11,26926,0 days 00:15:00,490,3,False,False,,,,Free
2021-05-11 23:00:00,18.40661534318609,24.190475,266.0956375357361,1050,345,75.06742546643507,134.4408842034513,255,5.0,31660,2021-05-11 23:00:00,2021-05-11 23:00:00,31.244325745340102,-96.65059211081854,,2021-05-11,26996,0 days 00:00:00,492,3,False,False,,,,Free
2021-05-11 23:00:00,23.868495523182585,133.02191,447.4453223636619,1050,407,382.5998183186793,227.1891960582793,412,5.0,31701,2021-05-11 23:00:00,2021-05-11 23:00:00,28.16900181681718,-95.7231090187741,,2021-05-11,26820,0 days 00:45:00,487,8,False,False,,,,Free
2021-05-11 23:00:00,4.24608834212035,9.599999,14.160152568023229,1050,410,387.1538461538461,308.2307692307692,13,5.0,31703,2021-05-11 23:00:00,2021-05-11 23:00:00,28.123461538465502,-94.91269331020771,,2021-05-11,26824,0 days 00:45:00,488,4,False,False,,,,Free
2021-05-11 23:00:00,2.041352543740049,9.6,3.2728485578891915,1050,423,404.0,244.0,3,5.0,31712,2021-05-11 23:00:00,2021-05-11 23:00:00,27.95500000000394,-95.55500098416076,,2021-05-11,26979,0 days 00:15:00,491,3,False,False,,,,Free
2021-05-11 23:15:00,127.84612030558864,92.492355,12837.042758195805,1051,239,43.9690647941142,132.27970789666935,12250,5.0,31726,2021-05-11 23:15:00,2021-05-11 23:15:00,31.55530935206336,-96.67220387326876,,2021-05-11,26926,0 days 00:30:00,490,3,False,False,,,,Free
2021-05-11 23:15:00,26.585973661755425,189.00706,555.1304139635189,1051,290,381.5095989350148,228.6114492604433,510,5.0,31759,2021-05-11 23:15:00,2021-05-11 23:15:00,28.179904010653825,-95.70888648715884,,2021-05-11,26820,0 days 01:00:00,487,8,False,False,,,,Free
2021-05-11 23:15:00,5.651907696674503,9.600002,25.088806535908315,1051,300,402.88,245.08,25,5.0,31764,2021-05-11 23:15:00,2021-05-11 23:15:00,27.96620000000394,-95.5442009844694,,2021-05-11,26979,0 days 00:30:00,491,3,False,False,,,,Free
2021-05-11 23:30:00,4.181817604827351,12.553846,13.734727728458534,1052,299,80.1873727119223,149.33604887706798,13,5.0,31787,2021-05-11 23:30:00,2021-05-11 23:30:00,31.193126272885223,-96.5016404683388,,2021-05-11,26996,0 days 00:30:00,492,3,False,False,,,,Free
2021-05-11 23:30:00,1.6402604870206805,9.6,2.1130779957364125,1052,300,80.5,153.0,2,5.0,31788,2021-05-11 23:30:00,2021-05-11 23:30:00,31.19000000000445,-96.46500095815652,,2021-05-11,27098,0 days 00:00:00,493,3,False,False,,,,Free
2021-05-11 23:30:00,30.718188410269093,220.08104,741.1072826873778,1052,338,380.5038565167012,230.2576539685674,683,5.0,31811,2021-05-11 23:30:00,2021-05-11 23:30:00,28.189961434836963,-95.69242444054804,,2021-05-11,26820,0 days 01:15:00,487,8,False,False,,,,Free
2021-05-11 23:45:00,10.567139683971403,19.431324,87.70104695718493,1053,247,81.34312907071138,157.4416430172222,83,5.0,31850,2021-05-11 23:45:00,2021-05-11 23:45:00,31.181568709297327,-96.42058452925352,,2021-05-11,26996,0 days 00:45:00,492,3,False,False,,,,Free
2021-05-11 23:45:00,35.99206825729658,214.4753,1017.427539691558,1053,281,380.4328821604565,232.48208314028363,940,5.0,31875,2021-05-11 23:45:00,2021-05-11 23:45:00,28.19067117839941,-95.67018014946656,,2021-05-11,26820,0 days 01:30:00,487,8,False,False,,,,Free
2021-05-12 00:00:00,19.443323617737832,46.15516,296.9141469625936,1054,229,82.85983082963345,170.53682795537622,281,5.0,31905,2021-05-12 00:00:00,2021-05-12 00:00:00,31.166401691708103,-96.28963268361412,,2021-05-12,27098,0 days 00:30:00,493,3,False,False,,,,Free
2021-05-12 00:00:00,38.120823548421,213.95464,1141.338402517272,1054,261,379.196861740852,235.26835027915664,1049,5.0,31924,2021-05-12 00:00:00,2021-05-12 00:00:00,28.20303138259546,-95.64231747887402,,2021-05-12,26820,0 days 01:45:00,487,8,False,False,,,,Free
2021-05-12 00:00:00,3.333977628301404,9.6,8.730020106567055,1054,269,407.0,319.875,8,5.0,31931,2021-05-12 00:00:00,2021-05-12 00:00:00,27.925000000003934,-94.79625100584286,,2021-05-12,27220,0 days 00:00:00,495,4,False,False,,,,Free
2021-05-12 00:15:00,21.97742490721868,84.1805,379.3529721486169,1055,308,82.61747425734295,180.79066903284297,359,5.0,31966,2021-05-12 00:15:00,2021-05-12 00:15:00,31.16882525743101,-96.18709427576954,,2021-05-12,27098,0 days 00:45:00,493,3,False,False,,,,Free
2021-05-12 00:15:00,4.859642487075817,12.423531,18.54806128182632,1055,363,405.2250396167771,320.8874801916115,17,5.0,32006,2021-05-12 00:15:00,2021-05-12 00:15:00,27.94274960383617,-94.78612620421607,,2021-05-12,27220,0 days 00:15:00,495,4,False,False,,,,Free
2021-05-12 00:15:00,2.889970276499027,9.599999,6.55958906835955,1055,367,427.0,244.5,6,5.0,32010,2021-05-12 00:15:00,2021-05-12 00:15:00,27.725000000003902,-95.55000098430368,,2021-05-12,27288,0 days 00:00:00,496,3,False,False,,,,Free
2021-05-12 00:30:00,2.635667587234766,13.44,5.4559596889090285,1056,362,405.9178571416407,321.4857143003113,8,5.0,32077,2021-05-12 00:30:00,2021-05-12 00:30:00,27.935821428587527,-94.78014386330004,,2021-05-12,27220,0 days 00:30:00,495,4,False,False,,,,Free
2021-05-12 00:30:00,5.406615578240495,17.37143,22.95836013870668,1056,364,426.9276366432046,245.26866821041008,21,5.0,32079,2021-05-12 00:30:00,2021-05-12 00:30:00,27.725723633571857,-95.5423143024192,,2021-05-12,27288,0 days 00:15:00,496,3,False,False,,,,Free
2021-05-12 00:45:00,15.082715764681552,18.859173,178.6689046682819,1057,213,86.91239005519486,307.56553666369444,169,5.0,32101,2021-05-12 00:45:00,2021-05-12 00:45:00,31.125876099452487,-94.9193456356884,,2021-05-12,27368,0 days 00:00:00,497,3,False,False,,,,Free
2021-05-12 00:45:00,4.349636598054079,14.400002,14.859213738186826,1057,231,124.32674771496822,388.6762917956258,14,5.0,32116,2021-05-12 00:45:00,2021-05-12 00:45:00,30.75173252285469,-94.10823810754732,,2021-05-12,27383,0 days 00:00:00,498,3,False,False,,,,Free
2021-05-12 00:45:00,1.6669116979845655,9.6,2.1823031026386657,1057,255,406.0,320.5,2,5.0,32130,2021-05-12 00:45:00,2021-05-12 00:45:00,27.93500000000393,-94.7900010060215,,2021-05-12,27220,0 days 00:45:00,495,4,False,False,,,,Free
2021-05-12 00:45:00,3.337031103656336,13.200001,8.746018479253328,1057,259,426.9298780474508,244.49085366784428,8,5.0,32133,2021-05-12 00:45:00,2021-05-12 00:45:00,27.725701219529395,-95.5500924476226,,2021-05-12,27288,0 days 00:30:00,496,3,False,False,,,,Free
2021-05-12 01:00:00,5.561722847213187,12.104349,24.294533701156176,1058,244,77.96450429103804,358.5630355042885,23,5.0,32161,2021-05-12 01:00:00,2021-05-12 01:00:00,31.215354957094068,-94.40937066185552,,2021-05-12,27424,0 days 00:00:00,499,4,False,False,,,,Free
2021-05-12 01:00:00,18.74135691786408,22.951723,275.86204070957456,1058,251,84.12563841072262,317.03936840113823,264,5.0,32167,2021-05-12 01:00:00,2021-05-12 01:00:00,31.153743615897213,-94.82460732102118,,2021-05-12,27368,0 days 00:15:00,497,3,False,False,,,,Free
2021-05-12 01:00:00,9.00470226024447,33.920002,63.68374523940638,1058,262,124.21104195862291,395.1556016700384,60,5.0,32172,2021-05-12 01:00:00,2021-05-12 01:00:00,30.752889580418145,-94.04344501065476,,2021-05-12,27383,0 days 00:15:00,498,3,False,False,,,,Free
2021-05-12 01:15:00,24.52304000333661,20.9396,472.3223477404137,1059,210,82.11618244734697,328.04002802556494,447,5.0,32200,2021-05-12 01:15:00,2021-05-12 01:15:00,31.17383817553097,-94.71460072792048,,2021-05-12,27368,0 days 00:30:00,497,3,False,False,,,,Free
2021-05-12 01:15:00,,,,1059,224,123.96993464027844,404.290196091631,27,5.0,32208,2021-05-12 01:15:00,2021-05-12 01:15:00,30.75530065360159,-93.95209906904915,,2021-05-12,27383,0 days 00:30:00,498,3,False,False,,,,Free
2021-05-12 01:30:00,51.39352599349711,36.977238,2074.467860322119,1060,203,15.954592907729282,369.1461574126195,1978,5.0,32226,2021-05-12 01:30:00,2021-05-12 01:30:00,31.83545407092725,-94.30353944579645,,2021-05-12,27479,0 days 00:00:00,500,5,False,False,,,,Free
2021-05-12 01:30:00,12.80708988047619,23.763935,128.82222507526072,1060,219,75.15769701196861,379.9661016670386,122,5.0,32236,2021-05-12 01:30:00,2021-05-12 01:30:00,31.243423029884767,-94.19534000634415,,2021-05-12,27424,0 days 00:30:00,499,4,False,False,,,,Free
2021-05-12 01:45:00,47.22327139412625,39.153503,1751.4672477653496,1061,188,16.095666507623974,383.4291330448108,1674,5.0,32267,2021-05-12 01:45:00,2021-05-12 01:45:00,31.834043334928303,-94.16070969355604,,2021-05-12,27479,0 days 00:15:00,500,5,False,False,,,,Free
2021-05-12 01:45:00,10.68955373564247,17.167059,89.74474562911541,1061,202,74.11951266599668,392.177721901798,85,5.0,32278,2021-05-12 01:45:00,2021-05-12 01:45:00,31.25380487334449,-94.07322380748616,,2021-05-12,27424,0 days 00:45:00,499,4,False,False,,,,Free
2021-05-12 01:45:00,1.6457459146167852,19.2,2.127234915595722,1061,226,144.5,459.0,2,5.0,32292,2021-05-12 01:45:00,2021-05-12 01:45:00,30.550000000004346,-93.40500104559936,,2021-05-12,27540,0 days 00:00:00,501,4,False,False,,,,Free
2021-05-12 02:00:00,44.56280676056564,43.458412,1559.678031200779,1062,214,17.244129717435083,397.7268981329002,1494,5.0,32306,2021-05-12 02:00:00,2021-05-12 02:00:00,31.8225587028302,-94.0177320467609,,2021-05-12,27479,0 days 00:30:00,500,5,False,False,,,,Free
2021-05-12 02:00:00,7.691099372555956,11.563638,46.458665066701656,1062,229,75.02658485610797,403.1329243455484,45,5.0,32319,2021-05-12 02:00:00,2021-05-12 02:00:00,31.24473415144337,-93.96367178617923,,2021-05-12,27424,0 days 01:00:00,499,4,False,False,,,,Free
2021-05-12 02:00:00,8.630101622137467,36.13091,58.49539807052685,1062,249,144.1323443447598,469.0224272824076,55,5.0,32333,2021-05-12 02:00:00,2021-05-12 02:00:00,30.553676556556745,-93.30477677563933,,2021-05-12,27540,0 days 00:15:00,501,4,False,False,,,,Free
2021-05-12 02:15:00,40.84228868971621,38.36154,1310.116821545225,1063,328,19.56086678817475,411.07104571168594,1248,5.0,32355,2021-05-12 02:15:00,2021-05-12 02:15:00,31.79939133212279,-93.88429057478628,,2021-05-12,27479,0 days 00:45:00,500,5,False,False,,,,Free
2021-05-12 02:15:00,12.800917866892377,32.052895,128.69809056159062,1063,372,144.15308912654126,480.64163775750586,123,5.0,32389,2021-05-12 02:15:00,2021-05-12 02:15:00,30.55346910873893,-93.18858467420864,,2021-05-12,27540,0 days 00:30:00,501,4,False,False,,,,Free
2021-05-12 02:30:00,2.0084226737642883,19.2,3.1681089808827183,1064,296,75.69381107340077,468.3127035780026,5,5.0,32454,2021-05-12 02:30:00,2021-05-12 02:30:00,31.238061889270444,-93.31187401248052,,2021-05-12,27690,0 days 00:00:00,502,3,False,False,,,,Free
2021-05-12 02:30:00,12.31650043258455,28.37143,119.14190344866226,1064,318,145.92596271191675,491.8458893272048,112,5.0,32471,2021-05-12 02:30:00,2021-05-12 02:30:00,30.535740372885176,-93.0765421617134,,2021-05-12,27540,0 days 00:45:00,501,4,False,False,,,,Free
2021-05-12 02:45:00,29.593288564905432,33.18229,687.8224382104969,1065,410,22.466269530100966,435.64135622765536,656,5.0,32489,2021-05-12 02:45:00,2021-05-12 02:45:00,31.770337304703524,-93.63858747664784,,2021-05-12,27479,0 days 01:15:00,500,5,False,False,,,,Free
2021-05-12 02:45:00,2.0084935239366355,16.0,3.168332504575561,1065,444,76.86060605710313,477.4303030285516,3,5.0,32517,2021-05-12 02:45:00,2021-05-12 02:45:00,31.22639393943341,-93.22069802058051,,2021-05-12,27690,0 days 00:15:00,502,3,False,False,,,,Free
2021-05-12 03:00:00,2.840413732500016,9.599999,6.336553247293953,1066,368,77.2607142747665,486.97857145046703,8,5.0,32614,2021-05-12 03:00:00,2021-05-12 03:00:00,31.222392857256786,-93.12521533908988,,2021-05-12,27690,0 days 00:30:00,502,3,False,False,,,,Free
2021-05-12 03:00:00,2.3265960259929668,14.400001,4.251398796518054,1066,401,137.75531914353965,471.5,4,5.0,32641,2021-05-12 03:00:00,2021-05-12 03:00:00,30.61744680856896,-93.28000104917136,,2021-05-12,27867,0 days 00:00:00,503,4,False,False,,,,Free
2021-05-12 03:15:00,6.647203196399454,10.181819,34.70306158564512,1067,399,36.42573100106628,471.9415204724023,33,5.0,32679,2021-05-12 03:15:00,2021-05-12 03:15:00,31.63074268999385,-93.27558584457353,,2021-05-12,27899,0 days 00:00:00,504,3,False,False,,,,Free
2021-05-12 03:15:00,4.930681605076695,19.733335,19.09430255380466,1067,434,118.54977375947998,474.0,18,5.0,32704,2021-05-12 03:15:00,2021-05-12 03:15:00,30.809502262409584,-93.25500104988578,,2021-05-12,27919,0 days 00:00:00,505,3,False,False,,,,Free
2021-05-12 03:15:00,8.549162519996807,56.355556,57.40332217573457,1067,441,139.11214481700196,479.1039953466415,54,5.0,32709,2021-05-12 03:15:00,2021-05-12 03:15:00,30.60387855183433,-93.20396109787788,,2021-05-12,27867,0 days 00:15:00,503,4,False,False,,,,Free
2021-05-12 03:15:00,3.683457368462277,19.2,10.656170899955193,1067,445,162.6647887342862,469.8352112657138,10,5.0,32712,2021-05-12 03:15:00,2021-05-12 03:15:00,30.36835211266145,-93.29664893603848,,2021-05-12,27925,0 days 00:00:00,506,4,False,False,,,,Free
2021-05-12 03:30:00,13.34503787691139,13.064661,139.87158714367672,1068,456,37.57848029900553,482.2057681618239,135,5.0,32774,2021-05-12 03:30:00,2021-05-12 03:30:00,31.61921519701445,-93.17294337061242,,2021-05-12,27899,0 days 00:15:00,504,3,False,False,,,,Free
2021-05-12 03:30:00,30.04796193147909,36.876648,709.1203065197114,1068,490,126.42623131003973,286.1149641532906,668,5.0,32799,2021-05-12 03:30:00,2021-05-12 03:30:00,30.73073768690397,-95.13385135466268,,2021-05-12,28003,0 days 00:00:00,507,7,False,False,,,,Free
2021-05-12 03:30:00,4.026216255957421,9.599999,12.731632006534648,1068,492,120.05882352941175,480.4117647058824,17,5.0,32801,2021-05-12 03:30:00,2021-05-12 03:30:00,30.794411764710265,-93.1908834046592,,2021-05-12,27919,0 days 00:15:00,505,3,False,False,,,,Free
2021-05-12 03:30:00,12.423165460308388,51.873688,121.21445700643976,1068,500,141.0635900862159,489.2352720907492,114,5.0,32807,2021-05-12 03:30:00,2021-05-12 03:30:00,30.58436409914219,-93.10264833333196,,2021-05-12,27867,0 days 00:30:00,503,4,False,False,,,,Free
2021-05-12 03:45:00,4.3297738599062425,9.599999,14.723813563163256,1069,505,37.42857142857143,492.07142857142856,14,5.0,32871,2021-05-12 03:45:00,2021-05-12 03:45:00,31.6207142857188,-93.07428676933564,,2021-05-12,27899,0 days 00:30:00,504,3,False,False,,,,Free
2021-05-12 03:45:00,29.75555319689898,31.3942,695.3859937154631,1069,537,127.9440080024536,294.57498182794063,655,5.0,32894,2021-05-12 03:45:00,2021-05-12 03:45:00,30.715559919979835,-95.04925118033373,,2021-05-12,28003,0 days 00:15:00,507,7,False,False,,,,Free
2021-05-12 03:45:00,2.599044305608407,9.6,5.305389178687937,1069,539,121.4,484.2,5,5.0,32896,2021-05-12 03:45:00,2021-05-12 03:45:00,30.78100000000438,-93.15300105280056,,2021-05-12,27919,0 days 00:30:00,505,3,False,False,,,,Free
2021-05-12 03:45:00,17.396414941743625,61.51749,237.6891717483294,1069,543,166.20949899481235,490.4202040145123,223,5.0,32900,2021-05-12 03:45:00,2021-05-12 03:45:00,30.332905010056187,-93.09079901443287,,2021-05-12,27925,0 days 00:30:00,506,4,False,False,,,,Free
2021-05-12 03:45:00,1.6573660179543976,9.6,2.157380462166977,1069,582,285.0,313.5,2,5.0,32929,2021-05-12 03:45:00,2021-05-12 03:45:00,29.145000000004124,-94.86000100402111,,2021-05-12,28120,0 days 00:00:00,508,4,False,False,,,,Free
2021-05-12 04:00:00,33.3968919147869,27.042912,875.9957183076302,1070,586,128.7135393991994,302.43236883801785,825,5.0,33005,2021-05-12 04:00:00,2021-05-12 04:00:00,30.70786460601237,-94.97067731247824,,2021-05-12,28003,0 days 00:30:00,507,7,False,False,,,,Free
2021-05-12 04:00:00,6.582517271994243,41.7,34.03093613866289,1070,590,143.51430517231353,496.3908378576304,32,5.0,33009,2021-05-12 04:00:00,2021-05-12 04:00:00,30.55985694828121,-93.03109267770787,,2021-05-12,27867,0 days 01:00:00,503,4,False,False,,,,Free
2021-05-12 04:00:00,11.112568045172836,34.6022,96.98816618539956,1070,592,165.83138721044267,493.9332087443268,109,5.0,33011,2021-05-12 04:00:00,2021-05-12 04:00:00,30.336686127899885,-93.05566896813866,,2021-05-12,27925,0 days 00:45:00,506,4,False,False,,,,Free
2021-05-12 04:00:00,3.3154170125656126,9.6,8.633088732329513,1070,636,289.25,321.75,8,5.0,33044,2021-05-12 04:00:00,2021-05-12 04:00:00,29.10250000000412,-94.77750100637866,,2021-05-12,28120,0 days 00:15:00,508,4,False,False,,,,Free
2021-05-12 04:15:00,3.2690422310869023,10.8,8.39326515801273,1071,591,15.0,374.8103448169552,8,5.0,33112,2021-05-12 04:15:00,2021-05-12 04:15:00,31.845000000004543,-94.24689757337173,,2021-05-12,28288,0 days 00:00:00,509,3,False,False,,,,Free
2021-05-12 04:15:00,32.90980839231055,26.546816,850.6297914614902,1071,616,129.4850664286456,312.0767401509471,815,5.0,33133,2021-05-12 04:15:00,2021-05-12 04:15:00,30.70014933571791,-94.87423360210494,,2021-05-12,28003,0 days 00:45:00,507,7,False,False,,,,Free
2021-05-12 04:15:00,5.587128342004574,24.626085,24.51699151122721,1071,620,166.08595480587903,497.6158617521999,23,5.0,33136,2021-05-12 04:15:00,2021-05-12 04:15:00,30.33414045194552,-93.01884243911228,,2021-05-12,27925,0 days 01:00:00,506,4,False,False,,,,Free
2021-05-12 04:15:00,2.344609993066646,9.6,4.31748765762016,1071,662,291.5,328.0,4,5.0,33168,2021-05-12 04:15:00,2021-05-12 04:15:00,29.080000000004112,-94.71500100816468,,2021-05-12,28339,0 days 00:00:00,510,3,False,False,,,,Free
2021-05-12 04:15:00,,,,1071,664,294.42857142857144,329.42857142857144,7,5.0,33170,2021-05-12 04:15:00,2021-05-12 04:15:00,29.0507142857184,-94.7007152942872,,2021-05-12,28120,0 days 00:30:00,508,4,False,False,,,,Free
2021-05-12 04:30:00,6.434845956264825,18.27097,32.52117219581849,1072,417,14.754982977007108,379.4837141574428,31,5.0,33246,2021-05-12 04:30:00,2021-05-12 04:30:00,31.84745017023448,-94.20016388130227,,2021-05-12,28288,0 days 00:15:00,509,3,False,False,,,,Free
2021-05-12 04:30:00,32.972295544297786,20.967167,853.8631068725205,1072,436,129.7718770988509,323.657909068952,805,5.0,33265,2021-05-12 04:30:00,2021-05-12 04:30:00,30.697281229015857,-94.75842191623434,,2021-05-12,28003,0 days 01:00:00,507,7,False,False,,,,Free
2021-05-12 04:30:00,1.172617605653875,9.6,1.0799476459674653,1072,478,296.5,337.5,2,5.0,33299,2021-05-12 04:30:00,2021-05-12 04:30:00,29.030000000004108,-94.62000101087938,,2021-05-12,28339,0 days 00:15:00,510,3,False,False,,,,Free
2021-05-12 04:45:00,2.3113739483152704,9.6,4.195950048081303,1073,334,13.5,384.5,4,5.0,33357,2021-05-12 04:45:00,2021-05-12 04:45:00,31.860000000004547,-94.1500010243102,,2021-05-12,28288,0 days 00:30:00,509,3,False,False,,,,Free
2021-05-12 04:45:00,2.0033148763173445,9.6,3.1520152749490262,1073,337,28.33333333333333,399.6666666666667,3,5.0,33360,2021-05-12 04:45:00,2021-05-12 04:45:00,31.711666666671192,-93.99833436197753,,2021-05-12,28509,0 days 00:00:00,511,3,False,False,,,,Free
2021-05-12 04:45:00,29.78511740035201,20.721952,696.7685085034668,1073,352,130.18268691629578,335.0081215628237,657,5.0,33370,2021-05-12 04:45:00,2021-05-12 04:45:00,30.69317313084141,-94.64491979453908,,2021-05-12,28003,0 days 01:15:00,507,7,False,False,,,,Free
2021-05-12 04:45:00,2.031655418850359,9.6,3.241828105333145,1073,381,303.3333333333333,345.3333333333333,3,5.0,33394,2021-05-12 04:45:00,2021-05-12 04:45:00,28.96166666667076,-94.54166767978457,,2021-05-12,28339,0 days 00:30:00,510,3,False,False,,,,Free
2021-05-12 04:45:00,2.3459724883531208,9.6,4.32250705601081,1073,382,303.5,349.0,4,5.0,33395,2021-05-12 04:45:00,2021-05-12 04:45:00,28.960000000004094,-94.50500101416566,,2021-05-12,28120,0 days 01:00:00,508,4,False,False,,,,Free
2021-05-12 05:00:00,4.479950692971643,9.6,15.76290831874195,1074,322,30.0,404.73333333333335,15,5.0,33444,2021-05-12 05:00:00,2021-05-12 05:00:00,31.695000000004523,-93.94766769675874,,2021-05-12,28509,0 days 00:15:00,511,3,False,False,,,,Free
2021-05-12 05:00:00,23.109400179877102,17.79038,419.43747261226224,1074,331,128.29515854901646,345.299592252814,395,5.0,33449,2021-05-12 05:00:00,2021-05-12 05:00:00,30.712048414514204,-94.54200509058006,,2021-05-12,28003,0 days 01:30:00,507,7,False,False,,,,Free
2021-05-12 05:15:00,5.173725908728123,10.080001,21.0230980409993,1075,365,32.63779527411236,412.18897637056176,20,5.0,33515,2021-05-12 05:15:00,2021-05-12 05:15:00,31.6686220472634,-93.873111268517,,2021-05-12,28509,0 days 00:30:00,511,3,False,False,,,,Free
2021-05-12 05:15:00,8.891965149108438,31.117243,62.099111310122886,1075,388,209.62648533903024,493.3939794092104,58,5.0,33530,2021-05-12 05:15:00,2021-05-12 05:15:00,29.89873514661394,-93.06106126133574,,2021-05-12,28662,0 days 00:00:00,514,3,False,False,,,,Free
2021-05-12 05:15:00,2.031066047914356,9.6,3.2399475087372496,1075,415,297.3333333333333,175.33333333333334,3,5.0,33547,2021-05-12 05:15:00,2021-05-12 05:15:00,29.02166666667077,-96.2416676312052,,2021-05-12,28678,0 days 00:00:00,515,3,False,False,,,,Free
2021-05-12 05:30:00,10.112005853259417,324.99197,80.30905323288674,1076,385,210.39524322808512,492.98735797691415,75,5.0,33615,2021-05-12 05:30:00,2021-05-12 05:30:00,29.89104756772339,-93.06512747554244,,2021-05-12,28662,0 days 00:15:00,514,3,False,False,,,,Free
2021-05-12 05:30:00,22.490234802573333,67.04348,397.2627645492199,1076,419,291.5446782737745,185.42532606451613,369,5.0,33637,2021-05-12 05:30:00,2021-05-12 05:30:00,29.07955321726637,-96.14074770677723,,2021-05-12,28678,0 days 00:15:00,515,3,False,False,,,,Free
2021-05-12 05:45:00,13.716527411350071,248.90436,147.767264223208,1077,299,210.47419396972845,492.0098577479762,138,5.0,33699,2021-05-12 05:45:00,2021-05-12 05:45:00,29.890258060306955,-93.07490247755254,,2021-05-12,28662,0 days 00:30:00,514,3,False,False,,,,Free
2021-05-12 05:45:00,10.805173775321778,76.46118,91.69663383270598,1077,327,283.64778902691205,196.88656944689785,85,5.0,33713,2021-05-12 05:45:00,2021-05-12 05:45:00,29.158522109735006,-96.02613527622862,,2021-05-12,28678,0 days 00:30:00,515,3,False,False,,,,Free
2021-05-12 06:15:00,2.6087828831455484,15.359999,5.345222082941835,1079,303,194.5482625454192,431.2741312727096,5,5.0,33855,2021-05-12 06:15:00,2021-05-12 06:15:00,30.049517374550074,-93.68225972494928,,2021-05-12,28958,0 days 00:00:00,517,3,False,False,,,,Free
2021-05-12 06:15:00,9.822281857792904,12.754283,75.77303209978069,1079,324,321.4830105910805,158.1260504223641,71,5.0,33869,2021-05-12 06:15:00,2021-05-12 06:15:00,28.780169894093262,-96.41374045539771,,2021-05-12,28970,0 days 00:00:00,518,3,False,False,,,,Free
2021-05-12 06:30:00,1.6358026256150855,9.6,2.101607856144456,1080,349,29.5,468.0,2,5.0,33920,2021-05-12 06:30:00,2021-05-12 06:30:00,31.70000000000452,-93.3150010481712,,2021-05-12,29015,0 days 00:00:00,519,4,False,False,,,,Free
2021-05-12 06:30:00,,,,1080,380,197.0712223260928,434.0110683352356,34,5.0,33941,2021-05-12 06:30:00,2021-05-12 06:30:00,30.024287776743336,-93.65489035510616,,2021-05-12,28958,0 days 00:15:00,517,3,False,False,,,,Free
2021-05-12 06:30:00,7.140285305313952,9.859461,40.04248411235695,1080,398,318.7908787583013,163.0,37,5.0,33956,2021-05-12 06:30:00,2021-05-12 06:30:00,28.80709121242106,-96.36500096101412,,2021-05-12,28970,0 days 00:15:00,518,3,False,False,,,,Free
2021-05-12 06:45:00,5.086715074935478,13.642106,20.321918495673057,1081,295,199.3434835560016,438.26674785869056,19,5.0,34024,2021-05-12 06:45:00,2021-05-12 06:45:00,30.001565164444244,-93.61233356108772,,2021-05-12,28958,0 days 00:30:00,517,3,False,False,,,,Free
2021-05-12 06:45:00,9.014555578361955,14.806778,63.82319227469442,1081,312,314.7742827412765,168.7798133597171,59,5.0,34036,2021-05-12 06:45:00,2021-05-12 06:45:00,28.84725717259132,-96.3072028290686,,2021-05-12,28970,0 days 00:30:00,518,3,False,False,,,,Free
2021-05-12 07:00:00,8.565252903704781,53.06182,57.61960316719741,1082,292,0.7833093810779196,439.2723008211636,55,5.0,34060,2021-05-12 07:00:00,2021-05-12 07:00:00,31.98716690619379,-93.6022780317503,,2021-05-12,29136,0 days 00:00:00,520,3,False,False,,,,Free
2021-05-12 07:00:00,24.994749608330046,36.426556,490.66769137543713,1082,302,30.791417164317075,483.355529462835,472,5.0,34068,2021-05-12 07:00:00,2021-05-12 07:00:00,31.68708582836135,-93.16144575793088,,2021-05-12,29015,0 days 00:30:00,519,4,False,False,,,,Free
2021-05-12 07:00:00,16.81913694548624,36.149284,222.17607736167253,1082,332,140.99637489561675,427.8300820375768,209,5.0,34090,2021-05-12 07:00:00,2021-05-12 07:00:00,30.58503625104818,-93.71670021631644,,2021-05-12,29163,0 days 00:00:00,521,5,False,False,,,,Free
2021-05-12 07:15:00,8.167127853873989,57.408005,52.387610530427374,1083,322,3.088990465356667,445.6730665993323,51,5.0,34134,2021-05-12 07:15:00,2021-05-12 07:15:00,31.964110095351,-93.53827037579772,,2021-05-12,29136,0 days 00:15:00,520,3,False,False,,,,Free
2021-05-12 07:15:00,25.395365280558945,55.11037,506.5225788813877,1083,334,34.13672476963145,489.8736962860471,484,5.0,34143,2021-05-12 07:15:00,2021-05-12 07:15:00,31.6536327523082,-93.0962640915614,,2021-05-12,29015,0 days 00:45:00,519,4,False,False,,,,Free
2021-05-12 07:15:00,28.34459397523837,41.062183,631.0014568297375,1083,348,119.27444363998896,479.91550492708825,596,5.0,34155,2021-05-12 07:15:00,2021-05-12 07:15:00,30.802255563604493,-93.1958460023053,,2021-05-12,29218,0 days 00:00:00,522,3,False,False,,,,Free
2021-05-12 07:15:00,14.487125211997943,38.02839,164.83685083136606,1083,350,143.63042542486255,434.8559206159499,155,5.0,34157,2021-05-12 07:15:00,2021-05-12 07:15:00,30.55869574575572,-93.6464418325404,,2021-05-12,29163,0 days 00:15:00,521,5,False,False,,,,Free
2021-05-12 07:30:00,6.930449145158975,17.333334,37.72355763865736,1084,291,3.0202702821128287,452.4693693700892,36,5.0,34226,2021-05-12 07:30:00,2021-05-12 07:30:00,31.96479729718344,-93.47030735003229,,2021-05-12,29136,0 days 00:30:00,520,3,False,False,,,,Free
2021-05-12 07:30:00,23.76993758981828,51.025593,443.7577636982516,1084,296,38.67366183976583,495.4546512293112,422,5.0,34229,2021-05-12 07:30:00,2021-05-12 07:30:00,31.60826338160685,-93.04045454372356,,2021-05-12,29015,0 days 01:00:00,519,4,False,False,,,,Free
2021-05-12 07:30:00,6.942696546812645,13.600001,37.857004630774455,1084,299,36.33204134498258,413.328811358704,36,5.0,34232,2021-05-12 07:30:00,2021-05-12 07:30:00,31.63167958655469,-93.8617129189613,,2021-05-12,29286,0 days 00:00:00,523,3,False,False,,,,Free
2021-05-12 07:30:00,9.931363950279804,54.96986,77.4653837298409,1084,313,121.90564175411836,487.2285761215516,73,5.0,34245,2021-05-12 07:30:00,2021-05-12 07:30:00,30.7759435824632,-93.1227152924505,,2021-05-12,29218,0 days 00:15:00,522,3,False,False,,,,Free
2021-05-12 07:30:00,12.150109941837492,22.72294,115.9445386448822,1084,316,146.11160574466092,442.1311729952762,109,5.0,34248,2021-05-12 07:30:00,2021-05-12 07:30:00,30.533883942557733,-93.57368931082613,,2021-05-12,29163,0 days 00:30:00,521,5,False,False,,,,Free
2021-05-12 07:45:00,8.503810410758433,13.866667,56.795904432237215,1085,278,37.96783626010545,420.0388471082099,54,5.0,34308,2021-05-12 07:45:00,2021-05-12 07:45:00,31.61532163740345,-93.79461256338368,,2021-05-12,29286,0 days 00:15:00,523,3,False,False,,,,Free
2021-05-12 07:45:00,5.326832778601071,69.4857,22.28578869428763,1085,283,122.7845222346543,494.1407472899649,21,5.0,34313,2021-05-12 07:45:00,2021-05-12 07:45:00,30.76715477765784,-93.05359358274154,,2021-05-12,29218,0 days 00:30:00,522,3,False,False,,,,Free
2021-05-12 07:45:00,9.455638853949203,17.745453,70.22174775046842,1085,286,148.2503566228185,447.78720875616096,66,5.0,34315,2021-05-12 07:45:00,2021-05-12 07:45:00,30.51249643377616,-93.5171289548336,,2021-05-12,29163,0 days 00:45:00,521,5,False,False,,,,Free
2021-05-12 07:45:00,2.3458308397807417,9.6,4.321985090410496,1085,311,302.25,209.0,4,5.0,34330,2021-05-12 07:45:00,2021-05-12 07:45:00,28.972500000004096,-95.90500097415912,,2021-05-12,29372,0 days 00:00:00,525,3,False,False,,,,Free
2021-05-12 08:00:00,3.6597143091228697,9.6,10.51923723213024,1086,306,39.4,427.8,10,5.0,34374,2021-05-12 08:00:00,2021-05-12 08:00:00,31.601000000004507,-93.7170010366836,,2021-05-12,29286,0 days 00:30:00,523,3,False,False,,,,Free
2021-05-12 08:00:00,2.602862465618997,9.6,5.320988531138815,1086,313,149.8,451.6,5,5.0,34381,2021-05-12 08:00:00,2021-05-12 08:00:00,30.49700000000433,-93.47900104348474,,2021-05-12,29163,0 days 01:00:00,521,5,False,False,,,,Free
2021-05-12 08:15:00,6.028357069336329,9.6,28.54222452144804,1087,335,85.70370370370371,388.55555555555554,27,5.0,34459,2021-05-12 08:15:00,2021-05-12 08:15:00,31.1379629629674,-94.10944546991352,,2021-05-12,29488,0 days 00:00:00,527,3,False,False,,,,Free
2021-05-12 08:15:00,4.182870474065019,9.599999,13.741644669420168,1087,336,85.07692307692308,375.6923076923077,13,5.0,34460,2021-05-12 08:15:00,2021-05-12 08:15:00,31.144230769235207,-94.2380779448702,,2021-05-12,29489,0 days 00:00:00,528,3,False,False,,,,Free
2021-05-12 08:15:00,6.209734368879154,14.4000025,30.285582231158028,1087,389,313.3442249190011,218.48860181715528,28,5.0,34505,2021-05-12 08:15:00,2021-05-12 08:15:00,28.861557750814068,-95.81011495869905,,2021-05-12,29372,0 days 00:30:00,525,3,False,False,,,,Free
2021-05-12 08:30:00,9.708335537133658,9.5999975,74.02517404623724,1088,362,89.14285714285714,395.25714285714287,70,5.0,34544,2021-05-12 08:30:00,2021-05-12 08:30:00,31.10357142857585,-94.0424295988127,,2021-05-12,29488,0 days 00:15:00,527,3,False,False,,,,Free
2021-05-12 08:30:00,1.6408663434172517,9.6,2.1146392822094904,1088,364,87.5,382.0,2,5.0,34545,2021-05-12 08:30:00,2021-05-12 08:30:00,31.12000000000443,-94.17500102359575,,2021-05-12,29489,0 days 00:15:00,528,3,False,False,,,,Free
2021-05-12 08:30:00,12.419752034585814,11.978762,121.14785567132456,1088,391,223.40527515612425,434.03322341812304,113,5.0,34568,2021-05-12 08:30:00,2021-05-12 08:30:00,29.76094724844297,-93.65466880428356,,2021-05-12,29576,0 days 00:00:00,530,3,False,False,,,,Free
2021-05-12 08:30:00,3.105597328701751,9.599999,7.574956973273698,1088,435,318.0,222.0,7,5.0,34604,2021-05-12 08:30:00,2021-05-12 08:30:00,28.81500000000408,-95.77500097787402,,2021-05-12,29372,0 days 00:45:00,525,3,False,False,,,,Free
2021-05-12 08:30:00,4.080383440292635,9.599999,13.076509513594717,1088,455,392.0769230769231,211.15384615384616,13,5.0,34623,2021-05-12 08:30:00,2021-05-12 08:30:00,28.074230769234727,-95.88346251323615,,2021-05-12,29627,0 days 00:00:00,531,3,False,False,,,,Free
2021-05-12 08:45:00,11.66350810291501,11.596038,106.8435408162415,1089,454,92.57370158367472,403.1630141076508,101,5.0,34647,2021-05-12 08:45:00,2021-05-12 08:45:00,31.06926298416768,-93.96337088856684,,2021-05-12,29488,0 days 00:30:00,527,3,False,False,,,,Free
2021-05-12 08:45:00,5.802798297848997,9.6,26.446294591425985,1089,455,92.28,387.72,25,5.0,34648,2021-05-12 08:45:00,2021-05-12 08:45:00,31.072200000004425,-94.11780102523034,,2021-05-12,29489,0 days 00:30:00,528,3,False,False,,,,Free
2021-05-12 08:45:00,6.609918151445604,9.900001,34.31484526966834,1089,494,225.18112244416977,434.58673469542913,32,5.0,34675,2021-05-12 08:45:00,2021-05-12 08:45:00,29.74318877556252,-93.64913369166874,,2021-05-12,29576,0 days 00:15:00,530,3,False,False,,,,Free
2021-05-12 08:45:00,5.890241205973126,9.6,27.24934330543463,1089,571,394.36,215.16,25,5.0,34740,2021-05-12 08:45:00,2021-05-12 08:45:00,28.05140000000395,-95.8434009759194,,2021-05-12,29627,0 days 00:15:00,531,3,False,False,,,,Free
2021-05-12 09:00:00,51.0118699121893,79.35833,2043.771639593076,1090,450,203.82912765130143,455.8952029325184,1913,5.0,34800,2021-05-12 09:00:00,2021-05-12 09:00:00,29.95670872349124,-93.43604901538696,,2021-05-12,29782,0 days 00:00:00,533,3,False,False,,,,Free
2021-05-12 09:00:00,1.6526391842632542,9.6,2.1450922449399847,1090,459,227.0,437.5,2,5.0,34807,2021-05-12 09:00:00,2021-05-12 09:00:00,29.72500000000421,-93.62000103945547,,2021-05-12,29576,0 days 00:30:00,530,3,False,False,,,,Free
2021-05-12 09:00:00,9.856956954615791,9.5999975,76.30897171463371,1090,521,395.8857142857143,216.9142857142857,70,5.0,34858,2021-05-12 09:00:00,2021-05-12 09:00:00,28.036142857146807,-95.82585811927788,,2021-05-12,29627,0 days 00:30:00,531,3,False,False,,,,Free
2021-05-12 09:15:00,6.669292661139485,12.800001,34.93408980568605,1091,440,98.979020981871,292.8648018543518,33,5.0,34883,2021-05-12 09:15:00,2021-05-12 09:15:00,31.005209790185702,-95.06635297958088,,2021-05-12,29856,0 days 00:00:00,536,3,False,False,,,,Free
2021-05-12 09:15:00,52.74120135784657,62.62342,2184.690486696676,1091,465,207.98242725202644,460.0957829111377,2042,5.0,34900,2021-05-12 09:15:00,2021-05-12 09:15:00,29.91517572748398,-93.3940432168011,,2021-05-12,29782,0 days 00:15:00,533,3,False,False,,,,Free
2021-05-12 09:30:00,7.701100057079786,13.527271,46.5795633935406,1092,518,99.10927505658374,298.9546908394961,44,5.0,34989,2021-05-12 09:30:00,2021-05-12 09:30:00,31.003907249438576,-95.00545409146967,,2021-05-12,29856,0 days 00:15:00,536,3,False,False,,,,Free
2021-05-12 09:30:00,12.1331857469898,11.71376,115.62175945578043,1092,525,118.9573601157111,346.18278111096106,110,5.0,34995,2021-05-12 09:30:00,2021-05-12 09:30:00,30.80542639884728,-94.53317320225102,,2021-05-12,29943,0 days 00:00:00,540,5,False,False,,,,Free
2021-05-12 09:30:00,52.541613788448494,57.618965,2168.1868042110623,1092,531,211.4747016789325,462.2699679755258,2030,5.0,35000,2021-05-12 09:30:00,2021-05-12 09:30:00,29.88025298321492,-93.37230136677852,,2021-05-12,29782,0 days 00:30:00,533,3,False,False,,,,Free
2021-05-12 09:30:00,7.57031188035803,23.085714,45.01087183701202,1092,546,219.3798272373021,317.4499491958865,48,5.0,35013,2021-05-12 09:30:00,2021-05-12 09:30:00,29.80120172763121,-94.820501513191,,2021-05-12,29956,0 days 00:00:00,541,4,False,False,,,,Free
2021-05-12 09:30:00,3.110003224797945,10.971428,7.596465329912013,1092,634,347.77990430403685,77.2296650641289,7,5.0,35085,2021-05-12 09:30:00,2021-05-12 09:30:00,28.51720095696366,-97.22270428586302,,2021-05-12,30012,0 days 00:00:00,542,6,False,False,,,,Free
2021-05-12 09:30:00,2.039136942575821,19.2,3.265747979452178,1092,648,380.6666666666667,60.333333333333336,3,5.0,35097,2021-05-12 09:30:00,2021-05-12 09:30:00,28.188333333337308,-97.39166759834268,,2021-05-12,30021,0 days 00:00:00,543,3,False,False,,,,Free
2021-05-12 09:30:00,2.6329000173739203,30.720001,5.444507697041015,1092,650,383.7402799266967,56.22083982458504,5,5.0,35098,2021-05-12 09:30:00,2021-05-12 09:30:00,28.157597200737,-97.43279253225496,,2021-05-12,30022,0 days 00:00:00,544,4,False,False,,,,Free
2021-05-12 09:45:00,8.127428494914122,10.187755,51.87954946347638,1093,538,100.56569629999906,305.4162077125009,49,5.0,35125,2021-05-12 09:45:00,2021-05-12 09:45:00,30.98934303700442,-94.9408389245861,,2021-05-12,29856,0 days 00:30:00,536,3,False,False,,,,Free
2021-05-12 09:45:00,9.22550759418718,25.29524,66.84523012369087,1093,549,121.2835572822994,349.51109769720966,73,5.0,35134,2021-05-12 09:45:00,2021-05-12 09:45:00,30.782164427181385,-94.49989003733964,,2021-05-12,29943,0 days 00:15:00,540,5,False,False,,,,Free
2021-05-12 09:45:00,4.514455784645586,9.6,16.006658853624558,1093,556,176.53333333333333,251.0,15,5.0,35140,2021-05-12 09:45:00,2021-05-12 09:45:00,30.22966666667096,-95.48500098616108,,2021-05-12,30053,0 days 00:00:00,546,3,False,False,,,,Free
2021-05-12 09:45:00,4.664085689670187,18.600002,17.085312351896086,1093,558,183.2840073540208,270.74080881956564,16,5.0,35142,2021-05-12 09:45:00,2021-05-12 09:45:00,30.162159926464074,-95.2875929036066,,2021-05-12,30055,0 days 00:00:00,547,4,False,False,,,,Free
2021-05-12 09:45:00,7.660581262859865,39.069763,46.090702670632325,1093,580,220.49836692553544,318.55715843949065,44,5.0,35164,2021-05-12 09:45:00,2021-05-12 09:45:00,29.79001633074887,-94.8094294210714,,2021-05-12,29956,0 days 00:15:00,541,4,False,False,,,,Free
2021-05-12 09:45:00,8.778279099591774,15.085715,60.521356149331744,1093,637,304.4985835708401,138.23406516350855,56,5.0,35212,2021-05-12 09:45:00,2021-05-12 09:45:00,28.95001416429569,-96.61266030230188,,2021-05-12,30105,0 days 00:00:00,548,4,False,False,,,,Free
2021-05-12 09:45:00,12.698453157015756,13.948718,126.64601350758704,1093,650,321.32349801241725,174.12726626994598,134,5.0,35223,2021-05-12 09:45:00,2021-05-12 09:45:00,28.78176501987989,-96.2537283014944,,2021-05-12,30116,0 days 00:00:00,549,4,False,False,,,,Free
2021-05-12 09:45:00,5.632608899406486,9.600002,24.91776441036655,1093,661,330.0,160.30434782608697,23,5.0,35228,2021-05-12 09:45:00,2021-05-12 09:45:00,28.69500000000405,-96.39195748198296,,2021-05-12,30120,0 days 00:00:00,550,3,False,False,,,,Free
2021-05-12 09:45:00,6.545122850170961,15.7935505,33.6453837779132,1093,671,349.02988642982234,77.34190077312884,31,5.0,35236,2021-05-12 09:45:00,2021-05-12 09:45:00,28.5047011357058,-97.22158192880512,,2021-05-12,30012,0 days 00:15:00,542,6,False,False,,,,Free
2021-05-12 09:45:00,2.6329000173752606,23.040003,5.444507697046556,1093,683,383.7361419075769,56.47228381515382,5,5.0,35246,2021-05-12 09:45:00,2021-05-12 09:45:00,28.1576385809282,-97.43027809242112,,2021-05-12,30022,0 days 00:15:00,544,4,False,False,,,,Free
2021-05-12 09:45:00,12.961736695283426,45.61983,131.95208933979717,1093,685,399.6948931701286,125.54746692826626,121,5.0,35248,2021-05-12 09:45:00,2021-05-12 09:45:00,27.99805106830265,-96.739526281029,,2021-05-12,30136,0 days 00:00:00,551,4,False,False,,,,Free
2021-05-12 10:00:00,9.226687186477992,19.50476,66.8623251525107,1094,500,123.3716349340407,355.30597505755014,63,5.0,35275,2021-05-12 10:00:00,2021-05-12 10:00:00,30.76128365066397,-94.44194126539212,,2021-05-12,29943,0 days 00:30:00,540,5,False,False,,,,Free
2021-05-12 10:00:00,5.710496349816849,10.400001,25.611652336838528,1094,506,176.92901234522478,251.8549382738761,24,5.0,35280,2021-05-12 10:00:00,2021-05-12 10:00:00,30.225709876552045,-95.47645160366665,,2021-05-12,30053,0 days 00:15:00,546,3,False,False,,,,Free
2021-05-12 10:00:00,5.945718181644108,34.707695,27.765053985097943,1094,508,183.61904762372336,271.27413130513327,27,5.0,35282,2021-05-12 10:00:00,2021-05-12 10:00:00,30.15880952376705,-95.2822596789033,,2021-05-12,30055,0 days 00:15:00,547,4,False,False,,,,Free
2021-05-12 10:00:00,7.389020939308555,18.48,42.880878674638346,1094,526,221.1973294077987,321.8586795148571,40,5.0,35299,2021-05-12 10:00:00,2021-05-12 10:00:00,29.78302670592624,-94.77641421126116,,2021-05-12,29956,0 days 00:30:00,541,4,False,False,,,,Free
2021-05-12 10:00:00,9.884412860284057,16.22535,76.73467101814771,1094,576,304.7071518222621,137.33726473681605,71,5.0,35346,2021-05-12 10:00:00,2021-05-12 10:00:00,28.94792848178147,-96.62162830631256,,2021-05-12,30105,0 days 00:15:00,548,4,False,False,,,,Free
2021-05-12 10:00:00,9.019445061720733,14.969492,63.89244628615394,1094,599,325.9187351172825,171.73376402810734,59,5.0,35363,2021-05-12 10:00:00,2021-05-12 10:00:00,28.735812648831235,-96.2776633232288,,2021-05-12,30116,0 days 00:15:00,549,4,False,False,,,,Free
2021-05-12 10:00:00,5.253337440817497,10.560001,21.675068435637773,1094,610,333.5827338135666,157.7482014406999,20,5.0,35370,2021-05-12 10:00:00,2021-05-12 10:00:00,28.659172661868386,-96.41751894510634,,2021-05-12,30120,0 days 00:15:00,550,3,False,False,,,,Free
2021-05-12 10:00:00,7.886068448935579,22.399998,48.84397114309933,1094,617,349.34048531550866,77.28352490152662,45,5.0,35375,2021-05-12 10:00:00,2021-05-12 10:00:00,28.50159514684894,-97.22216568750446,,2021-05-12,30012,0 days 00:30:00,542,6,False,False,,,,Free
2021-05-12 10:00:00,2.039136942575821,9.6,3.265747979452178,1094,630,380.6666666666667,60.333333333333336,3,5.0,35386,2021-05-12 10:00:00,2021-05-12 10:00:00,28.188333333337308,-97.39166759834268,,2021-05-12,30021,0 days 00:30:00,543,3,False,False,,,,Free
2021-05-12 10:00:00,2.632826223292639,32.640003,5.4442025074701945,1094,631,383.45007235710256,56.725036178551285,5,5.0,35387,2021-05-12 10:00:00,2021-05-12 10:00:00,28.160499276432944,-97.42775056885938,,2021-05-12,30022,0 days 00:30:00,544,4,False,False,,,,Free
2021-05-12 10:00:00,12.7474695618795,65.558975,127.62561522925706,1094,636,402.7571344046948,123.38318232352724,117,5.0,35391,2021-05-12 10:00:00,2021-05-12 10:00:00,27.967428655957,-96.7611691264579,,2021-05-12,30136,0 days 00:15:00,551,4,False,False,,,,Free
2021-05-12 10:15:00,19.02118820298633,54.577778,284.1614542601116,1095,439,44.077995021970246,489.2131793713049,271,5.0,35402,2021-05-12 10:15:00,2021-05-12 10:15:00,31.5542200497848,-93.10286926052004,,2021-05-12,30232,0 days 00:00:00,554,3,False,False,,,,Free
2021-05-12 10:15:00,20.398791623647977,30.99871,326.81257931834256,1095,440,60.350292129783554,487.7684194197113,312,5.0,35403,2021-05-12 10:15:00,2021-05-12 10:15:00,31.39149707870664,-93.11731685962314,,2021-05-12,30233,0 days 00:00:00,555,3,False,False,,,,Free
2021-05-12 10:15:00,2.8438569688701465,9.599999,6.3519252860415385,1095,453,99.5,357.0,6,5.0,35411,2021-05-12 10:15:00,2021-05-12 10:15:00,31.00000000000441,-94.42500101645174,,2021-05-12,30239,0 days 00:00:00,556,3,False,False,,,,Free
2021-05-12 10:15:00,9.795981281592397,12.574645,75.3677889334397,1095,460,125.4894012619178,362.5213834142712,71,5.0,35417,2021-05-12 10:15:00,2021-05-12 10:15:00,30.7401059873852,-94.36978718388684,,2021-05-12,29943,0 days 00:45:00,540,5,False,False,,,,Free
2021-05-12 10:15:00,2.606431103789013,9.6,5.335589148868192,1095,469,176.6,254.2,5,5.0,35424,2021-05-12 10:15:00,2021-05-12 10:15:00,30.22900000000429,-95.45300098707554,,2021-05-12,30053,0 days 00:30:00,546,3,False,False,,,,Free
2021-05-12 10:15:00,7.822487250783299,31.573334,48.05953996770906,1095,470,184.76986117914063,273.3667837428536,45,5.0,35425,2021-05-12 10:15:00,2021-05-12 10:15:00,30.14730138821288,-95.26133315512408,,2021-05-12,30055,0 days 00:30:00,547,4,False,False,,,,Free
2021-05-12 10:15:00,4.817056600640454,18.635296,18.22440591774132,1095,483,221.99827437618595,324.4270923259716,17,5.0,35438,2021-05-12 10:15:00,2021-05-12 10:15:00,29.775017256242364,-94.75073008388398,,2021-05-12,29956,0 days 00:45:00,541,4,False,False,,,,Free
2021-05-12 10:15:00,9.674216173898548,20.470589,73.50577427972311,1095,542,306.0083650342701,135.3836502114352,68,5.0,35487,2021-05-12 10:15:00,2021-05-12 10:15:00,28.93491634966139,-96.64116445100808,,2021-05-12,30105,0 days 00:30:00,548,4,False,False,,,,Free
2021-05-12 10:15:00,9.02110468468172,13.016949,63.915961508180914,1095,555,329.6399834002929,168.06885110811135,61,5.0,35497,2021-05-12 10:15:00,2021-05-12 10:15:00,28.698600166001125,-96.31431245138153,,2021-05-12,30116,0 days 00:30:00,549,4,False,False,,,,Free
2021-05-12 10:15:00,2.0348093717118103,9.6,3.2519011809890315,1095,559,335.6666666666667,154.33333333333334,3,5.0,35501,2021-05-12 10:15:00,2021-05-12 10:15:00,28.63833333333738,-96.4516676252042,,2021-05-12,30120,0 days 00:30:00,550,3,False,False,,,,Free
2021-05-12 10:15:00,9.106509929409372,34.559998,65.13190973162938,1095,564,350.3920839050638,77.05796117862984,60,5.0,35506,2021-05-12 10:15:00,2021-05-12 10:15:00,28.491079160953383,-97.22442132466892,,2021-05-12,30012,0 days 00:45:00,542,6,False,False,,,,Free
2021-05-12 10:15:00,1.6648185242729028,14.400001,2.176825822150152,1095,568,379.4303030285516,60.0,3,5.0,35510,2021-05-12 10:15:00,2021-05-12 10:15:00,28.20069696971846,-97.39500093158074,,2021-05-12,30021,0 days 00:45:00,543,3,False,False,,,,Free
2021-05-12 10:15:00,2.0394863878842884,16.0,3.2668673727303137,1095,570,384.1393939428969,56.72121211420625,3,5.0,35512,2021-05-12 10:15:00,2021-05-12 10:15:00,28.153606060575,-97.42778880950176,,2021-05-12,30022,0 days 00:45:00,544,4,False,False,,,,Free
2021-05-12 10:15:00,13.69407571959117,53.40445,147.2839188739639,1095,574,405.9073546803108,122.57123618958612,135,5.0,35514,2021-05-12 10:15:00,2021-05-12 10:15:00,27.93592645320083,-96.76928858756531,,2021-05-12,30136,0 days 00:30:00,551,4,False,False,,,,Free
2021-05-12 10:30:00,14.598778443572147,45.222645,167.3874589630636,1096,391,46.165212512479904,493.3737998965734,159,5.0,35521,2021-05-12 10:30:00,2021-05-12 10:30:00,31.5333478748797,-93.06126305645633,,2021-05-12,30232,0 days 00:15:00,554,3,False,False,,,,Free
2021-05-12 10:30:00,16.54927323829432,30.117647,215.10362747387964,1096,392,62.06455894384698,492.83782196640544,204,5.0,35522,2021-05-12 10:30:00,2021-05-12 10:30:00,31.374354410566003,-93.06662283560485,,2021-05-12,30233,0 days 00:15:00,555,3,False,False,,,,Free
2021-05-12 10:30:00,2.8443785582270182,9.599999,6.354255502003322,1096,398,103.0,362.1666666666667,6,5.0,35527,2021-05-12 10:30:00,2021-05-12 10:30:00,30.96500000000441,-94.37333435126152,,2021-05-12,30239,0 days 00:15:00,556,3,False,False,,,,Free
2021-05-12 10:30:00,7.712153435534079,12.0,46.71337051944263,1096,403,126.83571428328143,368.6201298712357,44,5.0,35531,2021-05-12 10:30:00,2021-05-12 10:30:00,30.72664285717156,-94.30879972105998,,2021-05-12,29943,0 days 01:00:00,540,5,False,False,,,,Free
2021-05-12 10:30:00,6.997283452940561,16.0,38.45464580742346,1096,412,186.35555555716107,276.1727272665971,36,5.0,35539,2021-05-12 10:30:00,2021-05-12 10:30:00,30.131444444432667,-95.23327372068847,,2021-05-12,30055,0 days 00:45:00,547,4,False,False,,,,Free
2021-05-12 10:30:00,9.531266245267974,25.6,71.34952461524486,1096,478,307.20255959303745,133.81597529113262,66,5.0,35599,2021-05-12 10:30:00,2021-05-12 10:30:00,28.92297440407372,-96.65684119976316,,2021-05-12,30105,0 days 00:45:00,548,4,False,False,,,,Free
2021-05-12 10:30:00,4.549465837830201,10.880001,16.25588797894996,1096,488,333.15192744377134,166.73015873702388,15,5.0,35607,2021-05-12 10:30:00,2021-05-12 10:30:00,28.66348072556633,-96.32769937470982,,2021-05-12,30116,0 days 00:45:00,549,4,False,False,,,,Free
2021-05-12 10:30:00,9.10696265389245,15.999999,65.13838587745319,1096,496,351.8127272743036,76.1948484828343,60,5.0,35614,2021-05-12 10:30:00,2021-05-12 10:30:00,28.476872727260982,-97.23305245138027,,2021-05-12,30012,0 days 01:00:00,542,6,False,False,,,,Free
2021-05-12 10:30:00,9.131177218697584,27.999998,65.48524018440277,1096,511,408.4394202850549,123.51999999441615,60,5.0,35623,2021-05-12 10:30:00,2021-05-12 10:30:00,27.910605797153384,-96.75980094978809,,2021-05-12,30136,0 days 00:45:00,551,4,False,False,,,,Free
2021-05-12 11:00:00,4.773718270592621,15.811766,17.89795661092968,1097,340,47.9336234931376,498.41566920018175,17,5.0,35628,2021-05-12 11:00:00,2021-05-12 11:00:00,31.51566376507312,-93.010844364861,,2021-05-12,30232,0 days 00:45:00,554,3,False,False,,,,Free
2021-05-12 11:00:00,4.77727189634391,12.988235,17.924613530868964,1097,342,61.169366718861255,497.8365242913403,17,5.0,35629,2021-05-12 11:00:00,2021-05-12 11:00:00,31.383306332815863,-93.01663581378392,,2021-05-12,30233,0 days 00:45:00,555,3,False,False,,,,Free
2021-05-12 11:00:00,3.284684845893426,9.6,8.473782157846891,1097,351,104.625,368.875,8,5.0,35635,2021-05-12 11:00:00,2021-05-12 11:00:00,30.94875000000441,-94.30625101984516,,2021-05-12,30239,0 days 00:45:00,556,3,False,False,,,,Free
2021-05-12 11:00:00,5.60562160358183,14.191305,24.679561432471367,1097,383,231.46641438057773,237.46830652624467,23,5.0,35662,2021-05-12 11:00:00,2021-05-12 11:00:00,29.68033585619843,-95.6203179170318,,2021-05-12,30396,0 days 00:00:00,557,3,False,False,,,,Free
2021-05-12 11:00:00,14.77842815559443,27.230186,171.53248157674395,1097,400,285.0757087881475,161.00837426509293,159,5.0,35677,2021-05-12 11:00:00,2021-05-12 11:00:00,29.14424291212265,-96.38491721779404,,2021-05-12,30409,0 days 00:00:00,558,7,False,False,,,,Free
2021-05-12 11:00:00,3.122035640973748,9.599999,7.655359577712284,1097,451,430.57142857142856,272.2857142857143,7,5.0,35722,2021-05-12 11:00:00,2021-05-12 11:00:00,27.68928571428961,-95.27214384938657,,2021-05-12,30451,0 days 00:00:00,559,3,False,False,,,,Free
2021-05-12 11:15:00,5.471452638859485,40.14546,23.512303009336204,1098,408,191.8098810091,433.7144335204114,22,5.0,35735,2021-05-12 11:15:00,2021-05-12 11:15:00,30.07690118991327,-93.6578567031696,,2021-05-12,30461,0 days 00:00:00,560,3,False,False,,,,Free
2021-05-12 11:15:00,6.914980430305906,20.571428,37.55534812693845,1098,427,231.24220183529903,238.37357797543152,35,5.0,35752,2021-05-12 11:15:00,2021-05-12 11:15:00,29.682577981651217,-95.61126520279862,,2021-05-12,30396,0 days 00:15:00,557,3,False,False,,,,Free
2021-05-12 11:15:00,14.545048012541708,29.236366,166.15759584434537,1098,451,285.9457186230992,159.5431357247898,154,5.0,35773,2021-05-12 11:15:00,2021-05-12 11:15:00,29.13554281377313,-96.3995696027784,,2021-05-12,30409,0 days 00:15:00,558,7,False,False,,,,Free
2021-05-12 11:15:00,6.421580996194452,14.400001,32.38723040075155,1098,455,294.66869443310617,144.35657463234062,47,5.0,35776,2021-05-12 11:15:00,2021-05-12 11:15:00,29.04831305567305,-96.55143520936316,,2021-05-12,30493,0 days 00:00:00,561,3,False,False,,,,Free
2021-05-12 11:15:00,21.9380387692134,18.896551,377.9944999584638,1098,487,357.2001631319251,493.32530069710657,363,5.0,35803,2021-05-12 11:15:00,2021-05-12 11:15:00,28.42299836868476,-93.06174804843717,,2021-05-12,30520,0 days 00:00:00,563,3,False,False,,,,Free
2021-05-12 11:15:00,1.662704207144987,9.6,2.1713002018270493,1098,495,352.3333333333333,83.0,3,5.0,35808,2021-05-12 11:15:00,2021-05-12 11:15:00,28.47166666667069,-97.16500093815324,,2021-05-12,30012,0 days 01:45:00,542,6,False,False,,,,Free
2021-05-12 11:15:00,6.0173734897965,19.569231,28.438312229170705,1098,519,432.2513199564321,272.08764518261944,26,5.0,35824,2021-05-12 11:15:00,2021-05-12 11:15:00,27.67248680043957,-95.2741245403609,,2021-05-12,30451,0 days 00:15:00,559,3,False,False,,,,Free
2021-05-12 11:30:00,1.6454914822910465,9.6,2.1265772253842314,1099,411,141.5,480.0,2,5.0,35831,2021-05-12 11:30:00,2021-05-12 11:30:00,30.580000000004347,-93.19500105160034,,2021-05-12,30544,0 days 00:00:00,564,5,False,False,,,,Free
2021-05-12 11:30:00,12.220802664319915,99.927284,117.29765885594888,1099,414,170.3169316210373,490.7610419411215,110,5.0,35833,2021-05-12 11:30:00,2021-05-12 11:30:00,30.29183068379393,-93.08739063526424,,2021-05-12,30546,0 days 00:00:00,565,4,False,False,,,,Free
2021-05-12 11:30:00,5.345855876145024,14.628572,22.445246196353896,1099,424,192.4441147355973,437.3244312573483,21,5.0,35842,2021-05-12 11:30:00,2021-05-12 11:30:00,30.070558852648297,-93.62175672683183,,2021-05-12,30461,0 days 00:15:00,560,3,False,False,,,,Free
2021-05-12 11:30:00,7.484131969870889,11.239025,43.99190362414813,1099,448,231.4837735745575,421.0030188648282,43,5.0,35859,2021-05-12 11:30:00,2021-05-12 11:30:00,29.68016226425864,-93.78497084609302,,2021-05-12,30564,0 days 00:00:00,566,3,False,False,,,,Free
2021-05-12 11:30:00,3.092420568059852,9.599999,7.510813663699676,1099,451,231.0,240.0,7,5.0,35861,2021-05-12 11:30:00,2021-05-12 11:30:00,29.68500000000421,-95.59500098301773,,2021-05-12,30396,0 days 00:30:00,557,3,False,False,,,,Free
2021-05-12 11:30:00,2.865368207553214,25.6,6.448382002276318,1099,459,247.189320397189,324.8446602063103,6,5.0,35868,2021-05-12 11:30:00,2021-05-12 11:30:00,29.52310679603229,-94.7465544051999,,2021-05-12,30572,0 days 00:00:00,567,4,False,False,,,,Free
2021-05-12 11:30:00,11.303353571423688,28.90323,100.3470262048704,1099,473,286.5061628645868,159.02717049008228,93,5.0,35879,2021-05-12 11:30:00,2021-05-12 11:30:00,29.129938371358254,-96.404729254978,,2021-05-12,30409,0 days 00:30:00,558,7,False,False,,,,Free
2021-05-12 11:30:00,7.689151082313223,15.851162,46.43513046002382,1099,475,296.43803056226466,143.17444821281606,44,5.0,35881,2021-05-12 11:30:00,2021-05-12 11:30:00,29.03061969438146,-96.56325647322058,,2021-05-12,30493,0 days 00:15:00,561,3,False,False,,,,Free
2021-05-12 11:30:00,17.084057382153848,19.109005,229.23024802644983,1099,502,359.2262008781763,494.9436345156837,211,5.0,35904,2021-05-12 11:30:00,2021-05-12 11:30:00,28.40273799122225,-93.0455647107138,,2021-05-12,30520,0 days 00:15:00,563,3,False,False,,,,Free
2021-05-12 11:30:00,3.8991520105458592,11.345454,11.940711757037176,1099,504,350.5272206366363,248.71919772222148,11,5.0,35906,2021-05-12 11:30:00,2021-05-12 11:30:00,28.48972779363766,-95.5078090082871,,2021-05-12,30595,0 days 00:00:00,568,3,False,False,,,,Free
2021-05-12 11:30:00,3.115318412914493,26.057144,7.622453177781867,1099,519,384.1302578023561,55.93758480034188,7,5.0,35918,2021-05-12 11:30:00,2021-05-12 11:30:00,28.153697421980407,-97.43562508241644,,2021-05-12,30607,0 days 00:00:00,569,11,False,False,,,,Free
2021-05-12 11:30:00,2.6387501270547595,9.6,5.468729165555279,1099,537,431.8,272.6,5,5.0,35935,2021-05-12 11:30:00,2021-05-12 11:30:00,27.677000000003893,-95.26900099233352,,2021-05-12,30451,0 days 00:30:00,559,3,False,False,,,,Free
2021-05-12 11:30:00,10.502698749566193,85.792404,86.63466468682711,1099,542,460.9542735438535,243.4668305220312,122,5.0,35940,2021-05-12 11:30:00,2021-05-12 11:30:00,27.385457264565314,-95.56033267878809,,2021-05-12,30626,0 days 00:00:00,570,3,False,False,,,,Free
2021-05-12 11:45:00,4.654377693483968,40.8,17.014262401115694,1100,357,142.30761173256093,482.6546787829612,16,5.0,35944,2021-05-12 11:45:00,2021-05-12 11:45:00,30.57192388267874,-93.16845426452932,,2021-05-12,30544,0 days 00:15:00,564,5,False,False,,,,Free
2021-05-12 11:45:00,1.6458730345656754,9.6,2.1275635500889845,1100,358,146.0,485.5,2,5.0,35945,2021-05-12 11:45:00,2021-05-12 11:45:00,30.53500000000434,-93.140001053172,,2021-05-12,30630,0 days 00:00:00,571,3,False,False,,,,Free
2021-05-12 11:45:00,9.538732692106368,92.99104,71.46135363741347,1100,361,171.7181191989714,492.5379787975055,67,5.0,35946,2021-05-12 11:45:00,2021-05-12 11:45:00,30.277818808014587,-93.06962126720816,,2021-05-12,30546,0 days 00:15:00,565,4,False,False,,,,Free
2021-05-12 11:45:00,3.4993500467283343,16.0,9.617554528660737,1100,369,190.37979798096563,235.28686868570105,9,5.0,35954,2021-05-12 11:45:00,2021-05-12 11:45:00,30.09120202019461,-95.64213229481383,,2021-05-12,30636,0 days 00:00:00,572,3,False,False,,,,Free
2021-05-12 11:45:00,2.0207477308097928,9.6,3.207111661319229,1100,372,194.3333333333333,440.6666666666667,3,5.0,35956,2021-05-12 11:45:00,2021-05-12 11:45:00,30.051666666670933,-93.58833437369373,,2021-05-12,30461,0 days 00:30:00,560,3,False,False,,,,Free
2021-05-12 11:45:00,3.6991927283007815,63.359997,10.747409548891834,1100,397,247.771076069946,326.64804660603096,10,5.0,35978,2021-05-12 11:45:00,2021-05-12 11:45:00,29.517289239304723,-94.728520541718,,2021-05-12,30572,0 days 00:15:00,567,4,False,False,,,,Free
2021-05-12 11:45:00,11.721448657135278,22.463999,107.90770612645116,1100,411,288.6160100855226,158.0390517577855,100,5.0,35985,2021-05-12 11:45:00,2021-05-12 11:45:00,29.108839899148894,-96.4146104420186,,2021-05-12,30409,0 days 00:45:00,558,7,False,False,,,,Free
2021-05-12 11:45:00,5.24395283053656,12.4800005,21.59769652348669,1100,416,296.823529400515,143.7847593547093,20,5.0,35990,2021-05-12 11:45:00,2021-05-12 11:45:00,29.02676470599896,-96.55715336197608,,2021-05-12,30493,0 days 00:30:00,561,3,False,False,,,,Free
2021-05-12 11:45:00,6.858524960800994,12.141178,36.94463059401332,1100,444,361.880560116298,496.92586490654327,34,5.0,36015,2021-05-12 11:45:00,2021-05-12 11:45:00,28.376194398841022,-93.02574240737164,,2021-05-12,30520,0 days 00:30:00,563,3,False,False,,,,Free
2021-05-12 11:45:00,2.0394863878842884,25.599998,3.2668673727303137,1100,451,384.0744336617522,56.22977347087354,3,5.0,36022,2021-05-12 11:45:00,2021-05-12 11:45:00,28.154255663386447,-97.4327031957946,,2021-05-12,30607,0 days 00:15:00,569,11,False,False,,,,Free
2021-05-12 11:45:00,5.407877985449034,15.54286,22.96908262583642,1100,463,432.0433604327872,377.4796748065536,21,5.0,36031,2021-05-12 11:45:00,2021-05-12 11:45:00,27.674566395676024,-94.22020427423848,,2021-05-12,30690,0 days 00:00:00,574,3,False,False,,,,Free
2021-05-12 11:45:00,10.30191774466759,31.705265,83.35392162200881,1100,469,461.87393560141794,240.26123127725776,79,5.0,36036,2021-05-12 11:45:00,2021-05-12 11:45:00,27.376260643989667,-95.5923886703198,,2021-05-12,30626,0 days 00:15:00,570,3,False,False,,,,Free
2021-05-12 12:00:00,6.266295968377884,67.86207,30.83980962237272,1101,290,142.8607789429798,484.4950082614458,29,5.0,36040,2021-05-12 12:00:00,2021-05-12 12:00:00,30.56639221057455,-93.1500509702704,,2021-05-12,30544,0 days 00:30:00,564,5,False,False,,,,Free
2021-05-12 12:00:00,4.03199856875526,10.400001,12.76822772719172,1101,291,148.14197530955045,489.4320987617982,12,5.0,36041,2021-05-12 12:00:00,2021-05-12 12:00:00,30.51358024690884,-93.10068006667768,,2021-05-12,30630,0 days 00:15:00,571,3,False,False,,,,Free
2021-05-12 12:00:00,6.795566922497455,55.34118,36.26947496965077,1101,292,172.89541948138157,494.7090441597626,34,5.0,36042,2021-05-12 12:00:00,2021-05-12 12:00:00,30.266045805190483,-93.047910614206,,2021-05-12,30546,0 days 00:30:00,565,4,False,False,,,,Free
2021-05-12 12:00:00,35.2316159744379,91.67368,974.8886368656222,1101,296,194.5973622899953,327.6633784957511,1066,5.0,36046,2021-05-12 12:00:00,2021-05-12 12:00:00,30.049026377104312,-94.718367223111,,2021-05-12,30700,0 days 00:00:00,575,3,False,False,,,,Free
2021-05-12 12:00:00,4.949064582288584,21.333334,19.23694589988402,1101,297,190.815646268376,235.66870746908685,18,5.0,36047,2021-05-12 12:00:00,2021-05-12 12:00:00,30.08684353732051,-95.63831390708911,,2021-05-12,30636,0 days 00:15:00,572,3,False,False,,,,Free
2021-05-12 12:00:00,4.215112849839548,9.599999,13.954307663746096,1101,313,234.78571428571428,426.6428571428572,14,5.0,36060,2021-05-12 12:00:00,2021-05-12 12:00:00,29.64714285714706,-93.72857246492435,,2021-05-12,30564,0 days 00:30:00,566,3,False,False,,,,Free
2021-05-12 12:00:00,3.5095087634970947,16.0,9.673475672344754,1101,321,248.1858586012715,328.0929293006358,9,5.0,36068,2021-05-12 12:00:00,2021-05-12 12:00:00,29.513141413991463,-94.7140717151849,,2021-05-12,30572,0 days 00:30:00,567,4,False,False,,,,Free
2021-05-12 12:00:00,10.679133393154428,26.48675,89.5698617753091,1101,335,288.5814735999663,158.05326903524568,83,5.0,36079,2021-05-12 12:00:00,2021-05-12 12:00:00,29.109185264004456,-96.41446826924806,,2021-05-12,30409,0 days 01:00:00,558,7,False,False,,,,Free
2021-05-12 12:00:00,6.441148212052656,13.440002,32.58490553579124,1101,352,356.7725118536964,246.69668247159524,30,5.0,36096,2021-05-12 12:00:00,2021-05-12 12:00:00,28.42727488146705,-95.52803416021538,,2021-05-12,30595,0 days 00:30:00,568,3,False,False,,,,Free
2021-05-12 12:00:00,1.6648185242729028,9.6,2.176825822150152,1101,359,379.0,228.5,2,5.0,36103,2021-05-12 12:00:00,2021-05-12 12:00:00,28.205000000003977,-95.71000097973148,,2021-05-12,30735,0 days 00:00:00,576,3,False,False,,,,Free
2021-05-12 12:00:00,3.115214461186976,15.085715,7.621944495296866,1101,362,382.9943342833604,56.467422095551946,7,5.0,36105,2021-05-12 12:00:00,2021-05-12 12:00:00,28.165056657170368,-97.43032670961576,,2021-05-12,30607,0 days 00:30:00,569,11,False,False,,,,Free
2021-05-12 12:00:00,9.291849500589915,278.55484,67.81007352357383,1101,376,432.5305848605116,378.8324425326416,64,5.0,36116,2021-05-12 12:00:00,2021-05-12 12:00:00,27.66969415139878,-94.2066765973642,,2021-05-12,30690,0 days 00:15:00,574,3,False,False,,,,Free
2021-05-12 12:00:00,2.894709529990729,9.599999,6.581120809252018,1101,382,463.0,238.5,6,5.0,36122,2021-05-12 12:00:00,2021-05-12 12:00:00,27.36500000000385,-95.6100009825891,,2021-05-12,30626,0 days 00:30:00,570,3,False,False,,,,Free
2021-05-12 12:15:00,6.785244901732245,45.17647,36.15937673853806,1102,322,143.67906295621552,487.3300146324077,34,5.0,36124,2021-05-12 12:15:00,2021-05-12 12:15:00,30.55820937044219,-93.1217009073709,,2021-05-12,30544,0 days 00:45:00,564,5,False,False,,,,Free
2021-05-12 12:15:00,,,,1102,324,148.5,493.5,2,5.0,36125,2021-05-12 12:15:00,2021-05-12 12:15:00,30.51000000000434,-93.06000105545807,,2021-05-12,30630,0 days 00:30:00,571,3,False,False,,,,Free
2021-05-12 12:15:00,4.2022208616722745,11.076923,13.869079265792616,1102,325,174.35949366416253,497.0531645627687,13,5.0,36126,2021-05-12 12:15:00,2021-05-12 12:15:00,30.25140506336267,-93.02446941084575,,2021-05-12,30546,0 days 00:45:00,565,4,False,False,,,,Free
2021-05-12 12:15:00,40.65200278585972,70.410545,1297.93748343348,1102,330,195.2843094704194,328.930396968576,1322,5.0,36130,2021-05-12 12:15:00,2021-05-12 12:15:00,30.04215690530007,-94.7056970387448,,2021-05-12,30700,0 days 00:15:00,575,3,False,False,,,,Free
2021-05-12 12:15:00,4.809617509234792,12.988236,18.16816064250462,1102,332,191.0618556773429,235.3902798120995,17,5.0,36132,2021-05-12 12:15:00,2021-05-12 12:15:00,30.084381443230843,-95.64109818357946,,2021-05-12,30636,0 days 00:30:00,572,3,False,False,,,,Free
2021-05-12 12:15:00,1.653379104278685,9.6,2.1470134773688607,1102,350,236.0,428.5,2,5.0,36145,2021-05-12 12:15:00,2021-05-12 12:15:00,29.6350000000042,-93.71000103688368,,2021-05-12,30564,0 days 00:45:00,566,3,False,False,,,,Free
2021-05-12 12:15:00,2.339650038047952,21.6,4.299239937349245,1102,357,248.0692771105968,327.7921686682097,4,5.0,36151,2021-05-12 12:15:00,2021-05-12 12:15:00,29.51430722889821,-94.71707932142316,,2021-05-12,30572,0 days 00:45:00,567,4,False,False,,,,Free
2021-05-12 12:15:00,10.418548871934169,15.554428,85.2519551766346,1102,376,288.62628928628425,157.9863276531329,79,5.0,36165,2021-05-12 12:15:00,2021-05-12 12:15:00,29.10873710714128,-96.41513768305008,,2021-05-12,30409,0 days 01:15:00,558,7,False,False,,,,Free
2021-05-12 12:15:00,5.388954256760278,9.600001,22.80861296017576,1102,387,356.6190476190476,246.1904761904762,21,5.0,36176,2021-05-12 12:15:00,2021-05-12 12:15:00,28.428809523813538,-95.53309622288197,,2021-05-12,30595,0 days 00:45:00,568,3,False,False,,,,Free
2021-05-12 12:15:00,1.6648185242729028,9.6,2.176825822150152,1102,398,379.0,228.5,2,5.0,36187,2021-05-12 12:15:00,2021-05-12 12:15:00,28.205000000003977,-95.71000097973148,,2021-05-12,30735,0 days 00:15:00,576,3,False,False,,,,Free
2021-05-12 12:15:00,2.039136942575821,12.8,3.265747979452178,1102,399,380.80341879993546,60.19658120006456,3,5.0,36188,2021-05-12 12:15:00,2021-05-12 12:15:00,28.18696581200462,-97.3930351196363,,2021-05-12,30780,0 days 00:00:00,578,4,False,False,,,,Free
2021-05-12 12:15:00,2.354904372411631,26.4,4.355484108339499,1102,400,383.5560747658345,56.44392523416547,4,5.0,36189,2021-05-12 12:15:00,2021-05-12 12:15:00,28.159439252345624,-97.43056167822289,,2021-05-12,30607,0 days 00:45:00,569,11,False,False,,,,Free
2021-05-12 12:15:00,11.976774533851945,104.76115,112.65996946753724,1102,416,432.53165814117386,378.9248691094609,103,5.0,36202,2021-05-12 12:15:00,2021-05-12 12:15:00,27.66968341859216,-94.20575233162242,,2021-05-12,30690,0 days 00:30:00,574,3,False,False,,,,Free
2021-05-12 12:30:00,6.982068749720036,17.066666,38.28759814081732,1103,189,144.0027624281859,490.60681405450856,36,5.0,36210,2021-05-12 12:30:00,2021-05-12 12:30:00,30.554972375722485,-93.08893291408629,,2021-05-12,30544,0 days 01:00:00,564,5,False,False,,,,Free
2021-05-12 12:30:00,41.9091588402534,60.91907,1379.4557371079147,1103,192,197.9171557542684,331.67810462907744,1291,5.0,36212,2021-05-12 12:30:00,2021-05-12 12:30:00,30.015828442461576,-94.67821996292496,,2021-05-12,30700,0 days 00:30:00,575,3,False,False,,,,Free
2021-05-12 12:30:00,12.051927025202051,13.494341,114.07825465474984,1103,204,261.1863616235124,232.1072856529463,106,5.0,36223,2021-05-12 12:30:00,2021-05-12 12:30:00,29.38313638376904,-95.67392812423282,,2021-05-12,30801,0 days 00:00:00,580,4,False,False,,,,Free
2021-05-12 12:30:00,,,,1103,212,287.5,159.5,4,5.0,36231,2021-05-12 12:30:00,2021-05-12 12:30:00,29.12000000000412,-96.40000096001393,,2021-05-12,30409,0 days 01:30:00,558,7,False,False,,,,Free
2021-05-12 12:30:00,10.463103749835929,11.058226,85.98267351380612,1103,218,378.7747209057867,230.90390749009973,84,5.0,36236,2021-05-12 12:30:00,2021-05-12 12:30:00,28.20725279094611,-95.6859619055174,,2021-05-12,30735,0 days 00:30:00,576,3,False,False,,,,Free
2021-05-12 12:30:00,2.354491563724448,24.0,4.353957231828427,1103,220,379.5605263177708,60.0,4,5.0,36238,2021-05-12 12:30:00,2021-05-12 12:30:00,28.199394736826267,-97.39500093158074,,2021-05-12,30780,0 days 00:15:00,578,4,False,False,,,,Free
2021-05-12 12:30:00,1.6651688507759967,38.4,2.177742054164208,1103,223,383.78742514799086,56.0,2,5.0,36241,2021-05-12 12:30:00,2021-05-12 12:30:00,28.157125748524063,-97.4350009304377,,2021-05-12,30607,0 days 01:00:00,569,11,False,False,,,,Free
2021-05-12 12:45:00,5.964331140928807,33.6,27.939162042011866,1104,175,246.3671328544423,282.8848843404332,26,5.0,36274,2021-05-12 12:45:00,2021-05-12 12:45:00,29.53132867145976,-95.16615215186825,,2021-05-12,30842,0 days 00:00:00,582,5,False,False,,,,Free
2021-05-12 12:45:00,9.652643879863795,10.588234,73.17832237990403,1104,176,261.1294736764702,233.96947369052432,68,5.0,36275,2021-05-12 12:45:00,2021-05-12 12:45:00,29.38370526323946,-95.65530624438918,,2021-05-12,30801,0 days 00:15:00,580,4,False,False,,,,Free
2021-05-12 12:45:00,1.6648574756164891,81.600006,2.1769276846429086,1104,190,379.65665796731474,60.0,2,5.0,36289,2021-05-12 12:45:00,2021-05-12 12:45:00,28.19843342033083,-97.39500093158074,,2021-05-12,30780,0 days 00:30:00,578,4,False,False,,,,Free
2021-05-12 12:45:00,13.339928669520337,16.2,139.76450672124344,1104,201,414.0319475356222,407.8634207407016,128,5.0,36299,2021-05-12 12:45:00,2021-05-12 12:45:00,27.8546805246477,-93.9163668235795,,2021-05-12,30859,0 days 00:00:00,584,3,False,False,,,,Free
2021-05-12 13:00:00,7.084687951085347,48.25946,39.42133557805427,1105,239,161.0980882201879,417.8754217196399,37,5.0,36313,2021-05-12 13:00:00,2021-05-12 13:00:00,30.38401911780244,-93.8162468166512,,2021-05-12,30871,0 days 00:00:00,585,4,False,False,,,,Free
2021-05-12 13:00:00,2.604890562889465,9.6,5.329283772789186,1105,242,165.0,385.0,5,5.0,36316,2021-05-12 13:00:00,2021-05-12 13:00:00,30.345000000004312,-94.14500102445304,,2021-05-12,30873,0 days 00:00:00,586,3,False,False,,,,Free
2021-05-12 13:00:00,3.864483981193598,27.054546,11.72932187242761,1105,245,169.09810387693994,458.6248969670107,11,5.0,36319,2021-05-12 13:00:00,2021-05-12 13:00:00,30.304018961234902,-93.40875207582206,,2021-05-12,30875,0 days 00:00:00,587,3,False,False,,,,Free
2021-05-12 13:00:00,4.375762412558254,11.657144,15.038251655261242,1105,262,241.78969958135545,307.3991416317796,14,5.0,36329,2021-05-12 13:00:00,2021-05-12 13:00:00,29.57710300419064,-94.92100958595996,,2021-05-12,30881,0 days 00:00:00,589,4,False,False,,,,Free
2021-05-12 13:00:00,8.830680999434135,27.957897,61.246076778103294,1105,263,245.7423200400179,285.4406235718069,57,5.0,36330,2021-05-12 13:00:00,2021-05-12 13:00:00,29.537576799604008,-95.14059476028478,,2021-05-12,30842,0 days 00:15:00,582,5,False,False,,,,Free
2021-05-12 13:00:00,10.205082298826474,19.957893,81.79427442106632,1105,267,261.2202558505055,233.40388994530647,77,5.0,36334,2021-05-12 13:00:00,2021-05-12 13:00:00,29.382797441499108,-95.66096208167971,,2021-05-12,30801,0 days 00:30:00,580,4,False,False,,,,Free
2021-05-12 13:00:00,13.72596537732332,12.472992,147.97068337888192,1105,276,298.30279351290613,174.05430751037198,137,5.0,36341,2021-05-12 13:00:00,2021-05-12 13:00:00,29.01197206487504,-96.25445788906929,,2021-05-12,30889,0 days 00:00:00,591,4,False,False,,,,Free
2021-05-12 13:00:00,2.632875427596311,55.68,5.444406000351127,1105,288,383.6985003986728,56.71665355571453,5,5.0,36352,2021-05-12 13:00:00,2021-05-12 13:00:00,28.158014996017243,-97.42783439508536,,2021-05-12,30607,0 days 01:30:00,569,11,False,False,,,,Free
2021-05-12 13:00:00,12.02469770378801,16.153847,113.56335535239796,1105,302,413.9478275741601,410.1325692704832,106,5.0,36361,2021-05-12 13:00:00,2021-05-12 13:00:00,27.85552172426232,-93.89367533893012,,2021-05-12,30859,0 days 00:15:00,584,3,False,False,,,,Free
2021-05-12 13:15:00,8.399041369563019,45.96924,55.40504630046214,1106,293,161.67545999950272,420.5092001521037,52,5.0,36374,2021-05-12 13:15:00,2021-05-12 13:15:00,30.37824540000929,-93.78990903307914,,2021-05-12,30871,0 days 00:15:00,585,4,False,False,,,,Free
2021-05-12 13:15:00,3.683871556924816,16.32,10.65856751310882,1106,295,165.16961130444358,385.57950530422335,10,5.0,36376,2021-05-12 13:15:00,2021-05-12 13:15:00,30.34330388695988,-94.13920597157642,,2021-05-12,30873,0 days 00:15:00,586,3,False,False,,,,Free
2021-05-12 13:15:00,4.03652614209344,27.200003,12.79691897976107,1106,296,169.7289789939273,461.5833333745017,12,5.0,36377,2021-05-12 13:15:00,2021-05-12 13:15:00,30.29771021006503,-93.37916771259256,,2021-05-12,30875,0 days 00:15:00,587,3,False,False,,,,Free
2021-05-12 13:15:00,42.78468880083968,43.264286,1437.6945825739735,1106,299,202.17629387648367,325.828718970232,1353,5.0,36379,2021-05-12 13:15:00,2021-05-12 13:15:00,29.973237061239416,-94.73671381784192,,2021-05-12,30917,0 days 00:00:00,592,6,False,False,,,,Free
2021-05-12 13:15:00,4.375917244388323,24.685715,15.03931590007132,1106,319,242.7227866498361,311.1669085790456,14,5.0,36395,2021-05-12 13:15:00,2021-05-12 13:15:00,29.56777213350583,-94.88333191756396,,2021-05-12,30881,0 days 00:15:00,589,4,False,False,,,,Free
2021-05-12 13:15:00,7.115223567022407,39.437836,39.76188661281448,1106,321,246.56157429750328,288.9006912338701,39,5.0,36397,2021-05-12 13:15:00,2021-05-12 13:15:00,29.52938425702915,-95.10599408465292,,2021-05-12,30842,0 days 00:30:00,582,5,False,False,,,,Free
2021-05-12 13:15:00,11.82324992471978,26.541183,109.79021140241352,1106,330,263.00900820577664,232.6822808613765,107,5.0,36405,2021-05-12 13:15:00,2021-05-12 13:15:00,29.36490991794639,-95.66817817231282,,2021-05-12,30801,0 days 00:45:00,580,4,False,False,,,,Free
2021-05-12 13:15:00,,,,1106,347,282.7142857142857,182.6428571428572,14,5.0,36421,2021-05-12 13:15:00,2021-05-12 13:15:00,29.16785714286127,-96.16857239519874,,2021-05-12,30947,0 days 00:00:00,593,5,False,False,,,,Free
2021-05-12 13:15:00,2.039041556438429,41.600002,3.265442458235668,1106,361,379.60837888155856,60.12932605071282,3,5.0,36435,2021-05-12 13:15:00,2021-05-12 13:15:00,28.19891621118839,-97.39370767111058,,2021-05-12,30780,0 days 01:00:00,578,4,False,False,,,,Free
2021-05-12 13:15:00,14.774767399822457,20.97325,171.44751168112836,1106,375,414.1244448082815,411.4332170218824,160,5.0,36448,2021-05-12 13:15:00,2021-05-12 13:15:00,27.853755551921108,-93.8806688617878,,2021-05-12,30859,0 days 00:30:00,584,3,False,False,,,,Free
2021-05-12 13:30:00,6.691069151400802,32.29091,35.16259495234247,1107,232,161.7279591480752,423.9991117147702,33,5.0,36461,2021-05-12 13:30:00,2021-05-12 13:30:00,30.377720408523565,-93.7550099184498,,2021-05-12,30871,0 days 00:30:00,585,4,False,False,,,,Free
2021-05-12 13:30:00,1.6474353632096723,9.6,2.1316046043152967,1107,233,165.0,387.6666666666667,3,5.0,36462,2021-05-12 13:30:00,2021-05-12 13:30:00,30.345000000004312,-94.1183343585484,,2021-05-12,30873,0 days 00:30:00,586,3,False,False,,,,Free
2021-05-12 13:30:00,2.854315642276178,16.0,6.398731345904822,1107,235,170.6223404282302,465.3058510705754,8,5.0,36464,2021-05-12 13:30:00,2021-05-12 13:30:00,30.288776595722,-93.34194253669556,,2021-05-12,30875,0 days 00:30:00,587,3,False,False,,,,Free
2021-05-12 13:30:00,6.077089160171561,28.08889,29.00554951610181,1107,260,243.1594481856468,313.90214950715784,27,5.0,36488,2021-05-12 13:30:00,2021-05-12 13:30:00,29.56340551814772,-94.85597950906448,,2021-05-12,30881,0 days 00:30:00,589,4,False,False,,,,Free
2021-05-12 13:30:00,6.719627304711303,16.581818,35.463390452276386,1107,261,246.48979592488547,292.36734694366413,33,5.0,36489,2021-05-12 13:30:00,2021-05-12 13:30:00,29.53010204075533,-95.07132752854562,,2021-05-12,30842,0 days 00:45:00,582,5,False,False,,,,Free
2021-05-12 13:30:00,4.385023979437642,17.828573,15.10197776981762,1107,283,285.2906458785501,182.00445433849043,14,5.0,36509,2021-05-12 13:30:00,2021-05-12 13:30:00,29.142093541218625,-96.17495642305994,,2021-05-12,30947,0 days 00:15:00,593,5,False,False,,,,Free
2021-05-12 13:30:00,6.939187923081573,17.279999,37.81875078491768,1107,284,302.25779432893984,171.15169846657034,35,5.0,36510,2021-05-12 13:30:00,2021-05-12 13:30:00,28.9724220567147,-96.28348397867784,,2021-05-12,30889,0 days 00:30:00,591,4,False,False,,,,Free
2021-05-12 13:30:00,2.0394863878842884,51.2,3.2668673727303137,1107,287,384.310245305122,56.31024530512197,3,5.0,36512,2021-05-12 13:30:00,2021-05-12 13:30:00,28.15189754695275,-97.43189847747516,,2021-05-12,30607,0 days 02:00:00,569,11,False,False,,,,Free
2021-05-12 13:30:00,2.0455089942080247,22.4,3.2861899889044293,1107,307,448.272030652041,27.272030652040986,3,5.0,36531,2021-05-12 13:30:00,2021-05-12 13:30:00,27.51227969348346,-97.72228061570796,,2021-05-12,31024,0 days 00:00:00,594,4,False,False,,,,Free
2021-05-12 13:45:00,2.853222983120643,9.599999,6.393833293248197,1108,199,163.0,427.5,6,5.0,36532,2021-05-12 13:45:00,2021-05-12 13:45:00,30.365000000004315,-93.72000103659786,,2021-05-12,30871,0 days 00:45:00,585,4,False,False,,,,Free
2021-05-12 13:45:00,29.042557570503256,88.43167,662.459906875921,1108,204,207.57083223657256,328.6667880729718,620,5.0,36536,2021-05-12 13:45:00,2021-05-12 13:45:00,29.91929167763852,-94.70833312762552,,2021-05-12,30917,0 days 00:30:00,592,6,False,False,,,,Free
2021-05-12 13:45:00,4.051574727875314,9.599999,12.89251330861888,1108,224,244.16666666666663,316.1666666666667,12,5.0,36554,2021-05-12 13:45:00,2021-05-12 13:45:00,29.553333333337523,-94.83333433811652,,2021-05-12,30881,0 days 00:45:00,589,4,False,False,,,,Free
2021-05-12 13:45:00,1.6541575568517222,19.2,2.149035689477272,1108,226,245.1619718357155,296.0,2,5.0,36556,2021-05-12 13:45:00,2021-05-12 13:45:00,29.543380281647032,-95.03500099902033,,2021-05-12,30842,0 days 01:00:00,582,5,False,False,,,,Free
2021-05-12 13:45:00,2.6196064213732457,9.6,5.389667507010495,1108,237,277.8,195.4,5,5.0,36565,2021-05-12 13:45:00,2021-05-12 13:45:00,29.21700000000413,-96.04100097027276,,2021-05-12,31042,0 days 00:00:00,595,3,False,False,,,,Free
2021-05-12 13:45:00,5.241153435937158,18.720001,21.574643555977243,1108,238,285.51895043559523,181.8921282843417,20,5.0,36566,2021-05-12 13:45:00,2021-05-12 13:45:00,29.13981049564817,-96.17607968356936,,2021-05-12,30947,0 days 00:30:00,593,5,False,False,,,,Free
2021-05-12 13:45:00,7.602352564995418,15.542857,45.39268730811693,1108,240,305.1390254783436,168.9924005334693,43,5.0,36568,2021-05-12 13:45:00,2021-05-12 13:45:00,28.94360974522065,-96.3050769573918,,2021-05-12,30889,0 days 00:45:00,591,4,False,False,,,,Free
2021-05-12 13:45:00,1.665207743220386,48.0,2.177843784028798,1108,244,384.0,56.38837209353903,2,5.0,36569,2021-05-12 13:45:00,2021-05-12 13:45:00,28.15500000000397,-97.43111720961326,,2021-05-12,30607,0 days 02:15:00,569,11,False,False,,,,Free
2021-05-12 13:45:00,2.3619950550138835,24.0,4.3817525641418005,1108,263,448.3078947414652,27.313157894076404,4,5.0,36583,2021-05-12 13:45:00,2021-05-12 13:45:00,27.511921052589216,-97.72186934329936,,2021-05-12,31024,0 days 00:15:00,594,4,False,False,,,,Free
2021-05-12 14:00:00,27.35280060554188,64.2623,587.6158214377127,1109,106,209.2177777613517,331.0124420323415,549,5.0,36584,2021-05-12 14:00:00,2021-05-12 14:00:00,29.902822222390725,-94.68487658870208,,2021-05-12,30917,0 days 00:45:00,592,6,False,False,,,,Free
2021-05-12 14:00:00,3.704845623929069,15.360001,10.780281804710512,1109,126,278.5888030909356,194.5482625454192,10,5.0,36601,2021-05-12 14:00:00,2021-05-12 14:00:00,29.20911196909477,-96.04951834457518,,2021-05-12,31042,0 days 00:15:00,595,3,False,False,,,,Free
2021-05-12 14:00:00,5.24152310774245,24.960001,21.57768709164044,1109,127,287.0135270574523,181.90581162562108,20,5.0,36602,2021-05-12 14:00:00,2021-05-12 14:00:00,29.1248647294296,-96.17594285016042,,2021-05-12,30947,0 days 00:45:00,593,5,False,False,,,,Free
2021-05-12 14:00:00,5.113831053119385,23.74737,20.5391578890111,1109,129,307.5055432316828,169.2605321534134,20,5.0,36604,2021-05-12 14:00:00,2021-05-12 14:00:00,28.91994456768726,-96.30239564126902,,2021-05-12,30889,0 days 01:00:00,591,4,False,False,,,,Free
2021-05-12 14:00:00,2.3619950550138835,81.6,4.3817525641418005,1109,139,448.4210182641823,27.32832899183281,4,5.0,36611,2021-05-12 14:00:00,2021-05-12 14:00:00,27.51078981736205,-97.72171763232616,,2021-05-12,31024,0 days 00:30:00,594,4,False,False,,,,Free
2021-05-12 14:15:00,27.28007092290834,39.75385,584.49509570778,1110,127,210.5331161818617,331.5196358234246,546,5.0,36612,2021-05-12 14:15:00,2021-05-12 14:15:00,29.889668838185624,-94.6798046509362,,2021-05-12,30917,0 days 01:00:00,592,6,False,False,,,,Free
2021-05-12 14:15:00,2.029356204023798,12.8,3.234494734191195,1110,154,280.0,191.58974360019369,3,5.0,36633,2021-05-12 14:15:00,2021-05-12 14:15:00,29.19500000000413,-96.07910353318204,,2021-05-12,31042,0 days 00:30:00,595,3,False,False,,,,Free
2021-05-12 14:15:00,4.226292658422685,10.338461,14.028428278476644,1110,155,289.0,181.13256484229052,13,5.0,36634,2021-05-12 14:15:00,2021-05-12 14:15:00,29.10500000000412,-96.18367531777278,,2021-05-12,30947,0 days 01:00:00,593,5,False,False,,,,Free
2021-05-12 14:15:00,2.354904372411631,45.599995,4.355484108339498,1110,157,383.8842364404448,56.58866994689149,4,5.0,36635,2021-05-12 14:15:00,2021-05-12 14:15:00,28.156157635599524,-97.42911423113702,,2021-05-12,30607,0 days 02:45:00,569,11,False,False,,,,Free
2021-05-12 14:15:00,2.6407487413684647,28.8,5.477016437224819,1110,165,448.4000000064112,27.480672259910254,5,5.0,36642,2021-05-12 14:15:00,2021-05-12 14:15:00,27.51099999993976,-97.72019419968888,,2021-05-12,31024,0 days 00:45:00,594,4,False,False,,,,Free
2021-05-12 14:30:00,22.0022790133368,44.64676,380.2114722107653,1111,64,212.44493139488225,332.37453003901936,440,5.0,36645,2021-05-12 14:30:00,2021-05-12 14:30:00,29.870550686055417,-94.67125570902454,,2021-05-12,30917,0 days 01:15:00,592,6,False,False,,,,Free
2021-05-12 14:30:00,1.665207743220386,19.2,2.177843784028798,1111,78,384.0,56.5,2,5.0,36653,2021-05-12 14:30:00,2021-05-12 14:30:00,28.15500000000397,-97.4300009305806,,2021-05-12,30607,0 days 03:00:00,569,11,False,False,,,,Free
2021-05-12 14:45:00,19.68100092081581,46.343662,304.2175361634099,1112,64,214.13987873130992,334.02815632829544,284,5.0,36660,2021-05-12 14:45:00,2021-05-12 14:45:00,29.85360121269113,-94.65471944660436,,2021-05-12,30917,0 days 01:30:00,592,6,False,False,,,,Free
2021-05-12 14:45:00,1.6651688507802338,28.800001,2.1777420541752903,1112,71,383.7016806705853,57.0,2,5.0,36663,2021-05-12 14:45:00,2021-05-12 14:45:00,28.15798319329812,-97.42500093072346,,2021-05-12,30607,0 days 03:15:00,569,11,False,False,,,,Free
2021-05-12 15:00:00,8.501306225070223,43.109436,56.76245906064013,1113,35,212.5797603636227,346.2452718199339,53,5.0,36671,2021-05-12 15:00:00,2021-05-12 15:00:00,29.86920239636801,-94.53254829517914,,2021-05-12,31102,0 days 00:00:00,596,3,False,False,,,,Free
2021-05-12 15:15:00,7.6574887924228605,28.130232,46.053497826505534,1114,29,212.8580333743082,347.83993566440006,43,5.0,36678,2021-05-12 15:15:00,2021-05-12 15:15:00,29.866419666261155,-94.51660165719017,,2021-05-12,31102,0 days 00:15:00,596,3,False,False,,,,Free
2021-05-12 15:30:00,6.9085817625831165,13.714287,37.485877789182,1115,16,212.86295081823687,350.2485246033888,35,5.0,36683,2021-05-12 15:30:00,2021-05-12 15:30:00,29.86637049182187,-94.49251576848854,,2021-05-12,31102,0 days 00:30:00,596,3,False,False,,,,Free
2021-05-12 16:00:00,1.1772044679538574,38.4,1.0884129110667675,1117,13,379.2983193294147,60.29831932941472,2,5.0,36686,2021-05-12 16:00:00,2021-05-12 16:00:00,28.20201680670983,-97.39201773837186,,2021-05-12,31114,0 days 00:00:00,597,5,False,False,,,,Free
2021-05-12 16:00:00,2.045447006555727,19.2,3.2859908207595274,1117,15,447.6666666666667,27.666666666666668,3,5.0,36688,2021-05-12 16:00:00,2021-05-12 16:00:00,27.518333333337203,-97.71833425567443,,2021-05-12,31116,0 days 00:00:00,598,4,False,False,,,,Free
2021-05-12 16:15:00,2.3544640214440595,31.2,4.353855369319051,1118,10,379.4541984818961,60.72900762691912,4,5.0,36689,2021-05-12 16:15:00,2021-05-12 16:15:00,28.200458015185017,-97.38771085551986,,2021-05-12,31114,0 days 00:15:00,597,5,False,False,,,,Free
2021-05-12 16:30:00,1.180957277279746,38.4,1.0953634738466156,1119,7,447.5839160833331,27.416083916666874,2,5.0,36691,2021-05-12 16:30:00,2021-05-12 16:30:00,27.51916083917054,-97.72084008310289,,2021-05-12,31116,0 days 00:30:00,598,4,False,False,,,,Free
2021-05-12 17:30:00,2.354436469871832,12.0,4.353753473636864,1123,10,379.50714284984434,59.49285715015567,4,5.0,36692,2021-05-12 17:30:00,2021-05-12 17:30:00,28.19992857150553,-97.40007235993426,,2021-05-12,31114,0 days 01:30:00,597,5,False,False,,,,Free
2021-05-12 17:45:00,2.354436469871832,19.2,4.353753473636864,1124,10,379.5880281642845,59.58098591785775,4,5.0,36694,2021-05-12 17:45:00,2021-05-12 17:45:00,28.19911971836113,-97.3991910722824,,2021-05-12,31114,0 days 01:45:00,597,5,False,False,,,,Free
2021-05-12 17:45:00,,,,1124,11,448.5,27.5,2,5.0,36695,2021-05-12 17:45:00,2021-05-12 17:45:00,27.51000000000387,-97.72000092229348,,2021-05-12,31116,0 days 01:45:00,598,4,False,False,,,,Free
2021-05-12 18:00:00,1.1810109499438328,28.800001,1.0954630412279207,1125,7,448.6263157881528,27.373684211847195,2,5.0,36696,2021-05-12 18:00:00,2021-05-12 18:00:00,27.50873684212234,-97.72126408013897,,2021-05-12,31116,0 days 02:00:00,598,4,False,False,,,,Free
2021-05-12 18:15:00,2.0392005136064726,67.200005,3.265951605012274,1126,15,381.3847802903058,59.281886396804026,3,5.0,36698,2021-05-12 18:15:00,2021-05-12 18:15:00,28.181152197100914,-97.40218206740748,,2021-05-12,31114,0 days 02:15:00,597,5,False,False,,,,Free
2021-05-12 18:45:00,6.537423182579368,38.4,33.56626963468665,1128,7,324.20726289603573,494.8690361684779,31,5.0,36699,2021-05-12 18:45:00,2021-05-12 18:45:00,28.752927371043707,-93.04631069416456,,2021-05-12,31120,0 days 00:00:00,599,4,False,False,,,,Free
2021-05-12 19:00:00,9.095838830339249,48.000008,64.97935472520706,1129,13,325.95248061887685,492.8275968876661,60,5.0,36700,2021-05-12 19:00:00,2021-05-12 19:00:00,28.73547519381529,-93.06672508638928,,2021-05-12,31120,0 days 00:15:00,599,4,False,False,,,,Free
2021-05-12 19:15:00,3.31475218893905,9.6,8.62962678115819,1130,32,285.125,435.0,8,5.0,36706,2021-05-12 19:15:00,2021-05-12 19:15:00,29.143750000004125,-93.6450010387411,,2021-05-12,31126,0 days 00:00:00,600,4,False,False,,,,Free
2021-05-12 19:15:00,10.372936753272192,21.415386,84.50712776892716,1130,33,329.6087160451661,490.8275538933968,78,5.0,36707,2021-05-12 19:15:00,2021-05-12 19:15:00,28.698912839552392,-93.08672551576046,,2021-05-12,31120,0 days 00:30:00,599,4,False,False,,,,Free
2021-05-12 19:30:00,5.2322622282362365,10.560001,21.501506246982007,1131,54,250.62050360174976,451.96223021181686,20,5.0,36713,2021-05-12 19:30:00,2021-05-12 19:30:00,29.48879496398668,-93.47537874147008,,2021-05-12,31130,0 days 00:00:00,601,3,False,False,,,,Free
2021-05-12 19:30:00,6.090341325573269,12.444446,29.13219088690876,1131,58,287.5552238835713,434.13731343510193,27,5.0,36716,2021-05-12 19:30:00,2021-05-12 19:30:00,29.11944776116841,-93.65362790414356,,2021-05-12,31126,0 days 00:15:00,600,4,False,False,,,,Free
2021-05-12 19:30:00,4.549870841510997,9.6,16.25878237919316,1131,60,335.2,487.4,15,5.0,36718,2021-05-12 19:30:00,2021-05-12 19:30:00,28.643000000004047,-93.12100105371496,,2021-05-12,31120,0 days 00:45:00,599,4,False,False,,,,Free
2021-05-12 19:45:00,8.518965968708043,12.316978,56.998529048279856,1132,32,254.4889118030837,448.896854055378,53,5.0,36724,2021-05-12 19:45:00,2021-05-12 19:45:00,29.45011088197333,-93.50603250215852,,2021-05-12,31130,0 days 00:15:00,601,3,False,False,,,,Free
2021-05-12 19:45:00,7.2261947268338,16.16842,41.01183508322629,1132,33,290.5579641822958,432.7441093311588,38,5.0,36725,2021-05-12 19:45:00,2021-05-12 19:45:00,29.08942035818116,-93.66755994478484,,2021-05-12,31126,0 days 00:30:00,600,4,False,False,,,,Free
2021-05-12 20:00:00,5.489849228949843,9.600002,23.670679002410388,1133,33,258.90909090909093,447.27272727272725,22,5.0,36730,2021-05-12 20:00:00,2021-05-12 20:00:00,29.40590909091325,-93.5222737695209,,2021-05-12,31130,0 days 00:30:00,601,3,False,False,,,,Free
2021-05-12 20:00:00,4.834109677915866,9.6,18.35366838451485,1133,35,293.94117647058823,431.1764705882353,17,5.0,36732,2021-05-12 20:00:00,2021-05-12 20:00:00,29.055588235298227,-93.68323633176612,,2021-05-12,31126,0 days 00:45:00,600,4,False,False,,,,Free
2021-05-12 20:45:00,5.62707845209318,9.600002,24.86885679677627,1136,26,309.5217391304348,427.0869565217391,23,5.0,36745,2021-05-12 20:45:00,2021-05-12 20:45:00,28.89978260869973,-93.72413147126248,,2021-05-12,31152,0 days 00:00:00,602,5,False,False,,,,Free
2021-05-12 21:00:00,4.390756693793645,18.514286,15.141490400460135,1137,25,311.9463364342346,425.2156862783693,15,5.0,36750,2021-05-12 21:00:00,2021-05-12 21:00:00,28.87553663566173,-93.74284417316142,,2021-05-12,31152,0 days 00:15:00,602,5,False,False,,,,Free
2021-05-12 21:00:00,9.681393291637765,18.77647,73.61487981970012,1137,27,321.4387275938644,352.18936805770204,68,5.0,36752,2021-05-12 21:00:00,2021-05-12 21:00:00,28.780612724065424,-94.4731073345,,2021-05-12,31157,0 days 00:00:00,603,3,False,False,,,,Free
2021-05-12 21:15:00,3.892630351511309,12.218183,11.900801476173784,1138,28,315.77619047781235,423.9452380944272,12,5.0,36757,2021-05-12 21:15:00,2021-05-12 21:15:00,28.83723809522596,-93.75554865463783,,2021-05-12,31152,0 days 00:30:00,602,5,False,False,,,,Free
2021-05-12 21:15:00,8.78689586877241,15.942858,60.640230134157065,1138,29,325.27447780941446,348.90763705808007,56,5.0,36758,2021-05-12 21:15:00,2021-05-12 21:15:00,28.74225522190992,-94.50592464355844,,2021-05-12,31157,0 days 00:15:00,603,3,False,False,,,,Free
2021-05-12 21:15:00,3.5303075622015108,9.6,9.788473453618288,1138,34,371.1111111111111,330.44444444444446,9,5.0,36763,2021-05-12 21:15:00,2021-05-12 21:15:00,28.28388888889288,-94.69055656441878,,2021-05-12,31164,0 days 00:00:00,604,5,False,False,,,,Free
2021-05-12 21:30:00,3.10568250480649,9.599999,7.575372490231095,1139,37,319.6363636363636,422.0,11,5.0,36765,2021-05-12 21:30:00,2021-05-12 21:30:00,28.79863636364044,-93.7750010350262,,2021-05-12,31152,0 days 00:45:00,602,5,False,False,,,,Free
2021-05-12 21:30:00,,,,1139,39,330.5,344.5,2,5.0,36767,2021-05-12 21:30:00,2021-05-12 21:30:00,28.69000000000405,-94.55000101287976,,2021-05-12,31157,0 days 00:30:00,603,3,False,False,,,,Free
2021-05-12 21:30:00,3.530786195722534,13.866667,9.791127845073223,1139,47,373.01320130662816,327.5181518359567,18,5.0,36774,2021-05-12 21:30:00,2021-05-12 21:30:00,28.264867986937706,-94.71981948966744,,2021-05-12,31164,0 days 00:15:00,604,5,False,False,,,,Free
2021-05-12 21:45:00,1.6606481833044946,9.6,2.165933661199738,1140,64,325.6666666666667,421.0,3,5.0,36775,2021-05-12 21:45:00,2021-05-12 21:45:00,28.7383333333374,-93.78500103474045,,2021-05-12,31152,0 days 01:00:00,602,5,False,False,,,,Free
2021-05-12 21:45:00,3.110108536883728,9.599999,7.596979807290703,1140,68,349.0,414.22222222222223,9,5.0,36779,2021-05-12 21:45:00,2021-05-12 21:45:00,28.505000000004024,-93.8527788105814,,2021-05-12,31173,0 days 00:00:00,605,3,False,False,,,,Free
2021-05-12 21:45:00,7.188849077506275,10.637838,40.589024487071136,1140,72,464.39693193028927,159.60498561327998,37,5.0,36783,2021-05-12 21:45:00,2021-05-12 21:45:00,27.35103068070095,-96.39895110391114,,2021-05-12,31177,0 days 00:00:00,606,6,False,False,,,,Free
2021-05-12 22:00:00,13.294629961501874,24.675003,138.81691512340453,1141,107,341.7372726960946,408.96978525025736,131,5.0,36794,2021-05-12 22:00:00,2021-05-12 22:00:00,28.57762727304309,-93.90530317880012,,2021-05-12,31188,0 days 00:00:00,608,6,False,False,,,,Free
2021-05-12 22:00:00,8.397474066417585,15.811764,55.38437051201054,1141,110,355.49437793976057,410.71309394760334,51,5.0,36796,2021-05-12 22:00:00,2021-05-12 22:00:00,28.440056220606408,-93.88787009232482,,2021-05-12,31173,0 days 00:15:00,605,3,False,False,,,,Free
2021-05-12 22:00:00,10.25541122889658,12.378947,82.60304190886121,1141,112,363.66583453146313,330.86162623635414,76,5.0,36798,2021-05-12 22:00:00,2021-05-12 22:00:00,28.35834165468937,-94.6863847466189,,2021-05-12,31191,0 days 00:00:00,609,3,False,False,,,,Free
2021-05-12 22:00:00,7.720486973564141,11.386047,46.81437939580472,1141,114,381.9684813734986,320.16045845908377,44,5.0,36800,2021-05-12 22:00:00,2021-05-12 22:00:00,28.175315186268985,-94.79339642133364,,2021-05-12,31164,0 days 00:45:00,604,5,False,False,,,,Free
2021-05-12 22:00:00,10.16857499949274,17.902702,81.21010531589815,1141,116,467.7048155364224,156.3819053142514,75,5.0,36801,2021-05-12 22:00:00,2021-05-12 22:00:00,27.317951844639616,-96.4311819059804,,2021-05-12,31177,0 days 00:15:00,606,6,False,False,,,,Free
2021-05-12 22:15:00,12.604689120658154,27.547829,124.78263692437004,1142,114,348.41211279214417,404.5888094931982,117,5.0,36819,2021-05-12 22:15:00,2021-05-12 22:15:00,28.510878872082586,-93.94911293511876,,2021-05-12,31188,0 days 00:15:00,608,6,False,False,,,,Free
2021-05-12 22:15:00,9.840640877352952,21.119999,76.05655454031042,1142,120,360.7837552664956,406.220815770803,72,5.0,36825,2021-05-12 22:15:00,2021-05-12 22:15:00,28.38716244733905,-93.9327928728091,,2021-05-12,31173,0 days 00:30:00,605,3,False,False,,,,Free
2021-05-12 22:15:00,8.236567157686883,18.612246,53.282227074715394,1142,125,370.0794602402659,326.04227889111377,49,5.0,36830,2021-05-12 22:15:00,2021-05-12 22:15:00,28.29420539760133,-94.73457821869408,,2021-05-12,31191,0 days 00:15:00,609,3,False,False,,,,Free
2021-05-12 22:15:00,7.899691420007242,14.506665,49.01287019350037,1142,126,386.32632071401,316.80224402807755,45,5.0,36831,2021-05-12 22:15:00,2021-05-12 22:15:00,28.131736792863865,-94.826978564684,,2021-05-12,31164,0 days 01:00:00,604,5,False,False,,,,Free
2021-05-12 22:15:00,12.40045859982936,18.414545,120.77175431907185,1142,130,472.63621581873167,151.68229867540268,110,5.0,36835,2021-05-12 22:15:00,2021-05-12 22:15:00,27.26863784181652,-96.47817797102596,,2021-05-12,31177,0 days 00:30:00,606,6,False,False,,,,Free
2021-05-12 22:30:00,9.624200834864787,23.068657,72.74769472313112,1143,107,353.7100610897475,401.411035859737,67,5.0,36851,2021-05-12 22:30:00,2021-05-12 22:30:00,28.45789938910654,-93.9808906705453,,2021-05-12,31188,0 days 00:30:00,608,6,False,False,,,,Free
2021-05-12 22:30:00,6.451006758736941,10.560001,32.68472800216539,1143,113,389.4964028813998,312.7661870337009,30,5.0,36856,2021-05-12 22:30:00,2021-05-12 22:30:00,28.100035971189964,-94.86733913347445,,2021-05-12,31164,0 days 01:15:00,604,5,False,False,,,,Free
2021-05-12 22:30:00,13.483785654879323,14.843077,142.79518440856066,1143,124,477.94795250436863,147.22491400516634,130,5.0,36866,2021-05-12 22:30:00,2021-05-12 22:30:00,27.215520474960137,-96.52275181645456,,2021-05-12,31177,0 days 00:45:00,606,6,False,False,,,,Free
2021-05-12 22:30:00,1.672765282291088,9.6,2.1976569147641456,1143,125,483.0,75.5,2,5.0,36867,2021-05-12 22:30:00,2021-05-12 22:30:00,27.16500000000381,-97.24000093601,,2021-05-12,31239,0 days 00:00:00,610,3,False,False,,,,Free
2021-05-12 22:45:00,6.223170666791367,10.285715,30.416784734775103,1144,85,358.40405405631805,398.6864864875314,28,5.0,36878,2021-05-12 22:45:00,2021-05-12 22:45:00,28.41095945944083,-94.0081361634888,,2021-05-12,31188,0 days 00:45:00,608,6,False,False,,,,Free
2021-05-12 22:45:00,4.853123366199784,9.6,18.49833089534881,1144,89,376.2941176470589,318.88235294117646,17,5.0,36881,2021-05-12 22:45:00,2021-05-12 22:45:00,28.2320588235334,-94.80617747614748,,2021-05-12,31191,0 days 00:45:00,609,3,False,False,,,,Free
2021-05-12 22:45:00,13.537946939222298,15.829006,143.9446395511697,1144,101,482.095980912952,144.10328834017147,132,5.0,36890,2021-05-12 22:45:00,2021-05-12 22:45:00,27.174040190874297,-96.55396807221246,,2021-05-12,31177,0 days 01:00:00,606,6,False,False,,,,Free
2021-05-12 22:45:00,3.741387250119433,9.6,10.993986648653667,1144,102,488.8,71.3,10,5.0,36891,2021-05-12 22:45:00,2021-05-12 22:45:00,27.107000000003804,-97.28200093480984,,2021-05-12,31239,0 days 00:15:00,610,3,False,False,,,,Free
2021-05-12 23:00:00,9.826832063998896,22.817394,75.84325260186834,1145,79,486.6185130921039,141.741499922672,69,5.0,36907,2021-05-12 23:00:00,2021-05-12 23:00:00,27.12881486908277,-96.57758595571256,,2021-05-12,31177,0 days 01:15:00,606,6,False,False,,,,Free
2021-05-12 23:00:00,6.14954872676187,9.6,29.701362716223645,1145,81,495.44444444444446,67.22222222222223,27,5.0,36909,2021-05-12 23:00:00,2021-05-12 23:00:00,27.04055555555935,-97.32277871142236,,2021-05-12,31239,0 days 00:30:00,610,3,False,False,,,,Free
2021-05-12 23:15:00,6.444346607436104,12.800001,32.61727407737048,1146,72,367.5606837599871,396.2264957198773,30,5.0,36913,2021-05-12 23:15:00,2021-05-12 23:15:00,28.31939316240413,-94.03273607046236,,2021-05-12,31188,0 days 01:15:00,608,6,False,False,,,,Free
2021-05-12 23:30:00,14.36698857877039,15.20537,162.11431829621094,1147,40,374.0382743861959,390.65605679488334,149,5.0,36928,2021-05-12 23:30:00,2021-05-12 23:30:00,28.254617256142023,-94.08844045812047,,2021-05-12,31188,0 days 01:30:00,608,6,False,False,,,,Free
2021-05-12 23:30:00,12.34988628987809,15.58899,119.78868548623606,1147,46,484.7571625875107,115.153607172992,110,5.0,36933,2021-05-12 23:30:00,2021-05-12 23:30:00,27.147428374128705,-96.84346487561156,,2021-05-12,31278,0 days 00:00:00,612,3,False,False,,,,Free
2021-05-12 23:45:00,12.465724699340054,12.367567,122.04639175895149,1148,56,491.0672087730367,110.9583831587833,115,5.0,36946,2021-05-12 23:45:00,2021-05-12 23:45:00,27.08432791227344,-96.8854171145548,,2021-05-12,31278,0 days 00:15:00,612,3,False,False,,,,Free
2021-05-13 00:00:00,7.001724639161807,10.97143,38.50347574057064,1149,79,495.43690094718056,107.18690095670208,44,5.0,36965,2021-05-13 00:00:00,2021-05-13 00:00:00,27.04063099053199,-96.9231319354979,,2021-05-13,31278,0 days 00:30:00,612,3,False,False,,,,Free
2021-05-13 00:45:00,,,,1152,58,424.75,46.5,4,5.0,36992,2021-05-13 00:45:00,2021-05-13 00:45:00,27.747500000003907,-97.530000927723,,2021-05-13,31321,0 days 00:00:00,613,3,False,False,,,,Free
2021-05-13 01:00:00,1.1797713085357882,9.6,1.093164555090658,1153,62,425.5,46.5,2,5.0,37002,2021-05-13 01:00:00,2021-05-13 01:00:00,27.740000000003903,-97.530000927723,,2021-05-13,31321,0 days 00:15:00,613,3,False,False,,,,Free
2021-05-13 01:30:00,2.6378550938236605,9.6,5.4650199365735,1155,48,424.4,47.8,5,5.0,37029,2021-05-13 01:30:00,2021-05-13 01:30:00,27.751000000003906,-97.51700092809445,,2021-05-13,31321,0 days 00:45:00,613,3,False,False,,,,Free
2021-05-13 01:45:00,1.6733262853849091,9.6,2.1991312388451383,1156,59,491.0,197.66666666666663,3,5.0,37046,2021-05-13 01:45:00,2021-05-13 01:45:00,27.0850000000038,-96.0183343042538,,2021-05-13,31367,0 days 00:00:00,614,3,False,False,,,,Free
2021-05-13 02:00:00,2.364532755169376,9.6,4.391173030548485,1157,45,473.1666666666667,180.0,6,5.0,37049,2021-05-13 02:00:00,2021-05-13 02:00:00,27.26333333333716,-96.19500096587204,,2021-05-13,31369,0 days 00:00:00,615,7,False,False,,,,Free
2021-05-13 02:00:00,2.646197815609543,9.6,5.499642944873524,1157,50,494.2,197.6,5,5.0,37054,2021-05-13 02:00:00,2021-05-13 02:00:00,27.0530000000038,-96.01900097090146,,2021-05-13,31367,0 days 00:15:00,614,3,False,False,,,,Free
2021-05-13 02:15:00,2.049961239503656,9.6,3.300510968924913,1158,101,496.6666666666667,196.66666666666663,3,5.0,37071,2021-05-13 02:15:00,2021-05-13 02:15:00,27.028333333337127,-96.02833430396804,,2021-05-13,31367,0 days 00:30:00,614,3,False,False,,,,Free
2021-05-13 02:30:00,5.546487489360945,13.527273,24.16161483268757,1159,85,478.019189745948,179.33475481294133,22,5.0,37083,2021-05-13 02:30:00,2021-05-13 02:30:00,27.214808102544342,-96.20165341755256,,2021-05-13,31369,0 days 00:30:00,615,7,False,False,,,,Free
2021-05-13 02:30:00,,,,1159,90,484.5,168.5,2,5.0,37088,2021-05-13 02:30:00,2021-05-13 02:30:00,27.15000000000381,-96.31000096258585,,2021-05-13,31402,0 days 00:00:00,617,3,False,False,,,,Free
2021-05-13 02:45:00,5.67230252743703,21.704351,25.27019844444198,1160,96,482.277980212227,175.24570536300536,23,5.0,37100,2021-05-13 02:45:00,2021-05-13 02:45:00,27.172220197881547,-96.2425439108834,,2021-05-13,31369,0 days 00:45:00,615,7,False,False,,,,Free
2021-05-13 02:45:00,4.732934188498224,13.8,17.593441960927105,1160,101,490.3920454626272,165.5752840821539,16,5.0,37104,2021-05-13 02:45:00,2021-05-13 02:45:00,27.09107954537753,-96.33924812092852,,2021-05-13,31402,0 days 00:15:00,617,3,False,False,,,,Free
2021-05-13 03:00:00,4.5818899492001774,11.52,16.488425601757722,1161,76,485.83243968985136,171.70241285338122,22,5.0,37115,2021-05-13 03:00:00,2021-05-13 03:00:00,27.136675603105296,-96.27797683496708,,2021-05-13,31369,0 days 01:00:00,615,7,False,False,,,,Free
2021-05-13 03:00:00,4.099952859635119,15.200001,13.202239532017227,1161,82,496.7679738574823,160.62091502707804,12,5.0,37121,2021-05-13 03:00:00,2021-05-13 03:00:00,27.02732026142897,-96.38879181006348,,2021-05-13,31402,0 days 00:30:00,617,3,False,False,,,,Free
2021-05-13 03:15:00,6.148299788998996,11.377779,29.689299591513965,1162,86,491.47735189804433,167.02671312459572,27,5.0,37136,2021-05-13 03:15:00,2021-05-13 03:15:00,27.08022648102336,-96.32473383091885,,2021-05-13,31369,0 days 01:15:00,615,7,False,False,,,,Free
2021-05-13 03:30:00,5.158814829818312,11.11579,20.902092271952643,1163,55,496.0395869195288,164.2839931112219,19,5.0,37150,2021-05-13 03:30:00,2021-05-13 03:30:00,27.034604130808507,-96.3521610302688,,2021-05-13,31369,0 days 01:30:00,615,7,False,False,,,,Free
2021-05-13 03:45:00,2.0501436927838945,9.6,3.3010985076934896,1164,35,498.6666666666667,161.66666666666666,3,5.0,37155,2021-05-13 03:45:00,2021-05-13 03:45:00,27.008333333337124,-96.37833429396642,,2021-05-13,31369,0 days 01:45:00,615,7,False,False,,,,Free
2021-05-13 04:00:00,2.6407487413684647,84.48,5.477016437224819,1165,21,448.33719175130784,27.38550578285619,5,5.0,37156,2021-05-13 04:00:00,2021-05-13 04:00:00,27.51162808249079,-97.72114586443224,,2021-05-13,31448,0 days 00:00:00,618,4,False,False,,,,Free
2021-05-13 04:30:00,1.6701637508481693,72.0,2.1908265150745363,1167,11,448.32089552238807,27.0,2,5.0,37159,2021-05-13 04:30:00,2021-05-13 04:30:00,27.511791044779983,-97.72500092215064,,2021-05-13,31448,0 days 00:30:00,618,4,False,False,,,,Free
2021-05-13 04:45:00,1.6702396410130331,43.2,2.191025616465291,1168,15,449.56282721389,27.0,2,5.0,37161,2021-05-13 04:45:00,2021-05-13 04:45:00,27.49937172786497,-97.72500092215064,,2021-05-13,31448,0 days 00:45:00,618,4,False,False,,,,Free
2021-05-13 05:00:00,1.6702396410130331,19.2,2.191025616465291,1169,23,449.5,27.0,2,5.0,37162,2021-05-13 05:00:00,2021-05-13 05:00:00,27.500000000003865,-97.72500092215064,,2021-05-13,31448,0 days 01:00:00,618,4,False,False,,,,Free
