time,diameter_km,mean_precip,area_km2,frame,idx,hdim_1,hdim_2,num,threshold_value,feature,time.1,timestr,latitude,longitude,area,date,cell,time_cell,cell_parent_track_id,cell_child_feature_count,cell_starts_with_split,cell_ends_with_merge,Merge,Split,Both,Free
2021-07-28 09:30:00,1.6371656181966845,9.6,2.105111542041246,0,176,45.0,63.5,2,5.0,10,2021-07-28 09:30:00,2021-07-28 09:30:00,31.5450000000045,-97.36000093258087,,2021-07-28,10,0 days 00:00:00,1,3,False,False,,,,Free
2021-07-28 09:30:00,10.545687903826218,106.07406,87.34533405341168,0,199,281.65257093425527,430.5088383296506,82,5.0,29,2021-07-28 09:30:00,2021-07-28 09:30:00,29.178474290661576,-93.68991265416122,,2021-07-28,29,0 days 00:00:00,3,4,False,False,,,,Free
2021-07-28 09:45:00,1.6371656181966845,9.6,2.105111542041246,1,224,45.0,63.5,2,5.0,62,2021-07-28 09:45:00,2021-07-28 09:45:00,31.5450000000045,-97.36000093258087,,2021-07-28,10,0 days 00:15:00,1,3,False,False,,,,Free
2021-07-28 09:45:00,13.359898882260476,81.895386,140.18328199298156,1,246,281.8185746866988,428.6394101714654,130,5.0,77,2021-07-28 09:45:00,2021-07-28 09:45:00,29.17681425313714,-93.70860693520882,,2021-07-28,29,0 days 00:15:00,3,4,False,False,,,,Free
2021-07-28 09:45:00,9.452465046579611,60.84923,70.1746154730013,1,249,294.158173087377,394.8719629663119,65,5.0,80,2021-07-28 09:45:00,2021-07-28 09:45:00,29.05341826913034,-94.04628139761098,,2021-07-28,74,0 days 00:00:00,4,4,False,False,,,,Free
2021-07-28 09:45:00,4.406636019034708,24.000002,15.251207900782838,1,257,388.3872875031435,138.2342941436348,15,5.0,88,2021-07-28 09:45:00,2021-07-28 09:45:00,28.111127124972526,-96.61265801250067,,2021-07-28,79,0 days 00:00:00,5,3,False,False,,,,Free
2021-07-28 09:45:00,9.872495839562424,15.634286,76.54975413322603,1,260,430.5926920904814,209.744492204456,70,5.0,91,2021-07-28 09:45:00,2021-07-28 09:45:00,27.68907307909908,-95.89755605232732,,2021-07-28,81,0 days 00:00:00,6,3,False,False,,,,Free
2021-07-28 10:00:00,17.06194489793187,136.89056,228.6372308367276,2,248,282.317162077284,428.1569979810962,217,5.0,129,2021-07-28 10:00:00,2021-07-28 10:00:00,29.17182837923129,-93.71343105697468,,2021-07-28,29,0 days 00:30:00,3,4,False,False,,,,Free
2021-07-28 10:00:00,12.128650664642349,119.50655,115.53534254665908,2,251,295.685068804802,393.2422585344996,107,5.0,132,2021-07-28 10:00:00,2021-07-28 10:00:00,29.038149311956087,-94.06257844146336,,2021-07-28,74,0 days 00:15:00,4,4,False,False,,,,Free
2021-07-28 10:00:00,5.64820856771803,16.69565,25.055976431425645,2,259,388.8460966502422,137.88921931870362,23,5.0,138,2021-07-28 10:00:00,2021-07-28 10:00:00,28.10653903350154,-96.6161087606514,,2021-07-28,79,0 days 00:15:00,5,3,False,False,,,,Free
2021-07-28 10:00:00,10.355185920848012,24.81039,84.2181472439524,2,262,432.7764520964764,208.9525370427341,77,5.0,140,2021-07-28 10:00:00,2021-07-28 10:00:00,27.667235479039128,-95.90547560371824,,2021-07-28,81,0 days 00:15:00,6,3,False,False,,,,Free
2021-07-28 10:15:00,4.010453074341974,9.599999,12.632135035394658,3,152,46.0,66.84615384615384,13,5.0,152,2021-07-28 10:15:00,2021-07-28 10:15:00,31.53500000000449,-97.32653939507554,,2021-07-28,10,0 days 00:45:00,1,3,False,False,,,,Free
2021-07-28 10:15:00,20.09358455799648,190.69388,317.1061895295878,3,170,283.85388504700666,427.2905630705503,294,5.0,166,2021-07-28 10:15:00,2021-07-28 10:15:00,29.15646114953406,-93.72209540583252,,2021-07-28,29,0 days 00:45:00,3,4,False,False,,,,Free
2021-07-28 10:15:00,13.057711247256997,113.03226,133.91338944959264,3,172,297.19171395335445,390.29207226205983,124,5.0,168,2021-07-28 10:15:00,2021-07-28 10:15:00,29.02308286047056,-94.09208030334474,,2021-07-28,74,0 days 00:30:00,4,4,False,False,,,,Free
2021-07-28 10:15:00,5.769704881060668,13.600001,26.14550777360563,3,178,388.8682170496072,137.77519379594236,24,5.0,174,2021-07-28 10:15:00,2021-07-28 10:15:00,28.10631782950789,-96.61724901584644,,2021-07-28,79,0 days 00:30:00,5,3,False,False,,,,Free
2021-07-28 10:15:00,8.42827162802564,27.858824,55.79135750968023,3,182,432.9186824896476,209.0217876161873,51,5.0,177,2021-07-28 10:15:00,2021-07-28 10:15:00,27.665813175107417,-95.90478309800346,,2021-07-28,81,0 days 00:30:00,6,3,False,False,,,,Free
2021-07-28 10:30:00,15.468291359924583,56.055172,187.9206772872311,4,166,299.73870974697047,388.12816993043344,175,5.0,204,2021-07-28 10:30:00,2021-07-28 10:30:00,28.9976129025344,-94.1137193260426,,2021-07-28,74,0 days 00:45:00,4,4,False,False,,,,Free
2021-07-28 10:30:00,5.9140865314968725,17.664,27.47041563911518,4,182,482.9260896954573,96.81238153925656,25,5.0,220,2021-07-28 10:30:00,2021-07-28 10:30:00,27.16573910304924,-97.02687712670767,,2021-07-28,170,0 days 00:00:00,9,8,False,False,,,,Free
2021-07-28 10:30:00,4.731321163986272,25.2,17.58145201297579,4,183,483.2957920845105,39.85705447450109,16,5.0,221,2021-07-28 10:30:00,2021-07-28 10:30:00,27.16204207915871,-97.59643038107964,,2021-07-28,171,0 days 00:00:00,10,3,False,False,,,,Free
2021-07-28 10:45:00,6.116965545170126,42.311108,29.38745315877017,5,126,379.8141750717003,118.58090129577342,27,5.0,242,2021-07-28 10:45:00,2021-07-28 10:45:00,28.19685824928697,-96.80919193536312,,2021-07-28,188,0 days 00:00:00,11,3,False,False,,,,Free
2021-07-28 10:45:00,7.933879689321173,30.506668,49.43802380699388,5,133,480.9254225556061,96.3148632019699,45,5.0,247,2021-07-28 10:45:00,2021-07-28 10:45:00,27.18574577444776,-97.03185230993842,,2021-07-28,170,0 days 00:15:00,9,8,False,False,,,,Free
2021-07-28 10:45:00,6.478592021221206,36.800003,32.96485311894817,5,134,483.201257859988,41.26624737333962,30,5.0,248,2021-07-28 10:45:00,2021-07-28 10:45:00,27.162987421403933,-97.58233845249396,,2021-07-28,171,0 days 00:15:00,10,3,False,False,,,,Free
2021-07-28 11:00:00,5.886099413309281,42.24,27.21103538342139,6,123,379.2305048306165,118.44403868795436,25,5.0,269,2021-07-28 11:00:00,2021-07-28 11:00:00,28.20269495169781,-96.8105605614022,,2021-07-28,188,0 days 00:15:00,11,3,False,False,,,,Free
2021-07-28 11:00:00,7.385534618113061,49.230774,42.84042372143898,6,127,479.1290434800516,96.72440578512492,39,5.0,273,2021-07-28 11:00:00,2021-07-28 11:00:00,27.203709565203305,-97.02775688422388,,2021-07-28,170,0 days 00:30:00,9,8,False,False,,,,Free
2021-07-28 11:00:00,4.876983982567036,11.858824,18.68067392704392,6,128,483.31903945209694,42.32246998032208,17,5.0,274,2021-07-28 11:00:00,2021-07-28 11:00:00,27.161809605482844,-97.57177622672594,,2021-07-28,171,0 days 00:30:00,10,3,False,False,,,,Free
2021-07-28 11:15:00,11.627989421040636,131.55919,106.19379403893474,7,112,332.3336504658509,340.91184248990174,98,5.0,290,2021-07-28 11:15:00,2021-07-28 11:15:00,28.67166349534554,-94.58588258695534,,2021-07-28,219,0 days 00:00:00,12,3,False,False,,,,Free
2021-07-28 11:15:00,4.078321530242834,12.0,13.063297140603575,7,121,381.17380951651097,119.2142857223952,12,5.0,299,2021-07-28 11:15:00,2021-07-28 11:15:00,28.183261904838865,-96.80285809127793,,2021-07-28,188,0 days 00:30:00,11,3,False,False,,,,Free
2021-07-28 11:15:00,1.667873605757248,9.6,2.1848224682342123,7,123,418.5,200.0,2,5.0,300,2021-07-28 11:15:00,2021-07-28 11:15:00,27.81000000000392,-95.99500097158727,,2021-07-28,228,0 days 00:00:00,13,5,False,False,,,,Free
2021-07-28 11:15:00,9.534591979333712,101.464615,71.39932512171856,7,127,479.6725463226038,96.24812607774952,65,5.0,304,2021-07-28 11:15:00,2021-07-28 11:15:00,27.19827453677778,-97.03251968116156,,2021-07-28,170,0 days 00:45:00,9,8,False,False,,,,Free
2021-07-28 11:30:00,42.836103827255165,171.31367,1441.152058689047,8,136,279.0643700784959,445.8203364394168,1343,5.0,314,2021-07-28 11:30:00,2021-07-28 11:30:00,29.20435629921917,-93.53679767743898,,2021-07-28,239,0 days 00:00:00,15,4,False,False,,,,Free
2021-07-28 11:30:00,20.516967764400626,99.07451,330.6101887787441,8,139,304.31919710017576,384.7121891850575,308,5.0,316,2021-07-28 11:30:00,2021-07-28 11:30:00,28.951808029002336,-94.14787913252025,,2021-07-28,240,0 days 00:00:00,16,4,False,False,,,,Free
2021-07-28 11:30:00,14.764752689717204,151.29114,171.21516755423707,8,141,333.1075024206889,339.4375086490146,160,5.0,318,2021-07-28 11:30:00,2021-07-28 11:30:00,28.66392497579716,-94.6006259249429,,2021-07-28,219,0 days 00:15:00,12,3,False,False,,,,Free
2021-07-28 11:30:00,5.757535092523374,33.2,26.03532892039829,8,145,344.1220449000846,298.8026004696919,24,5.0,321,2021-07-28 11:30:00,2021-07-28 11:30:00,28.553779551003185,-95.00697499512428,,2021-07-28,243,0 days 00:00:00,17,4,False,False,,,,Free
2021-07-28 11:30:00,5.402326981086462,18.285715,22.921952849528683,8,151,411.0930640416147,72.04828794533094,26,5.0,326,2021-07-28 11:30:00,2021-07-28 11:30:00,27.88406935958778,-97.27451805557035,,2021-07-28,248,0 days 00:00:00,18,4,False,False,,,,Free
2021-07-28 11:30:00,1.667873605757248,9.6,2.1848224682342123,8,153,418.5,200.0,2,5.0,328,2021-07-28 11:30:00,2021-07-28 11:30:00,27.81000000000392,-95.99500097158727,,2021-07-28,228,0 days 00:15:00,13,5,False,False,,,,Free
2021-07-28 11:30:00,12.289891730722246,130.22223,118.62766859341622,8,162,479.2248839972604,96.54171964590996,110,5.0,337,2021-07-28 11:30:00,2021-07-28 11:30:00,27.202751160031216,-97.02958374556384,,2021-07-28,170,0 days 01:00:00,9,8,False,False,,,,Free
2021-07-28 11:45:00,42.57878068795574,150.2062,1423.889614777973,9,111,279.8611473125345,444.3210945385956,1322,5.0,345,2021-07-28 11:45:00,2021-07-28 11:45:00,29.19638852687879,-93.55179009601876,,2021-07-28,239,0 days 00:15:00,15,4,False,False,,,,Free
2021-07-28 11:45:00,16.16966959728468,113.98736,205.3488017761313,9,114,305.5940879582953,382.6331027351605,195,5.0,347,2021-07-28 11:45:00,2021-07-28 11:45:00,28.93905912042114,-94.16866999642508,,2021-07-28,240,0 days 00:15:00,16,4,False,False,,,,Free
2021-07-28 11:45:00,3.5186281630323912,22.4,9.723813716656064,9,116,301.6761786603432,259.3498759336039,10,5.0,349,2021-07-28 11:45:00,2021-07-28 11:45:00,28.978238213400665,-95.40150222921112,,2021-07-28,264,0 days 00:00:00,20,4,False,False,,,,Free
2021-07-28 11:45:00,19.936294200430897,104.26666,312.1610761224091,9,117,334.4361358171466,335.349689386961,288,5.0,350,2021-07-28 11:45:00,2021-07-28 11:45:00,28.650638641832582,-94.64150411639532,,2021-07-28,219,0 days 00:30:00,12,3,False,False,,,,Free
2021-07-28 11:45:00,9.475713664926978,48.000004,70.5202330786547,9,118,344.8249731575832,296.83434704565485,65,5.0,351,2021-07-28 11:45:00,2021-07-28 11:45:00,28.5467502684282,-95.02665752880222,,2021-07-28,243,0 days 00:15:00,17,4,False,False,,,,Free
2021-07-28 11:45:00,10.4103841148754,97.846146,85.11838786926191,9,122,409.6889950521255,69.48870671734169,80,5.0,355,2021-07-28 11:45:00,2021-07-28 11:45:00,27.898110049482675,-97.3001138671188,,2021-07-28,248,0 days 00:15:00,18,4,False,False,,,,Free
2021-07-28 11:45:00,4.412894807513416,9.599999,15.2945615479053,9,124,419.07142857142856,197.8571428571429,14,5.0,357,2021-07-28 11:45:00,2021-07-28 11:45:00,27.80428571428963,-96.0164295424035,,2021-07-28,228,0 days 00:30:00,13,5,False,False,,,,Free
2021-07-28 11:45:00,14.81723729878667,107.556694,172.43457609873562,9,132,478.6380726106223,96.55311909589958,168,5.0,364,2021-07-28 11:45:00,2021-07-28 11:45:00,27.2086192738976,-97.0294697510672,,2021-07-28,170,0 days 01:15:00,9,8,False,False,,,,Free
2021-07-28 11:45:00,1.6737366628158334,9.6,2.2002100296347464,9,135,496.0,114.5,2,5.0,367,2021-07-28 11:45:00,2021-07-28 11:45:00,27.035000000003794,-96.85000094715474,,2021-07-28,271,0 days 00:00:00,21,3,False,False,,,,Free
2021-07-28 12:00:00,38.55695292032917,138.07867,1167.6032406059971,10,134,281.6811971664718,443.4434480875991,1098,5.0,377,2021-07-28 12:00:00,2021-07-28 12:00:00,29.178188028339413,-93.56056656027788,,2021-07-28,239,0 days 00:30:00,15,4,False,False,,,,Free
2021-07-28 12:00:00,3.885697251567516,22.69091,11.858446584754722,10,135,278.6073997968174,286.02569372942014,11,5.0,378,2021-07-28 12:00:00,2021-07-28 12:00:00,29.20892600203596,-95.13474405887588,,2021-07-28,279,0 days 00:00:00,22,3,False,False,,,,Free
2021-07-28 12:00:00,16.99894186654235,84.38857,226.9518141947057,10,140,305.7917776328657,379.64208592910416,210,5.0,382,2021-07-28 12:00:00,2021-07-28 12:00:00,28.93708222367544,-94.19858016363094,,2021-07-28,240,0 days 00:30:00,16,4,False,False,,,,Free
2021-07-28 12:00:00,7.509763037493371,69.073166,44.29373962857263,10,141,301.2055576719074,257.1330034285771,41,5.0,383,2021-07-28 12:00:00,2021-07-28 12:00:00,28.982944423285023,-95.42367095362788,,2021-07-28,264,0 days 00:15:00,20,4,False,False,,,,Free
2021-07-28 12:00:00,10.512974577350343,52.2,86.80427412188465,10,146,346.32711866470595,294.90656785079415,80,5.0,387,2021-07-28 12:00:00,2021-07-28 12:00:00,28.53172881335697,-95.04593532019992,,2021-07-28,243,0 days 00:30:00,17,4,False,False,,,,Free
2021-07-28 12:00:00,9.908162111686549,140.89015,77.10385436691786,10,148,355.14908479282326,67.67915257743732,71,5.0,389,2021-07-28 12:00:00,2021-07-28 12:00:00,28.443509152075784,-97.31820940800075,,2021-07-28,286,0 days 00:00:00,23,4,False,False,,,,Free
2021-07-28 12:00:00,5.392050754114706,27.428568,22.8348321846982,10,151,368.8386411935337,89.82717623056531,21,5.0,392,2021-07-28 12:00:00,2021-07-28 12:00:00,28.306613588068657,-97.09672917779852,,2021-07-28,288,0 days 00:00:00,24,3,False,False,,,,Free
2021-07-28 12:00:00,12.74930568700804,106.99486,127.66238385612291,10,153,410.01054768565416,68.7560391032159,183,5.0,394,2021-07-28 12:00:00,2021-07-28 12:00:00,27.894894523147386,-97.30744054305067,,2021-07-28,248,0 days 00:30:00,18,4,False,False,,,,Free
2021-07-28 12:00:00,2.637151860428233,9.6,5.462106454136765,10,154,418.6,195.8,5,5.0,395,2021-07-28 12:00:00,2021-07-28 12:00:00,27.80900000000392,-96.03700097038706,,2021-07-28,228,0 days 00:45:00,13,5,False,False,,,,Free
2021-07-28 12:00:00,13.942346992360124,131.22302,152.67279472992402,10,158,479.4872613244442,97.0370931802394,139,5.0,399,2021-07-28 12:00:00,2021-07-28 12:00:00,27.200127386759377,-97.0246300103621,,2021-07-28,170,0 days 01:30:00,9,8,False,False,,,,Free
2021-07-28 12:00:00,5.2926314194707045,16.800001,22.00053199588224,10,163,495.2813559308336,114.36779660229298,20,5.0,404,2021-07-28 12:00:00,2021-07-28 12:00:00,27.04218644069546,-96.85132298109404,,2021-07-28,271,0 days 00:15:00,21,3,False,False,,,,Free
2021-07-28 12:15:00,2.5884751650762854,9.6,5.262327664831024,11,112,44.2,356.8,5,5.0,405,2021-07-28 12:15:00,2021-07-28 12:15:00,31.553000000004506,-94.42700101639456,,2021-07-28,294,0 days 00:00:00,25,3,False,False,,,,Free
2021-07-28 12:15:00,28.77216932264784,89.488556,650.1822307940566,11,116,285.64995891789005,443.8953263247058,804,5.0,409,2021-07-28 12:15:00,2021-07-28 12:15:00,29.138500410825223,-93.55604777803596,,2021-07-28,239,0 days 00:45:00,15,4,False,False,,,,Free
2021-07-28 12:15:00,6.730304585677747,92.218185,35.57618046289695,11,119,279.5735529107885,283.7765269731688,33,5.0,411,2021-07-28 12:15:00,2021-07-28 12:15:00,29.19926447089625,-95.15723572579566,,2021-07-28,279,0 days 00:15:00,22,3,False,False,,,,Free
2021-07-28 12:15:00,3.888344472456169,30.545458,11.874609769228682,11,121,292.56582633515285,328.1008403292877,12,5.0,413,2021-07-28 12:15:00,2021-07-28 12:15:00,29.069341736652586,-94.71399260490062,,2021-07-28,298,0 days 00:00:00,26,5,False,False,,,,Free
2021-07-28 12:15:00,9.741900477509688,124.10436,74.53791810514642,11,124,300.5881823375587,257.5442554359956,69,5.0,416,2021-07-28 12:15:00,2021-07-28 12:15:00,28.989118176628512,-95.41955843367124,,2021-07-28,264,0 days 00:30:00,20,4,False,False,,,,Free
2021-07-28 12:15:00,15.384631370705083,66.47442,185.89344274703188,11,126,305.54407202887126,375.7000831948433,172,5.0,417,2021-07-28 12:15:00,2021-07-28 12:15:00,28.93955927971538,-94.23800018984709,,2021-07-28,240,0 days 00:45:00,16,4,False,False,,,,Free
2021-07-28 12:15:00,9.105359500321676,50.560005,65.11545449002152,11,131,348.6609261053601,293.4024582220315,70,5.0,422,2021-07-28 12:15:00,2021-07-28 12:15:00,28.508390738950425,-95.06097641605773,,2021-07-28,243,0 days 00:45:00,17,4,False,False,,,,Free
2021-07-28 12:15:00,11.154045742783303,91.30667,97.713534697024,11,132,353.91871362514166,64.92806011463874,90,5.0,423,2021-07-28 12:15:00,2021-07-28 12:15:00,28.4558128637526,-97.3457203318426,,2021-07-28,286,0 days 00:15:00,23,4,False,False,,,,Free
2021-07-28 12:15:00,6.655926630142294,29.4,34.79420623481511,11,136,367.93007171984914,88.00332993066546,32,5.0,427,2021-07-28 12:15:00,2021-07-28 12:15:00,28.315699282805504,-97.11496764027636,,2021-07-28,288,0 days 00:15:00,24,3,False,False,,,,Free
2021-07-28 12:15:00,,,,11,139,409.78697339290505,67.64281782831075,195,5.0,430,2021-07-28 12:15:00,2021-07-28 12:15:00,27.89713026607488,-97.31857275548164,,2021-07-28,248,0 days 00:45:00,18,4,False,False,,,,Free
2021-07-28 12:15:00,2.3567958733894807,14.400001,4.362483722559082,11,140,400.8776595717698,45.87765957176982,4,5.0,431,2021-07-28 12:15:00,2021-07-28 12:15:00,27.98622340428625,-97.53622433182744,,2021-07-28,308,0 days 00:00:00,27,3,False,False,,,,Free
2021-07-28 12:15:00,3.335823957207615,9.6,8.739692008069753,11,141,419.0,194.0,8,5.0,432,2021-07-28 12:15:00,2021-07-28 12:15:00,27.805000000003915,-96.05500096987272,,2021-07-28,228,0 days 01:00:00,13,5,False,False,,,,Free
2021-07-28 12:15:00,13.69006572389556,57.743282,147.1976740744127,11,144,481.9874437437473,98.4044851170457,135,5.0,435,2021-07-28 12:15:00,2021-07-28 12:15:00,27.175125562566343,-97.0109560913848,,2021-07-28,170,0 days 01:45:00,9,8,False,False,,,,Free
2021-07-28 12:15:00,5.798036824561633,11.600001,26.40291150080892,11,147,496.0555555589004,112.88636363225864,24,5.0,438,2021-07-28 12:15:00,2021-07-28 12:15:00,27.03444444441479,-96.86613731037102,,2021-07-28,271,0 days 00:30:00,21,3,False,False,,,,Free
2021-07-28 12:30:00,1.637077898319197,9.6,2.104885962933748,12,144,43.66666666666666,355.0,3,5.0,440,2021-07-28 12:30:00,2021-07-28 12:30:00,31.558333333337835,-94.44500101588022,,2021-07-28,294,0 days 00:15:00,25,3,False,False,,,,Free
2021-07-28 12:30:00,4.830750777257346,32.752937,18.32817176348888,12,152,279.9618481962485,281.1335311372724,17,5.0,448,2021-07-28 12:30:00,2021-07-28 12:30:00,29.195381518041646,-95.18366568339934,,2021-07-28,279,0 days 00:30:00,22,3,False,False,,,,Free
2021-07-28 12:30:00,13.875211554112983,214.56001,151.2060291148398,12,156,299.6813186718555,258.4680486911061,140,5.0,452,2021-07-28 12:30:00,2021-07-28 12:30:00,28.998186813285542,-95.41032050138408,,2021-07-28,264,0 days 00:45:00,20,4,False,False,,,,Free
2021-07-28 12:30:00,7.598536378897517,76.11428,45.34712681535398,12,157,296.02973077951054,324.8504084861644,42,5.0,453,2021-07-28 12:30:00,2021-07-28 12:30:00,29.034702692209,-94.74649692240304,,2021-07-28,298,0 days 00:15:00,26,5,False,False,,,,Free
2021-07-28 12:30:00,9.901335889192463,74.23099,76.99764965358705,12,168,340.4738983607461,341.689831933498,71,5.0,462,2021-07-28 12:30:00,2021-07-28 12:30:00,28.59026101639658,-94.57810269274172,,2021-07-28,328,0 days 00:00:00,28,3,False,False,,,,Free
2021-07-28 12:30:00,11.756403000074451,41.376,108.55224538985576,12,171,351.43677148336263,60.834011411327424,100,5.0,465,2021-07-28 12:30:00,2021-07-28 12:30:00,28.4806322851704,-97.38666081770576,,2021-07-28,286,0 days 00:30:00,23,4,False,False,,,,Free
2021-07-28 12:30:00,3.9018974875422745,65.45454,11.957533102269077,12,175,365.7124811985254,86.64721803914522,11,5.0,469,2021-07-28 12:30:00,2021-07-28 12:30:00,28.337875188018742,-97.128528758804,,2021-07-28,288,0 days 00:30:00,24,3,False,False,,,,Free
2021-07-28 12:30:00,2.0410372092693145,19.2,3.2718375005297027,12,183,400.8920187761897,45.78403755237933,3,5.0,475,2021-07-28 12:30:00,2021-07-28 12:30:00,27.98607981224205,-97.5371605519946,,2021-07-28,308,0 days 00:15:00,27,3,False,False,,,,Free
2021-07-28 12:45:00,1.6371656181966845,9.6,2.105111542041246,13,113,45.0,353.5,2,5.0,480,2021-07-28 12:45:00,2021-07-28 12:45:00,31.5450000000045,-94.46000101545155,,2021-07-28,294,0 days 00:30:00,25,3,False,False,,,,Free
2021-07-28 12:45:00,3.305216587140019,14.400001,8.580048218795962,13,114,226.30585107057544,496.3776595717698,8,5.0,481,2021-07-28 12:45:00,2021-07-28 12:45:00,29.73194148929846,-93.03122446056273,,2021-07-28,339,0 days 00:00:00,29,5,False,False,,,,Free
2021-07-28 12:45:00,8.038961576084787,118.87658,50.756280300114135,13,125,297.6694816993011,321.61436416775194,47,5.0,491,2021-07-28 12:45:00,2021-07-28 12:45:00,29.01830518301109,-94.77885736466236,,2021-07-28,298,0 days 00:30:00,26,5,False,False,,,,Free
2021-07-28 12:45:00,3.107000550851848,9.599999,7.581803803463887,13,131,327.42857142857144,164.28571428571428,7,5.0,496,2021-07-28 12:45:00,2021-07-28 12:45:00,28.720714285718344,-96.35214381852438,,2021-07-28,350,0 days 00:00:00,30,4,False,False,,,,Free
2021-07-28 12:45:00,8.715611263797976,37.178185,59.66032080588767,13,132,343.07808790124534,339.36885519596547,55,5.0,497,2021-07-28 12:45:00,2021-07-28 12:45:00,28.56421912099158,-94.60131245945382,,2021-07-28,328,0 days 00:15:00,28,3,False,False,,,,Free
2021-07-28 12:45:00,3.8988329821882792,9.599999,11.938757860494334,13,136,349.0,59.27272727272727,11,5.0,501,2021-07-28 12:45:00,2021-07-28 12:45:00,28.505000000004024,-97.40227365864564,,2021-07-28,286,0 days 00:45:00,23,4,False,False,,,,Free
2021-07-28 12:45:00,6.029930779700668,21.784615,28.55712843536013,13,147,477.7121906615715,91.20164983554648,26,5.0,512,2021-07-28 12:45:00,2021-07-28 12:45:00,27.21787809338811,-97.08298444214148,,2021-07-28,361,0 days 00:00:00,31,6,False,False,,,,Free
2021-07-28 13:00:00,5.093829451981319,23.74737,20.37880349629682,14,103,227.10555868362985,496.0915216208483,19,5.0,518,2021-07-28 13:00:00,2021-07-28 13:00:00,29.72394441316792,-93.0340858399902,,2021-07-28,339,0 days 00:15:00,29,5,False,False,,,,Free
2021-07-28 13:00:00,10.488502066272671,101.759995,86.40061176947516,14,109,298.5772716661828,318.5922741285757,81,5.0,522,2021-07-28 13:00:00,2021-07-28 13:00:00,29.00922728334228,-94.80907826419052,,2021-07-28,298,0 days 00:45:00,26,5,False,False,,,,Free
2021-07-28 13:00:00,9.17089788111973,29.586885,66.05620151659717,14,112,325.68609143640174,161.87638349904685,61,5.0,525,2021-07-28 13:00:00,2021-07-28 13:00:00,28.738139085640043,-96.37623712570256,,2021-07-28,350,0 days 00:15:00,30,4,False,False,,,,Free
2021-07-28 13:00:00,8.873872893282616,71.24211,61.84666542266035,14,117,346.139943850482,336.2881508364128,57,5.0,528,2021-07-28 13:00:00,2021-07-28 13:00:00,28.53360056149921,-94.63211950216896,,2021-07-28,328,0 days 00:30:00,28,3,False,False,,,,Free
2021-07-28 13:00:00,9.050618519906829,182.07457,64.33486607574596,14,122,400.5223883496776,44.97626205367287,59,5.0,533,2021-07-28 13:00:00,2021-07-28 13:00:00,27.98977611650717,-97.54523830675085,,2021-07-28,308,0 days 00:45:00,27,3,False,False,,,,Free
2021-07-28 13:00:00,5.6711856263089135,26.713045,25.26024779943721,14,127,477.74649578646495,88.6940328462306,23,5.0,538,2021-07-28 13:00:00,2021-07-28 13:00:00,27.21753504213917,-97.10806061131808,,2021-07-28,361,0 days 00:15:00,31,6,False,False,,,,Free
2021-07-28 13:15:00,4.674456782082008,36.6,17.1613788606428,15,95,227.1874999816093,497.8231803786336,16,5.0,546,2021-07-28 13:15:00,2021-07-28 13:15:00,29.723125000188123,-93.01676925290718,,2021-07-28,339,0 days 00:30:00,29,5,False,False,,,,Free
2021-07-28 13:15:00,12.521420790353456,55.157894,123.13941964605544,15,99,300.3425757692554,313.94238021639865,116,5.0,550,2021-07-28 13:15:00,2021-07-28 13:15:00,28.991574242311547,-94.85557720198358,,2021-07-28,298,0 days 01:00:00,26,5,False,False,,,,Free
2021-07-28 13:15:00,9.962291756762628,58.666668,77.94861340683877,15,103,322.724207367985,159.75658368596638,74,5.0,553,2021-07-28 13:15:00,2021-07-28 13:15:00,28.76775792632421,-96.39743512322764,,2021-07-28,350,0 days 00:30:00,30,4,False,False,,,,Free
2021-07-28 13:15:00,15.063663420931496,90.087814,178.21780402391468,15,107,365.47066157154126,66.92072750366792,164,5.0,557,2021-07-28 13:15:00,2021-07-28 13:15:00,28.340293384288582,-97.32579365852172,,2021-07-28,387,0 days 00:00:00,33,3,False,False,,,,Free
2021-07-28 13:15:00,4.240483289586819,14.769232,14.122792999651365,15,108,358.84881890071244,75.18110236634368,13,5.0,558,2021-07-28 13:15:00,2021-07-28 13:15:00,28.40651181099689,-97.24318991225545,,2021-07-28,388,0 days 00:00:00,34,3,False,False,,,,Free
2021-07-28 13:15:00,8.52735950683914,102.27693,57.11090301864993,15,114,478.5988454891783,86.854855283626,52,5.0,564,2021-07-28 13:15:00,2021-07-28 13:15:00,27.20901154511204,-97.12645238641852,,2021-07-28,361,0 days 00:30:00,31,6,False,False,,,,Free
2021-07-28 13:30:00,2.8297674164764994,9.599999,6.289141477315394,16,119,6.142857142857143,234.42857142857144,7,5.0,567,2021-07-28 13:30:00,2021-07-28 13:30:00,31.933571428575988,-95.6507152671399,,2021-07-28,396,0 days 00:00:00,35,3,False,False,,,,Free
2021-07-28 13:30:00,4.525923739213381,70.4,16.088084742479435,16,130,226.4375127449432,497.8897043786018,15,5.0,577,2021-07-28 13:30:00,2021-07-28 13:30:00,29.730624872554785,-93.01610401292652,,2021-07-28,339,0 days 00:45:00,29,5,False,False,,,,Free
2021-07-28 13:30:00,8.78486575713082,12.514285,60.61221290991399,16,136,321.3075094753815,156.74714827488418,56,5.0,583,2021-07-28 13:30:00,2021-07-28 13:30:00,28.781924905250253,-96.42752947647848,,2021-07-28,350,0 days 00:45:00,30,4,False,False,,,,Free
2021-07-28 13:30:00,14.06627001528788,37.325874,155.39884302300894,16,141,364.3689919752829,63.16748786099383,144,5.0,588,2021-07-28 13:30:00,2021-07-28 13:30:00,28.35131008025117,-97.36332605387594,,2021-07-28,387,0 days 00:15:00,33,3,False,False,,,,Free
2021-07-28 13:30:00,5.126392426198389,58.61053,20.640184650289424,16,144,358.38896524348155,73.91399961418978,19,5.0,591,2021-07-28 13:30:00,2021-07-28 13:30:00,28.4111103475692,-97.2558609394149,,2021-07-28,388,0 days 00:15:00,34,3,False,False,,,,Free
2021-07-28 13:30:00,7.8017560238861074,30.109095,47.80514185875664,16,145,359.8254887895879,293.3446777990475,44,5.0,592,2021-07-28 13:30:00,2021-07-28 13:30:00,28.39674511210813,-95.06155422027108,,2021-07-28,411,0 days 00:00:00,37,3,False,False,,,,Free
2021-07-28 13:30:00,9.823087970595031,63.026093,75.78546996678433,16,154,479.2238872821839,85.21339726389175,69,5.0,599,2021-07-28 13:30:00,2021-07-28 13:30:00,27.202761127181983,-97.1428669661468,,2021-07-28,361,0 days 00:45:00,31,6,False,False,,,,Free
2021-07-28 13:45:00,7.026286342224122,25.945946,38.77408612312151,17,137,4.863483849583844,231.65987095928023,37,5.0,602,2021-07-28 13:45:00,2021-07-28 13:45:00,31.946365161508723,-95.67840227104163,,2021-07-28,396,0 days 00:15:00,35,3,False,False,,,,Free
2021-07-28 13:45:00,4.048089087321924,12.8,12.870339541883608,17,150,226.49145300016136,498.0662392996933,12,5.0,614,2021-07-28 13:45:00,2021-07-28 13:45:00,29.730085470002603,-93.014338663766,,2021-07-28,339,0 days 01:00:00,29,5,False,False,,,,Free
2021-07-28 13:45:00,11.553071228200508,61.063915,104.82980626527522,17,158,304.01978597595723,344.24357321723346,97,5.0,622,2021-07-28 13:45:00,2021-07-28 13:45:00,28.95480214024452,-94.5525652806341,,2021-07-28,432,0 days 00:00:00,39,3,False,False,,,,Free
2021-07-28 13:45:00,7.248353594158834,75.28422,41.26374337272368,17,166,355.25715140966645,262.91830162797845,38,5.0,630,2021-07-28 13:45:00,2021-07-28 13:45:00,28.44242848590735,-95.36581797328712,,2021-07-28,440,0 days 00:00:00,40,5,False,False,,,,Free
2021-07-28 13:45:00,6.65244821610192,18.6,34.75784855325303,17,169,357.04136029661515,71.72656249493251,32,5.0,633,2021-07-28 13:45:00,2021-07-28 13:45:00,28.42458639703786,-97.2777353099824,,2021-07-28,388,0 days 00:30:00,34,3,False,False,,,,Free
2021-07-28 13:45:00,7.977906354474302,85.98261,49.98822889529416,17,171,362.4491034224574,290.54568880914826,46,5.0,635,2021-07-28 13:45:00,2021-07-28 13:45:00,28.37050896577943,-95.0895441093702,,2021-07-28,411,0 days 00:15:00,37,3,False,False,,,,Free
2021-07-28 13:45:00,,,,17,172,363.125,59.9375,16,5.0,636,2021-07-28 13:45:00,2021-07-28 13:45:00,28.363750000004003,-97.3956259315629,,2021-07-28,387,0 days 00:30:00,33,3,False,False,,,,Free
2021-07-28 13:45:00,6.895742341566041,38.68235,37.34667418860093,17,177,479.3983583610802,83.60286411582436,34,5.0,641,2021-07-28 13:45:00,2021-07-28 13:45:00,27.201016416393017,-97.15897229716728,,2021-07-28,361,0 days 01:00:00,31,6,False,False,,,,Free
2021-07-28 14:00:00,7.305006595844906,19.680002,41.91129751349127,18,112,3.348428517712395,227.98850962701624,41,5.0,644,2021-07-28 14:00:00,2021-07-28 14:00:00,31.96151571482744,-95.71511588331516,,2021-07-28,396,0 days 00:30:00,35,3,False,False,,,,Free
2021-07-28 14:00:00,8.932794971958076,20.358622,62.67070979768934,18,124,303.301975740308,340.66008080426013,58,5.0,656,2021-07-28 14:00:00,2021-07-28 14:00:00,28.96198024260101,-94.5884002037398,,2021-07-28,432,0 days 00:15:00,39,3,False,False,,,,Free
2021-07-28 14:00:00,4.692539451121414,51.6,17.294409831506666,18,126,306.0767167311145,308.1287553640822,16,5.0,658,2021-07-28 14:00:00,2021-07-28 14:00:00,28.934232832692945,-94.91371344884544,,2021-07-28,453,0 days 00:00:00,42,4,False,False,,,,Free
2021-07-28 14:00:00,10.567125592943713,258.60742,87.70081306284939,18,134,324.52506547626734,163.14749149931447,81,5.0,666,2021-07-28 14:00:00,2021-07-28 14:00:00,28.74974934524139,-96.3635260460631,,2021-07-28,458,0 days 00:00:00,43,3,False,False,,,,Free
2021-07-28 14:00:00,9.625355589541869,243.4388,72.76515295823286,18,137,355.5123404270008,259.8931664834682,68,5.0,669,2021-07-28 14:00:00,2021-07-28 14:00:00,28.43987659573401,-95.39606932386772,,2021-07-28,440,0 days 00:15:00,40,5,False,False,,,,Free
2021-07-28 14:00:00,5.517561308521598,24.436363,23.91025547327537,18,141,363.724508877142,287.55846582782044,22,5.0,673,2021-07-28 14:00:00,2021-07-28 14:00:00,28.357754911232583,-95.11941633832988,,2021-07-28,411,0 days 00:30:00,37,3,False,False,,,,Free
2021-07-28 14:00:00,2.8967300894434627,11.2,6.5903114977727855,18,144,478.6290322539296,81.25806450785923,6,5.0,676,2021-07-28 14:00:00,2021-07-28 14:00:00,27.20870967746453,-97.18242029257686,,2021-07-28,361,0 days 01:15:00,31,6,False,False,,,,Free
2021-07-28 14:15:00,2.83593243562127,9.599999,6.316574766048167,19,119,46.833333333333336,113.0,6,5.0,687,2021-07-28 14:15:00,2021-07-28 14:15:00,31.52666666667116,-96.86500094672608,,2021-07-28,471,0 days 00:00:00,44,3,False,False,,,,Free
2021-07-28 14:15:00,2.0103652812366977,35.2,3.17424052741196,19,122,94.36865342916224,88.84326710370634,3,5.0,690,2021-07-28 14:15:00,2021-07-28 14:15:00,31.0513134657128,-97.10656826878596,,2021-07-28,473,0 days 00:00:00,45,3,False,False,,,,Free
2021-07-28 14:15:00,2.031655418848636,9.6,3.241828105327646,19,130,303.3333333333333,336.6666666666667,3,5.0,696,2021-07-28 14:15:00,2021-07-28 14:15:00,28.96166666667076,-94.6283343439746,,2021-07-28,432,0 days 00:30:00,39,3,False,False,,,,Free
2021-07-28 14:15:00,7.326271261678294,113.47693,42.15565784273349,19,131,306.6712050324085,306.4966198751528,39,5.0,697,2021-07-28 14:15:00,2021-07-28 14:15:00,28.928287949680005,-94.93003480326831,,2021-07-28,453,0 days 00:15:00,42,4,False,False,,,,Free
2021-07-28 14:15:00,13.690364132446144,131.3647,147.20409121282285,19,134,323.5010357312189,162.06457730440462,136,5.0,700,2021-07-28 14:15:00,2021-07-28 14:15:00,28.75998964269188,-96.37435518770276,,2021-07-28,458,0 days 00:15:00,43,3,False,False,,,,Free
2021-07-28 14:15:00,9.552815710906325,208.72728,71.67252099880407,19,140,354.5792205930856,256.6952551208446,66,5.0,705,2021-07-28 14:15:00,2021-07-28 14:15:00,28.44920779407316,-95.42804843658011,,2021-07-28,440,0 days 00:30:00,40,5,False,False,,,,Free
2021-07-28 14:30:00,3.2697062652733484,12.0,8.396675319561757,20,148,18.30363036719134,319.46204620410106,9,5.0,716,2021-07-28 14:30:00,2021-07-28 14:30:00,31.81196369633263,-94.80038054368384,,2021-07-28,487,0 days 00:00:00,46,3,False,False,,,,Free
2021-07-28 14:30:00,6.650640631267916,21.23636,34.738962506440124,20,155,46.39119073371762,113.42926467191754,33,5.0,723,2021-07-28 14:30:00,2021-07-28 14:30:00,31.53108809266732,-96.86070830012956,,2021-07-28,471,0 days 00:15:00,44,3,False,False,,,,Free
2021-07-28 14:30:00,6.03030906689178,74.666664,28.560711605765555,20,157,92.29133439880133,88.28442317237787,27,5.0,725,2021-07-28 14:30:00,2021-07-28 14:30:00,31.072086656016413,-97.11215670793956,,2021-07-28,473,0 days 00:15:00,45,3,False,False,,,,Free
2021-07-28 14:30:00,8.042831169775148,62.910645,50.805155630759,20,168,307.4207509727282,303.55492685292074,47,5.0,734,2021-07-28 14:30:00,2021-07-28 14:30:00,28.920792490276806,-94.95945173265,,2021-07-28,453,0 days 00:30:00,42,4,False,False,,,,Free
2021-07-28 14:30:00,14.662513605168671,52.184612,168.85220547126096,20,170,323.28814798798743,160.77342132841835,156,5.0,736,2021-07-28 14:30:00,2021-07-28 14:30:00,28.76211852012419,-96.38726674709368,,2021-07-28,458,0 days 00:30:00,43,3,False,False,,,,Free
2021-07-28 14:30:00,10.383508181924157,118.03078,84.67946397825101,20,180,353.29418432900053,252.9300079349184,79,5.0,746,2021-07-28 14:30:00,2021-07-28 14:30:00,28.46205815671401,-95.46570090736344,,2021-07-28,440,0 days 00:45:00,40,5,False,False,,,,Free
2021-07-28 14:45:00,6.117060251769558,20.571428,29.38836315483916,21,213,18.794036696685826,316.5220183483429,28,5.0,758,2021-07-28 14:45:00,2021-07-28 14:45:00,31.80705963303768,-94.8297808214013,,2021-07-28,487,0 days 00:15:00,46,3,False,False,,,,Free
2021-07-28 14:45:00,1.160481539316207,9.6,1.057709375005183,21,230,90.5,87.5,2,5.0,774,2021-07-28 14:45:00,2021-07-28 14:45:00,31.09000000000443,-97.12000093943914,,2021-07-28,473,0 days 00:30:00,45,3,False,False,,,,Free
2021-07-28 14:45:00,6.208046993154721,13.028573,30.269125419941112,21,246,307.735765115595,300.3042704438978,28,5.0,786,2021-07-28 14:45:00,2021-07-28 14:45:00,28.91764234884814,-94.99195829581134,,2021-07-28,453,0 days 00:45:00,42,4,False,False,,,,Free
2021-07-28 14:45:00,8.639497559590842,34.666664,58.6228399760405,21,256,352.33167823803336,246.72045680696573,56,5.0,795,2021-07-28 14:45:00,2021-07-28 14:45:00,28.471683217623685,-95.52779641686853,,2021-07-28,440,0 days 01:00:00,40,5,False,False,,,,Free
2021-07-28 14:45:00,2.6394257702972657,11.5199995,5.471530024115281,21,265,438.0085469998386,18.91025639980633,6,5.0,803,2021-07-28 14:45:00,2021-07-28 14:45:00,27.6149145300055,-97.80589835584084,,2021-07-28,547,0 days 00:00:00,48,4,False,False,,,,Free
2021-07-28 15:00:00,2.584964754853486,9.6,5.2480641301669815,22,196,18.666666666666668,312.8333333333333,6,5.0,821,2021-07-28 15:00:00,2021-07-28 15:00:00,31.80833333333788,-94.86666767049728,,2021-07-28,487,0 days 00:30:00,46,3,False,False,,,,Free
2021-07-28 15:00:00,21.118438668944805,109.54955,350.2785109511737,22,200,41.49670387426181,113.9979040224541,336,5.0,824,2021-07-28 15:00:00,2021-07-28 15:00:00,31.580032961261885,-96.8550219067867,,2021-07-28,471,0 days 00:45:00,44,3,False,False,,,,Free
2021-07-28 15:00:00,3.4896636532886145,66.13333,9.564384379544736,22,214,136.24354779783965,461.07742638432455,9,5.0,837,2021-07-28 15:00:00,2021-07-28 15:00:00,30.63256452202596,-93.38422678234974,,2021-07-28,572,0 days 00:00:00,50,3,False,False,,,,Free
2021-07-28 15:00:00,3.5029157078616926,11.733334,9.637164119762293,22,219,210.2970297138773,136.23432342870757,9,5.0,840,2021-07-28 15:00:00,2021-07-28 15:00:00,29.892029702865468,-96.63265771907844,,2021-07-28,575,0 days 00:00:00,51,3,False,False,,,,Free
2021-07-28 15:00:00,7.740461745822433,50.455814,47.05693306989056,22,242,437.8780313101163,15.567891129906322,43,5.0,858,2021-07-28 15:00:00,2021-07-28 15:00:00,27.616219686902724,-97.83932200758473,,2021-07-28,547,0 days 00:15:00,48,4,False,False,,,,Free
2021-07-28 15:15:00,4.90110841145781,44.266666,18.86594220246191,23,152,6.123372931856816,82.62591961600182,18,5.0,869,2021-07-28 15:15:00,2021-07-28 15:15:00,31.933766270686,-97.16874174188632,,2021-07-28,591,0 days 00:00:00,52,3,False,False,,,,Free
2021-07-28 15:15:00,6.148893374108276,47.657143,29.69503255101696,23,165,116.84963160162113,43.24079033915028,28,5.0,882,2021-07-28 15:15:00,2021-07-28 15:15:00,30.82650368398817,-97.5625930234001,,2021-07-28,599,0 days 00:00:00,53,4,False,False,,,,Free
2021-07-28 15:15:00,4.352212776415074,35.657143,14.876820414127607,23,169,135.05265611242535,459.8210624494141,14,5.0,886,2021-07-28 15:15:00,2021-07-28 15:15:00,30.644473438880105,-93.39679042133986,,2021-07-28,572,0 days 00:15:00,50,3,False,False,,,,Free
2021-07-28 15:15:00,4.953912219133693,10.666668,19.27464975177688,23,172,210.3000000186995,134.82352940626487,18,5.0,889,2021-07-28 15:15:00,2021-07-28 15:15:00,29.891999999817244,-96.64676565889972,,2021-07-28,575,0 days 00:15:00,51,3,False,False,,,,Free
2021-07-28 15:15:00,10.786409774149709,53.028576,91.37843408725794,23,188,373.36134246833615,31.92801905596713,84,5.0,901,2021-07-28 15:15:00,2021-07-28 15:15:00,28.261386575320625,-97.6757207329992,,2021-07-28,612,0 days 00:00:00,56,3,False,False,,,,Free
2021-07-28 15:15:00,8.262381383168597,24.685715,53.61673410413176,23,195,436.8405556518831,10.674476479287817,49,5.0,908,2021-07-28 15:15:00,2021-07-28 15:15:00,27.626594443485057,-97.88825615269258,,2021-07-28,547,0 days 00:30:00,48,4,False,False,,,,Free
2021-07-28 15:30:00,8.085678871054418,134.00816,51.34792040991365,24,204,4.308887275795585,79.15898377081889,49,5.0,915,2021-07-28 15:30:00,2021-07-28 15:30:00,31.951911127246607,-97.20341109934742,,2021-07-28,591,0 days 00:15:00,52,3,False,False,,,,Free
2021-07-28 15:30:00,8.37925210586905,142.15387,55.14427049021256,24,224,116.26604038616723,39.78171621335038,52,5.0,933,2021-07-28 15:30:00,2021-07-28 15:30:00,30.83233959614272,-97.59718376366963,,2021-07-28,599,0 days 00:15:00,53,4,False,False,,,,Free
2021-07-28 15:30:00,4.504960465368164,41.6,15.939395597983482,24,227,135.09362480571014,457.94681240598186,15,5.0,936,2021-07-28 15:30:00,2021-07-28 15:30:00,30.644063751947257,-93.4155329212386,,2021-07-28,572,0 days 00:30:00,50,3,False,False,,,,Free
2021-07-28 15:30:00,6.04949986943255,29.155556,28.74278357249468,24,231,152.60257590319512,60.6881324681364,27,5.0,939,2021-07-28 15:30:00,2021-07-28 15:30:00,30.46897424097238,-97.38811960709604,,2021-07-28,642,0 days 00:00:00,58,3,False,False,,,,Free
2021-07-28 15:30:00,8.256266263147385,31.872004,53.53739827658618,24,235,210.31631438359344,133.4818398174023,50,5.0,943,2021-07-28 15:30:00,2021-07-28 15:30:00,29.891836856168307,-96.66018255440495,,2021-07-28,575,0 days 00:30:00,51,3,False,False,,,,Free
2021-07-28 15:30:00,9.91626869386037,19.605633,77.23007443135037,24,257,373.7224056798698,30.414392470839594,79,5.0,963,2021-07-28 15:30:00,2021-07-28 15:30:00,28.25777594320529,-97.69085699841791,,2021-07-28,612,0 days 00:15:00,56,3,False,False,,,,Free
2021-07-28 15:30:00,7.2760866522349135,48.757896,41.580107364512486,24,261,437.1756074109597,5.663338948965496,38,5.0,966,2021-07-28 15:30:00,2021-07-28 15:30:00,27.62324392589429,-97.9383675265638,,2021-07-28,547,0 days 00:45:00,48,4,False,False,,,,Free
2021-07-28 15:45:00,7.918507549113891,60.86808,49.24663396188816,25,256,3.4969152191746806,76.51039681800381,47,5.0,972,2021-07-28 15:45:00,2021-07-28 15:45:00,31.960030847812817,-97.22989696811874,,2021-07-28,591,0 days 00:30:00,52,3,False,False,,,,Free
2021-07-28 15:45:00,2.3117185176316606,9.6,4.197201168357286,25,263,16.0,319.8,5,5.0,979,2021-07-28 15:45:00,2021-07-28 15:45:00,31.835000000004545,-94.7970010058214,,2021-07-28,668,0 days 00:00:00,60,4,False,False,,,,Free
2021-07-28 15:45:00,10.521232545746276,179.3561,86.94069763965413,25,283,115.1368659379202,35.66411605096938,82,5.0,994,2021-07-28 15:45:00,2021-07-28 15:45:00,30.843631340625187,-97.6383597641168,,2021-07-28,599,0 days 00:30:00,53,4,False,False,,,,Free
2021-07-28 15:45:00,5.2054972996367175,29.279999,21.28209279123628,25,296,149.3266062440692,58.38426688350004,20,5.0,1005,2021-07-28 15:45:00,2021-07-28 15:45:00,30.50173393756364,-97.411158262284,,2021-07-28,642,0 days 00:15:00,58,3,False,False,,,,Free
2021-07-28 15:45:00,,,,25,327,373.0,27.33333333333333,3,5.0,1034,2021-07-28 15:45:00,2021-07-28 15:45:00,28.265000000003987,-97.72166758891257,,2021-07-28,612,0 days 00:30:00,56,3,False,False,,,,Free
2021-07-28 16:00:00,23.42075795256955,336.9343,430.81594923832336,26,279,4.385040866855788,196.6256023300744,411,5.0,1045,2021-07-28 16:00:00,2021-07-28 16:00:00,31.951149591336005,-96.02874494732224,,2021-07-28,708,0 days 00:00:00,63,5,False,False,,,,Free
2021-07-28 16:00:00,5.169229724541651,15.359999,20.98657401553058,26,290,16.5,317.185328181774,20,5.0,1055,2021-07-28 16:00:00,2021-07-28 16:00:00,31.830000000004546,-94.82314772325653,,2021-07-28,668,0 days 00:15:00,60,4,False,False,,,,Free
2021-07-28 16:00:00,7.409964494827309,29.970734,43.12430763059771,26,299,38.80777494152672,61.04727484739725,41,5.0,1064,2021-07-28 16:00:00,2021-07-28 16:00:00,31.606922250589243,-97.38452818340602,,2021-07-28,722,0 days 00:00:00,64,3,False,False,,,,Free
2021-07-28 16:00:00,16.308440441714897,82.98884,208.88860288759207,26,320,113.59274402333402,32.460576162634574,197,5.0,1085,2021-07-28 16:00:00,2021-07-28 16:00:00,30.85907255977105,-97.67039516208467,,2021-07-28,599,0 days 00:45:00,53,4,False,False,,,,Free
2021-07-28 16:00:00,3.2917460440606505,10.8,8.510254070723805,26,331,145.79310345536322,55.198275863840806,8,5.0,1094,2021-07-28 16:00:00,2021-07-28 16:00:00,30.53706896545071,-97.4430181715702,,2021-07-28,642,0 days 00:30:00,58,3,False,False,,,,Free
2021-07-28 16:00:00,9.593151733849943,148.72835,72.2790621522915,26,341,285.2879795875232,197.145529100599,112,5.0,1103,2021-07-28 16:00:00,2021-07-28 16:00:00,29.142120204128894,-96.02354567976556,,2021-07-28,750,0 days 00:00:00,66,3,False,False,,,,Free
2021-07-28 16:00:00,6.150147262437318,21.688889,29.707144665800325,26,367,498.0483303975167,3.2420913858785227,28,5.0,1127,2021-07-28 16:00:00,2021-07-28 16:00:00,27.014516696028625,-97.96258000150276,,2021-07-28,766,0 days 00:00:00,67,3,False,False,,,,Free
2021-07-28 16:15:00,28.97529065136213,411.74692,659.3947476753449,27,251,6.080654912058846,196.7362618653672,631,5.0,1129,2021-07-28 16:15:00,2021-07-28 16:15:00,31.93419345088397,-96.02763835200096,,2021-07-28,708,0 days 00:15:00,63,5,False,False,,,,Free
2021-07-28 16:15:00,5.8937795532024495,23.261536,27.28209123364337,27,255,16.673546758378585,314.76158382527933,26,5.0,1133,2021-07-28 16:15:00,2021-07-28 16:15:00,31.82826453242076,-94.84738516612884,,2021-07-28,668,0 days 00:30:00,60,4,False,False,,,,Free
2021-07-28 16:15:00,6.8458999378897,19.474285,36.80874204181785,27,263,36.9020923922192,59.3912356897938,35,5.0,1141,2021-07-28 16:15:00,2021-07-28 16:15:00,31.62597907608232,-97.40108857450883,,2021-07-28,722,0 days 00:15:00,64,3,False,False,,,,Free
2021-07-28 16:15:00,6.847580277718701,32.365715,36.82681381809834,27,265,41.66569221958088,237.75422845865504,35,5.0,1143,2021-07-28 16:15:00,2021-07-28 16:15:00,31.578343077808697,-95.6174586977894,,2021-07-28,776,0 days 00:00:00,68,3,False,False,,,,Free
2021-07-28 16:15:00,7.702815104475775,24.872728,46.60031239139816,27,287,104.11482157639811,383.2621226048892,44,5.0,1161,2021-07-28 16:15:00,2021-07-28 16:15:00,30.953851784240427,-94.16237979790752,,2021-07-28,787,0 days 00:00:00,70,3,False,False,,,,Free
2021-07-28 16:15:00,12.511924674666597,101.38946,122.95271515235042,27,309,284.84891340545823,195.02950384752387,114,5.0,1180,2021-07-28 16:15:00,2021-07-28 16:15:00,29.14651086594954,-96.04470593169168,,2021-07-28,750,0 days 00:15:00,66,3,False,False,,,,Free
2021-07-28 16:15:00,8.134353356700231,78.200005,51.96799361539103,27,314,324.0693875205609,93.66279595351035,48,5.0,1185,2021-07-28 16:15:00,2021-07-28 16:15:00,28.75430612479845,-97.05837298166516,,2021-07-28,801,0 days 00:00:00,72,6,False,False,,,,Free
2021-07-28 16:15:00,2.0458805898945784,60.8,3.287384063285601,27,327,452.1421744461371,23.37156511305137,3,5.0,1197,2021-07-28 16:15:00,2021-07-28 16:15:00,27.47357825554249,-97.76128526998326,,2021-07-28,808,0 days 00:00:00,73,3,False,False,,,,Free
2021-07-28 16:15:00,2.8936182510385846,17.6,6.576159700164834,27,328,454.4973545000243,10.806878312551602,6,5.0,1198,2021-07-28 16:15:00,2021-07-28 16:15:00,27.450026455003616,-97.88693213439774,,2021-07-28,809,0 days 00:00:00,74,3,False,False,,,,Free
2021-07-28 16:15:00,5.917826636776894,54.143997,27.505171550598146,27,331,496.9177926084578,1.4880351591013237,25,5.0,1201,2021-07-28 16:15:00,2021-07-28 16:15:00,27.02582207391921,-97.98012056326928,,2021-07-28,766,0 days 00:15:00,67,3,False,False,,,,Free
2021-07-28 16:30:00,34.213680536611655,360.14777,919.3681901427292,28,275,7.008183152691282,195.93884654545528,878,5.0,1203,2021-07-28 16:30:00,2021-07-28 16:30:00,31.92491816847765,-96.03561250497222,,2021-07-28,708,0 days 00:30:00,63,5,False,False,,,,Free
2021-07-28 16:30:00,3.46759341267641,9.6,9.443787797321278,28,284,16.333333333333332,312.3333333333333,9,5.0,1211,2021-07-28 16:30:00,2021-07-28 16:30:00,31.83166666667121,-94.87166767035444,,2021-07-28,668,0 days 00:45:00,60,4,False,False,,,,Free
2021-07-28 16:30:00,2.313997152257177,9.6,4.205479513101436,28,295,34.5,57.5,4,5.0,1220,2021-07-28 16:30:00,2021-07-28 16:30:00,31.65000000000452,-97.42000093086632,,2021-07-28,722,0 days 00:30:00,64,3,False,False,,,,Free
2021-07-28 16:30:00,7.13490048883704,35.87368,39.98211114012783,28,298,40.95993862850642,236.01278554357484,38,5.0,1223,2021-07-28 16:30:00,2021-07-28 16:30:00,31.585400613719443,-95.6348731264426,,2021-07-28,776,0 days 00:15:00,68,3,False,False,,,,Free
2021-07-28 16:30:00,6.126965987678508,25.371428,29.48362102747731,28,300,48.60624124513962,297.09537169228,28,5.0,1225,2021-07-28 16:30:00,2021-07-28 16:30:00,31.5089375875531,-95.02404728241056,,2021-07-28,829,0 days 00:00:00,75,3,False,False,,,,Free
2021-07-28 16:30:00,5.557749970345887,29.63478,24.259837719150177,28,312,64.73102718233343,324.2802682903632,23,5.0,1236,2021-07-28 16:30:00,2021-07-28 16:30:00,31.34768972818113,-94.7521983241981,,2021-07-28,837,0 days 00:00:00,76,3,False,False,,,,Free
2021-07-28 16:30:00,6.034305994615137,17.066668,28.598584600372384,28,323,104.5587167054318,381.19733656443407,28,5.0,1246,2021-07-28 16:30:00,2021-07-28 16:30:00,30.949412832950088,-94.18302765772204,,2021-07-28,787,0 days 00:15:00,70,3,False,False,,,,Free
2021-07-28 16:30:00,12.942193266361553,60.039345,131.5544802519426,28,342,283.02355986743584,190.908381471462,122,5.0,1265,2021-07-28 16:30:00,2021-07-28 16:30:00,29.16476440132977,-96.08591715427464,,2021-07-28,750,0 days 00:30:00,66,3,False,False,,,,Free
2021-07-28 16:30:00,14.61991308108597,52.64517,167.87246310588597,28,347,326.35364472428694,89.82877972036647,160,5.0,1270,2021-07-28 16:30:00,2021-07-28 16:30:00,28.73146355276119,-97.09671314290097,,2021-07-28,801,0 days 00:15:00,72,6,False,False,,,,Free
2021-07-28 16:30:00,6.785865874744271,27.054546,36.165995519403175,28,359,455.0987324442356,7.289526365121885,52,5.0,1281,2021-07-28 16:30:00,2021-07-28 16:30:00,27.444012675561503,-97.92210565286696,,2021-07-28,809,0 days 00:15:00,74,3,False,False,,,,Free
2021-07-28 16:30:00,1.6704292432280214,9.6,2.191523086263974,28,360,452.0,23.5,2,5.0,1282,2021-07-28 16:30:00,2021-07-28 16:30:00,27.475000000003863,-97.76000092115044,,2021-07-28,808,0 days 00:15:00,73,3,False,False,,,,Free
2021-07-28 16:30:00,2.8990614605752523,36.8,6.600923908580678,28,363,496.1226415130176,0.299790359600582,6,5.0,1284,2021-07-28 16:30:00,2021-07-28 16:30:00,27.03377358487361,-97.99200301092476,,2021-07-28,766,0 days 00:30:00,67,3,False,False,,,,Free
2021-07-28 16:45:00,40.47203409926037,385.0641,1286.4708380326024,29,260,7.924990342204987,195.80604854983304,1229,5.0,1286,2021-07-28 16:45:00,2021-07-28 16:45:00,31.915750096582507,-96.03694048489048,,2021-07-28,708,0 days 00:45:00,63,5,False,False,,,,Free
2021-07-28 16:45:00,5.891110978409557,91.200005,27.25739135533713,29,262,7.991433151122363,406.3892557480715,26,5.0,1288,2021-07-28 16:45:00,2021-07-28 16:45:00,31.915085668493333,-93.93110847308458,,2021-07-28,868,0 days 00:00:00,79,4,False,False,,,,Free
2021-07-28 16:45:00,4.00928873375818,9.599999,12.624801214435882,29,279,40.84615384615385,233.7692307692308,13,5.0,1304,2021-07-28 16:45:00,2021-07-28 16:45:00,31.58653846154297,-95.65730867354488,,2021-07-28,776,0 days 00:30:00,68,3,False,False,,,,Free
2021-07-28 16:45:00,7.680323414217439,13.963635,46.32857029212533,29,283,48.51774847276709,295.0689654955624,44,5.0,1308,2021-07-28 16:45:00,2021-07-28 16:45:00,31.509822515276824,-95.04431134379864,,2021-07-28,829,0 days 00:15:00,75,3,False,False,,,,Free
2021-07-28 16:45:00,2.8375488871123253,9.599999,6.323777579832528,29,289,57.5,475.0,6,5.0,1314,2021-07-28 16:45:00,2021-07-28 16:45:00,31.42000000000448,-93.24500105017154,,2021-07-28,884,0 days 00:00:00,80,4,False,False,,,,Free
2021-07-28 16:45:00,8.436926486070094,79.154724,55.90599885597887,29,290,65.1141926600152,321.97028139377176,53,5.0,1315,2021-07-28 16:45:00,2021-07-28 16:45:00,31.34385807340432,-94.7752981925039,,2021-07-28,837,0 days 00:15:00,76,3,False,False,,,,Free
2021-07-28 16:45:00,2.011419762160191,9.6,3.1775713190325847,29,304,104.33333333333331,377.3333333333333,3,5.0,1326,2021-07-28 16:45:00,2021-07-28 16:45:00,30.95166666667108,-94.2216676889289,,2021-07-28,787,0 days 00:30:00,70,3,False,False,,,,Free
2021-07-28 16:45:00,15.798470181314412,63.911602,196.02883141820448,29,327,327.0534558670636,86.51484573341818,181,5.0,1346,2021-07-28 16:45:00,2021-07-28 16:45:00,28.72446544133342,-97.12985248182348,,2021-07-28,801,0 days 00:30:00,72,6,False,False,,,,Free
2021-07-28 16:45:00,5.998558286648485,31.015385,28.260747686566475,29,329,365.1442933036744,30.21437019889532,26,5.0,1348,2021-07-28 16:45:00,2021-07-28 16:45:00,28.343557066967254,-97.6928572210802,,2021-07-28,903,0 days 00:00:00,81,4,False,False,,,,Free
2021-07-28 16:45:00,9.524286719308972,100.28307,71.24506765965519,29,339,456.1807407893841,2.120386188455659,65,5.0,1356,2021-07-28 16:45:00,2021-07-28 16:45:00,27.43319259211001,-97.97379705315645,,2021-07-28,809,0 days 00:30:00,74,3,False,False,,,,Free
2021-07-28 16:45:00,2.3624240686701112,24.0,4.383344440808046,29,340,452.9394736822292,23.313157894076404,4,5.0,1357,2021-07-28 16:45:00,2021-07-28 16:45:00,27.46560526318157,-97.76186934215632,,2021-07-28,808,0 days 00:30:00,73,3,False,False,,,,Free
2021-07-28 17:00:00,44.25770678838857,423.53214,1538.3944193897937,30,272,9.434287004507306,193.7694385525108,1469,5.0,1362,2021-07-28 17:00:00,2021-07-28 17:00:00,31.90065712995948,-96.05730658428172,,2021-07-28,708,0 days 01:00:00,63,5,False,False,,,,Free
2021-07-28 17:00:00,7.7502972544227156,50.773335,47.176595936160936,30,278,8.216428768816654,403.6292843956381,45,5.0,1367,2021-07-28 17:00:00,2021-07-28 17:00:00,31.91283571231639,-93.95870818582016,,2021-07-28,868,0 days 00:15:00,79,4,False,False,,,,Free
2021-07-28 17:00:00,4.622293307380599,12.6,16.780499402333263,30,280,11.495065794504374,257.2648026360937,16,5.0,1369,2021-07-28 17:00:00,2021-07-28 17:00:00,31.880049342059507,-95.42235296159038,,2021-07-28,916,0 days 00:00:00,83,3,False,False,,,,Free
2021-07-28 17:00:00,3.840315861717893,9.599999,11.583072469548275,30,302,48.06666666666667,291.8,15,5.0,1390,2021-07-28 17:00:00,2021-07-28 17:00:00,31.514333333337827,-95.07700099782012,,2021-07-28,829,0 days 00:30:00,75,3,False,False,,,,Free
2021-07-28 17:00:00,5.433558245040543,114.32727,23.18774603280881,30,308,57.80492265333352,473.32571094849993,22,5.0,1396,2021-07-28 17:00:00,2021-07-28 17:00:00,31.416950773471143,-93.26174394020808,,2021-07-28,884,0 days 00:15:00,80,4,False,False,,,,Free
2021-07-28 17:00:00,7.420632325798255,31.843904,43.24856570971165,30,314,65.43358168140688,320.0537888452851,41,5.0,1402,2021-07-28 17:00:00,2021-07-28 17:00:00,31.3406641831904,-94.79446311744113,,2021-07-28,837,0 days 00:30:00,76,3,False,False,,,,Free
2021-07-28 17:00:00,12.525907776143615,192.41379,123.22768819522524,30,328,132.17602574315976,441.0630358947649,116,5.0,1415,2021-07-28 17:00:00,2021-07-28 17:00:00,30.673239742572765,-93.58437068152602,,2021-07-28,951,0 days 00:00:00,84,5,False,False,,,,Free
2021-07-28 17:00:00,18.493133260929262,84.73549,268.6030128585304,30,350,328.82564333802713,82.56316294224698,249,5.0,1433,2021-07-28 17:00:00,2021-07-28 17:00:00,28.706743566623786,-97.16936930860597,,2021-07-28,801,0 days 00:45:00,72,6,False,False,,,,Free
2021-07-28 17:00:00,5.881867518237675,21.504,27.17192192557572,30,352,364.1051866196773,27.317983523023443,25,5.0,1435,2021-07-28 17:00:00,2021-07-28 17:00:00,28.35394813380723,-97.72182108701128,,2021-07-28,903,0 days 00:15:00,81,4,False,False,,,,Free
2021-07-28 17:15:00,7.920560929659847,78.22978,49.272177965147286,31,232,7.149199174223647,400.2247562451896,48,5.0,1445,2021-07-28 17:15:00,2021-07-28 17:15:00,31.92350800826232,-93.9927534663518,,2021-07-28,868,0 days 00:30:00,79,4,False,False,,,,Free
2021-07-28 17:15:00,1.6342108541623,9.6,2.0975197690842813,31,233,12.0,254.3333333333333,3,5.0,1446,2021-07-28 17:15:00,2021-07-28 17:15:00,31.87500000000455,-95.4516676537803,,2021-07-28,916,0 days 00:15:00,83,3,False,False,,,,Free
2021-07-28 17:15:00,5.675475827941959,49.2,25.29848056223658,31,247,58.57579185664164,470.9483408761437,24,5.0,1459,2021-07-28 17:15:00,2021-07-28 17:15:00,31.409242081438062,-93.2855176402523,,2021-07-28,884,0 days 00:30:00,80,4,False,False,,,,Free
2021-07-28 17:15:00,12.950491867021762,143.6903,131.7232411538726,31,273,131.53616784450276,438.5600548917583,124,5.0,1483,2021-07-28 17:15:00,2021-07-28 17:15:00,30.67963832155933,-93.60940049084088,,2021-07-28,951,0 days 00:15:00,84,5,False,False,,,,Free
2021-07-28 17:15:00,2.3407173310356435,38.4,4.303163255073312,31,287,257.3562874260046,241.5718562869977,4,5.0,1497,2021-07-28 17:15:00,2021-07-28 17:15:00,29.42143712574412,-95.57928242059688,,2021-07-28,1007,0 days 00:00:00,85,3,False,False,,,,Free
2021-07-28 17:15:00,14.2689631963655,228.58377,159.90966628481775,31,288,303.3080174359257,96.69826531311584,157,5.0,1498,2021-07-28 17:15:00,2021-07-28 17:15:00,28.96191982564484,-97.0280182889365,,2021-07-28,1008,0 days 00:00:00,86,3,False,False,,,,Free
2021-07-28 17:15:00,17.37757018556392,92.75617,237.1744946211301,31,291,328.6491288065393,78.58645359280536,222,5.0,1501,2021-07-28 17:15:00,2021-07-28 17:15:00,28.708508711938663,-97.20913640096398,,2021-07-28,801,0 days 01:00:00,72,6,False,False,,,,Free
2021-07-28 17:15:00,6.112392922992149,44.444443,29.34353350831228,31,296,363.4542722885215,22.11474175686239,27,5.0,1506,2021-07-28 17:15:00,2021-07-28 17:15:00,28.360457277118787,-97.773853503186,,2021-07-28,903,0 days 00:30:00,81,4,False,False,,,,Free
2021-07-28 17:30:00,6.327770201035807,37.12,31.44787316941629,32,213,6.929431301581015,397.6091739007274,30,5.0,1514,2021-07-28 17:30:00,2021-07-28 17:30:00,31.92570568698875,-94.01890928904896,,2021-07-28,868,0 days 00:45:00,79,4,False,False,,,,Free
2021-07-28 17:30:00,4.323698690962567,16.457144,14.68252415465143,32,214,11.531172068046205,252.1197007460539,14,5.0,1515,2021-07-28 17:30:00,2021-07-28 17:30:00,31.87968827932409,-95.47380397902047,,2021-07-28,916,0 days 00:30:00,83,3,False,False,,,,Free
2021-07-28 17:30:00,11.284026909221875,163.60419,100.00416953317944,32,226,45.02828623628501,235.33048834046252,95,5.0,1525,2021-07-28 17:30:00,2021-07-28 17:30:00,31.544717137641648,-95.64169609827871,,2021-07-28,1026,0 days 00:00:00,87,3,False,False,,,,Free
2021-07-28 17:30:00,1.6383032806293645,9.6,2.108038232412287,32,232,58.0,466.5,2,5.0,1530,2021-07-28 17:30:00,2021-07-28 17:30:00,31.41500000000448,-93.3300010477426,,2021-07-28,884,0 days 00:45:00,80,4,False,False,,,,Free
2021-07-28 17:30:00,4.337441172142668,17.142857,14.776006604249485,32,237,70.27294118135445,444.8917647029784,14,5.0,1535,2021-07-28 17:30:00,2021-07-28 17:30:00,31.29227058819092,-93.54608339453802,,2021-07-28,1031,0 days 00:00:00,88,3,False,False,,,,Free
2021-07-28 17:30:00,2.3208104064628428,16.800001,4.230280912195955,32,241,89.90254237031293,455.0974576296871,4,5.0,1539,2021-07-28 17:30:00,2021-07-28 17:30:00,31.0959745763013,-93.4440264681873,,2021-07-28,1033,0 days 00:00:00,89,3,False,False,,,,Free
2021-07-28 17:30:00,4.650724193723664,15.6,16.987561857879275,32,251,127.33490565878591,321.76061319680497,16,5.0,1549,2021-07-28 17:30:00,2021-07-28 17:30:00,30.72165094341652,-94.77739487441364,,2021-07-28,1039,0 days 00:00:00,90,6,False,False,,,,Free
2021-07-28 17:30:00,11.394397323991004,109.69999,101.97004241175908,32,252,130.3677073286366,434.90885516143294,103,5.0,1550,2021-07-28 17:30:00,2021-07-28 17:30:00,30.691322926718,-93.6459124871007,,2021-07-28,951,0 days 00:30:00,84,5,False,False,,,,Free
2021-07-28 17:30:00,9.5355737444638,172.22685,71.41402967893247,32,263,165.72588851253187,427.23794648026046,67,5.0,1560,2021-07-28 17:30:00,2021-07-28 17:30:00,30.33774111487899,-93.72262157172042,,2021-07-28,1047,0 days 00:00:00,92,5,False,False,,,,Free
2021-07-28 17:30:00,5.612788904776423,55.513046,24.74271194281364,32,266,257.4739197962735,239.56154238977945,23,5.0,1563,2021-07-28 17:30:00,2021-07-28 17:30:00,29.42026080204144,-95.59938555899464,,2021-07-28,1007,0 days 00:15:00,85,3,False,False,,,,Free
2021-07-28 17:30:00,21.210300971750367,179.31743,353.3324653420266,32,268,302.10613699359305,91.38371069786136,327,5.0,1565,2021-07-28 17:30:00,2021-07-28 17:30:00,28.97393863006817,-97.08116383357036,,2021-07-28,1008,0 days 00:15:00,86,3,False,False,,,,Free
2021-07-28 17:30:00,20.13488961201787,42.44898,318.41123798308683,32,271,328.77505901372484,71.93754767733742,294,5.0,1567,2021-07-28 17:30:00,2021-07-28 17:30:00,28.707249409866808,-97.27562545821866,,2021-07-28,801,0 days 01:15:00,72,6,False,False,,,,Free
2021-07-28 17:30:00,5.762203121186338,17.2,26.07756328893781,32,274,361.10662251933775,18.80066224782855,26,5.0,1570,2021-07-28 17:30:00,2021-07-28 17:30:00,28.38393377481063,-97.80699429732933,,2021-07-28,903,0 days 00:45:00,81,4,False,False,,,,Free
2021-07-28 17:45:00,12.787136803582843,142.74097,128.4211351349079,33,207,45.057052765936064,233.71447438754305,123,5.0,1581,2021-07-28 17:45:00,2021-07-28 17:45:00,31.54442947234514,-95.65785623734617,,2021-07-28,1026,0 days 00:15:00,87,3,False,False,,,,Free
2021-07-28 17:45:00,8.278211622103166,107.48235,53.82238396827215,33,217,70.68217616603201,442.3873298775842,52,5.0,1591,2021-07-28 17:45:00,2021-07-28 17:45:00,31.288178238344138,-93.57112774207629,,2021-07-28,1031,0 days 00:15:00,88,3,False,False,,,,Free
2021-07-28 17:45:00,10.070450714109892,107.647995,79.65035173833753,33,231,129.3319824470827,432.3003143515992,75,5.0,1605,2021-07-28 17:45:00,2021-07-28 17:45:00,30.70168017553354,-93.67199789445364,,2021-07-28,951,0 days 00:45:00,84,5,False,False,,,,Free
2021-07-28 17:45:00,8.055621182660623,52.600002,50.96686865159256,33,232,128.163690464466,320.3061099282052,48,5.0,1606,2021-07-28 17:45:00,2021-07-28 17:45:00,30.71336309535971,-94.79193990668404,,2021-07-28,1039,0 days 00:15:00,90,6,False,False,,,,Free
2021-07-28 17:45:00,9.81681963183206,198.08452,75.68877991766155,33,241,167.8431103655445,423.3838792063827,71,5.0,1615,2021-07-28 17:45:00,2021-07-28 17:45:00,30.316568896348866,-93.76116224335784,,2021-07-28,1047,0 days 00:15:00,92,5,False,False,,,,Free
2021-07-28 17:45:00,1.6479819049109508,9.6,2.133019171564318,33,242,171.0,105.5,2,5.0,1616,2021-07-28 17:45:00,2021-07-28 17:45:00,30.285000000004302,-96.94000094458283,,2021-07-28,1074,0 days 00:00:00,93,3,False,False,,,,Free
2021-07-28 17:45:00,4.825505382977487,22.588236,18.288390662566293,33,245,257.4120401370691,235.1090301031208,17,5.0,1619,2021-07-28 17:45:00,2021-07-28 17:45:00,29.42087959863348,-95.64391068058887,,2021-07-28,1007,0 days 00:30:00,85,3,False,False,,,,Free
2021-07-28 17:45:00,22.25412682160892,113.2,388.9654249587937,33,246,300.25543876797707,86.0515333131104,362,5.0,1620,2021-07-28 17:45:00,2021-07-28 17:45:00,28.992445612324328,-97.13448560589416,,2021-07-28,1008,0 days 00:30:00,86,3,False,False,,,,Free
2021-07-28 18:00:00,13.19987368684999,20.603079,136.84515696143924,34,214,45.74537264351336,230.859661154685,133,5.0,1646,2021-07-28 18:00:00,2021-07-28 18:00:00,31.537546273569365,-95.68640436885892,,2021-07-28,1026,0 days 00:30:00,87,3,False,False,,,,Free
2021-07-28 18:00:00,5.437616614251583,94.25455,23.22239720392521,34,226,72.34518231544749,439.6654104580383,22,5.0,1653,2021-07-28 18:00:00,2021-07-28 18:00:00,31.271548176849983,-93.59834693549392,,2021-07-28,1031,0 days 00:30:00,88,3,False,False,,,,Free
2021-07-28 18:00:00,11.01032353305589,187.30666,95.21163932100454,34,228,92.30222578919162,448.2798093576106,90,5.0,1655,2021-07-28 18:00:00,2021-07-28 18:00:00,31.07197774211251,-93.51220294895984,,2021-07-28,1033,0 days 00:30:00,89,3,False,False,,,,Free
2021-07-28 18:00:00,8.855953281180593,27.144829,61.59713530949632,34,235,129.28667083391537,429.416692614146,58,5.0,1662,2021-07-28 18:00:00,2021-07-28 18:00:00,30.702133291665213,-93.70083411100416,,2021-07-28,951,0 days 01:00:00,84,5,False,False,,,,Free
2021-07-28 18:00:00,8.304024237501482,72.65882,54.158558632700405,34,236,129.18315654787725,317.0269518198207,51,5.0,1663,2021-07-28 18:00:00,2021-07-28 18:00:00,30.7031684345256,-94.8247314868308,,2021-07-28,1039,0 days 00:30:00,90,6,False,False,,,,Free
2021-07-28 18:00:00,10.090160353170372,164.608,79.96243627028429,34,242,168.52273669674835,420.4134515162772,91,5.0,1669,2021-07-28 18:00:00,2021-07-28 18:00:00,30.309772633036825,-93.79086651941007,,2021-07-28,1047,0 days 00:30:00,92,5,False,False,,,,Free
2021-07-28 18:00:00,5.8261750461352095,50.304,26.65980318359428,34,243,170.24615927844036,103.76178701769632,25,5.0,1670,2021-07-28 18:00:00,2021-07-28 18:00:00,30.2925384072199,-96.95738307390916,,2021-07-28,1074,0 days 00:15:00,93,3,False,False,,,,Free
2021-07-28 18:15:00,13.944519372791142,140.49104,152.72037484399175,35,171,52.84617181709596,295.26028551584903,153,5.0,1703,2021-07-28 18:15:00,2021-07-28 18:15:00,31.46653828183353,-95.04239814365047,,2021-07-28,1125,0 days 00:00:00,94,3,False,False,,,,Free
2021-07-28 18:15:00,8.58638849963494,259.19998,57.90431798283361,35,173,47.29057029270355,310.6282318851336,56,5.0,1705,2021-07-28 18:15:00,2021-07-28 18:15:00,31.52209429707746,-94.88871868434916,,2021-07-28,1127,0 days 00:00:00,95,3,False,False,,,,Free
2021-07-28 18:15:00,13.182737863609418,145.6372,136.4900880586371,35,180,92.22576093736252,444.4229586217665,129,5.0,1712,2021-07-28 18:15:00,2021-07-28 18:15:00,31.0727423906308,-93.55077145521614,,2021-07-28,1033,0 days 00:45:00,89,3,False,False,,,,Free
2021-07-28 18:15:00,9.867188467429944,93.73333,76.46747122673911,35,184,130.40599174797342,314.34488480939484,72,5.0,1716,2021-07-28 18:15:00,2021-07-28 18:15:00,30.69094008252463,-94.85155215616862,,2021-07-28,1039,0 days 00:45:00,90,6,False,False,,,,Free
2021-07-28 18:15:00,11.176189802244885,40.06957,98.10190000168708,35,187,169.51599305456713,417.7140466041255,92,5.0,1718,2021-07-28 18:15:00,2021-07-28 18:15:00,30.299840069458632,-93.8178605677602,,2021-07-28,1047,0 days 00:45:00,92,5,False,False,,,,Free
2021-07-28 18:15:00,1.1652991802382224,19.2,1.066509585787586,35,188,170.5,100.5,2,5.0,1719,2021-07-28 18:15:00,2021-07-28 18:15:00,30.290000000004305,-96.99000094315409,,2021-07-28,1074,0 days 00:30:00,93,3,False,False,,,,Free
2021-07-28 18:30:00,14.602415919427948,206.91322,167.47088288741085,36,161,54.90761488239355,291.96735941827774,161,5.0,1746,2021-07-28 18:30:00,2021-07-28 18:30:00,31.44592385118055,-95.07532740368516,,2021-07-28,1125,0 days 00:15:00,94,3,False,False,,,,Free
2021-07-28 18:30:00,9.61761051509082,114.92174,72.64809862564033,36,162,48.25979089135795,309.10440096178576,71,5.0,1747,2021-07-28 18:30:00,2021-07-28 18:30:00,31.51240209109092,-94.90395699314718,,2021-07-28,1127,0 days 00:15:00,95,3,False,False,,,,Free
2021-07-28 18:30:00,1.6403471265883045,9.6,2.1133012297903355,36,172,81.5,152.0,2,5.0,1756,2021-07-28 18:30:00,2021-07-28 18:30:00,31.18000000000444,-96.47500095787076,,2021-07-28,1161,0 days 00:00:00,97,3,False,False,,,,Free
2021-07-28 18:30:00,9.447426934277974,61.527275,70.0998300340145,36,178,131.3710732201779,311.5376862700592,66,5.0,1762,2021-07-28 18:30:00,2021-07-28 18:30:00,30.681289267802587,-94.8796241407598,,2021-07-28,1039,0 days 01:00:00,90,6,False,False,,,,Free
2021-07-28 18:30:00,21.4070274327574,170.69823,359.9172091392648,36,179,154.17173158645448,392.3840909962289,338,5.0,1763,2021-07-28 18:30:00,2021-07-28 18:30:00,30.453282684139783,-94.07116011660082,,2021-07-28,1164,0 days 00:00:00,98,8,False,False,,,,Free
2021-07-28 18:30:00,4.513199622504104,13.440001,15.99775228219761,36,181,170.960505531725,415.5939968390143,15,5.0,1765,2021-07-28 18:30:00,2021-07-28 18:30:00,30.28539494468705,-93.83906106480548,,2021-07-28,1047,0 days 01:00:00,92,5,False,False,,,,Free
2021-07-28 18:30:00,3.8753784804505536,18.327272,11.79554815811438,36,187,224.9686221000675,365.12551159973,11,5.0,1771,2021-07-28 18:30:00,2021-07-28 18:30:00,29.745313779003546,-94.3437459027764,,2021-07-28,1168,0 days 00:00:00,99,5,False,False,,,,Free
2021-07-28 18:45:00,3.464831436950598,16.000002,9.428749630124184,37,111,1.5696969714484377,352.8606060571031,9,5.0,1782,2021-07-28 18:45:00,2021-07-28 18:45:00,31.979303030290083,-94.46639495469782,,2021-07-28,1175,0 days 00:00:00,100,4,False,False,,,,Free
2021-07-28 18:45:00,14.419629226046016,150.56514,163.30446841398532,37,117,55.84184138802569,289.2872339568555,167,5.0,1787,2021-07-28 18:45:00,2021-07-28 18:45:00,31.436581586124227,-95.10212865753353,,2021-07-28,1125,0 days 00:30:00,94,3,False,False,,,,Free
2021-07-28 18:45:00,9.687009749559309,71.04001,73.70031686187983,37,118,48.19399497650963,308.71376653240617,70,5.0,1788,2021-07-28 18:45:00,2021-07-28 18:45:00,31.5130600502394,-94.9078633373294,,2021-07-28,1127,0 days 00:30:00,95,3,False,False,,,,Free
2021-07-28 18:45:00,5.681953906458296,25.199999,25.356265699265546,37,128,80.65099009039145,149.98803630523233,24,5.0,1797,2021-07-28 18:45:00,2021-07-28 18:45:00,31.18849009910053,-96.49512059424347,,2021-07-28,1161,0 days 00:15:00,97,3,False,False,,,,Free
2021-07-28 18:45:00,6.578906334920289,22.8,33.993610034046725,37,131,132.76966291139664,309.3230336810672,32,5.0,1800,2021-07-28 18:45:00,2021-07-28 18:45:00,30.667303370890394,-94.90177066601684,,2021-07-28,1039,0 days 01:15:00,90,6,False,False,,,,Free
2021-07-28 18:45:00,22.426939306932823,201.18599,395.0298345324069,37,132,153.90712922878572,388.7432630389593,371,5.0,1801,2021-07-28 18:45:00,2021-07-28 18:45:00,30.45592870771647,-94.10756839513311,,2021-07-28,1164,0 days 00:15:00,98,8,False,False,,,,Free
2021-07-28 18:45:00,6.712697151253145,45.67273,35.39027925323725,37,134,225.57830429318565,364.19415883936574,33,5.0,1803,2021-07-28 18:45:00,2021-07-28 18:45:00,29.73921695707236,-94.35305943011387,,2021-07-28,1168,0 days 00:15:00,99,5,False,False,,,,Free
2021-07-28 19:00:00,7.025583327848448,50.07568,38.76632743668737,38,136,2.87252666314804,351.15373542533285,37,5.0,1813,2021-07-28 19:00:00,2021-07-28 19:00:00,31.966274733373083,-94.48346366052778,,2021-07-28,1175,0 days 00:15:00,100,4,False,False,,,,Free
2021-07-28 19:00:00,5.904707103221962,35.076923,27.38335148245182,38,151,50.51048592934558,491.1327365711159,26,5.0,1826,2021-07-28 19:00:00,2021-07-28 19:00:00,31.489895140711035,-93.08367368907052,,2021-07-28,1199,0 days 00:00:00,103,5,False,False,,,,Free
2021-07-28 19:00:00,1.638084884998222,9.6,2.1074762416508017,38,153,55.5,476.0,2,5.0,1828,2021-07-28 19:00:00,2021-07-28 19:00:00,31.44000000000448,-93.2350010504573,,2021-07-28,1201,0 days 00:00:00,104,5,False,False,,,,Free
2021-07-28 19:00:00,4.3397213151247485,21.942856,14.791545841332969,38,163,80.73376623075032,148.78814935096352,16,5.0,1838,2021-07-28 19:00:00,2021-07-28 19:00:00,31.187662337696946,-96.5071194634433,,2021-07-28,1161,0 days 00:30:00,97,3,False,False,,,,Free
2021-07-28 19:00:00,22.51663820836062,101.3647,398.1960804647037,38,165,155.07403912325518,384.6971121258945,374,5.0,1840,2021-07-28 19:00:00,2021-07-28 19:00:00,30.444259608771777,-94.14802990310756,,2021-07-28,1164,0 days 00:30:00,98,8,False,False,,,,Free
2021-07-28 19:00:00,6.292954272432247,43.69655,31.102767455404813,38,167,226.3772946133421,363.18445909145737,29,5.0,1841,2021-07-28 19:00:00,2021-07-28 19:00:00,29.7312270538708,-94.36315642730445,,2021-07-28,1168,0 days 00:30:00,99,5,False,False,,,,Free
2021-07-28 19:15:00,7.025841844066507,73.94595,38.76918041224001,39,130,3.2138769041676976,349.34668754197816,37,5.0,1851,2021-07-28 19:15:00,2021-07-28 19:15:00,31.962861230962886,-94.50153413884492,,2021-07-28,1175,0 days 00:30:00,100,4,False,False,,,,Free
2021-07-28 19:15:00,7.504739185045039,169.14285,44.23449653950656,39,142,50.375776036563565,488.4934435698871,42,5.0,1861,2021-07-28 19:15:00,2021-07-28 19:15:00,31.49124223963885,-93.11006661832856,,2021-07-28,1199,0 days 00:15:00,103,5,False,False,,,,Free
2021-07-28 19:15:00,5.791547874115865,152.064,26.34384622820745,39,144,55.40907362004472,473.1947995353741,25,5.0,1863,2021-07-28 19:15:00,2021-07-28 19:15:00,31.44090926380404,-93.26305305430196,,2021-07-28,1201,0 days 00:15:00,104,5,False,False,,,,Free
2021-07-28 19:15:00,19.55158530676756,75.57447,300.2298268133991,39,160,157.99209762784807,380.7982390019887,291,5.0,1876,2021-07-28 19:15:00,2021-07-28 19:15:00,30.41507902372584,-94.18701863323248,,2021-07-28,1164,0 days 00:45:00,98,8,False,False,,,,Free
2021-07-28 19:15:00,3.695634439080597,33.6,10.726743419015785,39,162,227.5622377891658,362.2349650227276,10,5.0,1878,2021-07-28 19:15:00,2021-07-28 19:15:00,29.71937762211256,-94.37265136772044,,2021-07-28,1168,0 days 00:45:00,99,5,False,False,,,,Free
2021-07-28 19:30:00,7.213467826148799,95.26153,40.86750077316135,40,141,4.3862848701492325,347.7135958205951,39,5.0,1887,2021-07-28 19:30:00,2021-07-28 19:30:00,31.95113715130307,-94.5178650555921,,2021-07-28,1175,0 days 00:45:00,100,4,False,False,,,,Free
2021-07-28 19:30:00,7.76815035056428,127.78665,47.39419233285258,40,148,50.103015173671146,484.8935461750755,45,5.0,1894,2021-07-28 19:30:00,2021-07-28 19:30:00,31.49396984826778,-93.14606559124798,,2021-07-28,1199,0 days 00:30:00,103,5,False,False,,,,Free
2021-07-28 19:30:00,7.416971450196121,175.84389,43.20590396402342,40,149,56.19658510763436,469.90057960313817,41,5.0,1895,2021-07-28 19:30:00,2021-07-28 19:30:00,31.433034148928137,-93.29599525268291,,2021-07-28,1201,0 days 00:30:00,104,5,False,False,,,,Free
2021-07-28 19:30:00,2.3201378878881176,14.400001,4.227829587191799,40,163,84.37765957176983,483.6329787153095,4,5.0,1907,2021-07-28 19:30:00,2021-07-28 19:30:00,31.15122340428674,-93.1586712654854,,2021-07-28,1243,0 days 00:00:00,106,3,False,False,,,,Free
2021-07-28 19:30:00,14.777616516128932,55.751553,171.5136407762059,40,170,162.2794657120766,376.4639903872112,162,5.0,1914,2021-07-28 19:30:00,2021-07-28 19:30:00,30.37220534288355,-94.23036111814169,,2021-07-28,1164,0 days 01:00:00,98,8,False,False,,,,Free
2021-07-28 19:30:00,2.8627164188481062,12.8,6.436452063266019,40,171,229.1068375998709,361.9017093999677,6,5.0,1915,2021-07-28 19:30:00,2021-07-28 19:30:00,29.703931624005502,-94.3759839238528,,2021-07-28,1168,0 days 01:00:00,99,5,False,False,,,,Free
2021-07-28 19:45:00,37.3805016182127,151.7021,1097.438346937178,41,126,63.97864420611055,268.392699263712,1079,5.0,1927,2021-07-28 19:45:00,2021-07-28 19:45:00,31.355213557943365,-95.31107399849412,,2021-07-28,1258,0 days 00:00:00,107,3,False,False,,,,Free
2021-07-28 19:45:00,7.231789486294177,62.030773,41.07536511124722,41,131,50.456703539972416,480.7451668150753,39,5.0,1930,2021-07-28 19:45:00,2021-07-28 19:45:00,31.490432964604768,-93.18754938366254,,2021-07-28,1199,0 days 00:45:00,103,5,False,False,,,,Free
2021-07-28 19:45:00,9.047706803908234,128.10492,64.2934778046928,41,132,57.37462380218943,464.5960795683997,61,5.0,1931,2021-07-28 19:45:00,2021-07-28 19:45:00,31.421253761982587,-93.34904025151452,,2021-07-28,1201,0 days 00:45:00,104,5,False,False,,,,Free
2021-07-28 19:45:00,3.668605213484725,23.04,10.570410154207664,41,142,84.84035476894228,481.4235033234808,10,5.0,1941,2021-07-28 19:45:00,2021-07-28 19:45:00,31.146596452315013,-93.18076601877232,,2021-07-28,1243,0 days 00:15:00,106,3,False,False,,,,Free
2021-07-28 19:45:00,,,,41,143,97.91212987380914,410.0012734815418,51,5.0,1942,2021-07-28 19:45:00,2021-07-28 19:45:00,31.015878701266324,-93.894988296782,,2021-07-28,1266,0 days 00:00:00,108,7,False,False,,,,Free
2021-07-28 19:45:00,4.3501365186734136,26.057144,14.86262958870966,41,147,126.55088195136508,404.62754409918574,14,5.0,1946,2021-07-28 19:45:00,2021-07-28 19:45:00,30.72949118049072,-93.94872558906997,,2021-07-28,1270,0 days 00:00:00,109,3,False,False,,,,Free
2021-07-28 19:45:00,3.078489368662585,9.599999,7.4432944155373555,41,149,141.85714285714286,381.7142857142857,7,5.0,1947,2021-07-28 19:45:00,2021-07-28 19:45:00,30.57642857143292,-94.17785816637128,,2021-07-28,1271,0 days 00:00:00,110,3,False,False,,,,Free
2021-07-28 19:45:00,12.599083110027808,42.09231,124.67166596400811,41,150,164.5496566365324,372.767639052757,117,5.0,1948,2021-07-28 19:45:00,2021-07-28 19:45:00,30.34950343363899,-94.26732463042993,,2021-07-28,1164,0 days 01:15:00,98,8,False,False,,,,Free
2021-07-28 20:00:00,3.661989090215621,10.559999,10.532318252530857,42,113,50.82733813566634,475.2410072034995,10,5.0,1962,2021-07-28 20:00:00,2021-07-28 20:00:00,31.486726618647825,-93.24259097820544,,2021-07-28,1199,0 days 01:00:00,103,5,False,False,,,,Free
2021-07-28 20:00:00,5.316474198632785,93.714294,22.19919890298985,42,120,85.46247988054276,479.7407407517372,21,5.0,1968,2021-07-28 20:00:00,2021-07-28 20:00:00,31.14037520119901,-93.19759364400886,,2021-07-28,1243,0 days 00:30:00,106,3,False,False,,,,Free
2021-07-28 20:00:00,10.576037507199304,48.346992,87.84880254167105,42,123,98.10289620056132,405.80955025245305,83,5.0,1971,2021-07-28 20:00:00,2021-07-28 20:00:00,31.013971037998804,-93.93690552787508,,2021-07-28,1266,0 days 00:15:00,108,7,False,False,,,,Free
2021-07-28 20:00:00,3.4854186311188875,27.733334,9.541129227711432,42,126,113.00195502294976,38.65298141279508,9,5.0,1974,2021-07-28 20:00:00,2021-07-28 20:00:00,30.86498044977489,-97.60847111135264,,2021-07-28,1288,0 days 00:00:00,111,4,False,False,,,,Free
2021-07-28 20:00:00,9.246301338758943,20.571426,67.14690004771921,42,130,164.83261977952574,368.65280325564686,63,5.0,1978,2021-07-28 20:00:00,2021-07-28 20:00:00,30.34667380220905,-94.30847298722516,,2021-07-28,1164,0 days 01:30:00,98,8,False,False,,,,Free
2021-07-28 20:00:00,2.609283037882732,9.6,5.347271846790383,42,131,198.2,366.4,5,5.0,1979,2021-07-28 20:00:00,2021-07-28 20:00:00,30.01300000000426,-94.33100101913789,,2021-07-28,1292,0 days 00:00:00,112,9,False,False,,,,Free
2021-07-28 20:15:00,26.78030942561735,33.70787,563.2757605568919,43,107,65.66628407290953,264.1553480070337,535,5.0,1990,2021-07-28 20:15:00,2021-07-28 20:15:00,31.338337159275373,-95.35344750985,,2021-07-28,1258,0 days 00:30:00,107,3,False,False,,,,Free
2021-07-28 20:15:00,3.663494153001069,9.6,10.540977512495235,43,109,58.7,455.2,10,5.0,1992,2021-07-28 20:15:00,2021-07-28 20:15:00,31.40800000000448,-93.4430010445135,,2021-07-28,1201,0 days 01:15:00,104,5,False,False,,,,Free
2021-07-28 20:15:00,10.319228776089886,77.52911,83.63428780829382,43,118,99.25058465238162,402.9331215841939,79,5.0,2000,2021-07-28 20:15:00,2021-07-28 20:15:00,31.0024941534806,-93.9656698137357,,2021-07-28,1266,0 days 00:30:00,108,7,False,False,,,,Free
2021-07-28 20:15:00,8.048053719846113,103.0,50.871156920437485,43,119,111.80310373990798,36.58626700490586,48,5.0,2001,2021-07-28 20:15:00,2021-07-28 20:15:00,30.876968962605314,-97.62913825484094,,2021-07-28,1288,0 days 00:15:00,111,4,False,False,,,,Free
2021-07-28 20:15:00,,,,43,121,126.0,395.2,5,5.0,2003,2021-07-28 20:15:00,2021-07-28 20:15:00,30.735000000004373,-94.04300102736784,,2021-07-28,1270,0 days 00:30:00,109,3,False,False,,,,Free
2021-07-28 20:15:00,7.359421082416033,37.920002,42.538011713715065,43,123,142.77779466793285,374.1249999963789,40,5.0,2005,2021-07-28 20:15:00,2021-07-28 20:15:00,30.56722205332502,-94.25375102138162,,2021-07-28,1271,0 days 00:30:00,110,3,False,False,,,,Free
2021-07-28 20:15:00,1.6473090657267777,9.6,2.131277786058767,43,124,163.0,365.5,2,5.0,2006,2021-07-28 20:15:00,2021-07-28 20:15:00,30.365000000004315,-94.34000101888068,,2021-07-28,1164,0 days 01:45:00,98,8,False,False,,,,Free
2021-07-28 20:15:00,8.495657493265865,45.464153,56.68705197017526,43,126,199.2651310244838,363.6002051743597,53,5.0,2007,2021-07-28 20:15:00,2021-07-28 20:15:00,30.00234868975942,-94.35899896659424,,2021-07-28,1292,0 days 00:15:00,112,9,False,False,,,,Free
2021-07-28 20:30:00,6.857316692143715,9.600001,36.93161464454334,44,89,64.30434782608695,259.18840579710144,69,5.0,2018,2021-07-28 20:30:00,2021-07-28 20:30:00,31.3519565217436,-95.40311693053002,,2021-07-28,1258,0 days 00:45:00,107,3,False,False,,,,Free
2021-07-28 20:30:00,12.981821276386066,65.51039,132.3613332219305,44,98,100.88050980874333,398.8716518016124,125,5.0,2026,2021-07-28 20:30:00,2021-07-28 20:30:00,30.98619490191697,-94.00628451040092,,2021-07-28,1266,0 days 00:45:00,108,7,False,False,,,,Free
2021-07-28 20:30:00,7.437665575693875,32.07805,43.44733828336143,44,100,110.55755717088384,33.752296876679424,41,5.0,2028,2021-07-28 20:30:00,2021-07-28 20:30:00,30.88942442829556,-97.65747795531335,,2021-07-28,1288,0 days 00:30:00,111,4,False,False,,,,Free
2021-07-28 20:30:00,3.856017681190495,12.218183,11.67798504149232,44,103,126.5314861439779,392.8211586925967,11,5.0,2031,2021-07-28 20:30:00,2021-07-28 20:30:00,30.729685138564594,-94.06678943976208,,2021-07-28,1270,0 days 00:45:00,109,3,False,False,,,,Free
2021-07-28 20:30:00,6.982018668639721,16.533333,38.28704888314903,44,104,143.34633912745272,371.1396917035686,36,5.0,2032,2021-07-28 20:30:00,2021-07-28 20:30:00,30.561536608729817,-94.28360410345664,,2021-07-28,1271,0 days 00:45:00,110,3,False,False,,,,Free
2021-07-28 20:30:00,10.503270670779957,119.22962,86.6441002714953,44,105,200.22566628206505,359.1842941496411,81,5.0,2033,2021-07-28 20:30:00,2021-07-28 20:30:00,29.992743337183608,-94.40315807557954,,2021-07-28,1292,0 days 00:30:00,112,9,False,False,,,,Free
2021-07-28 20:30:00,5.382951750555704,15.54286,22.75783034592901,44,106,333.2791327887598,9.10569105761097,21,5.0,2034,2021-07-28 20:30:00,2021-07-28 20:30:00,28.66220867211645,-97.90394400646102,,2021-07-28,1321,0 days 00:00:00,113,4,False,False,,,,Free
2021-07-28 20:45:00,13.591914569893294,72.59563,145.09456797754743,45,109,103.92667860899311,395.5258406514228,137,5.0,2051,2021-07-28 20:45:00,2021-07-28 20:45:00,30.95573321391448,-94.0397426209467,,2021-07-28,1266,0 days 01:00:00,108,7,False,False,,,,Free
2021-07-28 20:45:00,1.6428039399567034,9.6,2.119636321615055,45,111,110.0,30.5,2,5.0,2053,2021-07-28 20:45:00,2021-07-28 20:45:00,30.8950000000044,-97.69000092315082,,2021-07-28,1288,0 days 00:45:00,111,4,False,False,,,,Free
2021-07-28 20:45:00,2.3280350629544446,9.6,4.256659539641166,45,116,149.5,364.5,4,5.0,2057,2021-07-28 20:45:00,2021-07-28 20:45:00,30.50000000000433,-94.35000101859498,,2021-07-28,1337,0 days 00:00:00,114,4,False,False,,,,Free
2021-07-28 20:45:00,10.374003719941843,166.35948,84.52451357356517,45,117,201.8652520027602,355.29999374967286,80,5.0,2058,2021-07-28 20:45:00,2021-07-28 20:45:00,29.976347479976653,-94.44200107846922,,2021-07-28,1292,0 days 00:45:00,112,9,False,False,,,,Free
2021-07-28 20:45:00,6.644685802166412,22.8,34.67678143683134,45,119,332.50330895241206,6.435736679406849,33,5.0,2060,2021-07-28 20:45:00,2021-07-28 20:45:00,28.66996691047993,-97.93064354948012,,2021-07-28,1321,0 days 00:15:00,113,4,False,False,,,,Free
2021-07-28 21:00:00,13.190851349770176,43.83256,136.65814893294555,46,72,107.56709383686707,393.1845729909137,129,5.0,2072,2021-07-28 21:00:00,2021-07-28 21:00:00,30.91932906163573,-94.06315529688275,,2021-07-28,1266,0 days 01:15:00,108,7,False,False,,,,Free
2021-07-28 21:00:00,6.886850181397812,47.177143,37.250418129986976,46,76,150.8647879609251,361.1051348039373,35,5.0,2075,2021-07-28 21:00:00,2021-07-28 21:00:00,30.48635212039508,-94.38394966958543,,2021-07-28,1337,0 days 00:15:00,114,4,False,False,,,,Free
2021-07-28 21:00:00,12.296930820408727,208.34593,118.76359654959592,46,77,202.4592306528116,350.7122325682108,112,5.0,2076,2021-07-28 21:00:00,2021-07-28 21:00:00,29.970407693476137,-94.48787868897284,,2021-07-28,1292,0 days 01:00:00,112,9,False,False,,,,Free
2021-07-28 21:00:00,6.215337109477159,39.42857,30.34025729422276,46,79,331.71161826353784,2.801244813250916,28,5.0,2078,2021-07-28 21:00:00,2021-07-28 21:00:00,28.67788381736868,-97.96698846710308,,2021-07-28,1321,0 days 00:30:00,113,4,False,False,,,,Free
2021-07-28 21:15:00,8.846929065967673,25.655172,61.47166432420512,47,62,110.3893155225317,390.0293822983904,58,5.0,2086,2021-07-28 21:15:00,2021-07-28 21:15:00,30.89110684477908,-94.09470720290636,,2021-07-28,1266,0 days 01:30:00,108,7,False,False,,,,Free
2021-07-28 21:15:00,7.454222105518937,44.25366,43.64098447002362,47,67,151.9384863647157,358.4998135879015,41,5.0,2089,2021-07-28 21:15:00,2021-07-28 21:15:00,30.47561513635717,-94.41000288100132,,2021-07-28,1337,0 days 00:30:00,114,4,False,False,,,,Free
2021-07-28 21:15:00,13.560598938658858,113.77777,144.42674541137134,47,68,203.8594892749348,345.69754171233507,135,5.0,2090,2021-07-28 21:15:00,2021-07-28 21:15:00,29.956405107254906,-94.53802559609858,,2021-07-28,1292,0 days 01:15:00,112,9,False,False,,,,Free
2021-07-28 21:15:00,4.54895931191821,16.640001,16.25226840232299,47,70,331.16494845079274,1.3757159247980324,15,5.0,2092,2021-07-28 21:15:00,2021-07-28 21:15:00,28.683350515496123,-97.98124375558024,,2021-07-28,1321,0 days 00:45:00,113,4,False,False,,,,Free
2021-07-28 21:30:00,,,,48,29,151.66666666666666,354.5,6,5.0,2096,2021-07-28 21:30:00,2021-07-28 21:30:00,30.478333333337662,-94.45000101573736,,2021-07-28,1337,0 days 00:45:00,114,4,False,False,,,,Free
2021-07-28 21:30:00,13.712003264362922,85.704346,147.66980361186307,48,30,205.97151884108257,340.6528571272371,138,5.0,2097,2021-07-28 21:30:00,2021-07-28 21:30:00,29.935284811593423,-94.588472440508,,2021-07-28,1292,0 days 01:30:00,112,9,False,False,,,,Free
2021-07-28 21:45:00,10.309934728632484,54.76923,83.48370465572663,49,48,207.39314782497536,335.82642969764623,78,5.0,2106,2021-07-28 21:45:00,2021-07-28 21:45:00,29.92106852175449,-94.63673671342468,,2021-07-28,1292,0 days 01:45:00,112,9,False,False,,,,Free
2021-07-28 22:00:00,4.52225984315128,42.879997,16.062047533429748,50,18,210.69728968784423,330.2101372584048,15,5.0,2112,2021-07-28 22:00:00,2021-07-28 22:00:00,29.8880271031258,-94.6928996362122,,2021-07-28,1292,0 days 02:00:00,112,9,False,False,,,,Free
2021-07-28 23:15:00,2.0440793022599126,9.6,3.281597882507224,55,35,433.0,304.0,3,5.0,2153,2021-07-28 23:15:00,2021-07-28 23:15:00,27.665000000003893,-94.9550010013064,,2021-07-28,1397,0 days 00:00:00,115,3,False,False,,,,Free
2021-07-28 23:30:00,5.781297839718198,21.6,26.25068067492553,56,31,432.10692771105965,303.38102408434463,24,5.0,2161,2021-07-28 23:30:00,2021-07-28 23:30:00,27.6739307228933,-94.96119076028612,,2021-07-28,1397,0 days 00:15:00,115,3,False,False,,,,Free
2021-07-28 23:45:00,2.360083431360481,9.6,4.3746629029974375,57,28,431.0,300.5,4,5.0,2166,2021-07-28 23:45:00,2021-07-28 23:45:00,27.685000000003896,-94.99000100030628,,2021-07-28,1397,0 days 00:30:00,115,3,False,False,,,,Free
2021-07-28 23:45:00,7.924763290801553,67.41334,49.32447588116565,57,33,455.1832941678085,284.25813570884054,45,5.0,2171,2021-07-28 23:45:00,2021-07-28 23:45:00,27.443167058325773,-95.15241963857652,,2021-07-28,1413,0 days 00:00:00,116,4,False,False,,,,Free
2021-07-29 00:00:00,5.664600476900826,27.130434,25.20161951895658,58,40,451.8065843671217,200.6505223416557,33,5.0,2177,2021-07-29 00:00:00,2021-07-29 00:00:00,27.476934156332646,-95.98849574835664,,2021-07-29,1419,0 days 00:00:00,117,6,False,False,,,,Free
2021-07-29 00:00:00,4.259295695098447,12.553848,14.248379178371865,58,42,454.3547854697184,279.6023102050541,18,5.0,2179,2021-07-29 00:00:00,2021-07-29 00:00:00,27.451452145306675,-95.19897789228396,,2021-07-29,1413,0 days 00:15:00,116,4,False,False,,,,Free
2021-07-29 00:00:00,6.900766832545775,32.188236,37.40111833164047,58,47,494.6086109945406,271.6828212823933,34,5.0,2184,2021-07-29 00:00:00,2021-07-29 00:00:00,27.04891389005839,-95.27817277924748,,2021-07-29,1424,0 days 00:00:00,118,4,False,False,,,,Free
2021-07-29 00:15:00,4.571911598563433,16.640001,16.416687457996435,59,28,438.6460481125934,194.57159220670064,15,5.0,2185,2021-07-29 00:15:00,2021-07-29 00:15:00,27.60853951887795,-96.04928504796902,,2021-07-29,1425,0 days 00:00:00,119,3,False,False,,,,Free
2021-07-29 00:15:00,10.630766217902748,43.496296,88.76035216390436,59,31,451.2972227737594,195.0436790356524,81,5.0,2188,2021-07-29 00:15:00,2021-07-29 00:15:00,27.48202777226627,-96.04456417981442,,2021-07-29,1419,0 days 00:15:00,117,6,False,False,,,,Free
2021-07-29 00:15:00,6.023112509482344,35.44615,28.49258370264379,59,32,453.0004995143049,379.0162337254493,28,5.0,2189,2021-07-29 00:15:00,2021-07-29 00:15:00,27.46499500486081,-94.20483868548864,,2021-07-29,1427,0 days 00:00:00,120,3,False,False,,,,Free
2021-07-29 00:15:00,7.282031701917272,18.442102,41.64808258351583,59,33,454.0310438627697,274.15638339597507,39,5.0,2190,2021-07-29 00:15:00,2021-07-29 00:15:00,27.454689561376163,-95.25343715881854,,2021-07-29,1413,0 days 00:30:00,116,4,False,False,,,,Free
2021-07-29 00:30:00,5.783191388388679,12.8,26.26787926359112,60,45,439.0109452861898,188.426865686938,27,5.0,2194,2021-07-29 00:30:00,2021-07-29 00:30:00,27.604890547141984,-96.11073231141074,,2021-07-29,1425,0 days 00:15:00,119,3,False,False,,,,Free
2021-07-29 00:30:00,12.2179853701979,95.64112,117.2435832076048,60,46,451.6516816836381,188.58138288024875,107,5.0,2195,2021-07-29 00:30:00,2021-07-29 00:30:00,27.478483183167484,-96.1091871395218,,2021-07-29,1419,0 days 00:30:00,117,6,False,False,,,,Free
2021-07-29 00:30:00,11.515066322874802,45.97896,104.14124582329548,60,48,459.5083482723118,265.814282041672,95,5.0,2196,2021-07-29 00:30:00,2021-07-29 00:30:00,27.399916517280733,-95.33685816997767,,2021-07-29,1431,0 days 00:00:00,121,3,False,False,,,,Free
2021-07-29 00:30:00,9.300896610435696,54.193554,67.94218583275926,60,49,452.6122875966192,371.9017483291809,76,5.0,2197,2021-07-29 00:30:00,2021-07-29 00:30:00,27.46887712403767,-94.27598353741826,,2021-07-29,1427,0 days 00:15:00,120,3,False,False,,,,Free
2021-07-29 00:30:00,12.524125935545957,173.91429,123.19263181700886,60,53,493.79647389204166,258.4154541249492,148,5.0,2199,2021-07-29 00:30:00,2021-07-29 00:30:00,27.05703526108338,-95.41084644703062,,2021-07-29,1424,0 days 00:30:00,118,4,False,False,,,,Free
2021-07-29 00:45:00,5.783004469718569,14.8,26.26618128149736,61,34,438.2738095300847,184.2006802714193,24,5.0,2202,2021-07-29 00:45:00,2021-07-29 00:45:00,27.61226190470304,-96.15299416435823,,2021-07-29,1425,0 days 00:30:00,119,3,False,False,,,,Free
2021-07-29 00:45:00,12.938168218839303,105.68,131.4726655727633,61,36,450.0420474088934,183.63542908614943,120,5.0,2204,2021-07-29 00:45:00,2021-07-29 00:45:00,27.494579525914933,-96.15864667604944,,2021-07-29,1419,0 days 00:45:00,117,6,False,False,,,,Free
2021-07-29 00:45:00,8.011239271740605,89.53044,50.406818524026086,61,37,452.5041318204061,260.31072303182435,70,5.0,2205,2021-07-29 00:45:00,2021-07-29 00:45:00,27.4699586817998,-95.3918937585035,,2021-07-29,1413,0 days 01:00:00,116,4,False,False,,,,Free
2021-07-29 00:45:00,8.097377684534045,50.859577,51.49661400096409,61,38,450.975039455587,363.6811727810514,47,5.0,2206,2021-07-29 00:45:00,2021-07-29 00:45:00,27.485249605448,-94.35818929055046,,2021-07-29,1427,0 days 00:30:00,120,3,False,False,,,,Free
2021-07-29 00:45:00,12.298447726086216,212.53333,118.79289886706744,61,42,495.0332655147936,253.91710391592795,108,5.0,2209,2021-07-29 00:45:00,2021-07-29 00:45:00,27.04466734485586,-95.4558299478354,,2021-07-29,1424,0 days 00:45:00,118,4,False,False,,,,Free
2021-07-29 01:00:00,12.215936520295609,44.231777,117.20426504576716,62,43,448.99569738675626,179.14444443650842,114,5.0,2211,2021-07-29 01:00:00,2021-07-29 01:00:00,27.505043026136303,-96.2035565212625,,2021-07-29,1419,0 days 01:00:00,117,6,False,False,,,,Free
2021-07-29 01:00:00,4.869406599662882,11.294118,18.622670597128213,62,46,449.5023981076541,251.4964028813998,30,5.0,2213,2021-07-29 01:00:00,2021-07-29 01:00:00,27.499976018927327,-95.48003695748896,,2021-07-29,1439,0 days 00:00:00,122,3,False,False,,,,Free
2021-07-29 01:00:00,4.260926657311448,14.769232,14.259293197466384,62,52,463.3748031451126,255.85826771003136,13,5.0,2217,2021-07-29 01:00:00,2021-07-29 01:00:00,27.36125196855272,-95.43641831044908,,2021-07-29,1431,0 days 00:30:00,121,3,False,False,,,,Free
2021-07-29 01:00:00,13.284120722754215,69.79049,138.59753579473826,62,55,495.44769459794304,250.00367484951312,126,5.0,2220,2021-07-29 01:00:00,2021-07-29 01:00:00,27.04052305402437,-95.49496423738124,,2021-07-29,1424,0 days 01:00:00,118,4,False,False,,,,Free
2021-07-29 01:15:00,9.594630470167845,19.199999,72.3013467809165,63,30,448.2710200716481,247.0945369199138,66,5.0,2222,2021-07-29 01:15:00,2021-07-29 01:15:00,27.512289799287387,-95.5240556158459,,2021-07-29,1439,0 days 00:15:00,122,3,False,False,,,,Free
2021-07-29 01:15:00,1.6701637508439195,9.6,2.1908265150633874,63,31,448.5,173.0,2,5.0,2223,2021-07-29 01:15:00,2021-07-29 01:15:00,27.51000000000387,-96.26500096387171,,2021-07-29,1419,0 days 01:15:00,117,6,False,False,,,,Free
2021-07-29 01:15:00,6.364141902765967,28.468966,31.81043372868709,63,34,462.677637396966,251.23302967919864,29,5.0,2226,2021-07-29 01:15:00,2021-07-29 01:15:00,27.368223626034187,-95.48267068943568,,2021-07-29,1431,0 days 00:45:00,121,3,False,False,,,,Free
2021-07-29 01:30:00,8.009720737816265,21.913042,50.38771106590823,64,32,448.12082262590826,241.91439585704669,46,5.0,2229,2021-07-29 01:30:00,2021-07-29 01:30:00,27.513791773744785,-95.57585702499432,,2021-07-29,1439,0 days 00:30:00,122,3,False,False,,,,Free
2021-07-29 02:00:00,3.918843276434784,9.599999,12.061620838561424,66,57,459.4166666666667,375.8333333333333,12,5.0,2249,2021-07-29 02:00:00,2021-07-29 02:00:00,27.400833333337182,-94.23666768850023,,2021-07-29,1466,0 days 00:00:00,123,3,False,False,,,,Free
2021-07-29 02:00:00,11.639453875804245,16.230928,106.4032978610902,66,58,463.574628241245,486.4360198374051,97,5.0,2250,2021-07-29 02:00:00,2021-07-29 02:00:00,27.3592537175914,-93.13064085506544,,2021-07-29,1467,0 days 00:00:00,124,3,False,False,,,,Free
2021-07-29 02:00:00,3.347659579616346,24.0,8.801819506264348,66,64,496.934210529618,223.9092105233438,8,5.0,2256,2021-07-29 02:00:00,2021-07-29 02:00:00,27.025657894707614,-95.75590887318616,,2021-07-29,1472,0 days 00:00:00,125,3,False,False,,,,Free
2021-07-29 02:15:00,6.578515132369985,15.793551,33.989567419399144,67,43,458.93283582048696,375.310562572008,34,5.0,2263,2021-07-29 02:15:00,2021-07-29 02:15:00,27.405671641798985,-94.2418953959641,,2021-07-29,1466,0 days 00:15:00,123,3,False,False,,,,Free
2021-07-29 02:15:00,8.60296266369951,38.399998,58.1280772334182,67,44,461.6826347381006,482.8523330835912,53,5.0,2264,2021-07-29 02:15:00,2021-07-29 02:15:00,27.37817365262284,-93.1664777215795,,2021-07-29,1467,0 days 00:15:00,124,3,False,False,,,,Free
2021-07-29 02:15:00,7.101396867053848,25.066666,39.60750172418793,67,48,497.5841638906877,220.7098560319375,36,5.0,2268,2021-07-29 02:15:00,2021-07-29 02:15:00,27.01915836109692,-95.787902417186,,2021-07-29,1472,0 days 00:15:00,125,3,False,False,,,,Free
2021-07-29 02:30:00,,,,68,77,461.75,478.5,4,5.0,2284,2021-07-29 02:30:00,2021-07-29 02:30:00,27.37750000000385,-93.21000105117172,,2021-07-29,1467,0 days 00:30:00,124,3,False,False,,,,Free
2021-07-29 02:30:00,11.039085067824272,18.53793,95.70971906940603,68,81,495.9745287868531,216.4194260022884,87,5.0,2288,2021-07-29 02:30:00,2021-07-29 02:30:00,27.035254712135263,-95.8308067162564,,2021-07-29,1472,0 days 00:30:00,125,3,False,False,,,,Free
2021-07-29 02:45:00,8.108384465170907,45.45306,51.63670803886336,69,68,56.21965490965109,364.1856522593698,49,5.0,2295,2021-07-29 02:45:00,2021-07-29 02:45:00,31.43280345090797,-94.3531444959114,,2021-07-29,1500,0 days 00:00:00,129,3,False,False,,,,Free
2021-07-29 02:45:00,6.267019548111684,120.16552,30.846932282945545,69,75,144.9307743124445,242.4850589806965,29,5.0,2302,2021-07-29 02:45:00,2021-07-29 02:45:00,30.5456922568799,-95.57015039392088,,2021-07-29,1504,0 days 00:00:00,130,4,False,False,,,,Free
2021-07-29 02:45:00,2.3627721734346547,9.6,4.384636313442759,69,76,456.0,372.5,4,5.0,2303,2021-07-29 02:45:00,2021-07-29 02:45:00,27.435000000003857,-94.27000102088108,,2021-07-29,1466,0 days 00:45:00,123,3,False,False,,,,Free
2021-07-29 02:45:00,12.691102037888076,55.095657,126.49942550251896,69,80,495.1843527101439,208.1565076065726,118,5.0,2307,2021-07-29 02:45:00,2021-07-29 02:45:00,27.04315647290236,-95.91343589785237,,2021-07-29,1508,0 days 00:00:00,131,4,False,False,,,,Free
2021-07-29 03:00:00,8.511511535631307,124.26666,56.89882074488485,70,60,55.076020110342746,358.8841376282391,54,5.0,2316,2021-07-29 03:00:00,2021-07-29 03:00:00,31.44423979890105,-94.40615964070776,,2021-07-29,1500,0 days 00:15:00,129,3,False,False,,,,Free
2021-07-29 03:00:00,5.692472456144548,16.0,25.45023267456283,70,66,115.5,195.68030302855155,24,5.0,2322,2021-07-29 03:00:00,2021-07-29 03:00:00,30.840000000004387,-96.03819794006732,,2021-07-29,1517,0 days 00:00:00,132,3,False,False,,,,Free
2021-07-29 03:00:00,9.666947092517647,87.234795,73.39535319645857,70,68,144.68298615534206,239.79553062720152,69,5.0,2324,2021-07-29 03:00:00,2021-07-29 03:00:00,30.548170138450924,-95.59704567668727,,2021-07-29,1504,0 days 00:15:00,130,4,False,False,,,,Free
2021-07-29 03:00:00,2.608624792039401,9.6,5.3445742663122005,70,69,193.2,218.2,5,5.0,2325,2021-07-29 03:00:00,2021-07-29 03:00:00,30.06300000000427,-95.81300097678816,,2021-07-29,1519,0 days 00:00:00,133,12,False,False,,,,Free
2021-07-29 03:00:00,9.540857653653823,82.11693,71.49319634603312,70,71,494.0319594760679,204.0303235564873,65,5.0,2326,2021-07-29 03:00:00,2021-07-29 03:00:00,27.05468040524312,-95.95469773717411,,2021-07-29,1508,0 days 00:15:00,131,4,False,False,,,,Free
2021-07-29 03:15:00,10.02961291857438,94.20799,79.00566371221038,71,62,53.41535941800077,355.21473432640653,77,5.0,2331,2021-07-29 03:15:00,2021-07-29 03:15:00,31.46084640582448,-94.44285367267751,,2021-07-29,1500,0 days 00:30:00,129,3,False,False,,,,Free
2021-07-29 03:15:00,5.196140622574108,37.44,21.20565409801255,71,66,113.909987660119,194.7934648622071,20,5.0,2335,2021-07-29 03:15:00,2021-07-29 03:15:00,30.8559001234032,-96.04706632147736,,2021-07-29,1517,0 days 00:15:00,132,3,False,False,,,,Free
2021-07-29 03:15:00,10.60197939783254,74.83374,88.28029856349262,71,68,144.58486595615167,234.64663056759224,83,5.0,2337,2021-07-29 03:15:00,2021-07-29 03:15:00,30.549151340442823,-95.64853467581202,,2021-07-29,1504,0 days 00:30:00,130,4,False,False,,,,Free
2021-07-29 03:15:00,9.96690903268595,84.4274,78.02088466118103,71,69,192.62102029813985,216.64575212191065,73,5.0,2338,2021-07-29 03:15:00,2021-07-29 03:15:00,30.06878979702287,-95.82854345512489,,2021-07-29,1519,0 days 00:15:00,133,12,False,False,,,,Free
2021-07-29 03:15:00,9.540170423790752,21.563076,71.48289737882996,71,73,492.37994820366697,199.9178690327753,66,5.0,2341,2021-07-29 03:15:00,2021-07-29 03:15:00,27.07120051796713,-95.99582228123604,,2021-07-29,1508,0 days 00:30:00,131,4,False,False,,,,Free
2021-07-29 03:30:00,5.658867674440247,30.0,25.150635235324543,72,70,5.181333326594035,275.2453333260854,24,5.0,2344,2021-07-29 03:30:00,2021-07-29 03:30:00,31.943186666738622,-95.24254765982856,,2021-07-29,1529,0 days 00:00:00,135,3,False,False,,,,Free
2021-07-29 03:30:00,2.8459890508457177,9.599999,6.361453122490363,72,80,113.83333333333331,194.66666666666663,6,5.0,2354,2021-07-29 03:30:00,2021-07-29 03:30:00,30.85666666667106,-96.04833430339652,,2021-07-29,1517,0 days 00:30:00,132,3,False,False,,,,Free
2021-07-29 03:30:00,9.45353685790465,24.0,70.19053051980944,72,83,143.2794258385592,231.0673046010417,66,5.0,2357,2021-07-29 03:30:00,2021-07-29 03:30:00,30.562205741618754,-95.6843279344547,,2021-07-29,1504,0 days 00:45:00,130,4,False,False,,,,Free
2021-07-29 03:30:00,13.452447951715646,162.18947,142.13221435190377,72,84,192.60168906131057,212.913728772909,134,5.0,2358,2021-07-29 03:30:00,2021-07-29 03:30:00,30.06898310939116,-95.86586368754844,,2021-07-29,1519,0 days 00:30:00,133,12,False,False,,,,Free
2021-07-29 03:30:00,3.9243218334321504,9.599999,12.095368790603798,72,91,490.6363636363636,194.1818181818182,11,5.0,2364,2021-07-29 03:30:00,2021-07-29 03:30:00,27.08863636364017,-96.05318278810648,,2021-07-29,1508,0 days 00:45:00,131,4,False,False,,,,Free
2021-07-29 03:45:00,6.734943212809581,24.564707,35.625236639351115,73,82,2.948586900885857,272.46692724568925,34,5.0,2365,2021-07-29 03:45:00,2021-07-29 03:45:00,31.965514130995707,-95.27033171983862,,2021-07-29,1529,0 days 00:15:00,135,3,False,False,,,,Free
2021-07-29 03:45:00,14.61612761164119,151.03185,167.78554141138923,73,100,192.0331399671725,207.32504908672783,157,5.0,2381,2021-07-29 03:45:00,2021-07-29 03:45:00,30.074668600332544,-95.9217504828132,,2021-07-29,1519,0 days 00:45:00,133,12,False,False,,,,Free
2021-07-29 04:00:00,3.652120349492222,31.679998,10.475627388677694,74,88,1.1439280349101977,269.4460269869087,10,5.0,2389,2021-07-29 04:00:00,2021-07-29 04:00:00,31.983560719655465,-95.30054072156317,,2021-07-29,1529,0 days 00:30:00,135,3,False,False,,,,Free
2021-07-29 04:00:00,15.20792422447825,197.76,181.6476405982029,74,102,190.1401532914055,201.499993916989,172,5.0,2401,2021-07-29 04:00:00,2021-07-29 04:00:00,30.093598467090217,-95.98000103284602,,2021-07-29,1519,0 days 01:00:00,133,12,False,False,,,,Free
2021-07-29 04:00:00,10.476698420716533,39.000004,86.20625258813726,74,108,273.96573529376064,189.8322793738707,80,5.0,2407,2021-07-29 04:00:00,2021-07-29 04:00:00,29.25534264706653,-96.096678174943,,2021-07-29,1567,0 days 00:00:00,136,8,False,False,,,,Free
2021-07-29 04:15:00,18.36717902332025,106.645164,264.956634962878,75,114,187.6118970172928,196.2799506422983,296,5.0,2425,2021-07-29 04:15:00,2021-07-29 04:15:00,30.11888102983135,-96.03220146410126,,2021-07-29,1519,0 days 01:15:00,133,12,False,False,,,,Free
2021-07-29 04:15:00,4.36402701930263,25.371431,14.95769739791168,75,115,188.38218794199392,307.21949508979463,14,5.0,2426,2021-07-29 04:15:00,2021-07-29 04:15:00,30.11117812058433,-94.92280605132844,,2021-07-29,1578,0 days 00:00:00,137,12,False,False,,,,Free
2021-07-29 04:15:00,10.00728891499655,118.75068,78.65435207562882,75,122,273.2605909775832,183.4878946498398,139,5.0,2432,2021-07-29 04:15:00,2021-07-29 04:15:00,29.26239409022831,-96.16012202037037,,2021-07-29,1567,0 days 00:15:00,136,8,False,False,,,,Free
2021-07-29 04:15:00,6.95578816157299,41.142853,37.99991065997148,75,124,352.8352569203305,496.23114623478654,35,5.0,2434,2021-07-29 04:15:00,2021-07-29 04:15:00,28.466647430800712,-93.03268959389072,,2021-07-29,1585,0 days 00:00:00,139,3,False,False,,,,Free
2021-07-29 04:15:00,3.9093695272519393,9.599999,12.003373727906787,75,130,406.6363636363636,390.54545454545456,11,5.0,2440,2021-07-29 04:15:00,2021-07-29 04:15:00,27.928636363640297,-94.08954648058318,,2021-07-29,1591,0 days 00:00:00,141,5,False,False,,,,Free
2021-07-29 04:30:00,20.531554470471523,87.48387,331.08045592600683,76,133,184.22699258047044,191.1183809179156,310,5.0,2455,2021-07-29 04:30:00,2021-07-29 04:30:00,30.15273007419957,-96.08381715987008,,2021-07-29,1519,0 days 01:30:00,133,12,False,False,,,,Free
2021-07-29 04:30:00,8.246400712339064,89.663994,53.40952925131702,76,135,186.4240291026436,305.0607578239957,50,5.0,2457,2021-07-29 04:30:00,2021-07-29 04:30:00,30.13075970897784,-94.9443934233696,,2021-07-29,1578,0 days 00:15:00,137,12,False,False,,,,Free
2021-07-29 04:30:00,8.412934621158726,139.19998,55.58849411531042,76,136,194.6285681269069,219.27011921443648,52,5.0,2458,2021-07-29 04:30:00,2021-07-29 04:30:00,30.0487143187352,-95.80229978494958,,2021-07-29,1601,0 days 00:00:00,143,6,False,False,,,,Free
2021-07-29 04:30:00,6.392474587205028,65.92,32.0942995503347,76,139,201.34241629082456,276.7391113822597,30,5.0,2461,2021-07-29 04:30:00,2021-07-29 04:30:00,29.98157583709601,-95.22760987969372,,2021-07-29,1604,0 days 00:00:00,144,3,False,False,,,,Free
2021-07-29 04:30:00,5.349487425067545,34.742855,22.475751581300607,76,140,205.9090617955544,267.9798270797624,21,5.0,2462,2021-07-29 04:30:00,2021-07-29 04:30:00,29.935909382048703,-95.3152027202156,,2021-07-29,1605,0 days 00:00:00,145,3,False,False,,,,Free
2021-07-29 04:30:00,14.440711141590084,75.663155,163.78232920673202,76,145,273.6233055183327,176.2698495397727,152,5.0,2467,2021-07-29 04:30:00,2021-07-29 04:30:00,29.258766944820817,-96.2323024694084,,2021-07-29,1567,0 days 00:30:00,136,8,False,False,,,,Free
2021-07-29 04:30:00,6.545922970065335,74.32257,33.65361035730453,76,149,351.5077710356166,494.7681712547392,31,5.0,2471,2021-07-29 04:30:00,2021-07-29 04:30:00,28.479922289647853,-93.0473193432731,,2021-07-29,1585,0 days 00:15:00,139,3,False,False,,,,Free
2021-07-29 04:30:00,8.877103966079112,46.989475,61.89171169747852,76,150,353.1794100473876,386.13386813887735,57,5.0,2472,2021-07-29 04:30:00,2021-07-29 04:30:00,28.46320589953014,-94.13366234338828,,2021-07-29,1611,0 days 00:00:00,147,6,False,False,,,,Free
2021-07-29 04:30:00,9.340447942388977,52.57143,68.52125204972755,76,152,372.0937604003639,361.16529858328585,63,5.0,2474,2021-07-29 04:30:00,2021-07-29 04:30:00,28.27406239600035,-94.3833480318092,,2021-07-29,1612,0 days 00:00:00,148,3,False,False,,,,Free
2021-07-29 04:30:00,7.729542287565985,31.479073,46.92426042084493,76,156,406.3753732873539,388.047777913407,43,5.0,2478,2021-07-29 04:30:00,2021-07-29 04:30:00,27.9312462671304,-94.11452324618988,,2021-07-29,1591,0 days 00:15:00,141,5,False,False,,,,Free
2021-07-29 04:30:00,3.120705687245377,9.599999,7.64883876461074,76,157,421.2857142857143,422.7142857142857,7,5.0,2479,2021-07-29 04:30:00,2021-07-29 04:30:00,27.78214285714677,-93.76785817808748,,2021-07-29,1615,0 days 00:00:00,150,3,False,False,,,,Free
2021-07-29 04:45:00,20.65632540770489,149.99622,335.1166566521825,77,150,86.19624732862798,270.3789785052585,437,5.0,2494,2021-07-29 04:45:00,2021-07-29 04:45:00,31.133037526718155,-95.29121120664628,,2021-07-29,1625,0 days 00:00:00,151,5,False,False,,,,Free
2021-07-29 04:45:00,17.68325186510358,54.72,245.59196092965453,77,152,181.8307022734432,186.45525424383533,231,5.0,2496,2021-07-29 04:45:00,2021-07-29 04:45:00,30.17669297726985,-96.13044842527836,,2021-07-29,1519,0 days 01:45:00,133,12,False,False,,,,Free
2021-07-29 04:45:00,8.880644508381257,121.65518,61.94109129766819,77,154,184.2904379334175,302.0943894385715,62,5.0,2498,2021-07-29 04:45:00,2021-07-29 04:45:00,30.152095620670107,-94.97405710637616,,2021-07-29,1578,0 days 00:30:00,137,12,False,False,,,,Free
2021-07-29 04:45:00,13.095920456858668,89.904755,134.69824537066387,77,156,193.490484210558,214.0755093948759,126,5.0,2500,2021-07-29 04:45:00,2021-07-29 04:45:00,30.060095157898687,-95.85424588166074,,2021-07-29,1601,0 days 00:15:00,143,6,False,False,,,,Free
2021-07-29 04:45:00,7.560300088865903,68.57143,44.89189616365145,77,158,192.7152809039088,254.5762547090938,42,5.0,2502,2021-07-29 04:45:00,2021-07-29 04:45:00,30.067847190965185,-95.44923844009207,,2021-07-29,1628,0 days 00:00:00,152,3,False,False,,,,Free
2021-07-29 04:45:00,5.596624614685153,33.391304,24.600403912379928,77,159,199.3133231326499,272.6254211428653,23,5.0,2503,2021-07-29 04:45:00,2021-07-29 04:45:00,30.00186676867776,-95.26874678091212,,2021-07-29,1604,0 days 00:15:00,144,3,False,False,,,,Free
2021-07-29 04:45:00,4.952392322900915,25.066668,19.26282436116876,77,160,204.85658914141268,265.065891469573,18,5.0,2504,2021-07-29 04:45:00,2021-07-29 04:45:00,29.94643410859012,-95.34434207548486,,2021-07-29,1605,0 days 00:15:00,145,3,False,False,,,,Free
2021-07-29 04:45:00,5.602061874442627,50.504345,24.648226938012204,77,163,218.5975539837925,243.35505447041152,23,5.0,2507,2021-07-29 04:45:00,2021-07-29 04:45:00,29.809024460166302,-95.56145043927232,,2021-07-29,1631,0 days 00:00:00,153,4,False,False,,,,Free
2021-07-29 04:45:00,13.558299635719964,60.322388,144.37777225196126,77,164,272.8148438001173,170.53941610967524,134,5.0,2508,2021-07-29 04:45:00,2021-07-29 04:45:00,29.26685156200297,-96.28960680207184,,2021-07-29,1567,0 days 00:45:00,136,8,False,False,,,,Free
2021-07-29 04:45:00,2.350247934965225,9.6,4.338276625673957,77,166,341.5,366.0,4,5.0,2510,2021-07-29 04:45:00,2021-07-29 04:45:00,28.58000000000404,-94.3350010190236,,2021-07-29,1632,0 days 00:00:00,154,5,False,False,,,,Free
2021-07-29 04:45:00,10.31678261272339,96.997406,83.59464165113613,77,168,351.9865609041066,384.0685225412856,77,5.0,2512,2021-07-29 04:45:00,2021-07-29 04:45:00,28.47513439096296,-94.154315798774,,2021-07-29,1611,0 days 00:15:00,147,6,False,False,,,,Free
2021-07-29 04:45:00,3.717743605629944,9.6,10.855473013192716,77,170,351.0,492.8,10,5.0,2514,2021-07-29 04:45:00,2021-07-29 04:45:00,28.48500000000402,-93.06700105525806,,2021-07-29,1585,0 days 00:30:00,139,3,False,False,,,,Free
2021-07-29 04:45:00,7.626466567854494,48.914288,45.68110733844694,77,173,371.3223028892738,360.8857883742237,56,5.0,2517,2021-07-29 04:45:00,2021-07-29 04:45:00,28.281776971111253,-94.38614313381991,,2021-07-29,1612,0 days 00:15:00,148,3,False,False,,,,Free
2021-07-29 04:45:00,4.99357185599505,18.66667,19.58450001344606,77,174,375.1473354240175,318.31739811651573,20,5.0,2518,2021-07-29 04:45:00,2021-07-29 04:45:00,28.243526645763808,-94.81182702423264,,2021-07-29,1636,0 days 00:00:00,155,3,False,False,,,,Free
2021-07-29 04:45:00,7.360603089488327,19.692307,42.55167699197905,77,179,405.2739965101447,385.42652705336906,39,5.0,2523,2021-07-29 04:45:00,2021-07-29 04:45:00,27.94226003490249,-94.14073575404126,,2021-07-29,1591,0 days 00:30:00,141,5,False,False,,,,Free
2021-07-29 04:45:00,7.270057138583167,18.442104,41.51122309765974,77,180,418.5861393863644,422.1092404184256,38,5.0,2524,2021-07-29 04:45:00,2021-07-29 04:45:00,27.80913860614028,-93.77390863087317,,2021-07-29,1615,0 days 00:15:00,150,3,False,False,,,,Free
2021-07-29 05:00:00,19.06294931825576,175.04,285.4105798182502,78,201,85.74486176711892,268.1282007832578,270,5.0,2542,2021-07-29 05:00:00,2021-07-29 05:00:00,31.13755138233325,-95.31371898322304,,2021-07-29,1625,0 days 00:15:00,151,5,False,False,,,,Free
2021-07-29 05:00:00,13.29330165288667,41.944614,138.78917723325665,78,203,180.06083954262192,181.94049302164763,130,5.0,2544,2021-07-29 05:00:00,2021-07-29 05:00:00,30.19439160457807,-96.1755960362101,,2021-07-29,1519,0 days 02:00:00,133,12,False,False,,,,Free
2021-07-29 05:00:00,11.123258587590906,134.29451,97.17486557657172,78,204,183.26984990107903,297.4325417815246,91,5.0,2545,2021-07-29 05:00:00,2021-07-29 05:00:00,30.162301500993493,-95.02067558161446,,2021-07-29,1578,0 days 00:45:00,137,12,False,False,,,,Free
2021-07-29 05:00:00,8.41130776794619,54.830772,55.5669973177185,78,205,190.8381444767,250.6250385930412,52,5.0,2546,2021-07-29 05:00:00,2021-07-29 05:00:00,30.08661855523728,-95.48875060012352,,2021-07-29,1628,0 days 00:15:00,152,3,False,False,,,,Free
2021-07-29 05:00:00,15.781306452678797,82.67541,195.6031246305379,78,207,192.51430221264,210.61131508609944,183,5.0,2548,2021-07-29 05:00:00,2021-07-29 05:00:00,30.06985697787787,-95.88888782375858,,2021-07-29,1601,0 days 00:30:00,143,6,False,False,,,,Free
2021-07-29 05:00:00,1.650197256412073,19.2,2.1387577823278776,78,209,197.5,268.0,2,5.0,2550,2021-07-29 05:00:00,2021-07-29 05:00:00,30.02000000000426,-95.31500099101902,,2021-07-29,1604,0 days 00:30:00,144,3,False,False,,,,Free
2021-07-29 05:00:00,2.859161215232734,20.800001,6.420475148210628,78,212,204.0,261.6518987322671,6,5.0,2551,2021-07-29 05:00:00,2021-07-29 05:00:00,29.95500000000425,-95.37848200188232,,2021-07-29,1605,0 days 00:30:00,145,3,False,False,,,,Free
2021-07-29 05:00:00,6.290073154093322,44.689655,31.074294265715054,78,215,217.61476976002064,242.71885316937343,29,5.0,2554,2021-07-29 05:00:00,2021-07-29 05:00:00,29.81885230240402,-95.5678124521009,,2021-07-29,1631,0 days 00:15:00,153,4,False,False,,,,Free
2021-07-29 05:00:00,14.10388468188991,52.435863,156.23105953830918,78,217,273.035183629159,164.8138175902555,145,5.0,2556,2021-07-29 05:00:00,2021-07-29 05:00:00,29.26464816371256,-96.34686278562988,,2021-07-29,1567,0 days 01:00:00,136,8,False,False,,,,Free
2021-07-29 05:00:00,5.635177975915302,36.73043,24.94049996447924,78,219,339.7020697241257,364.9316448721961,24,5.0,2558,2021-07-29 05:00:00,2021-07-29 05:00:00,28.59797930276278,-94.34568456999637,,2021-07-29,1632,0 days 00:15:00,154,5,False,False,,,,Free
2021-07-29 05:00:00,13.24741249052261,172.7244,137.83261635229655,78,221,349.0464954729457,382.9047368773569,127,5.0,2560,2021-07-29 05:00:00,2021-07-29 05:00:00,28.50453504527457,-94.16595365508071,,2021-07-29,1611,0 days 00:30:00,147,6,False,False,,,,Free
2021-07-29 05:00:00,3.9025981750754495,9.599999,11.961828062189324,78,226,369.45454545454544,359.27272727272725,11,5.0,2565,2021-07-29 05:00:00,2021-07-29 05:00:00,28.30045454545854,-94.40227374437391,,2021-07-29,1612,0 days 00:30:00,148,3,False,False,,,,Free
2021-07-29 05:00:00,5.765896147895685,24.0,26.111000499307817,78,227,374.5732456137048,317.5008771921019,24,5.0,2566,2021-07-29 05:00:00,2021-07-29 05:00:00,28.24926754386693,-94.8199922332434,,2021-07-29,1636,0 days 00:15:00,155,3,False,False,,,,Free
2021-07-29 05:00:00,8.897362172118687,27.452631,62.17451692353357,78,237,401.9107673249706,382.9335833524817,57,5.0,2576,2021-07-29 05:00:00,2021-07-29 05:00:00,27.975892326754234,-94.16566519033772,,2021-07-29,1591,0 days 00:45:00,141,5,False,False,,,,Free
2021-07-29 05:00:00,5.655451317864861,24.208698,25.120276652569867,78,240,416.4101403334493,421.822996825331,23,5.0,2579,2021-07-29 05:00:00,2021-07-29 05:00:00,27.830898596669428,-93.77677106672228,,2021-07-29,1615,0 days 00:30:00,150,3,False,False,,,,Free
2021-07-29 05:15:00,9.766993802950914,114.92958,74.9224043043085,79,157,68.93309417405234,267.6089942612217,71,5.0,2596,2021-07-29 05:15:00,2021-07-29 05:15:00,31.305669058263938,-95.31891104829508,,2021-07-29,1678,0 days 00:00:00,157,3,False,False,,,,Free
2021-07-29 05:15:00,16.930125710564276,112.81127,225.11801315056485,79,158,85.66023752894218,264.90488668792943,214,5.0,2597,2021-07-29 05:15:00,2021-07-29 05:15:00,31.13839762471501,-95.34595212325524,,2021-07-29,1625,0 days 00:30:00,151,5,False,False,,,,Free
2021-07-29 05:15:00,5.447386572318841,11.781818,23.30592117640509,79,161,106.03619302443536,271.56568364285664,22,5.0,2599,2021-07-29 05:15:00,2021-07-29 05:15:00,30.93463806976005,-95.2793441556094,,2021-07-29,1680,0 days 00:00:00,158,3,False,False,,,,Free
2021-07-29 05:15:00,9.030150347536946,20.0,64.04420569271818,79,162,178.93288889470324,176.50155555187698,60,5.0,2600,2021-07-29 05:15:00,2021-07-29 05:15:00,30.205671111057256,-96.22998540935356,,2021-07-29,1519,0 days 02:15:00,133,12,False,False,,,,Free
2021-07-29 05:15:00,12.931236855070836,158.28293,131.3318356262049,79,163,183.07191123689475,292.1253222016961,123,5.0,2601,2021-07-29 05:15:00,2021-07-29 05:15:00,30.164280887635336,-95.07374777589617,,2021-07-29,1578,0 days 01:00:00,137,12,False,False,,,,Free
2021-07-29 05:15:00,13.949563120440928,62.366436,152.83087307160326,79,165,191.40729937694945,207.43239397956947,157,5.0,2603,2021-07-29 05:15:00,2021-07-29 05:15:00,30.080927006234777,-95.92067703391548,,2021-07-29,1601,0 days 00:45:00,143,6,False,False,,,,Free
2021-07-29 05:15:00,9.257844811649178,50.59048,67.31466275217446,79,166,188.5627741762124,248.306246082106,63,5.0,2604,2021-07-29 05:15:00,2021-07-29 05:15:00,30.10937225824215,-95.51193852457028,,2021-07-29,1628,0 days 00:30:00,152,3,False,False,,,,Free
2021-07-29 05:15:00,12.171854046900188,47.64445,116.35990379945116,79,173,273.23197816998925,159.46841582376393,111,5.0,2611,2021-07-29 05:15:00,2021-07-29 05:15:00,29.26268021830425,-96.4003168017673,,2021-07-29,1567,0 days 01:15:00,136,8,False,False,,,,Free
2021-07-29 05:15:00,7.88170028481425,29.01333,48.78987590081677,79,175,338.3944104949473,363.3377752657196,45,5.0,2613,2021-07-29 05:15:00,2021-07-29 05:15:00,28.61105589505457,-94.36162326560566,,2021-07-29,1632,0 days 00:30:00,154,5,False,False,,,,Free
2021-07-29 05:15:00,14.960739817727667,180.02963,175.7907510957005,79,176,346.8916161348513,381.4331405839499,164,5.0,2614,2021-07-29 05:15:00,2021-07-29 05:15:00,28.52608383865552,-94.18066961759428,,2021-07-29,1611,0 days 00:45:00,147,6,False,False,,,,Free
2021-07-29 05:15:00,1.664428580243137,9.6,2.1758062025213167,79,179,374.0,317.5,2,5.0,2617,2021-07-29 05:15:00,2021-07-29 05:15:00,28.255000000003985,-94.82000100516416,,2021-07-29,1636,0 days 00:30:00,155,3,False,False,,,,Free
2021-07-29 05:15:00,13.537352630148533,38.763638,143.93200163376005,79,183,398.3543663333128,378.7856695252245,134,5.0,2621,2021-07-29 05:15:00,2021-07-29 05:15:00,28.01145633667082,-94.207144327425,,2021-07-29,1591,0 days 01:00:00,141,5,False,False,,,,Free
2021-07-29 05:30:00,2.00023967332174,16.0,3.142345654652497,80,151,0.1223404282301784,306.2446808564604,4,5.0,2638,2021-07-29 05:30:00,2021-07-29 05:30:00,31.993776595722267,-94.93255419338324,,2021-07-29,1698,0 days 00:00:00,159,3,False,False,,,,Free
2021-07-29 05:30:00,11.393049267778087,97.97938,101.94591595489432,80,154,29.99968955727704,298.19576449167164,97,5.0,2641,2021-07-29 05:30:00,2021-07-29 05:30:00,31.695003104431752,-95.01304335473104,,2021-07-29,1701,0 days 00:00:00,160,6,False,False,,,,Free
2021-07-29 05:30:00,11.177236036286152,64.51613,98.12026804181583,80,158,67.22377597391393,265.76169827611824,93,5.0,2645,2021-07-29 05:30:00,2021-07-29 05:30:00,31.322762240265327,-95.3373840076182,,2021-07-29,1678,0 days 00:15:00,157,3,False,False,,,,Free
2021-07-29 05:30:00,18.340937048425403,33.984,264.20006604827336,80,160,83.78341150627035,260.8237372426155,250,5.0,2647,2021-07-29 05:30:00,2021-07-29 05:30:00,31.157165884941737,-95.38676361654215,,2021-07-29,1625,0 days 00:45:00,151,5,False,False,,,,Free
2021-07-29 05:30:00,6.896539272011139,20.845715,37.35530688397289,80,166,178.32600071418614,173.26144970059786,35,5.0,2653,2021-07-29 05:30:00,2021-07-29 05:30:00,30.21173999286243,-96.26238646694048,,2021-07-29,1519,0 days 02:30:00,133,12,False,False,,,,Free
2021-07-29 05:30:00,13.496875329604306,181.25374,143.072561966941,80,167,183.13991870640885,286.7486155007609,134,5.0,2654,2021-07-29 05:30:00,2021-07-29 05:30:00,30.1636008129402,-95.12751484136902,,2021-07-29,1578,0 days 01:15:00,137,12,False,False,,,,Free
2021-07-29 05:30:00,14.937281469678569,37.521954,175.23990566190963,80,168,190.47750178564084,202.2239706496536,165,5.0,2655,2021-07-29 05:30:00,2021-07-29 05:30:00,30.090224982147863,-95.97276126572626,,2021-07-29,1601,0 days 01:00:00,143,6,False,False,,,,Free
2021-07-29 05:30:00,5.222894002145623,24.000002,21.424579428470985,80,174,214.77578947669585,238.24842105664703,20,5.0,2661,2021-07-29 05:30:00,2021-07-29 05:30:00,29.847242105237275,-95.61251677195072,,2021-07-29,1631,0 days 00:45:00,153,4,False,False,,,,Free
2021-07-29 05:30:00,9.36954708688807,24.000002,68.94885803415177,80,178,272.615460516709,154.69309209749113,64,5.0,2665,2021-07-29 05:30:00,2021-07-29 05:30:00,29.26884539483705,-96.4480700376654,,2021-07-29,1567,0 days 01:30:00,136,8,False,False,,,,Free
2021-07-29 05:30:00,8.307309082429757,40.896,54.20141439714276,80,179,336.5788945734141,362.2080454541884,50,5.0,2666,2021-07-29 05:30:00,2021-07-29 05:30:00,28.629211054269906,-94.37292056339813,,2021-07-29,1632,0 days 00:45:00,154,5,False,False,,,,Free
2021-07-29 05:30:00,16.663022828677178,167.30746,218.07077147197003,80,181,345.36555271333435,381.6813267107455,202,5.0,2668,2021-07-29 05:30:00,2021-07-29 05:30:00,28.541344472870687,-94.17818775639722,,2021-07-29,1611,0 days 01:00:00,147,6,False,False,,,,Free
2021-07-29 05:30:00,9.059857486702397,16.922033,64.46628053516082,80,192,420.86579470684745,438.1896502804303,59,5.0,2679,2021-07-29 05:30:00,2021-07-29 05:30:00,27.78634205293544,-93.61310453684824,,2021-07-29,1720,0 days 00:00:00,161,3,False,False,,,,Free
2021-07-29 05:45:00,3.266422222441669,16.8,8.379816806176922,81,149,0.1991525432290238,304.41525422187755,8,5.0,2688,2021-07-29 05:45:00,2021-07-29 05:45:00,31.99300847457228,-94.95084845920633,,2021-07-29,1698,0 days 00:15:00,159,3,False,False,,,,Free
2021-07-29 05:45:00,14.39857523019155,153.9716,162.82793722261317,81,151,25.92049578295239,295.6385975268764,155,5.0,2690,2021-07-29 05:45:00,2021-07-29 05:45:00,31.73579504217501,-95.03861502364828,,2021-07-29,1701,0 days 00:15:00,160,6,False,False,,,,Free
2021-07-29 05:45:00,13.823006319342555,16.56338,150.07034967982278,81,157,82.13700962433867,256.0366816402021,143,5.0,2696,2021-07-29 05:45:00,2021-07-29 05:45:00,31.173629903761054,-95.43463417119835,,2021-07-29,1625,0 days 01:00:00,151,5,False,False,,,,Free
2021-07-29 05:45:00,5.688459191666564,19.6,25.41435985793741,81,159,102.02739726034854,265.64098173973946,24,5.0,2698,2021-07-29 05:45:00,2021-07-29 05:45:00,30.974726027400926,-95.33859117294752,,2021-07-29,1680,0 days 00:30:00,158,3,False,False,,,,Free
2021-07-29 05:45:00,6.1685932686269584,10.628572,29.885611918898302,81,160,178.6763959391631,170.2601522889483,28,5.0,2699,2021-07-29 05:45:00,2021-07-29 05:45:00,30.20823604061266,-96.29239944019928,,2021-07-29,1519,0 days 02:45:00,133,12,False,False,,,,Free
2021-07-29 05:45:00,13.395846194145872,152.0,140.93867567908305,81,161,182.5764481577756,281.9251082199688,132,5.0,2700,2021-07-29 05:45:00,2021-07-29 05:45:00,30.16923551842653,-95.1757499127986,,2021-07-29,1578,0 days 01:30:00,137,12,False,False,,,,Free
2021-07-29 05:45:00,15.517122381359163,74.68474,189.10902350913133,81,163,186.9289941898486,196.6428304994818,177,5.0,2702,2021-07-29 05:45:00,2021-07-29 05:45:00,30.125710058105792,-96.02857266563312,,2021-07-29,1601,0 days 01:15:00,143,6,False,False,,,,Free
2021-07-29 05:45:00,13.945570939470986,169.24194,152.74340922883434,81,164,185.58922872101857,252.99825500946795,145,5.0,2703,2021-07-29 05:45:00,2021-07-29 05:45:00,30.139107712794093,-95.46501843663742,,2021-07-29,1727,0 days 00:00:00,162,3,False,False,,,,Free
2021-07-29 05:45:00,2.022713484963197,9.6,3.213354359884399,81,169,213.66666666666663,236.3333333333333,3,5.0,2708,2021-07-29 05:45:00,2021-07-29 05:45:00,29.85833333333757,-95.6316676486366,,2021-07-29,1631,0 days 01:00:00,153,4,False,False,,,,Free
2021-07-29 05:45:00,5.85602686258245,13.4400015,26.93369897054234,81,172,272.2218009482957,151.75260663807,25,5.0,2711,2021-07-29 05:45:00,2021-07-29 05:45:00,29.27278199052119,-96.47747489141938,,2021-07-29,1567,0 days 01:45:00,136,8,False,False,,,,Free
2021-07-29 05:45:00,8.790996964165048,52.799995,60.69684840022297,81,173,334.9687686782893,360.0465481620021,56,5.0,2712,2021-07-29 05:45:00,2021-07-29 05:45:00,28.645312313221154,-94.39453553570227,,2021-07-29,1632,0 days 01:00:00,154,5,False,False,,,,Free
2021-07-29 05:45:00,18.1304410730236,109.79495,258.1705028418312,81,176,343.32725770001286,381.2502845938512,238,5.0,2715,2021-07-29 05:45:00,2021-07-29 05:45:00,28.561727423003905,-94.182498177443,,2021-07-29,1611,0 days 01:15:00,147,6,False,False,,,,Free
2021-07-29 05:45:00,1.6676047297656802,9.6,2.184118099564135,81,184,414.6666666666667,413.0,3,5.0,2722,2021-07-29 05:45:00,2021-07-29 05:45:00,27.84833333333725,-93.86500103245436,,2021-07-29,1735,0 days 00:00:00,164,3,False,False,,,,Free
2021-07-29 05:45:00,8.170447355618931,59.2,52.43020472225896,81,185,417.3879920143473,437.4234316963839,48,5.0,2723,2021-07-29 05:45:00,2021-07-29 05:45:00,27.82112007986045,-93.6207667224698,,2021-07-29,1720,0 days 00:15:00,161,3,False,False,,,,Free
2021-07-29 06:00:00,1.6331888543011148,9.6,2.094897103096334,82,146,0.0,300.5,2,5.0,2735,2021-07-29 06:00:00,2021-07-29 06:00:00,31.99500000000457,-94.99000100030628,,2021-07-29,1698,0 days 00:30:00,159,3,False,False,,,,Free
2021-07-29 06:00:00,16.837254541612104,143.81886,222.6549918837188,82,147,23.757278379242084,292.90032483221506,212,5.0,2736,2021-07-29 06:00:00,2021-07-29 06:00:00,31.75742721621211,-95.06599774981242,,2021-07-29,1701,0 days 00:30:00,160,6,False,False,,,,Free
2021-07-29 06:00:00,1.158825449941553,9.6,1.054692676633417,82,151,63.5,255.5,2,5.0,2740,2021-07-29 06:00:00,2021-07-29 06:00:00,31.36000000000447,-95.44000098744698,,2021-07-29,1678,0 days 00:45:00,157,3,False,False,,,,Free
2021-07-29 06:00:00,5.805613335196234,10.368,26.47195992080115,82,155,101.58867361891872,261.76304023389605,25,5.0,2744,2021-07-29 06:00:00,2021-07-29 06:00:00,30.979113263815226,-95.37737058689775,,2021-07-29,1680,0 days 00:45:00,158,3,False,False,,,,Free
2021-07-29 06:00:00,15.24650889524758,198.06316,182.5705417759508,82,157,182.373746734144,275.542748810736,171,5.0,2745,2021-07-29 06:00:00,2021-07-29 06:00:00,30.171262532662844,-95.23957350506709,,2021-07-29,1578,0 days 01:45:00,137,12,False,False,,,,Free
2021-07-29 06:00:00,12.341188970070409,170.65715,119.62002423249224,82,160,184.75413937121232,252.009345868704,112,5.0,2748,2021-07-29 06:00:00,2021-07-29 06:00:00,30.14745860629216,-95.47490752776248,,2021-07-29,1727,0 days 00:15:00,162,3,False,False,,,,Free
2021-07-29 06:00:00,6.220343419812441,19.2,30.389153730260645,82,171,349.1227364075558,453.6931589403347,28,5.0,2758,2021-07-29 06:00:00,2021-07-29 06:00:00,28.503772635928467,-93.4580694546795,,2021-07-29,1756,0 days 00:00:00,166,4,False,False,,,,Free
2021-07-29 06:00:00,6.774116653504152,20.072727,36.04086648504721,82,182,416.1753116165176,436.0176919997562,33,5.0,2769,2021-07-29 06:00:00,2021-07-29 06:00:00,27.833246883838743,-93.63482411903436,,2021-07-29,1720,0 days 00:30:00,161,3,False,False,,,,Free
2021-07-29 06:00:00,3.733750119875255,9.6,10.949149368878754,82,187,443.5,209.2,10,5.0,2774,2021-07-29 06:00:00,2021-07-29 06:00:00,27.560000000003875,-95.9030009742163,,2021-07-29,1767,0 days 00:00:00,167,10,False,False,,,,Free
2021-07-29 06:00:00,2.0460352474544248,9.6,3.287881099150625,82,188,454.0,198.0,3,5.0,2775,2021-07-29 06:00:00,2021-07-29 06:00:00,27.45500000000386,-96.01500097101577,,2021-07-29,1768,0 days 00:00:00,168,4,False,False,,,,Free
2021-07-29 06:15:00,16.875987250314495,88.788734,223.68056886892904,83,109,21.125937171803805,289.34093127973057,213,5.0,2778,2021-07-29 06:15:00,2021-07-29 06:15:00,31.7837406282865,-95.10159168432013,,2021-07-29,1701,0 days 00:45:00,160,6,False,False,,,,Free
2021-07-29 06:15:00,14.326729811742124,178.07683,161.2070469750876,83,112,181.3324175560764,270.8517673957124,151,5.0,2781,2021-07-29 06:15:00,2021-07-29 06:15:00,30.181675824443523,-95.28648331787684,,2021-07-29,1578,0 days 02:00:00,137,12,False,False,,,,Free
2021-07-29 06:15:00,13.089344079776938,134.85715,134.56299652900654,83,115,184.0789267788564,248.6381982642777,126,5.0,2784,2021-07-29 06:15:00,2021-07-29 06:15:00,30.15421073221572,-95.50861900284336,,2021-07-29,1727,0 days 00:30:00,162,3,False,False,,,,Free
2021-07-29 06:15:00,7.885129914442211,48.42667,48.83234582583126,83,126,347.19035922620753,451.5128441288287,45,5.0,2795,2021-07-29 06:15:00,2021-07-29 06:15:00,28.52309640774196,-93.47987260217155,,2021-07-29,1756,0 days 00:15:00,166,4,False,False,,,,Free
2021-07-29 06:15:00,5.262360074917113,16.800001,21.749586456523183,83,127,369.900847456771,461.7432203357297,20,5.0,2796,2021-07-29 06:15:00,2021-07-29 06:15:00,28.29599152543628,-93.37756884302598,,2021-07-29,1778,0 days 00:00:00,169,3,False,False,,,,Free
2021-07-29 06:15:00,5.776297122032864,20.800001,26.205287590989244,83,134,412.68711364543486,411.619591081436,33,5.0,2802,2021-07-29 06:15:00,2021-07-29 06:15:00,27.86812886354957,-93.87880512124552,,2021-07-29,1735,0 days 00:30:00,164,3,False,False,,,,Free
2021-07-29 06:15:00,7.279046421756981,20.210526,41.61394219114834,83,138,444.77058824344687,207.55640138506504,38,5.0,2806,2021-07-29 06:15:00,2021-07-29 06:15:00,27.547294117569407,-95.91943695989596,,2021-07-29,1767,0 days 00:15:00,167,10,False,False,,,,Free
2021-07-29 06:15:00,5.54064385597561,28.799995,24.11072956828849,83,139,453.5431627019594,198.25210084287687,22,5.0,2807,2021-07-29 06:15:00,2021-07-29 06:15:00,27.45956837298427,-96.01247996265904,,2021-07-29,1768,0 days 00:15:00,168,4,False,False,,,,Free
2021-07-29 06:30:00,12.611689983271171,44.69244,124.92128829318308,84,130,19.143296475389818,286.30404783842414,130,5.0,2812,2021-07-29 06:30:00,2021-07-29 06:30:00,31.80356703525064,-95.13196051786537,,2021-07-29,1701,0 days 01:00:00,160,6,False,False,,,,Free
2021-07-29 06:30:00,12.93016457966757,134.2439,131.3100561073648,84,131,180.1086180275195,266.6319732698226,126,5.0,2813,2021-07-29 06:30:00,2021-07-29 06:30:00,30.193913819729094,-95.32868125792989,,2021-07-29,1578,0 days 02:15:00,137,12,False,False,,,,Free
2021-07-29 06:30:00,8.818329073101758,93.13685,61.07486055005198,84,137,217.0274294320337,210.61200683839937,57,5.0,2819,2021-07-29 06:30:00,2021-07-29 06:30:00,29.824725705683893,-95.88888090623578,,2021-07-29,1792,0 days 00:00:00,170,4,False,False,,,,Free
2021-07-29 06:30:00,10.104798116973427,69.79459,80.19460706117812,84,140,333.6146184871743,359.4559319748566,75,5.0,2822,2021-07-29 06:30:00,2021-07-29 06:30:00,28.658853815132304,-94.40044169740496,,2021-07-29,1795,0 days 00:00:00,172,3,False,False,,,,Free
2021-07-29 06:30:00,8.7952324795938,59.657143,60.75535015384083,84,142,345.1745295302872,449.6978567854714,56,5.0,2824,2021-07-29 06:30:00,2021-07-29 06:30:00,28.54325470470116,-93.49802247508649,,2021-07-29,1756,0 days 00:30:00,166,4,False,False,,,,Free
2021-07-29 06:30:00,7.89292797683355,21.333334,48.9289798648533,84,145,368.3406332485196,458.68786280275935,50,5.0,2827,2021-07-29 06:30:00,2021-07-29 06:30:00,28.3115936675188,-93.40812241748256,,2021-07-29,1778,0 days 00:15:00,169,3,False,False,,,,Free
2021-07-29 06:30:00,3.11916532468801,9.599999,7.641289781617455,84,155,410.57142857142856,410.1428571428572,7,5.0,2836,2021-07-29 06:30:00,2021-07-29 06:30:00,27.88928571428964,-93.89357246020931,,2021-07-29,1735,0 days 00:45:00,164,3,False,False,,,,Free
2021-07-29 06:30:00,7.7433745303228445,28.13023,47.09235537396409,84,159,446.13935249952624,206.6342248308045,43,5.0,2840,2021-07-29 06:30:00,2021-07-29 06:30:00,27.53360647500861,-95.928658725175,,2021-07-29,1767,0 days 00:30:00,167,10,False,False,,,,Free
2021-07-29 06:30:00,7.655413920339016,57.142864,46.02854390915926,84,160,453.85698630053,197.681461194299,42,5.0,2841,2021-07-29 06:30:00,2021-07-29 06:30:00,27.45643013699856,-96.01818635898172,,2021-07-29,1768,0 days 00:30:00,168,4,False,False,,,,Free
2021-07-29 06:30:00,9.45922053125966,27.0,70.27495605912527,84,164,475.17670454076176,407.7803977552474,64,5.0,2845,2021-07-29 06:30:00,2021-07-29 06:30:00,27.24323295459621,-93.91719705341036,,2021-07-29,1808,0 days 00:00:00,173,3,False,False,,,,Free
2021-07-29 06:45:00,7.125514794104913,16.926315,39.87699038327379,85,137,17.19991173673153,283.4836716635873,38,5.0,2854,2021-07-29 06:45:00,2021-07-29 06:45:00,31.823000882637228,-95.16016427880776,,2021-07-29,1701,0 days 01:15:00,160,6,False,False,,,,Free
2021-07-29 06:45:00,21.082965258569896,67.99266,349.1027481293951,85,139,180.776359338638,225.1997672129896,331,5.0,2855,2021-07-29 06:45:00,2021-07-29 06:45:00,30.187236406617902,-95.74300330665848,,2021-07-29,1817,0 days 00:00:00,174,3,False,False,,,,Free
2021-07-29 06:45:00,13.393816301242582,84.218185,140.89596561246145,85,141,179.4086336262072,261.36229056378284,132,5.0,2857,2021-07-29 06:45:00,2021-07-29 06:45:00,30.200913663742217,-95.38137808348438,,2021-07-29,1578,0 days 02:30:00,137,12,False,False,,,,Free
2021-07-29 06:45:00,7.921555670349568,51.965214,49.28455489614861,85,142,216.28966857032376,206.26791336063096,46,5.0,2858,2021-07-29 06:45:00,2021-07-29 06:45:00,29.832103314301,-95.9323218397721,,2021-07-29,1792,0 days 00:15:00,170,4,False,False,,,,Free
2021-07-29 06:45:00,8.221801602685762,47.804085,53.091362009170666,85,145,330.98753568555554,357.0377735274352,50,5.0,2860,2021-07-29 06:45:00,2021-07-29 06:45:00,28.68512464314849,-94.4246232811882,,2021-07-29,1795,0 days 00:15:00,172,3,False,False,,,,Free
2021-07-29 06:45:00,7.616569724244302,22.4,45.562623784467526,85,148,344.1250684177776,449.0990695213568,42,5.0,2863,2021-07-29 06:45:00,2021-07-29 06:45:00,28.553749315826256,-93.50401034755652,,2021-07-29,1756,0 days 00:45:00,166,4,False,False,,,,Free
2021-07-29 06:45:00,6.335696991343838,20.524137,31.526711946786737,85,152,366.3998222979867,457.8773878096371,29,5.0,2867,2021-07-29 06:45:00,2021-07-29 06:45:00,28.33100177702413,-93.41622716718216,,2021-07-29,1778,0 days 00:30:00,169,3,False,False,,,,Free
2021-07-29 06:45:00,7.468103659962852,18.720001,43.803675833483,85,164,445.3021137022313,205.07106414651523,40,5.0,2879,2021-07-29 06:45:00,2021-07-29 06:45:00,27.54197886298156,-95.9442903315712,,2021-07-29,1767,0 days 00:45:00,167,10,False,False,,,,Free
2021-07-29 06:45:00,7.185272197047195,24.389187,40.54864362259359,85,165,453.249233351021,195.0666295032353,37,5.0,2880,2021-07-29 06:45:00,2021-07-29 06:45:00,27.46250766649365,-96.04433467514514,,2021-07-29,1768,0 days 00:45:00,168,4,False,False,,,,Free
2021-07-29 06:45:00,11.216053002579644,31.359999,98.80296718465696,85,167,472.72121059467935,404.60234362333387,90,5.0,2882,2021-07-29 06:45:00,2021-07-29 06:45:00,27.26778789405704,-93.94897759382133,,2021-07-29,1808,0 days 00:15:00,173,3,False,False,,,,Free
2021-07-29 06:45:00,3.5486651492162684,22.400002,9.890538189246628,85,168,483.7522349989808,192.3971902904754,9,5.0,2883,2021-07-29 06:45:00,2021-07-29 06:45:00,27.157477650014005,-96.07102906650994,,2021-07-29,1828,0 days 00:00:00,176,3,False,False,,,,Free
2021-07-29 06:45:00,5.421856651275022,15.542858,23.08798031645314,85,171,489.47515807775454,264.783197836064,21,5.0,2886,2021-07-29 06:45:00,2021-07-29 06:45:00,27.10024841922625,-95.34716901173914,,2021-07-29,1831,0 days 00:00:00,177,4,False,False,,,,Free
2021-07-29 07:00:00,21.305760737008697,61.59521,356.5200613346337,86,148,179.91003959259154,218.2967098257359,341,5.0,2896,2021-07-29 07:00:00,2021-07-29 07:00:00,30.19589960407837,-95.8120338785584,,2021-07-29,1817,0 days 00:15:00,174,3,False,False,,,,Free
2021-07-29 07:00:00,12.980707012489017,32.20645,132.33861235367908,86,149,178.103605467324,257.06435380130847,125,5.0,2897,2021-07-29 07:00:00,2021-07-29 07:00:00,30.21396394533105,-95.42435744988096,,2021-07-29,1578,0 days 02:45:00,137,12,False,False,,,,Free
2021-07-29 07:00:00,7.658568173044257,26.120932,46.06648191512664,86,153,215.05784400409985,202.6185363651937,44,5.0,2901,2021-07-29 07:00:00,2021-07-29 07:00:00,29.84442155996324,-95.9688156086836,,2021-07-29,1792,0 days 00:30:00,170,4,False,False,,,,Free
2021-07-29 07:00:00,4.982791492903098,16.000002,19.50003136834068,86,157,329.57171717142523,355.19393939043647,18,5.0,2905,2021-07-29 07:00:00,2021-07-29 07:00:00,28.699282828289803,-94.44306162203128,,2021-07-29,1795,0 days 00:30:00,172,3,False,False,,,,Free
2021-07-29 07:00:00,8.095372974071244,48.612774,51.471118581189344,86,176,445.56132306004247,203.5801541477493,47,5.0,2923,2021-07-29 07:00:00,2021-07-29 07:00:00,27.53938676940345,-95.95919943113284,,2021-07-29,1767,0 days 01:00:00,167,10,False,False,,,,Free
2021-07-29 07:00:00,10.705131006004654,14.165852,90.0064958943443,86,179,471.1287919067416,402.8440659985728,82,5.0,2926,2021-07-29 07:00:00,2021-07-29 07:00:00,27.28371208093641,-93.96656036956648,,2021-07-29,1808,0 days 00:30:00,173,3,False,False,,,,Free
2021-07-29 07:00:00,5.156039639224855,29.810524,20.879609709881947,86,182,484.0000000121384,191.3143826866447,19,5.0,2929,2021-07-29 07:00:00,2021-07-29 07:00:00,27.154999999882428,-96.0818571422388,,2021-07-29,1828,0 days 00:15:00,176,3,False,False,,,,Free
2021-07-29 07:00:00,8.111846009628387,46.161697,51.68080582794887,86,184,491.0333918783344,262.59836661746084,47,5.0,2931,2021-07-29 07:00:00,2021-07-29 07:00:00,27.08466608122046,-95.36901732330084,,2021-07-29,1831,0 days 00:15:00,177,4,False,False,,,,Free
2021-07-29 07:15:00,18.578684358315886,120.944885,271.0939303709164,87,139,178.3501188634928,209.41718165466213,254,5.0,2942,2021-07-29 07:15:00,2021-07-29 07:15:00,30.211498811369363,-95.90082915773172,,2021-07-29,1817,0 days 00:30:00,174,3,False,False,,,,Free
2021-07-29 07:15:00,5.721527431517192,24.4,25.71069700510509,87,143,215.2457044665445,198.0382302533867,24,5.0,2946,2021-07-29 07:15:00,2021-07-29 07:15:00,29.84254295533879,-96.0146186684928,,2021-07-29,1792,0 days 00:45:00,170,4,False,False,,,,Free
2021-07-29 07:15:00,8.476863717398624,61.47692,56.43652742367166,87,148,348.8373740226601,446.669436157288,52,5.0,2951,2021-07-29 07:15:00,2021-07-29 07:15:00,28.506626259777423,-93.52830668050292,,2021-07-29,1867,0 days 00:00:00,179,3,False,False,,,,Free
2021-07-29 07:15:00,8.756996441357987,81.338196,60.22824769388318,87,164,445.14762063975,201.9307864814692,55,5.0,2967,2021-07-29 07:15:00,2021-07-29 07:15:00,27.543523793606376,-95.97569310732432,,2021-07-29,1767,0 days 01:15:00,167,10,False,False,,,,Free
2021-07-29 07:15:00,3.7408688433827018,16.320002,10.990940205444408,87,172,485.3191850602474,190.5246179919312,11,5.0,2975,2021-07-29 07:15:00,2021-07-29 07:15:00,27.14180814940133,-96.08975478896024,,2021-07-29,1828,0 days 00:30:00,176,3,False,False,,,,Free
2021-07-29 07:15:00,7.848643490262352,19.41818,48.38147298515678,87,174,490.86233685446297,261.18614043311294,46,5.0,2977,2021-07-29 07:15:00,2021-07-29 07:15:00,27.08637663145917,-95.38313958474076,,2021-07-29,1831,0 days 00:30:00,177,4,False,False,,,,Free
2021-07-29 07:15:00,8.199091620956086,18.199999,52.79847275150043,87,175,494.7256944445072,382.9030934327756,48,5.0,2978,2021-07-29 07:15:00,2021-07-29 07:15:00,27.04774305555873,-94.16597008952608,,2021-07-29,1882,0 days 00:00:00,182,4,False,False,,,,Free
2021-07-29 07:15:00,4.428431747208719,26.742859,15.402449461122576,87,176,496.62417871304416,294.04664914608713,14,5.0,2979,2021-07-29 07:15:00,2021-07-29 07:15:00,27.02875821287336,-95.05453450700128,,2021-07-29,1883,0 days 00:00:00,183,3,False,False,,,,Free
2021-07-29 07:30:00,9.905546864537556,49.89296,77.06315680444798,88,160,348.7205245669237,444.4957018125632,71,5.0,2992,2021-07-29 07:30:00,2021-07-29 07:30:00,28.50779475433479,-93.55004402332897,,2021-07-29,1867,0 days 00:15:00,179,3,False,False,,,,Free
2021-07-29 07:30:00,8.677226436577163,40.711113,59.1359724436575,88,178,444.9899398163277,200.0886745374211,54,5.0,3010,2021-07-29 07:30:00,2021-07-29 07:30:00,27.5451006018406,-95.99411422623842,,2021-07-29,1767,0 days 01:30:00,167,10,False,False,,,,Free
2021-07-29 07:30:00,5.020128086506988,11.200001,19.79335790279616,88,191,490.8655914074976,261.20967741797654,18,5.0,3022,2021-07-29 07:30:00,2021-07-29 07:30:00,27.086344085928825,-95.38290421489889,,2021-07-29,1831,0 days 00:45:00,177,4,False,False,,,,Free
2021-07-29 07:30:00,8.856313848580502,24.685717,61.60215122824615,88,192,496.1201015873492,291.46825108908627,56,5.0,3023,2021-07-29 07:30:00,2021-07-29 07:30:00,27.033798984130303,-95.08031848683449,,2021-07-29,1883,0 days 00:15:00,183,3,False,False,,,,Free
2021-07-29 07:30:00,7.938129417323743,22.186666,49.4910002652232,88,193,492.94543573957264,381.2523920281649,45,5.0,3024,2021-07-29 07:30:00,2021-07-29 07:30:00,27.065545642608072,-94.1824771031005,,2021-07-29,1882,0 days 00:15:00,182,4,False,False,,,,Free
2021-07-29 07:45:00,5.876998389670655,15.744,27.12695361608149,89,163,346.58153387675725,442.0282948691224,25,5.0,3035,2021-07-29 07:45:00,2021-07-29 07:45:00,28.529184661236457,-93.57471809205828,,2021-07-29,1867,0 days 00:30:00,179,3,False,False,,,,Free
2021-07-29 07:45:00,2.3544364698808176,9.6,4.353753473670096,89,166,380.0,205.16666666666663,6,5.0,3038,2021-07-29 07:45:00,2021-07-29 07:45:00,28.195000000003976,-95.94333430639703,,2021-07-29,1916,0 days 00:00:00,185,4,False,False,,,,Free
2021-07-29 07:45:00,7.267596726453859,42.189472,41.48313048928207,89,174,411.2306821450986,283.68850835217194,38,5.0,3046,2021-07-29 07:45:00,2021-07-29 07:45:00,27.88269317855294,-95.15811591198047,,2021-07-29,1921,0 days 00:00:00,186,7,False,False,,,,Free
2021-07-29 07:45:00,7.743202498139602,41.302326,47.09026292430041,89,183,446.4081998558323,198.77399103629736,43,5.0,3055,2021-07-29 07:45:00,2021-07-29 07:45:00,27.53091800144555,-96.00726106087392,,2021-07-29,1767,0 days 01:45:00,167,10,False,False,,,,Free
2021-07-29 07:45:00,10.844952374047017,59.42858,92.37302790482512,89,200,491.7339665323016,377.478302591606,88,5.0,3070,2021-07-29 07:45:00,2021-07-29 07:45:00,27.077660334680782,-94.2202179963876,,2021-07-29,1882,0 days 00:30:00,182,4,False,False,,,,Free
2021-07-29 07:45:00,10.716933741884691,20.253658,90.20507515876469,89,201,496.3127598033312,289.50511669504766,82,5.0,3071,2021-07-29 07:45:00,2021-07-29 07:45:00,27.03187240197048,-95.09994983021386,,2021-07-29,1883,0 days 00:30:00,183,3,False,False,,,,Free
2021-07-29 08:00:00,1.6638031610987596,9.6,2.1741713649476906,90,191,366.0,308.5,2,5.0,3082,2021-07-29 08:00:00,2021-07-29 08:00:00,28.335000000004,-94.91000100259237,,2021-07-29,1939,0 days 00:00:00,188,3,False,False,,,,Free
2021-07-29 08:00:00,5.886429812727119,41.855995,27.21409029702257,90,196,380.45582806961664,202.80876927311968,25,5.0,3087,2021-07-29 08:00:00,2021-07-29 08:00:00,28.19044171930781,-95.96691327965874,,2021-07-29,1916,0 days 00:15:00,185,4,False,False,,,,Free
2021-07-29 08:00:00,8.502047792305877,65.72308,56.77236224836911,90,208,412.5770205202402,282.7745123284601,52,5.0,3099,2021-07-29 08:00:00,2021-07-29 08:00:00,27.869229794801523,-95.1672558719564,,2021-07-29,1921,0 days 00:15:00,186,7,False,False,,,,Free
2021-07-29 08:00:00,7.279378004209156,44.463158,41.61773355789542,90,219,446.6157641793045,195.5282742459708,38,5.0,3110,2021-07-29 08:00:00,2021-07-29 08:00:00,27.528842358210827,-96.03971822784972,,2021-07-29,1767,0 days 02:00:00,167,10,False,False,,,,Free
2021-07-29 08:00:00,11.4098540867092,25.806454,102.24687948022648,90,235,489.1810513176761,373.4290710982836,95,5.0,3126,2021-07-29 08:00:00,2021-07-29 08:00:00,27.103189486827045,-94.26071031016367,,2021-07-29,1882,0 days 00:45:00,182,4,False,False,,,,Free
2021-07-29 08:15:00,5.882454604882014,36.48,27.17734641653404,91,193,366.3288437101851,307.95552729523587,25,5.0,3143,2021-07-29 08:15:00,2021-07-29 08:15:00,28.331711562902147,-94.91544572948442,,2021-07-29,1939,0 days 00:15:00,188,3,False,False,,,,Free
2021-07-29 08:15:00,6.555138701532294,32.51613,33.7484360849508,91,197,381.6215709306634,201.78757326720344,31,5.0,3147,2021-07-29 08:15:00,2021-07-29 08:15:00,28.17878429069734,-95.97712523942609,,2021-07-29,1916,0 days 00:30:00,185,4,False,False,,,,Free
2021-07-29 08:15:00,10.005051478077377,114.666664,78.61918481317639,91,212,413.8873860199707,279.88138294260085,72,5.0,3162,2021-07-29 08:15:00,2021-07-29 08:15:00,27.856126139804218,-95.19618716498826,,2021-07-29,1921,0 days 00:30:00,186,7,False,False,,,,Free
2021-07-29 08:15:00,5.539169062808345,21.381819,24.09789582270248,91,223,448.0671476123968,194.0510543856037,22,5.0,3173,2021-07-29 08:15:00,2021-07-29 08:15:00,27.5143285238799,-96.05449042603124,,2021-07-29,1767,0 days 02:15:00,167,10,False,False,,,,Free
2021-07-29 08:15:00,6.890521371947591,12.423531,37.290143063489545,91,228,462.395404113797,444.5237718043411,34,5.0,3178,2021-07-29 08:15:00,2021-07-29 08:15:00,27.37104595886588,-93.5497633234192,,2021-07-29,1996,0 days 00:00:00,191,3,False,False,,,,Free
2021-07-29 08:30:00,2.828791774139691,14.400001,6.28480550618213,92,238,0.0815602854867856,295.5709219984075,6,5.0,3190,2021-07-29 08:30:00,2021-07-29 08:30:00,31.994184397149706,-95.03929177891364,,2021-07-29,2001,0 days 00:00:00,192,3,False,False,,,,Free
2021-07-29 08:30:00,1.6638031610966428,9.6,2.1741713649421586,92,260,366.0,306.5,2,5.0,3211,2021-07-29 08:30:00,2021-07-29 08:30:00,28.335000000004,-94.93000100202084,,2021-07-29,1939,0 days 00:30:00,188,3,False,False,,,,Free
2021-07-29 08:30:00,2.8840222840333314,9.599999,6.532615617535594,92,265,382.8571428571428,200.7142857142857,7,5.0,3216,2021-07-29 08:30:00,2021-07-29 08:30:00,28.166428571432544,-95.98785811464852,,2021-07-29,1916,0 days 00:45:00,185,4,False,False,,,,Free
2021-07-29 08:30:00,9.723399621802894,122.68236,74.25507682055395,92,280,414.46198641187146,277.87811157170466,68,5.0,3231,2021-07-29 08:30:00,2021-07-29 08:30:00,27.850380135885207,-95.21621987812478,,2021-07-29,1921,0 days 00:45:00,186,7,False,False,,,,Free
2021-07-29 08:30:00,12.664880925937508,78.46955,125.9772440554689,92,292,449.2445259860572,381.1524677231583,115,5.0,3243,2021-07-29 08:30:00,2021-07-29 08:30:00,27.502554740143296,-94.183476346122,,2021-07-29,2031,0 days 00:00:00,195,3,False,False,,,,Free
2021-07-29 08:30:00,13.524789811151225,49.46565,143.6649844816655,92,296,461.089879188648,411.4484375219379,135,5.0,3247,2021-07-29 08:30:00,2021-07-29 08:30:00,27.384101208117368,-93.8805166567916,,2021-07-29,2034,0 days 00:00:00,196,3,False,False,,,,Free
2021-07-29 08:30:00,7.08920767901766,9.600001,39.47164987456976,92,297,458.77777777777777,443.30555555555554,36,5.0,3248,2021-07-29 08:30:00,2021-07-29 08:30:00,27.407222222226075,-93.56194548555897,,2021-07-29,1996,0 days 00:15:00,191,3,False,False,,,,Free
2021-07-29 08:45:00,3.266422222441669,58.8,8.379816806176922,93,220,0.1775092978812299,296.44330856114124,8,5.0,3266,2021-07-29 08:45:00,2021-07-29 08:45:00,31.993224907025755,-95.0305679135356,,2021-07-29,2001,0 days 00:15:00,192,3,False,False,,,,Free
2021-07-29 08:45:00,11.791712812532142,103.10401,109.20528790374344,93,256,416.100994852582,275.5843594293061,100,5.0,3299,2021-07-29 08:45:00,2021-07-29 08:45:00,27.8339900514781,-95.23915739889328,,2021-07-29,1921,0 days 01:00:00,186,7,False,False,,,,Free
2021-07-29 08:45:00,14.79692293214342,155.55669,171.9620861330802,93,272,447.674312754262,378.2342050906447,157,5.0,3315,2021-07-29 08:45:00,2021-07-29 08:45:00,27.51825687246125,-94.21265897161322,,2021-07-29,2031,0 days 00:15:00,195,3,False,False,,,,Free
2021-07-29 08:45:00,13.571488629944584,24.945457,144.65879919793582,93,276,453.41777310796806,441.3335093702671,136,5.0,3319,2021-07-29 08:45:00,2021-07-29 08:45:00,27.46082226892418,-93.58166594684832,,2021-07-29,1996,0 days 00:30:00,191,3,False,False,,,,Free
2021-07-29 08:45:00,10.502260060409933,40.951897,86.62742751948046,93,277,459.5870709732183,408.6060222812961,81,5.0,3320,2021-07-29 08:45:00,2021-07-29 08:45:00,27.399129290271667,-93.90894080838576,,2021-07-29,2034,0 days 00:15:00,196,3,False,False,,,,Free
2021-07-29 09:00:00,1.6331888543031925,9.6,2.0948971031016645,94,229,0.0,295.5,2,5.0,3335,2021-07-29 09:00:00,2021-07-29 09:00:00,31.99500000000457,-95.04000099887742,,2021-07-29,2001,0 days 00:30:00,192,3,False,False,,,,Free
2021-07-29 09:00:00,5.486984116046052,58.909096,23.645978334739848,94,236,248.9984822924803,497.5785834661306,22,5.0,3340,2021-07-29 09:00:00,2021-07-29 09:00:00,29.50501517707938,-93.01921522196233,,2021-07-29,2088,0 days 00:00:00,198,4,False,False,,,,Free
2021-07-29 09:00:00,9.01553960798077,61.830513,63.83712692490753,94,240,316.9744109832034,455.7683865173316,59,5.0,3344,2021-07-29 09:00:00,2021-07-29 09:00:00,28.82525589017204,-93.4373171795026,,2021-07-29,2092,0 days 00:00:00,200,4,False,False,,,,Free
2021-07-29 09:00:00,1.667142969138486,9.6,2.182908700126811,94,264,409.3333333333333,413.0,3,5.0,3368,2021-07-29 09:00:00,2021-07-29 09:00:00,27.9016666666706,-93.86500103245436,,2021-07-29,2099,0 days 00:00:00,201,4,False,False,,,,Free
2021-07-29 09:00:00,13.289827281596796,66.06614,138.7166381259481,94,265,417.59303194210304,273.9651597604408,127,5.0,3369,2021-07-29 09:00:00,2021-07-29 09:00:00,27.819069680582885,-95.2553493951192,,2021-07-29,1921,0 days 01:15:00,186,7,False,False,,,,Free
2021-07-29 09:00:00,18.78170301160932,99.87035,277.0510619740983,94,281,447.25700976414055,374.0432043653554,253,5.0,3385,2021-07-29 09:00:00,2021-07-29 09:00:00,27.522429902362465,-94.2545689776685,,2021-07-29,2031,0 days 00:30:00,195,3,False,False,,,,Free
2021-07-29 09:00:00,6.88957767482409,10.729412,37.27992955740911,94,288,458.7987679782037,405.7053387937548,34,5.0,3392,2021-07-29 09:00:00,2021-07-29 09:00:00,27.407012320221817,-93.93794764243228,,2021-07-29,2034,0 days 00:30:00,196,3,False,False,,,,Free
2021-07-29 09:15:00,5.723899056412455,105.6,25.73201605579584,95,254,223.58159376599028,468.0501159753519,24,5.0,3408,2021-07-29 09:15:00,2021-07-29 09:15:00,29.75918406234432,-93.314499888432,,2021-07-29,2120,0 days 00:00:00,203,3,False,False,,,,Free
2021-07-29 09:15:00,7.58190738103676,64.685715,45.14886438480578,95,257,250.74940161007373,496.858145824305,42,5.0,3411,2021-07-29 09:15:00,2021-07-29 09:15:00,29.48750598390344,-93.0264195981747,,2021-07-29,2088,0 days 00:15:00,198,4,False,False,,,,Free
2021-07-29 09:15:00,11.677811152818002,189.18785,107.10574760639098,95,260,316.51701708665786,452.4697772315258,99,5.0,3414,2021-07-29 09:15:00,2021-07-29 09:15:00,28.82982982913749,-93.470303271418,,2021-07-29,2092,0 days 00:15:00,200,4,False,False,,,,Free
2021-07-29 09:15:00,8.08220406599612,16.136168,51.30379655148974,95,285,410.5927028900271,464.6276991848641,50,5.0,3437,2021-07-29 09:15:00,2021-07-29 09:15:00,27.88907297110366,-93.3487240553589,,2021-07-29,2132,0 days 00:00:00,204,5,False,False,,,,Free
2021-07-29 09:15:00,7.819289540211728,20.072725,48.02025602054489,95,286,408.1064535536317,412.85554885005314,44,5.0,3438,2021-07-29 09:15:00,2021-07-29 09:15:00,27.913935464467613,-93.86644554391256,,2021-07-29,2099,0 days 00:15:00,201,4,False,False,,,,Free
2021-07-29 09:15:00,11.433540805296737,19.404257,102.67184669761166,95,289,417.0576070731764,271.40251106830203,94,5.0,3441,2021-07-29 09:15:00,2021-07-29 09:15:00,27.82442392927216,-95.28097588130828,,2021-07-29,1921,0 days 01:30:00,186,7,False,False,,,,Free
2021-07-29 09:15:00,7.372846286558039,32.492306,42.6933506660127,95,309,441.4629733521671,236.89796679247632,39,5.0,3460,2021-07-29 09:15:00,2021-07-29 09:15:00,27.58037026648221,-95.62602131420653,,2021-07-29,2147,0 days 00:00:00,205,5,False,False,,,,Free
2021-07-29 09:30:00,6.913131176945019,97.097145,37.53526417496714,96,236,226.6984550538913,466.93404479424976,35,5.0,3486,2021-07-29 09:30:00,2021-07-29 09:30:00,29.728015449465303,-93.3256605999241,,2021-07-29,2120,0 days 00:15:00,203,3,False,False,,,,Free
2021-07-29 09:30:00,7.212742189129272,41.68421,40.859279074360174,96,238,252.1186513609248,495.41319941852464,38,5.0,3488,2021-07-29 09:30:00,2021-07-29 09:30:00,29.473813486394928,-93.0408690618196,,2021-07-29,2088,0 days 00:30:00,198,4,False,False,,,,Free
2021-07-29 09:30:00,12.197138633362904,177.24443,116.84383465518144,96,242,316.25152668417417,450.02348085073936,108,5.0,3491,2021-07-29 09:30:00,2021-07-29 09:30:00,28.83248473316233,-93.49476623452682,,2021-07-29,2092,0 days 00:30:00,200,4,False,False,,,,Free
2021-07-29 09:30:00,7.455095289156217,22.8,43.65120923255623,96,264,407.66432583745177,410.9983146057513,40,5.0,3513,2021-07-29 09:30:00,2021-07-29 09:30:00,27.918356741629413,-93.88501788582482,,2021-07-29,2099,0 days 00:30:00,201,4,False,False,,,,Free
2021-07-29 09:30:00,9.282016605770783,44.59355,67.66663243068315,96,266,409.2318181413159,463.6677760091962,64,5.0,3514,2021-07-29 09:30:00,2021-07-29 09:30:00,27.90268181859077,-93.35832328684126,,2021-07-29,2132,0 days 00:15:00,204,5,False,False,,,,Free
2021-07-29 09:30:00,8.18029864609536,65.4,52.55671347627565,96,285,444.0242825700505,234.41887413912875,48,5.0,3533,2021-07-29 09:30:00,2021-07-29 09:30:00,27.55475717430337,-95.65081224003154,,2021-07-29,2147,0 days 00:15:00,205,5,False,False,,,,Free
2021-07-29 09:30:00,9.595403235645666,43.78182,72.31299376095839,96,290,451.0474293013597,462.4896858799437,66,5.0,3537,2021-07-29 09:30:00,2021-07-29 09:30:00,27.48452570699027,-93.37010418779715,,2021-07-29,2188,0 days 00:00:00,208,5,False,False,,,,Free
2021-07-29 09:45:00,6.072609710387909,42.66667,28.962805033178537,97,283,228.31406097224857,465.7467059953573,27,5.0,3558,2021-07-29 09:45:00,2021-07-29 09:45:00,29.711859390281727,-93.33753398757376,,2021-07-29,2120,0 days 00:30:00,203,3,False,False,,,,Free
2021-07-29 09:45:00,4.964677787355865,14.400001,19.358513984414127,97,285,254.4148936188201,494.0614657150441,18,5.0,3560,2021-07-29 09:45:00,2021-07-29 09:45:00,29.45085106381597,-93.05438639846813,,2021-07-29,2088,0 days 00:45:00,198,4,False,False,,,,Free
2021-07-29 09:45:00,13.586995961515218,94.42389,144.98957405272037,97,287,316.80785522726643,448.0361574571821,136,5.0,3562,2021-07-29 09:45:00,2021-07-29 09:45:00,28.82692144773141,-93.51463946789448,,2021-07-29,2092,0 days 00:45:00,200,4,False,False,,,,Free
2021-07-29 09:45:00,8.418109551738391,26.541176,55.65690189100209,97,312,408.0780994067613,462.8306935957132,51,5.0,3586,2021-07-29 09:45:00,2021-07-29 09:45:00,27.91421900593632,-93.36669411073689,,2021-07-29,2132,0 days 00:30:00,204,5,False,False,,,,Free
2021-07-29 09:45:00,5.13784192060587,9.600001,20.73248487316324,97,313,406.3157894736842,409.05263157894734,19,5.0,3587,2021-07-29 09:45:00,2021-07-29 09:45:00,27.93184210526709,-93.90447471553688,,2021-07-29,2099,0 days 00:45:00,201,4,False,False,,,,Free
2021-07-29 09:45:00,8.181438706041899,36.2,52.57136379206898,97,344,446.0095566735114,230.61056543383785,50,5.0,3612,2021-07-29 09:45:00,2021-07-29 09:45:00,27.53490443326876,-95.6888953259962,,2021-07-29,2147,0 days 00:30:00,205,5,False,False,,,,Free
2021-07-29 09:45:00,11.141122194721651,39.478653,97.48723582374885,97,348,446.69706050816416,462.2070651531356,89,5.0,3616,2021-07-29 09:45:00,2021-07-29 09:45:00,27.52802939492223,-93.37293039498444,,2021-07-29,2188,0 days 00:15:00,208,5,False,False,,,,Free
2021-07-29 09:45:00,,,,97,360,458.5,218.5,2,5.0,3627,2021-07-29 09:45:00,2021-07-29 09:45:00,27.41000000000385,-95.81000097687388,,2021-07-29,2239,0 days 00:00:00,209,3,False,False,,,,Free
2021-07-29 10:00:00,7.907221948103334,21.546665,49.10635959674995,98,279,407.2320709083639,460.9884501823309,45,5.0,3673,2021-07-29 10:00:00,2021-07-29 10:00:00,27.922679290920293,-93.38511654434429,,2021-07-29,2132,0 days 00:45:00,204,5,False,False,,,,Free
2021-07-29 10:00:00,10.756360074108478,53.551804,90.87000362366275,98,301,441.5439476131796,461.6941783386511,83,5.0,3694,2021-07-29 10:00:00,2021-07-29 10:00:00,27.57956052387208,-93.37805926298272,,2021-07-29,2188,0 days 00:30:00,208,5,False,False,,,,Free
2021-07-29 10:00:00,7.375608244222706,19.692308,42.72534355156336,98,306,449.670506113806,227.29668412247872,39,5.0,3699,2021-07-29 10:00:00,2021-07-29 10:00:00,27.498294938865808,-95.72203413816284,,2021-07-29,2147,0 days 00:45:00,205,5,False,False,,,,Free
2021-07-29 10:00:00,9.30290906388151,45.367744,67.97159058459039,98,314,458.08646314449055,300.0110276151051,62,5.0,3707,2021-07-29 10:00:00,2021-07-29 10:00:00,27.41413536855895,-94.99489072401548,,2021-07-29,2283,0 days 00:00:00,210,3,False,False,,,,Free
2021-07-29 10:00:00,3.918730414450127,9.599999,12.060926103524888,98,315,458.9090909090909,214.8181818181818,11,5.0,3708,2021-07-29 10:00:00,2021-07-29 10:00:00,27.405909090912942,-95.84681915763991,,2021-07-29,2239,0 days 00:15:00,209,3,False,False,,,,Free
2021-07-29 10:15:00,1.178739096897188,9.6,1.0912525174852332,99,287,407.0,457.0,3,5.0,3751,2021-07-29 10:15:00,2021-07-29 10:15:00,27.925000000003934,-93.42500104502784,,2021-07-29,2132,0 days 01:00:00,204,5,False,False,,,,Free
2021-07-29 10:15:00,9.66262282411233,24.931341,73.329704710418,99,301,438.4493035651723,460.84528979303,67,5.0,3765,2021-07-29 10:15:00,2021-07-29 10:15:00,27.61050696435216,-93.38654814819635,,2021-07-29,2188,0 days 00:45:00,208,5,False,False,,,,Free
2021-07-29 10:15:00,13.97744711138692,36.342857,153.44247558086627,99,314,456.1239288215228,296.5800364553957,140,5.0,3777,2021-07-29 10:15:00,2021-07-29 10:15:00,27.43376071178863,-95.0292006346321,,2021-07-29,2283,0 days 00:15:00,210,3,False,False,,,,Free
2021-07-29 10:15:00,2.6410846287992,9.6,5.478409813237692,99,315,451.2,225.0,5,5.0,3778,2021-07-29 10:15:00,2021-07-29 10:15:00,27.483000000003862,-95.7450009787313,,2021-07-29,2147,0 days 01:00:00,205,5,False,False,,,,Free
2021-07-29 10:15:00,1.6710725267026714,9.6,2.193211325431535,99,320,460.5,213.0,2,5.0,3783,2021-07-29 10:15:00,2021-07-29 10:15:00,27.39000000000385,-95.86500097530217,,2021-07-29,2239,0 days 00:30:00,209,3,False,False,,,,Free
2021-07-29 10:30:00,7.649850664391844,15.771428,45.96166952988309,100,239,436.6130416366572,460.86229084831103,45,5.0,3841,2021-07-29 10:30:00,2021-07-29 10:30:00,27.628869583637314,-93.38637813764842,,2021-07-29,2188,0 days 01:00:00,208,5,False,False,,,,Free
2021-07-29 10:45:00,1.6706565238018802,9.6,2.192119489268877,101,235,455.0,290.5,2,5.0,3906,2021-07-29 10:45:00,2021-07-29 10:45:00,27.44500000000386,-95.09000099744868,,2021-07-29,2283,0 days 00:45:00,210,3,False,False,,,,Free
2021-07-29 11:00:00,6.965747505530048,14.262857,38.10880561433609,102,206,382.806909319992,276.65144973783663,35,5.0,3939,2021-07-29 11:00:00,2021-07-29 11:00:00,28.16693090680405,-95.22848649611292,,2021-07-29,2433,0 days 00:00:00,211,3,False,False,,,,Free
2021-07-29 11:00:00,3.726896468574462,9.6,10.908989863617457,102,212,403.5,476.0,10,5.0,3945,2021-07-29 11:00:00,2021-07-29 11:00:00,27.960000000003937,-93.2350010504573,,2021-07-29,2438,0 days 00:00:00,212,3,False,False,,,,Free
2021-07-29 11:00:00,7.273362393611329,15.915788,41.548976960029336,102,222,428.4691417517925,489.64513017435246,38,5.0,3954,2021-07-29 11:00:00,2021-07-29 11:00:00,27.71030858248597,-93.098549752613,,2021-07-29,2445,0 days 00:00:00,213,5,False,False,,,,Free
2021-07-29 11:00:00,6.584054707705367,38.4,34.04683476358259,102,244,478.05872126101286,165.87656944793318,31,5.0,3973,2021-07-29 11:00:00,2021-07-29 11:00:00,27.21441278739369,-96.3362352673568,,2021-07-29,2457,0 days 00:00:00,214,3,False,False,,,,Free
2021-07-29 11:15:00,4.5599614718313,12.800003,16.330979280816262,103,186,381.99658120006455,274.23589744007745,15,5.0,3991,2021-07-29 11:15:00,2021-07-29 11:15:00,28.175034188003327,-95.2526420184002,,2021-07-29,2433,0 days 00:15:00,211,3,False,False,,,,Free
2021-07-29 11:15:00,11.117170367779163,39.370785,97.06851903656076,103,195,401.7933311539096,473.82301404201934,89,5.0,3997,2021-07-29 11:15:00,2021-07-29 11:15:00,27.977066688464845,-93.25677090941502,,2021-07-29,2438,0 days 00:15:00,212,3,False,False,,,,Free
2021-07-29 11:15:00,6.690508269154878,67.8,35.156700154911235,103,223,481.3124004802927,164.26005175346054,32,5.0,4025,2021-07-29 11:15:00,2021-07-29 11:15:00,27.18187599520089,-96.3524004438396,,2021-07-29,2457,0 days 00:15:00,214,3,False,False,,,,Free
2021-07-29 11:30:00,3.722873812339119,9.6,10.88545315758574,104,258,380.3,271.7,10,5.0,4055,2021-07-29 11:30:00,2021-07-29 11:30:00,28.192000000003976,-95.27800099207631,,2021-07-29,2433,0 days 00:30:00,211,3,False,False,,,,Free
2021-07-29 11:30:00,20.54922826291336,31.705265,331.65069679731835,104,260,400.3795908223572,469.2458300927855,309,5.0,4057,2021-07-29 11:30:00,2021-07-29 11:30:00,27.99120409178037,-93.30254274759938,,2021-07-29,2438,0 days 00:30:00,212,3,False,False,,,,Free
2021-07-29 11:30:00,7.460646804181374,22.08,43.71624410104182,104,267,423.0301522294174,486.5187353720857,40,5.0,4064,2021-07-29 11:30:00,2021-07-29 11:30:00,27.764698477709736,-93.12981369974229,,2021-07-29,2445,0 days 00:30:00,213,5,False,False,,,,Free
2021-07-29 11:30:00,8.279697202654493,38.987755,53.84170327658487,104,293,482.9347904287891,162.91317400403142,49,5.0,4086,2021-07-29 11:30:00,2021-07-29 11:30:00,27.165652095715924,-96.36586922094898,,2021-07-29,2457,0 days 00:30:00,214,3,False,False,,,,Free
2021-07-29 11:45:00,5.481829292511881,126.109085,23.601570118128773,105,237,229.0858729990508,493.7292448420972,22,5.0,4105,2021-07-29 11:45:00,2021-07-29 11:45:00,29.704141270013704,-93.05770860710264,,2021-07-29,2552,0 days 00:00:00,219,5,False,False,,,,Free
2021-07-29 11:45:00,8.5574651012819,51.622643,57.514871622126485,105,244,348.3926345491965,376.7112100456506,53,5.0,4110,2021-07-29 11:45:00,2021-07-29 11:45:00,28.51107365451206,-94.22788892162794,,2021-07-29,2555,0 days 00:00:00,220,3,False,False,,,,Free
2021-07-29 11:45:00,6.129281146487901,12.800001,29.50590682486719,105,268,422.4207027555843,485.9287749334194,27,5.0,4132,2021-07-29 11:45:00,2021-07-29 11:45:00,27.770792972448067,-93.13571330396036,,2021-07-29,2445,0 days 00:45:00,213,5,False,False,,,,Free
2021-07-29 12:00:00,7.299040333329485,73.84615,41.84286453233915,106,181,230.2960149120821,490.0755307037367,39,5.0,4169,2021-07-29 12:00:00,2021-07-29 12:00:00,29.69203985088339,-93.0942457474422,,2021-07-29,2552,0 days 00:15:00,219,5,False,False,,,,Free
2021-07-29 12:00:00,8.449390387469075,62.215385,56.07130112716108,106,182,281.696154900986,468.4354665138456,52,5.0,4170,2021-07-29 12:00:00,2021-07-29 12:00:00,29.17803845099427,-93.31064638315718,,2021-07-29,2597,0 days 00:00:00,221,4,False,False,,,,Free
2021-07-29 12:00:00,7.43493239448161,63.6,43.41541223651678,106,184,349.6160265751502,372.6821936211338,41,5.0,4172,2021-07-29 12:00:00,2021-07-29 12:00:00,28.49883973425252,-94.26817908472174,,2021-07-29,2555,0 days 00:15:00,220,3,False,False,,,,Free
2021-07-29 12:00:00,9.930742655120367,25.82535,77.45569173532093,106,191,404.1159204466027,404.3589882031895,71,5.0,4178,2021-07-29 12:00:00,2021-07-29 12:00:00,27.95384079553791,-93.9514111479532,,2021-07-29,2603,0 days 00:00:00,222,3,False,False,,,,Free
2021-07-29 12:00:00,12.423678932114054,45.14595,121.22447723720312,106,197,416.0411112520314,442.73030832034686,111,5.0,4183,2021-07-29 12:00:00,2021-07-29 12:00:00,27.834588887483605,-93.56769795774665,,2021-07-29,2608,0 days 00:00:00,223,3,False,False,,,,Free
2021-07-29 12:00:00,2.637443051672262,9.6,5.463312759627791,106,203,421.0,485.0,5,5.0,4189,2021-07-29 12:00:00,2021-07-29 12:00:00,27.78500000000391,-93.14500105302916,,2021-07-29,2445,0 days 01:00:00,213,5,False,False,,,,Free
2021-07-29 12:15:00,6.914833044038129,64.18287,37.55374723054746,107,168,231.0535869444745,486.0403591789181,35,5.0,4220,2021-07-29 12:15:00,2021-07-29 12:15:00,29.684464130559466,-93.13459746153728,,2021-07-29,2552,0 days 00:30:00,219,5,False,False,,,,Free
2021-07-29 12:15:00,8.846817329391033,81.01053,61.47011156168031,107,169,283.61852004722533,465.661542725279,57,5.0,4221,2021-07-29 12:15:00,2021-07-29 12:15:00,29.15881479953187,-93.33838562025016,,2021-07-29,2597,0 days 00:15:00,221,4,False,False,,,,Free
2021-07-29 12:15:00,6.220806464790635,12.000001,30.39367826140708,107,171,350.6244897903576,369.0877551096869,28,5.0,4223,2021-07-29 12:15:00,2021-07-29 12:15:00,28.488755102100445,-94.30412346880912,,2021-07-29,2555,0 days 00:30:00,220,3,False,False,,,,Free
2021-07-29 12:15:00,4.714083354491253,9.6,17.453574989075488,107,178,402.7368421052632,401.3684210526316,19,5.0,4229,2021-07-29 12:15:00,2021-07-29 12:15:00,27.96763157895131,-93.98131681860416,,2021-07-29,2603,0 days 00:15:00,222,3,False,False,,,,Free
2021-07-29 12:15:00,9.506849795271693,11.963077,70.98443761315689,107,188,415.1426071743587,438.98862641246313,66,5.0,4239,2021-07-29 12:15:00,2021-07-29 12:15:00,27.843573928260334,-93.60511477575623,,2021-07-29,2608,0 days 00:15:00,223,3,False,False,,,,Free
2021-07-29 12:30:00,4.944253533264685,152.53334,19.199563116212417,108,235,172.47730927089023,451.3057128787896,27,5.0,4270,2021-07-29 12:30:00,2021-07-29 12:30:00,30.2702269072954,-93.48194391461271,,2021-07-29,2667,0 days 00:00:00,224,3,False,False,,,,Free
2021-07-29 12:30:00,7.013125018324802,126.13334,38.62896241797426,108,249,231.4394606511356,481.8302604938078,36,5.0,4282,2021-07-29 12:30:00,2021-07-29 12:30:00,29.68060539349285,-93.17669844718527,,2021-07-29,2552,0 days 00:45:00,219,5,False,False,,,,Free
2021-07-29 12:30:00,5.495607783059635,14.836364,23.72036356403592,108,250,280.32624768930106,448.4593345627681,22,5.0,4283,2021-07-29 12:30:00,2021-07-29 12:30:00,29.19173752311112,-93.5104076969596,,2021-07-29,2678,0 days 00:00:00,225,5,False,False,,,,Free
2021-07-29 12:30:00,5.740946586363378,42.399998,25.885520005846807,108,251,284.2738413541366,461.7274955535998,24,5.0,4284,2021-07-29 12:30:00,2021-07-29 12:30:00,29.15226158646276,-93.37772609084276,,2021-07-29,2597,0 days 00:30:00,221,4,False,False,,,,Free
2021-07-29 12:30:00,5.769716113080836,18.400002,26.14560956985433,108,259,388.631218906616,251.0062188992025,24,5.0,4292,2021-07-29 12:30:00,2021-07-29 12:30:00,28.1086878109378,-95.48493879717086,,2021-07-29,2684,0 days 00:00:00,226,4,False,False,,,,Free
2021-07-29 12:30:00,5.400434510402265,9.600001,22.905896240608904,108,261,402.0952380952381,397.8571428571428,21,5.0,4294,2021-07-29 12:30:00,2021-07-29 12:30:00,27.97404761905156,-94.01642959955568,,2021-07-29,2603,0 days 00:30:00,222,3,False,False,,,,Free
2021-07-29 12:30:00,4.716589689656336,9.6,17.472138995808308,108,269,414.7,436.45,20,5.0,4302,2021-07-29 12:30:00,2021-07-29 12:30:00,27.84800000000392,-93.63050103915543,,2021-07-29,2608,0 days 00:30:00,223,3,False,False,,,,Free
2021-07-29 12:30:00,3.1208696307703465,9.599999,7.649642435737065,108,279,422.4285714285714,489.2857142857143,7,5.0,4310,2021-07-29 12:30:00,2021-07-29 12:30:00,27.7707142857182,-93.1021439113967,,2021-07-29,2445,0 days 01:30:00,213,5,False,False,,,,Free
2021-07-29 12:45:00,7.552725388204539,58.971428,44.80198641764198,109,270,172.70995179214432,450.97772907933705,43,5.0,4343,2021-07-29 12:45:00,2021-07-29 12:45:00,30.26790048208285,-93.48522375251356,,2021-07-29,2667,0 days 00:15:00,224,3,False,False,,,,Free
2021-07-29 12:45:00,4.675416712510197,39.6,17.16842798828283,109,285,231.44797687485868,478.6943641262286,16,5.0,4358,2021-07-29 12:45:00,2021-07-29 12:45:00,29.68052023125562,-93.20805740996497,,2021-07-29,2552,0 days 01:00:00,219,5,False,False,,,,Free
2021-07-29 12:45:00,6.310002048157849,21.848274,31.27151211442944,109,286,281.81866557374474,445.85223086801454,29,5.0,4359,2021-07-29 12:45:00,2021-07-29 12:45:00,29.17681334426668,-93.53647873316208,,2021-07-29,2678,0 days 00:15:00,225,5,False,False,,,,Free
2021-07-29 12:45:00,3.5157472069316364,19.2,9.707897052175374,109,287,284.5915492968257,458.924882630159,9,5.0,4360,2021-07-29 12:45:00,2021-07-29 12:45:00,29.14908450703587,-93.40575221927628,,2021-07-29,2597,0 days 00:45:00,221,4,False,False,,,,Free
2021-07-29 12:45:00,5.998264974130497,30.646156,28.25798401302757,109,299,363.73635272910064,495.9466106409617,26,5.0,4370,2021-07-29 12:45:00,2021-07-29 12:45:00,28.357636472713,-93.03553494974769,,2021-07-29,2742,0 days 00:00:00,227,3,False,False,,,,Free
2021-07-29 12:45:00,10.132918220966683,34.767567,80.64156670075428,109,305,391.9204648659125,246.9225531320793,74,5.0,4375,2021-07-29 12:45:00,2021-07-29 12:45:00,28.07579535134484,-95.52577545367512,,2021-07-29,2684,0 days 00:15:00,226,4,False,False,,,,Free
2021-07-29 13:00:00,2.0082100164707937,9.6,3.167438120289047,110,275,74.0,261.0,3,5.0,4416,2021-07-29 13:00:00,2021-07-29 13:00:00,31.25500000000445,-95.38500098901868,,2021-07-29,2782,0 days 00:00:00,229,3,False,False,,,,Free
2021-07-29 13:00:00,1.1654772508403537,9.6,1.066835559610997,110,284,173.5,452.5,2,5.0,4425,2021-07-29 13:00:00,2021-07-29 13:00:00,30.260000000004297,-93.47000104374196,,2021-07-29,2667,0 days 00:30:00,224,3,False,False,,,,Free
2021-07-29 13:00:00,6.08903554546411,39.11111,29.11970023805489,110,310,283.2017372383572,441.1546145513591,27,5.0,4448,2021-07-29 13:00:00,2021-07-29 13:00:00,29.16298262762056,-93.58345489498625,,2021-07-29,2678,0 days 00:30:00,225,5,False,False,,,,Free
2021-07-29 13:00:00,6.105644578045187,41.95556,29.27877622679925,110,316,340.279329600764,357.56604147969813,28,5.0,4453,2021-07-29 13:00:00,2021-07-29 13:00:00,28.5922067039964,-94.41934060181654,,2021-07-29,2814,0 days 00:00:00,232,3,False,False,,,,Free
2021-07-29 13:00:00,7.532064475719322,44.721954,44.557204888097786,110,322,362.7385484457854,493.34864300075935,41,5.0,4459,2021-07-29 13:00:00,2021-07-29 13:00:00,28.367614515546148,-93.06151462540726,,2021-07-29,2742,0 days 00:15:00,227,3,False,False,,,,Free
2021-07-29 13:00:00,8.576365562444147,36.045284,57.769212843587376,110,327,394.711681043588,242.2215874667856,53,5.0,4463,2021-07-29 13:00:00,2021-07-29 13:00:00,28.047883189568072,-95.5727851089847,,2021-07-29,2684,0 days 00:30:00,226,4,False,False,,,,Free
2021-07-29 13:00:00,,,,110,362,498.37782341184106,293.45995894892565,17,5.0,4494,2021-07-29 13:00:00,2021-07-29 13:00:00,27.01122176588538,-95.0604014088052,,2021-07-29,2846,0 days 00:00:00,233,3,False,False,,,,Free
2021-07-29 13:15:00,7.23982847556846,32.98461,41.16673611999258,111,279,71.98882169470644,259.29576690456804,39,5.0,4501,2021-07-29 13:15:00,2021-07-29 13:15:00,31.2751117830574,-95.40204331948598,,2021-07-29,2782,0 days 00:15:00,229,3,False,False,,,,Free
2021-07-29 13:15:00,3.5031694280314465,29.866665,9.638560231842956,111,304,212.2350312809428,17.425379802276304,9,5.0,4524,2021-07-29 13:15:00,2021-07-29 13:15:00,29.87264968719481,-97.82074712139185,,2021-07-29,2867,0 days 00:00:00,235,4,False,False,,,,Free
2021-07-29 13:15:00,2.0236913312703115,12.8,3.216461993497417,111,306,223.6068375998709,404.1965812000645,3,5.0,4526,2021-07-29 13:15:00,2021-07-29 13:15:00,29.75893162400552,-93.95303521793808,,2021-07-29,2869,0 days 00:00:00,236,7,False,False,,,,Free
2021-07-29 13:15:00,6.201080168726324,49.37143,30.20122601279188,111,311,284.08370894533147,437.8749194771176,28,5.0,4531,2021-07-29 13:15:00,2021-07-29 13:15:00,29.15416291055081,-93.61625184479146,,2021-07-29,2678,0 days 00:45:00,225,5,False,False,,,,Free
2021-07-29 13:15:00,4.392955902604802,21.257145,15.15666210810662,111,313,322.60894780199294,217.6362882927189,17,5.0,4533,2021-07-29 13:15:00,2021-07-29 13:15:00,28.768910521984136,-95.81863809369986,,2021-07-29,2875,0 days 00:00:00,237,3,False,False,,,,Free
2021-07-29 13:15:00,11.021726373655271,42.654545,95.4089532940135,111,315,339.1080414104807,358.57987239409607,90,5.0,4535,2021-07-29 13:15:00,2021-07-29 13:15:00,28.60391958589923,-94.40920229296228,,2021-07-29,2814,0 days 00:15:00,232,3,False,False,,,,Free
2021-07-29 13:15:00,3.7196235643617706,9.6,10.866454405822909,111,321,361.7,491.4,10,5.0,4541,2021-07-29 13:15:00,2021-07-29 13:15:00,28.378000000004004,-93.081001054858,,2021-07-29,2742,0 days 00:30:00,227,3,False,False,,,,Free
2021-07-29 13:15:00,5.398703956704863,12.800001,22.89121833566927,111,328,395.0201900314877,238.44180522834355,22,5.0,4548,2021-07-29 13:15:00,2021-07-29 13:15:00,28.044798099689075,-95.610582930289,,2021-07-29,2684,0 days 00:45:00,226,4,False,False,,,,Free
2021-07-29 13:15:00,5.790997026338808,225.60002,26.338835215835537,111,353,468.6962450902439,45.072302807144375,24,5.0,4571,2021-07-29 13:15:00,2021-07-29 13:15:00,27.3080375491014,-97.54427789924353,,2021-07-29,2901,0 days 00:00:00,240,3,False,False,,,,Free
2021-07-29 13:15:00,10.51952645918076,18.835442,86.91250392197158,111,362,498.0781335251273,292.6728270408452,79,5.0,4580,2021-07-29 13:15:00,2021-07-29 13:15:00,27.01421866475252,-95.06827272766112,,2021-07-29,2846,0 days 00:15:00,233,3,False,False,,,,Free
2021-07-29 13:30:00,,,,112,337,70.38350515200388,259.1422680418453,19,5.0,4588,2021-07-29 13:30:00,2021-07-29 13:30:00,31.291164948484425,-95.40357830806936,,2021-07-29,2782,0 days 00:30:00,229,3,False,False,,,,Free
2021-07-29 13:30:00,1.6407798811530103,9.6,2.1144164344632133,112,340,87.0,320.3333333333333,3,5.0,4591,2021-07-29 13:30:00,2021-07-29 13:30:00,31.12500000000444,-94.79166767264051,,2021-07-29,2912,0 days 00:00:00,241,3,False,False,,,,Free
2021-07-29 13:30:00,6.03164721888764,23.111109,28.57338850615286,112,342,95.9402862986387,395.94274028006095,27,5.0,4593,2021-07-29 13:30:00,2021-07-29 13:30:00,31.03559713701804,-94.03557362477945,,2021-07-29,2914,0 days 00:00:00,242,3,False,False,,,,Free
2021-07-29 13:30:00,3.07294598310476,20.571428,7.416512512611165,112,345,107.21834862289,481.0036697210783,7,5.0,4596,2021-07-29 13:30:00,2021-07-29 13:30:00,30.9228165137755,-93.18496435467635,,2021-07-29,2917,0 days 00:00:00,243,3,False,False,,,,Free
2021-07-29 13:30:00,2.8603099261619063,9.599999,6.425635229073942,112,374,212.28571428571428,15.571428571428571,7,5.0,4622,2021-07-29 13:30:00,2021-07-29 13:30:00,29.872142857147097,-97.8392866331705,,2021-07-29,2867,0 days 00:15:00,235,4,False,False,,,,Free
2021-07-29 13:30:00,5.224996382375681,46.08,21.44183104328381,112,376,222.6915773959164,403.07205452199554,20,5.0,4624,2021-07-29 13:30:00,2021-07-29 13:30:00,29.76808422604505,-93.96428048439736,,2021-07-29,2869,0 days 00:15:00,236,7,False,False,,,,Free
2021-07-29 13:30:00,3.6946396228509255,29.759998,10.720969199538445,112,377,222.84652665315875,14.635702747366912,10,5.0,4625,2021-07-29 13:30:00,2021-07-29 13:30:00,29.76653473347264,-97.84864389114377,,2021-07-29,2934,0 days 00:00:00,244,3,False,False,,,,Free
2021-07-29 13:30:00,3.886695856814157,9.599999,11.864542493862382,112,382,284.09090909090907,435.09090909090907,11,5.0,4629,2021-07-29 13:30:00,2021-07-29 13:30:00,29.15409090909504,-93.644091947858,,2021-07-29,2678,0 days 01:00:00,225,5,False,False,,,,Free
2021-07-29 13:30:00,2.033578245799449,9.6,3.247967359236355,112,385,322.75,214.5,4,5.0,4632,2021-07-29 13:30:00,2021-07-29 13:30:00,28.767500000004063,-95.85000097573084,,2021-07-29,2875,0 days 00:15:00,237,3,False,False,,,,Free
2021-07-29 13:30:00,9.969089255532294,44.0,78.05502192868293,112,387,337.0191595219825,357.76866100656844,72,5.0,4634,2021-07-29 13:30:00,2021-07-29 13:30:00,28.62480840478422,-94.41731440660573,,2021-07-29,2814,0 days 00:30:00,232,3,False,False,,,,Free
2021-07-29 13:30:00,12.442495688268734,61.66487,121.59196562245327,112,416,447.3927596955501,161.4062123256021,114,5.0,4661,2021-07-29 13:30:00,2021-07-29 13:30:00,27.521072403048368,-96.38093883730266,,2021-07-29,2960,0 days 00:00:00,245,3,False,False,,,,Free
2021-07-29 13:30:00,6.581218156262936,77.72904,34.01750487519928,112,426,467.9938791782837,43.17422157775997,31,5.0,4669,2021-07-29 13:30:00,2021-07-29 13:30:00,27.315061208221,-97.563258710995,,2021-07-29,2901,0 days 00:15:00,240,3,False,False,,,,Free
2021-07-29 13:30:00,13.284374090186247,18.590485,138.60282277418497,112,436,496.9302271007372,290.4733837242303,127,5.0,4679,2021-07-29 13:30:00,2021-07-29 13:30:00,27.02569772899642,-95.09026716019872,,2021-07-29,2846,0 days 00:30:00,233,3,False,False,,,,Free
2021-07-29 13:45:00,7.057597661717312,20.237837,39.12043492572973,113,339,87.18952879763098,318.4041884701626,39,5.0,4688,2021-07-29 13:45:00,2021-07-29 13:45:00,31.123104712028123,-94.81095912072097,,2021-07-29,2912,0 days 00:15:00,241,3,False,False,,,,Free
2021-07-29 13:45:00,9.501238416728144,37.683582,70.90066580541831,113,342,95.75705540886835,395.5567631150532,67,5.0,4690,2021-07-29 13:45:00,2021-07-29 13:45:00,31.037429445915738,-94.03943339631924,,2021-07-29,2914,0 days 00:15:00,242,3,False,False,,,,Free
2021-07-29 13:45:00,4.789054943413026,33.31765,18.013143988391672,113,347,107.44162859246566,479.6356460260912,17,5.0,4695,2021-07-29 13:45:00,2021-07-29 13:45:00,30.920583714079743,-93.19864459123534,,2021-07-29,2917,0 days 00:15:00,243,3,False,False,,,,Free
2021-07-29 13:45:00,3.688761083662409,19.2,10.686880083647225,113,362,191.1676056328569,67.7,10,5.0,4709,2021-07-29 13:45:00,2021-07-29 13:45:00,30.0833239436757,-97.3180009337811,,2021-07-29,2990,0 days 00:00:00,248,4,False,False,,,,Free
2021-07-29 13:45:00,7.296662799385102,59.32308,41.81560981834315,113,381,223.554705929858,403.2844331152055,39,5.0,4727,2021-07-29 13:45:00,2021-07-29 13:45:00,29.759452940705643,-93.96215669852596,,2021-07-29,2869,0 days 00:30:00,236,7,False,False,,,,Free
2021-07-29 13:45:00,2.861812698748657,12.8,6.432388906380228,113,382,222.5,14.0,6,5.0,4728,2021-07-29 13:45:00,2021-07-29 13:45:00,29.770000000004224,-97.85500091843574,,2021-07-29,2934,0 days 00:15:00,244,3,False,False,,,,Free
2021-07-29 13:45:00,4.535235929766388,24.320002,16.154356046899462,113,385,268.4582470641493,491.1469979245376,15,5.0,4731,2021-07-29 13:45:00,2021-07-29 13:45:00,29.310417529362656,-93.08353107554036,,2021-07-29,3001,0 days 00:00:00,249,3,False,False,,,,Free
2021-07-29 13:45:00,4.547059382219998,32.640003,16.23869531144316,113,389,322.113844671707,208.8871201034709,15,5.0,4735,2021-07-29 13:45:00,2021-07-29 13:45:00,28.773861553286995,-95.90612977309218,,2021-07-29,2875,0 days 00:30:00,237,3,False,False,,,,Free
2021-07-29 13:45:00,4.258656616869187,11.815386,14.244103755178356,113,421,450.5836910038128,158.8605150106997,14,5.0,4766,2021-07-29 13:45:00,2021-07-29 13:45:00,27.48916308996574,-96.40639580972424,,2021-07-29,2960,0 days 00:15:00,245,3,False,False,,,,Free
2021-07-29 13:45:00,3.545831851325134,22.400002,9.87475103947312,113,431,466.7305236238088,41.60280970952458,9,5.0,4776,2021-07-29 13:45:00,2021-07-29 13:45:00,27.327694763765752,-97.57897282922828,,2021-07-29,2901,0 days 00:30:00,240,3,False,False,,,,Free
2021-07-29 14:00:00,8.121799610584565,30.759186,51.80771300047251,114,356,87.4857909683281,317.08099147224874,50,5.0,4794,2021-07-29 14:00:00,2021-07-29 14:00:00,31.12014209032116,-94.82419109032196,,2021-07-29,2912,0 days 00:30:00,241,3,False,False,,,,Free
2021-07-29 14:00:00,3.67094132785503,10.559999,10.583876606940487,114,364,97.08273381356663,395.4964028813998,10,5.0,4801,2021-07-29 14:00:00,2021-07-29 14:00:00,31.02417266186875,-94.04003699863851,,2021-07-29,2914,0 days 00:30:00,242,3,False,False,,,,Free
2021-07-29 14:00:00,4.789481777743817,50.82353,18.016355048186536,114,368,109.526829264196,477.40898589306585,17,5.0,4804,2021-07-29 14:00:00,2021-07-29 14:00:00,30.89973170736244,-93.22091119192925,,2021-07-29,2917,0 days 00:30:00,243,3,False,False,,,,Free
2021-07-29 14:00:00,2.3355795947188422,16.8,4.284293608239816,114,398,213.09745762968709,15.796610172916097,4,5.0,4830,2021-07-29 14:00:00,2021-07-29 14:00:00,29.864025423707364,-97.83703481722,,2021-07-29,2867,0 days 00:45:00,235,4,False,False,,,,Free
2021-07-29 14:00:00,10.645212677943794,128.96384,89.00175416891113,114,403,223.5331324876964,404.6728545143581,83,5.0,4835,2021-07-29 14:00:00,2021-07-29 14:00:00,29.75966867512725,-93.94827248493118,,2021-07-29,2869,0 days 00:45:00,236,7,False,False,,,,Free
2021-07-29 14:00:00,3.304598508420427,22.8,8.576839564094735,114,404,223.0351123582337,14.10252807532698,8,5.0,4836,2021-07-29 14:00:00,2021-07-29 14:00:00,29.764648876421884,-97.85397563771176,,2021-07-29,2934,0 days 00:30:00,244,3,False,False,,,,Free
2021-07-29 14:00:00,4.828209877847255,31.623528,18.30889617035157,114,407,268.64030050037854,489.5156871630623,17,5.0,4838,2021-07-29 14:00:00,2021-07-29 14:00:00,29.308596995000364,-93.09984418268893,,2021-07-29,3001,0 days 00:15:00,249,3,False,False,,,,Free
2021-07-29 14:00:00,9.329946196687242,134.4,68.36725767199206,114,415,347.1887098022134,408.4377223178074,63,5.0,4845,2021-07-29 14:00:00,2021-07-29 14:00:00,28.523112901981893,-93.91062380797256,,2021-07-29,3075,0 days 00:00:00,250,3,False,False,,,,Free
2021-07-29 14:00:00,9.25896433293814,13.006452,67.33094402628876,114,417,355.7191780703489,456.15713135860005,62,5.0,4847,2021-07-29 14:00:00,2021-07-29 14:00:00,28.437808219300525,-93.433429731201,,2021-07-29,3077,0 days 00:00:00,251,3,False,False,,,,Free
2021-07-29 14:00:00,2.0438610067690632,25.6,3.280897009729581,114,435,430.770226536218,33.45954692756396,3,5.0,4863,2021-07-29 14:00:00,2021-07-29 14:00:00,27.68729773464172,-97.66040545472087,,2021-07-29,3090,0 days 00:00:00,252,3,False,False,,,,Free
2021-07-29 14:00:00,3.125694217275268,9.599999,7.673312049022344,114,439,456.2857142857143,156.14285714285714,7,5.0,4866,2021-07-29 14:00:00,2021-07-29 14:00:00,27.432142857146715,-96.43357238762604,,2021-07-29,2960,0 days 00:30:00,245,3,False,False,,,,Free
2021-07-29 14:15:00,3.071958128221164,9.599999,7.411744930924983,115,456,101.0,156.0,7,5.0,4915,2021-07-29 14:15:00,2021-07-29 14:15:00,30.98500000000441,-96.4350009590138,,2021-07-29,3136,0 days 00:00:00,254,3,False,False,,,,Free
2021-07-29 14:15:00,4.040457278838179,14.400002,12.821856727291742,115,473,189.0372340470503,63.26595743061893,12,5.0,4931,2021-07-29 14:15:00,2021-07-29 14:15:00,30.10462765953377,-97.36234135820786,,2021-07-29,2990,0 days 00:30:00,248,4,False,False,,,,Free
2021-07-29 14:15:00,4.3692112138345305,48.000004,14.99325614730901,115,492,212.2149501577805,14.42026578123615,14,5.0,4948,2021-07-29 14:15:00,2021-07-29 14:15:00,29.87285049842644,-97.85079826074347,,2021-07-29,2867,0 days 01:00:00,235,4,False,False,,,,Free
2021-07-29 14:15:00,13.825690573692832,125.48572,150.1286388958791,115,500,224.4164097744831,403.52429452074256,140,5.0,4956,2021-07-29 14:15:00,2021-07-29 14:15:00,29.75083590225939,-93.95975808453916,,2021-07-29,2869,0 days 01:00:00,236,7,False,False,,,,Free
2021-07-29 14:15:00,1.6559907474890287,19.2,2.1538015898961724,115,503,268.0,488.5,4,5.0,4958,2021-07-29 14:15:00,2021-07-29 14:15:00,29.31500000000415,-93.11000105402934,,2021-07-29,3001,0 days 00:30:00,249,3,False,False,,,,Free
2021-07-29 14:15:00,2.624456709430818,9.6,5.409644279552371,115,508,316.3333333333333,210.16666666666663,6,5.0,4963,2021-07-29 14:15:00,2021-07-29 14:15:00,28.831666666670746,-95.89333430782584,,2021-07-29,3166,0 days 00:00:00,255,6,False,False,,,,Free
2021-07-29 14:15:00,9.476253219411593,83.00308,70.52826426082066,115,516,345.76762258787454,405.1981381148544,65,5.0,4971,2021-07-29 14:15:00,2021-07-29 14:15:00,28.537323774125284,-93.94301964907636,,2021-07-29,3075,0 days 00:15:00,250,3,False,False,,,,Free
2021-07-29 14:15:00,9.55318515616427,14.109089,71.6780648271024,115,519,356.0622089078664,454.4700598868411,66,5.0,4974,2021-07-29 14:15:00,2021-07-29 14:15:00,28.43437791092535,-93.45030044543648,,2021-07-29,3077,0 days 00:15:00,251,3,False,False,,,,Free
2021-07-29 14:15:00,103.21911840878604,203.76714,8367.778435049384,115,525,462.8318892663352,190.4709361416484,7819,5.0,4979,2021-07-29 14:15:00,2021-07-29 14:15:00,27.366681107340494,-96.09029160744774,,2021-07-29,3180,0 days 00:00:00,257,3,False,False,,,,Free
2021-07-29 14:15:00,3.337585572986897,33.6,8.748925135943145,115,540,430.45804197360695,32.751748233385044,8,5.0,4993,2021-07-29 14:15:00,2021-07-29 14:15:00,27.69041958026783,-97.66748344146038,,2021-07-29,3090,0 days 00:15:00,252,3,False,False,,,,Free
2021-07-29 14:30:00,7.0627309668016505,24.38919,39.17736369065933,116,475,101.4343649863406,153.68676624936157,44,5.0,5043,2021-07-29 14:30:00,2021-07-29 14:30:00,30.980656350141004,-96.45813329585916,,2021-07-29,3136,0 days 00:15:00,254,3,False,False,,,,Free
2021-07-29 14:30:00,8.995216728776056,71.35999,63.549647301037055,116,477,103.9747920194609,379.2073268348878,62,5.0,5045,2021-07-29 14:30:00,2021-07-29 14:30:00,30.9552520798098,-94.20292775444888,,2021-07-29,3225,0 days 00:00:00,259,3,False,False,,,,Free
2021-07-29 14:30:00,6.671959958285234,30.836365,34.962038266114924,116,481,106.56861364870824,349.1252638862416,33,5.0,5049,2021-07-29 14:30:00,2021-07-29 14:30:00,30.92931386351732,-94.50374837533906,,2021-07-29,3228,0 days 00:00:00,260,3,False,False,,,,Free
2021-07-29 14:30:00,5.947201080777638,87.50769,27.77890526684796,116,499,189.02778294188352,61.761047908879405,26,5.0,5066,2021-07-29 14:30:00,2021-07-29 14:30:00,30.10472217058544,-97.3773904529952,,2021-07-29,2990,0 days 00:45:00,248,4,False,False,,,,Free
2021-07-29 14:30:00,13.525959473629907,232.6209,143.68983467312358,116,528,224.35573028190083,402.9917707989528,134,5.0,5094,2021-07-29 14:30:00,2021-07-29 14:30:00,29.75144269718521,-93.96508332160488,,2021-07-29,2869,0 days 01:15:00,236,7,False,False,,,,Free
2021-07-29 14:30:00,3.876501730317253,12.218183,11.802386854296431,116,535,230.5843828754696,362.1259445759116,11,5.0,5100,2021-07-29 14:30:00,2021-07-29 14:30:00,29.689156171249515,-94.37374157215744,,2021-07-29,3260,0 days 00:00:00,263,3,False,False,,,,Free
2021-07-29 14:30:00,6.525486552126678,17.651611,33.44380475619243,116,538,286.2514023473664,433.5043345370654,31,5.0,5103,2021-07-29 14:30:00,2021-07-29 14:30:00,29.132485976530457,-93.65995769294308,,2021-07-29,3263,0 days 00:00:00,264,5,False,False,,,,Free
2021-07-29 14:30:00,17.449723710491725,160.24614,239.14813110508,116,541,316.80587243382115,422.5072779070716,221,5.0,5106,2021-07-29 14:30:00,2021-07-29 14:30:00,28.826941275665863,-93.76992825610046,,2021-07-29,3265,0 days 00:00:00,265,3,False,False,,,,Free
2021-07-29 14:30:00,4.700635503641297,11.400001,17.35413750653581,116,551,342.0898437510914,474.1796875021828,16,5.0,5115,2021-07-29 14:30:00,2021-07-29 14:30:00,28.57410156249312,-93.25320417491533,,2021-07-29,3272,0 days 00:00:00,266,8,False,False,,,,Free
2021-07-29 14:30:00,5.993457593499573,13.292308,28.21270677117516,116,553,345.77580072789783,402.5,28,5.0,5117,2021-07-29 14:30:00,2021-07-29 14:30:00,28.53724199272505,-93.9700010294539,,2021-07-29,3075,0 days 00:30:00,250,3,False,False,,,,Free
2021-07-29 14:30:00,1.6630187747736556,9.6,2.172121857733322,116,558,356.0,453.5,2,5.0,5122,2021-07-29 14:30:00,2021-07-29 14:30:00,28.435000000004013,-93.46000104402763,,2021-07-29,3077,0 days 00:30:00,251,3,False,False,,,,Free
2021-07-29 14:30:00,107.53967162523784,168.08974,9082.957736495287,116,565,459.3725575113979,191.87082254999964,8354,5.0,5129,2021-07-29 14:30:00,2021-07-29 14:30:00,27.40127442488988,-96.07629274376428,,2021-07-29,3180,0 days 00:15:00,257,3,False,False,,,,Free
2021-07-29 14:30:00,5.269625737173565,29.279999,21.80968657838699,116,571,399.4514003200677,361.2672981915118,20,5.0,5134,2021-07-29 14:30:00,2021-07-29 14:30:00,28.000485996803267,-94.38232803575607,,2021-07-29,3284,0 days 00:00:00,267,3,False,False,,,,Free
2021-07-29 14:30:00,2.360029391450925,21.599998,4.374462567977138,116,579,430.57228915576127,31.42771084423871,4,5.0,5140,2021-07-29 14:30:00,2021-07-29 14:30:00,27.689277108446284,-97.68072381497352,,2021-07-29,3090,0 days 00:30:00,252,3,False,False,,,,Free
2021-07-29 14:45:00,7.435455373124772,23.180487,43.42152019573794,117,501,102.48940166967562,378.3313657014219,41,5.0,5177,2021-07-29 14:45:00,2021-07-29 14:45:00,30.97010598330765,-94.21168736553318,,2021-07-29,3225,0 days 00:15:00,259,3,False,False,,,,Free
2021-07-29 14:45:00,3.284233447666019,12.0,8.471453296725702,117,503,101.82857143343712,151.83571428328145,8,5.0,5179,2021-07-29 14:45:00,2021-07-29 14:45:00,30.97671428567004,-96.476643814991,,2021-07-29,3136,0 days 00:30:00,254,3,False,False,,,,Free
2021-07-29 14:45:00,4.205142511006049,17.723078,13.88837128958983,117,526,187.82829504260053,58.60580410538896,13,5.0,5202,2021-07-29 14:45:00,2021-07-29 14:45:00,30.11671704957827,-97.40894289012846,,2021-07-29,2990,0 days 01:00:00,248,4,False,False,,,,Free
2021-07-29 14:45:00,14.639410582657376,99.42421,168.32051996327078,117,556,223.5503689854329,401.8972383707981,157,5.0,5232,2021-07-29 14:45:00,2021-07-29 14:45:00,29.75949631014989,-93.97602864557363,,2021-07-29,2869,0 days 01:30:00,236,7,False,False,,,,Free
2021-07-29 14:45:00,8.900849966993805,204.74483,62.22327170290068,117,571,229.30246392221875,363.3115505546872,59,5.0,5245,2021-07-29 14:45:00,2021-07-29 14:45:00,29.701975360782026,-94.36188551270844,,2021-07-29,3260,0 days 00:15:00,263,3,False,False,,,,Free
2021-07-29 14:45:00,2.0242293980815536,9.6,3.218172631380139,117,574,228.66666666666663,108.33333333333331,3,5.0,5248,2021-07-29 14:45:00,2021-07-29 14:45:00,29.708333333337546,-96.9116676120592,,2021-07-29,3359,0 days 00:00:00,270,4,False,False,,,,Free
2021-07-29 14:45:00,4.832024568989756,14.117648,18.33783872945698,117,579,285.215483867554,428.1458064574084,17,5.0,5250,2021-07-29 14:45:00,2021-07-29 14:45:00,29.142845161328584,-93.71354297220836,,2021-07-29,3263,0 days 00:15:00,264,5,False,False,,,,Free
2021-07-29 14:45:00,12.463433602693636,136.18407,122.00153365568258,117,581,294.4095576055336,407.4459450370665,113,5.0,5252,2021-07-29 14:45:00,2021-07-29 14:45:00,29.05090442394877,-93.92054158049656,,2021-07-29,3362,0 days 00:00:00,271,4,False,False,,,,Free
2021-07-29 14:45:00,20.192899610942977,139.78378,320.2486102349536,117,584,315.7929316255167,418.4592691059116,296,5.0,5255,2021-07-29 14:45:00,2021-07-29 14:45:00,28.83707068374891,-93.81040834295528,,2021-07-29,3265,0 days 00:15:00,265,3,False,False,,,,Free
2021-07-29 14:45:00,4.979928478364106,22.933334,19.477629132843376,117,585,317.4993804396329,199.3959107887196,18,5.0,5256,2021-07-29 14:45:00,2021-07-29 14:45:00,28.820006195607743,-96.00104186352746,,2021-07-29,3166,0 days 00:30:00,255,6,False,False,,,,Free
2021-07-29 14:45:00,10.304613950377332,138.26494,83.39755791075268,117,587,326.5992510794759,186.7671950218304,83,5.0,5258,2021-07-29 14:45:00,2021-07-29 14:45:00,28.7290074892093,-96.12732901758756,,2021-07-29,3365,0 days 00:00:00,272,3,False,False,,,,Free
2021-07-29 14:45:00,5.875658910604693,14.208,27.11458953385655,117,595,341.56993918483056,472.5004343940674,25,5.0,5265,2021-07-29 14:45:00,2021-07-29 14:45:00,28.57930060815573,-93.26999670551658,,2021-07-29,3272,0 days 00:15:00,266,8,False,False,,,,Free
2021-07-29 14:45:00,,,,117,602,457.0561813144045,195.39033178764527,8670,5.0,5272,2021-07-29 14:45:00,2021-07-29 14:45:00,27.42443818685981,-96.04109765239356,,2021-07-29,3180,0 days 00:30:00,257,3,False,False,,,,Free
2021-07-29 14:45:00,23.73302357169917,129.00887,442.3805482510262,117,605,392.4466548512982,472.2030722453776,406,5.0,5275,2021-07-29 14:45:00,2021-07-29 14:45:00,28.070533451490974,-93.27297032691848,,2021-07-29,3377,0 days 00:00:00,273,3,False,False,,,,Free
2021-07-29 14:45:00,7.358355090398489,23.138458,42.52568957686257,117,612,398.8552445546264,359.1495617803376,39,5.0,5282,2021-07-29 14:45:00,2021-07-29 14:45:00,28.006447554457683,-94.40350539926266,,2021-07-29,3284,0 days 00:15:00,267,3,False,False,,,,Free
2021-07-29 14:45:00,4.865829604890494,16.37647,18.595320764054268,117,618,432.6070320606647,325.5243019526012,17,5.0,5287,2021-07-29 14:45:00,2021-07-29 14:45:00,27.668929679397245,-94.73975798793124,,2021-07-29,3385,0 days 00:00:00,274,3,False,False,,,,Free
2021-07-29 14:45:00,5.546363146656804,13.963638,24.16053152118471,117,631,476.64198783049744,318.53346855002826,22,5.0,5296,2021-07-29 14:45:00,2021-07-29 14:45:00,27.22858012169885,-94.8096663199592,,2021-07-29,3392,0 days 00:00:00,275,3,False,False,,,,Free
2021-07-29 15:00:00,5.775528336132735,10.368,26.198312563729285,118,449,4.420268249661683,204.83159463074296,25,5.0,5302,2021-07-29 15:00:00,2021-07-29 15:00:00,31.950797317507945,-95.94668502666052,,2021-07-29,3398,0 days 00:00:00,276,3,False,False,,,,Free
2021-07-29 15:00:00,3.0588788508130875,17.828571,7.348766273119345,118,450,21.162583514200453,266.93986637727926,7,5.0,5303,2021-07-29 15:00:00,2021-07-29 15:00:00,31.783374164862533,-95.32560232694328,,2021-07-29,3399,0 days 00:00:00,277,3,False,False,,,,Free
2021-07-29 15:00:00,7.789080108866913,13.866664,47.64992510106626,118,471,102.12932329640972,346.1228070003515,45,5.0,5324,2021-07-29 15:00:00,2021-07-29 15:00:00,30.973706767040312,-94.53377294333995,,2021-07-29,3228,0 days 00:30:00,260,3,False,False,,,,Free
2021-07-29 15:00:00,3.4834353245027723,9.6,9.530273945832956,118,472,101.88888888888889,376.8888888888889,9,5.0,5325,2021-07-29 15:00:00,2021-07-29 15:00:00,30.97611111111552,-94.22611213324632,,2021-07-29,3225,0 days 00:30:00,259,3,False,False,,,,Free
2021-07-29 15:00:00,2.322242916231233,9.6,4.235504767571339,118,474,101.8,355.8,5,5.0,5327,2021-07-29 15:00:00,2021-07-29 15:00:00,30.97700000000441,-94.4370010161088,,2021-07-29,3415,0 days 00:00:00,278,3,False,False,,,,Free
2021-07-29 15:00:00,11.510280783128714,206.35051,104.0547038098944,118,536,227.96078935724708,362.4794390684176,148,5.0,5386,2021-07-29 15:00:00,2021-07-29 15:00:00,29.715392106431743,-94.3702066273334,,2021-07-29,3260,0 days 00:30:00,263,3,False,False,,,,Free
2021-07-29 15:00:00,7.663673795363834,41.302322,46.12792328403742,118,538,229.176169113874,104.5272261018568,43,5.0,5388,2021-07-29 15:00:00,2021-07-29 15:00:00,29.70323830886548,-96.94972868328632,,2021-07-29,3359,0 days 00:15:00,270,4,False,False,,,,Free
2021-07-29 15:00:00,5.620139908354507,11.686957,24.80756486089896,118,540,284.1547464206212,422.69830949147706,23,5.0,5389,2021-07-29 15:00:00,2021-07-29 15:00:00,29.15345253579792,-93.76801794031098,,2021-07-29,3263,0 days 00:30:00,264,5,False,False,,,,Free
2021-07-29 15:00:00,13.722825997106163,108.05255,147.90300389705772,118,543,293.7047924010702,400.0835092608634,137,5.0,5392,2021-07-29 15:00:00,2021-07-29 15:00:00,29.05795207599341,-93.99416593615469,,2021-07-29,3362,0 days 00:15:00,271,4,False,False,,,,Free
2021-07-29 15:00:00,18.593307654581764,118.948204,271.52085478922004,118,545,314.6711871865976,412.4211435361359,253,5.0,5394,2021-07-29 15:00:00,2021-07-29 15:00:00,28.8482881281381,-93.87078959692758,,2021-07-29,3265,0 days 00:30:00,265,3,False,False,,,,Free
2021-07-29 15:00:00,8.704930935813355,73.48363,59.514191897834856,118,546,317.2523761370434,195.57616947848092,55,5.0,5395,2021-07-29 15:00:00,2021-07-29 15:00:00,28.82247623863364,-96.0392392755383,,2021-07-29,3166,0 days 00:45:00,255,6,False,False,,,,Free
2021-07-29 15:00:00,12.260141996002442,68.25688,118.05404755427055,118,547,326.84657081475746,182.7290277638463,110,5.0,5396,2021-07-29 15:00:00,2021-07-29 15:00:00,28.726534291856485,-96.16771068901346,,2021-07-29,3365,0 days 00:15:00,272,3,False,False,,,,Free
2021-07-29 15:00:00,2.62916521827203,9.6,5.429072458167511,118,555,353.6,101.8,5,5.0,5403,2021-07-29 15:00:00,2021-07-29 15:00:00,28.459000000004018,-96.97700094352552,,2021-07-29,3463,0 days 00:00:00,280,3,False,False,,,,Free
2021-07-29 15:00:00,20.056361236098287,143.27171,315.9324006988305,118,566,389.999122365639,468.0049266811688,292,5.0,5412,2021-07-29 15:00:00,2021-07-29 15:00:00,28.09500877634757,-93.31495178136096,,2021-07-29,3377,0 days 00:15:00,273,3,False,False,,,,Free
2021-07-29 15:00:00,7.260316878399872,16.168419,41.40006599130752,118,570,389.9985862295909,268.7945334645287,38,5.0,5416,2021-07-29 15:00:00,2021-07-29 15:00:00,28.09501413770805,-95.30705565660077,,2021-07-29,3474,0 days 00:00:00,281,3,False,False,,,,Free
2021-07-29 15:00:00,9.78757523695721,42.573914,75.23849649126625,118,573,398.5739412169129,358.16809374786715,69,5.0,5419,2021-07-29 15:00:00,2021-07-29 15:00:00,28.009260587834817,-94.41332007930686,,2021-07-29,3284,0 days 00:30:00,267,3,False,False,,,,Free
2021-07-29 15:00:00,5.78158440389888,9.6,26.253283097926097,118,580,433.2083333333333,323.9583333333333,24,5.0,5425,2021-07-29 15:00:00,2021-07-29 15:00:00,27.66291666667056,-94.7554176736764,,2021-07-29,3385,0 days 00:15:00,274,3,False,False,,,,Free
2021-07-29 15:00:00,8.608025711808915,14.671696,58.19651687819356,118,589,475.3355442786996,317.36480687845096,53,5.0,5432,2021-07-29 15:00:00,2021-07-29 15:00:00,27.24164455721683,-94.82135293634104,,2021-07-29,3392,0 days 00:15:00,275,3,False,False,,,,Free
2021-07-29 15:15:00,7.486269178941232,13.714284,44.017032341877794,119,499,5.628415287304532,201.22185793255304,42,5.0,5438,2021-07-29 15:15:00,2021-07-29 15:15:00,31.938715847131515,-95.98278239261089,,2021-07-29,3398,0 days 00:15:00,276,3,False,False,,,,Free
2021-07-29 15:15:00,8.097370929997599,53.600002,51.49652808781428,119,594,229.60579561878063,102.15089165073428,48,5.0,5528,2021-07-29 15:15:00,2021-07-29 15:15:00,29.698942043816405,-96.97349202711848,,2021-07-29,3359,0 days 00:30:00,270,4,False,False,,,,Free
2021-07-29 15:15:00,2.8626688953936346,36.8,6.43623836421038,119,595,228.3742138447456,256.82494759564764,6,5.0,5529,2021-07-29 15:15:00,2021-07-29 15:15:00,29.71125786155676,-95.42675151186916,,2021-07-29,3553,0 days 00:00:00,282,4,False,False,,,,Free
2021-07-29 15:15:00,4.538589166355087,10.880002,16.178253107305405,119,596,283.63038548875426,416.4263038494812,15,5.0,5530,2021-07-29 15:15:00,2021-07-29 15:15:00,29.158696145116583,-93.83073799493866,,2021-07-29,3263,0 days 00:45:00,264,5,False,False,,,,Free
2021-07-29 15:15:00,16.286362735659498,67.99586,208.3234158523172,119,599,291.50973007327093,393.24829336047645,193,5.0,5533,2021-07-29 15:15:00,2021-07-29 15:15:00,29.079902699271404,-94.06251809320533,,2021-07-29,3362,0 days 00:30:00,271,4,False,False,,,,Free
2021-07-29 15:15:00,8.464306295032785,78.646164,56.26944383904904,119,601,317.5295592273852,191.461823684579,52,5.0,5535,2021-07-29 15:15:00,2021-07-29 15:15:00,28.81970440773022,-96.0803827323016,,2021-07-29,3166,0 days 01:00:00,255,6,False,False,,,,Free
2021-07-29 15:15:00,12.203762004231002,29.77778,116.97076773317666,119,602,327.4849028074141,177.99686100743355,108,5.0,5536,2021-07-29 15:15:00,2021-07-29 15:15:00,28.72015097192992,-96.21503235522528,,2021-07-29,3365,0 days 00:30:00,272,3,False,False,,,,Free
2021-07-29 15:15:00,6.104718930296998,26.311108,29.26989926760268,119,607,336.87799790645784,464.2210635629899,27,5.0,5540,2021-07-29 15:15:00,2021-07-29 15:15:00,28.626220020939463,-93.35279041146146,,2021-07-29,3272,0 days 00:45:00,266,8,False,False,,,,Free
2021-07-29 15:15:00,4.239358333306152,30.276924,14.115300732283307,119,612,353.228091240391,98.9537814969473,14,5.0,5545,2021-07-29 15:15:00,2021-07-29 15:15:00,28.462719087600107,-97.00546312774276,,2021-07-29,3463,0 days 00:15:00,280,3,False,False,,,,Free
2021-07-29 15:15:00,20.93606846976571,73.73164,344.2549084994761,119,630,388.99955800458935,463.1315978460935,316,5.0,5560,2021-07-29 15:15:00,2021-07-29 15:15:00,28.105004419958068,-93.36368506831906,,2021-07-29,3377,0 days 00:30:00,273,3,False,False,,,,Free
2021-07-29 15:15:00,7.900551002352735,10.880001,49.02353716461113,119,633,388.5343915441172,266.5736961505188,45,5.0,5563,2021-07-29 15:15:00,2021-07-29 15:15:00,28.10965608456279,-95.32926402910624,,2021-07-29,3474,0 days 00:15:00,281,3,False,False,,,,Free
2021-07-29 15:15:00,4.08843904910301,12.000001,13.12819251282928,119,648,434.55714285552096,321.9499999943234,12,5.0,5576,2021-07-29 15:15:00,2021-07-29 15:15:00,27.64942857144868,-94.77550100649256,,2021-07-29,3385,0 days 00:30:00,274,3,False,False,,,,Free
2021-07-29 15:15:00,9.297952322055812,9.5999975,67.89917713497131,119,650,445.89230769230767,237.4,65,5.0,5578,2021-07-29 15:15:00,2021-07-29 15:15:00,27.536076923080795,-95.62100098227472,,2021-07-29,3587,0 days 00:00:00,283,3,False,False,,,,Free
2021-07-29 15:15:00,2.896144720342819,9.599999,6.587648236227408,119,657,474.0,315.5,6,5.0,5584,2021-07-29 15:15:00,2021-07-29 15:15:00,27.25500000000383,-94.84000100459264,,2021-07-29,3392,0 days 00:30:00,275,3,False,False,,,,Free
2021-07-29 15:30:00,6.636616940371272,40.436367,34.59261424556552,120,576,7.344108089755017,197.8592440654587,33,5.0,5593,2021-07-29 15:30:00,2021-07-29 15:30:00,31.921558919107007,-96.01640853032092,,2021-07-29,3398,0 days 00:30:00,276,3,False,False,,,,Free
2021-07-29 15:30:00,7.579793235194235,24.334885,45.12368919569391,120,579,16.25499158660628,266.431320667389,43,5.0,5596,2021-07-29 15:30:00,2021-07-29 15:30:00,31.832450084138483,-95.33068778389683,,2021-07-29,3399,0 days 00:30:00,277,3,False,False,,,,Free
2021-07-29 15:30:00,3.8376959353422655,9.599999,11.567273537051502,120,586,36.27272727272727,269.3636363636364,11,5.0,5603,2021-07-29 15:30:00,2021-07-29 15:30:00,31.63227272727724,-95.30136462777232,,2021-07-29,3606,0 days 00:00:00,284,4,False,False,,,,Free
2021-07-29 15:30:00,,,,120,601,70.0,195.66666666666663,3,5.0,5618,2021-07-29 15:30:00,2021-07-29 15:30:00,31.29500000000446,-96.03833430368228,,2021-07-29,3617,0 days 00:00:00,285,3,False,False,,,,Free
2021-07-29 15:30:00,10.892705910438314,48.872726,93.1883105122827,120,614,102.31097181230597,351.52584955752263,88,5.0,5630,2021-07-29 15:30:00,2021-07-29 15:30:00,30.97189028188135,-94.4797425193122,,2021-07-29,3415,0 days 00:30:00,278,3,False,False,,,,Free
2021-07-29 15:30:00,4.186373260912553,9.599999,13.764669148199443,120,615,101.0,341.6923076923077,13,5.0,5631,2021-07-29 15:30:00,2021-07-29 15:30:00,30.98500000000441,-94.57807793515434,,2021-07-29,3228,0 days 01:00:00,260,3,False,False,,,,Free
2021-07-29 15:30:00,5.215362931780994,48.96,21.36283829909864,120,666,185.894055690455,117.42443518978487,25,5.0,5681,2021-07-29 15:30:00,2021-07-29 15:30:00,30.13605944309973,-96.82075659609256,,2021-07-29,3658,0 days 00:00:00,286,3,False,False,,,,Free
2021-07-29 15:30:00,6.610916846778171,196.2,34.325215342024286,120,693,228.3803935730501,253.6516736701896,32,5.0,5706,2021-07-29 15:30:00,2021-07-29 15:30:00,29.71119606427371,-95.45848425021694,,2021-07-29,3553,0 days 00:15:00,282,4,False,False,,,,Free
2021-07-29 15:30:00,5.84396263289562,37.632,26.8228389511606,120,694,230.0620250035915,98.63152734096444,25,5.0,5707,2021-07-29 15:30:00,2021-07-29 15:30:00,29.69437974996829,-97.00868566921048,,2021-07-29,3359,0 days 00:45:00,270,4,False,False,,,,Free
2021-07-29 15:30:00,7.594890519666571,58.971424,45.30362117972015,120,697,284.0757896769944,412.3060702350854,42,5.0,5710,2021-07-29 15:30:00,2021-07-29 15:30:00,29.154242103234186,-93.8719403299052,,2021-07-29,3263,0 days 01:00:00,264,5,False,False,,,,Free
2021-07-29 15:30:00,17.5041546977469,56.093277,240.6424093169254,120,698,288.78540962173446,388.6782109982977,223,5.0,5711,2021-07-29 15:30:00,2021-07-29 15:30:00,29.107145903786773,-94.10821891552116,,2021-07-29,3362,0 days 00:45:00,271,4,False,False,,,,Free
2021-07-29 15:30:00,6.425723119110866,24.32,32.42902545260193,120,701,306.54692892209806,6.113181493707285,30,5.0,5713,2021-07-29 15:30:00,2021-07-29 15:30:00,28.92953071078311,-97.93386910124492,,2021-07-29,3676,0 days 00:00:00,290,4,False,False,,,,Free
2021-07-29 15:30:00,9.091923032228882,43.840008,64.92341897939416,120,707,317.5755235111174,187.8045828879948,60,5.0,5718,2021-07-29 15:30:00,2021-07-29 15:30:00,28.8192447648929,-96.11695513922234,,2021-07-29,3166,0 days 01:15:00,255,6,False,False,,,,Free
2021-07-29 15:30:00,3.322823191438728,9.6,8.671702043200082,120,719,335.0,459.09090909090907,11,5.0,5730,2021-07-29 15:30:00,2021-07-29 15:30:00,28.64500000000405,-93.40409195471624,,2021-07-29,3272,0 days 01:00:00,266,8,False,False,,,,Free
2021-07-29 15:30:00,,,,120,724,450.3494650766538,291.4610111036373,21241,5.0,5735,2021-07-29 15:30:00,2021-07-29 15:30:00,27.491505349237325,-95.08039088668689,,2021-07-29,3692,0 days 00:00:00,291,3,False,False,,,,Free
2021-07-29 15:30:00,5.12500276450844,32.842106,20.628995890700587,120,725,352.92878560060745,94.5352324160589,20,5.0,5736,2021-07-29 15:30:00,2021-07-29 15:30:00,28.465712143997944,-97.049648617289,,2021-07-29,3463,0 days 00:30:00,280,3,False,False,,,,Free
2021-07-29 15:30:00,6.866788804539067,11.294119,37.03371347608511,120,738,386.955140188332,264.815887838639,34,5.0,5748,2021-07-29 15:30:00,2021-07-29 15:30:00,28.125448598120645,-95.34684211172272,,2021-07-29,3474,0 days 00:30:00,281,3,False,False,,,,Free
2021-07-29 15:30:00,3.540862906152652,25.6,9.847094501589387,120,748,435.538295577297,1.459546927563964,9,5.0,5756,2021-07-29 15:30:00,2021-07-29 15:30:00,27.63961704423092,-97.98040544557654,,2021-07-29,3708,0 days 00:00:00,292,3,False,False,,,,Free
2021-07-29 15:45:00,18.40227247162777,111.481415,265.9700867133122,121,586,34.38868142369534,265.13144863709346,253,5.0,5773,2021-07-29 15:45:00,2021-07-29 15:45:00,31.651113185767564,-95.34368650382834,,2021-07-29,3606,0 days 00:15:00,284,4,False,False,,,,Free
2021-07-29 15:45:00,28.23057263404537,142.60774,625.9350289123186,121,599,75.13047325505673,264.4112736877303,594,5.0,5785,2021-07-29 15:45:00,2021-07-29 15:45:00,31.243695267453884,-95.35088825311618,,2021-07-29,3732,0 days 00:00:00,293,3,False,False,,,,Free
2021-07-29 15:45:00,6.023660342607674,24.533333,28.49776703303044,121,602,70.68183542189625,191.9154342090338,27,5.0,5788,2021-07-29 15:45:00,2021-07-29 15:45:00,31.288181645785496,-96.0758466271867,,2021-07-29,3617,0 days 00:15:00,285,3,False,False,,,,Free
2021-07-29 15:45:00,11.31757675180007,32.437904,100.59972144481893,121,607,102.4760991290697,348.4105731927667,95,5.0,5793,2021-07-29 15:45:00,2021-07-29 15:45:00,30.970239008713712,-94.51089528206955,,2021-07-29,3415,0 days 00:45:00,278,3,False,False,,,,Free
2021-07-29 15:45:00,6.569552187781234,38.1,33.89701185958562,121,611,104.98546072920472,164.83289276557653,32,5.0,5797,2021-07-29 15:45:00,2021-07-29 15:45:00,30.94514539271236,-96.3466720338821,,2021-07-29,3738,0 days 00:00:00,294,3,False,False,,,,Free
2021-07-29 15:45:00,4.802054104202234,55.905884,18.11106457935377,121,644,160.3826643245457,118.04786057780952,26,5.0,5829,2021-07-29 15:45:00,2021-07-29 15:45:00,30.391173356758863,-96.81452234239045,,2021-07-29,3756,0 days 00:00:00,295,3,False,False,,,,Free
2021-07-29 15:45:00,7.735141440882209,27.709087,46.99226736858742,121,661,185.35248197002937,114.36669337221971,44,5.0,5845,2021-07-29 15:45:00,2021-07-29 15:45:00,30.141475180303985,-96.85133401339442,,2021-07-29,3658,0 days 00:15:00,286,3,False,False,,,,Free
2021-07-29 15:45:00,3.086913798882791,30.171429,7.484088003027779,121,672,195.4052213550653,462.59704879036855,7,5.0,5856,2021-07-29 15:45:00,2021-07-29 15:45:00,30.04094778645361,-93.36903055872358,,2021-07-29,3776,0 days 00:00:00,296,3,False,False,,,,Free
2021-07-29 15:45:00,5.725195221102365,166.8,25.743671295216675,121,691,227.9913061388389,249.9827151699081,25,5.0,5874,2021-07-29 15:45:00,2021-07-29 15:45:00,29.715086938615823,-95.49517383417128,,2021-07-29,3553,0 days 00:30:00,282,4,False,False,,,,Free
2021-07-29 15:45:00,6.20609928407795,17.142857,30.250135163563588,121,709,300.90176470690534,349.1500000028049,28,5.0,5889,2021-07-29 15:45:00,2021-07-29 15:45:00,28.985982352935046,-94.50350101418049,,2021-07-29,3802,0 days 00:00:00,298,6,False,False,,,,Free
2021-07-29 15:45:00,7.135783273352259,46.44325,39.99200553800366,121,712,305.4125472836712,2.777879224962641,37,5.0,5892,2021-07-29 15:45:00,2021-07-29 15:45:00,28.94087452716738,-97.96722212297924,,2021-07-29,3676,0 days 00:15:00,290,4,False,False,,,,Free
2021-07-29 15:45:00,6.210970917741016,12.342858,30.29764501152737,121,714,317.06322957703804,185.2480544766935,28,5.0,5894,2021-07-29 15:45:00,2021-07-29 15:45:00,28.82436770423369,-96.14252042260485,,2021-07-29,3166,0 days 01:30:00,255,6,False,False,,,,Free
2021-07-29 15:45:00,10.64666095950129,141.19025,89.02597319983988,121,727,351.53791325337704,458.286417865864,82,5.0,5906,2021-07-29 15:45:00,2021-07-29 15:45:00,28.47962086747025,-93.41213686673684,,2021-07-29,3814,0 days 00:00:00,299,4,False,False,,,,Free
2021-07-29 15:45:00,6.676497678886835,148.5,35.00961106690505,121,758,435.4423780600064,0.9502177528337344,32,5.0,5933,2021-07-29 15:45:00,2021-07-29 15:45:00,27.640576219403822,-97.98549873717826,,2021-07-29,3708,0 days 00:15:00,292,3,False,False,,,,Free
2021-07-29 15:45:00,11.7474051451609,17.648485,108.38614635807396,121,765,443.2455692683248,236.3635088894449,149,5.0,5939,2021-07-29 15:45:00,2021-07-29 15:45:00,27.56254430732063,-95.63136589308408,,2021-07-29,3587,0 days 00:30:00,283,3,False,False,,,,Free
2021-07-29 16:00:00,8.49016513744199,11.911109,56.613780461891615,122,610,12.487445627759572,257.1253017350427,82,5.0,5944,2021-07-29 16:00:00,2021-07-29 16:00:00,31.87012554372696,-95.423747970561,,2021-07-29,3399,0 days 01:00:00,277,3,False,False,,,,Free
2021-07-29 16:00:00,20.13817772686258,185.72675,318.5152423482565,122,616,34.3469380785426,262.0406061038984,303,5.0,5950,2021-07-29 16:00:00,2021-07-29 16:00:00,31.65153061921909,-95.37459492827708,,2021-07-29,3606,0 days 00:30:00,284,4,False,False,,,,Free
2021-07-29 16:00:00,3.659281888140759,24.000002,10.516751535281784,122,624,37.04842105421663,6.496842108433266,10,5.0,5958,2021-07-29 16:00:00,2021-07-29 16:00:00,31.624515789462347,-97.93003249520729,,2021-07-29,3854,0 days 00:00:00,301,3,False,False,,,,Free
2021-07-29 16:00:00,27.72559063855596,187.93848,603.7421469003108,122,635,72.24468083016727,260.30591510894965,572,5.0,5967,2021-07-29 16:00:00,2021-07-29 16:00:00,31.272553191702784,-95.39194183773084,,2021-07-29,3732,0 days 00:15:00,293,3,False,False,,,,Free
2021-07-29 16:00:00,5.052911626361447,11.621053,20.052719858877293,122,641,70.5,188.9294478518634,20,5.0,5973,2021-07-29 16:00:00,2021-07-29 16:00:00,31.29000000000446,-96.10570648990512,,2021-07-29,3617,0 days 00:30:00,285,3,False,False,,,,Free
2021-07-29 16:00:00,6.569713287419475,58.2,33.898674336158514,122,657,105.81531955706924,162.97568139540516,32,5.0,5986,2021-07-29 16:00:00,2021-07-29 16:00:00,30.93684680443372,-96.36524414705308,,2021-07-29,3738,0 days 00:15:00,294,3,False,False,,,,Free
2021-07-29 16:00:00,7.548146201624036,43.42857,44.74767636355672,122,694,160.6788104207175,114.73197025741584,42,5.0,6020,2021-07-29 16:00:00,2021-07-29 16:00:00,30.388211895797145,-96.84768124464682,,2021-07-29,3756,0 days 00:15:00,295,3,False,False,,,,Free
2021-07-29 16:00:00,8.078851336232873,43.2,51.261240811152746,122,705,184.59576789450372,109.53926700820196,48,5.0,6031,2021-07-29 16:00:00,2021-07-29 16:00:00,30.149042321059245,-96.89960827565513,,2021-07-29,3658,0 days 00:30:00,286,3,False,False,,,,Free
2021-07-29 16:00:00,2.609046209304987,32.640003,5.346301212867702,122,719,196.27496382903848,458.9001446976475,5,5.0,6043,2021-07-29 16:00:00,2021-07-29 16:00:00,30.03225036171388,-93.40599959859436,,2021-07-29,3776,0 days 00:15:00,296,3,False,False,,,,Free
2021-07-29 16:00:00,6.071242216242666,143.64445,28.94976220358765,122,737,224.1655713985124,241.69936419403444,27,5.0,6060,2021-07-29 16:00:00,2021-07-29 16:00:00,29.753344286019097,-95.57800734156297,,2021-07-29,3922,0 days 00:00:00,303,6,False,False,,,,Free
2021-07-29 16:00:00,3.8759403983115175,28.800001,11.798969041908018,122,738,227.4881588914916,247.34148205880751,11,5.0,6061,2021-07-29 16:00:00,2021-07-29 16:00:00,29.7201184110893,-95.52158616452756,,2021-07-29,3553,0 days 00:45:00,282,4,False,False,,,,Free
2021-07-29 16:00:00,5.742354441248045,82.0,25.89821739771676,122,747,288.41341994302286,213.18841992514143,24,5.0,6069,2021-07-29 16:00:00,2021-07-29 16:00:00,29.11086580057389,-95.86311677610462,,2021-07-29,3926,0 days 00:00:00,304,4,False,False,,,,Free
2021-07-29 16:00:00,10.684007630007812,21.975904,89.65164450795335,122,749,297.3921433027048,347.7566724140518,105,5.0,6071,2021-07-29 16:00:00,2021-07-29 16:00:00,29.021078566977057,-94.51743428966984,,2021-07-29,3802,0 days 00:15:00,298,6,False,False,,,,Free
2021-07-29 16:00:00,4.063507029393125,16.800001,12.968564671278646,122,755,304.3333333333333,1.162429382811786,12,5.0,6077,2021-07-29 16:00:00,2021-07-29 16:00:00,28.95166666667076,-97.98337662093915,,2021-07-29,3676,0 days 00:30:00,290,4,False,False,,,,Free
2021-07-29 16:00:00,8.305954696500267,27.264,54.183742333155934,122,768,332.9583183606382,459.4126841636362,50,5.0,6087,2021-07-29 16:00:00,2021-07-29 16:00:00,28.665416816397663,-93.40087420408094,,2021-07-29,3272,0 days 01:30:00,266,8,False,False,,,,Free
2021-07-29 16:00:00,18.25466403436809,156.38838,261.7203969084744,122,775,350.7938363232882,456.8516689266716,241,5.0,6094,2021-07-29 16:00:00,2021-07-29 16:00:00,28.48706163677113,-93.42648435571874,,2021-07-29,3814,0 days 00:15:00,299,4,False,False,,,,Free
2021-07-29 16:00:00,12.39469120534185,94.356766,120.65943970326003,122,779,365.0642177959698,492.6459093643997,122,5.0,6097,2021-07-29 16:00:00,2021-07-29 16:00:00,28.3443578220443,-93.06854196157008,,2021-07-29,3947,0 days 00:00:00,305,3,False,False,,,,Free
2021-07-29 16:00:00,161.4117131665951,50.122135,20462.560446780983,122,783,450.8871472408734,285.4875768209488,18928,5.0,6101,2021-07-29 16:00:00,2021-07-29 16:00:00,27.48612852759513,-95.14012522780678,,2021-07-29,3692,0 days 00:30:00,291,3,False,False,,,,Free
2021-07-29 16:00:00,5.901126240302695,22.656,27.35014871944805,122,802,435.1481649072665,0.5092886449714337,25,5.0,6119,2021-07-29 16:00:00,2021-07-29 16:00:00,27.643518350931224,-97.98990802813093,,2021-07-29,3708,0 days 00:30:00,292,3,False,False,,,,Free
2021-07-29 16:00:00,6.9849745862034,11.245715,38.31947426676555,122,805,443.4903933897549,233.69258921380464,35,5.0,6122,2021-07-29 16:00:00,2021-07-29 16:00:00,27.56009606610633,-95.65807508907729,,2021-07-29,3587,0 days 00:45:00,283,3,False,False,,,,Free
2021-07-29 16:15:00,30.414163610895763,163.64458,726.5100679407053,123,589,33.7638530635456,257.4085354120926,693,5.0,6134,2021-07-29 16:15:00,2021-07-29 16:15:00,31.65736146936906,-95.42091563387146,,2021-07-29,3606,0 days 00:45:00,284,4,False,False,,,,Free
2021-07-29 16:15:00,7.226464796011529,161.23077,41.01490066337535,123,592,36.84388643277086,5.213556559698481,39,5.0,6137,2021-07-29 16:15:00,2021-07-29 16:15:00,31.6265611356768,-97.9428653503279,,2021-07-29,3854,0 days 00:15:00,301,3,False,False,,,,Free
2021-07-29 16:15:00,25.42419651443095,99.65238,507.67333694372,123,601,69.02381604349996,256.29144080163286,482,5.0,6146,2021-07-29 16:15:00,2021-07-29 16:15:00,31.304761839569466,-95.43208657965688,,2021-07-29,3732,0 days 00:30:00,293,3,False,False,,,,Free
2021-07-29 16:15:00,7.527065181863718,63.771427,44.49807617608188,123,618,107.69834711564084,161.32093661184277,42,5.0,6160,2021-07-29 16:15:00,2021-07-29 16:15:00,30.918016528848,-96.38179159441586,,2021-07-29,3738,0 days 00:30:00,294,3,False,False,,,,Free
2021-07-29 16:15:00,5.208702438663045,25.440002,21.30830856355282,123,660,160.730430533918,111.1634050882087,20,5.0,6202,2021-07-29 16:15:00,2021-07-29 16:15:00,30.387695694665137,-96.88336689531916,,2021-07-29,3756,0 days 00:30:00,295,3,False,False,,,,Free
2021-07-29 16:15:00,1.6501556511703506,19.2,2.138649937750589,123,694,197.0,457.5,2,5.0,6234,2021-07-29 16:15:00,2021-07-29 16:15:00,30.025000000004265,-93.4200010451707,,2021-07-29,3776,0 days 00:30:00,296,3,False,False,,,,Free
2021-07-29 16:15:00,9.346998046303924,265.8,68.61738848661179,123,706,223.5453292859541,237.9552698627157,64,5.0,6246,2021-07-29 16:15:00,2021-07-29 16:15:00,29.75954670714468,-95.61544828380624,,2021-07-29,3922,0 days 00:15:00,303,6,False,False,,,,Free
2021-07-29 16:15:00,20.31023430791514,134.4,323.9811544874815,123,717,299.7384650106205,373.40672631477895,304,5.0,6254,2021-07-29 16:15:00,2021-07-29 16:15:00,28.99761534989789,-94.26093375799236,,2021-07-29,4050,0 days 00:00:00,310,4,False,False,,,,Free
2021-07-29 16:15:00,9.079356495773544,113.28,64.7440732721602,123,718,288.9859623195564,210.2728112187207,60,5.0,6255,2021-07-29 16:15:00,2021-07-29 16:15:00,29.10514037680856,-95.89227286233564,,2021-07-29,3926,0 days 00:15:00,304,4,False,False,,,,Free
2021-07-29 16:15:00,11.06205450966363,53.393257,96.10842710687452,123,720,296.1173254363155,344.9591306754631,91,5.0,6257,2021-07-29 16:15:00,2021-07-29 16:15:00,29.03382674564095,-94.5454097062563,,2021-07-29,3802,0 days 00:30:00,298,6,False,False,,,,Free
2021-07-29 16:15:00,10.103123086977217,40.735138,80.16802221756592,123,729,329.9053849621531,457.2176675349416,74,5.0,6264,2021-07-29 16:15:00,2021-07-29 16:15:00,28.69594615038252,-93.42282436974062,,2021-07-29,3272,0 days 01:45:00,266,8,False,False,,,,Free
2021-07-29 16:15:00,21.065894782220155,183.7757,348.53765327236687,123,736,351.3455870152387,456.1461063009835,321,5.0,6271,2021-07-29 16:15:00,2021-07-29 16:15:00,28.481544129851635,-93.433539981774,,2021-07-29,3814,0 days 00:30:00,299,4,False,False,,,,Free
2021-07-29 16:15:00,15.99941988285003,104.9254,201.0473501598489,123,739,362.6114831780529,489.1540500405123,185,5.0,6274,2021-07-29 16:15:00,2021-07-29 16:15:00,28.368885168223475,-93.10346055381108,,2021-07-29,3947,0 days 00:15:00,305,3,False,False,,,,Free
2021-07-29 16:15:00,5.260676744024028,167.52,21.735674107476505,123,741,362.9984617259401,50.581159272985815,20,5.0,6275,2021-07-29 16:15:00,2021-07-29 16:15:00,28.3650153827446,-97.48918933615936,,2021-07-29,4059,0 days 00:00:00,311,3,False,False,,,,Free
2021-07-29 16:15:00,44.548973733731565,32.465454,1558.7098821545865,123,743,394.61022109243976,191.8659523777364,1430,5.0,6277,2021-07-29 16:15:00,2021-07-29 16:15:00,28.04889778907956,-96.07634144548553,,2021-07-29,4060,0 days 00:00:00,312,3,False,False,,,,Free
2021-07-29 16:15:00,2.362343690754688,9.6,4.383046172516795,123,766,452.0,282.5,4,5.0,6297,2021-07-29 16:15:00,2021-07-29 16:15:00,27.475000000003863,-95.17000099516258,,2021-07-29,3692,0 days 00:45:00,291,3,False,False,,,,Free
2021-07-29 16:30:00,8.329179972089914,36.73846,54.48718530172104,124,694,3.102520610681368,254.6416626347097,52,5.0,6306,2021-07-29 16:30:00,2021-07-29 16:30:00,31.96397479389775,-95.44858436085462,,2021-07-29,4082,0 days 00:00:00,313,3,False,False,,,,Free
2021-07-29 16:30:00,6.123271910511028,22.628572,29.44807914982905,124,707,37.6158833043356,2.30551053049024,28,5.0,6318,2021-07-29 16:30:00,2021-07-29 16:30:00,31.61884116696116,-97.97194580978902,,2021-07-29,3854,0 days 00:30:00,301,3,False,False,,,,Free
2021-07-29 16:30:00,10.391420845848597,232.8,84.80857168004252,124,747,113.07776791230074,254.8506851828364,81,5.0,6355,2021-07-29 16:30:00,2021-07-29 16:30:00,30.864222320881385,-95.44649413543311,,2021-07-29,4123,0 days 00:00:00,315,3,False,False,,,,Free
2021-07-29 16:30:00,5.7056188683662175,120.799995,25.5679198825292,124,808,160.03770868365774,392.4463154759789,24,5.0,6410,2021-07-29 16:30:00,2021-07-29 16:30:00,30.39462291316774,-94.0705378718211,,2021-07-29,4160,0 days 00:00:00,317,3,False,False,,,,Free
2021-07-29 16:30:00,2.6051300184392394,9.6,5.330263610674207,124,815,166.8,204.4,5,5.0,6416,2021-07-29 16:30:00,2021-07-29 16:30:00,30.327000000004308,-95.9510009728446,,2021-07-29,4163,0 days 00:00:00,318,4,False,False,,,,Free
2021-07-29 16:30:00,13.4227201655262,146.18182,141.50472893103503,124,849,222.4148686152459,231.7264573002764,133,5.0,6447,2021-07-29 16:30:00,2021-07-29 16:30:00,29.770851313851765,-95.67773640765068,,2021-07-29,3922,0 days 00:30:00,303,6,False,False,,,,Free
2021-07-29 16:30:00,20.7458271883334,123.35847,338.0270016807523,124,859,297.8206239810356,368.4915915669234,313,5.0,6456,2021-07-29 16:30:00,2021-07-29 16:30:00,29.01679376019375,-94.31008510406632,,2021-07-29,4050,0 days 00:15:00,310,4,False,False,,,,Free
2021-07-29 16:30:00,7.775041467577208,85.09091,47.47831629367055,124,860,288.35300793984965,207.3883654846012,44,5.0,6457,2021-07-29 16:30:00,2021-07-29 16:30:00,29.11146992060562,-95.92111731885257,,2021-07-29,3926,0 days 00:30:00,304,4,False,False,,,,Free
2021-07-29 16:30:00,10.486444353373091,57.239998,86.36671365659123,124,861,292.42371749299326,342.5283786079966,80,5.0,6458,2021-07-29 16:30:00,2021-07-29 16:30:00,29.07076282507418,-94.56971722623638,,2021-07-29,3802,0 days 00:45:00,298,6,False,False,,,,Free
2021-07-29 16:30:00,1.6590532444959267,24.0,2.1617751973333346,124,864,306.0,0.3736842118471943,2,5.0,6461,2021-07-29 16:30:00,2021-07-29 16:30:00,28.93500000000409,-97.9912640724234,,2021-07-29,3676,0 days 01:00:00,290,4,False,False,,,,Free
2021-07-29 16:30:00,10.371628278641952,37.907696,84.48580912769279,124,868,327.7488701852298,454.78673834880016,78,5.0,6465,2021-07-29 16:30:00,2021-07-29 16:30:00,28.71751129815176,-93.44713366090735,,2021-07-29,3272,0 days 02:00:00,266,8,False,False,,,,Free
2021-07-29 16:30:00,21.963292880591904,245.17134,378.8652623564221,124,871,351.7631323106601,456.4599247119272,349,5.0,6468,2021-07-29 16:30:00,2021-07-29 16:30:00,28.47736867689742,-93.43040179775426,,2021-07-29,3814,0 days 00:45:00,299,4,False,False,,,,Free
2021-07-29 16:30:00,19.362673054968287,102.97859,294.45606632613493,124,875,360.8282929531703,488.2212396884252,271,5.0,6472,2021-07-29 16:30:00,2021-07-29 16:30:00,28.386717070472304,-93.11278865706538,,2021-07-29,3947,0 days 00:30:00,305,3,False,False,,,,Free
2021-07-29 16:30:00,6.112382303379497,100.977776,29.34343154605529,124,877,363.29976075684766,48.062128508866856,27,5.0,6474,2021-07-29 16:30:00,2021-07-29 16:30:00,28.362002392435524,-97.5143796430807,,2021-07-29,4059,0 days 00:15:00,311,3,False,False,,,,Free
2021-07-29 16:30:00,36.72524526340745,17.896297,1059.3007774809366,124,885,393.7900604298341,188.85878563878927,973,5.0,6482,2021-07-29 16:30:00,2021-07-29 16:30:00,28.057099395705613,-96.10641311201567,,2021-07-29,4060,0 days 00:15:00,312,3,False,False,,,,Free
2021-07-29 16:30:00,7.930792653764946,13.013334,49.39955908304347,124,922,472.0837897103353,493.1325301160772,46,5.0,6512,2021-07-29 16:30:00,2021-07-29 16:30:00,27.27416210290048,-93.06367575419232,,2021-07-29,4229,0 days 00:00:00,320,8,False,False,,,,Free
2021-07-29 16:45:00,5.658521126237052,13.600001,25.147554887427763,125,617,3.530038752257699,253.03391471731,24,5.0,6515,2021-07-29 16:45:00,2021-07-29 16:45:00,31.959699612481987,-95.4646618395692,,2021-07-29,4082,0 days 00:15:00,313,3,False,False,,,,Free
2021-07-29 16:45:00,4.494919601116348,16.640001,15.868421856707652,125,655,92.5383734271612,366.7583046948849,15,5.0,6551,2021-07-29 16:45:00,2021-07-29 16:45:00,31.06961626573281,-94.3274179722914,,2021-07-29,4254,0 days 00:00:00,321,3,False,False,,,,Free
2021-07-29 16:45:00,12.018096443915276,91.33458,113.43870266399226,125,669,112.83736387961812,250.85689230912115,107,5.0,6565,2021-07-29 16:45:00,2021-07-29 16:45:00,30.86662636120821,-95.486432063029,,2021-07-29,4123,0 days 00:15:00,315,3,False,False,,,,Free
2021-07-29 16:45:00,5.938569124335302,32.861538,27.698325417503515,125,717,159.85367200331248,390.9180010914226,26,5.0,6605,2021-07-29 16:45:00,2021-07-29 16:45:00,30.3964632799712,-94.08582101522995,,2021-07-29,4160,0 days 00:15:00,317,3,False,False,,,,Free
2021-07-29 16:45:00,9.023221007634463,49.920002,63.94595399528781,125,721,165.03576729459667,203.3975957475739,60,5.0,6608,2021-07-29 16:45:00,2021-07-29 16:45:00,30.344642327058345,-95.96102501508244,,2021-07-29,4163,0 days 00:15:00,318,4,False,False,,,,Free
2021-07-29 16:45:00,6.058289232000004,85.68888,28.826365447360885,125,735,181.19278436234603,411.24061324695504,27,5.0,6619,2021-07-29 16:45:00,2021-07-29 16:45:00,30.183072156380828,-93.88259489948206,,2021-07-29,4298,0 days 00:00:00,322,3,False,False,,,,Free
2021-07-29 16:45:00,12.1973862883543,278.48807,116.84857957995592,125,761,221.6177818360684,225.6312335852832,109,5.0,6641,2021-07-29 16:45:00,2021-07-29 16:45:00,29.77882218164354,-95.73868864305882,,2021-07-29,3922,0 days 00:45:00,303,6,False,False,,,,Free
2021-07-29 16:45:00,6.934203502837668,29.34857,37.76443986333115,125,771,288.22130954106404,204.86552450325465,35,5.0,6649,2021-07-29 16:45:00,2021-07-29 16:45:00,29.11278690459348,-95.94634572794511,,2021-07-29,3926,0 days 00:45:00,304,4,False,False,,,,Free
2021-07-29 16:45:00,8.693221244200625,85.52728,59.354185088824174,125,772,288.80008966821174,339.580277919434,58,5.0,6650,2021-07-29 16:45:00,2021-07-29 16:45:00,29.106999103322,-94.59919823227956,,2021-07-29,3802,0 days 01:00:00,298,6,False,False,,,,Free
2021-07-29 16:45:00,19.1966383764568,147.15225,289.42780365269374,125,773,295.06424162178223,362.536134278826,268,5.0,6651,2021-07-29 16:45:00,2021-07-29 16:45:00,29.044357583786287,-94.36963967524548,,2021-07-29,4050,0 days 00:30:00,310,4,False,False,,,,Free
2021-07-29 16:45:00,5.986945838773702,26.584618,28.15143515187104,125,777,323.39379900665614,453.4932287937305,26,5.0,6655,2021-07-29 16:45:00,2021-07-29 16:45:00,28.761062009937504,-93.46006875608845,,2021-07-29,3272,0 days 02:15:00,266,8,False,False,,,,Free
2021-07-29 16:45:00,18.057770159746884,21.803392,256.1050389069334,125,780,347.3632384112948,268.2795109283852,238,5.0,6658,2021-07-29 16:45:00,2021-07-29 16:45:00,28.52136761589108,-95.31220588181505,,2021-07-29,4317,0 days 00:00:00,323,3,False,False,,,,Free
2021-07-29 16:45:00,4.9907436085866514,54.933334,19.562321850307704,125,786,363.2823765053133,45.74543835702872,18,5.0,6663,2021-07-29 16:45:00,2021-07-29 16:45:00,28.36217623495087,-97.53754654393708,,2021-07-29,4059,0 days 00:30:00,311,3,False,False,,,,Free
2021-07-29 16:45:00,11.521796457839176,25.566319,104.26301489362564,125,817,470.7827822474645,493.68195314671294,95,5.0,6690,2021-07-29 16:45:00,2021-07-29 16:45:00,27.28717217752919,-93.058181524043,,2021-07-29,4229,0 days 00:15:00,320,8,False,False,,,,Free
2021-07-29 17:00:00,1.633411360092878,9.6,2.0954679599080657,126,601,2.5,250.0,2,5.0,6695,2021-07-29 17:00:00,2021-07-29 17:00:00,31.970000000004568,-95.49500098587532,,2021-07-29,4082,0 days 00:30:00,313,3,False,False,,,,Free
2021-07-29 17:00:00,6.451546657728633,183.9484,32.69019914513186,126,625,63.20478063376552,473.2655298063533,31,5.0,6718,2021-07-29 17:00:00,2021-07-29 17:00:00,31.36295219366681,-93.26234575161236,,2021-07-29,4357,0 days 00:00:00,324,4,False,False,,,,Free
2021-07-29 17:00:00,5.565868423469269,11.686957,24.330764336899364,126,642,92.38510100728833,364.24242423512646,24,5.0,6734,2021-07-29 17:00:00,2021-07-29 17:00:00,31.071148989931544,-94.35257677617012,,2021-07-29,4254,0 days 00:15:00,321,3,False,False,,,,Free
2021-07-29 17:00:00,11.193524350452412,121.39355,98.4064529744344,126,643,94.81717569652643,374.6562274886388,93,5.0,6735,2021-07-29 17:00:00,2021-07-29 17:00:00,31.04682824303916,-94.24843874661082,,2021-07-29,4372,0 days 00:00:00,326,3,False,False,,,,Free
2021-07-29 17:00:00,6.030896223324581,62.22222,28.566273649689474,126,644,93.83948220188178,400.0187702240681,27,5.0,6736,2021-07-29 17:00:00,2021-07-29 17:00:00,31.05660517798561,-93.99481332650412,,2021-07-29,4373,0 days 00:00:00,327,5,False,False,,,,Free
2021-07-29 17:00:00,3.851343443600368,101.23636,11.6496902581272,126,656,103.02682789010056,20.67863216491591,11,5.0,6748,2021-07-29 17:00:00,2021-07-29 17:00:00,30.9647317211034,-97.78821459869503,,2021-07-29,4382,0 days 00:00:00,330,3,False,False,,,,Free
2021-07-29 17:00:00,8.536151420942764,49.066666,57.22872917556097,126,658,112.28651870507063,38.70843838886667,54,5.0,6750,2021-07-29 17:00:00,2021-07-29 17:00:00,30.87213481295369,-97.60791654160778,,2021-07-29,4384,0 days 00:00:00,331,3,False,False,,,,Free
2021-07-29 17:00:00,11.14341632615156,25.565218,97.52738825259313,126,664,112.35158562911371,245.3915432860563,92,5.0,6756,2021-07-29 17:00:00,2021-07-29 17:00:00,30.871484143713257,-95.54108555169783,,2021-07-29,4123,0 days 00:30:00,315,3,False,False,,,,Free
2021-07-29 17:00:00,4.5106954870844485,12.800002,15.98000459641403,126,718,160.46381578715182,388.0789473663572,16,5.0,6804,2021-07-29 17:00:00,2021-07-29 17:00:00,30.3903618421328,-94.11421155166931,,2021-07-29,4160,0 days 00:30:00,317,3,False,False,,,,Free
2021-07-29 17:00:00,8.794893964720794,55.41053,60.75067348522487,126,720,164.4190157893056,200.53184381520992,57,5.0,6806,2021-07-29 17:00:00,2021-07-29 17:00:00,30.350809842111257,-95.98968253358714,,2021-07-29,4163,0 days 00:30:00,318,4,False,False,,,,Free
2021-07-29 17:00:00,8.802448231375815,198.56842,60.85508040214686,126,727,180.7768956251745,411.0605253114082,57,5.0,6813,2021-07-29 17:00:00,2021-07-29 17:00:00,30.187231043752544,-93.88439577878604,,2021-07-29,4298,0 days 00:15:00,322,3,False,False,,,,Free
2021-07-29 17:00:00,5.088641511145991,131.87367,20.33731400821692,126,745,206.69161204954457,288.89181116025594,19,5.0,6830,2021-07-29 17:00:00,2021-07-29 17:00:00,29.9280838795088,-95.10608288538651,,2021-07-29,4432,0 days 00:00:00,332,3,False,False,,,,Free
2021-07-29 17:00:00,12.63695553630435,197.74359,125.42231026899948,126,751,221.2024832514701,221.2784976331927,117,5.0,6835,2021-07-29 17:00:00,2021-07-29 17:00:00,29.78297516748952,-95.78221600133588,,2021-07-29,3922,0 days 01:00:00,303,6,False,False,,,,Free
2021-07-29 17:00:00,19.014037816085416,107.023575,283.94785220618184,126,756,293.5852073245853,356.1134979607663,263,5.0,6840,2021-07-29 17:00:00,2021-07-29 17:00:00,29.059147926758257,-94.43386603659076,,2021-07-29,4050,0 days 00:45:00,310,4,False,False,,,,Free
2021-07-29 17:00:00,6.834452940260611,29.082352,36.68574950077653,126,757,287.227161711275,337.1932095762578,34,5.0,6841,2021-07-29 17:00:00,2021-07-29 17:00:00,29.12272838289137,-94.62306891502914,,2021-07-29,3802,0 days 01:15:00,298,6,False,False,,,,Free
2021-07-29 17:00:00,12.795267262140468,73.65378,128.58449534227876,126,759,303.1015712928633,310.9440787005302,155,5.0,6843,2021-07-29 17:00:00,2021-07-29 17:00:00,28.963984287075466,-94.88556021628546,,2021-07-29,4440,0 days 00:00:00,333,3,False,False,,,,Free
2021-07-29 17:00:00,16.2011761861679,17.330528,206.1498253809341,126,762,345.2135128361566,265.82150461383173,191,5.0,6846,2021-07-29 17:00:00,2021-07-29 17:00:00,28.542864871642465,-95.33678594425815,,2021-07-29,4317,0 days 00:15:00,323,3,False,False,,,,Free
2021-07-29 17:00:00,2.880410315597107,9.599999,6.516262882742914,126,764,355.8333333333333,429.1666666666667,6,5.0,6848,2021-07-29 17:00:00,2021-07-29 17:00:00,28.43666666667068,-93.7033343704075,,2021-07-29,4444,0 days 00:00:00,334,3,False,False,,,,Free
2021-07-29 17:00:00,8.493896231015063,9.6,56.66355045409661,126,771,391.5,178.80769230769232,52,5.0,6855,2021-07-29 17:00:00,2021-07-29 17:00:00,28.08000000000396,-96.20692404245445,,2021-07-29,4060,0 days 00:45:00,312,3,False,False,,,,Free
2021-07-29 17:00:00,34.88045236101398,19.740068,955.5515000612326,126,786,465.9477700094764,452.7367167132737,872,5.0,6867,2021-07-29 17:00:00,2021-07-29 17:00:00,27.33552229990908,-93.4676338766768,,2021-07-29,4458,0 days 00:00:00,335,3,False,False,,,,Free
2021-07-29 17:00:00,13.47745815993944,10.855384,142.6611977329845,126,788,468.7031003596437,493.9852863924981,130,5.0,6869,2021-07-29 17:00:00,2021-07-29 17:00:00,27.3079689964074,-93.05514819167183,,2021-07-29,4229,0 days 00:30:00,320,8,False,False,,,,Free
2021-07-29 17:15:00,7.773646493132614,342.39996,47.46128098995111,127,596,64.38536519911663,471.2460383312808,45,5.0,6896,2021-07-29 17:15:00,2021-07-29 17:15:00,31.3511463480133,-93.28254066578596,,2021-07-29,4357,0 days 00:15:00,324,4,False,False,,,,Free
2021-07-29 17:15:00,10.446584117131293,93.39258,85.71138099468892,127,613,95.59510041534976,370.1022374937498,81,5.0,6911,2021-07-29 17:15:00,2021-07-29 17:15:00,31.039048995850923,-94.29397864525832,,2021-07-29,4372,0 days 00:15:00,326,3,False,False,,,,Free
2021-07-29 17:15:00,8.207163838529562,135.552,52.90248685016914,127,614,94.46978980449757,398.97095410195567,50,5.0,6912,2021-07-29 17:15:00,2021-07-29 17:15:00,31.05030210195945,-94.00529148742584,,2021-07-29,4373,0 days 00:15:00,327,5,False,False,,,,Free
2021-07-29 17:15:00,5.446777628596832,178.90912,23.30071089769194,127,626,103.60135912726774,19.43779405662984,22,5.0,6924,2021-07-29 17:15:00,2021-07-29 17:15:00,30.95898640873173,-97.80062297942334,,2021-07-29,4382,0 days 00:15:00,330,3,False,False,,,,Free
2021-07-29 17:15:00,1.6435747943093992,9.6,2.1216259859813498,127,640,119.0,204.5,2,5.0,6937,2021-07-29 17:15:00,2021-07-29 17:15:00,30.805000000004384,-95.95000097287324,,2021-07-29,4499,0 days 00:00:00,337,5,False,False,,,,Free
2021-07-29 17:15:00,5.464115246450293,9.600002,23.449283797339792,127,681,165.1818181818182,197.95454545454547,22,5.0,6970,2021-07-29 17:15:00,2021-07-29 17:15:00,30.343181818186128,-96.01545551645728,,2021-07-29,4163,0 days 00:45:00,318,4,False,False,,,,Free
2021-07-29 17:15:00,7.655237440216732,181.95348,46.02642174319645,127,705,206.75166251890408,288.1782100322567,43,5.0,6989,2021-07-29 17:15:00,2021-07-29 17:15:00,29.927483374815207,-95.11321889646256,,2021-07-29,4432,0 days 00:15:00,332,3,False,False,,,,Free
2021-07-29 17:15:00,12.690228129974887,183.78305,126.48200462883293,127,710,221.5647314437364,217.54963878210413,118,5.0,6992,2021-07-29 17:15:00,2021-07-29 17:15:00,29.77935268556686,-95.81950458878124,,2021-07-29,3922,0 days 01:15:00,303,6,False,False,,,,Free
2021-07-29 17:15:00,11.249600399397703,79.82607,99.39489365487184,127,725,301.63695524219213,306.864294088626,92,5.0,7001,2021-07-29 17:15:00,2021-07-29 17:15:00,28.978630447582177,-94.92635806123866,,2021-07-29,4440,0 days 00:15:00,333,3,False,False,,,,Free
2021-07-29 17:15:00,4.97867865484274,13.866668,19.467853673475503,127,726,312.41353383278937,430.1466165418026,18,5.0,7002,2021-07-29 17:15:00,2021-07-29 17:15:00,28.870864661676187,-93.69353487193617,,2021-07-29,4548,0 days 00:00:00,338,3,False,False,,,,Free
2021-07-29 17:15:00,8.226844800435602,10.187755,53.15651375290274,127,731,344.1093394035387,261.47076687936425,51,5.0,7006,2021-07-29 17:15:00,2021-07-29 17:15:00,28.553906605968645,-95.38029332035956,,2021-07-29,4317,0 days 00:30:00,323,3,False,False,,,,Free
2021-07-29 17:15:00,11.70087998579691,29.672733,107.52932785362115,127,733,354.4853025850254,426.9100138966031,99,5.0,7008,2021-07-29 17:15:00,2021-07-29 17:15:00,28.45014697415376,-93.72590089746323,,2021-07-29,4444,0 days 00:15:00,334,3,False,False,,,,Free
2021-07-29 17:15:00,34.29296113813559,19.336819,923.6338821586712,127,755,463.996283572562,450.704651298764,850,5.0,7025,2021-07-29 17:15:00,2021-07-29 17:15:00,27.355037164278222,-93.4879545302412,,2021-07-29,4458,0 days 00:15:00,335,3,False,False,,,,Free
2021-07-29 17:15:00,15.9021706880054,12.676243,198.6107277582693,127,758,467.2859397478732,494.0296986750578,182,5.0,7027,2021-07-29 17:15:00,2021-07-29 17:15:00,27.322140602525103,-93.05470406885888,,2021-07-29,4229,0 days 00:45:00,320,8,False,False,,,,Free
2021-07-29 17:30:00,6.757668074813043,40.658825,35.86605364102643,128,482,65.55823162365158,467.982514029694,34,5.0,7053,2021-07-29 17:30:00,2021-07-29 17:30:00,31.33941768376795,-93.31517590786927,,2021-07-29,4357,0 days 00:30:00,324,4,False,False,,,,Free
2021-07-29 17:30:00,4.342336344550864,15.77143,14.809377392633085,128,495,91.8421750679066,356.1273209525587,14,5.0,7066,2021-07-29 17:30:00,2021-07-29 17:30:00,31.07657824932536,-94.43372780667676,,2021-07-29,4254,0 days 00:45:00,321,3,False,False,,,,Free
2021-07-29 17:30:00,9.28573583618575,21.6,67.72087026040282,128,496,94.78030873732789,365.7238328230524,64,5.0,7067,2021-07-29 17:30:00,2021-07-29 17:30:00,31.047196912631144,-94.33776269071416,,2021-07-29,4372,0 days 00:30:00,326,3,False,False,,,,Free
2021-07-29 17:30:00,9.065673459661504,106.072136,64.54907532290476,128,497,95.74768870885636,396.19914360274805,61,5.0,7068,2021-07-29 17:30:00,2021-07-29 17:30:00,31.037523112915856,-94.03300959162584,,2021-07-29,4373,0 days 00:30:00,327,5,False,False,,,,Free
2021-07-29 17:30:00,6.96792442122361,36.266663,38.13262864843184,128,505,105.18052593635942,17.609452716570118,36,5.0,7076,2021-07-29 17:30:00,2021-07-29 17:30:00,30.943194740640813,-97.81890639230149,,2021-07-29,4382,0 days 00:30:00,330,3,False,False,,,,Free
2021-07-29 17:30:00,9.221703302732568,126.4762,66.79011200623466,128,510,112.61988092729648,32.06150753587695,64,5.0,7081,2021-07-29 17:30:00,2021-07-29 17:30:00,30.86880119073143,-97.67438584823822,,2021-07-29,4384,0 days 00:30:00,331,3,False,False,,,,Free
2021-07-29 17:30:00,4.190393783726436,14.769232,13.79112055960024,128,515,119.407874015275,201.9968503968937,13,5.0,7086,2021-07-29 17:30:00,2021-07-29 17:30:00,30.80092125985164,-95.97503246818894,,2021-07-29,4499,0 days 00:15:00,337,5,False,False,,,,Free
2021-07-29 17:30:00,14.530889388906482,84.55385,165.83426685553826,128,531,138.4731051547078,143.83721303938125,157,5.0,7101,2021-07-29 17:30:00,2021-07-29 17:30:00,30.610268948457275,-96.55662882514434,,2021-07-29,4604,0 days 00:00:00,339,4,False,False,,,,Free
2021-07-29 17:30:00,3.083002019489792,16.457144,7.465132143814447,128,554,170.8902743062079,495.2967581020693,7,5.0,7123,2021-07-29 17:30:00,2021-07-29 17:30:00,30.286097256942224,-93.04203347495088,,2021-07-29,4620,0 days 00:00:00,340,4,False,False,,,,Free
2021-07-29 17:30:00,4.20360136081788,11.076923,13.878193207033473,128,559,181.5198618308849,405.2487046542514,21,5.0,7128,2021-07-29 17:30:00,2021-07-29 17:30:00,30.17980138169544,-93.9425139836968,,2021-07-29,4298,0 days 00:45:00,322,3,False,False,,,,Free
2021-07-29 17:30:00,5.220851167898993,22.08,21.407823084085777,128,568,206.86065573349435,286.0608898929196,20,5.0,7136,2021-07-29 17:30:00,2021-07-29 17:30:00,29.9263934426693,-95.1343920972509,,2021-07-29,4432,0 days 00:30:00,332,3,False,False,,,,Free
2021-07-29 17:30:00,16.521749965836037,102.576,214.38874017251888,128,571,221.4655375586764,209.40453283115835,201,5.0,7139,2021-07-29 17:30:00,2021-07-29 17:30:00,29.78034462441746,-95.90095564596317,,2021-07-29,4629,0 days 00:00:00,341,5,False,False,,,,Free
2021-07-29 17:30:00,11.187492554028678,88.93187,98.30042599916322,128,580,299.28063054011267,302.1468224000566,91,5.0,7143,2021-07-29 17:30:00,2021-07-29 17:30:00,29.002193694602976,-94.97353277677628,,2021-07-29,4440,0 days 00:30:00,333,3,False,False,,,,Free
2021-07-29 17:30:00,5.866950819330924,14.208,27.03427808127612,128,581,310.36142485396914,428.9878366761163,25,5.0,7144,2021-07-29 17:30:00,2021-07-29 17:30:00,28.891385751464394,-93.70512267026191,,2021-07-29,4548,0 days 00:15:00,338,3,False,False,,,,Free
2021-07-29 17:30:00,9.106919441484855,48.16,65.1377677175003,128,585,351.45227062047366,426.168288542353,60,5.0,7148,2021-07-29 17:30:00,2021-07-29 17:30:00,28.48047729379928,-93.73331815079382,,2021-07-29,4444,0 days 00:30:00,334,3,False,False,,,,Free
2021-07-29 17:30:00,5.275249784602477,11.040001,21.85626452227168,128,600,422.38079470590793,369.85761588227615,20,5.0,7163,2021-07-29 17:30:00,2021-07-29 17:30:00,27.77119205294483,-94.2964248613032,,2021-07-29,4648,0 days 00:00:00,342,3,False,False,,,,Free
2021-07-29 17:30:00,32.27817358342106,15.789813,818.2910232325332,128,605,464.1948067863216,447.2290493081625,756,5.0,7168,2021-07-29 17:30:00,2021-07-29 17:30:00,27.353051932140627,-93.52271054915406,,2021-07-29,4458,0 days 00:30:00,335,3,False,False,,,,Free
2021-07-29 17:30:00,19.706059139878896,15.366906,304.99270025828326,128,606,465.82068007623343,492.3730742236768,278,5.0,7169,2021-07-29 17:30:00,2021-07-29 17:30:00,27.33679319924151,-93.07127031289934,,2021-07-29,4229,0 days 01:00:00,320,8,False,False,,,,Free
2021-07-29 17:45:00,5.436607105494447,48.436363,23.213775398140488,129,402,68.37044788673636,465.6213896850346,22,5.0,7198,2021-07-29 17:45:00,2021-07-29 17:45:00,31.3112955211371,-93.33878715064117,,2021-07-29,4357,0 days 00:45:00,324,4,False,False,,,,Free
2021-07-29 17:45:00,8.916249813970575,77.776276,62.438769730221054,129,412,96.25664911904768,395.1816572465791,59,5.0,7207,2021-07-29 17:45:00,2021-07-29 17:45:00,31.03243350881394,-94.0431844548968,,2021-07-29,4373,0 days 00:45:00,327,5,False,False,,,,Free
2021-07-29 17:45:00,6.772204963923208,224.75294,36.020527529975304,129,419,106.07923335443095,118.2850527279354,34,5.0,7214,2021-07-29 17:45:00,2021-07-29 17:45:00,30.934207666460093,-96.81215042095698,,2021-07-29,4682,0 days 00:00:00,343,3,False,False,,,,Free
2021-07-29 17:45:00,5.195869732994441,64.31999,21.20344313360389,129,423,113.0155090821025,27.924308857449493,20,5.0,7218,2021-07-29 17:45:00,2021-07-29 17:45:00,30.86484490918337,-97.71575783384026,,2021-07-29,4384,0 days 00:45:00,331,3,False,False,,,,Free
2021-07-29 17:45:00,3.0748468581601944,9.599999,7.425690821678194,129,427,119.0,200.1428571428572,7,5.0,7222,2021-07-29 17:45:00,2021-07-29 17:45:00,30.805000000004384,-95.99357240019953,,2021-07-29,4499,0 days 00:30:00,337,5,False,False,,,,Free
2021-07-29 17:45:00,12.145281729865502,88.513756,115.85240884776854,129,436,138.06621990630842,138.81417115040438,109,5.0,7231,2021-07-29 17:45:00,2021-07-29 17:45:00,30.61433780094127,-96.60685924259872,,2021-07-29,4604,0 days 00:15:00,339,4,False,False,,,,Free
2021-07-29 17:45:00,8.708660764061,167.4857,59.565203277809445,129,441,144.9462809980024,392.4717338099812,56,5.0,7235,2021-07-29 17:45:00,2021-07-29 17:45:00,30.54553719002432,-94.07028368848836,,2021-07-29,4693,0 days 00:00:00,344,3,False,False,,,,Free
2021-07-29 17:45:00,7.641440987859504,139.75815,45.8606713971367,129,447,170.4588409929436,491.7564629079863,43,5.0,7241,2021-07-29 17:45:00,2021-07-29 17:45:00,30.290411590074868,-93.07743642588002,,2021-07-29,4620,0 days 00:15:00,340,4,False,False,,,,Free
2021-07-29 17:45:00,15.80339021595833,236.9574,196.15094689019853,129,459,221.269005504674,204.6235600159129,183,5.0,7251,2021-07-29 17:45:00,2021-07-29 17:45:00,29.782309944957483,-95.9487653727494,,2021-07-29,4629,0 days 00:15:00,341,5,False,False,,,,Free
2021-07-29 17:45:00,4.543811191804539,17.28,16.21550338437113,129,468,307.149837137598,428.0,15,5.0,7259,2021-07-29 17:45:00,2021-07-29 17:45:00,28.92350162862811,-93.71500103674076,,2021-07-29,4548,0 days 00:30:00,338,3,False,False,,,,Free
2021-07-29 17:45:00,4.08615962596939,9.599999,13.113557898781153,129,481,422.46153846153845,366.6923076923077,13,5.0,7271,2021-07-29 17:45:00,2021-07-29 17:45:00,27.77038461538853,-94.32807794229836,,2021-07-29,4648,0 days 00:15:00,342,3,False,False,,,,Free
2021-07-29 17:45:00,20.1960903415649,14.728766,320.3498248002434,129,494,466.0297099275261,492.1138411484043,292,5.0,7281,2021-07-29 17:45:00,2021-07-29 17:45:00,27.33470290072858,-93.07386264357795,,2021-07-29,4229,0 days 01:15:00,320,8,False,False,,,,Free
2021-07-29 18:00:00,3.658809770519479,11.5199995,10.51403798460667,130,408,34.71165644440986,299.4877300739127,10,5.0,7300,2021-07-29 18:00:00,2021-07-29 18:00:00,31.647883435560416,-95.00012369927788,,2021-07-29,4743,0 days 00:00:00,345,3,False,False,,,,Free
2021-07-29 18:00:00,4.172730084032021,64.98461,13.675098630248367,130,412,40.03257244407506,498.3634265079252,13,5.0,7304,2021-07-29 18:00:00,2021-07-29 18:00:00,31.59467427556376,-93.01136679176864,,2021-07-29,4746,0 days 00:00:00,346,3,False,False,,,,Free
2021-07-29 18:00:00,7.061119402483157,25.945942,39.15948685562934,130,437,97.3581323700652,393.1893278659922,38,5.0,7328,2021-07-29 18:00:00,2021-07-29 18:00:00,31.021418676303764,-94.06310774813336,,2021-07-29,4373,0 days 01:00:00,327,5,False,False,,,,Free
2021-07-29 18:00:00,9.435165093295794,211.34546,69.91798260260941,130,442,105.27580991350496,114.83558024098328,66,5.0,7333,2021-07-29 18:00:00,2021-07-29 18:00:00,30.942241900869355,-96.84664514484076,,2021-07-29,4682,0 days 00:15:00,343,3,False,False,,,,Free
2021-07-29 18:00:00,18.947399365649343,190.30374,281.96103726583755,130,443,112.5773288356257,292.3680605705524,266,5.0,7334,2021-07-29 18:00:00,2021-07-29 18:00:00,30.86922671164813,-95.07132039227696,,2021-07-29,4770,0 days 00:00:00,348,3,False,False,,,,Free
2021-07-29 18:00:00,5.690257580906665,95.600006,25.43043174471988,130,447,108.02860559155,437.83912805561584,24,5.0,7338,2021-07-29 18:00:00,2021-07-29 18:00:00,30.914713944088906,-93.61660975899628,,2021-07-29,4773,0 days 00:00:00,349,3,False,False,,,,Free
2021-07-29 18:00:00,10.007339732191282,62.14054,78.65515089411166,130,469,137.4459370006548,135.11588305921802,74,5.0,7360,2021-07-29 18:00:00,2021-07-29 18:00:00,30.62054062999781,-96.64384212245376,,2021-07-29,4604,0 days 00:30:00,339,4,False,False,,,,Free
2021-07-29 18:00:00,10.145182534991276,181.64209,80.83689286425725,130,473,144.46183181707073,390.93255764629646,76,5.0,7364,2021-07-29 18:00:00,2021-07-29 18:00:00,30.55038168183364,-94.08567544968535,,2021-07-29,4693,0 days 00:15:00,344,3,False,False,,,,Free
2021-07-29 18:00:00,7.729558964934115,73.30909,46.92446290993948,130,484,170.05256854142775,488.41302901954606,44,5.0,7373,2021-07-29 18:00:00,2021-07-29 18:00:00,30.294474314590023,-93.11087076380898,,2021-07-29,4620,0 days 00:30:00,340,4,False,False,,,,Free
2021-07-29 18:00:00,15.75865749585816,229.71428,195.04207758754532,130,494,219.28791138804024,199.7915643865865,182,5.0,7383,2021-07-29 18:00:00,2021-07-29 18:00:00,29.802120886123824,-95.99708532766186,,2021-07-29,4629,0 days 00:30:00,341,5,False,False,,,,Free
2021-07-29 18:00:00,1.6681421336258373,9.6,2.185526038273159,130,509,422.3333333333333,364.0,3,5.0,7396,2021-07-29 18:00:00,2021-07-29 18:00:00,27.771666666670576,-94.35500101845209,,2021-07-29,4648,0 days 00:30:00,342,3,False,False,,,,Free
2021-07-29 18:00:00,21.23904397352892,12.334365,354.2907466036365,130,520,464.1449835773901,490.39635017130064,325,5.0,7404,2021-07-29 18:00:00,2021-07-29 18:00:00,27.353550164229944,-93.0910375528582,,2021-07-29,4229,0 days 01:30:00,320,8,False,False,,,,Free
2021-07-29 18:15:00,44.7242275337848,264.93814,1570.99780380275,131,352,36.59566181426853,208.6440159537736,1495,5.0,7408,2021-07-29 18:15:00,2021-07-29 18:15:00,31.629043381861827,-95.90856081451966,,2021-07-29,4822,0 days 00:00:00,350,3,False,False,,,,Free
2021-07-29 18:15:00,2.0038904746645048,9.6,3.153826827838893,131,363,33.666666666666664,299.3333333333333,3,5.0,7417,2021-07-29 18:15:00,2021-07-29 18:15:00,31.65833333333785,-95.00166766663956,,2021-07-29,4743,0 days 00:15:00,345,3,False,False,,,,Free
2021-07-29 18:15:00,3.0614714694105585,9.599999,7.361228762309901,131,365,36.57142857142857,21.714285714285715,7,5.0,7419,2021-07-29 18:15:00,2021-07-29 18:15:00,31.629285714290223,-97.77785806349732,,2021-07-29,4830,0 days 00:00:00,351,5,False,False,,,,Free
2021-07-29 18:15:00,7.763972707303414,136.31999,47.34322967662031,131,366,40.66497444619544,496.5620875139092,45,5.0,7420,2021-07-29 18:15:00,2021-07-29 18:15:00,31.58835025554255,-93.02938018119404,,2021-07-29,4746,0 days 00:15:00,346,3,False,False,,,,Free
2021-07-29 18:15:00,9.854863283487626,95.86667,76.2765582783037,131,394,105.2116043103191,109.15813769091918,72,5.0,7447,2021-07-29 18:15:00,2021-07-29 18:15:00,30.942883956901213,-96.90341956871902,,2021-07-29,4682,0 days 00:30:00,343,3,False,False,,,,Free
2021-07-29 18:15:00,17.465385683965064,391.3062,239.5776178575265,131,399,112.44861703938123,290.1539908123598,226,5.0,7452,2021-07-29 18:15:00,2021-07-29 18:15:00,30.87051382961058,-95.09346108922614,,2021-07-29,4770,0 days 00:15:00,348,3,False,False,,,,Free
2021-07-29 18:15:00,8.295277295701833,432.75296,54.04452421943848,131,400,109.23525583545457,436.9963145476424,51,5.0,7453,2021-07-29 18:15:00,2021-07-29 18:15:00,30.90264744164985,-93.62503789383516,,2021-07-29,4773,0 days 00:15:00,349,3,False,False,,,,Free
2021-07-29 18:15:00,6.257107840949429,31.779312,30.749436502472445,131,404,114.64460468656188,193.68014422551937,29,5.0,7457,2021-07-29 18:15:00,2021-07-29 18:15:00,30.84855395313877,-96.05819952752609,,2021-07-29,4499,0 days 01:00:00,337,5,False,False,,,,Free
2021-07-29 18:15:00,6.265058916956524,10.262071,30.82763443472906,131,421,138.93446920560248,131.11795544241454,29,5.0,7469,2021-07-29 18:15:00,2021-07-29 18:15:00,30.60565530794833,-96.68382139747932,,2021-07-29,4604,0 days 00:45:00,339,4,False,False,,,,Free
2021-07-29 18:15:00,10.602341113355417,33.07952,88.28632251390532,131,423,145.35251798530007,388.4576909925921,84,5.0,7471,2021-07-29 18:15:00,2021-07-29 18:15:00,30.541474820151343,-94.11042411551524,,2021-07-29,4693,0 days 00:30:00,344,3,False,False,,,,Free
2021-07-29 18:15:00,3.4956797156912254,12.799999,9.597390157432498,131,437,170.5269016645066,483.7291280250184,13,5.0,7483,2021-07-29 18:15:00,2021-07-29 18:15:00,30.28973098335924,-93.1577097724158,,2021-07-29,4620,0 days 00:45:00,340,4,False,False,,,,Free
2021-07-29 18:15:00,17.439237804311485,26.819733,238.8607991739576,131,446,213.58025403276127,363.80106049513074,223,5.0,7490,2021-07-29 18:15:00,2021-07-29 18:15:00,29.859197459676626,-94.3569904134439,,2021-07-29,4871,0 days 00:00:00,353,4,False,False,,,,Free
2021-07-29 18:15:00,15.930049567016276,203.14839,199.30772670148224,131,449,216.76463819308933,194.20218365037212,186,5.0,7493,2021-07-29 18:15:00,2021-07-29 18:15:00,29.82735361807334,-96.0529791334268,,2021-07-29,4629,0 days 00:45:00,341,5,False,False,,,,Free
2021-07-29 18:15:00,11.5777798976592,10.499999,105.27868688411118,131,461,463.6668436504118,487.8123175041046,145,5.0,7504,2021-07-29 18:15:00,2021-07-29 18:15:00,27.35833156349973,-93.11687787879174,,2021-07-29,4229,0 days 01:45:00,320,8,False,False,,,,Free
2021-07-29 18:30:00,49.06784457619827,259.94217,1890.9665359590665,132,316,34.21893729089204,204.28226016866927,1799,5.0,7511,2021-07-29 18:30:00,2021-07-29 18:30:00,31.6528106270956,-95.95217837112426,,2021-07-29,4822,0 days 00:15:00,350,3,False,False,,,,Free
2021-07-29 18:30:00,1.6358467073447138,9.6,2.1017211262372126,132,325,30.0,40.5,2,5.0,7518,2021-07-29 18:30:00,2021-07-29 18:30:00,31.695000000004523,-97.59000092600844,,2021-07-29,4895,0 days 00:00:00,354,4,False,False,,,,Free
2021-07-29 18:30:00,9.11132976693892,125.883865,65.20087320974223,132,327,36.66221913668173,16.682686660778522,62,5.0,7520,2021-07-29 18:30:00,2021-07-29 18:30:00,31.62837780863769,-97.82817405259452,,2021-07-29,4830,0 days 00:15:00,351,5,False,False,,,,Free
2021-07-29 18:30:00,5.550682272521161,14.608697,24.19817529064357,132,328,40.87149321352883,492.8244343945685,23,5.0,7521,2021-07-29 18:30:00,2021-07-29 18:30:00,31.586285067869216,-93.0667567113194,,2021-07-29,4746,0 days 00:30:00,346,3,False,False,,,,Free
2021-07-29 18:30:00,10.12710413277461,154.35788,80.54905185763216,132,362,110.09341744136056,434.98756078436594,76,5.0,7554,2021-07-29 18:30:00,2021-07-29 18:30:00,30.8940658255908,-93.64512543089388,,2021-07-29,4773,0 days 00:30:00,349,3,False,False,,,,Free
2021-07-29 18:30:00,17.23250412670579,170.6182,233.2312090877608,132,364,112.34192557665084,290.3059007022254,220,5.0,7556,2021-07-29 18:30:00,2021-07-29 18:30:00,30.871580744237885,-95.09194199037093,,2021-07-29,4770,0 days 00:30:00,348,3,False,False,,,,Free
2021-07-29 18:30:00,9.221833116461346,165.48572,66.79199242555116,132,365,113.27252589368535,192.0894902353634,63,5.0,7557,2021-07-29 18:30:00,2021-07-29 18:30:00,30.862274741067537,-96.07410606697312,,2021-07-29,4499,0 days 01:15:00,337,5,False,False,,,,Free
2021-07-29 18:30:00,2.850074850754749,30.4,6.3797316761743375,132,382,141.46850393725424,479.46850393725424,6,5.0,7572,2021-07-29 18:30:00,2021-07-29 18:30:00,30.580314960631807,-93.20031601207592,,2021-07-29,4922,0 days 00:00:00,355,3,False,False,,,,Free
2021-07-29 18:30:00,10.182231482323663,14.399997,81.42838351850627,132,403,217.36590143829932,360.7852743536888,76,5.0,7589,2021-07-29 18:30:00,2021-07-29 18:30:00,29.82134098562124,-94.38714827399656,,2021-07-29,4871,0 days 00:15:00,353,4,False,False,,,,Free
2021-07-29 18:30:00,14.351674301989236,34.01325,161.7688958233077,132,405,215.0871488661309,189.97295693309,152,5.0,7591,2021-07-29 18:30:00,2021-07-29 18:30:00,29.844128511342923,-96.09527139939104,,2021-07-29,4629,0 days 01:00:00,341,5,False,False,,,,Free
2021-07-29 18:45:00,54.30310354641895,229.49672,2316.0033529954976,133,259,31.069256328989468,201.82256964227005,2202,5.0,7605,2021-07-29 18:45:00,2021-07-29 18:45:00,31.684307436714622,-95.97677527568538,,2021-07-29,4822,0 days 00:30:00,350,3,False,False,,,,Free
2021-07-29 18:45:00,6.543287602489622,60.300003,33.62651814101481,133,267,29.379859860922554,36.98745479381122,32,5.0,7613,2021-07-29 18:45:00,2021-07-29 18:45:00,31.7012014013953,-97.62512637706652,,2021-07-29,4895,0 days 00:15:00,354,4,False,False,,,,Free
2021-07-29 18:45:00,3.837020426984073,13.090911,11.56320176982518,133,268,33.04141103711197,292.54754600015565,20,5.0,7614,2021-07-29 18:45:00,2021-07-29 18:45:00,31.6645858896334,-95.06952553803217,,2021-07-29,4743,0 days 00:45:00,345,3,False,False,,,,Free
2021-07-29 18:45:00,10.4781804520781,203.3561,86.23064374673399,133,269,36.38345670831824,12.935039250298612,82,5.0,7615,2021-07-29 18:45:00,2021-07-29 18:45:00,31.63116543292133,-97.86565052562844,,2021-07-29,4830,0 days 00:30:00,351,5,False,False,,,,Free
2021-07-29 18:45:00,11.576868309333088,131.10303,105.2621090868789,133,318,140.83745855152907,328.9368001159028,99,5.0,7661,2021-07-29 18:45:00,2021-07-29 18:45:00,30.58662541448906,-94.70563300727338,,2021-07-29,4986,0 days 00:00:00,356,3,False,False,,,,Free
2021-07-29 18:45:00,11.852429618790962,125.73204,110.33280300574825,133,333,213.4269746111915,339.52442221932216,103,5.0,7672,2021-07-29 18:45:00,2021-07-29 18:45:00,29.86073025389232,-94.59975678926467,,2021-07-29,4995,0 days 00:00:00,357,4,False,False,,,,Free
2021-07-29 18:45:00,6.811195584781278,11.57647,36.43649420564747,133,337,218.8148479403515,358.3962432911725,34,5.0,7674,2021-07-29 18:45:00,2021-07-29 18:45:00,29.80685152060072,-94.411038583939,,2021-07-29,4871,0 days 00:30:00,353,4,False,False,,,,Free
2021-07-29 19:00:00,6.94012271683526,72.80001,37.82894077072618,134,258,29.513765989102808,33.79285480307976,36,5.0,7685,2021-07-29 19:00:00,2021-07-29 19:00:00,31.69986234011349,-97.65707237606097,,2021-07-29,4895,0 days 00:30:00,354,4,False,False,,,,Free
2021-07-29 19:00:00,10.604942481515938,119.19999,88.3296513223318,134,262,35.94939954952405,8.275352322808784,84,5.0,7689,2021-07-29 19:00:00,2021-07-29 19:00:00,31.63550600450928,-97.91224739357176,,2021-07-29,4830,0 days 00:45:00,351,5,False,False,,,,Free
2021-07-29 19:00:00,2.5898322899173456,103.68001,5.2678471365681965,134,268,54.0529455514834,490.2762863612156,6,5.0,7695,2021-07-29 19:00:00,2021-07-29 19:00:00,31.45447054448965,-93.09223819092476,,2021-07-29,5011,0 days 00:00:00,359,4,False,False,,,,Free
2021-07-29 19:00:00,2.83817871998682,9.599999,6.326585189640443,134,273,61.66666666666666,494.6666666666667,6,5.0,7699,2021-07-29 19:00:00,2021-07-29 19:00:00,31.378333333337807,-93.04833438912482,,2021-07-29,5013,0 days 00:00:00,360,3,False,False,,,,Free
2021-07-29 19:00:00,10.727099531708772,28.122353,90.37628845177092,134,311,140.51675129515817,325.89055834387057,86,5.0,7732,2021-07-29 19:00:00,2021-07-29 19:00:00,30.589832487052767,-94.73609542412316,,2021-07-29,4986,0 days 00:15:00,356,3,False,False,,,,Free
2021-07-29 19:00:00,5.332296321228104,24.685713,22.33152761784271,134,312,142.94629898025138,474.206095791805,21,5.0,7733,2021-07-29 19:00:00,2021-07-29 19:00:00,30.56553701020184,-93.25294009202662,,2021-07-29,4922,0 days 00:30:00,355,3,False,False,,,,Free
2021-07-29 19:00:00,10.246264525230874,153.97403,82.4557618832378,134,325,210.5052657346388,178.6130172106322,81,5.0,7742,2021-07-29 19:00:00,2021-07-29 19:00:00,29.88994734265785,-96.2088707933694,,2021-07-29,5035,0 days 00:00:00,362,3,False,False,,,,Free
2021-07-29 19:00:00,11.442463272515036,93.799995,102.83215462812954,134,326,212.71872654179504,335.96363551399355,96,5.0,7743,2021-07-29 19:00:00,2021-07-29 19:00:00,29.867812734586288,-94.63536465530046,,2021-07-29,4995,0 days 00:15:00,357,4,False,False,,,,Free
2021-07-29 19:00:00,1.652020769821658,9.6,2.143487166423046,134,330,219.5,356.0,2,5.0,7746,2021-07-29 19:00:00,2021-07-29 19:00:00,29.800000000004225,-94.43500101616598,,2021-07-29,4871,0 days 00:45:00,353,4,False,False,,,,Free
2021-07-29 19:15:00,4.62691991860987,15.0,16.814108564057967,135,244,30.146250000819563,31.16124998562038,16,5.0,7755,2021-07-29 19:15:00,2021-07-29 19:15:00,31.693537499996328,-97.68338842348356,,2021-07-29,4895,0 days 00:45:00,354,4,False,False,,,,Free
2021-07-29 19:15:00,6.448930114402317,279.32904,32.66368829998572,135,257,55.517109208393535,488.2321441492981,31,5.0,7766,2021-07-29 19:15:00,2021-07-29 19:15:00,31.439828907920543,-93.11267961245976,,2021-07-29,5011,0 days 00:15:00,359,4,False,False,,,,Free
2021-07-29 19:15:00,6.020828635723974,262.75558,28.470979880140305,135,261,62.23648591840841,492.632295898085,27,5.0,7770,2021-07-29 19:15:00,2021-07-29 19:15:00,31.37263514082039,-93.06867809622928,,2021-07-29,5013,0 days 00:15:00,360,3,False,False,,,,Free
2021-07-29 19:15:00,28.39011870613926,274.95303,633.0300087532455,135,290,132.4069172418776,42.82507526201143,597,5.0,7799,2021-07-29 19:15:00,2021-07-29 19:15:00,30.670930827585583,-97.56675017405269,,2021-07-29,5073,0 days 00:00:00,363,3,False,False,,,,Free
2021-07-29 19:15:00,1.6453641699163923,9.6,2.1262481697485827,135,303,140.0,322.5,2,5.0,7810,2021-07-29 19:15:00,2021-07-29 19:15:00,30.59500000000435,-94.77000100659302,,2021-07-29,4986,0 days 00:30:00,356,3,False,False,,,,Free
2021-07-29 19:15:00,3.2913858567065883,12.0,8.508391765338628,135,304,143.91785714164072,471.3357142832815,8,5.0,7811,2021-07-29 19:15:00,2021-07-29 19:15:00,30.555821428587937,-93.2816439062916,,2021-07-29,4922,0 days 00:45:00,355,3,False,False,,,,Free
2021-07-29 19:15:00,10.31164758039093,137.96924,83.51144626465326,135,313,209.8134713916688,174.98141079792967,78,5.0,7817,2021-07-29 19:15:00,2021-07-29 19:15:00,29.89686528608756,-96.24518685645864,,2021-07-29,5035,0 days 00:15:00,362,3,False,False,,,,Free
2021-07-29 19:15:00,9.62998290307181,52.09412,72.83513231812545,135,316,213.60773171020224,333.6897326949156,68,5.0,7819,2021-07-29 19:15:00,2021-07-29 19:15:00,29.85892268290221,-94.65810368284144,,2021-07-29,4995,0 days 00:30:00,357,4,False,False,,,,Free
2021-07-29 19:30:00,10.792100814353056,34.648277,91.4748842578447,136,215,34.77056680514103,271.0845157985076,87,5.0,7826,2021-07-29 19:30:00,2021-07-29 19:30:00,31.647294331953105,-95.28415583391536,,2021-07-29,5092,0 days 00:00:00,364,4,False,False,,,,Free
2021-07-29 19:30:00,4.008642965295367,11.2,12.62073463682317,136,217,37.62365591535679,0.9892473228543676,12,5.0,7827,2021-07-29 19:30:00,2021-07-29 19:30:00,31.618763440850945,-97.98510844148922,,2021-07-29,4830,0 days 01:15:00,351,5,False,False,,,,Free
2021-07-29 19:30:00,7.77046416933566,208.42667,47.422430175531936,136,226,56.77099036027688,484.5539752024668,45,5.0,7835,2021-07-29 19:30:00,2021-07-29 19:30:00,31.42729009640172,-93.14946130087702,,2021-07-29,5011,0 days 00:30:00,359,4,False,False,,,,Free
2021-07-29 19:30:00,5.557017492032388,82.22608,24.25344353656338,136,229,62.90733025640121,489.8182637136496,23,5.0,7837,2021-07-29 19:30:00,2021-07-29 19:30:00,31.36592669744046,-93.0968184172695,,2021-07-29,5013,0 days 00:30:00,360,3,False,False,,,,Free
2021-07-29 19:30:00,30.98499129870288,189.30928,754.0369679457217,136,255,128.93571891581422,41.168145088491485,710,5.0,7860,2021-07-29 19:30:00,2021-07-29 19:30:00,30.705642810846225,-97.5833194753144,,2021-07-29,5073,0 days 00:15:00,363,3,False,False,,,,Free
2021-07-29 19:30:00,8.499536235773947,23.003773,56.73882540167326,136,273,207.961224057471,171.9631104435893,53,5.0,7876,2021-07-29 19:30:00,2021-07-29 19:30:00,29.91538775942953,-96.27536985913952,,2021-07-29,5035,0 days 00:30:00,362,3,False,False,,,,Free
2021-07-29 19:30:00,6.1795838327472,11.657144,29.99220099929714,136,278,214.12982832123964,331.8787553609642,28,5.0,7881,2021-07-29 19:30:00,2021-07-29 19:30:00,29.85370171679184,-94.67621345566346,,2021-07-29,4995,0 days 00:45:00,357,4,False,False,,,,Free
2021-07-29 19:45:00,9.952284373854624,19.718918,77.792089216545,137,163,33.83717133419006,266.9020852182162,77,5.0,7886,2021-07-29 19:45:00,2021-07-29 19:45:00,31.656628286662617,-95.32598013852312,,2021-07-29,5092,0 days 00:15:00,364,4,False,False,,,,Free
2021-07-29 19:45:00,6.3447153276668935,58.239998,31.616527114310177,137,175,56.47182571385958,481.08514901796894,30,5.0,7898,2021-07-29 19:45:00,2021-07-29 19:45:00,31.430281742865887,-93.18414956173076,,2021-07-29,5011,0 days 00:45:00,359,4,False,False,,,,Free
2021-07-29 19:45:00,20.17163941063749,73.036545,319.5746143726779,137,204,127.79901230826388,38.70827798666926,304,5.0,7923,2021-07-29 19:45:00,2021-07-29 19:45:00,30.717009876921733,-97.6079181456297,,2021-07-29,5073,0 days 00:30:00,363,3,False,False,,,,Free
2021-07-29 20:00:00,8.886292348965569,16.59661,62.01990194053325,138,123,33.17071031337245,264.77667347601056,59,5.0,7932,2021-07-29 20:00:00,2021-07-29 20:00:00,31.6632928968708,-95.3472342553378,,2021-07-29,5092,0 days 00:30:00,364,4,False,False,,,,Free
2021-07-29 20:00:00,11.227968469266568,57.906384,99.01300699317076,138,127,52.38076089370393,83.99215792836522,94,5.0,7936,2021-07-29 20:00:00,2021-07-29 20:00:00,31.471192391067447,-97.15507935915308,,2021-07-29,5157,0 days 00:00:00,365,5,False,False,,,,Free
2021-07-29 20:15:00,2.3134365906816514,9.6,4.203442220464469,139,171,30.4,261.8,5,5.0,7967,2021-07-29 20:15:00,2021-07-29 20:15:00,31.69100000000452,-95.37700098924728,,2021-07-29,5092,0 days 00:45:00,364,4,False,False,,,,Free
2021-07-29 20:15:00,14.323552192543408,174.7451,161.13554457279267,139,175,49.43313694478148,80.20146315629651,153,5.0,7971,2021-07-29 20:15:00,2021-07-29 20:15:00,31.50066863055668,-97.19298630579055,,2021-07-29,5157,0 days 00:15:00,365,5,False,False,,,,Free
2021-07-29 20:15:00,9.13189863580312,34.219357,65.4955880371502,139,185,78.49337601339937,199.70147935278027,62,5.0,7979,2021-07-29 20:15:00,2021-07-29 20:15:00,31.210066239870454,-95.99798617797416,,2021-07-29,5187,0 days 00:00:00,366,3,False,False,,,,Free
2021-07-29 20:15:00,33.98366522610268,441.12894,907.0480939547324,139,191,109.08285860958333,316.60821035309215,984,5.0,7984,2021-07-29 20:15:00,2021-07-29 20:15:00,30.904171413908568,-94.82891890137842,,2021-07-29,5192,0 days 00:00:00,367,3,False,False,,,,Free
2021-07-29 20:30:00,14.827791157022626,141.30731,172.68030317265283,140,136,47.53080379384551,75.11158429041281,164,5.0,8017,2021-07-29 20:30:00,2021-07-29 20:30:00,31.51969196206604,-97.2438850929949,,2021-07-29,5157,0 days 00:30:00,365,5,False,False,,,,Free
2021-07-29 20:30:00,5.678419415663883,42.399998,25.32472950083833,140,147,68.29679144502637,122.76782533356452,24,5.0,8027,2021-07-29 20:30:00,2021-07-29 20:30:00,31.3120320855542,-96.76732269618168,,2021-07-29,5229,0 days 00:00:00,368,3,False,False,,,,Free
2021-07-29 20:30:00,9.772059252761048,60.03381,75.0001383748536,140,149,78.00844550766853,195.9784511367583,71,5.0,8029,2021-07-29 20:30:00,2021-07-29 20:30:00,31.214915544927763,-96.03521645907053,,2021-07-29,5187,0 days 00:15:00,366,3,False,False,,,,Free
2021-07-29 20:30:00,36.358220602148464,361.25388,1038.2337014433965,140,152,108.31884967062447,313.2235747970291,980,5.0,8032,2021-07-29 20:30:00,2021-07-29 20:30:00,30.91181150329816,-94.86276525597184,,2021-07-29,5192,0 days 00:15:00,367,3,False,False,,,,Free
2021-07-29 20:30:00,4.094384171678831,11.200001,13.166400473982373,140,170,466.2860759576187,179.34936709227495,13,5.0,8048,2021-07-29 20:30:00,2021-07-29 20:30:00,27.33213924042765,-96.20150729476336,,2021-07-29,5245,0 days 00:00:00,369,3,False,False,,,,Free
2021-07-29 20:30:00,2.643830080065765,9.6,5.489805528868061,140,171,474.2,177.4,5,5.0,8049,2021-07-29 20:30:00,2021-07-29 20:30:00,27.25300000000383,-96.22100096512906,,2021-07-29,5246,0 days 00:00:00,370,3,False,False,,,,Free
2021-07-29 20:45:00,16.28985791810435,199.75757,208.4128411572564,141,153,43.52838986644222,70.2290479163065,199,5.0,8052,2021-07-29 20:45:00,2021-07-29 20:45:00,31.55971610134008,-97.29271045534074,,2021-07-29,5157,0 days 00:45:00,365,5,False,False,,,,Free
2021-07-29 20:45:00,7.775335455420753,69.54667,47.481906837018656,141,168,67.90546029985136,121.01563036160672,45,5.0,8064,2021-07-29 20:45:00,2021-07-29 20:45:00,31.31594539700595,-96.78484464540054,,2021-07-29,5229,0 days 00:15:00,368,3,False,False,,,,Free
2021-07-29 20:45:00,8.034832662161007,25.199999,50.70415553450131,141,175,78.44503473798471,191.2141397624256,50,5.0,8069,2021-07-29 20:45:00,2021-07-29 20:45:00,31.2105496526246,-96.0828595714524,,2021-07-29,5187,0 days 00:30:00,366,3,False,False,,,,Free
2021-07-29 20:45:00,36.83267657642888,255.96503,1065.5073268761837,141,179,105.72811743223694,309.577102799539,1006,5.0,8071,2021-07-29 20:45:00,2021-07-29 20:45:00,30.93771882568204,-94.89922997490476,,2021-07-29,5192,0 days 00:30:00,367,3,False,False,,,,Free
2021-07-29 20:45:00,9.530814744048994,41.501537,71.34276504448023,141,198,472.1364747198381,174.7218241871563,65,5.0,8086,2021-07-29 20:45:00,2021-07-29 20:45:00,27.27363525280545,-96.24778272249222,,2021-07-29,5246,0 days 00:15:00,370,3,False,False,,,,Free
2021-07-29 21:00:00,17.28510160398525,142.49327,234.65713007071227,142,119,40.41208137993815,64.60493473086329,229,5.0,8091,2021-07-29 21:00:00,2021-07-29 21:00:00,31.590879186205125,-97.348951585588,,2021-07-29,5157,0 days 01:00:00,365,5,False,False,,,,Free
2021-07-29 21:00:00,6.133079987460031,17.828573,29.54249283893133,142,127,67.2722717190021,116.70100222350536,28,5.0,8099,2021-07-29 21:00:00,2021-07-29 21:00:00,31.322277282814444,-96.8279909255486,,2021-07-29,5229,0 days 00:30:00,368,3,False,False,,,,Free
2021-07-29 21:00:00,3.126663796368069,9.599999,7.678073254905244,142,149,464.6666666666667,174.16666666666666,12,5.0,8116,2021-07-29 21:00:00,2021-07-29 21:00:00,27.348333333337177,-96.25333429753846,,2021-07-29,5245,0 days 00:30:00,369,3,False,False,,,,Free
2021-07-29 21:15:00,1.671299071016782,9.6,2.1938060252146507,143,93,463.5,173.0,2,5.0,8137,2021-07-29 21:15:00,2021-07-29 21:15:00,27.360000000003843,-96.26500096387171,,2021-07-29,5245,0 days 00:45:00,369,3,False,False,,,,Free
2021-07-29 21:15:00,5.015818562457275,16.533335,19.759389311713523,143,94,471.72254335738086,169.33815029180548,18,5.0,8138,2021-07-29 21:15:00,2021-07-29 21:15:00,27.277774566430026,-96.30161945990729,,2021-07-29,5246,0 days 00:45:00,370,3,False,False,,,,Free
2021-07-29 21:30:00,12.130990884396788,72.0,115.57993187207192,144,46,28.21118046860792,68.23880593615002,110,5.0,8142,2021-07-29 21:30:00,2021-07-29 21:30:00,31.712888195318445,-97.31261287457356,,2021-07-29,5314,0 days 00:00:00,371,3,False,False,,,,Free
2021-07-29 21:45:00,7.315009052518282,16.8,42.02615105671613,145,47,28.21059322144169,65.72966100096326,40,5.0,8152,2021-07-29 21:45:00,2021-07-29 21:45:00,31.71289406779011,-97.3377043232084,,2021-07-29,5314,0 days 00:15:00,371,3,False,False,,,,Free
2021-07-29 21:45:00,5.447036741928608,9.600002,23.30292786664249,145,52,104.63636363636364,284.90909090909093,22,5.0,8157,2021-07-29 21:45:00,2021-07-29 21:45:00,30.94863636364077,-95.14591008676008,,2021-07-29,5327,0 days 00:00:00,372,4,False,False,,,,Free
2021-07-29 22:00:00,4.006773751698417,9.599999,12.608967388488342,146,45,29.0,62.5,12,5.0,8166,2021-07-29 22:00:00,2021-07-29 22:00:00,31.705000000004524,-97.37000093229516,,2021-07-29,5314,0 days 00:30:00,371,3,False,False,,,,Free
2021-07-29 22:00:00,12.72258816217609,19.840002,127.12788431183336,146,48,106.01864330903037,280.1757637041514,120,5.0,8169,2021-07-29 22:00:00,2021-07-29 22:00:00,30.9348135669141,-95.19324335745688,,2021-07-29,5327,0 days 00:15:00,372,4,False,False,,,,Free
2021-07-29 22:15:00,14.365803947662288,13.992157,162.08758510213897,147,34,106.5390905038033,274.2161813116578,157,5.0,8178,2021-07-29 22:15:00,2021-07-29 22:15:00,30.92960909496637,-95.2528391796788,,2021-07-29,5327,0 days 00:30:00,372,4,False,False,,,,Free
2021-07-29 22:30:00,13.139124884097248,12.900002,135.58847071138712,148,19,105.88765821023938,266.09355220949686,128,5.0,8182,2021-07-29 22:30:00,2021-07-29 22:30:00,30.93612341790201,-95.33406546837926,,2021-07-29,5327,0 days 00:45:00,372,4,False,False,,,,Free
2021-07-29 23:00:00,5.159213787200574,12.126317,20.90532532711824,150,7,497.7223042854768,366.267355955745,19,5.0,8189,2021-07-29 23:00:00,2021-07-29 23:00:00,27.017776957149024,-94.33232745954255,,2021-07-29,5352,0 days 00:00:00,373,4,False,False,,,,Free
2021-07-29 23:15:00,6.26313651689871,46.971436,30.80871874543403,151,7,498.1914567734682,365.5003403916061,28,5.0,8190,2021-07-29 23:15:00,2021-07-29 23:15:00,27.013085432269108,-94.33999761496476,,2021-07-29,5352,0 days 00:15:00,373,4,False,False,,,,Free
2021-07-29 23:30:00,9.759963426871394,40.65882,74.81458338908324,152,7,497.2012537178293,364.1827779874584,68,5.0,8191,2021-07-29 23:30:00,2021-07-29 23:30:00,27.022987462825498,-94.35317323862972,,2021-07-29,5352,0 days 00:30:00,373,4,False,False,,,,Free
2021-07-29 23:45:00,6.262409565892575,14.057144,30.8015673351869,153,7,495.3827851586129,363.2666200262784,35,5.0,8192,2021-07-29 23:45:00,2021-07-29 23:45:00,27.041172148417665,-94.36233481797971,,2021-07-29,5352,0 days 00:45:00,373,4,False,False,,,,Free
