time,diameter_km,mean_precip,area_km2,frame,idx,hdim_1,hdim_2,num,threshold_value,feature,time.1,timestr,latitude,longitude,area,date,cell,time_cell,cell_parent_track_id,cell_child_feature_count,cell_starts_with_split,cell_ends_with_merge,Merge,Split,Both,Free
2024-05-01 06:45:00,2.8801606815979413,9.599999,6.515133453185486,27,30,354.0,90.5,6,5.0,38,2024-05-01 06:45:00,2024-05-01 06:45:00,28.455000000004016,-97.09000094029648,,2024-05-01,34,0 days 00:00:00,1,3,False,False,,,,Free
2024-05-01 07:15:00,4.848167674594698,11.294118,18.460571616846867,29,67,353.96879643050926,91.61812778866464,23,5.0,64,2024-05-01 07:15:00,2024-05-01 07:15:00,28.455312035698924,-97.0788196627293,,2024-05-01,34,0 days 00:30:00,1,3,False,False,,,,Free
2024-05-01 07:30:00,5.760446155006293,13.200001,26.06166297766764,30,70,354.3546747992596,89.1697154440519,24,5.0,86,2024-05-01 07:30:00,2024-05-01 07:30:00,28.45145325201142,-97.10330378547576,,2024-05-01,34,0 days 00:45:00,1,3,False,False,,,,Free
2024-05-01 08:00:00,3.115546991466787,9.599999,7.623571774985006,32,115,386.1,57.8,10,5.0,133,2024-05-01 08:00:00,2024-05-01 08:00:00,28.134000000003965,-97.41700093095204,,2024-05-01,117,0 days 00:00:00,3,3,False,False,,,,Free
2024-05-01 08:00:00,6.13784778326811,10.666668,29.588442776811004,32,128,453.0601307194431,221.27058823749405,27,5.0,146,2024-05-01 08:00:00,2024-05-01 08:00:00,27.46439869280943,-95.78229509529064,,2024-05-01,130,0 days 00:00:00,4,3,False,False,,,,Free
2024-05-01 08:15:00,5.266279407070416,14.88,21.781996096502503,33,99,385.9807692261286,58.786437246230825,20,5.0,163,2024-05-01 08:15:00,2024-05-01 08:15:00,28.13519230774268,-97.40713655877164,,2024-05-01,117,0 days 00:15:00,3,3,False,False,,,,Free
2024-05-01 08:15:00,8.352964144082579,12.864,54.79880850452376,33,106,453.3896430592412,221.320764211928,51,5.0,170,2024-05-01 08:15:00,2024-05-01 08:15:00,27.46110356941145,-95.78179333556062,,2024-05-01,130,0 days 00:15:00,4,3,False,False,,,,Free
2024-05-01 08:30:00,2.3552342050658748,9.6,4.356704269553693,34,126,386.5,59.5,4,5.0,187,2024-05-01 08:30:00,2024-05-01 08:30:00,28.130000000003967,-97.40000093143784,,2024-05-01,117,0 days 00:30:00,3,3,False,False,,,,Free
2024-05-01 08:45:00,2.640916734668613,9.6,5.4777133087736685,35,148,449.8,216.4,5,5.0,232,2024-05-01 08:45:00,2024-05-01 08:45:00,27.497000000003865,-95.83100097627374,,2024-05-01,130,0 days 00:45:00,4,3,False,False,,,,Free
2024-05-01 09:15:00,3.347920271896981,16.800001,8.803190407748584,37,215,499.0,70.70338982708391,8,5.0,330,2024-05-01 09:15:00,2024-05-01 09:15:00,27.00500000000379,-97.28796703636851,,2024-05-01,287,0 days 00:00:00,5,3,False,False,,,,Free
2024-05-01 09:30:00,2.325994657712394,9.6,4.249201314927699,38,287,132.5,25.5,4,5.0,345,2024-05-01 09:30:00,2024-05-01 09:30:00,30.670000000004364,-97.74000092172196,,2024-05-01,302,0 days 00:00:00,6,3,False,False,,,,Free
2024-05-01 09:30:00,22.454516713501928,119.06087,396.0019329605519,38,303,260.4099164988028,489.86827205786136,368,5.0,357,2024-05-01 09:30:00,2024-05-01 09:30:00,29.390900835016136,-93.09631833384168,,2024-05-01,312,0 days 00:00:00,8,3,False,False,,,,Free
2024-05-01 09:30:00,5.021793536419045,23.466667,19.806493151032,38,355,498.7298435606961,74.77135980752995,18,5.0,403,2024-05-01 09:30:00,2024-05-01 09:30:00,27.00770156439683,-97.2472873377265,,2024-05-01,287,0 days 00:15:00,5,3,False,False,,,,Free
2024-05-01 09:45:00,5.189448818939376,12.960002,21.15107024106204,39,258,89.46733668672837,93.52763819276092,20,5.0,410,2024-05-01 09:45:00,2024-05-01 09:45:00,31.100326633137147,-97.05972455923404,,2024-05-01,361,0 days 00:00:00,9,3,False,False,,,,Free
2024-05-01 09:45:00,3.07177411590596,10.971428,7.410857020712873,39,265,99.8899521520184,122.8803827838527,7,5.0,417,2024-05-01 09:45:00,2024-05-01 09:45:00,30.99610047848423,-96.76619712171096,,2024-05-01,368,0 days 00:00:00,10,3,False,False,,,,Free
2024-05-01 09:45:00,,,,39,278,129.05055484791072,26.728729948146466,29,5.0,427,2024-05-01 09:45:00,2024-05-01 09:45:00,30.70449445152526,-97.72771362259164,,2024-05-01,302,0 days 00:15:00,6,3,False,False,,,,Free
2024-05-01 09:45:00,19.232958530495008,273.2089,290.524037967013,39,291,260.0613949658894,491.3753652830888,270,5.0,439,2024-05-01 09:45:00,2024-05-01 09:45:00,29.39438605034527,-93.0812474020201,,2024-05-01,312,0 days 00:15:00,8,3,False,False,,,,Free
2024-05-01 09:45:00,3.1316329520701736,9.599999,7.702497921183918,39,331,498.57142857142856,77.71428571428571,7,5.0,472,2024-05-01 09:45:00,2024-05-01 09:45:00,27.009285714289504,-97.21785807949992,,2024-05-01,287,0 days 00:30:00,5,3,False,False,,,,Free
2024-05-01 10:00:00,9.06082476455324,13.377048,64.48004678571147,40,297,84.65048924571958,93.70998041276246,61,5.0,477,2024-05-01 10:00:00,2024-05-01 10:00:00,31.14849510754724,-97.0579011370861,,2024-05-01,361,0 days 00:15:00,9,3,False,False,,,,Free
2024-05-01 10:00:00,3.670555858961866,16.320002,10.581653993916516,40,314,94.95583039122296,122.82332156489184,10,5.0,488,2024-05-01 10:00:00,2024-05-01 10:00:00,31.04544169609219,-96.76676773388424,,2024-05-01,368,0 days 00:15:00,10,3,False,False,,,,Free
2024-05-01 10:00:00,3.288558614808773,9.6,8.493780928931534,40,325,127.25,27.375,8,5.0,496,2024-05-01 10:00:00,2024-05-01 10:00:00,30.72250000000437,-97.7212509222578,,2024-05-01,302,0 days 00:30:00,6,3,False,False,,,,Free
2024-05-01 10:00:00,1.651896893040198,9.6,2.143165719694521,40,337,218.3333333333333,37.0,3,5.0,506,2024-05-01 10:00:00,2024-05-01 10:00:00,29.81166666667089,-97.62500092500824,,2024-05-01,437,0 days 00:00:00,12,5,False,False,,,,Free
2024-05-01 10:00:00,16.26011124357317,160.1658,207.65237676337549,40,343,257.7823755382978,492.6872474928204,193,5.0,512,2024-05-01 10:00:00,2024-05-01 10:00:00,29.41717624462119,-93.06812858029764,,2024-05-01,312,0 days 00:30:00,8,3,False,False,,,,Free
2024-05-01 10:15:00,4.017730474626326,9.599999,12.678021377429568,41,199,80.16666666666667,93.41666666666669,12,5.0,560,2024-05-01 10:15:00,2024-05-01 10:15:00,31.193333333337776,-97.06083427446328,,2024-05-01,361,0 days 00:30:00,9,3,False,False,,,,Free
2024-05-01 10:15:00,2.320902014510001,9.6,4.23061487779741,41,204,90.5,122.5,4,5.0,564,2024-05-01 10:15:00,2024-05-01 10:15:00,31.09000000000443,-96.77000094944084,,2024-05-01,368,0 days 00:30:00,10,3,False,False,,,,Free
2024-05-01 10:30:00,22.029250206174567,13.15955,381.1441976122281,42,232,210.3247536265434,40.57979757254865,369,5.0,621,2024-05-01 10:30:00,2024-05-01 10:30:00,29.891752463738808,-97.58920295030572,,2024-05-01,437,0 days 00:30:00,12,5,False,False,,,,Free
2024-05-01 10:30:00,11.439380025941436,23.5,102.77674450107268,42,235,208.2539414563076,395.2592342497321,96,5.0,623,2024-05-01 10:30:00,2024-05-01 10:30:00,29.91246058544117,-94.0424086848874,,2024-05-01,523,0 days 00:00:00,13,4,False,False,,,,Free
2024-05-01 10:30:00,14.436776359026217,11.621052,163.69308705683522,42,240,267.8108108243847,29.741653436142148,152,5.0,627,2024-05-01 10:30:00,2024-05-01 10:30:00,29.316891891760303,-97.69758438857264,,2024-05-01,527,0 days 00:00:00,14,3,False,False,,,,Free
2024-05-01 10:45:00,,,,43,214,206.1416354427925,42.96211833803735,523,5.0,673,2024-05-01 10:45:00,2024-05-01 10:45:00,29.933583645576324,-97.56537974333162,,2024-05-01,437,0 days 00:45:00,12,5,False,False,,,,Free
2024-05-01 10:45:00,12.131906441410672,25.066668,115.59737875857152,43,220,206.3691868553421,401.5803480996896,109,5.0,678,2024-05-01 10:45:00,2024-05-01 10:45:00,29.931308131450827,-93.97919754819418,,2024-05-01,523,0 days 00:15:00,13,4,False,False,,,,Free
2024-05-01 10:45:00,4.8129985431104485,10.729412,18.19371309332187,43,221,205.13757700748184,381.37782341184106,17,5.0,679,2024-05-01 10:45:00,2024-05-01 10:45:00,29.94362422992943,-94.18122278929955,,2024-05-01,568,0 days 00:00:00,15,4,False,False,,,,Free
2024-05-01 11:00:00,20.681481562778373,68.66286,335.9333924242114,44,185,170.77968266785774,378.6516570653426,315,5.0,725,2024-05-01 11:00:00,2024-05-01 11:00:00,30.287203173325725,-94.2084844519855,,2024-05-01,604,0 days 00:00:00,16,6,False,False,,,,Free
2024-05-01 11:00:00,14.342614053339055,24.031788,161.5647100607666,44,197,203.8140441029176,407.6775697567653,151,5.0,733,2024-05-01 11:00:00,2024-05-01 11:00:00,29.95685955897508,-93.91822533336574,,2024-05-01,523,0 days 00:30:00,13,4,False,False,,,,Free
2024-05-01 11:00:00,15.5729064333216,68.60224,190.4711613645593,44,198,204.10718890331964,385.6707870553635,179,5.0,734,2024-05-01 11:00:00,2024-05-01 11:00:00,29.953928110971056,-94.13829315409112,,2024-05-01,568,0 days 00:15:00,15,4,False,False,,,,Free
2024-05-01 11:00:00,2.3411202455226148,12.0,4.304644814606271,44,214,261.0,33.49285715015567,4,5.0,745,2024-05-01 11:00:00,2024-05-01 11:00:00,29.38500000000416,-97.66007235250449,,2024-05-01,527,0 days 00:30:00,14,3,False,False,,,,Free
2024-05-01 11:15:00,22.774719035234096,97.734024,407.3764668075422,45,212,169.27778939315718,384.10975758206746,383,5.0,769,2024-05-01 11:15:00,2024-05-01 11:15:00,30.302222106072733,-94.153903448378,,2024-05-01,604,0 days 00:15:00,16,6,False,False,,,,Free
2024-05-01 11:15:00,24.47859113747824,15.447273,470.6116979742911,45,223,199.6938739896117,43.10420293553593,440,5.0,779,2024-05-01 11:15:00,2024-05-01 11:15:00,29.99806126010814,-97.56395889739724,,2024-05-01,437,0 days 01:15:00,12,5,False,False,,,,Free
2024-05-01 11:15:00,20.550686488390145,110.24516,331.6977680205079,45,225,203.1316559052877,392.4336963281491,441,5.0,781,2024-05-01 11:15:00,2024-05-01 11:15:00,29.96368344095137,-94.0706640632958,,2024-05-01,568,0 days 00:30:00,15,4,False,False,,,,Free
2024-05-01 11:15:00,29.327627215563744,309.10144,675.5285929121692,45,260,368.153290628426,374.9051697053238,626,5.0,804,2024-05-01 11:15:00,2024-05-01 11:15:00,28.313467093719733,-94.2459493245151,,2024-05-01,668,0 days 00:00:00,18,3,False,False,,,,Free
2024-05-01 11:30:00,25.09880085368368,89.56551,494.7614193242039,46,183,168.47968809137743,390.2772316062411,465,5.0,819,2024-05-01 11:30:00,2024-05-01 11:30:00,30.31020311909053,-94.09222870989868,,2024-05-01,604,0 days 00:30:00,16,6,False,False,,,,Free
2024-05-01 11:30:00,20.177844269053924,16.18194,319.77124888222,46,191,199.22614081047132,45.46884306599368,302,5.0,826,2024-05-01 11:30:00,2024-05-01 11:30:00,30.002738591899544,-97.54031249676837,,2024-05-01,437,0 days 01:30:00,12,5,False,False,,,,Free
2024-05-01 11:30:00,11.25549941504718,20.64516,99.49916149398145,46,200,201.90572760484343,418.940668686813,94,5.0,833,2024-05-01 11:30:00,2024-05-01 11:30:00,29.97594272395581,-93.80559434728384,,2024-05-01,523,0 days 01:00:00,13,4,False,False,,,,Free
2024-05-01 11:30:00,2.0265714587105963,9.6,3.2256238774885526,46,222,252.0,34.0,3,5.0,851,2024-05-01 11:30:00,2024-05-01 11:30:00,29.475000000004176,-97.65500092415095,,2024-05-01,527,0 days 01:00:00,14,3,False,False,,,,Free
2024-05-01 11:30:00,31.835409171039924,231.21312,795.9957584402096,46,225,364.7479856180326,381.7533272220867,736,5.0,853,2024-05-01 11:30:00,2024-05-01 11:30:00,28.347520143823672,-94.1774677513044,,2024-05-01,668,0 days 00:15:00,18,3,False,False,,,,Free
2024-05-01 11:45:00,28.01250972128036,168.54433,616.3024892916332,47,301,102.31781792970963,402.4988569226465,582,5.0,864,2024-05-01 11:45:00,2024-05-01 11:45:00,30.971821820707312,-93.97001246022704,,2024-05-01,711,0 days 00:00:00,19,6,False,False,,,,Free
2024-05-01 11:45:00,25.07118038066501,120.83974,493.67307847054434,47,307,169.46670294310158,398.1070464198416,464,5.0,869,2024-05-01 11:45:00,2024-05-01 11:45:00,30.30033297057329,-94.01393056400012,,2024-05-01,604,0 days 00:45:00,16,6,False,False,,,,Free
2024-05-01 11:45:00,25.940759664236644,92.40486,528.5124976994463,47,323,202.71959331013727,403.4896289801461,494,5.0,883,2024-05-01 11:45:00,2024-05-01 11:45:00,29.96780406690288,-93.96010473993522,,2024-05-01,568,0 days 01:00:00,15,4,False,False,,,,Free
2024-05-01 11:45:00,3.089200110619521,9.599999,7.495178234851843,47,331,209.875,133.5,8,5.0,890,2024-05-01 11:45:00,2024-05-01 11:45:00,29.89625000000424,-96.66000095258414,,2024-05-01,733,0 days 00:00:00,20,3,False,False,,,,Free
2024-05-01 11:45:00,28.794179085851308,109.87912,651.1773473078335,47,373,361.14601525579474,386.2258888500681,601,5.0,919,2024-05-01 11:45:00,2024-05-01 11:45:00,28.38353984744606,-94.13274213630268,,2024-05-01,668,0 days 00:30:00,18,3,False,False,,,,Free
2024-05-01 12:00:00,27.7219875712891,215.09052,603.58523899174,48,225,103.92041689740267,408.3366618410111,570,5.0,931,2024-05-01 12:00:00,2024-05-01 12:00:00,30.95579583103038,-93.91163441271163,,2024-05-01,711,0 days 00:15:00,19,6,False,False,,,,Free
2024-05-01 12:00:00,26.23633361248521,104.10413,540.6250569831298,48,232,170.97643981759285,407.0501733692079,507,5.0,937,2024-05-01 12:00:00,2024-05-01 12:00:00,30.285235601828376,-93.92449929706204,,2024-05-01,604,0 days 01:00:00,16,6,False,False,,,,Free
2024-05-01 12:00:00,4.2067612715354,10.338461,13.899065944712804,48,245,195.5360230519829,0.933717578854706,13,5.0,948,2024-05-01 12:00:00,2024-05-01 12:00:00,30.039639769484435,-97.98566373891332,,2024-05-01,779,0 days 00:00:00,21,5,False,False,,,,Free
2024-05-01 12:00:00,8.73606525226752,13.885714,59.94067369919027,48,251,207.84820239228108,132.4840213052861,68,5.0,953,2024-05-01 12:00:00,2024-05-01 12:00:00,29.91651797608144,-96.670160739241,,2024-05-01,733,0 days 00:15:00,20,3,False,False,,,,Free
2024-05-01 12:00:00,1.6516902768983592,9.6,2.14262962698667,48,259,215.5,1.0,2,5.0,959,2024-05-01 12:00:00,2024-05-01 12:00:00,29.84000000000423,-97.98500091472084,,2024-05-01,788,0 days 00:00:00,22,3,False,False,,,,Free
2024-05-01 12:00:00,1.6523095698762926,28.8,2.144236664651076,48,267,223.0,0.0966386627017857,2,5.0,966,2024-05-01 12:00:00,2024-05-01 12:00:00,29.76500000000422,-97.99403452783564,,2024-05-01,795,0 days 00:00:00,23,3,False,False,,,,Free
2024-05-01 12:00:00,7.599097561758995,17.599998,45.35382520273739,48,279,295.79894180937305,487.7252456858286,42,5.0,975,2024-05-01 12:00:00,2024-05-01 12:00:00,29.037010581910376,-93.11774859694964,,2024-05-01,802,0 days 00:00:00,24,3,False,False,,,,Free
2024-05-01 12:00:00,4.567358506968093,9.6,16.38400552153201,48,287,416.94444444444446,424.0,18,5.0,983,2024-05-01 12:00:00,2024-05-01 12:00:00,27.825555555559472,-93.75500103559772,,2024-05-01,810,0 days 00:00:00,25,3,False,False,,,,Free
2024-05-01 12:15:00,27.108280035088743,234.5923,577.1567883666727,49,170,105.22432399327198,415.1338023098252,546,5.0,989,2024-05-01 12:15:00,2024-05-01 12:15:00,30.942756760071685,-93.84366300996584,,2024-05-01,711,0 days 00:30:00,19,6,False,False,,,,Free
2024-05-01 12:15:00,26.31437868245348,109.85411,543.8462293343182,49,173,173.77906243849523,417.2194679546476,512,5.0,992,2024-05-01 12:15:00,2024-05-01 12:15:00,30.257209375619347,-93.82280635411364,,2024-05-01,604,0 days 01:15:00,16,6,False,False,,,,Free
2024-05-01 12:15:00,5.594758622476284,18.782608,24.58400241588749,49,183,192.8063091479233,0.4744479527155664,23,5.0,1000,2024-05-01 12:15:00,2024-05-01 12:15:00,30.06693690852504,-97.99025643504348,,2024-05-01,779,0 days 00:15:00,21,5,False,False,,,,Free
2024-05-01 12:15:00,2.3346127392460567,9.6,4.280747220574018,49,189,204.66666666666663,130.0,6,5.0,1005,2024-05-01 12:15:00,2024-05-01 12:15:00,29.948333333337583,-96.695000951584,,2024-05-01,733,0 days 00:30:00,20,3,False,False,,,,Free
2024-05-01 12:15:00,6.288193957031707,18.206898,31.05572977587245,49,190,211.9321148858872,0.7942558869117414,29,5.0,1006,2024-05-01 12:15:00,2024-05-01 12:15:00,29.875678851145366,-97.98705835579295,,2024-05-01,788,0 days 00:15:00,22,3,False,False,,,,Free
2024-05-01 12:15:00,1.652020769821658,9.6,2.143487166423046,49,197,219.5,0.0,2,5.0,1012,2024-05-01 12:15:00,2024-05-01 12:15:00,29.800000000004225,-97.99500091443508,,2024-05-01,795,0 days 00:15:00,23,3,False,False,,,,Free
2024-05-01 12:15:00,9.880455899880284,28.664787,76.67324596785525,49,211,296.532079515207,491.6369479980066,71,5.0,1024,2024-05-01 12:15:00,2024-05-01 12:15:00,29.02967920485204,-93.07863157494567,,2024-05-01,802,0 days 00:15:00,24,3,False,False,,,,Free
2024-05-01 12:15:00,2.3584850841882763,9.6,4.368739500229382,49,219,417.0,428.8333333333333,6,5.0,1032,2024-05-01 12:15:00,2024-05-01 12:15:00,27.82500000000392,-93.70666770364556,,2024-05-01,810,0 days 00:15:00,25,3,False,False,,,,Free
2024-05-01 12:30:00,27.9412334408875,145.98964,613.1701842174249,50,201,105.1031298655696,419.943385641437,579,5.0,1038,2024-05-01 12:30:00,2024-05-01 12:30:00,30.94396870134871,-93.79556717802416,,2024-05-01,711,0 days 00:45:00,19,6,False,False,,,,Free
2024-05-01 12:30:00,2.020100850625524,9.6,3.205058673815212,50,213,188.0,0.0,3,5.0,1050,2024-05-01 12:30:00,2024-05-01 12:30:00,30.11500000000428,-97.99500091443508,,2024-05-01,779,0 days 00:30:00,21,5,False,False,,,,Free
2024-05-01 12:30:00,2.861097780164424,16.0,6.429175516508542,50,225,217.6454545428273,0.575757571378906,6,5.0,1059,2024-05-01 12:30:00,2024-05-01 12:30:00,29.81854545457596,-97.98924333888584,,2024-05-01,795,0 days 00:30:00,23,3,False,False,,,,Free
2024-05-01 12:30:00,6.6336980765214815,29.100002,34.56219244242696,50,243,298.40326763333724,496.579616171429,32,5.0,1074,2024-05-01 12:30:00,2024-05-01 12:30:00,29.01096732367073,-93.02920489462387,,2024-05-01,802,0 days 00:30:00,24,3,False,False,,,,Free
2024-05-01 12:30:00,4.412677189377552,9.599999,15.293053108638048,50,257,418.0,435.3571428571428,14,5.0,1084,2024-05-01 12:30:00,2024-05-01 12:30:00,27.81500000000392,-93.64142961027176,,2024-05-01,810,0 days 00:30:00,25,3,False,False,,,,Free
2024-05-01 12:45:00,25.282953368836285,85.42784,502.04828595997714,51,280,105.17069126617706,425.1022920439209,476,5.0,1092,2024-05-01 12:45:00,2024-05-01 12:45:00,30.943293087342635,-93.74397811547352,,2024-05-01,711,0 days 01:00:00,19,6,False,False,,,,Free
2024-05-01 12:45:00,3.088757092965826,10.971428,7.493028643978485,51,308,207.2200956959632,1.7799043040368254,7,5.0,1113,2024-05-01 12:45:00,2024-05-01 12:45:00,29.922799043044613,-97.97720187190332,,2024-05-01,788,0 days 00:45:00,22,3,False,False,,,,Free
2024-05-01 12:45:00,1.6530094374398934,9.6,2.146053514881764,51,322,231.5,65.0,2,5.0,1121,2024-05-01 12:45:00,2024-05-01 12:45:00,29.68000000000421,-97.34500093300954,,2024-05-01,921,0 days 00:00:00,27,3,False,False,,,,Free
2024-05-01 12:45:00,2.3401119957213643,9.6,4.300937851924851,51,333,252.25,61.25,4,5.0,1130,2024-05-01 12:45:00,2024-05-01 12:45:00,29.47250000000417,-97.38250093193795,,2024-05-01,929,0 days 00:00:00,28,3,False,False,,,,Free
2024-05-01 12:45:00,45.46339390701807,248.14178,1623.355317615911,51,346,307.44556876930983,401.641063150276,1503,5.0,1139,2024-05-01 12:45:00,2024-05-01 12:45:00,28.92054431231099,-93.97859039770566,,2024-05-01,937,0 days 00:00:00,29,8,False,False,,,,Free
2024-05-01 13:00:00,23.33821759177673,42.106934,427.7847028969008,52,236,104.85103822976151,431.15314950890905,405,5.0,1158,2024-05-01 13:00:00,2024-05-01 13:00:00,30.946489617706792,-93.68346954255276,,2024-05-01,711,0 days 01:15:00,19,6,False,False,,,,Free
2024-05-01 13:00:00,2.332552506966478,9.6,4.273195268127885,52,261,187.5,3.0,4,5.0,1175,2024-05-01 13:00:00,2024-05-01 13:00:00,30.120000000004275,-97.96500091529236,,2024-05-01,779,0 days 01:00:00,21,5,False,False,,,,Free
2024-05-01 13:00:00,1.6528449522526631,9.6,2.145626443573389,52,275,229.5,67.0,2,5.0,1187,2024-05-01 13:00:00,2024-05-01 13:00:00,29.70000000000421,-97.32500093358108,,2024-05-01,921,0 days 00:15:00,27,3,False,False,,,,Free
2024-05-01 13:00:00,17.512641013019017,14.528572,240.8758010376348,52,287,253.52583557820435,62.08304628664459,227,5.0,1195,2024-05-01 13:00:00,2024-05-01 13:00:00,29.45974164422213,-97.37417046930956,,2024-05-01,929,0 days 00:15:00,28,3,False,False,,,,Free
2024-05-01 13:00:00,49.266125844001614,347.20636,1906.2800599567129,52,297,307.8016857192443,406.2347746985494,1767,5.0,1202,2024-05-01 13:00:00,2024-05-01 13:00:00,28.916983142811645,-93.9326532835356,,2024-05-01,937,0 days 00:15:00,29,8,False,False,,,,Free
2024-05-01 13:15:00,10.56091039123924,13.580486,87.59767849889087,53,267,187.56509920059207,2.8698015988158367,89,5.0,1233,2024-05-01 13:15:00,2024-05-01 13:15:00,30.119349007998355,-97.96630289926702,,2024-05-01,779,0 days 01:15:00,21,5,False,False,,,,Free
2024-05-01 13:15:00,49.30630094938664,377.0582,1909.3903604896,53,303,309.53452030354043,412.8641343663164,1767,5.0,1262,2024-05-01 13:15:00,2024-05-01 13:15:00,28.899654796968683,-93.86635968875235,,2024-05-01,937,0 days 00:30:00,29,8,False,False,,,,Free
2024-05-01 13:30:00,12.921949293774906,70.55609,131.14325127690043,54,215,167.7024045784874,433.2974963051054,124,5.0,1283,2024-05-01 13:30:00,2024-05-01 13:30:00,30.317975954219435,-93.66202607520351,,2024-05-01,1061,0 days 00:00:00,31,3,False,False,,,,Free
2024-05-01 13:30:00,3.298894366631528,10.8,8.547255767536548,54,222,188.6034482723184,56.6034482723184,8,5.0,1289,2024-05-01 13:30:00,2024-05-01 13:30:00,30.10896551728109,-97.42896644788698,,2024-05-01,1066,0 days 00:00:00,32,3,False,False,,,,Free
2024-05-01 13:30:00,3.8763439212678494,9.599999,11.801425943831854,54,251,229.9090909090909,67.36363636363636,11,5.0,1310,2024-05-01 13:30:00,2024-05-01 13:30:00,29.6959090909133,-97.32136457004862,,2024-05-01,921,0 days 00:45:00,27,3,False,False,,,,Free
2024-05-01 13:30:00,1.6549333768404344,9.6,2.151052009895092,54,261,255.0,62.5,2,5.0,1317,2024-05-01 13:30:00,2024-05-01 13:30:00,29.44500000000417,-97.37000093229516,,2024-05-01,929,0 days 00:45:00,28,3,False,False,,,,Free
2024-05-01 13:30:00,51.18180446449211,406.40338,2057.411049690877,54,266,309.68113824954327,419.8610332711916,1907,5.0,1321,2024-05-01 13:30:00,2024-05-01 13:30:00,28.89818861750865,-93.79639070170305,,2024-05-01,937,0 days 00:45:00,29,8,False,False,,,,Free
2024-05-01 13:45:00,13.283404701718128,58.781544,138.5825952384546,55,161,167.05884206039943,437.7961840351389,130,5.0,1330,2024-05-01 13:45:00,2024-05-01 13:45:00,30.32441157940032,-93.61703919918877,,2024-05-01,1061,0 days 00:15:00,31,3,False,False,,,,Free
2024-05-01 13:45:00,18.8429091465614,11.512643,278.85972170257986,55,167,189.3117812521049,53.12414926790282,262,5.0,1335,2024-05-01 13:45:00,2024-05-01 13:45:00,30.101882187483223,-97.46375943693688,,2024-05-01,1066,0 days 00:15:00,32,3,False,False,,,,Free
2024-05-01 13:45:00,54.21192979840821,373.6311,2308.232841667548,55,196,311.1226351034474,426.8519403517159,2135,5.0,1359,2024-05-01 13:45:00,2024-05-01 13:45:00,28.88377364896961,-93.72648163289556,,2024-05-01,937,0 days 01:00:00,29,8,False,False,,,,Free
2024-05-01 14:00:00,,,,56,162,167.14288009101395,442.9402121363362,132,5.0,1371,2024-05-01 14:00:00,2024-05-01 14:00:00,30.323571199094168,-93.56559891964672,,2024-05-01,1061,0 days 00:30:00,31,3,False,False,,,,Free
2024-05-01 14:00:00,57.48996508747517,300.2309,2595.816395607302,56,201,311.09979074734184,431.71291868833856,2401,5.0,1400,2024-05-01 14:00:00,2024-05-01 14:00:00,28.884002092530665,-93.6778718509184,,2024-05-01,937,0 days 01:15:00,29,8,False,False,,,,Free
2024-05-01 14:15:00,3.5003517849148147,10.666667,9.623061637395873,57,172,195.7446043220997,44.41366906783317,10,5.0,1419,2024-05-01 14:15:00,2024-05-01 14:15:00,30.037553956783267,-97.55086423644843,,2024-05-01,1066,0 days 00:45:00,32,3,False,False,,,,Free
2024-05-01 14:15:00,59.664366699793256,224.35266,2795.8891698010007,57,199,310.9403999583214,434.6527751207523,2588,5.0,1438,2024-05-01 14:15:00,2024-05-01 14:15:00,28.88559600042087,-93.64847328743434,,2024-05-01,937,0 days 01:30:00,29,8,False,False,,,,Free
2024-05-01 14:30:00,6.081733196056906,18.133335,29.04989781456563,58,259,258.5843203718583,491.0637337932256,27,5.0,1478,2024-05-01 14:30:00,2024-05-01 14:30:00,29.409156796285583,-93.08436371682969,,2024-05-01,1220,0 days 00:00:00,33,3,False,False,,,,Free
2024-05-01 14:30:00,63.12262673439673,134.35023,3129.3922831141385,58,261,309.2277467621143,438.0619579668934,2898,5.0,1479,2024-05-01 14:30:00,2024-05-01 14:30:00,28.902722532382946,-93.61438145994714,,2024-05-01,937,0 days 01:45:00,29,8,False,False,,,,Free
2024-05-01 14:45:00,2.0127502529217454,12.8,3.181776435854576,59,245,117.0,39.0,3,5.0,1490,2024-05-01 14:45:00,2024-05-01 14:45:00,30.825000000004387,-97.60500092557976,,2024-05-01,1230,0 days 00:00:00,34,3,False,False,,,,Free
2024-05-01 14:45:00,8.75895455225999,39.942852,60.25518541722156,59,308,257.1271068886147,492.99139001679634,95,5.0,1534,2024-05-01 14:45:00,2024-05-01 14:45:00,29.42372893111802,-93.0650871551448,,2024-05-01,1220,0 days 00:15:00,33,3,False,False,,,,Free
2024-05-01 14:45:00,62.77644745086998,102.42013,3095.1617634304266,59,310,313.85314596802607,448.7591545262587,2863,5.0,1536,2024-05-01 14:45:00,2024-05-01 14:45:00,28.856468540323817,-93.50740949741032,,2024-05-01,1268,0 days 00:00:00,35,3,False,False,,,,Free
2024-05-01 15:00:00,2.0127502529217454,16.0,3.1817764358545766,60,301,117.0,39.0,3,5.0,1550,2024-05-01 15:00:00,2024-05-01 15:00:00,30.825000000004387,-97.60500092557976,,2024-05-01,1230,0 days 00:15:00,34,3,False,False,,,,Free
2024-05-01 15:00:00,2.607595619086582,9.6,5.340357940338603,60,332,185.4,3.8,5,5.0,1572,2024-05-01 15:00:00,2024-05-01 15:00:00,30.14100000000428,-97.95700091552096,,2024-05-01,1299,0 days 00:00:00,36,3,False,False,,,,Free
2024-05-01 15:00:00,5.732633722791629,19.6,25.810610058080965,60,364,254.449200906966,496.2785387950883,24,5.0,1596,2024-05-01 15:00:00,2024-05-01 15:00:00,29.45050799093451,-93.0322156683012,,2024-05-01,1220,0 days 00:30:00,33,3,False,False,,,,Free
2024-05-01 15:00:00,56.2254228384446,119.746925,2482.877779310135,60,370,312.71680787566726,448.65192549135486,2295,5.0,1601,2024-05-01 15:00:00,2024-05-01 15:00:00,28.867831921247408,-93.50848178772873,,2024-05-01,1268,0 days 00:15:00,35,3,False,False,,,,Free
2024-05-01 15:15:00,,,,61,316,72.5,13.5,2,5.0,1616,2024-05-01 15:15:00,2024-05-01 15:15:00,31.27000000000446,-97.86000091829284,,2024-05-01,1337,0 days 00:00:00,37,3,False,False,,,,Free
2024-05-01 15:15:00,3.486367193643276,10.666667,9.546323203023288,61,344,118.08273381356663,40.820143898465936,10,5.0,1636,2024-05-01 15:15:00,2024-05-01 15:15:00,30.81417266186872,-97.58679948711524,,2024-05-01,1230,0 days 00:30:00,34,3,False,False,,,,Free
2024-05-01 15:15:00,48.3766392073349,120.30794,1838.0667099712496,61,396,310.5936301662062,449.6078042283448,1699,5.0,1682,2024-05-01 15:15:00,2024-05-01 15:15:00,28.88906369834202,-93.49892300063198,,2024-05-01,1268,0 days 00:30:00,35,3,False,False,,,,Free
2024-05-01 15:30:00,9.698276456718448,15.222855,73.87185437325022,62,249,69.61347121949379,9.371156993203083,70,5.0,1706,2024-05-01 15:30:00,2024-05-01 15:30:00,31.298865287809523,-97.90128934718098,,2024-05-01,1337,0 days 00:15:00,37,3,False,False,,,,Free
2024-05-01 15:30:00,5.712345066465117,13.2,25.62823805881373,62,284,183.35873983577324,4.101626009759557,24,5.0,1737,2024-05-01 15:30:00,2024-05-01 15:30:00,30.16141260164655,-97.95398465550954,,2024-05-01,1299,0 days 00:30:00,36,3,False,False,,,,Free
2024-05-01 15:30:00,17.53168973924872,72.72857,241.4000934735424,62,302,274.1003216883556,435.0818789042396,224,5.0,1749,2024-05-01 15:30:00,2024-05-01 15:30:00,29.253996783120584,-93.64418224972212,,2024-05-01,1447,0 days 00:00:00,38,3,False,False,,,,Free
2024-05-01 15:45:00,8.656203342110928,36.342857,58.84977152163306,63,226,30.68020415855345,91.3294496136682,60,5.0,1760,2024-05-01 15:45:00,2024-05-01 15:45:00,31.688197958418986,-97.0817064443968,,2024-05-01,1457,0 days 00:00:00,39,4,False,False,,,,Free
2024-05-01 15:45:00,2.838531038903547,19.2,6.32815599557488,63,235,64.45070421904599,5.720657278571835,6,5.0,1769,2024-05-01 15:45:00,2024-05-01 15:45:00,31.35049295781401,-97.93779434328412,,2024-05-01,1337,0 days 00:30:00,37,3,False,False,,,,Free
2024-05-01 15:45:00,1.6488621497680702,9.6,2.1352984206151784,63,267,181.5,0.0,2,5.0,1792,2024-05-01 15:45:00,2024-05-01 15:45:00,30.180000000004284,-97.99500091443508,,2024-05-01,1299,0 days 00:45:00,36,3,False,False,,,,Free
2024-05-01 15:45:00,15.181614756087992,49.257145,181.0196891506456,63,286,271.8620615816941,437.47156772271,168,5.0,1807,2024-05-01 15:45:00,2024-05-01 15:45:00,29.276379384187205,-93.62028536222029,,2024-05-01,1447,0 days 00:15:00,38,3,False,False,,,,Free
2024-05-01 16:00:00,10.670126040717587,33.195183,89.41882946973736,64,362,271.3427912473362,441.03187768776087,83,5.0,1881,2024-05-01 16:00:00,2024-05-01 16:00:00,29.281572087530783,-93.58468226358718,,2024-05-01,1447,0 days 00:30:00,38,3,False,False,,,,Free
2024-05-01 16:15:00,7.400970771157375,14.04878,43.019688307685264,65,244,15.536388148199023,82.88679246495543,41,5.0,1890,2024-05-01 16:15:00,2024-05-01 16:15:00,31.83963611852256,-97.16613301347132,,2024-05-01,1457,0 days 00:30:00,39,4,False,False,,,,Free
2024-05-01 16:15:00,4.813083945234197,9.6,18.19435875963916,65,298,205.4814814814815,195.25925925925927,27,5.0,1929,2024-05-01 16:15:00,2024-05-01 16:15:00,29.940185185189435,-96.04240837763996,,2024-05-01,1602,0 days 00:00:00,41,3,False,False,,,,Free
2024-05-01 16:15:00,2.614559160037692,13.440001,5.368918700022697,65,309,238.30341879993543,91.19658120006456,6,5.0,1936,2024-05-01 16:15:00,2024-05-01 16:15:00,29.611965812004843,-97.08303512849488,,2024-05-01,1608,0 days 00:00:00,42,4,False,False,,,,Free
2024-05-01 16:30:00,7.836622701423748,9.808697,48.23338673261521,66,302,9.644665462329588,77.70343580976923,46,5.0,1946,2024-05-01 16:30:00,2024-05-01 16:30:00,31.89855334538126,-97.21796657854202,,2024-05-01,1457,0 days 00:45:00,39,4,False,False,,,,Free
2024-05-01 16:30:00,2.01470040790562,12.8,3.18794507317895,66,347,135.80341879993546,33.606837599870886,3,5.0,1984,2024-05-01 16:30:00,2024-05-01 16:30:00,30.636965812005,-97.6589325480399,,2024-05-01,1647,0 days 00:00:00,43,3,False,False,,,,Free
2024-05-01 16:30:00,12.569061350309587,13.737931,124.07822540628584,66,360,200.379316989464,197.0071387108902,121,5.0,1993,2024-05-01 16:30:00,2024-05-01 16:30:00,29.99120683010961,-96.02492958362312,,2024-05-01,1602,0 days 00:15:00,41,3,False,False,,,,Free
2024-05-01 16:30:00,4.961285214860688,37.33333,19.332066055421738,66,382,240.8188799851787,0.6720000060546875,19,5.0,2007,2024-05-01 16:30:00,2024-05-01 16:30:00,29.586811200152408,-97.9882809145666,,2024-05-01,1667,0 days 00:00:00,44,3,False,False,,,,Free
2024-05-01 16:45:00,1.6335447793725992,9.6,2.095810295281492,67,511,4.0,74.5,2,5.0,2017,2024-05-01 16:45:00,2024-05-01 16:45:00,31.955000000004564,-97.2500009357243,,2024-05-01,1457,0 days 01:00:00,39,4,False,False,,,,Free
2024-05-01 16:45:00,13.30833514907423,15.682442,139.1032702152872,67,600,128.54295044214834,31.96251596239887,133,5.0,2084,2024-05-01 16:45:00,2024-05-01 16:45:00,30.709570495582884,-97.67537576394471,,2024-05-01,1647,0 days 00:15:00,43,3,False,False,,,,Free
2024-05-01 16:45:00,12.510996204966652,18.031305,122.93446797809568,67,649,194.2401543330706,197.6185470941348,116,5.0,2112,2024-05-01 16:45:00,2024-05-01 16:45:00,30.05259845667356,-96.0188154999654,,2024-05-01,1602,0 days 00:30:00,41,3,False,False,,,,Free
2024-05-01 16:45:00,8.180262325936491,17.240816,52.55624677841335,67,659,227.8916305336798,97.231743911208,49,5.0,2121,2024-05-01 16:45:00,2024-05-01 16:45:00,29.71608369466741,-97.02268350310806,,2024-05-01,1608,0 days 00:30:00,42,4,False,False,,,,Free
2024-05-01 16:45:00,1.6532148824591877,9.6,2.1465869944787506,67,667,234.0,0.5,2,5.0,2126,2024-05-01 16:45:00,2024-05-01 16:45:00,29.655000000004204,-97.990000914578,,2024-05-01,1667,0 days 00:15:00,44,3,False,False,,,,Free
2024-05-01 17:00:00,15.635335166080989,26.148071,192.0013455178522,68,581,118.6457127876528,30.779463123521616,183,5.0,2184,2024-05-01 17:00:00,2024-05-01 17:00:00,30.80854287212785,-97.68720629199544,,2024-05-01,1647,0 days 00:30:00,43,3,False,False,,,,Free
2024-05-01 17:00:00,1.16194083483263,9.6,1.0603711683588772,68,585,114.5,42.5,2,5.0,2187,2024-05-01 17:00:00,2024-05-01 17:00:00,30.8500000000044,-97.57000092657997,,2024-05-01,1829,0 days 00:00:00,47,4,False,False,,,,Free
2024-05-01 17:00:00,2.325452540281543,43.2,4.247220830881987,68,600,128.0,70.06544502323707,4,5.0,2197,2024-05-01 17:00:00,2024-05-01 17:00:00,30.71500000000437,-97.29434648422466,,2024-05-01,1837,0 days 00:00:00,48,3,False,False,,,,Free
2024-05-01 17:00:00,11.293872142348691,14.910638,100.17875151234868,68,630,164.21790215071883,117.36487930636974,95,5.0,2217,2024-05-01 17:00:00,2024-05-01 17:00:00,30.352820978497125,-96.82135215490968,,2024-05-01,1852,0 days 00:00:00,49,3,False,False,,,,Free
2024-05-01 17:00:00,,,,68,649,220.44421486714447,95.02410467507606,36,5.0,2227,2024-05-01 17:00:00,2024-05-01 17:00:00,29.79055785133278,-97.04475989483848,,2024-05-01,1608,0 days 00:45:00,42,4,False,False,,,,Free
2024-05-01 17:00:00,2.0236913312703115,9.6,3.216461993497417,68,652,223.3333333333333,281.6666666666667,3,5.0,2229,2024-05-01 17:00:00,2024-05-01 17:00:00,29.761666666670887,-95.17833432825772,,2024-05-01,1862,0 days 00:00:00,50,3,False,False,,,,Free
2024-05-01 17:00:00,1.652680349970608,9.6,2.1451991107824884,68,655,227.5,2.0,2,5.0,2230,2024-05-01 17:00:00,2024-05-01 17:00:00,29.72000000000421,-97.9750009150066,,2024-05-01,1667,0 days 00:30:00,44,3,False,False,,,,Free
2024-05-01 17:15:00,11.198788219022475,13.52258,98.4990280054511,69,507,104.12715714122066,43.81039965101239,108,5.0,2291,2024-05-01 17:15:00,2024-05-01 17:15:00,30.9537284285922,-97.55689693044428,,2024-05-01,1829,0 days 00:15:00,47,4,False,False,,,,Free
2024-05-01 17:15:00,6.77070371110053,11.858824,36.00455934083153,69,510,102.44596911911172,0.971698121695214,34,5.0,2294,2024-05-01 17:15:00,2024-05-01 17:15:00,30.97054030881329,-97.9852839334958,,2024-05-01,1915,0 days 00:00:00,51,3,False,False,,,,Free
2024-05-01 17:15:00,1.6514420996015076,9.6,2.1419857870527523,69,572,212.5,93.0,2,5.0,2330,2024-05-01 17:15:00,2024-05-01 17:15:00,29.87000000000424,-97.06500094101084,,2024-05-01,1608,0 days 01:00:00,42,4,False,False,,,,Free
2024-05-01 17:15:00,1.6521445870007607,9.6,2.1438084825771533,69,580,221.0,282.5,2,5.0,2338,2024-05-01 17:15:00,2024-05-01 17:15:00,29.785000000004224,-95.17000099516258,,2024-05-01,1862,0 days 00:15:00,50,3,False,False,,,,Free
2024-05-01 17:15:00,2.613286242407423,13.440001,5.363692176381793,69,584,228.2085308196107,90.10900474147856,5,5.0,2341,2024-05-01 17:15:00,2024-05-01 17:15:00,29.712914691808106,-97.09391089276994,,2024-05-01,1954,0 days 00:00:00,52,4,False,False,,,,Free
2024-05-01 17:30:00,1.6378663105408842,9.6,2.106913865735137,70,405,52.5,117.5,4,5.0,2362,2024-05-01 17:30:00,2024-05-01 17:30:00,31.47000000000449,-96.82000094801197,,2024-05-01,1973,0 days 00:00:00,53,3,False,False,,,,Free
2024-05-01 17:30:00,6.249315974684564,14.234485,30.672900722362503,70,431,91.40590657369373,44.29601650259954,32,5.0,2380,2024-05-01 17:30:00,2024-05-01 17:30:00,31.08094093426749,-97.55204076206718,,2024-05-01,1829,0 days 00:30:00,47,4,False,False,,,,Free
2024-05-01 17:30:00,,,,70,438,94.4606299149775,2.173228355325881,20,5.0,2385,2024-05-01 17:30:00,2024-05-01 17:30:00,31.05039370085465,-97.97326863150283,,2024-05-01,1915,0 days 00:15:00,51,3,False,False,,,,Free
2024-05-01 17:30:00,,,,70,450,108.23283336223857,71.98099324047078,139,5.0,2391,2024-05-01 17:30:00,2024-05-01 17:30:00,30.91267166638201,-97.27519100259974,,2024-05-01,1837,0 days 00:30:00,48,3,False,False,,,,Free
2024-05-01 17:30:00,3.073198339280875,27.428574,7.417730678890609,70,461,109.0636942538196,128.0904458625345,7,5.0,2396,2024-05-01 17:30:00,2024-05-01 17:30:00,30.9043630574662,-96.71409649241298,,2024-05-01,2002,0 days 00:00:00,54,3,False,False,,,,Free
2024-05-01 17:30:00,19.060921667147387,23.319405,285.34986704069115,70,489,150.30727292095668,113.13483379123362,269,5.0,2413,2024-05-01 17:30:00,2024-05-01 17:30:00,30.49192727079477,-96.86365260885223,,2024-05-01,1852,0 days 00:30:00,49,3,False,False,,,,Free
2024-05-01 17:30:00,26.648486033535058,109.64597,557.7440716603131,70,492,188.31328397328332,248.5450781052733,522,5.0,2416,2024-05-01 17:30:00,2024-05-01 17:30:00,30.11186716027144,-95.50955020440682,,2024-05-01,2018,0 days 00:00:00,55,6,False,False,,,,Free
2024-05-01 17:30:00,3.09023943603777,9.599999,7.500222414180021,70,503,216.8571428571429,283.57142857142856,7,5.0,2423,2024-05-01 17:30:00,2024-05-01 17:30:00,29.826428571432803,-95.15928670975444,,2024-05-01,1862,0 days 00:30:00,50,3,False,False,,,,Free
2024-05-01 17:30:00,5.841504651643263,11.520001,26.80028022713321,70,505,221.5691057171719,87.85714286505454,27,5.0,2425,2024-05-01 17:30:00,2024-05-01 17:30:00,29.779308942832504,-97.11642951089068,,2024-05-01,1954,0 days 00:15:00,52,4,False,False,,,,Free
2024-05-01 17:45:00,2.0055395694545672,9.6,3.1590198256720323,71,298,49.0,116.0,3,5.0,2436,2024-05-01 17:45:00,2024-05-01 17:45:00,31.505000000004493,-96.83500094758335,,2024-05-01,1973,0 days 00:15:00,53,3,False,False,,,,Free
2024-05-01 17:45:00,15.821254601502256,76.129036,196.5946613899916,71,317,83.96728646506985,242.52470146223,186,5.0,2448,2024-05-01 17:45:00,2024-05-01 17:45:00,31.15532713535374,-95.56975396911685,,2024-05-01,2044,0 days 00:00:00,56,6,False,False,,,,Free
2024-05-01 17:45:00,1.6402171592639168,9.6,2.112966362589205,71,318,80.0,42.5,2,5.0,2449,2024-05-01 17:45:00,2024-05-01 17:45:00,31.195000000004445,-97.57000092657997,,2024-05-01,1829,0 days 00:45:00,47,4,False,False,,,,Free
2024-05-01 17:45:00,1.640736642072295,9.6,2.1143049945080192,71,321,86.0,2.5,2,5.0,2452,2024-05-01 17:45:00,2024-05-01 17:45:00,31.135000000004435,-97.97000091514953,,2024-05-01,1915,0 days 00:30:00,51,3,False,False,,,,Free
2024-05-01 17:45:00,15.00295303362494,23.683834,176.78417282898235,71,330,98.40054448340676,72.29573722558756,181,5.0,2456,2024-05-01 17:45:00,2024-05-01 17:45:00,31.01099455517035,-97.27204356283852,,2024-05-01,1837,0 days 00:45:00,48,3,False,False,,,,Free
2024-05-01 17:45:00,8.689752036029283,26.914286,59.30682153245699,71,333,103.6408083432164,129.11522166850935,56,5.0,2459,2024-05-01 17:45:00,2024-05-01 17:45:00,30.95859191657224,-96.7038487346461,,2024-05-01,2002,0 days 00:15:00,54,3,False,False,,,,Free
2024-05-01 17:45:00,21.67874218968651,32.47954,369.1118963986062,71,354,143.68324354851933,113.4597814732938,347,5.0,2474,2024-05-01 17:45:00,2024-05-01 17:45:00,30.558167564519152,-96.86040313212452,,2024-05-01,1852,0 days 00:45:00,49,3,False,False,,,,Free
2024-05-01 17:45:00,23.641076284271,131.99417,438.959416701885,71,364,184.4173190317594,252.20053801089364,411,5.0,2482,2024-05-01 17:45:00,2024-05-01 17:45:00,30.150826809686688,-95.47299560639522,,2024-05-01,2018,0 days 00:15:00,55,6,False,False,,,,Free
2024-05-01 17:45:00,2.859951295294924,9.599999,6.42402401439741,71,374,209.28571428571428,81.57142857142857,7,5.0,2488,2024-05-01 17:45:00,2024-05-01 17:45:00,29.9021428571471,-97.17928665203073,,2024-05-01,2072,0 days 00:00:00,57,3,False,False,,,,Free
2024-05-01 17:45:00,1.6515662243503817,9.6,2.1423077885806143,71,376,214.0,84.5,2,5.0,2490,2024-05-01 17:45:00,2024-05-01 17:45:00,29.855000000004235,-97.15000093858193,,2024-05-01,1954,0 days 00:30:00,52,4,False,False,,,,Free
2024-05-01 18:00:00,3.2744627539270548,9.6,8.42112261686451,72,294,46.34870315418824,116.12680115947,13,5.0,2508,2024-05-01 18:00:00,2024-05-01 18:00:00,31.53151296846261,-96.83373293602487,,2024-05-01,1973,0 days 00:30:00,53,3,False,False,,,,Free
2024-05-01 18:00:00,4.632616371047567,9.6,16.85553557462111,72,298,54.04545454545455,213.3181818181818,22,5.0,2509,2024-05-01 18:00:00,2024-05-01 18:00:00,31.45454545454994,-95.8618191572113,,2024-05-01,2090,0 days 00:00:00,58,3,False,False,,,,Free
2024-05-01 18:00:00,18.845243615961373,76.61818,278.9288224776301,72,303,79.33753280077198,244.85001484389684,264,5.0,2512,2024-05-01 18:00:00,2024-05-01 18:00:00,31.20162467199673,-95.54650083596472,,2024-05-01,2044,0 days 00:15:00,56,6,False,False,,,,Free
2024-05-01 18:00:00,7.958600012315054,13.072341,49.74658100899304,72,320,96.8433445681446,130.22777512791885,55,5.0,2524,2024-05-01 18:00:00,2024-05-01 18:00:00,31.02656655432297,-96.69272320036993,,2024-05-01,2002,0 days 00:30:00,54,3,False,False,,,,Free
2024-05-01 18:00:00,21.65889827121149,171.65913,368.43646292832034,72,348,182.44183910458824,257.2305634643402,345,5.0,2545,2024-05-01 18:00:00,2024-05-01 18:00:00,30.1705816089584,-95.42269535329814,,2024-05-01,2018,0 days 00:30:00,55,6,False,False,,,,Free
2024-05-01 18:00:00,3.690678384916758,9.6,10.697992374816632,72,354,201.54545454545453,77.72727272727273,11,5.0,2548,2024-05-01 18:00:00,2024-05-01 18:00:00,29.979545454549708,-97.21772820937376,,2024-05-01,2072,0 days 00:15:00,57,3,False,False,,,,Free
2024-05-01 18:00:00,2.334612739240116,9.6,4.280747220552234,72,359,205.0,79.5,4,5.0,2550,2024-05-01 18:00:00,2024-05-01 18:00:00,29.94500000000425,-97.20000093715304,,2024-05-01,1954,0 days 00:45:00,52,4,False,False,,,,Free
2024-05-01 18:15:00,,,,73,257,49.96749116579196,216.5392226503497,49,5.0,2563,2024-05-01 18:15:00,2024-05-01 18:15:00,31.49532508834657,-95.82960874981006,,2024-05-01,2090,0 days 00:15:00,58,3,False,False,,,,Free
2024-05-01 18:15:00,19.264436652100247,141.94783,291.47580363597416,73,261,75.44965818742041,245.91678839075703,276,5.0,2567,2024-05-01 18:15:00,2024-05-01 18:15:00,31.24050341813025,-95.53583310080091,,2024-05-01,2044,0 days 00:30:00,56,6,False,False,,,,Free
2024-05-01 18:15:00,23.111639281954123,180.03053,419.5187563156225,73,307,179.40074434790984,261.33566809786777,393,5.0,2602,2024-05-01 18:15:00,2024-05-01 18:15:00,30.20099255652519,-95.38164430813596,,2024-05-01,2018,0 days 00:45:00,55,6,False,False,,,,Free
2024-05-01 18:15:00,5.217631543124714,9.600001,21.38142742454059,73,314,194.65,73.4,20,5.0,2607,2024-05-01 18:15:00,2024-05-01 18:15:00,30.048500000004264,-97.26100093540992,,2024-05-01,2072,0 days 00:30:00,57,3,False,False,,,,Free
2024-05-01 18:30:00,1.157774902320072,9.6,1.0527812539164163,74,246,47.25,219.75,12,5.0,2620,2024-05-01 18:30:00,2024-05-01 18:30:00,31.52250000000449,-95.79750097723104,,2024-05-01,2090,0 days 00:30:00,58,3,False,False,,,,Free
2024-05-01 18:30:00,20.044426877872787,40.16589,315.556527068094,74,247,69.25051789676314,247.80746504620024,301,5.0,2621,2024-05-01 18:30:00,2024-05-01 18:30:00,31.30249482103683,-95.51692633478676,,2024-05-01,2044,0 days 00:45:00,56,6,False,False,,,,Free
2024-05-01 18:30:00,2.3227900064562435,12.0,4.237500662308792,74,272,106.34285713312578,144.6714285665629,4,5.0,2641,2024-05-01 18:30:00,2024-05-01 18:30:00,30.931571428673145,-96.54828667011088,,2024-05-01,2194,0 days 00:00:00,59,3,False,False,,,,Free
2024-05-01 18:30:00,27.110515666284027,116.70832,577.2519890157115,74,303,175.1689191300242,265.3668792228046,545,5.0,2664,2024-05-01 18:30:00,2024-05-01 18:30:00,30.24331080870405,-95.34133219803851,,2024-05-01,2018,0 days 01:00:00,55,6,False,False,,,,Free
2024-05-01 18:45:00,17.727367810212577,38.317955,246.81888869853464,75,261,64.23016056516964,249.0063251063549,237,5.0,2682,2024-05-01 18:45:00,2024-05-01 18:45:00,31.35269839435277,-95.5049377345278,,2024-05-01,2044,0 days 01:00:00,56,6,False,False,,,,Free
2024-05-01 18:45:00,8.318819048652056,12.611764,54.351713038107576,75,303,163.43024440961884,118.9363543830218,52,5.0,2710,2024-05-01 18:45:00,2024-05-01 18:45:00,30.360697555908125,-96.80563740459225,,2024-05-01,2252,0 days 00:00:00,60,3,False,False,,,,Free
2024-05-01 18:45:00,27.62699810994019,68.00285,599.4559529058588,75,306,171.82951548695956,269.14664590827954,565,5.0,2712,2024-05-01 18:45:00,2024-05-01 18:45:00,30.276704845134702,-95.30353453226388,,2024-05-01,2018,0 days 01:15:00,55,6,False,False,,,,Free
2024-05-01 19:00:00,10.34987959359383,10.92,84.13185723364509,76,259,36.93032094702591,279.0054898692953,80,5.0,2733,2024-05-01 19:00:00,2024-05-01 19:00:00,31.625696790534253,-95.20494609547104,,2024-05-01,2273,0 days 00:00:00,61,3,False,False,,,,Free
2024-05-01 19:00:00,13.005234237180966,19.809526,132.8391960988965,76,266,60.08969710938968,249.92150173724545,128,5.0,2739,2024-05-01 19:00:00,2024-05-01 19:00:00,31.39410302891058,-95.49578596848043,,2024-05-01,2044,0 days 01:15:00,56,6,False,False,,,,Free
2024-05-01 19:00:00,3.8492866452170817,24.436363,11.637250616598273,76,273,93.99175818396024,146.12820513940164,12,5.0,2745,2024-05-01 19:00:00,2024-05-01 19:00:00,31.05508241816482,-96.53371890479876,,2024-05-01,2194,0 days 00:30:00,59,3,False,False,,,,Free
2024-05-01 19:00:00,9.53018315564757,12.89552,71.33330986753195,76,289,154.7844667302355,117.63730954777836,69,5.0,2756,2024-05-01 19:00:00,2024-05-01 19:00:00,30.44715533270197,-96.81862785257346,,2024-05-01,2252,0 days 00:15:00,60,3,False,False,,,,Free
2024-05-01 19:15:00,10.086700608280784,14.1473675,79.90761014436953,77,296,34.96749136809566,86.79459147349367,76,5.0,2808,2024-05-01 19:15:00,2024-05-01 19:15:00,31.64532508632356,-97.12705502450262,,2024-05-01,2338,0 days 00:00:00,62,3,False,False,,,,Free
2024-05-01 19:15:00,5.180410768988346,11.520001,21.07746012635236,77,307,56.71472392593169,43.14417177779507,20,5.0,2816,2024-05-01 19:15:00,2024-05-01 19:15:00,31.427852760745164,-97.56355920898608,,2024-05-01,2345,0 days 00:00:00,63,3,False,False,,,,Free
2024-05-01 19:15:00,2.010083475564051,9.6,3.1733506828646902,77,320,91.25,147.0,4,5.0,2823,2024-05-01 19:15:00,2024-05-01 19:15:00,31.082500000004423,-96.52500095644194,,2024-05-01,2194,0 days 00:45:00,59,3,False,False,,,,Free
2024-05-01 19:15:00,2.327466161997485,9.6,4.254579397602729,77,329,144.75,116.0,4,5.0,2829,2024-05-01 19:15:00,2024-05-01 19:15:00,30.547500000004344,-96.83500094758335,,2024-05-01,2252,0 days 00:30:00,60,3,False,False,,,,Free
2024-05-01 19:30:00,6.33527686727616,11.520001,31.52253097306428,78,132,28.851957967467868,87.9083094584583,33,5.0,2853,2024-05-01 19:30:00,2024-05-01 19:30:00,31.706480420329846,-97.11591784497124,,2024-05-01,2338,0 days 00:15:00,62,3,False,False,,,,Free
2024-05-01 19:30:00,4.171315532737354,9.599999,13.665828512477695,78,138,33.15384615384615,280.38461538461536,13,5.0,2858,2024-05-01 19:30:00,2024-05-01 19:30:00,31.663461538466056,-95.19115484071192,,2024-05-01,2273,0 days 00:30:00,61,3,False,False,,,,Free
2024-05-01 19:30:00,1.6372971393265352,9.6,2.1054497824323053,78,143,46.5,41.0,2,5.0,2862,2024-05-01 19:30:00,2024-05-01 19:30:00,31.5300000000045,-97.58500092615128,,2024-05-01,2380,0 days 00:00:00,64,3,False,False,,,,Free
2024-05-01 19:30:00,,,,78,145,50.5,42.5,2,5.0,2864,2024-05-01 19:30:00,2024-05-01 19:30:00,31.490000000004493,-97.57000092657997,,2024-05-01,2345,0 days 00:15:00,63,3,False,False,,,,Free
2024-05-01 19:45:00,2.3124067013651537,9.6,4.199700499901383,79,179,21.75,90.0,4,5.0,2881,2024-05-01 19:45:00,2024-05-01 19:45:00,31.777500000004537,-97.09500094015355,,2024-05-01,2338,0 days 00:30:00,62,3,False,False,,,,Free
2024-05-01 19:45:00,4.0064676890331175,9.599999,12.607041157055155,79,184,27.58333333333333,280.5,12,5.0,2884,2024-05-01 19:45:00,2024-05-01 19:45:00,31.719166666671192,-95.19000099459106,,2024-05-01,2273,0 days 00:45:00,61,3,False,False,,,,Free
2024-05-01 19:45:00,3.470902354094211,9.6,9.461819813460616,79,186,34.0,74.33333333333333,9,5.0,2885,2024-05-01 19:45:00,2024-05-01 19:45:00,31.65500000000452,-97.25166760234332,,2024-05-01,2399,0 days 00:00:00,65,3,False,False,,,,Free
2024-05-01 19:45:00,4.482168187087148,11.52,15.778516886635684,79,188,38.711469530834144,40.98924732285437,18,5.0,2887,2024-05-01 19:45:00,2024-05-01 19:45:00,31.60788530469617,-97.58510845291966,,2024-05-01,2380,0 days 00:15:00,64,3,False,False,,,,Free
2024-05-01 19:45:00,2.8357299741126414,20.800001,6.31567289857739,79,194,45.348101267732886,41.89873417848859,6,5.0,2890,2024-05-01 19:45:00,2024-05-01 19:45:00,31.54151898732717,-97.57601358462324,,2024-05-01,2345,0 days 00:30:00,63,3,False,False,,,,Free
2024-05-01 19:45:00,29.512268076418245,36.95549,684.06135406008,79,218,223.33723176178725,16.233062461588325,641,5.0,2903,2024-05-01 19:45:00,2024-05-01 19:45:00,29.761627682386347,-97.83267029445796,,2024-05-01,2414,0 days 00:00:00,66,4,False,False,,,,Free
2024-05-01 20:00:00,3.835008270990504,9.599999,11.551077328205928,80,123,23.27272727272728,6.090909090909091,11,5.0,2913,2024-05-01 20:00:00,2024-05-01 20:00:00,31.76227272727726,-97.93409182526652,,2024-05-01,2423,0 days 00:00:00,67,3,False,False,,,,Free
2024-05-01 20:00:00,3.271495024910537,9.6,8.40586497825166,80,128,29.416666666666668,40.833333333333336,12,5.0,2915,2024-05-01 20:00:00,2024-05-01 20:00:00,31.70083333333785,-97.58666759277033,,2024-05-01,2380,0 days 00:30:00,64,3,False,False,,,,Free
2024-05-01 20:00:00,68.08989964881042,155.28058,3641.290009688964,80,138,167.51990752544287,32.04527776799523,3475,5.0,2921,2024-05-01 20:00:00,2024-05-01 20:00:00,30.31980092474988,-97.6745481459124,,2024-05-01,2430,0 days 00:00:00,68,4,False,False,,,,Free
2024-05-01 20:00:00,24.6403057063652,29.360903,476.8503050456392,80,148,219.8099490254741,16.14359285187164,465,5.0,2926,2024-05-01 20:00:00,2024-05-01 20:00:00,29.796900509749484,-97.83356499052957,,2024-05-01,2414,0 days 00:15:00,66,4,False,False,,,,Free
2024-05-01 20:15:00,7.217307753444981,10.092309,40.91102214294781,81,163,12.74161896378498,4.247751428357211,49,5.0,2932,2024-05-01 20:15:00,2024-05-01 20:15:00,31.8675838103667,-97.95252340136534,,2024-05-01,2423,0 days 00:15:00,67,3,False,False,,,,Free
2024-05-01 20:15:00,1.1558436048361067,9.6,1.0492718706112858,81,170,16.0,75.0,5,5.0,2937,2024-05-01 20:15:00,2024-05-01 20:15:00,31.835000000004545,-97.24500093586715,,2024-05-01,2399,0 days 00:30:00,65,3,False,False,,,,Free
2024-05-01 20:15:00,75.67855341962618,139.62065,4498.166485143607,81,189,162.24653184922795,32.740059045678926,4233,5.0,2948,2024-05-01 20:15:00,2024-05-01 20:15:00,30.37253468151204,-97.66760033333412,,2024-05-01,2430,0 days 00:15:00,68,4,False,False,,,,Free
2024-05-01 20:15:00,17.362348967980093,26.584621,236.7591887421484,81,207,216.2065562689409,17.0437224945502,235,5.0,2956,2024-05-01 20:15:00,2024-05-01 20:15:00,29.832934437314822,-97.82456369436,,2024-05-01,2414,0 days 00:30:00,66,4,False,False,,,,Free
2024-05-01 20:30:00,5.1651454142447655,10.560001,20.953423305622337,82,130,2.291882543898869,3.281519860266134,21,5.0,2960,2024-05-01 20:30:00,2024-05-01 20:30:00,31.972081174565577,-97.96218571677014,,2024-05-01,2423,0 days 00:30:00,67,3,False,False,,,,Free
2024-05-01 20:30:00,3.8313432044012,9.599999,11.529009455141114,82,139,5.636363636363637,74.0909090909091,11,5.0,2968,2024-05-01 20:30:00,2024-05-01 20:30:00,31.938636363640924,-97.25409184469828,,2024-05-01,2399,0 days 00:45:00,65,3,False,False,,,,Free
2024-05-01 20:30:00,82.3129870777321,157.57486,5321.408583070831,82,157,158.8737363497455,35.28879365604769,5023,5.0,2982,2024-05-01 20:30:00,2024-05-01 20:30:00,30.406262636506867,-97.64211298795874,,2024-05-01,2430,0 days 00:30:00,68,4,False,False,,,,Free
2024-05-01 20:30:00,10.572008260246909,13.69756,87.78187821520794,82,167,210.7652322430623,18.09900999368736,124,5.0,2989,2024-05-01 20:30:00,2024-05-01 20:30:00,29.88734767757362,-97.81401081967022,,2024-05-01,2414,0 days 00:45:00,66,4,False,False,,,,Free
2024-05-01 20:45:00,83.26785993969617,172.06645,5445.586832114182,83,217,154.22932238616966,38.52457090289851,5126,5.0,3021,2024-05-01 20:45:00,2024-05-01 20:45:00,30.45270677614264,-97.6097552164149,,2024-05-01,2430,0 days 00:45:00,68,4,False,False,,,,Free
2024-05-02 02:15:00,2.3364852730380843,9.6,4.287616932491186,105,270,221.0,246.5,4,5.0,3690,2024-05-02 02:15:00,2024-05-02 02:15:00,29.785000000004224,-95.5300009848752,,2024-05-02,3141,0 days 00:00:00,69,3,False,False,,,,Free
2024-05-02 02:30:00,2.024296584723154,12.8,3.218386265071726,106,264,229.3285714334371,252.83571428328145,4,5.0,3737,2024-05-02 02:30:00,2024-05-02 02:30:00,29.70171428566984,-95.46664384385286,,2024-05-02,3188,0 days 00:00:00,70,3,False,False,,,,Free
2024-05-02 02:45:00,9.90124456511469,12.933332,76.99622929839542,107,245,199.02286049700825,184.7901524077389,92,5.0,3766,2024-05-02 02:45:00,2024-05-02 02:45:00,30.004771395034176,-96.14709944316348,,2024-05-02,3214,0 days 00:00:00,71,3,False,False,,,,Free
2024-05-02 02:45:00,6.910883433866937,11.794286,37.51085962887742,107,258,219.91505465439755,252.1320437395597,35,5.0,3774,2024-05-02 02:45:00,2024-05-02 02:45:00,29.79584945346025,-95.47368054908895,,2024-05-02,3141,0 days 00:30:00,69,3,False,False,,,,Free
2024-05-02 02:45:00,2.3375339133395023,9.6,4.291466455472703,107,261,230.0,253.25,4,5.0,3775,2024-05-02 02:45:00,2024-05-02 02:45:00,29.69500000000421,-95.46250098680406,,2024-05-02,3188,0 days 00:15:00,70,3,False,False,,,,Free
2024-05-02 03:00:00,2.3367185940571824,14.4,4.288473296631957,108,219,223.2180094829572,252.2180094829572,5,5.0,3814,2024-05-02 03:00:00,2024-05-02 03:00:00,29.76281990517465,-95.4728208916796,,2024-05-02,3141,0 days 00:45:00,69,3,False,False,,,,Free
2024-05-02 03:00:00,2.3375339133395023,9.6,4.291466455472703,108,222,230.0,253.25,4,5.0,3815,2024-05-02 03:00:00,2024-05-02 03:00:00,29.69500000000421,-95.46250098680406,,2024-05-02,3188,0 days 00:30:00,70,3,False,False,,,,Free
2024-05-02 03:15:00,1.6508619936095428,9.6,2.140481210479017,109,230,206.0,183.3333333333333,3,5.0,3852,2024-05-02 03:15:00,2024-05-02 03:15:00,29.935000000004248,-96.16166763349128,,2024-05-02,3214,0 days 00:30:00,71,3,False,False,,,,Free
2024-05-02 03:30:00,4.043837216889211,11.200001,12.843317272320247,110,233,205.7473118307136,180.8763440846432,12,5.0,3887,2024-05-02 03:30:00,2024-05-02 03:30:00,29.93752688169712,-96.18623752527606,,2024-05-02,3214,0 days 00:45:00,71,3,False,False,,,,Free
2024-05-02 05:30:00,292.0039620422518,191.96686,66968.00629618244,118,196,101.23967708596126,278.0351070514208,63444,5.0,4172,2024-05-02 05:30:00,2024-05-02 05:30:00,30.9826032291448,-95.21464992337246,,2024-05-02,3592,0 days 00:00:00,72,3,False,False,,,,Free
2024-05-02 05:45:00,291.08668368372105,189.08513,66547.93103807583,119,202,100.52114097408128,280.992416771544,63209,5.0,4211,2024-05-02 05:45:00,2024-05-02 05:45:00,30.9897885902636,-95.1850768270163,,2024-05-02,3592,0 days 00:15:00,72,3,False,False,,,,Free
2024-05-02 05:45:00,2.3282743197854097,19.2,4.257534515470744,119,227,151.5,30.5,4,5.0,4228,2024-05-02 05:45:00,2024-05-02 05:45:00,30.48000000000433,-97.69000092315082,,2024-05-02,3643,0 days 00:00:00,73,3,False,False,,,,Free
2024-05-02 06:00:00,297.20918247653714,189.78378,69376.81013257022,120,184,98.89656880730512,283.68702155062323,65694,5.0,4255,2024-05-02 06:00:00,2024-05-02 06:00:00,31.00603431193137,-95.15813077999552,,2024-05-02,3592,0 days 00:30:00,72,3,False,False,,,,Free
2024-05-02 06:00:00,5.820249163581399,19.584,26.605598660710875,120,194,149.76624014116933,32.59547246708127,32,5.0,4262,2024-05-02 06:00:00,2024-05-02 06:00:00,30.497337598592644,-97.66904619907876,,2024-05-02,3643,0 days 00:15:00,73,3,False,False,,,,Free
2024-05-02 06:00:00,1.6713368063261818,9.6,2.193905091725397,120,243,464.0,312.5,2,5.0,4291,2024-05-02 06:00:00,2024-05-02 06:00:00,27.355000000003844,-94.8700010037354,,2024-05-02,3700,0 days 00:00:00,74,3,False,False,,,,Free
2024-05-02 06:15:00,7.6331146550951186,36.837208,45.76078364731205,121,247,149.95178962503195,35.6968590251982,43,5.0,4306,2024-05-02 06:15:00,2024-05-02 06:15:00,30.49548210375401,-97.63803233438388,,2024-05-02,3643,0 days 00:30:00,73,3,False,False,,,,Free
2024-05-02 06:15:00,5.474976899258221,19.636364,23.542602153191933,121,272,205.21739130331767,29.2515527979008,22,5.0,4322,2024-05-02 06:15:00,2024-05-02 06:15:00,29.94282608697108,-97.70248539481504,,2024-05-02,3730,0 days 00:00:00,75,3,False,False,,,,Free
2024-05-02 06:15:00,2.0409109664893754,572.8,3.2714327719086,121,284,399.1886814789972,22.284489835625376,3,5.0,4329,2024-05-02 06:15:00,2024-05-02 06:15:00,28.003113185213973,-97.7721560224469,,2024-05-02,3737,0 days 00:00:00,76,3,False,False,,,,Free
2024-05-02 06:15:00,24.52762883826882,23.155558,472.4991294179539,121,290,430.8734190242549,233.46761528284017,432,5.0,4335,2024-05-02 06:15:00,2024-05-02 06:15:00,27.68626580976135,-95.6603248283226,,2024-05-02,3743,0 days 00:00:00,77,3,False,False,,,,Free
2024-05-02 06:15:00,3.3426735999259254,10.8,8.775620300079398,121,299,464.0,314.3879310468856,8,5.0,4343,2024-05-02 06:15:00,2024-05-02 06:15:00,27.355000000003844,-94.85112169380602,,2024-05-02,3700,0 days 00:15:00,74,3,False,False,,,,Free
2024-05-02 06:30:00,3.534888568469293,347.73334,9.813893421048254,122,237,398.9611618837852,23.01056864487986,9,5.0,4368,2024-05-02 06:30:00,2024-05-02 06:30:00,28.00538838116609,-97.76489523456178,,2024-05-02,3737,0 days 00:15:00,76,3,False,False,,,,Free
2024-05-02 06:30:00,5.143012767811411,9.600001,20.77423721187749,122,244,428.1578947368421,235.26315789473685,19,5.0,4374,2024-05-02 06:30:00,2024-05-02 06:30:00,27.71342105263548,-95.64236940271672,,2024-05-02,3743,0 days 00:15:00,77,3,False,False,,,,Free
2024-05-02 06:30:00,2.363680525385301,9.6,4.388008249655679,122,255,464.5,315.0,4,5.0,4382,2024-05-02 06:30:00,2024-05-02 06:30:00,27.350000000003845,-94.84500100444978,,2024-05-02,3700,0 days 00:30:00,74,3,False,False,,,,Free
2024-05-02 06:45:00,1.167658095733198,9.6,1.070831827497844,123,289,210.5,33.5,2,5.0,4417,2024-05-02 06:45:00,2024-05-02 06:45:00,29.890000000004243,-97.66000092400805,,2024-05-02,3730,0 days 00:30:00,75,3,False,False,,,,Free
2024-05-02 06:45:00,3.332703422190555,142.79999,8.723348364577308,123,292,398.61719883839976,24.853773560617874,8,5.0,4420,2024-05-02 06:45:00,2024-05-02 06:45:00,28.00882801161995,-97.74646318593112,,2024-05-02,3737,0 days 00:30:00,76,3,False,False,,,,Free
2024-05-02 06:45:00,2.0435175799322245,9.6,3.27979453415474,123,302,427.0,236.0,3,5.0,4430,2024-05-02 06:45:00,2024-05-02 06:45:00,27.725000000003902,-95.63500098187468,,2024-05-02,3743,0 days 00:30:00,77,3,False,False,,,,Free
2024-05-02 07:00:00,12.415401267928704,19.624779,121.06299186281376,124,452,216.8222409195228,37.68865086191076,115,5.0,4489,2024-05-02 07:00:00,2024-05-02 07:00:00,29.826777590809,-97.61811441658593,,2024-05-02,3730,0 days 00:45:00,75,3,False,False,,,,Free
2024-05-02 07:30:00,10.402486637351364,11.039999,84.98929261797475,126,342,133.4536423724731,174.40273179909147,80,5.0,4618,2024-05-02 07:30:00,2024-05-02 07:30:00,30.66046357627963,-96.25097364628164,,2024-05-02,4003,0 days 00:00:00,78,3,False,False,,,,Free
2024-05-02 07:45:00,,,,127,342,144.56666666666666,21.866666666666667,60,5.0,4676,2024-05-02 07:45:00,2024-05-02 07:45:00,30.54933333333768,-97.77633425401706,,2024-05-02,4057,0 days 00:00:00,79,3,False,False,,,,Free
2024-05-02 07:45:00,1.645321713567533,9.6,2.1261384413723063,127,343,139.5,183.0,2,5.0,4677,2024-05-02 07:45:00,2024-05-02 07:45:00,30.60000000000435,-96.16500096672934,,2024-05-02,4003,0 days 00:15:00,78,3,False,False,,,,Free
2024-05-02 08:00:00,14.347929553552476,10.294736,161.68448688618503,128,327,145.30765407832072,189.89985088530605,152,5.0,4750,2024-05-02 08:00:00,2024-05-02 08:00:00,30.54192345922113,-96.09600245984797,,2024-05-02,4003,0 days 00:30:00,78,3,False,False,,,,Free
2024-05-02 08:00:00,11.285437911120002,11.336168,100.02918097571036,128,329,149.7724091838989,28.81006333210541,95,5.0,4752,2024-05-02 08:00:00,2024-05-02 08:00:00,30.497275908165346,-97.70690028934683,,2024-05-02,4057,0 days 00:15:00,79,3,False,False,,,,Free
2024-05-02 08:15:00,4.80053438728221,10.164707,18.099603094147085,129,374,154.3982684000556,36.29870130004171,18,5.0,4821,2024-05-02 08:15:00,2024-05-02 08:15:00,30.45101731600377,-97.6320139118074,,2024-05-02,4057,0 days 00:30:00,79,3,False,False,,,,Free
2024-05-02 08:15:00,,,,129,395,218.9611958003613,16.96892754381882,529,5.0,4833,2024-05-02 08:15:00,2024-05-02 08:15:00,29.80538804200061,-97.82531164384596,,2024-05-02,4202,0 days 00:00:00,80,3,False,False,,,,Free
2024-05-02 08:30:00,1.652392017388275,9.6,2.144450657709052,130,368,224.0,28.5,2,5.0,4921,2024-05-02 08:30:00,2024-05-02 08:30:00,29.75500000000422,-97.7100009225793,,2024-05-02,4202,0 days 00:15:00,80,3,False,False,,,,Free
2024-05-02 09:00:00,2.8637839877166247,9.599999,6.441253542755788,132,352,236.3333333333333,47.333333333333336,6,5.0,5025,2024-05-02 09:00:00,2024-05-02 09:00:00,29.631666666670867,-97.5216675946278,,2024-05-02,4202,0 days 00:45:00,80,3,False,False,,,,Free
2024-05-02 09:45:00,6.511224033526232,29.419353,33.297770706287714,135,288,241.60118587318632,267.8347512257923,33,5.0,5185,2024-05-02 09:45:00,2024-05-02 09:45:00,29.57898814127233,-95.31665347871387,,2024-05-02,4531,0 days 00:00:00,82,3,False,False,,,,Free
2024-05-02 10:00:00,2.8587296081425624,9.599999,6.418536878047403,136,277,201.125,20.5,8,5.0,5223,2024-05-02 10:00:00,2024-05-02 10:00:00,29.983750000004257,-97.7900009202932,,2024-05-02,4568,0 days 00:00:00,83,3,False,False,,,,Free
2024-05-02 10:15:00,7.915272931784947,17.530434,49.20640883619364,137,380,200.79111728324924,20.088827187362053,46,5.0,5289,2024-05-02 10:15:00,2024-05-02 10:15:00,29.987088827171764,-97.79411264830208,,2024-05-02,4568,0 days 00:15:00,83,3,False,False,,,,Free
2024-05-02 10:15:00,13.587611551544471,33.77778,145.0027125210495,137,401,241.147170228892,270.0385835847167,138,5.0,5302,2024-05-02 10:15:00,2024-05-02 10:15:00,29.583528297715272,-95.2946151557544,,2024-05-02,4531,0 days 00:30:00,82,3,False,False,,,,Free
2024-05-02 10:15:00,2.617349088746542,9.6,5.380382882929763,137,415,259.8333333333333,69.83333333333333,6,5.0,5310,2024-05-02 10:15:00,2024-05-02 10:15:00,29.396666666670832,-97.29666760105738,,2024-05-02,4648,0 days 00:00:00,84,3,False,False,,,,Free
2024-05-02 10:30:00,4.207658797372786,10.338461,13.904997396849751,138,249,199.87319884053,17.53025936916235,13,5.0,5345,2024-05-02 10:30:00,2024-05-02 10:30:00,29.99626801159896,-97.81969832575294,,2024-05-02,4568,0 days 00:30:00,83,3,False,False,,,,Free
2024-05-02 10:30:00,1.1695792385430452,9.6,1.074358396177099,138,262,243.5,271.5,2,5.0,5351,2024-05-02 10:30:00,2024-05-02 10:30:00,29.560000000004187,-95.28000099201915,,2024-05-02,4531,0 days 00:45:00,82,3,False,False,,,,Free
2024-05-02 10:30:00,12.87498783937804,35.861156,130.19177149309485,138,266,259.1532858362977,69.51871887349162,121,5.0,5354,2024-05-02 10:30:00,2024-05-02 10:30:00,29.403467141641187,-97.29981374556591,,2024-05-02,4648,0 days 00:15:00,84,3,False,False,,,,Free
2024-05-02 10:45:00,12.387037081297375,29.4,120.51046347712357,139,243,258.4263027018722,68.2036006760004,112,5.0,5389,2024-05-02 10:45:00,2024-05-02 10:45:00,29.410736972985443,-97.312964927165,,2024-05-02,4648,0 days 00:30:00,84,3,False,False,,,,Free
2024-05-02 12:30:00,8.913480454452161,35.586212,62.39998917754833,146,264,257.14385570805746,8.481961682082234,58,5.0,5668,2024-05-02 12:30:00,2024-05-02 12:30:00,29.423561442923592,-97.91018130003806,,2024-05-02,4969,0 days 00:00:00,85,3,False,False,,,,Free
2024-05-02 12:30:00,1.6663710516935744,801.6,2.180887715437655,146,275,399.0,33.24993722462085,2,5.0,5676,2024-05-02 12:30:00,2024-05-02 12:30:00,28.005000000003943,-97.6625015516904,,2024-05-02,4975,0 days 00:00:00,86,3,False,False,,,,Free
2024-05-02 12:45:00,3.866576501042527,10.472727,11.74202757072236,147,239,179.7707641180224,66.0764119606592,11,5.0,5692,2024-05-02 12:45:00,2024-05-02 12:45:00,30.197292358824065,-97.33423681371056,,2024-05-02,4987,0 days 00:00:00,87,4,False,False,,,,Free
2024-05-02 12:45:00,9.998998893417854,49.052055,78.52409178146253,147,262,256.2997698715496,9.81205299385775,73,5.0,5700,2024-05-02 12:45:00,2024-05-02 12:45:00,29.43200230128868,-97.89688038730044,,2024-05-02,4969,0 days 00:15:00,85,3,False,False,,,,Free
2024-05-02 12:45:00,6.832878677667221,17.788235,36.66885089830495,147,276,283.1253822774581,3.9375272897601614,39,5.0,5710,2024-05-02 12:45:00,2024-05-02 12:45:00,29.163746177229548,-97.95562564266264,,2024-05-02,5004,0 days 00:00:00,88,3,False,False,,,,Free
2024-05-02 12:45:00,1.6663710516935744,556.8,2.180887715437655,147,282,399.0,33.0911562210467,2,5.0,5716,2024-05-02 12:45:00,2024-05-02 12:45:00,28.005000000003943,-97.6640893616808,,2024-05-02,4975,0 days 00:15:00,86,3,False,False,,,,Free
2024-05-02 13:00:00,7.643657469806691,14.288371,45.88728001523412,148,282,177.14722082511304,68.1196795291552,43,5.0,5734,2024-05-02 13:00:00,2024-05-02 13:00:00,30.223527791753163,-97.3138041386095,,2024-05-02,4987,0 days 00:15:00,87,4,False,False,,,,Free
2024-05-02 13:00:00,2.6196064213705794,9.6,5.389667506999524,148,331,277.5,65.83333333333333,6,5.0,5767,2024-05-02 13:00:00,2024-05-02 13:00:00,29.22000000000413,-97.33666759991434,,2024-05-02,5055,0 days 00:00:00,92,4,False,False,,,,Free
2024-05-02 13:00:00,,,,148,333,283.042526960085,7.407087831774939,43,5.0,5768,2024-05-02 13:00:00,2024-05-02 13:00:00,29.16457473040328,-97.92093003823396,,2024-05-02,5004,0 days 00:15:00,88,3,False,False,,,,Free
2024-05-02 13:00:00,1.6663710516935744,153.59999,2.180887715437655,148,339,399.0,33.0154777952673,2,5.0,5774,2024-05-02 13:00:00,2024-05-02 13:00:00,28.005000000003943,-97.66484614591695,,2024-05-02,4975,0 days 00:30:00,86,3,False,False,,,,Free
2024-05-02 13:15:00,3.296257664602172,9.6,8.533598124859196,149,325,172.75,71.375,8,5.0,5794,2024-05-02 13:15:00,2024-05-02 13:15:00,30.2675000000043,-97.28125093483128,,2024-05-02,4987,0 days 00:30:00,87,4,False,False,,,,Free
2024-05-02 13:15:00,10.849815387721254,33.82326,92.4558889443845,149,360,250.984750672644,11.756414402600624,86,5.0,5812,2024-05-02 13:15:00,2024-05-02 13:15:00,29.48515249327773,-97.87743677376858,,2024-05-02,4969,0 days 00:45:00,85,3,False,False,,,,Free
2024-05-02 13:15:00,5.106051727534256,32.842106,20.47671575396957,149,375,275.52967864695273,71.38903591057135,19,5.0,5823,2024-05-02 13:15:00,2024-05-02 13:15:00,29.23970321353461,-97.28111057572954,,2024-05-02,5055,0 days 00:15:00,92,4,False,False,,,,Free
2024-05-02 13:15:00,4.224647744198734,20.676924,14.017510402000436,149,381,281.0942100095013,11.862610398911093,13,5.0,5829,2024-05-02 13:15:00,2024-05-02 13:15:00,29.18405789990912,-97.87637481383588,,2024-05-02,5004,0 days 00:30:00,88,3,False,False,,,,Free
2024-05-02 13:15:00,5.370927506329548,33.82857,22.65627265311459,149,383,286.5579782079275,50.271225653127104,21,5.0,5831,2024-05-02 13:15:00,2024-05-02 13:15:00,29.12942021792485,-97.49228867226935,,2024-05-02,5103,0 days 00:00:00,93,4,False,False,,,,Free
2024-05-02 13:30:00,1.6479399044231062,9.6,2.1329104486421766,150,426,170.5,73.0,2,5.0,5872,2024-05-02 13:30:00,2024-05-02 13:30:00,30.290000000004305,-97.26500093529565,,2024-05-02,4987,0 days 00:45:00,87,4,False,False,,,,Free
2024-05-02 13:30:00,3.505524723026417,9.6,9.651525225212447,150,458,225.5,75.5,10,5.0,5895,2024-05-02 13:30:00,2024-05-02 13:30:00,29.740000000004216,-97.24000093601,,2024-05-02,5156,0 days 00:00:00,94,4,False,False,,,,Free
2024-05-02 13:30:00,7.681318107698178,41.07907,46.34057127398177,150,492,275.3872631073862,75.37540284025648,43,5.0,5915,2024-05-02 13:30:00,2024-05-02 13:30:00,29.24112736893028,-97.24124690757183,,2024-05-02,5055,0 days 00:30:00,92,4,False,False,,,,Free
2024-05-02 13:30:00,10.676958640799358,30.997595,89.533384576939,150,496,285.3629622653965,53.52043755754199,83,5.0,5918,2024-05-02 13:30:00,2024-05-02 13:30:00,29.14137037735016,-97.45979655415374,,2024-05-02,5103,0 days 00:15:00,93,4,False,False,,,,Free
2024-05-02 13:45:00,4.223569621263823,11.076923,14.010356825174714,151,383,275.46938775951537,79.26530612024231,15,5.0,5982,2024-05-02 13:45:00,2024-05-02 13:45:00,29.240306122408985,-97.20234787588356,,2024-05-02,5055,0 days 00:45:00,92,4,False,False,,,,Free
2024-05-02 13:45:00,6.731805643777487,37.527275,35.59205132528343,151,388,283.53951761820446,54.29443414400525,34,5.0,5987,2024-05-02 13:45:00,2024-05-02 13:45:00,29.15960482382208,-97.45205658851025,,2024-05-02,5103,0 days 00:30:00,93,4,False,False,,,,Free
2024-05-02 13:45:00,,,,151,402,399.70203568057394,24.637627235091536,14,5.0,6000,2024-05-02 13:45:00,2024-05-02 13:45:00,27.997979643198207,-97.74862464912462,,2024-05-02,5236,0 days 00:00:00,95,3,False,False,,,,Free
2024-05-02 13:45:00,6.569290950156928,18.27097,33.894316090213955,151,410,427.4369091673356,10.855733660202542,39,5.0,6003,2024-05-02 13:45:00,2024-05-02 13:45:00,27.720630908330545,-97.88644358093518,,2024-05-02,5239,0 days 00:00:00,96,4,False,False,,,,Free
2024-05-02 14:00:00,5.476289754293037,11.345455,23.55389415682408,152,291,208.9613180570568,66.83524355105115,22,5.0,6026,2024-05-02 14:00:00,2024-05-02 14:00:00,29.90538681943368,-97.32664849802347,,2024-05-02,5254,0 days 00:00:00,97,3,False,False,,,,Free
2024-05-02 14:00:00,3.693550478493932,10.56,10.71464925323254,152,295,216.91726618643332,76.91726618643337,10,5.0,6028,2024-05-02 14:00:00,2024-05-02 14:00:00,29.8258273381399,-97.22582827455068,,2024-05-02,5156,0 days 00:30:00,94,4,False,False,,,,Free
2024-05-02 14:00:00,4.058580420041301,14.400002,12.937137472720316,152,328,279.73932927915166,56.13414635032788,16,5.0,6052,2024-05-02 14:00:00,2024-05-02 14:00:00,29.19760670721261,-97.43365946697276,,2024-05-02,5103,0 days 00:45:00,93,4,False,False,,,,Free
2024-05-02 14:00:00,3.907953528491951,363.05457,11.99467990450244,152,333,398.68567512888455,23.858731516368515,11,5.0,6056,2024-05-02 14:00:00,2024-05-02 14:00:00,28.0081432487151,-97.75641360608928,,2024-05-02,5236,0 days 00:15:00,95,3,False,False,,,,Free
2024-05-02 14:00:00,7.645373986972967,23.771431,45.90789191427529,152,340,425.2455606110508,10.82648398579808,42,5.0,6061,2024-05-02 14:00:00,2024-05-02 14:00:00,27.7425443938934,-97.88673607767088,,2024-05-02,5239,0 days 00:15:00,96,4,False,False,,,,Free
2024-05-02 14:15:00,5.718921303727746,12.8,25.687280145727804,153,276,206.2542734999193,69.22329060003227,24,5.0,6087,2024-05-02 14:15:00,2024-05-02 14:15:00,29.932457265005056,-97.30276802821606,,2024-05-02,5254,0 days 00:15:00,97,3,False,False,,,,Free
2024-05-02 14:15:00,6.507753089486878,22.296772,33.26228002330472,153,284,230.4023605656353,56.8408441211487,36,5.0,6094,2024-05-02 14:15:00,2024-05-02 14:15:00,29.690976394347857,-97.42659248946649,,2024-05-02,5309,0 days 00:00:00,98,3,False,False,,,,Free
2024-05-02 14:15:00,44.06772854360959,83.65424,1525.2155079719878,153,301,271.7609028515339,116.56356967061144,1419,5.0,6104,2024-05-02 14:15:00,2024-05-02 14:15:00,29.277390971488806,-96.82936525103828,,2024-05-02,5319,0 days 00:00:00,99,4,False,False,,,,Free
2024-05-02 14:15:00,2.886261639859212,78.399994,6.5427643118448335,153,317,399.29382381759166,22.60853768487157,6,5.0,6120,2024-05-02 14:15:00,2024-05-02 14:15:00,28.002061761828028,-97.768915544047,,2024-05-02,5236,0 days 00:30:00,95,3,False,False,,,,Free
2024-05-02 14:15:00,3.3363800820312,15.6,8.742606289447195,153,323,422.2712264217253,11.384433966773225,8,5.0,6126,2024-05-02 14:15:00,2024-05-02 14:15:00,27.77228773578665,-97.88115657802058,,2024-05-02,5239,0 days 00:30:00,96,4,False,False,,,,Free
2024-05-02 14:30:00,9.556797895581628,18.197014,71.73228823645343,154,300,209.6222573996656,80.21058583871502,67,5.0,6151,2024-05-02 14:30:00,2024-05-02 14:30:00,29.898777426007587,-97.192895078969,,2024-05-02,5156,0 days 01:00:00,94,4,False,False,,,,Free
2024-05-02 14:30:00,6.292683886689494,20.524136,31.100094763423368,154,305,226.77032425654585,57.00355397252496,29,5.0,6154,2024-05-02 14:30:00,2024-05-02 14:30:00,29.72729675743876,-97.4249653909992,,2024-05-02,5309,0 days 00:15:00,98,3,False,False,,,,Free
2024-05-02 14:30:00,41.88210959967157,85.041435,1377.6756398842151,154,324,270.8876977655023,120.05156625221238,1290,5.0,6168,2024-05-02 14:30:00,2024-05-02 14:30:00,29.286123022349123,-96.794485286219,,2024-05-02,5319,0 days 00:15:00,99,4,False,False,,,,Free
2024-05-02 14:30:00,2.042954603135269,9.6,3.277987655763329,154,344,421.0,11.0,3,5.0,6186,2024-05-02 14:30:00,2024-05-02 14:30:00,27.78500000000391,-97.88500091757844,,2024-05-02,5239,0 days 00:45:00,96,4,False,False,,,,Free
2024-05-02 14:30:00,10.84083853182375,86.057144,92.30296102491836,154,365,482.2766500540173,241.68568494798603,86,5.0,6203,2024-05-02 14:30:00,2024-05-02 14:30:00,27.172233499463644,-95.57814413401957,,2024-05-02,5402,0 days 00:00:00,100,5,False,False,,,,Free
2024-05-02 14:45:00,4.9504114076267935,9.600001,19.24741750764498,155,354,196.77777777777777,69.77777777777777,18,5.0,6218,2024-05-02 14:45:00,2024-05-02 14:45:00,30.027222222226484,-97.29722315659706,,2024-05-02,5254,0 days 00:45:00,97,3,False,False,,,,Free
2024-05-02 14:45:00,5.475389671712238,9.600002,23.546152160494625,155,360,205.8636363636364,81.22727272727273,22,5.0,6221,2024-05-02 14:45:00,2024-05-02 14:45:00,29.936363636367883,-97.18272821037392,,2024-05-02,5156,0 days 01:15:00,94,4,False,False,,,,Free
2024-05-02 14:45:00,5.092586131481933,12.63158,20.368856444807136,155,363,222.3227586205082,55.58206896406576,19,5.0,6223,2024-05-02 14:45:00,2024-05-02 14:45:00,29.77177241379914,-97.43918024067762,,2024-05-02,5309,0 days 00:30:00,98,3,False,False,,,,Free
2024-05-02 14:45:00,34.818038720663246,110.95385,952.1349108001244,155,381,270.00660847499296,121.6663143508604,885,5.0,6234,2024-05-02 14:45:00,2024-05-02 14:45:00,29.29493391525422,-96.77833780569398,,2024-05-02,5319,0 days 00:30:00,99,4,False,False,,,,Free
2024-05-02 15:00:00,13.799888923959935,25.234287,149.56881845296718,156,269,189.0051538849968,9.654829152138085,140,5.0,6282,2024-05-02 15:00:00,2024-05-02 15:00:00,30.104948461154308,-97.89845262567268,,2024-05-02,5469,0 days 00:00:00,101,3,False,False,,,,Free
2024-05-02 15:00:00,32.8693536099877,98.326904,848.5397827972237,156,287,269.6712010482858,124.89757645472694,788,5.0,6293,2024-05-02 15:00:00,2024-05-02 15:00:00,29.29828798952129,-96.74602518557867,,2024-05-02,5319,0 days 00:45:00,99,4,False,False,,,,Free
2024-05-02 15:00:00,28.403413058068065,220.05128,633.6230104406932,156,337,474.8414807403872,252.7169076620007,577,5.0,6336,2024-05-02 15:00:00,2024-05-02 15:00:00,27.246585192599955,-95.46783191003168,,2024-05-02,5402,0 days 00:30:00,100,5,False,False,,,,Free
2024-05-02 15:15:00,7.284512506204647,16.984615,41.67646431692427,157,335,191.0282413154897,9.183996514571437,39,5.0,6345,2024-05-02 15:15:00,2024-05-02 15:15:00,30.08471758684937,-97.90316095191378,,2024-05-02,5469,0 days 00:15:00,101,3,False,False,,,,Free
2024-05-02 15:15:00,1.6664870207833178,110.40001,2.1811912785169736,157,403,400.5227703937089,27.0,2,5.0,6400,2024-05-02 15:15:00,2024-05-02 15:15:00,27.989772296066853,-97.72500092215064,,2024-05-02,5572,0 days 00:00:00,102,3,False,False,,,,Free
2024-05-02 15:15:00,27.60017998872557,137.35925,598.2927082024443,157,422,470.6002332417283,255.60045766292163,558,5.0,6416,2024-05-02 15:15:00,2024-05-02 15:15:00,27.28899766758655,-95.43899641084649,,2024-05-02,5402,0 days 00:45:00,100,5,False,False,,,,Free
2024-05-02 15:30:00,2.0204074542534096,9.6,3.206031652160019,158,323,191.0,9.0,3,5.0,6428,2024-05-02 15:30:00,2024-05-02 15:30:00,30.08500000000427,-97.90500091700692,,2024-05-02,5469,0 days 00:30:00,101,3,False,False,,,,Free
2024-05-02 15:30:00,3.718517572844916,9.6,10.859993311339204,158,376,355.4,47.1,10,5.0,6464,2024-05-02 15:30:00,2024-05-02 15:30:00,28.441000000004014,-97.5240009278944,,2024-05-02,5627,0 days 00:00:00,103,3,False,False,,,,Free
2024-05-02 15:30:00,1.6664870207833178,38.4,2.1811912785169736,158,397,400.5,27.0,2,5.0,6484,2024-05-02 15:30:00,2024-05-02 15:30:00,27.990000000003946,-97.72500092215064,,2024-05-02,5572,0 days 00:15:00,102,3,False,False,,,,Free
2024-05-02 15:30:00,26.50940777888251,124.5328,551.9375389281129,158,411,466.277317218556,258.92359265009657,507,5.0,6496,2024-05-02 15:30:00,2024-05-02 15:30:00,27.33222682781828,-95.4057650619244,,2024-05-02,5402,0 days 01:00:00,100,5,False,False,,,,Free
2024-05-02 15:30:00,4.425310168092642,12.342859,15.380742896968,158,417,480.4883268601611,204.9143968817449,14,5.0,6501,2024-05-02 15:30:00,2024-05-02 15:30:00,27.19011673140221,-95.94585700417416,,2024-05-02,5662,0 days 00:00:00,105,3,False,False,,,,Free
2024-05-02 15:45:00,2.356549846434347,132.0,4.361572966919473,159,489,398.5472441080876,27.660629913431304,4,5.0,6579,2024-05-02 15:45:00,2024-05-02 15:45:00,28.00952755892307,-97.71839462320509,,2024-05-02,5572,0 days 00:30:00,102,3,False,False,,,,Free
2024-05-02 15:45:00,2.6383633829057573,94.08,5.467126252119203,159,497,428.6775931819661,127.9034575673902,5,5.0,6587,2024-05-02 15:45:00,2024-05-02 15:45:00,27.70822406818424,-96.71596637531098,,2024-05-02,5732,0 days 00:00:00,106,3,False,False,,,,Free
2024-05-02 15:45:00,26.132361878621005,92.996315,536.3486707422753,159,509,463.0489981337812,261.9371744007857,489,5.0,6599,2024-05-02 15:45:00,2024-05-02 15:45:00,27.364510018666035,-95.37562924527862,,2024-05-02,5402,0 days 01:15:00,100,5,False,False,,,,Free
2024-05-02 16:00:00,4.553388011789745,9.6,16.283929030984627,160,356,351.8,46.5,20,5.0,6636,2024-05-02 16:00:00,2024-05-02 16:00:00,28.47700000000402,-97.530000927723,,2024-05-02,5627,0 days 00:30:00,103,3,False,False,,,,Free
2024-05-02 16:00:00,4.411936536243506,41.82857,15.287919763668008,160,387,414.9755624361747,123.38944919556296,14,5.0,6665,2024-05-02 16:00:00,2024-05-02 16:00:00,27.84524437564217,-96.76110645773934,,2024-05-02,5798,0 days 00:00:00,107,3,False,False,,,,Free
2024-05-02 16:00:00,24.546818394982296,31.985155,473.2387521325161,160,408,476.21521241019485,212.18977828459512,436,5.0,6685,2024-05-02 16:00:00,2024-05-02 16:00:00,27.23284787590188,-95.87310319222468,,2024-05-02,5662,0 days 00:30:00,105,3,False,False,,,,Free
2024-05-02 16:15:00,2.879683634048151,9.599999,6.5129753992440165,161,386,350.5,44.0,6,5.0,6721,2024-05-02 16:15:00,2024-05-02 16:15:00,28.490000000004024,-97.55500092700856,,2024-05-02,5627,0 days 00:45:00,103,3,False,False,,,,Free
2024-05-02 16:15:00,1.6640379109207124,9.6,2.174784925924786,161,397,368.6666666666667,201.0,3,5.0,6729,2024-05-02 16:15:00,2024-05-02 16:15:00,28.308333333337327,-95.98500097187303,,2024-05-02,5857,0 days 00:00:00,109,3,False,False,,,,Free
2024-05-02 16:15:00,4.861281015482698,23.71765,18.560571111077152,161,413,412.5839094805706,123.4921433034482,17,5.0,6745,2024-05-02 16:15:00,2024-05-02 16:15:00,27.869160905198218,-96.7600795166898,,2024-05-02,5798,0 days 00:15:00,107,3,False,False,,,,Free
2024-05-02 16:15:00,3.121422379238106,19.199999,7.652352387181872,161,421,426.5754527122439,124.23541247755172,7,5.0,6749,2024-05-02 16:15:00,2024-05-02 16:15:00,27.729245472881463,-96.7526468251612,,2024-05-02,5732,0 days 00:30:00,106,3,False,False,,,,Free
2024-05-02 16:15:00,20.71775930366145,19.669056,337.1129590965782,161,443,475.3240385845226,217.0439628854793,315,5.0,6769,2024-05-02 16:15:00,2024-05-02 16:15:00,27.2417596141586,-95.82456134760298,,2024-05-02,5662,0 days 00:45:00,105,3,False,False,,,,Free
2024-05-02 16:30:00,11.847633399361603,17.317648,110.24352624459615,162,307,305.1205030281056,373.3611907071016,102,5.0,6792,2024-05-02 16:30:00,2024-05-02 16:30:00,28.94379496972304,-94.2613891140561,,2024-05-02,5909,0 days 00:00:00,110,3,False,False,,,,Free
2024-05-02 16:30:00,6.758226660563047,10.181819,35.871983229240165,162,317,365.74035086623456,203.4912280652833,33,5.0,6800,2024-05-02 16:30:00,2024-05-02 16:30:00,28.337596491341653,-95.96008869193209,,2024-05-02,5857,0 days 00:15:00,109,3,False,False,,,,Free
2024-05-02 16:30:00,3.119165324683475,10.971428,7.641289781595233,162,339,410.4401913919264,122.8899521520184,7,5.0,6822,2024-05-02 16:30:00,2024-05-02 16:30:00,27.890598086084665,-96.76610142803209,,2024-05-02,5798,0 days 00:30:00,107,3,False,False,,,,Free
2024-05-02 16:30:00,3.336609952583473,18.0,8.743811030464634,162,348,423.95192307956825,126.95192307956826,8,5.0,6830,2024-05-02 16:30:00,2024-05-02 16:30:00,27.755480769208223,-96.7254817199173,,2024-05-02,5732,0 days 00:45:00,106,3,False,False,,,,Free
2024-05-02 16:45:00,9.085538832837091,17.119999,64.83227466844096,163,272,301.8852145511666,372.0975676406307,61,5.0,6870,2024-05-02 16:45:00,2024-05-02 16:45:00,28.97614785449243,-94.27402534435976,,2024-05-02,5909,0 days 00:15:00,110,3,False,False,,,,Free
2024-05-02 16:45:00,2.630034628200899,9.6,5.432663613173132,163,282,360.8333333333333,205.16666666666663,6,5.0,6880,2024-05-02 16:45:00,2024-05-02 16:45:00,28.38666666667068,-95.94333430639703,,2024-05-02,5857,0 days 00:30:00,109,3,False,False,,,,Free
2024-05-02 17:00:00,9.454057361237693,29.833847,70.19825998898243,164,292,295.8680461132754,496.1554949415773,65,5.0,6943,2024-05-02 17:00:00,2024-05-02 17:00:00,29.03631953887136,-93.0334461068012,,2024-05-02,6037,0 days 00:00:00,111,3,False,False,,,,Free
2024-05-02 17:00:00,4.690981173151132,11.4,17.282925634732415,164,293,299.367187496362,373.1679687641881,16,5.0,6944,2024-05-02 17:00:00,2024-05-02 17:00:00,29.00132812504048,-94.26332133343004,,2024-05-02,5909,0 days 00:30:00,110,3,False,False,,,,Free
2024-05-02 17:00:00,12.266930073240603,20.97778,118.18480979796654,164,335,437.6532192938653,114.31984740678044,109,5.0,6979,2024-05-02 17:00:00,2024-05-02 17:00:00,27.61846780706524,-96.85180247303543,,2024-05-02,6066,0 days 00:00:00,112,3,False,False,,,,Free
2024-05-02 17:15:00,6.091502714594829,22.044445,29.143302590114263,165,224,291.84832681496346,497.46718816941245,27,5.0,7005,2024-05-02 17:15:00,2024-05-02 17:15:00,29.07651673185448,-93.02032917489764,,2024-05-02,6037,0 days 00:15:00,111,3,False,False,,,,Free
2024-05-02 17:15:00,1.667258503816069,9.6,2.1832112661291814,165,248,410.5,136.0,2,5.0,7027,2024-05-02 17:15:00,2024-05-02 17:15:00,27.89000000000393,-96.63500095329856,,2024-05-02,6110,0 days 00:00:00,113,3,False,False,,,,Free
2024-05-02 17:15:00,11.44257673853274,22.67234,102.83419405139897,165,253,433.5186612454505,113.72549960674714,94,5.0,7031,2024-05-02 17:15:00,2024-05-02 17:15:00,27.659813387549388,-96.85774595086592,,2024-05-02,6066,0 days 00:15:00,112,3,False,False,,,,Free
2024-05-02 17:15:00,2.6445186119746364,9.6,5.492665318162829,165,267,480.0,335.0,5,5.0,7043,2024-05-02 17:15:00,2024-05-02 17:15:00,27.19500000000382,-94.645001010165,,2024-05-02,6121,0 days 00:00:00,114,3,False,False,,,,Free
2024-05-02 17:30:00,2.344353865437661,9.6,4.316544415478146,166,228,289.25,497.75,4,5.0,7055,2024-05-02 17:30:00,2024-05-02 17:30:00,29.10250000000412,-93.0175010566726,,2024-05-02,6037,0 days 00:30:00,111,3,False,False,,,,Free
2024-05-02 17:30:00,6.946932669667645,10.97143,37.90321602596298,166,230,325.82200956959633,473.9320574175779,35,5.0,7057,2024-05-02 17:30:00,2024-05-02 17:30:00,28.736779904308097,-93.2556804756906,,2024-05-02,6132,0 days 00:00:00,115,3,False,False,,,,Free
2024-05-02 17:30:00,5.138029546077861,15.157896,20.73399913278708,166,248,406.8984455999001,134.33989637464435,19,5.0,7072,2024-05-02 17:30:00,2024-05-02 17:30:00,27.926015544004933,-96.65160198907772,,2024-05-02,6110,0 days 00:15:00,113,3,False,False,,,,Free
2024-05-02 17:30:00,3.121974350783533,101.48572,7.65505900853685,166,258,429.45247261395065,113.46846315153562,7,5.0,7081,2024-05-02 17:30:00,2024-05-02 17:30:00,27.70047527386439,-96.86031631534456,,2024-05-02,6066,0 days 00:30:00,112,3,False,False,,,,Free
2024-05-02 17:30:00,2.3650109913924835,9.6,4.392949474853668,166,272,477.0,338.5,4,5.0,7092,2024-05-02 17:30:00,2024-05-02 17:30:00,27.225000000003824,-94.6100010111652,,2024-05-02,6121,0 days 00:15:00,114,3,False,False,,,,Free
2024-05-02 17:45:00,2.625463972182076,9.6,5.413797503956616,167,159,324.0,478.0,5,5.0,7105,2024-05-02 17:45:00,2024-05-02 17:45:00,28.755000000004063,-93.21500105102882,,2024-05-02,6132,0 days 00:15:00,115,3,False,False,,,,Free
2024-05-02 18:00:00,4.840584267120264,9.6,18.402865465481582,168,119,321.7058823529412,481.7647058823529,17,5.0,7141,2024-05-02 18:00:00,2024-05-02 18:00:00,28.777941176474656,-93.17735399328107,,2024-05-02,6132,0 days 00:30:00,115,3,False,False,,,,Free
2024-05-02 18:00:00,5.000091856140706,16.533333,19.63567552800512,168,131,403.5510597245857,132.49903660983685,18,5.0,7153,2024-05-02 18:00:00,2024-05-02 18:00:00,27.95948940275808,-96.67001058619974,,2024-05-02,6110,0 days 00:45:00,113,3,False,False,,,,Free
2024-05-02 18:00:00,16.425232809539686,26.760626,211.8912140006582,168,146,473.0386208936729,348.4098767827275,193,5.0,7167,2024-05-02 18:00:00,2024-05-02 18:00:00,27.264613791067102,-94.51090224616974,,2024-05-02,6121,0 days 00:45:00,114,3,False,False,,,,Free
2024-05-02 18:15:00,1.6585724913454216,9.6,2.1605225194446387,169,90,299.6666666666667,296.0,3,5.0,7171,2024-05-02 18:15:00,2024-05-02 18:15:00,28.998333333337435,-95.03500099902033,,2024-05-02,6221,0 days 00:00:00,116,3,False,False,,,,Free
2024-05-02 18:15:00,126.20867309269642,87.70336,12510.316090702565,169,97,457.3185334527764,411.80406536076606,11477,5.0,7175,2024-05-02 18:15:00,2024-05-02 18:15:00,27.42181466547609,-93.87696037850492,,2024-05-02,6225,0 days 00:00:00,117,3,False,False,,,,Free
2024-05-02 18:30:00,1.1727311263105358,9.6,1.080156754716288,170,71,298.5,300.5,2,5.0,7188,2024-05-02 18:30:00,2024-05-02 18:30:00,29.010000000004105,-94.99000100030628,,2024-05-02,6221,0 days 00:15:00,116,3,False,False,,,,Free
2024-05-02 18:30:00,123.6243889157386,75.656265,12003.231911846326,170,72,453.1286582846436,417.850178632973,10975,5.0,7189,2024-05-02 18:30:00,2024-05-02 18:30:00,27.463713417157425,-93.81649924751063,,2024-05-02,6225,0 days 00:15:00,117,3,False,False,,,,Free
2024-05-02 18:45:00,1.6584521359931308,9.6,2.160208971480132,171,73,299.0,303.6666666666667,3,5.0,7205,2024-05-02 18:45:00,2024-05-02 18:45:00,29.005000000004102,-94.95833433454447,,2024-05-02,6221,0 days 00:30:00,116,3,False,False,,,,Free
2024-05-02 19:00:00,109.67978811985206,72.03004,9448.069667454323,172,54,448.3093871490302,424.0643615138544,8633,5.0,7223,2024-05-02 19:00:00,2024-05-02 19:00:00,27.51190612851357,-93.75435742047756,,2024-05-02,6225,0 days 00:45:00,117,3,False,False,,,,Free
2024-05-02 21:00:00,4.165174171271556,16.984615,13.625618171195164,180,14,6.093709881638496,23.364569960546167,13,5.0,7259,2024-05-02 21:00:00,2024-05-02 21:00:00,31.93406290118817,-97.76135522150628,,2024-05-02,6296,0 days 00:00:00,118,3,False,False,,,,Free
2024-05-02 21:30:00,25.310110729115618,64.04,503.1274026705953,182,7,4.275150135383812,22.88826472981827,481,5.0,7266,2024-05-02 21:30:00,2024-05-02 21:30:00,31.952248498650725,-97.76611827367748,,2024-05-02,6296,0 days 00:30:00,118,3,False,False,,,,Free
2024-05-02 21:45:00,28.701069193243555,60.27618,646.972815321014,183,22,5.622722588042066,22.282670658694865,617,5.0,7267,2024-05-02 21:45:00,2024-05-02 21:45:00,31.93877277412414,-97.77217421421562,,2024-05-02,6296,0 days 00:45:00,118,3,False,False,,,,Free
2024-05-02 22:15:00,4.635178489588453,10.8,16.874185002487025,185,23,63.50784312918845,2.0862745145704595,18,5.0,7276,2024-05-02 22:15:00,2024-05-02 22:15:00,31.359921568712583,-97.97413816988558,,2024-05-02,6308,0 days 00:00:00,119,3,False,False,,,,Free
2024-05-02 22:30:00,1.637691315199277,9.6,2.106463669754309,186,33,51.0,32.5,2,5.0,7281,2024-05-02 22:30:00,2024-05-02 22:30:00,31.48500000000449,-97.67000092372234,,2024-05-02,6313,0 days 00:00:00,120,4,False,False,,,,Free
2024-05-02 22:30:00,3.476106498656668,9.6,9.490214500458732,186,35,62.0,2.6666666666666665,9,5.0,7282,2024-05-02 22:30:00,2024-05-02 22:30:00,31.37500000000448,-97.96833424853044,,2024-05-02,6308,0 days 00:15:00,119,3,False,False,,,,Free
2024-05-02 22:45:00,50.86783391559949,332.34048,2032.2464362377527,187,16,19.63158751484457,21.0292661416983,1937,5.0,7283,2024-05-02 22:45:00,2024-05-02 22:45:00,31.79868412485609,-97.78470825902748,,2024-05-02,6314,0 days 00:00:00,121,3,False,False,,,,Free
2024-05-02 22:45:00,6.127749857662852,17.142859,29.491165643851765,187,19,51.22235294104448,34.66588235373315,28,5.0,7286,2024-05-02 22:45:00,2024-05-02 22:45:00,31.482776470594047,-97.64834210080392,,2024-05-02,6313,0 days 00:15:00,120,4,False,False,,,,Free
2024-05-02 23:00:00,55.852017875691246,396.1131,2450.0086520917694,188,43,20.19565465118253,25.2598660224818,2337,5.0,7287,2024-05-02 23:00:00,2024-05-02 23:00:00,31.793043453492714,-97.74240226142854,,2024-05-02,6314,0 days 00:15:00,121,3,False,False,,,,Free
2024-05-02 23:00:00,4.774949738514052,10.164707,17.907192012385938,188,46,52.2665148029142,35.89521640041632,17,5.0,7289,2024-05-02 23:00:00,2024-05-02 23:00:00,31.472334851975347,-97.63604876068835,,2024-05-02,6313,0 days 00:30:00,120,4,False,False,,,,Free
2024-05-02 23:00:00,1.6386959177337868,9.6,2.109048781826779,188,52,63.0,8.333333333333334,3,5.0,7293,2024-05-02 23:00:00,2024-05-02 23:00:00,31.36500000000447,-97.91166758348312,,2024-05-02,6308,0 days 00:45:00,119,3,False,False,,,,Free
2024-05-02 23:15:00,66.46856503185437,350.27505,3469.944171670243,189,59,20.940482255587007,31.11169274580449,3353,5.0,7295,2024-05-02 23:15:00,2024-05-02 23:15:00,31.785595177448663,-97.68388399586752,,2024-05-02,6314,0 days 00:30:00,121,3,False,False,,,,Free
2024-05-02 23:15:00,,,,189,68,53.65714285714286,36.142857142857146,35,5.0,7300,2024-05-02 23:15:00,2024-05-02 23:15:00,31.458428571433057,-97.63357235333471,,2024-05-02,6313,0 days 00:45:00,120,4,False,False,,,,Free
2024-05-03 00:15:00,2.3217254318168,21.6,4.2336173134381605,193,78,97.21385542826238,61.21385542826238,4,5.0,7338,2024-05-03 00:15:00,2024-05-03 00:15:00,31.022861445721794,-97.38286237764498,,2024-05-03,6361,0 days 00:00:00,122,3,False,False,,,,Free
2024-05-03 00:30:00,,,,194,104,97.5,60.5,4,5.0,7358,2024-05-03 00:30:00,2024-05-03 00:30:00,31.020000000004416,-97.39000093172363,,2024-05-03,6361,0 days 00:15:00,122,3,False,False,,,,Free
2024-05-03 00:45:00,3.67117247346824,31.679998,10.585209504119096,195,70,98.55547223495596,57.97676162391173,10,5.0,7375,2024-05-03 00:45:00,2024-05-03 00:45:00,31.00944527765485,-97.41523331476344,,2024-05-03,6361,0 days 00:30:00,122,3,False,False,,,,Free
2024-05-03 02:30:00,3.867361389963612,10.472727,11.746795159187634,202,203,183.4518272525247,7.076411960659195,11,5.0,7511,2024-05-03 02:30:00,2024-05-03 02:30:00,30.16048172747904,-97.92423679685066,,2024-05-03,6518,0 days 00:00:00,123,3,False,False,,,,Free
2024-05-03 02:45:00,12.00606165252275,18.74717,113.2116238458176,203,201,184.6763656710147,6.017567930106498,106,5.0,7552,2024-05-03 02:45:00,2024-05-03 02:45:00,30.148236343294133,-97.9348252368536,,2024-05-03,6518,0 days 00:15:00,123,3,False,False,,,,Free
2024-05-03 03:00:00,4.360864076277146,16.457144,14.936023288312285,204,291,174.02618454191528,77.08603491494225,14,5.0,7606,2024-05-03 03:00:00,2024-05-03 03:00:00,30.254738154585144,-97.22414058731384,,2024-05-03,6606,0 days 00:00:00,124,3,False,False,,,,Free
2024-05-03 03:00:00,6.0595523109725375,10.311112,28.83838658738022,204,302,185.54811715509,3.0320781033933177,27,5.0,7615,2024-05-03 03:00:00,2024-05-03 03:00:00,30.13951882845338,-97.9646801342676,,2024-05-03,6518,0 days 00:30:00,123,3,False,False,,,,Free
2024-05-03 03:15:00,4.360388268295756,10.971429,14.932764167520428,205,303,171.94019139192636,76.88995215201841,14,5.0,7680,2024-05-03 03:15:00,2024-05-03 03:15:00,30.27559808608504,-97.22610141488708,,2024-05-03,6606,0 days 00:15:00,124,3,False,False,,,,Free
2024-05-03 03:30:00,4.677694442261937,11.400001,17.185160000445546,206,297,241.3183593748181,67.77148437627329,16,5.0,7766,2024-05-03 03:30:00,2024-05-03 03:30:00,29.58181640625601,-97.3172860900388,,2024-05-03,6748,0 days 00:00:00,125,3,False,False,,,,Free
2024-05-03 03:45:00,2.8534660441244903,11.200001,6.394922698277552,207,328,164.49462366142717,75.38172042321602,6,5.0,7799,2024-05-03 03:45:00,2024-05-03 03:45:00,30.35005376339004,-97.24118373174406,,2024-05-03,6606,0 days 00:45:00,124,3,False,False,,,,Free
2024-05-03 03:45:00,9.354533970826424,11.549999,68.72807726808968,207,370,239.6956106801415,64.2686068568678,64,5.0,7830,2024-05-03 03:45:00,2024-05-03 03:45:00,29.59804389320278,-97.35231486423186,,2024-05-03,6748,0 days 00:15:00,125,3,False,False,,,,Free
2024-05-03 04:00:00,2.025001082710588,9.6,3.220626787736157,208,304,236.3333333333333,59.333333333333336,3,5.0,7879,2024-05-03 04:00:00,2024-05-03 04:00:00,29.631666666670867,-97.40166759805692,,2024-05-03,6748,0 days 00:30:00,125,3,False,False,,,,Free
2024-05-03 04:45:00,6.902230452123598,13.440001,37.416985210062535,211,280,194.475287746348,406.0927555720291,35,5.0,8009,2024-05-03 04:45:00,2024-05-03 04:45:00,30.050247122540785,-93.93407347476024,,2024-05-03,6970,0 days 00:00:00,126,3,False,False,,,,Free
2024-05-03 05:15:00,7.376682577884028,16.560001,42.73779123485857,213,222,188.50432527166183,412.21193770919785,40,5.0,8114,2024-05-03 05:15:00,2024-05-03 05:15:00,30.10995674728765,-93.87288165513718,,2024-05-03,6970,0 days 00:30:00,126,3,False,False,,,,Free
2024-05-03 05:15:00,6.004315209768759,48.36923,28.3150184011598,213,275,385.5952465260143,1.102341273266111,26,5.0,8158,2024-05-03 05:15:00,2024-05-03 05:15:00,28.139047534743824,-97.9839775020174,,2024-05-03,7100,0 days 00:00:00,128,5,False,False,,,,Free
2024-05-03 05:30:00,12.774351709369755,60.8,128.16446227219618,214,252,185.1705353051381,415.8833951486841,153,5.0,8168,2024-05-03 05:30:00,2024-05-03 05:30:00,30.1432946469529,-93.83616708179149,,2024-05-03,6970,0 days 00:45:00,126,3,False,False,,,,Free
2024-05-03 05:30:00,17.423724793212607,58.848434,238.43603265774976,214,259,196.2213236970859,449.325125195556,230,5.0,8172,2024-05-03 05:30:00,2024-05-03 05:30:00,30.032786763033403,-93.5017497908791,,2024-05-03,7113,0 days 00:00:00,129,5,False,False,,,,Free
2024-05-03 05:30:00,11.531611784379184,36.0,104.44073222159676,214,310,374.1670122425717,18.58517831144532,97,5.0,8209,2024-05-03 05:30:00,2024-05-03 05:30:00,28.253329877578267,-97.80914913663156,,2024-05-03,7145,0 days 00:00:00,130,3,False,False,,,,Free
2024-05-03 05:30:00,8.241374910463094,88.75103,53.34444778726863,214,311,382.3767727214516,1.7541303554087322,49,5.0,8210,2024-05-03 05:30:00,2024-05-03 05:30:00,28.171232272789457,-97.97745961138224,,2024-05-03,7100,0 days 00:15:00,128,5,False,False,,,,Free
2024-05-03 05:30:00,3.115380771436446,10.971428,7.622758334178769,214,313,384.3301435439448,13.550239239907937,7,5.0,8212,2024-05-03 05:30:00,2024-05-03 05:30:00,28.151698564564523,-97.85949852590812,,2024-05-03,7147,0 days 00:00:00,131,3,False,False,,,,Free
2024-05-03 05:30:00,1.665906510798407,9.6,2.179671935415564,214,315,392.6666666666667,10.0,3,5.0,8214,2024-05-03 05:30:00,2024-05-03 05:30:00,28.06833333333729,-97.89500091729268,,2024-05-03,7149,0 days 00:00:00,132,4,False,False,,,,Free
2024-05-03 05:45:00,13.62223124927028,41.122387,145.74255486794024,215,303,371.5980910583244,18.91909758942394,134,5.0,8266,2024-05-03 05:45:00,2024-05-03 05:45:00,28.279019089420743,-97.80580994394715,,2024-05-03,7145,0 days 00:15:00,130,3,False,False,,,,Free
2024-05-03 05:45:00,7.808449805001762,77.454544,47.88720913464432,215,304,379.28939771852106,0.7742785603453723,44,5.0,8267,2024-05-03 05:45:00,2024-05-03 05:45:00,28.202106022818768,-97.98725812905286,,2024-05-03,7100,0 days 00:30:00,128,5,False,False,,,,Free
2024-05-03 05:45:00,,,,215,305,382.0480688939607,15.397332607724724,25,5.0,8268,2024-05-03 05:45:00,2024-05-03 05:45:00,28.174519311064365,-97.84102759275775,,2024-05-03,7147,0 days 00:15:00,131,3,False,False,,,,Free
2024-05-03 05:45:00,8.493265199589395,52.98461,56.655131431344834,215,307,389.5906540709332,9.188361623753062,52,5.0,8270,2024-05-03 05:45:00,2024-05-03 05:45:00,28.09909345929463,-97.90311730082324,,2024-05-03,7149,0 days 00:15:00,132,4,False,False,,,,Free
2024-05-03 06:00:00,14.57734220508922,19.079247,166.89625031122935,216,351,19.666191157665768,361.0035663166565,160,5.0,8273,2024-05-03 06:00:00,2024-05-03 06:00:00,31.798338088427883,-94.38496535442926,,2024-05-03,7200,0 days 00:00:00,133,3,False,False,,,,Free
2024-05-03 06:00:00,8.883551893990823,91.69655,61.98165504641391,216,374,190.62735661781883,458.5960941743121,58,5.0,8282,2024-05-03 06:00:00,2024-05-03 06:00:00,30.08872643382608,-93.40904010374084,,2024-05-03,7113,0 days 00:30:00,129,5,False,False,,,,Free
2024-05-03 06:00:00,7.625383168330753,38.171432,45.66812953956482,216,457,368.2763422273578,19.60393339278095,42,5.0,8324,2024-05-03 06:00:00,2024-05-03 06:00:00,28.312236577730417,-97.79896158610931,,2024-05-03,7145,0 days 00:30:00,130,3,False,False,,,,Free
2024-05-03 06:00:00,5.644834967317387,105.59999,25.026054162397948,216,458,376.7637652161778,0.396404188591905,23,5.0,8325,2024-05-03 06:00:00,2024-05-03 06:00:00,28.2273623478422,-97.99103687266243,,2024-05-03,7100,0 days 00:45:00,128,5,False,False,,,,Free
2024-05-03 06:00:00,2.883595239421425,44.8,6.530681158307468,216,459,379.36013399363696,17.4807370049395,6,5.0,8326,2024-05-03 06:00:00,2024-05-03 06:00:00,28.201398660067607,-97.82019354938096,,2024-05-03,7147,0 days 00:30:00,131,3,False,False,,,,Free
2024-05-03 06:00:00,6.661520737299791,32.4,34.852717791376364,216,460,386.1352646074371,8.740419714227759,32,5.0,8327,2024-05-03 06:00:00,2024-05-03 06:00:00,28.1336473539296,-97.90759671979048,,2024-05-03,7149,0 days 00:30:00,132,4,False,False,,,,Free
2024-05-03 06:15:00,13.575755621914142,16.626087,144.74977742249482,217,274,13.758110603438574,368.6252330383688,139,5.0,8334,2024-05-03 06:15:00,2024-05-03 06:15:00,31.857418893970163,-94.30874868939009,,2024-05-03,7200,0 days 00:15:00,133,3,False,False,,,,Free
2024-05-03 06:15:00,11.662673602221629,83.712006,106.82825247958296,217,293,188.3630615246152,465.1586378396953,101,5.0,8346,2024-05-03 06:15:00,2024-05-03 06:15:00,30.111369384758124,-93.34341466896228,,2024-05-03,7113,0 days 00:45:00,129,5,False,False,,,,Free
2024-05-03 06:15:00,10.24349951343378,28.051954,82.41126559067378,217,305,205.7401036384429,449.0890155623969,94,5.0,8351,2024-05-03 06:15:00,2024-05-03 06:15:00,29.93759896361982,-93.5041108871432,,2024-05-03,7262,0 days 00:00:00,134,3,False,False,,,,Free
2024-05-03 06:15:00,3.1140275759271434,13.714286,7.616137736007655,217,356,375.54754097438,0.1508196752066893,7,5.0,8380,2024-05-03 06:15:00,2024-05-03 06:15:00,28.23952459026018,-97.9934927177261,,2024-05-03,7100,0 days 01:00:00,128,5,False,False,,,,Free
2024-05-03 06:15:00,3.9052748830277073,19.200003,11.978242409349106,217,357,384.3367477558433,7.302176697402819,11,5.0,8381,2024-05-03 06:15:00,2024-05-03 06:15:00,28.15163252244553,-97.92197914954772,,2024-05-03,7149,0 days 00:45:00,132,4,False,False,,,,Free
2024-05-03 06:30:00,5.890889298315749,9.6,27.255340024982683,218,249,7.3076923076923075,374.0,26,5.0,8384,2024-05-03 06:30:00,2024-05-03 06:30:00,31.92192307692764,-94.25500102130968,,2024-05-03,7200,0 days 00:30:00,133,3,False,False,,,,Free
2024-05-03 06:30:00,10.099699434937955,35.328003,80.1136982415223,218,289,186.9789399541588,471.21446124178766,76,5.0,8408,2024-05-03 06:30:00,2024-05-03 06:30:00,30.12521060046269,-93.28285643667192,,2024-05-03,7113,0 days 01:00:00,129,5,False,False,,,,Free
2024-05-03 06:30:00,3.301246608359063,9.6,8.559449173775919,218,293,202.3333333333333,456.8888888888889,9,5.0,8410,2024-05-03 06:30:00,2024-05-03 06:30:00,29.97166666667092,-93.4261121561072,,2024-05-03,7262,0 days 00:15:00,134,3,False,False,,,,Free
2024-05-03 06:45:00,4.363158742653778,19.2,14.951745955672369,219,323,185.12211537606265,478.29903845792336,16,5.0,8458,2024-05-03 06:45:00,2024-05-03 06:45:00,30.14377884624365,-93.21201066653504,,2024-05-03,7113,0 days 01:15:00,129,5,False,False,,,,Free
2024-05-03 06:45:00,1.6501556511703506,9.6,2.138649937750589,219,329,197.0,466.5,2,5.0,8464,2024-05-03 06:45:00,2024-05-03 06:45:00,30.025000000004265,-93.3300010477426,,2024-05-03,7262,0 days 00:30:00,134,3,False,False,,,,Free
2024-05-03 08:45:00,1.6508205056496414,9.6,2.140373626582725,227,221,205.0,255.5,4,5.0,8746,2024-05-03 08:45:00,2024-05-03 08:45:00,29.94500000000425,-95.44000098744698,,2024-05-03,7629,0 days 00:00:00,135,3,False,False,,,,Free
2024-05-03 09:00:00,2.021800062135003,12.8,3.210452823391808,228,303,204.80341879993543,255.1965812000645,3,5.0,8782,2024-05-03 09:00:00,2024-05-03 09:00:00,29.94696581200489,-95.44303517535968,,2024-05-03,7629,0 days 00:15:00,135,3,False,False,,,,Free
2024-05-03 09:15:00,4.508120064854105,12.160003,15.961761950589942,229,308,149.22160148545865,178.0819366904147,15,5.0,8820,2024-05-03 09:15:00,2024-05-03 09:15:00,30.50278398514975,-96.21418159841984,,2024-05-03,7700,0 days 00:00:00,137,3,False,False,,,,Free
2024-05-03 09:15:00,,,,229,331,204.0833333333333,252.91666666666663,12,5.0,8829,2024-05-03 09:15:00,2024-05-03 09:15:00,29.95416666667092,-95.46583432004212,,2024-05-03,7629,0 days 00:30:00,135,3,False,False,,,,Free
2024-05-03 09:30:00,1.633811411102398,9.6,2.0964945191076665,230,410,7.0,108.5,2,5.0,8864,2024-05-03 09:30:00,2024-05-03 09:30:00,31.92500000000456,-96.91000094544016,,2024-05-03,7735,0 days 00:00:00,138,3,False,False,,,,Free
2024-05-03 09:30:00,13.62295923231468,26.347445,145.7581324839466,230,442,147.8391164915583,177.16306503855395,139,5.0,8888,2024-05-03 09:30:00,2024-05-03 09:30:00,30.51660883508876,-96.22337031467583,,2024-05-03,7700,0 days 00:15:00,137,3,False,False,,,,Free
2024-05-03 09:45:00,2.3109035717512976,9.6,4.194242426741227,231,516,9.75,107.0,4,5.0,8948,2024-05-03 09:45:00,2024-05-03 09:45:00,31.897500000004555,-96.9250009450115,,2024-05-03,7816,0 days 00:00:00,139,3,False,False,,,,Free
2024-05-03 09:45:00,2.0015456784832373,9.6,3.1464504221695533,231,520,12.0,87.0,3,5.0,8951,2024-05-03 09:45:00,2024-05-03 09:45:00,31.87500000000455,-97.12500093929629,,2024-05-03,7819,0 days 00:00:00,140,3,False,False,,,,Free
2024-05-03 09:45:00,10.144990113545196,38.27368,80.83382646219769,231,569,145.0721290620087,177.22002534340456,76,5.0,8986,2024-05-03 09:45:00,2024-05-03 09:45:00,30.54427870938425,-96.22280071164364,,2024-05-03,7700,0 days 00:30:00,137,3,False,False,,,,Free
2024-05-03 10:00:00,9.801394412675185,17.599998,75.45110645522922,232,386,4.107363318403979,110.57429451698876,72,5.0,9044,2024-05-03 10:00:00,2024-05-03 10:00:00,31.953926366820525,-96.88925800086304,,2024-05-03,7735,0 days 00:30:00,138,3,False,False,,,,Free
2024-05-03 10:00:00,1.6339890170120714,14.400001,2.0969503490181225,232,391,9.0,105.24468085646036,2,5.0,9048,2024-05-03 10:00:00,2024-05-03 10:00:00,31.90500000000456,-96.94255413594529,,2024-05-03,7816,0 days 00:15:00,139,3,False,False,,,,Free
2024-05-03 10:00:00,4.335367627255642,9.599999,14.761882429096024,232,407,61.57142857142857,134.64285714285714,14,5.0,9060,2024-05-03 10:00:00,2024-05-03 10:00:00,31.379285714290187,-96.6485723814822,,2024-05-03,7917,0 days 00:00:00,141,3,False,False,,,,Free
2024-05-03 10:00:00,2.844105422354696,9.599999,6.353035206073422,232,420,101.42857142857144,102.57142857142856,7,5.0,9069,2024-05-03 10:00:00,2024-05-03 10:00:00,30.980714285718697,-96.9692866580317,,2024-05-03,7924,0 days 00:00:00,142,3,False,False,,,,Free
2024-05-03 10:00:00,6.729528171394728,9.6,35.56797273290392,232,497,276.55882352941177,4.647058823529412,34,5.0,9120,2024-05-03 10:00:00,2024-05-03 10:00:00,29.22941176471002,-97.94853032752776,,2024-05-03,7974,0 days 00:00:00,144,3,False,False,,,,Free
2024-05-03 10:15:00,,,,233,529,10.320279485818824,84.12672082443562,461,5.0,9131,2024-05-03 10:15:00,2024-05-03 10:15:00,31.891797205146364,-97.15373373023084,,2024-05-03,7819,0 days 00:30:00,140,3,False,False,,,,Free
2024-05-03 10:15:00,5.293056738962822,28.799997,22.00406809364944,233,530,3.065618864551059,109.1913556093133,23,5.0,9132,2024-05-03 10:15:00,2024-05-03 10:15:00,31.96434381135905,-96.90308738954457,,2024-05-03,7735,0 days 00:45:00,138,3,False,False,,,,Free
2024-05-03 10:15:00,2.8381031880521586,9.599999,6.326248457596605,233,570,61.16666666666666,133.0,6,5.0,9163,2024-05-03 10:15:00,2024-05-03 10:15:00,31.38333333333781,-96.66500095244128,,2024-05-03,7917,0 days 00:15:00,141,3,False,False,,,,Free
2024-05-03 10:15:00,5.1871508220955045,13.920001,21.132342113017472,233,583,81.10313901561038,131.26905828997118,20,5.0,9173,2024-05-03 10:15:00,2024-05-03 10:15:00,31.18396860984834,-96.68231036904696,,2024-05-03,8021,0 days 00:00:00,146,4,False,False,,,,Free
2024-05-03 10:15:00,7.251040361392905,18.461535,41.29433973360074,233,597,100.91657143093808,105.8228571307124,39,5.0,9184,2024-05-03 10:15:00,2024-05-03 10:15:00,30.98583428569503,-96.936772373368,,2024-05-03,7924,0 days 00:15:00,142,3,False,False,,,,Free
2024-05-03 10:15:00,8.114865267637104,9.599999,51.71928454798362,233,686,273.29411764705884,5.666666666666667,51,5.0,9243,2024-05-03 10:15:00,2024-05-03 10:15:00,29.26205882353356,-97.93833424938772,,2024-05-03,7974,0 days 00:15:00,144,3,False,False,,,,Free
2024-05-03 10:30:00,13.424035971935286,22.044445,141.53247322623454,234,598,9.502362076783424,80.43031884953265,146,5.0,9256,2024-05-03 10:30:00,2024-05-03 10:30:00,31.89997637923672,-97.19069774892358,,2024-05-03,7819,0 days 00:45:00,140,3,False,False,,,,Free
2024-05-03 10:30:00,4.322943997879436,26.057144,14.6773989906895,234,603,8.144504758990193,103.35413842252947,14,5.0,9260,2024-05-03 10:30:00,2024-05-03 10:30:00,31.913554952414657,-96.96145955974436,,2024-05-03,7816,0 days 00:45:00,139,3,False,False,,,,Free
2024-05-03 10:30:00,2.840889409184096,9.599999,6.338675757116135,234,640,79.66666666666667,132.16666666666666,6,5.0,9291,2024-05-03 10:30:00,2024-05-03 10:30:00,31.19833333333778,-96.6733342855365,,2024-05-03,8021,0 days 00:15:00,146,4,False,False,,,,Free
2024-05-03 10:30:00,3.483151391405518,11.733334,9.528720393281343,234,659,100.38613861230324,108.38613861230324,9,5.0,9308,2024-05-03 10:30:00,2024-05-03 10:30:00,30.99113861388138,-96.91113955928456,,2024-05-03,7924,0 days 00:30:00,142,3,False,False,,,,Free
2024-05-03 10:30:00,9.22544668781747,10.361901,66.84434750843776,234,678,121.15946260567812,162.99007008976486,64,5.0,9318,2024-05-03 10:30:00,2024-05-03 10:30:00,30.7834053739476,-96.36510026011364,,2024-05-03,8145,0 days 00:00:00,147,3,False,False,,,,Free
2024-05-03 10:30:00,5.103974551909475,9.600001,20.46005901580611,234,767,268.12,5.44,25,5.0,9376,2024-05-03 10:30:00,2024-05-03 10:30:00,29.31380000000415,-97.94060091598963,,2024-05-03,7974,0 days 00:30:00,144,3,False,False,,,,Free
2024-05-03 10:45:00,2.5905781728927275,9.6,5.270881899339805,235,615,59.4,130.2,5,5.0,9430,2024-05-03 10:45:00,2024-05-03 10:45:00,31.40100000000448,-96.69300095164118,,2024-05-03,7917,0 days 00:45:00,141,3,False,False,,,,Free
2024-05-03 10:45:00,,,,235,629,79.5,133.5,2,5.0,9443,2024-05-03 10:45:00,2024-05-03 10:45:00,31.200000000004444,-96.66000095258414,,2024-05-03,8021,0 days 00:30:00,146,4,False,False,,,,Free
2024-05-03 10:45:00,1.643617546388759,9.6,2.121736361368606,235,655,119.5,165.0,2,5.0,9465,2024-05-03 10:45:00,2024-05-03 10:45:00,30.80000000000438,-96.34500096158564,,2024-05-03,8145,0 days 00:15:00,147,3,False,False,,,,Free
2024-05-03 10:45:00,25.911569236231266,27.763748,527.3237255788041,235,707,240.66063828306528,145.72033762870296,550,5.0,9493,2024-05-03 10:45:00,2024-05-03 10:45:00,29.58839361717354,-96.53779757978924,,2024-05-03,8296,0 days 00:00:00,149,3,False,False,,,,Free
2024-05-03 11:00:00,2.0062895686024413,9.6,3.161382985414753,236,555,56.0,17.0,3,5.0,9559,2024-05-03 11:00:00,2024-05-03 11:00:00,31.43500000000448,-97.82500091929302,,2024-05-03,8354,0 days 00:00:00,150,4,False,False,,,,Free
2024-05-03 11:00:00,6.656011606157104,11.054546,34.79509467365241,236,561,61.13213213972903,72.78278279090524,33,5.0,9563,2024-05-03 11:00:00,2024-05-03 11:00:00,31.383678678607183,-97.26717310732448,,2024-05-03,8358,0 days 00:00:00,151,3,False,False,,,,Free
2024-05-03 11:00:00,5.065199248219016,11.621054,20.15036646501193,236,590,116.70747217420367,167.063593015496,19,5.0,9583,2024-05-03 11:00:00,2024-05-03 11:00:00,30.82792527826235,-96.32436503202037,,2024-05-03,8145,0 days 00:30:00,147,3,False,False,,,,Free
2024-05-03 11:00:00,13.332185241585616,27.766155,139.602295617456,236,644,241.168747017194,142.41076854843274,131,5.0,9614,2024-05-03 11:00:00,2024-05-03 11:00:00,29.58331252983225,-96.5708932696462,,2024-05-03,8296,0 days 00:15:00,149,3,False,False,,,,Free
2024-05-03 11:15:00,2.588780222973242,9.6,5.263568093348355,237,646,46.4,11.2,5,5.0,9679,2024-05-03 11:15:00,2024-05-03 11:15:00,31.531000000004497,-97.88300091763564,,2024-05-03,8460,0 days 00:00:00,152,3,False,False,,,,Free
2024-05-03 11:15:00,,,,237,657,55.75,45.75,4,5.0,9688,2024-05-03 11:15:00,2024-05-03 11:15:00,31.437500000004484,-97.53750092750865,,2024-05-03,8468,0 days 00:00:00,153,4,False,False,,,,Free
2024-05-03 11:15:00,4.487012984532233,11.520001,15.81264547320405,237,663,59.38036809875775,70.52556237039343,15,5.0,9692,2024-05-03 11:15:00,2024-05-03 11:15:00,31.4011963190169,-97.2897453108846,,2024-05-03,8358,0 days 00:15:00,151,3,False,False,,,,Free
2024-05-03 11:15:00,3.2798706396686645,9.6,8.448961122392829,237,670,76.75,127.75,8,5.0,9699,2024-05-03 11:15:00,2024-05-03 11:15:00,31.22750000000445,-96.71750095094104,,2024-05-03,8021,0 days 01:00:00,146,4,False,False,,,,Free
2024-05-03 11:15:00,1.6438312149980916,19.2,2.122288044363375,237,696,122.13939394289687,46.70909091434531,3,5.0,9718,2024-05-03 11:15:00,2024-05-03 11:15:00,30.77360606057541,-97.52791001863926,,2024-05-03,8495,0 days 00:00:00,155,4,False,False,,,,Free
2024-05-03 11:15:00,6.076007263637257,38.04444,28.99522279246497,237,748,240.846671147646,139.7856982763123,27,5.0,9758,2024-05-03 11:15:00,2024-05-03 11:15:00,29.586533288527733,-96.59714397161724,,2024-05-03,8296,0 days 00:30:00,149,3,False,False,,,,Free
2024-05-03 11:30:00,2.0051101945016283,9.6,3.157667313051156,238,591,44.75,13.5,4,5.0,9823,2024-05-03 11:30:00,2024-05-03 11:30:00,31.5475000000045,-97.86000091829284,,2024-05-03,8460,0 days 00:15:00,152,3,False,False,,,,Free
2024-05-03 11:30:00,2.8365645506404973,9.599999,6.319390945106041,238,595,51.0,18.166666666666668,6,5.0,9826,2024-05-03 11:30:00,2024-05-03 11:30:00,31.48500000000449,-97.81333425295976,,2024-05-03,8354,0 days 00:30:00,150,4,False,False,,,,Free
2024-05-03 11:30:00,3.8413606917204,13.090909,11.589376111440156,238,601,54.15955056011218,44.57752809133242,11,5.0,9830,2024-05-03 11:30:00,2024-05-03 11:30:00,31.45340449440336,-97.54922564626024,,2024-05-03,8468,0 days 00:15:00,153,4,False,False,,,,Free
2024-05-03 11:30:00,2.590302080281179,9.6,5.269758463639794,238,605,57.4,68.2,5,5.0,9833,2024-05-03 11:30:00,2024-05-03 11:30:00,31.42100000000448,-97.313000933924,,2024-05-03,8358,0 days 00:30:00,151,3,False,False,,,,Free
2024-05-03 11:30:00,2.324547124171314,12.0,4.243914159622707,238,629,120.32857143343712,32.67142856656289,4,5.0,9853,2024-05-03 11:30:00,2024-05-03 11:30:00,30.79171428567001,-97.66828663810566,,2024-05-03,8602,0 days 00:00:00,156,4,False,False,,,,Free
2024-05-03 11:30:00,5.614827925026554,12.521741,24.760692328493104,238,707,264.4254335331492,7.239306362396436,23,5.0,9900,2024-05-03 11:30:00,2024-05-03 11:30:00,29.350745664672665,-97.92260785287982,,2024-05-03,8642,0 days 00:00:00,157,3,False,False,,,,Free
2024-05-03 11:30:00,4.055602977372309,27.199997,12.918162633326276,238,708,264.2852852898004,95.55480479003386,12,5.0,9901,2024-05-03 11:30:00,2024-05-03 11:30:00,29.35214714710615,-97.03945289384058,,2024-05-03,8643,0 days 00:00:00,158,3,False,False,,,,Free
2024-05-03 11:30:00,1.6556659284326272,19.2,2.1529567455767773,238,709,264.0,2.161971835715504,2,5.0,9902,2024-05-03 11:30:00,2024-05-03 11:30:00,29.35500000000416,-97.97338119669575,,2024-05-03,8644,0 days 00:00:00,159,3,False,False,,,,Free
2024-05-03 11:30:00,7.769643731221384,18.109089,47.41241658706439,238,714,275.66772426492736,57.55321604584925,61,5.0,9907,2024-05-03 11:30:00,2024-05-03 11:30:00,29.238322757354865,-97.41946877042308,,2024-05-03,8649,0 days 00:00:00,160,3,False,False,,,,Free
2024-05-03 11:30:00,2.6205002507027984,11.5199995,5.393346124323989,238,721,284.8588957037268,63.85889570372676,5,5.0,9911,2024-05-03 11:30:00,2024-05-03 11:30:00,29.146411042966857,-97.3564119756462,,2024-05-03,8653,0 days 00:00:00,161,3,False,False,,,,Free
2024-05-03 11:45:00,1.6369901488115273,9.6,2.1046603197227736,239,513,43.0,13.5,2,5.0,9949,2024-05-03 11:45:00,2024-05-03 11:45:00,31.565000000004503,-97.86000091829284,,2024-05-03,8460,0 days 00:30:00,152,3,False,False,,,,Free
2024-05-03 11:45:00,3.8401104236598216,11.345454,11.581833227594354,239,517,48.0,18.862464187687465,11,5.0,9951,2024-05-03 11:45:00,2024-05-03 11:45:00,31.51500000000449,-97.80637627794836,,2024-05-03,8354,0 days 00:45:00,150,4,False,False,,,,Free
2024-05-03 11:45:00,5.790744073037668,14.208,26.336534282239697,239,519,53.562119884476985,45.58992180906787,25,5.0,9953,2024-05-03 11:45:00,2024-05-03 11:45:00,31.45937880115972,-97.53910170937225,,2024-05-03,8468,0 days 00:30:00,153,4,False,False,,,,Free
2024-05-03 11:45:00,4.348150663733007,18.514286,14.84906298480886,239,559,117.62684989242685,32.10147991394148,14,5.0,9972,2024-05-03 11:45:00,2024-05-03 11:45:00,30.81873150108012,-97.67398612446902,,2024-05-03,8602,0 days 00:15:00,156,4,False,False,,,,Free
2024-05-03 11:45:00,4.791435998326286,24.282352,18.031060236062896,239,560,117.8584502711673,43.16778522650331,17,5.0,9973,2024-05-03 11:45:00,2024-05-03 11:45:00,30.81641549729272,-97.56332307450572,,2024-05-03,8495,0 days 00:30:00,155,4,False,False,,,,Free
2024-05-03 11:45:00,1.6474353632096723,9.6,2.1316046043152967,239,591,164.5,40.0,2,5.0,9994,2024-05-03 11:45:00,2024-05-03 11:45:00,30.350000000004314,-97.59500092586552,,2024-05-03,8710,0 days 00:00:00,162,3,False,False,,,,Free
2024-05-03 11:45:00,5.614803970028387,15.860871,24.760481051822843,239,628,264.10408327584435,7.090472381814829,23,5.0,10017,2024-05-03 11:45:00,2024-05-03 11:45:00,29.353959167245712,-97.9240961926431,,2024-05-03,8642,0 days 00:15:00,157,3,False,False,,,,Free
2024-05-03 11:45:00,4.055602977372309,44.800003,12.918162633326276,239,629,264.279731984938,95.55067002267896,12,5.0,10018,2024-05-03 11:45:00,2024-05-03 11:45:00,29.35220268015477,-97.03949424151295,,2024-05-03,8643,0 days 00:15:00,158,3,False,False,,,,Free
2024-05-03 11:45:00,2.027801524720187,22.4,3.2295407731094445,239,630,264.0881226081639,2.360153260204908,3,5.0,10019,2024-05-03 11:45:00,2024-05-03 11:45:00,29.35411877392252,-97.97139938250746,,2024-05-03,8644,0 days 00:15:00,159,3,False,False,,,,Free
2024-05-03 11:45:00,7.500054567886837,25.521952,44.179289556216645,239,634,275.8708370080322,57.4606167478586,61,5.0,10023,2024-05-03 11:45:00,2024-05-03 11:45:00,29.236291629923816,-97.42039476337652,,2024-05-03,8649,0 days 00:15:00,160,3,False,False,,,,Free
2024-05-03 11:45:00,2.6205002507027984,19.2,5.393346124323989,239,640,284.6647887342862,63.9352112657138,5,5.0,10026,2024-05-03 11:45:00,2024-05-03 11:45:00,29.148352112661264,-97.35564882004816,,2024-05-03,8653,0 days 00:15:00,161,3,False,False,,,,Free
2024-05-03 11:45:00,2.626794044658096,9.6,5.419284204282604,239,645,334.6,20.2,5,5.0,10030,2024-05-03 11:45:00,2024-05-03 11:45:00,28.649000000004047,-97.79300092020748,,2024-05-03,8734,0 days 00:00:00,164,3,False,False,,,,Free
2024-05-03 11:45:00,7.248443789080866,20.210526,41.26477031028238,239,651,354.72318338820594,17.45224912840194,38,5.0,10035,2024-05-03 11:45:00,2024-05-03 11:45:00,28.44776816612196,-97.82047842813824,,2024-05-03,8738,0 days 00:00:00,165,4,False,False,,,,Free
2024-05-03 12:00:00,15.795896674232088,57.39465,195.96497200761635,240,493,3.754332600509904,36.025985409690776,187,5.0,10043,2024-05-03 12:00:00,2024-05-03 12:00:00,31.957456673999467,-97.63474107063296,,2024-05-03,8745,0 days 00:00:00,166,3,False,False,,,,Free
2024-05-03 12:00:00,1.6372533084330905,9.6,2.10533705700499,240,507,46.0,17.5,2,5.0,10054,2024-05-03 12:00:00,2024-05-03 12:00:00,31.53500000000449,-97.82000091943588,,2024-05-03,8354,0 days 01:00:00,150,4,False,False,,,,Free
2024-05-03 12:00:00,6.447585892252951,13.935486,32.650072808276015,240,509,50.63682311205118,47.65992781615447,31,5.0,10056,2024-05-03 12:00:00,2024-05-03 12:00:00,31.48863176888398,-97.5184016498929,,2024-05-03,8468,0 days 00:45:00,153,4,False,False,,,,Free
2024-05-03 12:00:00,5.692744386981682,20.800001,25.452664260637818,240,537,116.52471678906576,31.62976312602129,26,5.0,10077,2024-05-03 12:00:00,2024-05-03 12:00:00,30.82975283211373,-97.6787032922134,,2024-05-03,8602,0 days 00:30:00,156,4,False,False,,,,Free
2024-05-03 12:00:00,5.810406266820785,25.728,26.515686796809785,240,538,117.49710535192035,42.29949821604568,25,5.0,10078,2024-05-03 12:00:00,2024-05-03 12:00:00,30.820028946485184,-97.57200594436216,,2024-05-03,8495,0 days 00:45:00,155,4,False,False,,,,Free
2024-05-03 12:00:00,2.3292594964926816,9.6,4.261138310096903,240,564,159.75,37.25,4,5.0,10096,2024-05-03 12:00:00,2024-05-03 12:00:00,30.39750000000432,-97.62250092507968,,2024-05-03,8710,0 days 00:15:00,162,3,False,False,,,,Free
2024-05-03 12:00:00,2.617760575007011,9.6,5.382074768567145,240,613,263.4,96.0,5,5.0,10127,2024-05-03 12:00:00,2024-05-03 12:00:00,29.36100000000416,-97.03500094186812,,2024-05-03,8643,0 days 00:30:00,158,3,False,False,,,,Free
2024-05-03 12:00:00,2.61783768111615,9.6,5.382391831143634,240,614,264.0,6.6,5,5.0,10128,2024-05-03 12:00:00,2024-05-03 12:00:00,29.35500000000416,-97.92900091632112,,2024-05-03,8642,0 days 00:30:00,157,3,False,False,,,,Free
2024-05-03 12:00:00,1.6556659284326272,9.6,2.1529567455767773,240,615,264.0,2.5,2,5.0,10129,2024-05-03 12:00:00,2024-05-03 12:00:00,29.35500000000416,-97.97000091514953,,2024-05-03,8644,0 days 00:30:00,159,3,False,False,,,,Free
2024-05-03 12:00:00,4.829682872236473,11.294118,18.320069261771312,240,620,275.1757009327469,56.39065420627386,17,5.0,10133,2024-05-03 12:00:00,2024-05-03 12:00:00,29.24324299067667,-97.4310943884866,,2024-05-03,8649,0 days 00:30:00,160,3,False,False,,,,Free
2024-05-03 12:00:00,2.029817599760035,9.6,3.235965695011927,240,626,284.6666666666667,63.66666666666666,3,5.0,10137,2024-05-03 12:00:00,2024-05-03 12:00:00,29.14833333333745,-97.35833426596184,,2024-05-03,8653,0 days 00:30:00,161,3,False,False,,,,Free
2024-05-03 12:00:00,7.047964880617011,17.066666,39.01371832489152,240,641,333.3499079168663,16.987108646681776,36,5.0,10144,2024-05-03 12:00:00,2024-05-03 12:00:00,28.661500920835387,-97.82512983282254,,2024-05-03,8734,0 days 00:15:00,164,3,False,False,,,,Free
2024-05-03 12:00:00,7.709794861817223,21.209301,46.68480260222135,240,647,352.311621233287,14.3035867971134,43,5.0,10150,2024-05-03 12:00:00,2024-05-03 12:00:00,28.47188378767115,-97.85196505055136,,2024-05-03,8738,0 days 00:15:00,165,4,False,False,,,,Free
2024-05-03 12:15:00,13.369819673893852,66.125374,140.39155385298693,241,373,1.7854910412363048,37.1429652849823,134,5.0,10157,2024-05-03 12:15:00,2024-05-03 12:15:00,31.9771450895922,-97.62357127219929,,2024-05-03,8745,0 days 00:15:00,166,3,False,False,,,,Free
2024-05-03 12:15:00,3.286422143917939,9.6,8.48274824065469,241,420,114.75,31.375,8,5.0,10191,2024-05-03 12:15:00,2024-05-03 12:15:00,30.84750000000439,-97.68125092340084,,2024-05-03,8602,0 days 00:45:00,156,4,False,False,,,,Free
2024-05-03 12:15:00,5.925293159081004,27.692308,27.5746218896735,241,422,116.94542370971158,38.74237288238604,26,5.0,10192,2024-05-03 12:15:00,2024-05-03 12:15:00,30.82554576290727,-97.60757719668226,,2024-05-03,8495,0 days 01:00:00,155,4,False,False,,,,Free
2024-05-03 12:15:00,1.6467187881859198,9.6,2.129750665204591,241,436,156.0,34.5,2,5.0,10200,2024-05-03 12:15:00,2024-05-03 12:15:00,30.43500000000433,-97.65000092429386,,2024-05-03,8710,0 days 00:30:00,162,3,False,False,,,,Free
2024-05-03 12:15:00,,,,241,486,331.797720800043,14.294871800096834,18,5.0,10236,2024-05-03 12:15:00,2024-05-03 12:15:00,28.677022792003623,-97.85205220051904,,2024-05-03,8734,0 days 00:30:00,164,3,False,False,,,,Free
2024-05-03 12:15:00,7.435135008329076,21.119999,43.41777854816727,241,490,350.1838620221604,11.412380645146984,41,5.0,10240,2024-05-03 12:15:00,2024-05-03 12:15:00,28.493161379782418,-97.88087711124484,,2024-05-03,8738,0 days 00:30:00,165,4,False,False,,,,Free
2024-05-03 12:30:00,10.834073906400029,22.47273,92.18780385410724,242,424,0.9412070837396868,38.19810096781763,88,5.0,10246,2024-05-03 12:30:00,2024-05-03 12:30:00,31.98558792916717,-97.61301991567244,,2024-05-03,8745,0 days 00:30:00,166,3,False,False,,,,Free
2024-05-03 12:30:00,10.137411183055647,12.592208,80.71309591292776,242,425,7.273535216148323,408.0803160096009,82,5.0,10247,2024-05-03 12:30:00,2024-05-03 12:30:00,31.922264647843075,-93.91419787095248,,2024-05-03,8900,0 days 00:00:00,168,3,False,False,,,,Free
2024-05-03 12:30:00,1.6499474960924772,9.6,2.138110421655248,242,536,194.5,5.0,2,5.0,10318,2024-05-03 12:30:00,2024-05-03 12:30:00,30.050000000004268,-97.94500091586389,,2024-05-03,8960,0 days 00:00:00,169,3,False,False,,,,Free
2024-05-03 12:30:00,2.628542833423664,9.6,5.426502385754945,242,555,348.6,8.8,5,5.0,10332,2024-05-03 12:30:00,2024-05-03 12:30:00,28.509000000004026,-97.90700091694976,,2024-05-03,8738,0 days 00:45:00,165,4,False,False,,,,Free
2024-05-03 12:30:00,3.1142986063531257,13.714285,7.617463539863907,242,563,377.15737704559217,84.1573770455922,7,5.0,10338,2024-05-03 12:30:00,2024-05-03 12:30:00,28.223426229548057,-97.15342716802805,,2024-05-03,8975,0 days 00:00:00,170,3,False,False,,,,Free
2024-05-03 12:45:00,16.13278118322673,22.793848,204.4129321792394,243,482,7.171883128463294,406.7753184950792,195,5.0,10339,2024-05-03 12:45:00,2024-05-03 12:45:00,31.923281168719924,-93.92724784572482,,2024-05-03,8900,0 days 00:15:00,168,3,False,False,,,,Free
2024-05-03 12:45:00,,,,243,583,195.0,4.571428571428571,7,5.0,10416,2024-05-03 12:45:00,2024-05-03 12:45:00,30.045000000004265,-97.94928663002712,,2024-05-03,8960,0 days 00:15:00,169,3,False,False,,,,Free
2024-05-03 12:45:00,3.7217754321141134,17.28,10.879030913204453,243,638,374.23452768350194,83.5,10,5.0,10460,2024-05-03 12:45:00,2024-05-03 12:45:00,28.25265472316897,-97.1600009382961,,2024-05-03,8975,0 days 00:15:00,170,3,False,False,,,,Free
2024-05-03 13:00:00,13.222327193711015,26.08855,137.31111096923632,244,391,8.04415101423274,407.2920865203709,149,5.0,10462,2024-05-03 13:00:00,2024-05-03 13:00:00,31.91455848986223,-93.92208016561956,,2024-05-03,8900,0 days 00:30:00,168,3,False,False,,,,Free
2024-05-03 13:00:00,1.6344325118950134,9.6,2.0980888058225484,244,394,14.0,106.5,2,5.0,10465,2024-05-03 13:00:00,2024-05-03 13:00:00,31.855000000004548,-96.93000094486864,,2024-05-03,9080,0 days 00:00:00,171,3,False,False,,,,Free
2024-05-03 13:00:00,3.5305653382885924,9.6,9.78990297581244,244,519,372.2410072034995,82.57194245776604,10,5.0,10558,2024-05-03 13:00:00,2024-05-03 13:00:00,28.272589927969,-97.16928151345326,,2024-05-03,8975,0 days 00:30:00,170,3,False,False,,,,Free
2024-05-03 13:15:00,4.764783791897392,18.07059,17.831023767212958,245,448,12.548833196014954,110.0717372332462,19,5.0,10563,2024-05-03 13:15:00,2024-05-03 13:15:00,31.8695116680444,-96.89428357355683,,2024-05-03,9080,0 days 00:15:00,171,3,False,False,,,,Free
2024-05-03 13:15:00,2.333378126171573,9.6,4.276220843288734,245,540,194.5,0.5,4,5.0,10622,2024-05-03 13:15:00,2024-05-03 13:15:00,30.050000000004268,-97.990000914578,,2024-05-03,8960,0 days 00:45:00,169,3,False,False,,,,Free
2024-05-03 13:15:00,3.1065333604243617,9.599999,7.579523868336039,245,581,324.2857142857143,60.142857142857146,7,5.0,10647,2024-05-03 13:15:00,2024-05-03 13:15:00,28.75214285714692,-97.393572360193,,2024-05-03,9230,0 days 00:00:00,172,3,False,False,,,,Free
2024-05-03 13:30:00,2.58423668002786,9.6,5.245108232787819,246,597,13.666666666666666,113.0,6,5.0,10660,2024-05-03 13:30:00,2024-05-03 13:30:00,31.85833333333788,-96.86500094672608,,2024-05-03,9080,0 days 00:30:00,171,3,False,False,,,,Free
2024-05-03 13:30:00,4.925589879913906,13.866667,19.05488701276297,246,650,99.26942355410496,34.59649121968364,18,5.0,10701,2024-05-03 13:30:00,2024-05-03 13:30:00,31.002305764463365,-97.64903601212455,,2024-05-03,9277,0 days 00:00:00,173,3,False,False,,,,Free
2024-05-03 13:30:00,5.193631029357982,10.560001,21.18517554740312,246,655,105.13129495755037,9.116906483149554,20,5.0,10705,2024-05-03 13:30:00,2024-05-03 13:30:00,30.943687050428903,-97.90383185220884,,2024-05-03,9280,0 days 00:00:00,174,3,False,False,,,,Free
2024-05-03 13:30:00,1.1633881189368749,86.399994,1.0630143564736716,246,693,139.43314763867568,43.56685236132432,2,5.0,10729,2024-05-03 13:30:00,2024-05-03 13:30:00,30.6006685236176,-97.55933240327153,,2024-05-03,9303,0 days 00:00:00,175,3,False,False,,,,Free
2024-05-03 13:30:00,2.333112971417372,9.6,4.275249036918847,246,730,192.25,135.0,4,5.0,10751,2024-05-03 13:30:00,2024-05-03 13:30:00,30.07250000000427,-96.6450009530128,,2024-05-03,9325,0 days 00:00:00,176,3,False,False,,,,Free
2024-05-03 13:30:00,,,,246,738,201.5,296.5,2,5.0,10756,2024-05-03 13:30:00,2024-05-03 13:30:00,29.980000000004253,-95.03000099916324,,2024-05-03,9330,0 days 00:00:00,177,3,False,False,,,,Free
2024-05-03 13:30:00,8.365752715373315,32.376472,54.96673330966425,246,769,276.14539465283053,61.68972925671508,51,5.0,10778,2024-05-03 13:30:00,2024-05-03 13:30:00,29.23354605347584,-97.37810363949644,,2024-05-03,9352,0 days 00:00:00,178,4,False,False,,,,Free
2024-05-03 13:30:00,5.380329983507045,21.485714,22.73566733858096,246,779,322.70941652907806,58.40554593488656,21,5.0,10785,2024-05-03 13:30:00,2024-05-03 13:30:00,28.76790583471329,-97.41094547177624,,2024-05-03,9230,0 days 00:15:00,172,3,False,False,,,,Free
2024-05-03 13:45:00,2.005074383653764,9.6,3.1575545235054405,247,636,44.66666666666666,40.66666666666666,3,5.0,10813,2024-05-03 13:45:00,2024-05-03 13:45:00,31.54833333333784,-97.58833425938934,,2024-05-03,9379,0 days 00:00:00,179,3,False,False,,,,Free
2024-05-03 13:45:00,1.1633881189368749,86.399994,1.0630143564736716,247,702,139.14853558113185,43.85146441886815,2,5.0,10861,2024-05-03 13:45:00,2024-05-03 13:45:00,30.60351464419304,-97.55648628277744,,2024-05-03,9303,0 days 00:15:00,175,3,False,False,,,,Free
2024-05-03 13:45:00,3.2994157834881435,9.6,8.549957906463726,247,739,191.77777777777777,136.55555555555554,9,5.0,10883,2024-05-03 13:45:00,2024-05-03 13:45:00,30.07722222222649,-96.62944539790176,,2024-05-03,9325,0 days 00:15:00,176,3,False,False,,,,Free
2024-05-03 13:45:00,2.333024538340909,9.6,4.2749249495176285,247,740,191.5,176.0,4,5.0,10884,2024-05-03 13:45:00,2024-05-03 13:45:00,30.08000000000427,-96.235000964729,,2024-05-03,9438,0 days 00:00:00,180,3,False,False,,,,Free
2024-05-03 13:45:00,1.6505298595941107,9.6,2.139620017832863,247,751,201.5,299.0,2,5.0,10892,2024-05-03 13:45:00,2024-05-03 13:45:00,29.980000000004253,-95.0050009998776,,2024-05-03,9330,0 days 00:15:00,177,3,False,False,,,,Free
2024-05-03 13:45:00,12.72474749751783,42.955936,127.17104141567168,247,800,275.7934603139493,56.58040769688569,119,5.0,10931,2024-05-03 13:45:00,2024-05-03 13:45:00,29.237065396864647,-97.42919685363472,,2024-05-03,9352,0 days 00:15:00,178,4,False,False,,,,Free
2024-05-03 14:00:00,10.353560541257204,15.960001,84.19171107646933,248,618,43.62979014223808,40.242016476010704,80,5.0,10955,2024-05-03 14:00:00,2024-05-03 14:00:00,31.55870209858212,-97.5925807611746,,2024-05-03,9379,0 days 00:15:00,179,3,False,False,,,,Free
2024-05-03 14:00:00,,,,248,635,62.55555555555556,239.5555555555556,9,5.0,10966,2024-05-03 14:00:00,2024-05-03 14:00:00,31.36944444444892,-95.59944542733513,,2024-05-03,9510,0 days 00:00:00,182,3,False,False,,,,Free
2024-05-03 14:00:00,4.020536852946197,20.0,12.695738718404964,248,654,93.18111111423116,29.68222222422376,12,5.0,10978,2024-05-03 14:00:00,2024-05-03 14:00:00,31.06318888886211,-97.69817870067487,,2024-05-03,9277,0 days 00:30:00,173,3,False,False,,,,Free
2024-05-03 14:00:00,2.596087966089644,9.6,5.293326582216179,248,657,99.6,7.2,5,5.0,10979,2024-05-03 14:00:00,2024-05-03 14:00:00,30.99900000000441,-97.92300091649258,,2024-05-03,9280,0 days 00:30:00,174,3,False,False,,,,Free
2024-05-03 14:00:00,3.863246272798993,9.599999,11.721809792987289,248,701,162.8181818181818,141.72727272727272,11,5.0,11011,2024-05-03 14:00:00,2024-05-03 14:00:00,30.3668181818225,-96.57772822766248,,2024-05-03,9550,0 days 00:00:00,183,3,False,False,,,,Free
2024-05-03 14:00:00,2.8580092399248955,36.8,6.415302485122774,248,728,195.980999994278,66.075,8,5.0,11031,2024-05-03 14:00:00,2024-05-03 14:00:00,30.035190000061483,-97.33425093331677,,2024-05-03,9566,0 days 00:00:00,184,3,False,False,,,,Free
2024-05-03 14:00:00,4.207593657386098,11.076923,13.90456686558394,248,733,199.2911392435625,300.59746834495627,13,5.0,11035,2024-05-03 14:00:00,2024-05-03 14:00:00,30.00208860756864,-94.98902631688452,,2024-05-03,9330,0 days 00:30:00,177,3,False,False,,,,Free
2024-05-03 14:00:00,12.116029252410868,42.168224,115.29500905959549,248,783,273.71566510313943,51.12904199936258,107,5.0,11067,2024-05-03 14:00:00,2024-05-03 14:00:00,29.25784334897275,-97.48371050905212,,2024-05-03,9352,0 days 00:30:00,178,4,False,False,,,,Free
2024-05-03 14:00:00,4.840461447214042,11.294118,18.40193160733079,248,789,321.0392523407801,48.55887851117011,17,5.0,11073,2024-05-03 14:00:00,2024-05-03 14:00:00,28.784607476596268,-97.5094121431996,,2024-05-03,9230,0 days 00:45:00,172,3,False,False,,,,Free
2024-05-03 14:15:00,11.113584711577428,11.269565,97.00591350003845,249,764,61.52935153829121,242.0153583704396,94,5.0,11105,2024-05-03 14:15:00,2024-05-03 14:15:00,31.37970648462156,-95.57484739988922,,2024-05-03,9510,0 days 00:15:00,182,3,False,False,,,,Free
2024-05-03 14:15:00,2.010153951091399,9.6,3.173573208432544,249,814,92.33333333333331,29.666666666666668,3,5.0,11144,2024-05-03 14:15:00,2024-05-03 14:15:00,31.07166666667109,-97.69833425624596,,2024-05-03,9277,0 days 00:45:00,173,3,False,False,,,,Free
2024-05-03 14:15:00,1.6418585394115204,9.6,2.117197407656109,249,817,98.66666666666669,6.0,3,5.0,11146,2024-05-03 14:15:00,2024-05-03 14:15:00,31.00833333333775,-97.93500091614963,,2024-05-03,9280,0 days 00:45:00,174,3,False,False,,,,Free
2024-05-03 14:15:00,1.1633881189368749,28.800001,1.0630143564736716,249,851,139.1619718357155,43.838028164284495,2,5.0,11168,2024-05-03 14:15:00,2024-05-03 14:15:00,30.6033802816472,-97.5566206453194,,2024-05-03,9303,0 days 00:45:00,175,3,False,False,,,,Free
2024-05-03 14:15:00,5.823831038875052,14.208,26.638355767075463,249,877,162.60382275064927,141.89574285528332,25,5.0,11187,2024-05-03 14:15:00,2024-05-03 14:15:00,30.368961772497823,-96.57604352643052,,2024-05-03,9550,0 days 00:15:00,183,3,False,False,,,,Free
2024-05-03 14:15:00,1.6490294489900683,9.6,2.1357317520342254,249,900,183.5,179.0,2,5.0,11198,2024-05-03 14:15:00,2024-05-03 14:15:00,30.16000000000428,-96.2050009655863,,2024-05-03,9438,0 days 00:30:00,180,3,False,False,,,,Free
2024-05-03 14:15:00,4.364310898468278,11.657143,14.959643452207466,249,907,189.9549356172672,136.75751072192833,14,5.0,11204,2024-05-03 14:15:00,2024-05-03 14:15:00,30.0954506438316,-96.62742584629576,,2024-05-03,9325,0 days 00:45:00,176,3,False,False,,,,Free
2024-05-03 14:15:00,4.950286562205505,20.800003,19.246446710897253,249,916,195.7095640015193,66.69831225475122,18,5.0,11210,2024-05-03 14:15:00,2024-05-03 14:15:00,30.03790435998907,-97.32801781094736,,2024-05-03,9566,0 days 00:15:00,184,3,False,False,,,,Free
2024-05-03 14:15:00,9.658018165509905,15.105882,73.2598317975752,249,960,272.19033760160573,45.83090801838636,68,5.0,11247,2024-05-03 14:15:00,2024-05-03 14:15:00,29.27309662398809,-97.53669184734792,,2024-05-03,9352,0 days 00:45:00,178,4,False,False,,,,Free
2024-05-03 14:15:00,4.22510690470011,12.553848,14.020557584753396,249,962,283.14052953394173,25.09368635596115,13,5.0,11249,2024-05-03 14:15:00,2024-05-03 14:15:00,29.16359470466471,-97.74406405804626,,2024-05-03,9748,0 days 00:00:00,186,3,False,False,,,,Free
2024-05-03 14:30:00,1.636375072253009,9.6,2.103079022453716,250,616,36.0,36.5,2,5.0,11262,2024-05-03 14:30:00,2024-05-03 14:30:00,31.63500000000452,-97.6300009248654,,2024-05-03,9379,0 days 00:45:00,179,3,False,False,,,,Free
2024-05-03 14:30:00,3.2769557165693817,9.6,8.433950086423348,250,630,60.0,246.625,8,5.0,11272,2024-05-03 14:30:00,2024-05-03 14:30:00,31.39500000000448,-95.52875098491086,,2024-05-03,9510,0 days 00:30:00,182,3,False,False,,,,Free
2024-05-03 14:30:00,4.659085133194809,9.6,17.048696270953492,250,701,162.2941176470588,141.0,17,5.0,11315,2024-05-03 14:30:00,2024-05-03 14:30:00,30.372058823533727,-96.58500095472738,,2024-05-03,9550,0 days 00:30:00,183,3,False,False,,,,Free
2024-05-03 14:30:00,3.86953201481286,17.454546,11.759985051969268,250,727,195.0029197050821,65.3138686095819,11,5.0,11334,2024-05-03 14:30:00,2024-05-03 14:30:00,30.044970802953443,-97.3418622470034,,2024-05-03,9566,0 days 00:30:00,184,3,False,False,,,,Free
2024-05-03 14:30:00,9.227823242365467,24.929033,66.87879130399793,250,799,285.3340886794924,19.604726504868893,62,5.0,11386,2024-05-03 14:30:00,2024-05-03 14:30:00,29.1416591132092,-97.79895365498868,,2024-05-03,9748,0 days 00:15:00,186,3,False,False,,,,Free
2024-05-03 14:45:00,5.082032611839705,12.126317,20.284521930375945,251,402,181.1796246729336,178.19302948496158,22,5.0,11427,2024-05-03 14:45:00,2024-05-03 14:45:00,30.183203753274952,-96.21307067050606,,2024-05-03,9438,0 days 01:00:00,180,3,False,False,,,,Free
2024-05-03 14:45:00,3.515956287189729,9.6,9.709051737000756,251,461,285.8888888888889,14.77777777777778,9,5.0,11465,2024-05-03 14:45:00,2024-05-03 14:45:00,29.13611111111524,-97.8472231408802,,2024-05-03,9748,0 days 00:30:00,186,3,False,False,,,,Free
2024-05-03 15:30:00,1.168650590432685,9.6,1.072652988328871,254,478,227.5,129.5,2,5.0,11687,2024-05-03 15:30:00,2024-05-03 15:30:00,29.72000000000421,-96.7000009514411,,2024-05-03,10134,0 days 00:00:00,187,3,False,False,,,,Free
2024-05-03 15:45:00,,,,255,388,179.3882260493601,384.6039350546469,14229,5.0,11736,2024-05-03 15:45:00,2024-05-03 15:45:00,30.20111773951069,-94.1489616737934,,2024-05-03,10181,0 days 00:00:00,188,3,False,False,,,,Free
2024-05-03 15:45:00,5.958446829029858,22.153847,27.88406059266774,255,449,226.4923766763482,128.61928251902174,26,5.0,11775,2024-05-03 15:45:00,2024-05-03 15:45:00,29.73007623324073,-96.7088081259992,,2024-05-03,10134,0 days 00:15:00,187,3,False,False,,,,Free
2024-05-03 16:00:00,,,,256,389,180.46253074134867,385.8710461967156,10385,5.0,11821,2024-05-03 16:00:00,2024-05-03 16:00:00,30.1903746925908,-94.1362905627348,,2024-05-03,10181,0 days 00:15:00,188,3,False,False,,,,Free
2024-05-03 16:00:00,2.612843604013699,9.6,5.361875326025411,256,445,225.4,127.2,5,5.0,11854,2024-05-03 16:00:00,2024-05-03 16:00:00,29.741000000004217,-96.7230009507839,,2024-05-03,10134,0 days 00:30:00,187,3,False,False,,,,Free
2024-05-03 16:00:00,11.4582358604768,22.400002,103.11584302985612,256,458,241.4276819941812,81.20929119651335,96,5.0,11861,2024-05-03 16:00:00,2024-05-03 16:00:00,29.58072318006238,-97.1829080256764,,2024-05-03,10287,0 days 00:00:00,190,3,False,False,,,,Free
2024-05-03 16:15:00,10.58901380234674,18.614634,88.06450739763393,257,376,240.3706556687212,79.01486920359712,82,5.0,11950,2024-05-03 16:15:00,2024-05-03 16:15:00,29.59129344331698,-97.2048522449785,,2024-05-03,10287,0 days 00:15:00,190,3,False,False,,,,Free
2024-05-03 16:30:00,5.081489379263672,11.115791,20.28018562441088,258,333,178.92384105881845,390.0860927058209,20,5.0,12012,2024-05-03 16:30:00,2024-05-03 16:30:00,30.205761589416102,-94.09414009884824,,2024-05-03,10181,0 days 00:45:00,188,3,False,False,,,,Free
2024-05-03 16:30:00,4.677114866545589,12.6,17.180901712734585,258,360,238.7286184232455,77.03782894801338,16,5.0,12030,2024-05-03 16:30:00,2024-05-03 16:30:00,29.607713815771746,-97.22462264696937,,2024-05-03,10287,0 days 00:30:00,190,3,False,False,,,,Free
2024-05-03 16:45:00,7.529227625054464,9.828572,44.52364746625491,259,296,112.04911032035716,333.4939501757136,59,5.0,12076,2024-05-03 16:45:00,2024-05-03 16:45:00,30.874508896800823,-94.6600615079775,,2024-05-03,10475,0 days 00:00:00,191,3,False,False,,,,Free
2024-05-03 17:00:00,,,,260,231,111.08955223880596,340.97014925373134,67,5.0,12125,2024-05-03 17:00:00,2024-05-03 17:00:00,30.884104477616336,-94.58529951933372,,2024-05-03,10475,0 days 00:15:00,191,3,False,False,,,,Free
2024-05-03 17:15:00,3.2986856323322624,9.6,8.546174163337538,261,159,187.25,277.125,8,5.0,12202,2024-05-03 17:15:00,2024-05-03 17:15:00,30.12250000000428,-95.2237509936266,,2024-05-03,10592,0 days 00:00:00,192,3,False,False,,,,Free
2024-05-03 17:30:00,3.0730148290254062,9.599999,7.416844833683124,262,141,107.57142857142856,360.2857142857143,7,5.0,12222,2024-05-03 17:30:00,2024-05-03 17:30:00,30.919285714290115,-94.39214387453352,,2024-05-03,10475,0 days 00:45:00,191,3,False,False,,,,Free
2024-05-03 17:30:00,11.36651834173558,35.974743,101.4716670930016,262,160,185.9845035016956,285.5717392821481,95,5.0,12237,2024-05-03 17:30:00,2024-05-03 17:30:00,30.13515496498732,-95.13928360321889,,2024-05-03,10592,0 days 00:15:00,192,3,False,False,,,,Free
2024-05-03 17:45:00,11.425215073603557,19.2,102.5223729641932,263,160,184.77277377951333,293.53341134051504,97,5.0,12272,2024-05-03 17:45:00,2024-05-03 17:45:00,30.147272262209142,-95.05966688491031,,2024-05-03,10592,0 days 00:30:00,192,3,False,False,,,,Free
2024-05-03 19:00:00,11.040019719329976,13.15955,95.72592675681187,268,98,255.33957587681627,11.170751869061023,89,5.0,12407,2024-05-03 19:00:00,2024-05-03 19:00:00,29.441604241236007,-97.88329339893664,,2024-05-03,10775,0 days 00:00:00,194,4,False,False,,,,Free
2024-05-03 19:15:00,11.933435746838915,16.430769,111.84610885892168,269,121,254.25876460640896,9.223038417734475,106,5.0,12428,2024-05-03 19:15:00,2024-05-03 19:15:00,29.452412353940083,-97.90277053289331,,2024-05-03,10775,0 days 00:15:00,194,4,False,False,,,,Free
2024-05-03 19:30:00,11.0383636429326,13.914608,95.6972098592496,270,74,252.0819258955196,7.447189326396938,89,5.0,12455,2024-05-03 19:30:00,2024-05-03 19:30:00,29.47418074104898,-97.92052902329924,,2024-05-03,10775,0 days 00:30:00,194,4,False,False,,,,Free
2024-05-03 19:45:00,1.6532148824591877,9.6,2.1465869944787506,271,114,234.0,13.5,2,5.0,12474,2024-05-03 19:45:00,2024-05-03 19:45:00,29.655000000004204,-97.86000091829284,,2024-05-03,10829,0 days 00:00:00,195,3,False,False,,,,Free
2024-05-03 19:45:00,7.847620500725523,15.786666,48.36886175744517,271,116,248.67820354755904,3.7259991947248383,45,5.0,12475,2024-05-03 19:45:00,2024-05-03 19:45:00,29.50821796452859,-97.9577409235526,,2024-05-03,10775,0 days 00:45:00,194,4,False,False,,,,Free
2024-05-03 20:00:00,,,,272,97,228.3,8.5,30,5.0,12500,2024-05-03 20:00:00,2024-05-03 20:00:00,29.712000000004213,-97.91000091686408,,2024-05-03,10829,0 days 00:15:00,195,3,False,False,,,,Free
2024-05-03 20:00:00,2.037766346313636,9.6,3.261359340698262,272,111,366.3333333333333,50.333333333333336,3,5.0,12510,2024-05-03 20:00:00,2024-05-03 20:00:00,28.331666666670664,-97.49166759548508,,2024-05-03,10857,0 days 00:00:00,196,3,False,False,,,,Free
2024-05-03 20:15:00,1.6525156306210729,9.6,2.1447715166708687,273,193,225.0,3.333333333333333,3,5.0,12525,2024-05-03 20:15:00,2024-05-03 20:15:00,29.74500000000421,-97.9616675820543,,2024-05-03,10829,0 days 00:30:00,195,3,False,False,,,,Free
2024-05-03 20:15:00,2.890522125303788,9.599999,6.56209445537494,273,235,431.1666666666667,1.0,6,5.0,12560,2024-05-03 20:15:00,2024-05-03 20:15:00,27.683333333337227,-97.98500091472084,,2024-05-03,10899,0 days 00:00:00,197,3,False,False,,,,Free
2024-05-03 20:30:00,2.3530006718281293,12.0,4.348445023183173,274,167,366.16428571671855,54.50714284984433,4,5.0,12579,2024-05-03 20:30:00,2024-05-03 20:30:00,28.33335714283681,-97.44992950151266,,2024-05-03,10857,0 days 00:30:00,196,3,False,False,,,,Free
2024-05-03 20:30:00,1.668830998481012,19.2,2.1873314514987188,274,191,431.0,1.1619718357155042,2,5.0,12597,2024-05-03 20:30:00,2024-05-03 20:30:00,27.685000000003896,-97.98338119641,,2024-05-03,10899,0 days 00:15:00,197,3,False,False,,,,Free
2024-05-03 20:45:00,58.16380094950284,46.262135,2657.023774420285,275,64,18.79530223652049,19.182125949943,2538,5.0,12602,2024-05-03 20:45:00,2024-05-03 20:45:00,31.80704697763933,-97.80317966041711,,2024-05-03,10923,0 days 00:00:00,198,3,False,False,,,,Free
2024-05-03 20:45:00,2.6307285380779404,28.8,5.435530705651487,275,73,366.2806722682341,54.438655463531774,5,5.0,12609,2024-05-03 20:45:00,2024-05-03 20:45:00,28.332193277321657,-97.45061437535622,,2024-05-03,10857,0 days 00:45:00,196,3,False,False,,,,Free
2024-05-03 20:45:00,1.668830998481012,52.800003,2.1873314514987188,275,82,431.0,1.248953975938878,2,5.0,12616,2024-05-03 20:45:00,2024-05-03 20:45:00,27.685000000003896,-97.98251137503256,,2024-05-03,10899,0 days 00:30:00,197,3,False,False,,,,Free
2024-05-03 21:00:00,67.74276658066348,50.09572,3604.2569074908833,276,25,22.71938414224352,20.168426860662425,3437,5.0,12618,2024-05-03 21:00:00,2024-05-03 21:00:00,31.7678061585821,-97.7933166515918,,2024-05-03,10923,0 days 00:15:00,198,3,False,False,,,,Free
2024-05-03 21:15:00,72.53424343880343,70.74905,4132.1497537479845,277,31,28.536782239690023,22.08083688296832,3964,5.0,12621,2024-05-03 21:15:00,2024-05-03 21:15:00,31.709632177607624,-97.77419255191523,,2024-05-03,10923,0 days 00:30:00,198,3,False,False,,,,Free
2024-05-03 22:15:00,2.5972025862692423,9.6,5.297872895965319,281,93,107.8,61.6,5,5.0,12659,2024-05-03 22:15:00,2024-05-03 22:15:00,30.9170000000044,-97.37900093203795,,2024-05-03,10963,0 days 00:00:00,199,3,False,False,,,,Free
2024-05-03 22:30:00,4.022716680773628,9.599999,12.709509032049697,282,64,104.3157894736842,66.21052631578948,19,5.0,12667,2024-05-03 22:30:00,2024-05-03 22:30:00,30.951842105267566,-97.33289567019756,,2024-05-03,10963,0 days 00:15:00,199,3,False,False,,,,Free
2024-05-03 22:45:00,3.6718269063545046,9.6,10.588983735211622,283,52,101.7,72.9,10,5.0,12678,2024-05-03 22:45:00,2024-05-03 22:45:00,30.97800000000441,-97.26600093526709,,2024-05-03,10963,0 days 00:30:00,199,3,False,False,,,,Free
2024-05-03 23:15:00,82.08354080837668,35.182167,5291.783230815298,285,37,57.14937203065435,31.53750570479902,5030,5.0,12693,2024-05-03 23:15:00,2024-05-03 23:15:00,31.423506279697936,-97.6796258663993,,2024-05-03,10992,0 days 00:00:00,200,3,False,False,,,,Free
2024-05-03 23:30:00,82.71626046834758,30.682352,5373.678326406891,286,37,56.999474793650656,32.963906505053906,5104,5.0,12699,2024-05-03 23:30:00,2024-05-03 23:30:00,31.425005252067976,-97.66536185880432,,2024-05-03,10992,0 days 00:15:00,200,3,False,False,,,,Free
2024-05-03 23:45:00,81.42410818738458,34.129448,5207.099812070274,287,31,55.688403416189374,35.44472902334653,4945,5.0,12707,2024-05-03 23:45:00,2024-05-03 23:45:00,31.438115965842588,-97.64055363433032,,2024-05-03,10992,0 days 00:30:00,200,3,False,False,,,,Free
2024-05-04 00:45:00,23.34583190100093,30.04264,428.063885859876,291,119,360.808185005381,186.37688002695705,394,5.0,12766,2024-05-04 00:45:00,2024-05-04 00:45:00,28.3869181499502,-96.13123216742474,,2024-05-04,11061,0 days 00:00:00,201,3,False,False,,,,Free
2024-05-04 01:00:00,35.59807520804366,132.04192,995.2745842347508,292,96,362.80722490974784,185.1523833065941,917,5.0,12783,2024-05-04 01:00:00,2024-05-04 01:00:00,28.366927750906523,-96.14347713427844,,2024-05-04,11061,0 days 00:15:00,201,3,False,False,,,,Free
2024-05-04 01:30:00,64.07844496787982,97.50354,3224.8818586259595,294,37,362.2023478068148,187.5138075416949,2980,5.0,12806,2024-05-04 01:30:00,2024-05-04 01:30:00,28.37297652193585,-96.11986289260228,,2024-05-04,11061,0 days 00:45:00,201,3,False,False,,,,Free
2024-05-04 02:30:00,32.61570893005414,23.424002,835.4943682111942,298,102,281.8846987651146,10.571004739090098,777,5.0,12875,2024-05-04 02:30:00,2024-05-04 02:30:00,29.176153012352984,-97.88929087006494,,2024-05-04,11162,0 days 00:00:00,202,3,False,False,,,,Free
2024-05-04 02:45:00,29.314904682209583,25.410864,674.9426218188844,299,121,279.4400249703233,10.77974616793696,639,5.0,12893,2024-05-04 02:45:00,2024-05-04 02:45:00,29.2005997503009,-97.88720345583612,,2024-05-04,11162,0 days 00:15:00,202,3,False,False,,,,Free
2024-05-04 03:00:00,8.843455471696007,11.957894,61.42340222093655,300,122,274.8764498175094,11.39989915483926,57,5.0,12922,2024-05-04 03:00:00,2024-05-04 03:00:00,29.246235501829045,-97.88100192614434,,2024-05-04,11162,0 days 00:30:00,202,3,False,False,,,,Free
2024-05-04 04:15:00,5.47917031982896,15.272729,23.57867968979796,305,96,219.3274336342936,495.0353982364369,22,5.0,13037,2024-05-04 04:15:00,2024-05-04 04:15:00,29.80172566366129,-93.04464707353252,,2024-05-04,11316,0 days 00:00:00,203,3,False,False,,,,Free
2024-05-04 04:30:00,6.810955254625815,34.44706,36.43392295843597,306,103,217.5155813120347,496.98821413640366,34,5.0,13061,2024-05-04 04:30:00,2024-05-04 04:30:00,29.819844186883884,-93.0251189150909,,2024-05-04,11316,0 days 00:15:00,203,3,False,False,,,,Free
2024-05-04 04:45:00,2.022814796942796,9.6,3.2136762635516667,307,59,214.66666666666663,498.3333333333333,3,5.0,13078,2024-05-04 04:45:00,2024-05-04 04:45:00,29.848333333337568,-93.01166772350598,,2024-05-04,11316,0 days 00:30:00,203,3,False,False,,,,Free
2024-05-04 09:15:00,3.26642222244063,12.0,8.379816806171592,325,110,0.1642857167185567,356.3499999829701,8,5.0,13319,2024-05-04 09:15:00,2024-05-04 09:15:00,31.993357142837382,-94.4315010164363,,2024-05-04,11588,0 days 00:00:00,204,3,False,False,,,,Free
2024-05-04 09:30:00,4.163900757677167,22.153849,13.617287957696014,326,94,0.1800172302079322,360.8837209445597,15,5.0,13343,2024-05-04 09:30:00,2024-05-04 09:30:00,31.99319982770249,-94.38616380811597,,2024-05-04,11588,0 days 00:15:00,204,3,False,False,,,,Free
2024-05-04 09:30:00,2.33190237502301,9.6,4.270813539465603,326,112,181.8,353.4,5,5.0,13359,2024-05-04 09:30:00,2024-05-04 09:30:00,30.177000000004284,-94.461001015423,,2024-05-04,11623,0 days 00:00:00,207,3,False,False,,,,Free
2024-05-04 09:45:00,4.000533864735374,20.800001,12.569725209268048,327,91,0.2173017529976776,366.008238920645,13,5.0,13370,2024-05-04 09:45:00,2024-05-04 09:45:00,31.9928269824746,-94.33491862981948,,2024-05-04,11588,0 days 00:30:00,204,3,False,False,,,,Free
2024-05-04 09:45:00,6.736861578703322,21.176468,35.64553435233532,327,92,8.074545461846974,371.9901818227519,34,5.0,13371,2024-05-04 09:45:00,2024-05-04 09:45:00,31.91425454538609,-94.27509920250782,,2024-05-04,11632,0 days 00:00:00,208,5,False,False,,,,Free
2024-05-04 10:00:00,11.260422204292192,41.835796,99.5862159192446,328,89,6.375893021445799,377.34503057570953,95,5.0,13397,2024-05-04 10:00:00,2024-05-04 10:00:00,31.9312410697901,-94.22155071650847,,2024-05-04,11632,0 days 00:15:00,208,5,False,False,,,,Free
2024-05-04 10:00:00,11.484043660201444,20.58557,103.58086923607536,328,100,183.03108876944333,367.61820348950033,97,5.0,13408,2024-05-04 10:00:00,2024-05-04 10:00:00,30.16468911230985,-94.31881898459102,,2024-05-04,11623,0 days 00:30:00,207,3,False,False,,,,Free
2024-05-04 10:15:00,10.00296368477732,38.272,78.58637668985254,329,136,3.137052174767735,381.95102991042967,75,5.0,13421,2024-05-04 10:15:00,2024-05-04 10:15:00,31.963629478256887,-94.17549072447748,,2024-05-04,11632,0 days 00:30:00,208,5,False,False,,,,Free
2024-05-04 10:15:00,8.040457072360713,14.0,50.77516654253978,329,137,91.91203703805908,402.6925925956996,48,5.0,13422,2024-05-04 10:15:00,2024-05-04 10:15:00,31.075879629623834,-93.96807510355188,,2024-05-04,11670,0 days 00:00:00,209,6,False,False,,,,Free
2024-05-04 10:15:00,9.23503703056006,45.86667,66.9833962575795,329,148,141.37042493332484,374.40136475895656,64,5.0,13433,2024-05-04 10:15:00,2024-05-04 10:15:00,30.5812957506711,-94.2509873738348,,2024-05-04,11677,0 days 00:00:00,210,4,False,False,,,,Free
2024-05-04 10:15:00,4.199780956025978,10.338461,13.852978531441442,329,156,162.4681933866938,350.8778626000509,15,5.0,13441,2024-05-04 10:15:00,2024-05-04 10:15:00,30.37031806613738,-94.48622238870178,,2024-05-04,11685,0 days 00:00:00,211,6,False,False,,,,Free
2024-05-04 10:15:00,10.428861752992882,12.359999,85.42081332045053,329,160,182.57269021610392,374.4320652138262,80,5.0,13444,2024-05-04 10:15:00,2024-05-04 10:15:00,30.169273097843245,-94.25068036929493,,2024-05-04,11623,0 days 00:45:00,207,3,False,False,,,,Free
2024-05-04 10:15:00,2.0241957987854584,9.6,3.218065798194293,329,167,228.3333333333333,442.6666666666667,3,5.0,13451,2024-05-04 10:15:00,2024-05-04 10:15:00,29.71166666667088,-93.56833437426523,,2024-05-04,11693,0 days 00:00:00,213,6,False,False,,,,Free
2024-05-04 10:15:00,24.73625435994496,110.172455,480.57121873886587,329,178,344.1192795017985,483.53340746305935,443,5.0,13460,2024-05-04 10:15:00,2024-05-04 10:15:00,28.553807204986047,-93.15966697797944,,2024-05-04,11701,0 days 00:00:00,214,3,False,False,,,,Free
2024-05-04 10:30:00,9.383063370487063,27.054546,69.14792945178984,330,169,1.8303105265179425,386.5823028226117,66,5.0,13462,2024-05-04 10:30:00,2024-05-04 10:30:00,31.976696894739387,-94.12917799667912,,2024-05-04,11632,0 days 00:45:00,208,5,False,False,,,,Free
2024-05-04 10:30:00,5.424372706424391,16.58182,23.109413605530225,330,170,26.335949746964538,382.0086342555596,22,5.0,13463,2024-05-04 10:30:00,2024-05-04 10:30:00,31.731640502534884,-94.17491468104264,,2024-05-04,11703,0 days 00:00:00,215,3,False,False,,,,Free
2024-05-04 10:30:00,11.662889060802897,55.12872,106.83219964935114,330,173,90.93237211490404,410.1235236018981,101,5.0,13466,2024-05-04 10:30:00,2024-05-04 10:30:00,31.085676278855388,-93.89376579561338,,2024-05-04,11670,0 days 00:15:00,209,6,False,False,,,,Free
2024-05-04 10:30:00,29.60556440638384,249.28937,688.3931994139044,330,176,118.01755248659842,332.08036304988434,651,5.0,13469,2024-05-04 10:30:00,2024-05-04 10:30:00,30.8148244751384,-94.67419737883182,,2024-05-04,11708,0 days 00:00:00,217,4,False,False,,,,Free
2024-05-04 10:30:00,11.160397192214264,40.486958,97.82484843721352,330,183,142.058870360275,381.76727518359326,92,5.0,13475,2024-05-04 10:30:00,2024-05-04 10:30:00,30.5744112964016,-94.17732827169334,,2024-05-04,11677,0 days 00:15:00,210,4,False,False,,,,Free
2024-05-04 10:30:00,9.533456739990283,26.937311,71.38232376545517,330,188,160.72023404763442,357.4724451993722,67,5.0,13479,2024-05-04 10:30:00,2024-05-04 10:30:00,30.387797659527973,-94.42027656459304,,2024-05-04,11685,0 days 00:15:00,211,6,False,False,,,,Free
2024-05-04 10:30:00,9.5633614123363,13.898507,71.83085216064858,330,211,223.41311474077105,469.3626229575346,70,5.0,13494,2024-05-04 10:30:00,2024-05-04 10:30:00,29.76086885259651,-93.30137481898528,,2024-05-04,11724,0 days 00:00:00,218,4,False,False,,,,Free
2024-05-04 10:30:00,5.482002920853367,13.527274,23.60306522720813,330,212,230.3070362401809,449.3518123648951,22,5.0,13495,2024-05-04 10:30:00,2024-05-04 10:30:00,29.6919296376024,-93.50148291919334,,2024-05-04,11693,0 days 00:15:00,213,6,False,False,,,,Free
2024-05-04 10:30:00,18.69528746072536,103.62687,274.5074755841445,330,223,345.8958024427685,489.4506304214964,253,5.0,13502,2024-05-04 10:30:00,2024-05-04 10:30:00,28.536041975576342,-93.100494750086,,2024-05-04,11701,0 days 00:15:00,214,3,False,False,,,,Free
2024-05-04 10:45:00,5.2924114552134025,21.485714,21.99870332891688,331,223,0.7648758092402851,390.60311961017015,21,5.0,13503,2024-05-04 10:45:00,2024-05-04 10:45:00,31.987351241912165,-94.08896982995248,,2024-05-04,11632,0 days 01:00:00,208,5,False,False,,,,Free
2024-05-04 10:45:00,9.46619648428656,62.758205,70.37864653957017,331,227,25.98945681776498,386.7390046057777,67,5.0,13506,2024-05-04 10:45:00,2024-05-04 10:45:00,31.73510543182688,-94.12761097889222,,2024-05-04,11703,0 days 00:15:00,215,3,False,False,,,,Free
2024-05-04 10:45:00,7.152628307284152,15.663158,40.181042062123495,331,234,87.84860214016399,283.8249462194373,51,5.0,13512,2024-05-04 10:45:00,2024-05-04 10:45:00,31.1165139786028,-95.15675153334678,,2024-05-04,11737,0 days 00:00:00,219,9,False,False,,,,Free
2024-05-04 10:45:00,17.44704232251997,78.07434,239.07464000980187,331,235,90.9246857631704,417.95781967700174,226,5.0,13513,2024-05-04 10:45:00,2024-05-04 10:45:00,31.085753142372724,-93.8154228371011,,2024-05-04,11670,0 days 00:30:00,209,6,False,False,,,,Free
2024-05-04 10:45:00,30.23776482741052,360.3474,718.1071508016711,331,236,118.36623822185204,340.0087725194197,677,5.0,13514,2024-05-04 10:45:00,2024-05-04 10:45:00,30.811337617785863,-94.59491328640212,,2024-05-04,11708,0 days 00:15:00,217,4,False,False,,,,Free
2024-05-04 10:45:00,6.253581301231797,21.51724,30.714785173633924,331,237,103.76200417194867,440.9799582502504,29,5.0,13515,2024-05-04 10:45:00,2024-05-04 10:45:00,30.95737995828492,-93.58520145794743,,2024-05-04,11738,0 days 00:00:00,220,4,False,False,,,,Free
2024-05-04 10:45:00,5.195530961656062,11.040002,21.200678289599846,331,239,111.9665071733947,427.3397129121105,21,5.0,13517,2024-05-04 10:45:00,2024-05-04 10:45:00,30.875334928270448,-93.72160390743096,,2024-05-04,11740,0 days 00:00:00,221,5,False,False,,,,Free
2024-05-04 10:45:00,10.915645944337411,45.38182,93.58123290689466,331,245,142.85607788546378,390.2543532948039,97,5.0,13522,2024-05-04 10:45:00,2024-05-04 10:45:00,30.566439221149707,-94.09245749300652,,2024-05-04,11677,0 days 00:30:00,210,4,False,False,,,,Free
2024-05-04 10:45:00,14.313490548339855,38.781456,160.9092432956354,331,251,160.90034474425718,362.8278753470475,152,5.0,13528,2024-05-04 10:45:00,2024-05-04 10:45:00,30.385996552561743,-94.36672226464664,,2024-05-04,11685,0 days 00:30:00,211,6,False,False,,,,Free
2024-05-04 10:45:00,8.180055000416866,21.3551,52.55358277751508,331,273,227.35612676834555,477.3478912375391,49,5.0,13546,2024-05-04 10:45:00,2024-05-04 10:45:00,29.72143873232076,-93.2215221384671,,2024-05-04,11724,0 days 00:15:00,218,4,False,False,,,,Free
2024-05-04 10:45:00,6.612160986770346,18.9,34.338136209916264,331,275,232.23920862788765,455.3201438838895,32,5.0,13547,2024-05-04 10:45:00,2024-05-04 10:45:00,29.67260791372533,-93.44179960570892,,2024-05-04,11693,0 days 00:30:00,213,6,False,False,,,,Free
2024-05-04 10:45:00,9.974426649924268,136.53333,78.13862474355793,331,295,347.8506926759879,495.3999830965701,72,5.0,13559,2024-05-04 10:45:00,2024-05-04 10:45:00,28.516493073244146,-93.04100122503536,,2024-05-04,11701,0 days 00:30:00,214,3,False,False,,,,Free
2024-05-04 11:00:00,10.910309684794296,73.671906,93.4897583964656,332,200,26.277790504670108,392.3122484617279,89,5.0,13561,2024-05-04 11:00:00,2024-05-04 11:00:00,31.732222094957827,-94.07187854192534,,2024-05-04,11703,0 days 00:30:00,215,3,False,False,,,,Free
2024-05-04 11:00:00,17.523770395504748,103.536835,241.18205418937296,332,206,92.12822793073832,426.9379949692681,230,5.0,13566,2024-05-04 11:00:00,2024-05-04 11:00:00,31.073717720697044,-93.72562108674464,,2024-05-04,11670,0 days 00:45:00,209,6,False,False,,,,Free
2024-05-04 11:00:00,31.548932767076003,365.82904,781.7344056404677,332,207,118.9853390439231,346.9465229718431,737,5.0,13567,2024-05-04 11:00:00,2024-05-04 11:00:00,30.80514660956516,-94.52553578386043,,2024-05-04,11708,0 days 00:30:00,217,4,False,False,,,,Free
2024-05-04 11:00:00,9.6471320744378,16.556522,73.09477438591873,332,208,104.91522449347416,445.47278657484014,69,5.0,13568,2024-05-04 11:00:00,2024-05-04 11:00:00,30.945847755069664,-93.54027317598542,,2024-05-04,11738,0 days 00:15:00,220,4,False,False,,,,Free
2024-05-04 11:00:00,10.325210300052047,25.275948,83.73127286309352,332,211,110.7817455338316,433.594081651204,79,5.0,13571,2024-05-04 11:00:00,2024-05-04 11:00:00,30.88718254466608,-93.6590602218273,,2024-05-04,11740,0 days 00:15:00,221,5,False,False,,,,Free
2024-05-04 11:00:00,10.3376128422937,20.779749,83.93254805747033,332,219,133.8307225016447,391.02269820676827,80,5.0,13577,2024-05-04 11:00:00,2024-05-04 11:00:00,30.65669277498792,-94.08477404410644,,2024-05-04,11776,0 days 00:00:00,223,3,False,False,,,,Free
2024-05-04 11:00:00,9.524787377819983,17.33731,71.25255806561461,332,221,143.35156060602392,397.89039438948976,67,5.0,13579,2024-05-04 11:00:00,2024-05-04 11:00:00,30.561484393944102,-94.01609708424172,,2024-05-04,11677,0 days 00:45:00,210,4,False,False,,,,Free
2024-05-04 11:00:00,15.581646602924856,55.07933,190.68502220368927,332,225,160.16985342120822,421.0094821680164,179,5.0,13583,2024-05-04 11:00:00,2024-05-04 11:00:00,30.39330146579224,-93.78490621306298,,2024-05-04,11780,0 days 00:00:00,224,3,False,False,,,,Free
2024-05-04 11:00:00,13.73179632487826,27.487772,148.0964293699828,332,228,160.30571376357886,370.4832683279019,139,5.0,13585,2024-05-04 11:00:00,2024-05-04 11:00:00,30.39194286236853,-94.2901683370257,,2024-05-04,11685,0 days 00:45:00,211,6,False,False,,,,Free
2024-05-04 11:00:00,7.012320496967947,19.2,38.62010016538154,332,247,229.41979655180265,483.5618153173288,36,5.0,13600,2024-05-04 11:00:00,2024-05-04 11:00:00,29.700802034486184,-93.15938289944488,,2024-05-04,11724,0 days 00:30:00,218,4,False,False,,,,Free
2024-05-04 11:00:00,6.915982309434138,11.245715,37.566231352290345,332,248,234.49679779658496,463.45928633318925,35,5.0,13601,2024-05-04 11:00:00,2024-05-04 11:00:00,29.65003202203836,-93.36040818354178,,2024-05-04,11693,0 days 00:45:00,213,6,False,False,,,,Free
2024-05-04 11:15:00,5.18323743463779,19.680002,21.100468026555625,333,198,67.01702997184485,284.9884196139484,20,5.0,13619,2024-05-04 11:15:00,2024-05-04 11:15:00,31.324829700286017,-95.14511679973418,,2024-05-04,11804,0 days 00:00:00,226,8,False,False,,,,Free
2024-05-04 11:15:00,15.345362889183352,61.823994,184.9456869089832,333,200,83.8360451209789,291.7869914392111,175,5.0,13620,2024-05-04 11:15:00,2024-05-04 11:15:00,31.15663954879465,-95.07713108342432,,2024-05-04,11737,0 days 00:30:00,219,9,False,False,,,,Free
2024-05-04 11:15:00,14.99850130111371,154.97963,176.67927626792402,333,202,93.6742472018203,434.1364017697879,167,5.0,13622,2024-05-04 11:15:00,2024-05-04 11:15:00,31.05825752798622,-93.65363702079644,,2024-05-04,11670,0 days 01:00:00,209,6,False,False,,,,Free
2024-05-04 11:15:00,32.118223283541894,342.9487,810.2012470135963,333,203,119.51181829075044,356.2639631954049,764,5.0,13623,2024-05-04 11:15:00,2024-05-04 11:15:00,30.79988181709688,-94.4323613842874,,2024-05-04,11708,0 days 00:45:00,217,4,False,False,,,,Free
2024-05-04 11:15:00,8.691238419816088,15.257142,59.32711215453118,333,204,106.06859332000656,451.1897632465463,56,5.0,13624,2024-05-04 11:15:00,2024-05-04 11:15:00,30.934314066804337,-93.48310341090206,,2024-05-04,11738,0 days 00:30:00,220,4,False,False,,,,Free
2024-05-04 11:15:00,12.182902398522575,36.218178,116.57123866883948,333,205,109.5027955570704,438.9140943100211,110,5.0,13625,2024-05-04 11:15:00,2024-05-04 11:15:00,30.899972044433696,-93.6058600967594,,2024-05-04,11740,0 days 00:30:00,221,5,False,False,,,,Free
2024-05-04 11:15:00,12.252996621050482,25.340542,117.91648069390052,333,211,132.67936702759025,398.0658592871256,112,5.0,13631,2024-05-04 11:15:00,2024-05-04 11:15:00,30.66820632972846,-94.01434243531548,,2024-05-04,11776,0 days 00:15:00,223,3,False,False,,,,Free
2024-05-04 11:15:00,13.878082183399489,30.760563,151.26860132925884,333,219,160.03433569713977,427.7455440769224,142,5.0,13635,2024-05-04 11:15:00,2024-05-04 11:15:00,30.39465664303292,-93.71754559589886,,2024-05-04,11780,0 days 00:15:00,224,3,False,False,,,,Free
2024-05-04 11:15:00,13.331075705166905,23.963358,139.57906050888246,333,220,162.14886078651216,377.9755253289547,131,5.0,13636,2024-05-04 11:15:00,2024-05-04 11:15:00,30.3735113921392,-94.21524576915618,,2024-05-04,11685,0 days 01:00:00,211,6,False,False,,,,Free
2024-05-04 11:15:00,1.1658920219852555,19.2,1.0675950276203576,333,226,180.75531914353965,488.2446808564604,2,5.0,13640,2024-05-04 11:15:00,2024-05-04 11:15:00,30.18744680856889,-93.11255424539172,,2024-05-04,11814,0 days 00:00:00,227,3,False,False,,,,Free
2024-05-04 11:15:00,1.6529683302622102,9.6,2.1459467797304126,333,237,231.0,488.5,2,5.0,13649,2024-05-04 11:15:00,2024-05-04 11:15:00,29.68500000000421,-93.11000105402934,,2024-05-04,11724,0 days 00:45:00,218,4,False,False,,,,Free
2024-05-04 11:15:00,5.095923462872452,12.63158,20.39556189315143,333,238,235.53074866361297,469.91310159728965,20,5.0,13650,2024-05-04 11:15:00,2024-05-04 11:15:00,29.63969251336807,-93.29587003274504,,2024-05-04,11693,0 days 01:00:00,213,6,False,False,,,,Free
2024-05-04 11:30:00,8.112640391150613,24.685717,51.69092837893128,334,184,65.94317252870995,288.99754701798395,52,5.0,13663,2024-05-04 11:30:00,2024-05-04 11:30:00,31.335568274717367,-95.10502552683948,,2024-05-04,11804,0 days 00:15:00,226,8,False,False,,,,Free
2024-05-04 11:30:00,17.70754884575517,53.64463,246.26731664231025,334,185,83.54826596790522,297.8923780036266,235,5.0,13664,2024-05-04 11:30:00,2024-05-04 11:30:00,31.159517340325387,-95.01607721952485,,2024-05-04,11737,0 days 00:45:00,219,9,False,False,,,,Free
2024-05-04 11:30:00,15.266909645023128,129.18379,183.0594494752212,334,186,95.15761643220662,439.63755013653343,173,5.0,13665,2024-05-04 11:30:00,2024-05-04 11:30:00,31.04342383568236,-93.598625538701,,2024-05-04,11670,0 days 01:15:00,209,6,False,False,,,,Free
2024-05-04 11:30:00,14.082061505299365,29.126532,155.74795572366708,334,188,106.06975698673644,445.0418428799256,147,5.0,13667,2024-05-04 11:30:00,2024-05-04 11:30:00,30.93430243013704,-93.54458261281144,,2024-05-04,11740,0 days 00:45:00,221,5,False,False,,,,Free
2024-05-04 11:30:00,5.690604446199211,14.0,25.43353220295869,334,190,109.46203703143632,457.063888890238,24,5.0,13669,2024-05-04 11:30:00,2024-05-04 11:30:00,30.90037962969004,-93.42436215614372,,2024-05-04,11738,0 days 00:45:00,220,4,False,False,,,,Free
2024-05-04 11:30:00,15.469803624150163,33.898308,187.95742337672024,334,198,129.69111273721245,403.4837047697242,179,5.0,13675,2024-05-04 11:30:00,2024-05-04 11:30:00,30.698088872632244,-93.96016398203771,,2024-05-04,11776,0 days 00:30:00,223,3,False,False,,,,Free
2024-05-04 11:30:00,10.087019813899667,19.840002,79.91266776682492,334,203,162.55407809993366,434.2362575503648,97,5.0,13680,2024-05-04 11:30:00,2024-05-04 11:30:00,30.36945921900498,-93.65263846301924,,2024-05-04,11780,0 days 00:30:00,224,3,False,False,,,,Free
2024-05-04 11:30:00,8.724372967912348,35.314285,59.78033277239418,334,214,180.2985390991552,493.7004005797257,56,5.0,13687,2024-05-04 11:30:00,2024-05-04 11:30:00,30.192014609012737,-93.05799704971815,,2024-05-04,11814,0 days 00:15:00,227,3,False,False,,,,Free
2024-05-04 11:30:00,2.863783994985871,9.599999,6.441253575455923,334,222,236.3333333333333,476.5,6,5.0,13694,2024-05-04 11:30:00,2024-05-04 11:30:00,29.631666666670867,-93.2300010506002,,2024-05-04,11693,0 days 01:15:00,213,6,False,False,,,,Free
2024-05-04 11:30:00,9.865183942994443,32.18028,76.43640556998145,334,225,264.7871281854068,440.0031091165702,71,5.0,13696,2024-05-04 11:30:00,2024-05-04 11:30:00,29.34712871815009,-93.59496994900508,,2024-05-04,11849,0 days 00:00:00,228,4,False,False,,,,Free
2024-05-04 11:45:00,9.485522855703948,24.931343,70.666312728134,335,193,64.29447761506306,293.7934328271548,68,5.0,13708,2024-05-04 11:45:00,2024-05-04 11:45:00,31.35205522385384,-95.05706667011822,,2024-05-04,11804,0 days 00:30:00,226,8,False,False,,,,Free
2024-05-04 11:45:00,19.237022873161223,107.27563,290.6468390435534,335,195,83.58780167111357,303.9535454515177,277,5.0,13710,2024-05-04 11:45:00,2024-05-04 11:45:00,31.159121983293304,-94.955465546778,,2024-05-04,11737,0 days 01:00:00,219,9,False,False,,,,Free
2024-05-04 11:45:00,22.456433616876584,73.20641,396.0695478509339,335,196,102.43879856205196,449.7171765692256,374,5.0,13711,2024-05-04 11:45:00,2024-05-04 11:45:00,30.97061201438389,-93.49782927725444,,2024-05-04,11740,0 days 01:00:00,221,5,False,False,,,,Free
2024-05-04 11:45:00,11.705298647638326,30.605942,107.61055686414684,335,208,161.77735672425723,387.5424174296525,101,5.0,13721,2024-05-04 11:45:00,2024-05-04 11:45:00,30.377226432761745,-94.11957685088304,,2024-05-04,11685,0 days 01:30:00,211,6,False,False,,,,Free
2024-05-04 11:45:00,8.243732972100124,24.576,53.37497849191168,335,219,180.6657130969536,497.1898242395819,50,5.0,13730,2024-05-04 11:45:00,2024-05-04 11:45:00,30.188342869034752,-93.02310281411673,,2024-05-04,11814,0 days 00:30:00,227,3,False,False,,,,Free
2024-05-04 11:45:00,11.998305019773849,34.194286,113.06538816108969,335,233,267.2994715136124,447.47262999996246,105,5.0,13741,2024-05-04 11:45:00,2024-05-04 11:45:00,29.322005284868027,-93.52027474230567,,2024-05-04,11849,0 days 00:15:00,228,4,False,False,,,,Free
2024-05-04 12:00:00,6.341428184145936,12.480001,31.583775088485005,336,131,47.06149732722591,365.72459893514025,30,5.0,13752,2024-05-04 12:00:00,2024-05-04 12:00:00,31.52438502673224,-94.3377550295935,,2024-05-04,11890,0 days 00:00:00,229,4,False,False,,,,Free
2024-05-04 12:00:00,13.312881265730404,18.545454,139.19832157922843,336,135,63.306935094911815,298.79261742351616,132,5.0,13754,2024-05-04 12:00:00,2024-05-04 12:00:00,31.36193064905536,-95.00707482558316,,2024-05-04,11804,0 days 00:45:00,226,8,False,False,,,,Free
2024-05-04 12:00:00,17.8972231759802,57.599995,251.57135492321544,336,139,83.33388187107221,310.9452983335651,238,5.0,13758,2024-05-04 12:00:00,2024-05-04 12:00:00,31.16166118129372,-94.88554801995548,,2024-05-04,11737,0 days 01:15:00,219,9,False,False,,,,Free
2024-05-04 12:00:00,22.065048944149087,50.89861,382.38396452645856,336,140,105.54051443562426,456.5867804792853,361,5.0,13759,2024-05-04 12:00:00,2024-05-04 12:00:00,30.939594855648163,-93.42913324011693,,2024-05-04,11893,0 days 00:00:00,230,3,False,False,,,,Free
2024-05-04 12:00:00,16.595463278848634,61.211884,216.3060380730629,336,153,212.082539568016,411.8828107180864,203,5.0,13772,2024-05-04 12:00:00,2024-05-04 12:00:00,29.87417460432408,-93.87617292495425,,2024-05-04,11901,0 days 00:00:00,231,4,False,False,,,,Free
2024-05-04 12:00:00,13.45584719210451,49.672733,142.20405296548324,336,161,271.65242166104343,455.70702757090186,132,5.0,13779,2024-05-04 12:00:00,2024-05-04 12:00:00,29.27847578339371,-93.43793076894934,,2024-05-04,11849,0 days 00:30:00,228,4,False,False,,,,Free
2024-05-04 12:15:00,9.04182832878298,36.826233,64.20995944183278,337,136,45.19408676306384,370.1443288824207,61,5.0,13790,2024-05-04 12:15:00,2024-05-04 12:15:00,31.543059132373862,-94.29355773138366,,2024-05-04,11890,0 days 00:15:00,229,4,False,False,,,,Free
2024-05-04 12:15:00,12.153111228916789,24.785456,116.00182632808888,337,143,63.21185278454367,305.12793351484186,113,5.0,13797,2024-05-04 12:15:00,2024-05-04 12:15:00,31.362881472159035,-94.94372166648031,,2024-05-04,11804,0 days 01:00:00,226,8,False,False,,,,Free
2024-05-04 12:15:00,11.532803449494534,97.066666,104.46231893648772,337,144,69.1084194570531,434.20534088472806,99,5.0,13798,2024-05-04 12:15:00,2024-05-04 12:15:00,31.30391580543393,-93.65294762966676,,2024-05-04,11919,0 days 00:00:00,232,3,False,False,,,,Free
2024-05-04 12:15:00,21.45530648499241,27.003506,361.5424750734609,337,147,85.05229850436581,318.01903933183496,348,5.0,13801,2024-05-04 12:15:00,2024-05-04 12:15:00,31.144477014960778,-94.81481061199418,,2024-05-04,11737,0 days 01:30:00,219,9,False,False,,,,Free
2024-05-04 12:15:00,88.22633313217204,120.24526,6113.449656928515,337,153,134.2168477942177,346.98026536654817,5760,5.0,13802,2024-05-04 12:15:00,2024-05-04 12:15:00,30.652831522062183,-94.52519835992302,,2024-05-04,11922,0 days 00:00:00,233,3,False,False,,,,Free
2024-05-04 12:15:00,17.539628980521236,56.968422,241.6187794719571,337,154,108.42876917941484,463.7655796594247,228,5.0,13803,2024-05-04 12:15:00,2024-05-04 12:15:00,30.91071230821025,-93.35734525036696,,2024-05-04,11893,0 days 00:15:00,230,3,False,False,,,,Free
2024-05-04 12:15:00,13.569720178888003,91.87555,144.62110173590418,337,165,215.2673939650829,422.84777726430144,140,5.0,13812,2024-05-04 12:15:00,2024-05-04 12:15:00,29.842326060353404,-93.76652326262548,,2024-05-04,11901,0 days 00:15:00,231,4,False,False,,,,Free
2024-05-04 12:15:00,14.795993164171731,105.54,171.94047625951868,337,166,246.54312595832212,479.4291037283593,217,5.0,13813,2024-05-04 12:15:00,2024-05-04 12:15:00,29.529568740420963,-93.20071001415364,,2024-05-04,11928,0 days 00:00:00,234,3,False,False,,,,Free
2024-05-04 12:15:00,17.054906843037443,60.362267,228.448643955044,337,169,274.18788767534073,465.2619453438933,212,5.0,13816,2024-05-04 12:15:00,2024-05-04 12:15:00,29.25312112325073,-93.34238159394982,,2024-05-04,11849,0 days 00:45:00,228,4,False,False,,,,Free
2024-05-04 12:30:00,,,,338,150,23.22775142834857,440.7750877480058,116,5.0,13823,2024-05-04 12:30:00,2024-05-04 12:30:00,31.76272248572105,-93.58725016291136,,2024-05-04,11935,0 days 00:00:00,235,4,False,False,,,,Free
2024-05-04 12:30:00,9.68036015705222,21.257141,73.59916926687654,338,153,35.21195078432662,469.6810193522316,70,5.0,13825,2024-05-04 12:30:00,2024-05-04 12:30:00,31.64288049216125,-93.29819085512928,,2024-05-04,11937,0 days 00:00:00,236,3,False,False,,,,Free
2024-05-04 12:30:00,15.049041192235856,29.822489,177.87198154666072,338,155,43.784457716315934,483.17516079654433,169,5.0,13826,2024-05-04 12:30:00,2024-05-04 12:30:00,31.55715542284134,-93.16324944454226,,2024-05-04,11938,0 days 00:00:00,237,3,False,False,,,,Free
2024-05-04 12:30:00,10.5464019117565,21.397589,87.35716208644507,338,156,44.1106539407306,375.2725937134826,83,5.0,13827,2024-05-04 12:30:00,2024-05-04 12:30:00,31.553893460597195,-94.2422750845385,,2024-05-04,11890,0 days 00:30:00,229,4,False,False,,,,Free
2024-05-04 12:30:00,5.908680144274377,12.184616,27.42021420219412,338,163,63.24625268048579,311.934689497601,26,5.0,13833,2024-05-04 12:30:00,2024-05-04 12:30:00,31.36253747319961,-94.8756541085978,,2024-05-04,11804,0 days 01:15:00,226,8,False,False,,,,Free
2024-05-04 12:30:00,10.560084984876418,64.77109,87.58398633542907,338,164,69.24454745577015,438.0597057358654,83,5.0,13834,2024-05-04 12:30:00,2024-05-04 12:30:00,31.30255452544676,-93.61440398225682,,2024-05-04,11919,0 days 00:15:00,232,3,False,False,,,,Free
2024-05-04 12:30:00,20.59225018074485,26.179049,333.04084000516013,338,167,86.91620078748099,327.2724446557903,319,5.0,13837,2024-05-04 12:30:00,2024-05-04 12:30:00,31.125837992129625,-94.72227656139889,,2024-05-04,11737,0 days 01:45:00,219,9,False,False,,,,Free
2024-05-04 12:30:00,89.33456784475945,121.536514,6267.999643122874,338,169,137.0963479655749,355.93366973683527,5900,5.0,13839,2024-05-04 12:30:00,2024-05-04 12:30:00,30.624036520348607,-94.43566431877866,,2024-05-04,11922,0 days 00:15:00,233,3,False,False,,,,Free
2024-05-04 12:30:00,17.479986230353198,66.3,239.978344905155,338,187,216.18498019818432,432.4458313729596,224,5.0,13853,2024-05-04 12:30:00,2024-05-04 12:30:00,29.833150198022388,-93.67054272428165,,2024-05-04,11901,0 days 00:30:00,231,4,False,False,,,,Free
2024-05-04 12:30:00,14.183961307220155,99.78775,158.0101397232094,338,193,249.19031419444423,487.1858215368504,147,5.0,13859,2024-05-04 12:30:00,2024-05-04 12:30:00,29.50309685805973,-93.12314283828528,,2024-05-04,11928,0 days 00:15:00,234,3,False,False,,,,Free
2024-05-04 12:45:00,14.488522413616582,44.698082,164.8686475360247,339,127,22.306100207556657,445.9914000930223,157,5.0,13864,2024-05-04 12:45:00,2024-05-04 12:45:00,31.771938997928967,-93.5350870409518,,2024-05-04,11935,0 days 00:15:00,235,4,False,False,,,,Free
2024-05-04 12:45:00,14.217377715527896,52.005295,158.75553814033762,339,128,33.852123200732585,473.9327115451749,151,5.0,13865,2024-05-04 12:45:00,2024-05-04 12:45:00,31.65647876799719,-93.2556739344148,,2024-05-04,11937,0 days 00:15:00,236,3,False,False,,,,Free
2024-05-04 12:45:00,14.550769526960668,45.873425,166.28834275703127,339,129,44.46240322305363,486.0611024941776,158,5.0,13866,2024-05-04 12:45:00,2024-05-04 12:45:00,31.550375967773963,-93.1343900283906,,2024-05-04,11938,0 days 00:15:00,237,3,False,False,,,,Free
2024-05-04 12:45:00,7.677818014981723,13.52727,46.29834952498228,339,130,41.65085289030657,379.05383796189847,44,5.0,13867,2024-05-04 12:45:00,2024-05-04 12:45:00,31.57849147110144,-94.20446264313487,,2024-05-04,11890,0 days 00:45:00,229,4,False,False,,,,Free
2024-05-04 12:45:00,7.688773870428156,15.709088,46.43057457257606,339,134,69.23641764127879,443.0666383864735,44,5.0,13871,2024-05-04 12:45:00,2024-05-04 12:45:00,31.302635823591675,-93.56433465718152,,2024-05-04,11919,0 days 00:30:00,232,3,False,False,,,,Free
2024-05-04 12:45:00,15.9933582897863,18.543158,200.8950400913605,339,135,88.2505829180157,336.7752992271614,190,5.0,13872,2024-05-04 12:45:00,2024-05-04 12:45:00,31.11249417082428,-94.62724801840068,,2024-05-04,11737,0 days 02:00:00,219,9,False,False,,,,Free
2024-05-04 12:45:00,88.99051855822438,120.39119,6219.813409038372,339,137,138.80014998637876,365.6677707884784,5883,5.0,13873,2024-05-04 12:45:00,2024-05-04 12:45:00,30.60699850014057,-94.3383233110439,,2024-05-04,11922,0 days 00:30:00,233,3,False,False,,,,Free
2024-05-04 12:45:00,6.871941887259155,20.297142,37.089317165129,339,139,108.9118416124652,471.3477773637748,35,5.0,13875,2024-05-04 12:45:00,2024-05-04 12:45:00,30.905881583879747,-93.28152327549014,,2024-05-04,11893,0 days 00:45:00,230,3,False,False,,,,Free
2024-05-04 12:45:00,5.450579219567016,51.054543,23.333247817837208,339,143,117.26490327445048,474.78681404964345,22,5.0,13878,2024-05-04 12:45:00,2024-05-04 12:45:00,30.822350967259883,-93.2471329096142,,2024-05-04,11969,0 days 00:00:00,238,5,False,False,,,,Free
2024-05-04 12:45:00,11.282939198575292,55.019352,99.98489089123176,339,162,252.10598048107144,495.8039898464221,93,5.0,13893,2024-05-04 12:45:00,2024-05-04 12:45:00,29.47394019519346,-93.03696115765229,,2024-05-04,11928,0 days 00:30:00,234,3,False,False,,,,Free
2024-05-04 13:00:00,9.393128694008173,22.836365,69.29636063145676,340,163,22.21154170533084,452.0027077344945,67,5.0,13904,2024-05-04 13:00:00,2024-05-04 13:00:00,31.772884582951228,-93.47497396625488,,2024-05-04,11935,0 days 00:30:00,235,4,False,False,,,,Free
2024-05-04 13:00:00,15.905748764349129,50.89524,198.7001148375556,340,166,34.38530353056437,479.9371469523224,189,5.0,13907,2024-05-04 13:00:00,2024-05-04 13:00:00,31.65114696469887,-93.19562958205915,,2024-05-04,11937,0 days 00:30:00,236,3,False,False,,,,Free
2024-05-04 13:00:00,12.30598012143744,71.10796,118.93845692698208,340,168,45.03927603379589,491.3675670919943,113,5.0,13908,2024-05-04 13:00:00,2024-05-04 13:00:00,31.54460723966654,-93.0813253839288,,2024-05-04,11938,0 days 00:30:00,237,3,False,False,,,,Free
2024-05-04 13:00:00,5.310983301515646,11.885715,22.15336756198933,340,170,65.89903181618226,332.1383125769584,21,5.0,13910,2024-05-04 13:00:00,2024-05-04 13:00:00,31.336009681842643,-94.67361788357766,,2024-05-04,11804,0 days 01:45:00,226,8,False,False,,,,Free
2024-05-04 13:00:00,10.963434106185888,125.23145,94.40241461058392,340,178,117.9636251593586,478.8769569997164,90,5.0,13916,2024-05-04 13:00:00,2024-05-04 13:00:00,30.8153637484108,-93.20623148128226,,2024-05-04,11969,0 days 00:15:00,238,5,False,False,,,,Free
2024-05-04 13:00:00,23.61799427900733,72.01174,438.10267759100185,340,195,217.77063878199243,457.28605748826834,502,5.0,13928,2024-05-04 13:00:00,2024-05-04 13:00:00,29.817293612184304,-93.4221404702269,,2024-05-04,11901,0 days 01:00:00,231,4,False,False,,,,Free
2024-05-04 13:15:00,2.309709303707672,9.6,4.189908403091127,341,137,0.25,475.0,4,5.0,13935,2024-05-04 13:15:00,2024-05-04 13:15:00,31.99250000000457,-93.24500105017154,,2024-05-04,12010,0 days 00:00:00,239,5,False,False,,,,Free
2024-05-04 13:15:00,4.168598741299579,10.338461,13.6480331119302,341,147,21.18648648753142,458.00540539983245,14,5.0,13944,2024-05-04 13:15:00,2024-05-04 13:15:00,31.78313513512922,-93.4149469913168,,2024-05-04,11935,0 days 00:45:00,235,4,False,False,,,,Free
2024-05-04 13:15:00,8.672151832159626,20.571428,59.06682502205245,341,149,64.65229358071481,333.4011467906855,56,5.0,13946,2024-05-04 13:15:00,2024-05-04 13:15:00,31.34847706419732,-94.66098954180126,,2024-05-04,11804,0 days 02:00:00,226,8,False,False,,,,Free
2024-05-04 13:15:00,1.641082372932144,9.6,2.115196127770897,341,151,90.0,344.5,2,5.0,13948,2024-05-04 13:15:00,2024-05-04 13:15:00,31.09500000000443,-94.55000101287976,,2024-05-04,11737,0 days 02:30:00,219,9,False,False,,,,Free
2024-05-04 13:15:00,10.90180309868308,61.74545,93.34403042530144,341,155,118.72396667595832,484.6312880230504,88,5.0,13952,2024-05-04 13:15:00,2024-05-04 13:15:00,30.8077603332448,-93.14868817269326,,2024-05-04,11969,0 days 00:30:00,238,5,False,False,,,,Free
2024-05-04 13:30:00,9.724227489001104,28.38857,74.2677217722715,342,117,120.75885658209094,488.4609088566506,70,5.0,13978,2024-05-04 13:30:00,2024-05-04 13:30:00,30.787411434183472,-93.11039196545164,,2024-05-04,11969,0 days 00:45:00,238,5,False,False,,,,Free
2024-05-04 13:45:00,14.146886347152916,39.936,157.18518494561062,343,112,2.4959235270642544,481.8368256668343,152,5.0,13998,2024-05-04 13:45:00,2024-05-04 13:45:00,31.970040764733923,-93.1766327954569,,2024-05-04,12010,0 days 00:30:00,239,5,False,False,,,,Free
2024-05-04 13:45:00,,,,343,119,69.8,338.3333333333333,15,5.0,14003,2024-05-04 13:45:00,2024-05-04 13:45:00,31.29700000000446,-94.61166767778424,,2024-05-04,12063,0 days 00:00:00,240,3,False,False,,,,Free
2024-05-04 13:45:00,13.528795509222268,11.364706,143.75009689824154,343,120,84.65203474762491,8.879743966590441,138,5.0,14004,2024-05-04 13:45:00,2024-05-04 13:45:00,31.148479652528188,-97.90620347730663,,2024-05-04,12064,0 days 00:00:00,241,4,False,False,,,,Free
2024-05-04 13:45:00,5.326621870230721,17.82857,22.28402398098769,343,128,122.28507794152546,493.3919821722525,21,5.0,14011,2024-05-04 13:45:00,2024-05-04 13:45:00,30.772149220589124,-93.06108123370473,,2024-05-04,11969,0 days 01:00:00,238,5,False,False,,,,Free
2024-05-04 14:00:00,12.652613796240765,23.519999,125.73332059845896,344,101,1.8911087380081133,486.5325774230474,120,5.0,14030,2024-05-04 14:00:00,2024-05-04 14:00:00,31.976088912624487,-93.1296752792366,,2024-05-04,12010,0 days 00:45:00,239,5,False,False,,,,Free
2024-05-04 14:00:00,10.99711272026472,15.786666,94.98329570604342,344,106,70.53316851180566,344.3213844242085,90,5.0,14033,2024-05-04 14:00:00,2024-05-04 14:00:00,31.2896683148864,-94.5517871685866,,2024-05-04,12063,0 days 00:15:00,240,3,False,False,,,,Free
2024-05-04 14:00:00,18.8874388555698,16.555473,280.1792859780284,344,107,86.72375512098019,12.396221521894535,269,5.0,14034,2024-05-04 14:00:00,2024-05-04 14:00:00,31.12776244879464,-97.87103870275848,,2024-05-04,12064,0 days 00:15:00,241,4,False,False,,,,Free
2024-05-04 14:15:00,9.166955418394554,22.704762,65.99942013292747,345,143,1.5547785472808051,491.3207817382849,63,5.0,14053,2024-05-04 14:15:00,2024-05-04 14:15:00,31.97945221453176,-93.08179323745252,,2024-05-04,12010,0 days 01:00:00,239,5,False,False,,,,Free
2024-05-04 14:15:00,12.592819350518736,22.861021,124.547733260817,345,147,71.43319761274803,348.7914970267712,119,5.0,14057,2024-05-04 14:15:00,2024-05-04 14:15:00,31.280668023876977,-94.50708604383834,,2024-05-04,12063,0 days 00:30:00,240,3,False,False,,,,Free
2024-05-04 14:15:00,20.29641213628983,19.450981,323.54033246102057,345,148,88.30515600058868,13.898190834437454,306,5.0,14058,2024-05-04 14:15:00,2024-05-04 14:15:00,31.111948439998542,-97.85601901006224,,2024-05-04,12064,0 days 00:30:00,241,4,False,False,,,,Free
2024-05-04 14:15:00,10.738708193675928,57.261185,90.57200127483422,345,164,162.34928639264382,270.9212102025021,85,5.0,14072,2024-05-04 14:15:00,2024-05-04 14:15:00,30.37150713607788,-95.28578888982878,,2024-05-04,12119,0 days 00:00:00,242,4,False,False,,,,Free
2024-05-04 14:30:00,3.83041409295154,29.67273,11.52341849901748,346,171,1.1753868853467335,497.9690493760679,11,5.0,14092,2024-05-04 14:30:00,2024-05-04 14:30:00,31.983246131151105,-93.01531056297448,,2024-05-04,12010,0 days 01:15:00,239,5,False,False,,,,Free
2024-05-04 14:30:00,18.565000127719184,14.475001,270.6947260375135,346,175,87.86248046524719,15.849065938379647,257,5.0,14096,2024-05-04 14:30:00,2024-05-04 14:30:00,31.11637519535196,-97.83651025958034,,2024-05-04,12064,0 days 00:45:00,241,4,False,False,,,,Free
2024-05-04 14:30:00,13.125423120490863,62.740158,135.30582898110518,346,198,160.9207963926858,280.32229648084126,127,5.0,14114,2024-05-04 14:30:00,2024-05-04 14:30:00,30.38579203607746,-95.19177802973184,,2024-05-04,12119,0 days 00:15:00,242,4,False,False,,,,Free
2024-05-04 14:45:00,1.637297139318203,9.6,2.105449782410876,347,187,46.5,478.0,2,5.0,14135,2024-05-04 14:45:00,2024-05-04 14:45:00,31.5300000000045,-93.21500105102882,,2024-05-04,12174,0 days 00:00:00,243,3,False,False,,,,Free
2024-05-04 14:45:00,13.480721263669292,34.817913,142.73028711698214,347,218,158.2162879271085,288.32385627986423,134,5.0,14160,2024-05-04 14:45:00,2024-05-04 14:45:00,30.41283712073324,-95.11176243402817,,2024-05-04,12119,0 days 00:30:00,242,4,False,False,,,,Free
2024-05-04 15:00:00,4.773613158298371,28.235296,17.897168430956317,348,167,47.06126582264545,479.6987341632546,17,5.0,14178,2024-05-04 15:00:00,2024-05-04 15:00:00,31.52438734177804,-93.1980137098817,,2024-05-04,12174,0 days 00:15:00,243,3,False,False,,,,Free
2024-05-04 15:00:00,8.55658546147708,12.9777775,57.50304808101912,348,202,155.95636026014586,295.5506035432009,54,5.0,14202,2024-05-04 15:00:00,2024-05-04 15:00:00,30.435436397402867,-95.0394949634599,,2024-05-04,12119,0 days 00:45:00,242,4,False,False,,,,Free
2024-05-04 15:15:00,8.005666569553721,54.600006,50.33671588970408,349,182,10.405997988142962,397.7257224424405,48,5.0,14210,2024-05-04 15:15:00,2024-05-04 15:15:00,31.890940020123125,-94.01774380366516,,2024-05-04,12238,0 days 00:00:00,244,3,False,False,,,,Free
2024-05-04 15:15:00,6.5395562908027935,42.300003,33.58817801207532,349,186,19.45327569117084,436.3328898964648,34,5.0,14212,2024-05-04 15:15:00,2024-05-04 15:15:00,31.800467243092832,-93.63167214015732,,2024-05-04,12240,0 days 00:00:00,245,3,False,False,,,,Free
2024-05-04 15:15:00,7.675879117941579,11.345455,46.27496882018925,349,189,37.19197708558516,403.9133237856605,44,5.0,14214,2024-05-04 15:15:00,2024-05-04 15:15:00,31.62308022914866,-93.95586779200111,,2024-05-04,12242,0 days 00:00:00,246,3,False,False,,,,Free
2024-05-04 15:15:00,2.5888079436945417,9.6,5.263680818781027,349,196,46.6,482.8,5,5.0,14221,2024-05-04 15:15:00,2024-05-04 15:15:00,31.529000000004498,-93.16700105240044,,2024-05-04,12174,0 days 00:30:00,243,3,False,False,,,,Free
2024-05-04 15:15:00,20.94660294130227,58.545227,344.60143544460533,349,217,114.60231465184278,292.41823455341694,325,5.0,14236,2024-05-04 15:15:00,2024-05-04 15:15:00,30.84897685348596,-95.0708186524626,,2024-05-04,12261,0 days 00:00:00,247,3,False,False,,,,Free
2024-05-04 15:30:00,10.46245416251309,48.70244,85.97199761452276,350,215,9.014845401194275,398.9879450882802,82,5.0,14249,2024-05-04 15:30:00,2024-05-04 15:30:00,31.904851545992614,-94.00512157756748,,2024-05-04,12238,0 days 00:15:00,244,3,False,False,,,,Free
2024-05-04 15:30:00,13.280699618543336,72.218185,138.52615800953936,350,218,17.94635289049684,438.5118564475664,132,5.0,14251,2024-05-04 15:30:00,2024-05-04 15:30:00,31.815536471099573,-93.609882475269,,2024-05-04,12240,0 days 00:15:00,245,3,False,False,,,,Free
2024-05-04 15:30:00,5.427082921451239,21.818184,23.13251199124048,350,227,34.06090596608712,402.5572896800911,37,5.0,14259,2024-05-04 15:30:00,2024-05-04 15:30:00,31.65439094034365,-93.96942813266936,,2024-05-04,12242,0 days 00:15:00,246,3,False,False,,,,Free
2024-05-04 15:30:00,22.46853334625038,36.65455,396.4964745393392,350,263,114.52116765957248,299.0969017880944,374,5.0,14288,2024-05-04 15:30:00,2024-05-04 15:30:00,30.849788323408667,-95.00403198202434,,2024-05-04,12261,0 days 00:15:00,247,3,False,False,,,,Free
2024-05-04 15:45:00,8.722631853527314,14.989473,59.75647455090243,351,251,8.295398659037518,400.7657183112543,57,5.0,14302,2024-05-04 15:45:00,2024-05-04 15:45:00,31.91204601341418,-93.98734384584571,,2024-05-04,12238,0 days 00:30:00,244,3,False,False,,,,Free
2024-05-04 15:45:00,18.91933215054612,45.564175,281.1263053388284,351,252,14.34104788722517,439.3206638224181,268,5.0,14303,2024-05-04 15:45:00,2024-05-04 15:45:00,31.851589521132297,-93.6017944017516,,2024-05-04,12240,0 days 00:30:00,245,3,False,False,,,,Free
2024-05-04 15:45:00,6.542405561446864,14.1,33.61745298238754,351,260,27.44024724791126,364.489697812657,32,5.0,14310,2024-05-04 15:45:00,2024-05-04 15:45:00,31.720597527525413,-94.35010404046544,,2024-05-04,12324,0 days 00:00:00,248,3,False,False,,,,Free
2024-05-04 15:45:00,5.426047679032149,17.454546,23.12368755500301,351,270,32.001459852551235,401.8751824920106,22,5.0,14317,2024-05-04 15:45:00,2024-05-04 15:45:00,31.67498540147901,-93.9762492043552,,2024-05-04,12242,0 days 00:30:00,246,3,False,False,,,,Free
2024-05-04 16:00:00,9.880281514300764,27.090412,76.67053949548718,352,285,24.20922733175991,363.5667865651964,73,5.0,14369,2024-05-04 16:00:00,2024-05-04 16:00:00,31.75290772668693,-94.3593331526763,,2024-05-04,12324,0 days 00:15:00,248,3,False,False,,,,Free
2024-05-04 16:00:00,,,,352,300,39.55555555555556,6.555555555555555,9,5.0,14380,2024-05-04 16:00:00,2024-05-04 16:00:00,31.599444444448952,-97.92944536075282,,2024-05-04,12386,0 days 00:00:00,250,3,False,False,,,,Free
2024-05-04 16:00:00,7.256182364091566,10.338464,41.35292743511612,352,337,114.6906820346553,308.6570605286324,39,5.0,14407,2024-05-04 16:00:00,2024-05-04 16:00:00,30.84809317965784,-94.90843039735093,,2024-05-04,12261,0 days 00:45:00,247,3,False,False,,,,Free
2024-05-04 16:15:00,11.959175470735818,25.928976,112.32912025961166,353,288,19.96766992230131,363.1229793920757,107,5.0,14436,2024-05-04 16:15:00,2024-05-04 16:15:00,31.79532330078153,-94.3637712242807,,2024-05-04,12324,0 days 00:30:00,248,3,False,False,,,,Free
2024-05-04 16:15:00,2.5876698572620165,9.6,5.2590538189537765,353,300,38.4,8.2,5,5.0,14446,2024-05-04 16:15:00,2024-05-04 16:15:00,31.61100000000451,-97.91300091677834,,2024-05-04,12386,0 days 00:15:00,250,3,False,False,,,,Free
2024-05-04 16:30:00,6.23181163808224,12.910347,30.50131175482391,354,308,37.26678293122632,10.04533565363582,29,5.0,14509,2024-05-04 16:30:00,2024-05-04 16:30:00,31.62233217069225,-97.8945475607693,,2024-05-04,12386,0 days 00:30:00,250,3,False,False,,,,Free
2024-05-04 16:30:00,10.414829821799632,10.92,85.19110222861383,354,358,156.53836683931027,3.490356991537736,83,5.0,14544,2024-05-04 16:30:00,2024-05-04 16:30:00,30.42961633161122,-97.96009734551711,,2024-05-04,12528,0 days 00:00:00,252,3,False,False,,,,Free
2024-05-04 16:30:00,2.6053161600307404,9.6,5.331025353229331,354,367,168.2,14.8,5,5.0,14551,2024-05-04 16:30:00,2024-05-04 16:30:00,30.31300000000431,-97.84700091866432,,2024-05-04,12535,0 days 00:00:00,253,3,False,False,,,,Free
2024-05-04 16:45:00,14.856222145056002,63.534546,173.3431366751651,355,328,27.795841888121416,456.6757988213581,165,5.0,14568,2024-05-04 16:45:00,2024-05-04 16:45:00,31.71704158112331,-93.4282430567216,,2024-05-04,12547,0 days 00:00:00,254,3,False,False,,,,Free
2024-05-04 16:45:00,12.70088760560982,11.616806,126.69457733806613,355,398,154.5557432436903,3.691361015009496,128,5.0,14618,2024-05-04 16:45:00,2024-05-04 16:45:00,30.449442567567424,-97.95808730533986,,2024-05-04,12528,0 days 00:15:00,252,3,False,False,,,,Free
2024-05-04 16:45:00,1.165120922655553,9.6,1.0661833195670118,355,409,167.5,14.5,2,5.0,14627,2024-05-04 16:45:00,2024-05-04 16:45:00,30.320000000004303,-97.85000091857864,,2024-05-04,12535,0 days 00:15:00,253,3,False,False,,,,Free
2024-05-04 17:00:00,15.814992419787806,62.939034,196.4390646458991,356,367,26.70053347579198,459.5228989085764,187,5.0,14639,2024-05-04 17:00:00,2024-05-04 17:00:00,31.72799466524661,-93.39977205666304,,2024-05-04,12547,0 days 00:15:00,254,3,False,False,,,,Free
2024-05-04 17:00:00,3.671076177615116,35.52,10.584654205549688,356,420,98.15858451662169,483.7169069615486,10,5.0,14671,2024-05-04 17:00:00,2024-05-04 17:00:00,31.0134141548382,-93.157831983047,,2024-05-04,12636,0 days 00:00:00,255,4,False,False,,,,Free
2024-05-04 17:00:00,4.49789090468479,24.32,15.8894079861887,356,433,105.09661836709007,496.57349895946174,15,5.0,14682,2024-05-04 17:00:00,2024-05-04 17:00:00,30.944033816333505,-93.0292660667418,,2024-05-04,12647,0 days 00:00:00,256,5,False,False,,,,Free
2024-05-04 17:00:00,15.135400690318514,19.597633,179.9192893464077,356,454,154.2041345494532,3.992379411966997,169,5.0,14698,2024-05-04 17:00:00,2024-05-04 17:00:00,30.4529586545098,-97.95507712145628,,2024-05-04,12528,0 days 00:30:00,252,3,False,False,,,,Free
2024-05-04 17:00:00,2.603504077928497,11.5199995,5.3236121292480005,356,461,154.4233128888197,77.14110429627324,5,5.0,14703,2024-05-04 17:00:00,2024-05-04 17:00:00,30.45076687111613,-97.22358989351623,,2024-05-04,12662,0 days 00:00:00,257,3,False,False,,,,Free
2024-05-04 17:00:00,2.018014305906584,9.6,3.198441138341096,356,470,167.66666666666666,13.333333333333334,3,5.0,14708,2024-05-04 17:00:00,2024-05-04 17:00:00,30.31833333333764,-97.86166758491191,,2024-05-04,12535,0 days 00:30:00,253,3,False,False,,,,Free
2024-05-04 17:15:00,11.546743403087154,13.769696,104.71500336919644,357,305,90.43238886701631,400.4287030401382,99,5.0,14737,2024-05-04 17:15:00,2024-05-04 17:15:00,31.090676111334265,-93.9907139984606,,2024-05-04,12687,0 days 00:00:00,258,4,False,False,,,,Free
2024-05-04 17:15:00,16.50037029757604,21.956436,213.83424751684169,357,307,98.76896612354014,422.5961280276229,203,5.0,14739,2024-05-04 17:15:00,2024-05-04 17:15:00,31.007310338769013,-93.76903975492036,,2024-05-04,12689,0 days 00:00:00,259,3,False,False,,,,Free
2024-05-04 17:15:00,4.925030013330606,65.066666,19.05055551604986,357,309,96.50911769344624,484.40486278951226,19,5.0,14740,2024-05-04 17:15:00,2024-05-04 17:15:00,31.02990882306996,-93.15095242496398,,2024-05-04,12636,0 days 00:15:00,255,4,False,False,,,,Free
2024-05-04 17:15:00,7.702154955992538,42.54546,46.59232523166707,357,312,102.07862200979376,496.0777817667537,45,5.0,14742,2024-05-04 17:15:00,2024-05-04 17:15:00,30.974213779906474,-93.0342232385272,,2024-05-04,12647,0 days 00:15:00,256,5,False,False,,,,Free
2024-05-04 17:30:00,2.0029546059011976,9.6,3.150881678070478,358,308,25.0,477.0,3,5.0,14793,2024-05-04 17:30:00,2024-05-04 17:30:00,31.74500000000453,-93.22500105074306,,2024-05-04,12547,0 days 00:45:00,254,3,False,False,,,,Free
2024-05-04 17:30:00,7.869814034638845,12.521739,48.64282859882504,358,323,88.81387282924722,408.9872832499631,46,5.0,14806,2024-05-04 17:30:00,2024-05-04 17:30:00,31.10686127171196,-93.90512819880804,,2024-05-04,12687,0 days 00:15:00,258,4,False,False,,,,Free
2024-05-04 17:30:00,15.489284169602383,23.35281,188.43109694381863,358,325,98.40755481017548,432.75994857693,178,5.0,14808,2024-05-04 17:30:00,2024-05-04 17:30:00,31.01092445190266,-93.66740155233168,,2024-05-04,12689,0 days 00:15:00,259,3,False,False,,,,Free
2024-05-04 17:30:00,4.495549540326633,19.840002,15.872869919175129,358,326,95.53459117632264,486.55525607307374,15,5.0,14809,2024-05-04 17:30:00,2024-05-04 17:30:00,31.0396540882412,-93.12944849274282,,2024-05-04,12636,0 days 00:30:00,255,4,False,False,,,,Free
2024-05-04 17:30:00,8.043184954833611,49.600002,50.80962532554552,358,327,98.177503735877,494.8598654618756,48,5.0,14810,2024-05-04 17:30:00,2024-05-04 17:30:00,31.013224962645648,-93.04640240122797,,2024-05-04,12647,0 days 00:30:00,256,5,False,False,,,,Free
2024-05-04 17:30:00,2.850857977083963,32.0,6.383238126014837,358,369,147.03086419825763,67.97160493524822,6,5.0,14840,2024-05-04 17:30:00,2024-05-04 17:30:00,30.52469135802176,-97.31528488450624,,2024-05-04,12662,0 days 00:30:00,257,3,False,False,,,,Free
2024-05-04 17:45:00,2.0094837774882426,9.6,3.171457459584588,359,332,86.0,419.0,3,5.0,14879,2024-05-04 17:45:00,2024-05-04 17:45:00,31.135000000004435,-93.80500103416892,,2024-05-04,12687,0 days 00:30:00,258,4,False,False,,,,Free
2024-05-04 17:45:00,2.321146190697521,12.0,4.231505109048646,359,337,92.67142856656288,487.0,4,5.0,14882,2024-05-04 17:45:00,2024-05-04 17:45:00,31.0682857143388,-93.12500105360068,,2024-05-04,12636,0 days 00:45:00,255,4,False,False,,,,Free
2024-05-04 17:45:00,10.512176334790537,11.12195,86.7910926507672,359,339,97.18357679573886,443.0228977638617,83,5.0,14884,2024-05-04 17:45:00,2024-05-04 17:45:00,31.02316423204703,-93.56477206339514,,2024-05-04,12689,0 days 00:30:00,259,3,False,False,,,,Free
2024-05-04 17:45:00,7.957978107347255,65.15745,49.73880666751589,359,340,95.26469548808132,494.9962509584167,47,5.0,14885,2024-05-04 17:45:00,2024-05-04 17:45:00,31.04235304512361,-93.0450385463015,,2024-05-04,12647,0 days 00:45:00,256,5,False,False,,,,Free
2024-05-04 17:45:00,1.6456611332748314,9.6,2.12701575031171,359,388,143.5,65.0,2,5.0,14910,2024-05-04 17:45:00,2024-05-04 17:45:00,30.560000000004344,-97.34500093300954,,2024-05-04,12662,0 days 00:45:00,257,3,False,False,,,,Free
2024-05-04 18:00:00,1.6406501354914027,9.6,2.11408205016743,360,279,85.0,429.5,2,5.0,14940,2024-05-04 18:00:00,2024-05-04 18:00:00,31.14500000000444,-93.7000010371694,,2024-05-04,12687,0 days 00:45:00,258,4,False,False,,,,Free
2024-05-04 18:00:00,5.05917772095894,17.684212,20.10248528494392,360,281,94.04238618015496,496.7339089418783,22,5.0,14941,2024-05-04 18:00:00,2024-05-04 18:00:00,31.054576138202872,-93.02766196696348,,2024-05-04,12647,0 days 01:00:00,256,5,False,False,,,,Free
2024-05-04 18:00:00,12.319063325307486,86.22857,119.19149215908332,360,310,150.90349102708743,442.7806015003935,112,5.0,14959,2024-05-04 18:00:00,2024-05-04 18:00:00,30.48596508973345,-93.56719502596052,,2024-05-04,12866,0 days 00:00:00,260,3,False,False,,,,Free
2024-05-04 18:15:00,24.552346697024102,114.98666,473.4519366944877,361,232,41.14727284378319,463.1819728035815,451,5.0,14978,2024-05-04 18:15:00,2024-05-04 18:15:00,31.58352727156668,-93.36318131875862,,2024-05-04,12885,0 days 00:00:00,261,4,False,False,,,,Free
2024-05-04 18:15:00,10.732038869527347,46.08,90.45953589275528,361,281,150.83532847755555,451.2864425310327,85,5.0,15001,2024-05-04 18:15:00,2024-05-04 18:15:00,30.48664671522878,-93.48213661808478,,2024-05-04,12866,0 days 00:15:00,260,3,False,False,,,,Free
2024-05-04 18:30:00,25.30268330769486,81.0979,502.8321537897796,362,167,41.69966569782322,470.8912598297854,478,5.0,15012,2024-05-04 18:30:00,2024-05-04 18:30:00,31.57800334302627,-93.2860884506996,,2024-05-04,12885,0 days 00:15:00,261,4,False,False,,,,Free
2024-05-04 18:30:00,6.8867592866881004,15.360001,37.24943485214311,362,204,150.73248758434994,459.39768340265925,35,5.0,15036,2024-05-04 18:30:00,2024-05-04 18:30:00,30.48767512416084,-93.40102421168643,,2024-05-04,12866,0 days 00:30:00,260,3,False,False,,,,Free
2024-05-04 18:45:00,15.954752806763656,45.322105,199.9263517831444,363,252,42.210534272351616,477.7915070307102,208,5.0,15052,2024-05-04 18:45:00,2024-05-04 18:45:00,31.572894657280987,-93.21708598066216,,2024-05-04,12885,0 days 00:30:00,261,4,False,False,,,,Free
2024-05-04 19:00:00,6.339899560937999,19.199999,31.56855016715834,364,208,42.554929576102666,485.225352110532,30,5.0,15104,2024-05-04 19:00:00,2024-05-04 19:00:00,31.56945070424348,-93.14274753198822,,2024-05-04,12885,0 days 00:45:00,261,4,False,False,,,,Free
2024-05-04 19:00:00,28.49591300375434,139.76706,637.7567059358319,364,226,124.54370763168048,176.1580097203613,601,5.0,15117,2024-05-04 19:00:00,2024-05-04 19:00:00,30.74956292368757,-96.23342086757054,,2024-05-04,13014,0 days 00:00:00,262,5,False,False,,,,Free
2024-05-04 19:15:00,27.25807317984396,116.613815,583.5528409010226,365,138,120.69191171560657,184.87353146248407,550,5.0,15156,2024-05-04 19:15:00,2024-05-04 19:15:00,30.78808088284832,-96.1462656526399,,2024-05-04,13014,0 days 00:15:00,262,5,False,False,,,,Free
2024-05-04 19:30:00,2.3126254014948344,9.6,4.200494926311444,366,166,23.5,74.0,4,5.0,15176,2024-05-04 19:30:00,2024-05-04 19:30:00,31.76000000000453,-97.2550009355814,,2024-05-04,13068,0 days 00:00:00,263,3,False,False,,,,Free
2024-05-04 19:30:00,26.90262108073597,63.61791,568.4327226611559,366,184,116.36949699679292,191.50942913469697,537,5.0,15191,2024-05-04 19:30:00,2024-05-04 19:30:00,30.831305030036457,-96.07990667781404,,2024-05-04,13014,0 days 00:30:00,262,5,False,False,,,,Free
2024-05-04 19:45:00,26.970282865339524,31.560667,571.29560642709,367,169,112.27950150011785,199.45630820152684,539,5.0,15226,2024-05-04 19:45:00,2024-05-04 19:45:00,30.87220498500321,-96.00043788941662,,2024-05-04,13014,0 days 00:45:00,262,5,False,False,,,,Free
2024-05-04 20:00:00,3.4674681565239247,9.6,9.443105554036425,368,143,15.666666666666666,89.55555555555556,9,5.0,15257,2024-05-04 20:00:00,2024-05-04 20:00:00,31.83833333333788,-97.09944538447098,,2024-05-04,13068,0 days 00:30:00,263,3,False,False,,,,Free
2024-05-04 20:00:00,17.42082555456221,16.768002,238.35668964052903,368,155,105.85009802224704,208.6598552266512,226,5.0,15267,2024-05-04 20:00:00,2024-05-04 20:00:00,30.93649901978193,-95.90840242179542,,2024-05-04,13014,0 days 01:00:00,262,5,False,False,,,,Free
2024-05-04 20:15:00,23.9304602021796,122.721886,449.7715515168184,369,176,96.54345236580444,242.6992669767602,426,5.0,15301,2024-05-04 20:15:00,2024-05-04 20:15:00,31.029565476346374,-95.56800831402148,,2024-05-04,13181,0 days 00:00:00,264,3,False,False,,,,Free
2024-05-04 20:30:00,2.310621060467376,9.6,4.193216985092854,370,108,7.5,104.0,4,5.0,15322,2024-05-04 20:30:00,2024-05-04 20:30:00,31.92000000000456,-96.95500094415422,,2024-05-04,13068,0 days 01:00:00,263,3,False,False,,,,Free
2024-05-04 20:30:00,18.49588103973836,62.211025,268.6828388662011,370,119,93.17966360976958,251.73935425104355,254,5.0,15330,2024-05-04 20:30:00,2024-05-04 20:30:00,31.063203363906727,-95.47760744386191,,2024-05-04,13181,0 days 00:15:00,264,3,False,False,,,,Free
2024-05-04 20:45:00,11.069929266100663,10.865932,96.24530942601328,371,157,90.84113898790936,262.009366803357,91,5.0,15359,2024-05-04 20:45:00,2024-05-04 20:45:00,31.086588610125336,-95.37490732127355,,2024-05-04,13181,0 days 00:30:00,264,3,False,False,,,,Free
2024-05-04 20:45:00,4.055603023699182,10.4,12.918162928452835,371,173,264.2839506191009,355.29012345224777,12,5.0,15372,2024-05-04 20:45:00,2024-05-04 20:45:00,29.352160493813148,-94.44209978144067,,2024-05-04,13241,0 days 00:00:00,265,3,False,False,,,,Free
2024-05-04 21:00:00,,,,372,181,190.27275187910053,271.69650894246894,620,5.0,15399,2024-05-04 21:00:00,2024-05-04 21:00:00,30.092272481213268,-95.27803590265064,,2024-05-04,13268,0 days 00:00:00,266,3,False,False,,,,Free
2024-05-04 21:15:00,82.13116708735134,329.85156,5297.925779185184,373,124,38.82373055086037,23.3647370692278,5045,5.0,15412,2024-05-04 21:15:00,2024-05-04 21:15:00,31.606762694495902,-97.76135355041951,,2024-05-04,13279,0 days 00:00:00,267,3,False,False,,,,Free
2024-05-04 21:15:00,25.974278200070728,150.44518,529.8791816546989,373,140,189.251469928405,279.10903263087425,497,5.0,15425,2024-05-04 21:15:00,2024-05-04 21:15:00,30.102485300720225,-95.20391066788484,,2024-05-04,13268,0 days 00:15:00,266,3,False,False,,,,Free
2024-05-04 21:15:00,14.805037630795391,18.060001,172.15074740304237,373,147,259.0768568137498,377.46937213018026,160,5.0,15432,2024-05-04 21:15:00,2024-05-04 21:15:00,29.404231431866663,-94.22030730099932,,2024-05-04,13241,0 days 00:30:00,265,3,False,False,,,,Free
2024-05-04 21:30:00,86.74259409608081,351.54382,5909.553831900897,374,97,36.86216951350353,31.97755547283359,5620,5.0,15446,2024-05-04 21:30:00,2024-05-04 21:30:00,31.62637830486948,-97.67522536884468,,2024-05-04,13279,0 days 00:15:00,267,3,False,False,,,,Free
2024-05-04 21:30:00,17.199214077931092,18.48889,232.3309593404382,374,116,255.8948379962074,390.9655409082675,216,5.0,15459,2024-05-04 21:30:00,2024-05-04 21:30:00,29.436051620042097,-94.08534561707512,,2024-05-04,13241,0 days 00:45:00,265,3,False,False,,,,Free
2024-05-04 21:45:00,30.04086435147541,161.59517,708.7853457861764,375,143,181.5291343421072,303.88235663038,665,5.0,15479,2024-05-04 21:45:00,2024-05-04 21:45:00,30.179708656583216,-94.956177434969,,2024-05-04,13268,0 days 00:45:00,266,3,False,False,,,,Free
2024-05-04 22:00:00,111.31278610311608,318.53525,9731.504492829226,376,142,33.817285901063784,61.877150007118594,9332,5.0,15494,2024-05-04 22:00:00,2024-05-04 22:00:00,31.65682714099388,-97.376229432046,,2024-05-04,13279,0 days 00:45:00,267,3,False,False,,,,Free
2024-05-05 05:00:00,4.849541462325944,23.15294,18.471035157575376,404,286,360.3757539325733,128.91556090924593,22,5.0,16378,2024-05-05 05:00:00,2024-05-05 05:00:00,28.391242460678274,-96.70584534218165,,2024-05-05,14183,0 days 00:00:00,268,3,False,False,,,,Free
2024-05-05 05:15:00,6.110663086524286,14.577779,29.32692713748329,405,403,357.16318638870075,129.8437741795239,27,5.0,16446,2024-05-05 05:15:00,2024-05-05 05:15:00,28.42336813611701,-96.69656320974411,,2024-05-05,14183,0 days 00:15:00,268,3,False,False,,,,Free
2024-05-05 05:30:00,1.1759318528829956,9.6,1.086060928866661,406,347,355.5,132.5,2,5.0,16498,2024-05-05 05:30:00,2024-05-05 05:30:00,28.44000000000401,-96.67000095229844,,2024-05-05,14183,0 days 00:30:00,268,3,False,False,,,,Free
2024-05-05 06:30:00,2.023388220444528,12.8,3.2154985348693823,410,204,219.74468085646035,401.8670212846905,4,5.0,16624,2024-05-05 06:30:00,2024-05-05 06:30:00,29.797553191439626,-93.97633081642608,,2024-05-05,14413,0 days 00:00:00,269,3,False,False,,,,Free
2024-05-05 06:45:00,4.672211521630582,24.0,17.144896726717803,411,228,217.8648648632448,402.6863607559687,17,5.0,16658,2024-05-05 06:45:00,2024-05-05 06:45:00,29.816351351371782,-93.96813742194746,,2024-05-05,14413,0 days 00:15:00,269,3,False,False,,,,Free
2024-05-05 07:00:00,1.6536662077317952,9.6,2.1477591847517297,412,279,239.5,427.0,2,5.0,16710,2024-05-05 07:00:00,2024-05-05 07:00:00,29.6000000000042,-93.725001036455,,2024-05-05,14494,0 days 00:00:00,270,3,False,False,,,,Free
2024-05-05 07:15:00,12.520683329727678,22.706093,123.1249152538132,413,249,208.78273227150763,406.0820266515192,116,5.0,16746,2024-05-05 07:15:00,2024-05-05 07:15:00,29.907172677289168,-93.93418076396227,,2024-05-05,14413,0 days 00:45:00,269,3,False,False,,,,Free
2024-05-05 07:30:00,16.19932691978637,15.05,206.10276655261995,414,157,236.60534669468447,434.45570012609153,197,5.0,16779,2024-05-05 07:30:00,2024-05-05 07:30:00,29.62894653305736,-93.65044403732465,,2024-05-05,14494,0 days 00:30:00,270,3,False,False,,,,Free
2024-05-05 07:30:00,2.026904443253295,9.6,3.2266839645908867,414,177,255.3333333333333,285.3333333333333,3,5.0,16790,2024-05-05 07:30:00,2024-05-05 07:30:00,29.44166666667084,-95.1416676626389,,2024-05-05,14564,0 days 00:00:00,271,3,False,False,,,,Free
2024-05-05 07:45:00,6.295631860134821,9.6,31.12924090540152,415,193,235.16666666666663,440.5,30,5.0,16807,2024-05-05 07:45:00,2024-05-05 07:45:00,29.643333333337537,-93.5900010403128,,2024-05-05,14494,0 days 00:45:00,270,3,False,False,,,,Free
2024-05-05 07:45:00,,,,415,204,252.8717400465804,291.8324070379611,37,5.0,16814,2024-05-05 07:45:00,2024-05-05 07:45:00,29.46628259953837,-95.0766769274498,,2024-05-05,14564,0 days 00:15:00,271,3,False,False,,,,Free
2024-05-05 08:00:00,2.0263714750168087,16.0,3.224987294606761,416,152,250.0,299.7090909143453,3,5.0,16838,2024-05-05 08:00:00,2024-05-05 08:00:00,29.49500000000418,-94.99791009093678,,2024-05-05,14564,0 days 00:30:00,271,3,False,False,,,,Free
2024-05-05 09:45:00,1.1784116000773015,249.59999,1.0906462220238295,423,597,400.9451313708523,24.945131370852337,2,5.0,17138,2024-05-05 09:45:00,2024-05-05 09:45:00,27.98554868629542,-97.74554960785493,,2024-05-05,14892,0 days 00:00:00,272,8,False,False,,,,Free
2024-05-05 09:45:00,2.0492300147836806,9.6,3.2981567929260303,423,625,488.6666666666667,186.66666666666663,3,5.0,17164,2024-05-05 09:45:00,2024-05-05 09:45:00,27.10833333333714,-96.12833430111044,,2024-05-05,14918,0 days 00:00:00,273,3,False,False,,,,Free
2024-05-05 10:00:00,,,,424,539,399.8333825397697,23.319041877987868,4,5.0,17234,2024-05-05 10:00:00,2024-05-05 10:00:00,27.996666174606247,-97.7618105023189,,2024-05-05,14892,0 days 00:15:00,272,8,False,False,,,,Free
2024-05-05 10:00:00,3.736226079418475,9.6,10.963675589757417,424,561,458.1,244.8,10,5.0,17251,2024-05-05 10:00:00,2024-05-05 10:00:00,27.414000000003853,-95.54700098438934,,2024-05-05,14998,0 days 00:00:00,274,3,False,False,,,,Free
2024-05-05 10:00:00,9.828340100127772,9.5999975,75.86653236086217,424,571,489.9154929577465,187.0,71,5.0,17261,2024-05-05 10:00:00,2024-05-05 10:00:00,27.09584507042634,-96.12500096787238,,2024-05-05,14918,0 days 00:15:00,273,3,False,False,,,,Free
2024-05-05 10:15:00,2.3482301311627687,9.6,4.330830574420841,425,592,323.5,50.5,4,5.0,17315,2024-05-05 10:15:00,2024-05-05 10:15:00,28.760000000004062,-97.49000092886604,,2024-05-05,15057,0 days 00:00:00,275,3,False,False,,,,Free
2024-05-05 10:15:00,3.1174740980299323,850.2857,7.633005738844722,425,645,398.7071826810758,23.527936511677822,7,5.0,17363,2024-05-05 10:15:00,2024-05-05 10:15:00,28.00792817319319,-97.75972155604164,,2024-05-05,14892,0 days 00:30:00,272,8,False,False,,,,Free
2024-05-05 10:15:00,3.3418237952555883,9.6,8.771158832377763,425,664,458.375,244.75,8,5.0,17377,2024-05-05 10:15:00,2024-05-05 10:15:00,27.411250000003854,-95.54750098437506,,2024-05-05,14998,0 days 00:15:00,274,3,False,False,,,,Free
2024-05-05 10:15:00,10.178673122836091,15.178378,81.37148030781282,425,676,491.0015835296705,188.0256004278018,75,5.0,17387,2024-05-05 10:15:00,2024-05-05 10:15:00,27.08498416470709,-96.11474496388746,,2024-05-05,14918,0 days 00:30:00,273,3,False,False,,,,Free
2024-05-05 10:30:00,17.351691777243662,27.353426,236.46862742948423,426,480,295.8555101880542,254.7240408223076,220,5.0,17427,2024-05-05 10:30:00,2024-05-05 10:30:00,29.03644489812357,-95.4477605790022,,2024-05-05,15156,0 days 00:00:00,276,3,False,False,,,,Free
2024-05-05 10:30:00,3.103312112855625,9.599999,7.56381319573264,426,493,302.7142857142857,270.0,7,5.0,17434,2024-05-05 10:30:00,2024-05-05 10:30:00,28.96785714286124,-95.29500099159054,,2024-05-05,15163,0 days 00:00:00,277,3,False,False,,,,Free
2024-05-05 10:30:00,1.6604096847470695,9.6,2.1653115728315826,426,511,323.0,50.5,2,5.0,17447,2024-05-05 10:30:00,2024-05-05 10:30:00,28.765000000004065,-97.49000092886604,,2024-05-05,15057,0 days 00:15:00,275,3,False,False,,,,Free
2024-05-05 10:30:00,2.886261639859212,435.20004,6.5427643118448335,426,535,399.0575701130963,22.468309309436584,6,5.0,17468,2024-05-05 10:30:00,2024-05-05 10:30:00,28.004424298872983,-97.77031782776127,,2024-05-05,14892,0 days 00:45:00,272,8,False,False,,,,Free
2024-05-05 10:45:00,3.888224446784782,20.945456,11.873876688081872,427,462,291.8335234066742,250.2451539399412,11,5.0,17520,2024-05-05 10:45:00,2024-05-05 10:45:00,29.076664765937373,-95.49254944654598,,2024-05-05,15156,0 days 00:15:00,276,3,False,False,,,,Free
2024-05-05 10:45:00,3.1064271015418154,9.599999,7.579005362420381,427,491,323.75,51.375,8,5.0,17541,2024-05-05 10:45:00,2024-05-05 10:45:00,28.757500000004065,-97.48125092911609,,2024-05-05,15057,0 days 00:30:00,275,3,False,False,,,,Free
2024-05-05 10:45:00,2.0409109664893754,323.19998,3.2714327719086,427,522,399.0651581809483,22.467420909525845,3,5.0,17564,2024-05-05 10:45:00,2024-05-05 10:45:00,28.004348418194464,-97.77032671176016,,2024-05-05,14892,0 days 01:00:00,272,8,False,False,,,,Free
2024-05-05 10:45:00,2.356987082306684,804.0,4.363191615538544,427,525,402.6336670825689,25.381351690324284,4,5.0,17567,2024-05-05 10:45:00,2024-05-05 10:45:00,27.96866332917825,-97.74118740478484,,2024-05-05,15280,0 days 00:00:00,278,4,False,False,,,,Free
2024-05-05 10:45:00,4.726706972806506,9.6,17.547176333911924,427,545,461.4375,245.9375,16,5.0,17586,2024-05-05 10:45:00,2024-05-05 10:45:00,27.38062500000385,-95.53562598471444,,2024-05-05,14998,0 days 00:45:00,274,3,False,False,,,,Free
2024-05-05 11:00:00,7.950161924796086,23.791306,49.64114953217561,428,435,289.9282739387145,247.40351691950903,46,5.0,17618,2024-05-05 11:00:00,2024-05-05 11:00:00,29.09571726061697,-95.52096581593828,,2024-05-05,15156,0 days 00:30:00,276,3,False,False,,,,Free
2024-05-05 11:00:00,3.1020036239617657,20.571428,7.557436087231659,428,442,294.0,262.3522935683173,7,5.0,17623,2024-05-05 11:00:00,2024-05-05 11:00:00,29.05500000000411,-95.37147805372194,,2024-05-05,15163,0 days 00:30:00,277,3,False,False,,,,Free
2024-05-05 11:00:00,1.1783022706299828,604.80005,1.0904438577271516,428,506,399.393160629287,22.606839370712983,2,5.0,17674,2024-05-05 11:00:00,2024-05-05 11:00:00,28.00106839371108,-97.7689325271881,,2024-05-05,14892,0 days 01:15:00,272,8,False,False,,,,Free
2024-05-05 11:00:00,2.356987082306684,412.8,4.363191615538544,428,509,402.7354095230251,25.135115254394965,4,5.0,17677,2024-05-05 11:00:00,2024-05-05 11:00:00,27.96764590477369,-97.74364976907378,,2024-05-05,15280,0 days 00:15:00,278,4,False,False,,,,Free
2024-05-05 11:15:00,2.620755215398836,11.5199995,5.394395679462529,429,373,286.8588957037268,258.1411042962732,5,5.0,17726,2024-05-05 11:15:00,2024-05-05 11:15:00,29.12641104296685,-95.41358994523898,,2024-05-05,15163,0 days 00:45:00,277,3,False,False,,,,Free
2024-05-05 11:15:00,1.666409713187972,408.00003,2.180988914214745,429,411,399.13672456237686,23.0,2,5.0,17756,2024-05-05 11:15:00,2024-05-05 11:15:00,28.003632754380178,-97.76500092100758,,2024-05-05,14892,0 days 01:30:00,272,8,False,False,,,,Free
2024-05-05 11:15:00,1.6666029310299255,571.2,2.181494708676583,429,413,402.0,25.58901446981611,2,5.0,17758,2024-05-05 11:15:00,2024-05-05 11:15:00,27.97500000000394,-97.73911077704923,,2024-05-05,15280,0 days 00:30:00,278,4,False,False,,,,Free
2024-05-05 11:30:00,17.54361308629513,38.272,241.7285587730033,430,421,244.9966379165212,303.7215625819199,227,5.0,17788,2024-05-05 11:30:00,2024-05-05 11:30:00,29.54503362083897,-94.95778537540764,,2024-05-05,15483,0 days 00:00:00,279,3,False,False,,,,Free
2024-05-05 11:30:00,1.656234055193326,9.6,2.1544345342750915,430,458,271.0,8.5,2,5.0,17813,2024-05-05 11:30:00,2024-05-05 11:30:00,29.285000000004143,-97.91000091686408,,2024-05-05,15508,0 days 00:00:00,281,3,False,False,,,,Free
2024-05-05 11:30:00,2.040847821449568,700.8,3.271230341170241,430,502,398.8920187754304,22.319536263808832,3,5.0,17846,2024-05-05 11:30:00,2024-05-05 11:30:00,28.00607981224964,-97.77180555817506,,2024-05-05,14892,0 days 01:45:00,272,8,False,False,,,,Free
2024-05-05 11:45:00,1.666602931032046,196.8,2.1814947086821337,431,438,402.0,26.46246087349804,2,5.0,17923,2024-05-05 11:45:00,2024-05-05 11:45:00,27.97500000000394,-97.730376313262,,2024-05-05,15280,0 days 01:00:00,278,4,False,False,,,,Free
2024-05-05 12:00:00,1.6532559457436429,9.6,2.146693631562654,432,362,234.5,291.0,2,5.0,17956,2024-05-05 12:00:00,2024-05-05 12:00:00,29.650000000004205,-95.08500099759152,,2024-05-05,15483,0 days 00:30:00,279,3,False,False,,,,Free
2024-05-05 12:00:00,2.341637545043704,12.0,4.306547353977164,432,376,265.6714285665629,6.671428566562886,4,5.0,17964,2024-05-05 12:00:00,2024-05-05 12:00:00,29.338285714338525,-97.92828663067588,,2024-05-05,15508,0 days 00:30:00,281,3,False,False,,,,Free
2024-05-05 12:15:00,9.04961276548167,14.399999,64.32056838307146,433,314,222.05992907639524,284.3258865408324,60,5.0,18029,2024-05-05 12:15:00,2024-05-05 12:15:00,29.774400709240272,-95.15174213027598,,2024-05-05,15483,0 days 00:45:00,279,3,False,False,,,,Free
2024-05-05 12:15:00,2.341637545043704,9.6,4.306547353977164,433,326,265.5,6.5,4,5.0,18039,2024-05-05 12:15:00,2024-05-05 12:15:00,29.34000000000416,-97.93000091629256,,2024-05-05,15508,0 days 00:45:00,281,3,False,False,,,,Free
2024-05-05 13:00:00,1.6471826958327078,9.6,2.130950805502245,436,358,161.5,3.0,2,5.0,18228,2024-05-05 13:00:00,2024-05-05 13:00:00,30.38000000000432,-97.96500091529236,,2024-05-05,15884,0 days 00:00:00,283,3,False,False,,,,Free
2024-05-05 13:15:00,6.987539814787954,10.400001,38.34762505228563,437,297,159.12037036900767,2.258230456460184,36,5.0,18316,2024-05-05 13:15:00,2024-05-05 13:15:00,30.403796296314244,-97.97241861051576,,2024-05-05,15884,0 days 00:15:00,283,3,False,False,,,,Free
2024-05-05 13:30:00,4.65732545900628,9.6,17.035820573433245,438,297,154.75,1.5625,16,5.0,18391,2024-05-05 13:30:00,2024-05-05 13:30:00,30.44750000000433,-97.9793759148816,,2024-05-05,15884,0 days 00:30:00,283,3,False,False,,,,Free
2024-05-05 13:45:00,3.677929782893796,9.6,10.62421250096414,439,289,133.6,2.6,10,5.0,18458,2024-05-05 13:45:00,2024-05-05 13:45:00,30.65900000000436,-97.96900091517809,,2024-05-05,16098,0 days 00:00:00,284,3,False,False,,,,Free
2024-05-05 14:00:00,7.169304019530234,12.126318,40.36861746635703,440,418,132.6868537694785,1.875184642322852,38,5.0,18528,2024-05-05 14:00:00,2024-05-05 14:00:00,30.66813146230957,-97.9762490685477,,2024-05-05,16098,0 days 00:15:00,284,3,False,False,,,,Free
2024-05-05 14:00:00,3.881492913528594,10.472727,11.832798706316066,440,465,256.77076411802244,65.15946843274885,11,5.0,18551,2024-05-05 14:00:00,2024-05-05 14:00:00,29.427292358823944,-97.3434062487276,,2024-05-05,16182,0 days 00:00:00,285,3,False,False,,,,Free
2024-05-05 14:15:00,3.488901631208025,9.6,9.560207772825592,441,363,132.0,0.3333333333333333,9,5.0,18612,2024-05-05 14:15:00,2024-05-05 14:15:00,30.675000000004363,-97.99166758119702,,2024-05-05,16098,0 days 00:30:00,284,3,False,False,,,,Free
2024-05-05 14:15:00,8.481595258409415,73.72075,56.499547492798186,441,373,166.25528525124014,85.21887870245111,53,5.0,18620,2024-05-05 14:15:00,2024-05-05 14:15:00,30.33244714749191,-97.14281215176284,,2024-05-05,16244,0 days 00:00:00,286,4,False,False,,,,Free
2024-05-05 14:15:00,4.532668029861459,21.12,16.136067681750795,441,399,256.8808933007766,64.96526053324165,15,5.0,18640,2024-05-05 14:15:00,2024-05-05 14:15:00,29.4261910669964,-97.34534832766718,,2024-05-05,16182,0 days 00:15:00,285,3,False,False,,,,Free
2024-05-05 14:30:00,8.558314482222668,89.77778,57.52628959687027,442,387,160.4283478854518,86.20711088455866,57,5.0,18714,2024-05-05 14:30:00,2024-05-05 14:30:00,30.3907165211498,-97.1329298302241,,2024-05-05,16244,0 days 00:15:00,286,4,False,False,,,,Free
2024-05-05 14:30:00,4.219700275388375,12.553847,13.984697920937096,442,416,257.0468431779806,64.95723013762141,13,5.0,18727,2024-05-05 14:30:00,2024-05-05 14:30:00,29.424531568224364,-97.34542863162112,,2024-05-05,16182,0 days 00:30:00,285,3,False,False,,,,Free
2024-05-05 14:45:00,6.03352201447422,11.733334,28.59115399743341,443,520,103.61283918196207,23.64659164492366,49,5.0,18782,2024-05-05 14:45:00,2024-05-05 14:45:00,30.958871608184783,-97.75853500474312,,2024-05-05,16396,0 days 00:00:00,288,5,False,False,,,,Free
2024-05-05 14:45:00,9.531904698095996,42.41194,71.35908364555475,443,539,156.64980416535826,87.43523869480569,81,5.0,18796,2024-05-05 14:45:00,2024-05-05 14:45:00,30.428501958350743,-97.12064855247264,,2024-05-05,16244,0 days 00:30:00,286,4,False,False,,,,Free
2024-05-05 15:00:00,9.4034098945199,23.563635,69.44813959791612,444,531,42.01286587727641,276.7529752363537,70,5.0,18895,2024-05-05 15:00:00,2024-05-05 15:00:00,31.57487134123174,-95.22747124115676,,2024-05-05,16497,0 days 00:00:00,289,3,False,False,,,,Free
2024-05-05 15:00:00,12.45116599584338,11.93739,121.76148258754677,444,547,100.3687641128817,23.505139088512387,115,5.0,18910,2024-05-05 15:00:00,2024-05-05 15:00:00,30.9913123588756,-97.7599495302668,,2024-05-05,16396,0 days 00:15:00,288,5,False,False,,,,Free
2024-05-05 15:00:00,7.363103404735875,34.56,42.5805905675903,444,583,153.2618403001288,90.52807849387428,40,5.0,18943,2024-05-05 15:00:00,2024-05-05 15:00:00,30.46238159700304,-97.08972015536574,,2024-05-05,16244,0 days 00:45:00,286,4,False,False,,,,Free
2024-05-05 15:00:00,11.249255972961924,25.6,99.3888074467098,444,596,191.2713226963728,23.33291574897336,93,5.0,18950,2024-05-05 15:00:00,2024-05-05 15:00:00,30.082286773040543,-97.76167176361298,,2024-05-05,16549,0 days 00:00:00,290,4,False,False,,,,Free
2024-05-05 15:00:00,,,,444,693,449.5,243.5,6,5.0,19021,2024-05-05 15:00:00,2024-05-05 15:00:00,27.500000000003865,-95.56000098401783,,2024-05-05,16618,0 days 00:00:00,291,3,False,False,,,,Free
2024-05-05 15:15:00,1.1582082136468403,9.6,1.053569433737647,445,562,53.5,202.5,2,5.0,19046,2024-05-05 15:15:00,2024-05-05 15:15:00,31.460000000004484,-95.9700009723017,,2024-05-05,16641,0 days 00:00:00,292,3,False,False,,,,Free
2024-05-05 15:15:00,12.17553693096108,35.317432,116.43032936746576,445,623,186.6720329270449,21.878230360218783,109,5.0,19098,2024-05-05 15:15:00,2024-05-05 15:15:00,30.12827967073383,-97.77621861708484,,2024-05-05,16549,0 days 00:15:00,290,4,False,False,,,,Free
2024-05-05 15:15:00,,,,445,707,449.5,243.5,6,5.0,19157,2024-05-05 15:15:00,2024-05-05 15:15:00,27.500000000003865,-95.56000098401783,,2024-05-05,16618,0 days 00:15:00,291,3,False,False,,,,Free
2024-05-05 15:30:00,8.01529209567959,9.599999,50.4578322631558,446,563,32.59649122807018,284.719298245614,57,5.0,19177,2024-05-05 15:30:00,2024-05-05 15:30:00,31.669035087723817,-95.14780801334058,,2024-05-05,16497,0 days 00:30:00,289,3,False,False,,,,Free
2024-05-05 15:30:00,11.227285703433031,36.868084,99.00096551959588,446,572,50.02186482926593,206.7398817035956,97,5.0,19185,2024-05-05 15:30:00,2024-05-05 15:30:00,31.49478135171184,-95.92760215647728,,2024-05-05,16641,0 days 00:15:00,292,3,False,False,,,,Free
2024-05-05 15:30:00,21.71501832057633,25.097143,370.348236993415,446,591,94.65657944335452,18.29261503855462,351,5.0,19202,2024-05-05 15:30:00,2024-05-05 15:30:00,31.04843420557088,-97.81207476927688,,2024-05-05,16396,0 days 00:45:00,288,5,False,False,,,,Free
2024-05-05 15:30:00,3.286293661112928,27.599998,8.482084986857192,446,609,113.8938053106681,482.7920353956627,8,5.0,19218,2024-05-05 15:30:00,2024-05-05 15:30:00,30.85606194689771,-93.16708069844157,,2024-05-05,16793,0 days 00:00:00,293,3,False,False,,,,Free
2024-05-05 15:30:00,9.89462928956983,41.199997,76.89337735608692,446,635,184.021715768332,21.33939533271694,72,5.0,19235,2024-05-05 15:30:00,2024-05-05 15:30:00,30.15478284232096,-97.7816069672059,,2024-05-05,16549,0 days 00:30:00,290,4,False,False,,,,Free
2024-05-05 15:45:00,17.71284908943977,176.12308,246.4147647334714,447,619,47.62780607120982,208.7869225121919,235,5.0,19322,2024-05-05 15:45:00,2024-05-05 15:45:00,31.5187219392924,-95.90713174897633,,2024-05-05,16641,0 days 00:30:00,292,3,False,False,,,,Free
2024-05-05 15:45:00,25.82182054493903,57.813335,523.6771187418033,447,651,92.36591426678142,17.59234456388244,498,5.0,19346,2024-05-05 15:45:00,2024-05-05 15:45:00,31.07134085733661,-97.81907747382348,,2024-05-05,16396,0 days 01:00:00,288,5,False,False,,,,Free
2024-05-05 15:45:00,6.872495544170253,53.48571,37.09529381171097,447,674,111.01367117109795,486.7223335422942,35,5.0,19364,2024-05-05 15:45:00,2024-05-05 15:45:00,30.884863288293417,-93.1277777180984,,2024-05-05,16793,0 days 00:15:00,293,3,False,False,,,,Free
2024-05-05 15:45:00,9.544848590259368,25.93433,71.55302000137463,447,698,183.99686299219687,21.232710716734623,67,5.0,19382,2024-05-05 15:45:00,2024-05-05 15:45:00,30.155031370082312,-97.78267381333524,,2024-05-05,16549,0 days 00:45:00,290,4,False,False,,,,Free
2024-05-05 15:45:00,2.361941382342282,9.6,4.38155342935203,447,787,448.25,241.75,4,5.0,19431,2024-05-05 15:45:00,2024-05-05 15:45:00,27.512500000003868,-95.57750098351778,,2024-05-05,16618,0 days 00:45:00,291,3,False,False,,,,Free
2024-05-05 16:00:00,16.955239408602626,51.036278,225.786376641976,448,624,22.43793832560227,293.7058173854342,227,5.0,19453,2024-05-05 16:00:00,2024-05-05 16:00:00,31.77062061674852,-95.0579428245104,,2024-05-05,16497,0 days 01:00:00,289,3,False,False,,,,Free
2024-05-05 16:00:00,39.7502072400631,110.9724,1240.9911254811254,448,650,90.0358296744468,359.1675931386889,1179,5.0,19474,2024-05-05 16:00:00,2024-05-05 16:00:00,31.09464170325996,-94.40332508568429,,2024-05-05,17014,0 days 00:00:00,294,5,False,False,,,,Free
2024-05-05 16:00:00,28.44881535423556,79.16406,635.6502972327432,448,664,90.60988095517942,16.314787647750286,630,5.0,19481,2024-05-05 16:00:00,2024-05-05 16:00:00,31.088901190452635,-97.83185304261968,,2024-05-05,16396,0 days 01:15:00,288,5,False,False,,,,Free
2024-05-05 16:00:00,3.484427909090268,18.133335,9.535705911626067,448,690,107.360406090961,490.6006768182683,9,5.0,19505,2024-05-05 16:00:00,2024-05-05 16:00:00,30.9213959390948,-93.0889942864469,,2024-05-05,16793,0 days 00:30:00,293,3,False,False,,,,Free
2024-05-05 16:00:00,8.563883587677434,30.400002,57.60118149530601,448,703,172.59791428555437,1.457995391576102,56,5.0,19514,2024-05-05 16:00:00,2024-05-05 16:00:00,30.26902085714876,-97.98042096093592,,2024-05-05,17048,0 days 00:00:00,295,3,False,False,,,,Free
2024-05-05 16:15:00,42.83599024318512,148.08824,1441.1444159911946,449,471,44.91159539568044,204.57506446110293,1371,5.0,19598,2024-05-05 16:15:00,2024-05-05 16:15:00,31.545884046047696,-95.9492503282836,,2024-05-05,17125,0 days 00:00:00,296,3,False,False,,,,Free
2024-05-05 16:15:00,34.02092758652981,162.86511,909.0383020491656,449,497,85.97845080133114,364.52828789789567,864,5.0,19620,2024-05-05 16:15:00,2024-05-05 16:15:00,31.13521549199113,-94.34971813962407,,2024-05-05,17014,0 days 00:15:00,294,5,False,False,,,,Free
2024-05-05 16:15:00,6.893289727078087,28.25143,37.320112666877655,449,535,168.6168591791451,1.6692061941747076,35,5.0,19643,2024-05-05 16:15:00,2024-05-05 16:15:00,30.308831408212853,-97.97830885297032,,2024-05-05,17048,0 days 00:15:00,295,3,False,False,,,,Free
2024-05-05 16:15:00,13.479811910400556,22.472727,142.71103178590948,449,571,308.1002763968487,223.5975988685815,134,5.0,19669,2024-05-05 16:15:00,2024-05-05 16:15:00,28.9139972360356,-95.75902498964471,,2024-05-05,17188,0 days 00:00:00,297,3,False,False,,,,Free
2024-05-05 16:30:00,44.8747686339724,112.23633,1581.5915145577865,450,516,41.987372515766765,206.9861740576657,1509,5.0,19710,2024-05-05 16:30:00,2024-05-05 16:30:00,31.57512627484684,-95.92513923300696,,2024-05-05,17125,0 days 00:15:00,296,3,False,False,,,,Free
2024-05-05 16:30:00,32.80752174853188,212.43602,845.3503409715986,450,532,80.43187667764076,369.2316939612956,801,5.0,19721,2024-05-05 16:30:00,2024-05-05 16:30:00,31.19068123322804,-94.30268408033412,,2024-05-05,17014,0 days 00:30:00,294,5,False,False,,,,Free
2024-05-05 16:30:00,3.863605246143367,12.218183,11.723988278365562,450,556,164.52644836574584,0.4634760777900317,11,5.0,19737,2024-05-05 16:30:00,2024-05-05 16:30:00,30.34973551634685,-97.99036615378964,,2024-05-05,17048,0 days 00:30:00,295,3,False,False,,,,Free
2024-05-05 16:30:00,11.611610365731227,13.420407,105.89483796908128,450,620,305.4276959128617,224.6654061913356,179,5.0,19770,2024-05-05 16:30:00,2024-05-05 16:30:00,28.94072304087548,-95.74834691672233,,2024-05-05,17188,0 days 00:15:00,297,3,False,False,,,,Free
2024-05-05 16:45:00,45.35355378083391,74.768745,1615.5206999786074,451,346,36.85558066633065,210.32334527602447,1538,5.0,19812,2024-05-05 16:45:00,2024-05-05 16:45:00,31.626444193341207,-95.891767521777,,2024-05-05,17125,0 days 00:30:00,296,3,False,False,,,,Free
2024-05-05 16:45:00,3.2730139871017228,10.8,8.413672512812012,451,351,37.639215683341256,88.09019607916468,9,5.0,19816,2024-05-05 16:45:00,2024-05-05 16:45:00,31.61860784317109,-97.11409897881616,,2024-05-05,17318,0 days 00:00:00,298,4,False,False,,,,Free
2024-05-05 16:45:00,33.847633439453844,125.847885,899.8010580090291,451,362,74.69327445196357,373.6764683263731,852,5.0,19826,2024-05-05 16:45:00,2024-05-05 16:45:00,31.248067255484816,-94.25823633795352,,2024-05-05,17014,0 days 00:45:00,294,5,False,False,,,,Free
2024-05-05 16:45:00,10.74904382555855,13.257143,90.74642995620393,451,412,300.5660216284311,226.54581673393272,86,5.0,19862,2024-05-05 16:45:00,2024-05-05 16:45:00,28.98933978371979,-95.72954281183372,,2024-05-05,17188,0 days 00:30:00,297,3,False,False,,,,Free
2024-05-05 16:45:00,2.049839525565007,9.6,3.3001190529646705,451,454,495.3333333333333,188.3333333333333,3,5.0,19893,2024-05-05 16:45:00,2024-05-05 16:45:00,27.041666666670466,-96.11166763492008,,2024-05-05,17388,0 days 00:00:00,299,3,False,False,,,,Free
2024-05-05 17:00:00,33.47678630752039,103.700714,880.1919686782053,452,419,68.04817969449434,378.2057531124782,835,5.0,19909,2024-05-05 17:00:00,2024-05-05 17:00:00,31.31451820305952,-94.21294349138674,,2024-05-05,17014,0 days 01:00:00,294,5,False,False,,,,Free
2024-05-05 17:15:00,11.569891838063166,27.552004,105.13528086525494,453,550,33.18171340573769,89.44457255315221,100,5.0,20000,2024-05-05 17:15:00,2024-05-05 17:15:00,31.663182865947142,-97.10055521446333,,2024-05-05,17318,0 days 00:30:00,298,4,False,False,,,,Free
2024-05-05 17:15:00,3.5481177014504928,9.6,9.887486824770985,453,709,480.77777777777777,196.44444444444449,9,5.0,20112,2024-05-05 17:15:00,2024-05-05 17:15:00,27.18722222222604,-96.03055652612682,,2024-05-05,17388,0 days 00:30:00,299,3,False,False,,,,Free
2024-05-05 17:30:00,7.75001641239452,23.679996,47.17317698837075,454,493,7.224125624429182,447.3109683773816,45,5.0,20118,2024-05-05 17:30:00,2024-05-05 17:30:00,31.922758743760262,-93.52189135848528,,2024-05-05,17597,0 days 00:00:00,301,3,False,False,,,,Free
2024-05-05 17:30:00,15.519101173513944,51.733334,189.1572581370442,454,507,29.221754646548533,91.3596528885102,180,5.0,20130,2024-05-05 17:30:00,2024-05-05 17:30:00,31.70278245353904,-97.081404411657,,2024-05-05,17318,0 days 00:45:00,298,4,False,False,,,,Free
2024-05-05 17:30:00,9.681482783332672,16.868568,73.6162407706739,454,512,36.796581609926776,55.10664418615672,70,5.0,20135,2024-05-05 17:30:00,2024-05-05 17:30:00,31.627034183905245,-97.44393448832083,,2024-05-05,17612,0 days 00:00:00,302,3,False,False,,,,Free
2024-05-05 17:30:00,3.680075544340669,9.6,10.636612778839856,454,573,144.9,332.0,10,5.0,20181,2024-05-05 17:30:00,2024-05-05 17:30:00,30.546000000004344,-94.67500100930772,,2024-05-05,17655,0 days 00:00:00,303,3,False,False,,,,Free
2024-05-05 17:45:00,10.20197472377923,70.03077,81.74446724891764,455,546,4.46569672376211,451.5230660147107,78,5.0,20240,2024-05-05 17:45:00,2024-05-05 17:45:00,31.95034303276694,-93.47977038331568,,2024-05-05,17597,0 days 00:15:00,301,3,False,False,,,,Free
2024-05-05 17:45:00,18.10285832216979,35.226124,257.3855648669138,455,560,27.395992810025422,92.596023437176,305,5.0,20252,2024-05-05 17:45:00,2024-05-05 17:45:00,31.72104007190428,-97.06904070652364,,2024-05-05,17318,0 days 01:00:00,298,4,False,False,,,,Free
2024-05-05 17:45:00,12.831411588663416,20.136585,129.31197749747275,455,563,32.858737238518565,57.55461406596574,139,5.0,20255,2024-05-05 17:45:00,2024-05-05 17:45:00,31.666412627619334,-97.41945479022228,,2024-05-05,17612,0 days 00:15:00,302,3,False,False,,,,Free
2024-05-05 17:45:00,,,,455,676,326.1490066274834,6.539735098030686,20,5.0,20337,2024-05-05 17:45:00,2024-05-05 17:45:00,28.733509933729227,-97.9296035653236,,2024-05-05,17794,0 days 00:00:00,304,3,False,False,,,,Free
2024-05-05 17:45:00,2.3652763142649937,9.6,4.393935191501354,455,719,479.5,197.0,4,5.0,20369,2024-05-05 17:45:00,2024-05-05 17:45:00,27.20000000000382,-96.02500097073,,2024-05-05,17388,0 days 01:00:00,299,3,False,False,,,,Free
2024-05-05 18:00:00,12.440530738833948,107.75172,121.55356445205624,456,536,1.8258607932384328,455.3043828580337,116,5.0,20373,2024-05-05 18:00:00,2024-05-05 18:00:00,31.97674139207218,-93.441957215963,,2024-05-05,17597,0 days 00:30:00,301,3,False,False,,,,Free
2024-05-05 18:00:00,14.537271187266102,13.670886,165.97996382218466,456,565,27.588281349781187,61.36395670068472,185,5.0,20396,2024-05-05 18:00:00,2024-05-05 18:00:00,31.719117186506715,-97.38136136496364,,2024-05-05,17612,0 days 00:30:00,302,3,False,False,,,,Free
2024-05-05 18:00:00,10.27518617203602,21.16923,82.92190680580929,456,608,139.7817951160328,338.2497621266212,78,5.0,20425,2024-05-05 18:00:00,2024-05-05 18:00:00,30.597182048844022,-94.61250338982744,,2024-05-05,17655,0 days 00:30:00,303,3,False,False,,,,Free
2024-05-05 18:00:00,11.623656753180803,12.440816,106.11467172414036,456,665,324.9716666785876,8.013095241744502,120,5.0,20464,2024-05-05 18:00:00,2024-05-05 18:00:00,28.745283333218183,-97.91486996430746,,2024-05-05,17794,0 days 00:15:00,304,3,False,False,,,,Free
2024-05-05 18:15:00,7.076218457787936,17.9027,39.32713829804428,457,542,137.83360994833748,340.3049792437938,38,5.0,20535,2024-05-05 18:15:00,2024-05-05 18:15:00,30.61666390052098,-94.591951219243,,2024-05-05,17655,0 days 00:45:00,303,3,False,False,,,,Free
2024-05-05 18:15:00,14.648340300127913,11.434394,168.52592619795155,457,550,234.9491925155693,327.7387043830901,177,5.0,20543,2024-05-05 18:15:00,2024-05-05 18:15:00,29.64550807484851,-94.7176139642591,,2024-05-05,17974,0 days 00:00:00,307,4,False,False,,,,Free
2024-05-05 18:15:00,2.0337081041300045,9.6,3.2483821837817253,457,609,324.3333333333333,9.333333333333334,3,5.0,20589,2024-05-05 18:15:00,2024-05-05 18:15:00,28.75166666667073,-97.90166758376888,,2024-05-05,17794,0 days 00:30:00,304,3,False,False,,,,Free
2024-05-05 18:15:00,2.3579140281972,9.6,4.366624165388761,457,626,411.0,133.25,4,5.0,20605,2024-05-05 18:15:00,2024-05-05 18:15:00,27.885000000003927,-96.66250095251274,,2024-05-05,18027,0 days 00:00:00,308,3,False,False,,,,Free
2024-05-05 18:15:00,2.0477607865352763,9.6,3.293429155739737,457,654,472.25,146.0,4,5.0,20624,2024-05-05 18:15:00,2024-05-05 18:15:00,27.27250000000383,-96.53500095615618,,2024-05-05,18045,0 days 00:00:00,310,3,False,False,,,,Free
2024-05-05 18:30:00,10.53291468927283,15.961445,87.13387226327131,458,545,20.749474572183992,28.76166455564181,90,5.0,20641,2024-05-05 18:30:00,2024-05-05 18:30:00,31.787505254282696,-97.70738427709762,,2024-05-05,18059,0 days 00:00:00,311,5,False,False,,,,Free
2024-05-05 18:30:00,3.270259000247555,10.8,8.399514429882588,458,549,21.9008620680796,15.306034476557189,8,5.0,20645,2024-05-05 18:30:00,2024-05-05 18:30:00,31.77599137932373,-97.84194057404336,,2024-05-05,18063,0 days 00:00:00,312,3,False,False,,,,Free
2024-05-05 18:30:00,2.613884307011116,9.6,5.3661474768757165,458,583,233.4,326.4,5,5.0,20669,2024-05-05 18:30:00,2024-05-05 18:30:00,29.661000000004204,-94.73100100770743,,2024-05-05,17974,0 days 00:15:00,307,4,False,False,,,,Free
2024-05-05 18:30:00,6.77265871707539,15.709091,36.02535460640137,458,662,411.2812676840595,136.86644029451318,33,5.0,20722,2024-05-05 18:30:00,2024-05-05 18:30:00,27.882187323163333,-96.62633655060102,,2024-05-05,18027,0 days 00:15:00,308,3,False,False,,,,Free
2024-05-05 18:30:00,1.6700878317824466,9.6,2.1906273469129123,458,678,447.5,80.0,2,5.0,20733,2024-05-05 18:30:00,2024-05-05 18:30:00,27.52000000000387,-97.19500093729596,,2024-05-05,18144,0 days 00:00:00,313,3,False,False,,,,Free
2024-05-05 18:45:00,34.70167142493879,68.93481,945.7811805043264,459,519,8.321379941964318,172.95006057350503,903,5.0,20759,2024-05-05 18:45:00,2024-05-05 18:45:00,31.91178620058492,-96.26550035812238,,2024-05-05,18167,0 days 00:00:00,314,3,False,False,,,,Free
2024-05-05 18:45:00,14.062060516572524,22.572973,155.30584703358292,459,528,15.743355638854483,30.05983668591936,162,5.0,20767,2024-05-05 18:45:00,2024-05-05 18:45:00,31.837566443616,-97.6944025561658,,2024-05-05,18059,0 days 00:15:00,311,5,False,False,,,,Free
2024-05-05 18:45:00,8.33560962054042,14.399999,54.57133972421393,459,534,17.371112933567183,15.896890350755852,52,5.0,20771,2024-05-05 18:45:00,2024-05-05 18:45:00,31.82128887066887,-97.8360320154702,,2024-05-05,18063,0 days 00:15:00,312,3,False,False,,,,Free
2024-05-05 18:45:00,6.225372858475099,12.248279,30.43831570209329,459,538,18.13606091428687,2.091341576944385,29,5.0,20774,2024-05-05 18:45:00,2024-05-05 18:45:00,31.81363939086168,-97.97408749926323,,2024-05-05,18180,0 days 00:00:00,315,3,False,False,,,,Free
2024-05-05 18:45:00,4.660795659240548,24.6,17.061217009022428,459,562,168.67538265343748,401.6377551006444,16,5.0,20792,2024-05-05 18:45:00,2024-05-05 18:45:00,30.30824617346993,-93.97862347820104,,2024-05-05,18195,0 days 00:00:00,316,3,False,False,,,,Free
2024-05-05 18:45:00,3.0923546416796754,9.599999,7.510493425576795,459,571,230.57142857142856,325.7142857142857,7,5.0,20801,2024-05-05 18:45:00,2024-05-05 18:45:00,29.689285714289923,-94.73785815036864,,2024-05-05,17974,0 days 00:30:00,307,4,False,False,,,,Free
2024-05-05 18:45:00,3.53676213921245,9.6,9.824299348139135,459,647,410.3333333333333,142.77777777777777,9,5.0,20861,2024-05-05 18:45:00,2024-05-05 18:45:00,27.891666666670595,-96.5672231774576,,2024-05-05,18027,0 days 00:30:00,308,3,False,False,,,,Free
2024-05-05 18:45:00,2.364532755169376,9.6,4.391173030548485,459,677,472.8,148.8,5,5.0,20883,2024-05-05 18:45:00,2024-05-05 18:45:00,27.26700000000383,-96.50700095695628,,2024-05-05,18045,0 days 00:30:00,310,3,False,False,,,,Free
2024-05-05 19:00:00,24.315690895054143,24.487585,464.3688818405348,460,458,5.327881430326313,175.55206763026823,443,5.0,20893,2024-05-05 19:00:00,2024-05-05 19:00:00,31.941721185701297,-96.23948028829837,,2024-05-05,18167,0 days 00:15:00,314,3,False,False,,,,Free
2024-05-05 19:00:00,14.385432786692665,25.88903,162.5308272242648,460,462,9.656427348409617,30.4372686722917,156,5.0,20897,2024-05-05 19:00:00,2024-05-05 19:00:00,31.898435726520457,-97.69062823640996,,2024-05-05,18059,0 days 00:30:00,311,5,False,False,,,,Free
2024-05-05 19:00:00,8.795507506318389,34.021057,60.75914985015203,460,487,167.19737159752103,403.3606221395801,58,5.0,20917,2024-05-05 19:00:00,2024-05-05 19:00:00,30.323026284029098,-93.96139480830402,,2024-05-05,18195,0 days 00:15:00,316,3,False,False,,,,Free
2024-05-05 19:00:00,8.180469455480665,26.4,52.55890832857512,460,582,444.1298701411536,77.97383217199165,49,5.0,20990,2024-05-05 19:00:00,2024-05-05 19:00:00,27.55370129859234,-97.21526261499702,,2024-05-05,18144,0 days 00:30:00,313,3,False,False,,,,Free
2024-05-05 19:15:00,4.3225243220664415,12.342858,14.674549335288136,461,424,4.181151821794932,15.407329850408455,29,5.0,21013,2024-05-05 19:15:00,2024-05-05 19:15:00,31.95318848178661,-97.8409276203338,,2024-05-05,18063,0 days 00:45:00,312,3,False,False,,,,Free
2024-05-05 19:15:00,12.706298772462576,26.340498,126.80255586050464,461,425,4.146464259425642,33.1135465712887,121,5.0,21014,2024-05-05 19:15:00,2024-05-05 19:15:00,31.953535357410303,-97.66386545818476,,2024-05-05,18059,0 days 00:45:00,311,5,False,False,,,,Free
2024-05-05 19:15:00,2.0002396733183474,9.6,3.1423456546418365,461,429,0.0,179.0,3,5.0,21018,2024-05-05 19:15:00,2024-05-05 19:15:00,31.99500000000457,-96.2050009655863,,2024-05-05,18167,0 days 00:30:00,314,3,False,False,,,,Free
2024-05-05 19:15:00,6.221636450364638,12.910347,30.401789106037725,461,434,7.670444641267364,1.3356582503735812,29,5.0,21021,2024-05-05 19:15:00,2024-05-05 19:15:00,31.91829555359189,-97.981644332313,,2024-05-05,18180,0 days 00:30:00,315,3,False,False,,,,Free
2024-05-05 19:15:00,3.494648829410848,14.933334,9.591730394646875,461,461,164.0,405.0,9,5.0,21040,2024-05-05 19:15:00,2024-05-05 19:15:00,30.35500000000432,-93.94500103016829,,2024-05-05,18195,0 days 00:30:00,316,3,False,False,,,,Free
2024-05-05 19:15:00,15.592449600555335,11.487639,190.9495236392684,461,463,228.603740916899,327.31728435889585,178,5.0,21042,2024-05-05 19:15:00,2024-05-05 19:15:00,29.708962590835224,-94.7218281643806,,2024-05-05,17974,0 days 01:00:00,307,4,False,False,,,,Free
2024-05-05 19:15:00,3.0991579605904347,10.971429,7.543576622644786,461,489,275.1100478479816,358.4497607600921,7,5.0,21059,2024-05-05 19:15:00,2024-05-05 19:15:00,29.243899521524323,-94.41050340926512,,2024-05-05,18413,0 days 00:00:00,317,3,False,False,,,,Free
2024-05-05 19:15:00,5.53808090743302,27.927275,24.08842881459016,461,547,443.5083267374643,76.33703411394283,22,5.0,21099,2024-05-05 19:15:00,2024-05-05 19:15:00,27.55991673262924,-97.23163059510978,,2024-05-05,18144,0 days 00:45:00,313,3,False,False,,,,Free
2024-05-05 19:15:00,9.96452236157681,22.174646,77.98352345003329,461,557,478.6732271194128,149.93642612442753,78,5.0,21106,2024-05-05 19:15:00,2024-05-05 19:15:00,27.20826772880969,-96.4956366960368,,2024-05-05,18045,0 days 01:00:00,310,3,False,False,,,,Free
2024-05-05 19:30:00,7.574061299294874,15.851161,45.05546878644011,462,352,2.4596774353830324,1.967741959640416,44,5.0,21111,2024-05-05 19:30:00,2024-05-05 19:30:00,31.97040322565073,-97.97532349540096,,2024-05-05,18180,0 days 00:45:00,315,3,False,False,,,,Free
2024-05-05 19:30:00,5.657801958311665,11.600001,25.14116305281236,462,353,0.6704545516120497,34.68939395627006,24,5.0,21112,2024-05-05 19:30:00,2024-05-05 19:30:00,31.988295454488448,-97.64810698478529,,2024-05-05,18059,0 days 01:00:00,311,5,False,False,,,,Free
2024-05-05 19:45:00,2.001437044873472,9.6,3.1461088851313224,463,450,11.25,100.5,4,5.0,21206,2024-05-05 19:45:00,2024-05-05 19:45:00,31.88250000000455,-96.99000094315409,,2024-05-05,18537,0 days 00:00:00,318,3,False,False,,,,Free
2024-05-05 19:45:00,2.867885127844913,9.599999,6.459715409031541,463,486,265.3333333333333,362.5,6,5.0,21234,2024-05-05 19:45:00,2024-05-05 19:45:00,29.34166666667082,-94.37000101802346,,2024-05-05,18413,0 days 00:30:00,317,3,False,False,,,,Free
2024-05-05 20:00:00,8.090537977263953,16.065306,51.40965424158696,464,438,15.298044999424311,31.80818886071174,49,5.0,21299,2024-05-05 20:00:00,2024-05-05 20:00:00,31.842019550010303,-97.67691903491747,,2024-05-05,18619,0 days 00:00:00,319,3,False,False,,,,Free
2024-05-05 20:00:00,23.143957355366734,21.237852,420.6928415645848,464,462,259.1309396734054,356.4008223449865,394,5.0,21316,2024-05-05 20:00:00,2024-05-05 20:00:00,29.40369060327011,-94.43099279283064,,2024-05-05,18413,0 days 00:45:00,317,3,False,False,,,,Free
2024-05-05 20:15:00,6.2201544799217805,17.544828,30.38730764691941,465,523,2.401608595361303,99.72332439495952,31,5.0,21402,2024-05-05 20:15:00,2024-05-05 20:15:00,31.970983914050954,-96.9977676989825,,2024-05-05,18537,0 days 00:30:00,318,3,False,False,,,,Free
2024-05-05 20:15:00,7.216323778965436,13.292308,40.89986766291791,465,529,10.90847248455145,31.639455780507475,39,5.0,21406,2024-05-05 20:15:00,2024-05-05 20:15:00,31.88591527515904,-97.67860636567131,,2024-05-05,18619,0 days 00:15:00,319,3,False,False,,,,Free
2024-05-05 20:30:00,3.0555117441018496,13.714286,7.332596648407015,466,385,0.3016393504133787,100.84918032479332,7,5.0,21534,2024-05-05 20:30:00,2024-05-05 20:30:00,31.99198360650044,-96.98650914000592,,2024-05-05,18537,0 days 00:45:00,318,3,False,False,,,,Free
2024-05-05 20:30:00,,,,466,390,7.5,32.5,2,5.0,21538,2024-05-05 20:30:00,2024-05-05 20:30:00,31.92000000000456,-97.67000092372234,,2024-05-05,18619,0 days 00:30:00,319,3,False,False,,,,Free
2024-05-05 21:15:00,2.6332196074393983,48.0,5.44582952176965,469,210,386.3553488316967,59.289302318863896,5,5.0,21789,2024-05-05 21:15:00,2024-05-05 21:15:00,28.131446511687,-97.402107908189,,2024-05-05,19052,0 days 00:00:00,321,3,False,False,,,,Free
2024-05-05 21:30:00,1.177589631537714,38.4,1.0891252522270425,470,275,386.1210526355416,60.87894736445842,2,5.0,21831,2024-05-05 21:30:00,2024-05-05 21:30:00,28.13378947364855,-97.38621145818736,,2024-05-05,19052,0 days 00:15:00,321,3,False,False,,,,Free
2024-05-05 21:45:00,1.177589631537714,115.200005,1.0891252522270425,471,173,386.1776119412545,60.82238805874548,2,5.0,21881,2024-05-05 21:45:00,2024-05-05 21:45:00,28.13322388059142,-97.38677705122832,,2024-05-05,19052,0 days 00:30:00,321,3,False,False,,,,Free
2024-05-05 21:45:00,6.014827030264181,16.615385,28.414248012946988,471,179,423.0013245019812,120.46754967304004,26,5.0,21886,2024-05-05 21:45:00,2024-05-05 21:45:00,27.764986754984097,-96.7903254521296,,2024-05-05,19141,0 days 00:00:00,322,3,False,False,,,,Free
2024-05-05 22:00:00,6.241175549895952,22.285717,30.5930430810812,472,219,420.9169421392894,119.27190083408036,28,5.0,21940,2024-05-05 22:00:00,2024-05-05 22:00:00,27.78583057861102,-96.80228194017752,,2024-05-05,19141,0 days 00:15:00,322,3,False,False,,,,Free
2024-05-05 22:15:00,4.568171343295249,9.6,16.389837645236312,473,183,420.9333333333333,119.33333333333331,15,5.0,21980,2024-05-05 22:15:00,2024-05-05 22:15:00,27.78566666667058,-96.80166761520258,,2024-05-05,19141,0 days 00:30:00,322,3,False,False,,,,Free
2024-05-09 01:45:00,2.322820381354491,9.6,4.2376114897987245,774,38,106.25,406.25,4,5.0,22403,2024-05-09 01:45:00,2024-05-09 01:45:00,30.932500000004403,-93.93250103052549,,2024-05-09,19608,0 days 00:00:00,323,4,False,False,,,,Free
2024-05-09 02:00:00,9.43568015961798,16.872728,69.92561646608871,775,62,106.76824910955108,409.4206227677925,66,5.0,22417,2024-05-09 02:00:00,2024-05-09 02:00:00,30.92731750890889,-93.90079480375356,,2024-05-09,19608,0 days 00:15:00,323,4,False,False,,,,Free
2024-05-09 02:30:00,12.178712950384751,17.454546,116.4910795782112,777,93,102.45109490131544,418.9791240911436,110,5.0,22441,2024-05-09 02:30:00,2024-05-09 02:30:00,30.97048905099125,-93.80520979325156,,2024-05-09,19608,0 days 00:45:00,323,4,False,False,,,,Free
2024-05-09 03:00:00,2.595979048471755,13.44,5.292882433608416,779,66,98.89099525852144,425.55450237073927,5,5.0,22480,2024-05-09 03:00:00,2024-05-09 03:00:00,31.0060900474192,-93.73945601233451,,2024-05-09,19674,0 days 00:00:00,324,4,False,False,,,,Free
2024-05-09 03:00:00,2.3233362604583463,9.6,4.239493975411633,779,73,110.5,431.5,4,5.0,22487,2024-05-09 03:00:00,2024-05-09 03:00:00,30.8900000000044,-93.68000103774092,,2024-05-09,19608,0 days 01:15:00,323,4,False,False,,,,Free
2024-05-09 03:30:00,2.323457534518278,9.6,4.23993657519697,781,59,111.5,437.0,6,5.0,22514,2024-05-09 03:30:00,2024-05-09 03:30:00,30.8800000000044,-93.62500103931262,,2024-05-09,19674,0 days 00:30:00,324,4,False,False,,,,Free
2024-05-09 03:45:00,1.642889708417247,9.6,2.1198576537965788,782,70,110.66666666666669,439.0,3,5.0,22526,2024-05-09 03:45:00,2024-05-09 03:45:00,30.88833333333773,-93.60500103988414,,2024-05-09,19674,0 days 00:45:00,324,4,False,False,,,,Free
2024-05-09 03:45:00,2.847075848840476,12.799999,6.366312547052371,782,76,121.09829060003229,497.1068375998709,6,5.0,22532,2024-05-09 03:45:00,2024-05-09 03:45:00,30.784017094004057,-93.02393268049008,,2024-05-09,19713,0 days 00:00:00,326,3,False,False,,,,Free
2024-05-09 04:15:00,1.6428039399567032,9.6,2.1196363216150544,784,52,110.0,438.5,2,5.0,22554,2024-05-09 04:15:00,2024-05-09 04:15:00,30.8950000000044,-93.61000103974128,,2024-05-09,19674,0 days 01:15:00,324,4,False,False,,,,Free
2024-05-09 04:15:00,2.324426225455894,9.6,4.243472722731813,784,55,119.5,498.0,4,5.0,22556,2024-05-09 04:15:00,2024-05-09 04:15:00,30.80000000000438,-93.01500105674404,,2024-05-09,19713,0 days 00:30:00,326,3,False,False,,,,Free
2024-05-09 04:30:00,2.324426225455894,9.6,4.243472722731812,785,37,119.5,498.0,4,5.0,22567,2024-05-09 04:30:00,2024-05-09 04:30:00,30.80000000000438,-93.01500105674404,,2024-05-09,19713,0 days 00:45:00,326,3,False,False,,,,Free
2024-05-09 12:45:00,1.6556252900424109,9.6,2.152851058045147,818,145,262.5,405.5,4,5.0,22667,2024-05-09 12:45:00,2024-05-09 12:45:00,29.37000000000416,-93.94000103031112,,2024-05-09,19828,0 days 00:00:00,327,3,False,False,,,,Free
2024-05-09 13:15:00,3.84357489756951,9.599999,11.602740469625695,820,208,64.9090909090909,368.27272727272725,11,5.0,22735,2024-05-09 13:15:00,2024-05-09 13:15:00,31.34590909091356,-94.31227374694578,,2024-05-09,19891,0 days 00:00:00,328,3,False,False,,,,Free
2024-05-09 13:15:00,7.493020414564321,22.94634,44.096458647737066,820,245,254.7067137919837,406.0320739115346,41,5.0,22765,2024-05-09 13:15:00,2024-05-09 13:15:00,29.447932862084336,-93.93468029134785,,2024-05-09,19828,0 days 00:30:00,327,3,False,False,,,,Free
2024-05-09 13:30:00,15.198876160144913,16.297674,181.43155974586944,821,185,64.87479608868081,369.2154363802917,176,5.0,22788,2024-05-09 13:30:00,2024-05-09 13:30:00,31.346252039117665,-94.30284665613954,,2024-05-09,19891,0 days 00:15:00,328,3,False,False,,,,Free
2024-05-09 13:45:00,4.053675729218373,10.4,12.905887965545451,822,218,254.56790123820176,407.1419753095505,12,5.0,22868,2024-05-09 13:45:00,2024-05-09 13:45:00,29.449320987622155,-93.92358127768485,,2024-05-09,19828,0 days 01:00:00,327,3,False,False,,,,Free
2024-05-09 14:00:00,6.239893709627271,14.565519,30.5804777022888,823,261,62.37490987537602,368.8197548431457,29,5.0,22895,2024-05-09 14:00:00,2024-05-09 14:00:00,31.37125090125071,-94.30680347139791,,2024-05-09,19891,0 days 00:45:00,328,3,False,False,,,,Free
2024-05-09 14:30:00,1.656598520969956,9.6,2.155382835089897,825,279,275.5,490.0,2,5.0,23042,2024-05-09 14:30:00,2024-05-09 14:30:00,29.240000000004137,-93.09500105445797,,2024-05-09,20174,0 days 00:00:00,329,3,False,False,,,,Free
2024-05-09 14:45:00,14.940252740641997,16.843113,175.3096287947051,826,154,19.9410524322591,451.20837508515433,170,5.0,23056,2024-05-09 14:45:00,2024-05-09 14:45:00,31.795589475681947,-93.48291729252128,,2024-05-09,20186,0 days 00:00:00,330,3,False,False,,,,Free
2024-05-09 14:45:00,7.02887660701857,9.600001,38.80267979500219,826,181,277.02777777777777,491.75,36,5.0,23075,2024-05-09 14:45:00,2024-05-09 14:45:00,29.22472222222636,-93.07750105495802,,2024-05-09,20174,0 days 00:15:00,329,3,False,False,,,,Free
2024-05-09 15:00:00,1.634875264299521,9.6,2.099225664856633,827,205,19.33333333333333,453.0,3,5.0,23091,2024-05-09 15:00:00,2024-05-09 15:00:00,31.801666666671206,-93.4650010438848,,2024-05-09,20186,0 days 00:15:00,330,3,False,False,,,,Free
2024-05-09 15:00:00,,,,827,253,278.6,494.8,5,5.0,23130,2024-05-09 15:00:00,2024-05-09 15:00:00,29.20900000000413,-93.04700105582958,,2024-05-09,20174,0 days 00:30:00,329,3,False,False,,,,Free
2024-05-09 15:15:00,4.006575728774359,10.400001,12.607721097558889,828,212,27.70737913331638,479.4147582666328,15,5.0,23146,2024-05-09 15:15:00,2024-05-09 15:15:00,31.71792620867136,-93.20085346876677,,2024-05-09,20271,0 days 00:00:00,331,3,False,False,,,,Free
2024-05-09 15:30:00,2.831431536653477,9.599999,6.296540646971055,829,241,17.333333333333332,450.5,6,5.0,23201,2024-05-09 15:30:00,2024-05-09 15:30:00,31.82166666667121,-93.49000104317042,,2024-05-09,20186,0 days 00:45:00,330,3,False,False,,,,Free
2024-05-09 15:45:00,2.5855798338777656,13.44,5.250561926857147,830,176,23.0,482.2327868831956,7,5.0,23255,2024-05-09 15:45:00,2024-05-09 15:45:00,31.76500000000453,-93.1726731834064,,2024-05-09,20271,0 days 00:30:00,331,3,False,False,,,,Free
2024-05-09 16:00:00,9.178722255957087,11.733333,66.16896451290005,831,196,22.986288878149672,484.43388174911087,78,5.0,23291,2024-05-09 16:00:00,2024-05-09 16:00:00,31.76513711122304,-93.15066223537627,,2024-05-09,20271,0 days 00:45:00,331,3,False,False,,,,Free
2024-05-09 17:00:00,8.409151453535104,25.901888,55.53851077033601,835,62,4.56993886796942,93.27651923254288,54,5.0,23390,2024-05-09 17:00:00,2024-05-09 17:00:00,31.94930061132487,-97.06223574876446,,2024-05-09,20496,0 days 00:00:00,332,3,False,False,,,,Free
2024-05-09 17:15:00,11.722646905276846,53.685444,107.92976940908684,836,52,3.4224464645807764,95.10784509966535,103,5.0,23403,2024-05-09 17:15:00,2024-05-09 17:15:00,31.96077553535876,-97.04392249061652,,2024-05-09,20496,0 days 00:15:00,332,3,False,False,,,,Free
2024-05-09 17:30:00,11.434914296322283,20.375513,102.69651575378428,837,119,3.322537861096984,94.92022831564928,98,5.0,23415,2024-05-09 17:30:00,2024-05-09 17:30:00,31.961774621393594,-97.0457986584031,,2024-05-09,20496,0 days 00:30:00,332,3,False,False,,,,Free
2024-05-09 18:15:00,5.664420555584267,20.4,25.20001861644934,840,105,22.617965365368324,358.615800865382,24,5.0,23490,2024-05-09 18:15:00,2024-05-09 18:15:00,31.76882034635085,-94.40884300825968,,2024-05-09,20586,0 days 00:00:00,334,3,False,False,,,,Free
2024-05-09 18:30:00,7.755872971093328,33.706665,47.24449989985831,841,105,21.722248007570027,357.26552099174165,45,5.0,23517,2024-05-09 18:30:00,2024-05-09 18:30:00,31.77777751992884,-94.42234580661022,,2024-05-09,20586,0 days 00:15:00,334,3,False,False,,,,Free
2024-05-09 18:30:00,3.2782846856243184,13.200001,8.44079224874717,841,120,68.37499998182786,406.2103658576476,8,5.0,23529,2024-05-09 18:30:00,2024-05-09 18:30:00,31.311250000186185,-93.93289737193766,,2024-05-09,20617,0 days 00:00:00,335,3,False,False,,,,Free
2024-05-09 18:30:00,,,,841,126,116.26507537650814,226.79773868977972,20,5.0,23533,2024-05-09 18:30:00,2024-05-09 18:30:00,30.832349246239307,-95.72702359234722,,2024-05-09,20621,0 days 00:00:00,336,3,False,False,,,,Free
2024-05-09 18:45:00,7.220194657161122,64.49231,40.943757286568925,842,197,20.72728838908945,355.1496902865561,40,5.0,23540,2024-05-09 18:45:00,2024-05-09 18:45:00,31.787727116113643,-94.44350411305744,,2024-05-09,20586,0 days 00:30:00,334,3,False,False,,,,Free
2024-05-09 18:45:00,1.6381285814290452,9.6,2.107588678336961,842,218,56.0,364.5,2,5.0,23558,2024-05-09 18:45:00,2024-05-09 18:45:00,31.43500000000448,-94.35000101859498,,2024-05-09,20638,0 days 00:00:00,337,4,False,False,,,,Free
2024-05-09 18:45:00,6.757604608263153,60.70589,35.86537995182823,842,222,66.01689544895154,405.5722280874199,34,5.0,23562,2024-05-09 18:45:00,2024-05-09 18:45:00,31.33483104551495,-93.93927874945756,,2024-05-09,20617,0 days 00:15:00,335,3,False,False,,,,Free
2024-05-09 18:45:00,12.886541100046989,50.419518,130.4255292806993,842,243,115.37894246481152,225.5062829020748,123,5.0,23579,2024-05-09 18:45:00,2024-05-09 18:45:00,30.841210575356275,-95.73993814985522,,2024-05-09,20621,0 days 00:15:00,336,3,False,False,,,,Free
2024-05-09 19:00:00,5.310378302458797,18.285715,22.14832066112969,843,191,64.17347668837556,404.2516129178689,21,5.0,23611,2024-05-09 19:00:00,2024-05-09 19:00:00,31.353265233120712,-93.95248490077574,,2024-05-09,20617,0 days 00:30:00,335,3,False,False,,,,Free
2024-05-09 19:00:00,3.670922029649272,16.32,10.583765327966862,843,200,97.25441695666537,347.20318021722375,10,5.0,23620,2024-05-09 19:00:00,2024-05-09 19:00:00,31.022455830437764,-94.52296921147996,,2024-05-09,20690,0 days 00:00:00,340,3,False,False,,,,Free
2024-05-09 19:00:00,25.59192566169735,168.52455,514.3939031598912,843,205,115.47037344342657,225.3303149647409,486,5.0,23623,2024-05-09 19:00:00,2024-05-09 19:00:00,30.840296265570124,-95.74169782917828,,2024-05-09,20621,0 days 00:30:00,336,3,False,False,,,,Free
2024-05-09 19:15:00,11.345341778637106,67.7,101.09392266862244,844,217,51.47614420682145,363.8774981410116,111,5.0,23651,2024-05-09 19:15:00,2024-05-09 19:15:00,31.480238557936275,-94.35622603700692,,2024-05-09,20638,0 days 00:30:00,337,4,False,False,,,,Free
2024-05-09 19:15:00,7.432850658307864,42.848778,43.39110353362394,844,241,96.9068178779238,347.83077717810863,41,5.0,23671,2024-05-09 19:15:00,2024-05-09 19:15:00,31.02593182122518,-94.51669324205044,,2024-05-09,20690,0 days 00:15:00,340,3,False,False,,,,Free
2024-05-09 19:30:00,15.748852215286764,77.11135,194.7994367002896,845,233,51.14144012335533,364.3273739402231,191,5.0,23693,2024-05-09 19:30:00,2024-05-09 19:30:00,31.483585598770937,-94.3517272791434,,2024-05-09,20638,0 days 00:45:00,337,4,False,False,,,,Free
2024-05-09 19:30:00,4.643359421521344,15.0,16.933802289274432,845,259,96.94249999865887,346.0575000013411,16,5.0,23713,2024-05-09 19:30:00,2024-05-09 19:30:00,31.02557500001783,-94.53442601331142,,2024-05-09,20690,0 days 00:30:00,340,3,False,False,,,,Free
2024-05-09 20:00:00,2.005646822471464,9.6,3.159357713262508,847,241,50.0,367.0,3,5.0,23791,2024-05-09 20:00:00,2024-05-09 20:00:00,31.49500000000449,-94.32500101930935,,2024-05-09,20638,0 days 01:15:00,337,4,False,False,,,,Free
2024-05-09 20:15:00,11.607371153099274,9.5999975,105.81753107097032,848,200,2.1881188118811883,254.0891089108911,101,5.0,23826,2024-05-09 20:15:00,2024-05-09 20:15:00,31.973118811885755,-95.45410989793491,,2024-05-09,20853,0 days 00:00:00,342,3,False,False,,,,Free
2024-05-09 20:45:00,2.829048719557928,9.599999,6.285947283625333,850,218,1.8333333333333333,253.0,6,5.0,23916,2024-05-09 20:45:00,2024-05-09 20:45:00,31.976666666671235,-95.4650009867326,,2024-05-09,20853,0 days 00:30:00,342,3,False,False,,,,Free
2024-05-09 21:00:00,1.633322378834961,9.6,2.09523966187996,851,174,1.5,253.0,2,5.0,23963,2024-05-09 21:00:00,2024-05-09 21:00:00,31.98000000000457,-95.4650009867326,,2024-05-09,20853,0 days 00:45:00,342,3,False,False,,,,Free
2024-05-09 21:15:00,4.211608183017641,13.292309,13.93111261789362,852,255,218.21335807460423,410.7792207826676,13,5.0,24024,2024-05-09 21:15:00,2024-05-09 21:15:00,29.812866419258185,-93.88720882399308,,2024-05-09,21025,0 days 00:00:00,344,4,False,False,,,,Free
2024-05-09 21:30:00,6.290452569201844,31.11724,31.078043160848186,853,380,219.78188535842767,411.0765777593081,29,5.0,24076,2024-05-09 21:30:00,2024-05-09 21:30:00,29.79718114641995,-93.88423525431163,,2024-05-09,21025,0 days 00:15:00,344,4,False,False,,,,Free
2024-05-09 21:45:00,7.200631281382932,42.189472,40.72218072775548,854,390,219.0604302256125,411.1985564602115,38,5.0,24149,2024-05-09 21:45:00,2024-05-09 21:45:00,29.804395697748102,-93.88301546733749,,2024-05-09,21025,0 days 00:30:00,344,4,False,False,,,,Free
2024-05-09 22:00:00,4.955745637985907,15.466668,19.288919300354248,855,334,218.57098444581987,410.79896373656095,19,5.0,24216,2024-05-09 22:00:00,2024-05-09 22:00:00,29.80929015554603,-93.88701139445976,,2024-05-09,21025,0 days 00:45:00,344,4,False,False,,,,Free
2024-05-09 22:00:00,4.529701029105755,15.360002,16.11494985207169,855,348,244.0051479999352,379.4813384848927,15,5.0,24222,2024-05-09 22:00:00,2024-05-09 22:00:00,29.554948520004835,-94.2001876380271,,2024-05-09,21201,0 days 00:00:00,347,5,False,False,,,,Free
2024-05-09 22:15:00,2.337533913338014,14.4,4.291466455467242,856,331,230.0,363.5,4,5.0,24264,2024-05-09 22:15:00,2024-05-09 22:15:00,29.69500000000421,-94.36000101830916,,2024-05-09,21240,0 days 00:00:00,348,3,False,False,,,,Free
2024-05-09 22:15:00,2.024934063317125,9.6,3.22041361167029,856,338,235.66666666666663,376.3333333333333,3,5.0,24268,2024-05-09 22:15:00,2024-05-09 22:15:00,29.63833333333753,-94.23166768864314,,2024-05-09,21243,0 days 00:00:00,349,3,False,False,,,,Free
2024-05-09 22:15:00,4.376025521062961,13.028572,15.040060167921917,856,340,243.4068375998709,380.5179487200388,15,5.0,24270,2024-05-09 22:15:00,2024-05-09 22:15:00,29.56093162400548,-94.18982153597187,,2024-05-09,21201,0 days 00:15:00,347,5,False,False,,,,Free
2024-05-09 22:30:00,5.356102485438753,22.4,22.53137200548569,857,274,230.42747674115293,363.6354679792928,21,5.0,24318,2024-05-09 22:30:00,2024-05-09 22:30:00,29.69072523259268,-94.358646338555,,2024-05-09,21240,0 days 00:15:00,348,3,False,False,,,,Free
2024-05-09 22:30:00,6.186114620291153,29.142859,30.055627987379083,857,275,235.4248520629688,376.682544381448,28,5.0,24319,2024-05-09 22:30:00,2024-05-09 22:30:00,29.640751479374515,-94.22817557826176,,2024-05-09,21243,0 days 00:15:00,349,3,False,False,,,,Free
2024-05-09 22:30:00,5.729177320249569,14.8,25.7794952274196,857,278,242.4081632570312,381.7976190500326,24,5.0,24322,2024-05-09 22:30:00,2024-05-09 22:30:00,29.57091836743388,-94.1770248330376,,2024-05-09,21201,0 days 00:30:00,347,5,False,False,,,,Free
2024-05-09 22:45:00,3.876799689207348,14.836365,11.804201253711756,858,218,232.39371533951552,364.0462107181176,11,5.0,24348,2024-05-09 22:45:00,2024-05-09 22:45:00,29.67106284660905,-94.35453891128412,,2024-05-09,21240,0 days 00:30:00,348,3,False,False,,,,Free
2024-05-09 22:45:00,4.960123496141783,12.800001,19.323013645555,858,219,236.17236466655908,377.6723646665591,18,5.0,24349,2024-05-09 22:45:00,2024-05-09 22:45:00,29.63327635333861,-94.2182773756935,,2024-05-09,21243,0 days 00:30:00,349,3,False,False,,,,Free
2024-05-09 22:45:00,7.016635642419453,16.533333,38.66764580321897,858,220,241.8338150245868,383.88631984590165,36,5.0,24350,2024-05-09 22:45:00,2024-05-09 22:45:00,29.576661849758324,-94.15613782567578,,2024-05-09,21201,0 days 00:45:00,347,5,False,False,,,,Free
2024-05-09 23:00:00,2.864777778916104,9.599999,6.445724809999166,859,190,243.3333333333333,385.8333333333333,6,5.0,24384,2024-05-09 23:00:00,2024-05-09 23:00:00,29.561666666670856,-94.13666769135784,,2024-05-09,21201,0 days 01:00:00,347,5,False,False,,,,Free
2024-05-10 00:00:00,1.6561935189947,9.6,2.1543290763330742,863,214,270.5,420.0,2,5.0,24524,2024-05-10 00:00:00,2024-05-10 00:00:00,29.29000000000415,-93.79500103445469,,2024-05-10,21457,0 days 00:00:00,351,3,False,False,,,,Free
2024-05-10 00:15:00,3.098486851891748,10.971428,7.54030992129057,864,179,270.77990430403685,420.7799043040369,7,5.0,24550,2024-05-10 00:15:00,2024-05-10 00:15:00,29.28720095696378,-93.78720199163718,,2024-05-10,21457,0 days 00:15:00,351,3,False,False,,,,Free
2024-05-10 00:30:00,1.1712489247947853,9.6,1.0774280845308526,865,89,272.5,422.5,2,5.0,24571,2024-05-10 00:30:00,2024-05-10 00:30:00,29.270000000004146,-93.77000103516912,,2024-05-10,21457,0 days 00:30:00,351,3,False,False,,,,Free
2024-05-10 17:45:00,5.0341582389022665,9.600001,19.904148656943367,933,242,1.2105263157894737,228.1052631578948,19,5.0,25490,2024-05-10 17:45:00,2024-05-10 17:45:00,31.982894736846674,-95.71394834803972,,2024-05-10,22367,0 days 00:00:00,352,3,False,False,,,,Free
2024-05-10 17:45:00,2.598557632108969,9.6,5.303402486447522,933,302,117.8,55.2,5,5.0,25525,2024-05-10 17:45:00,2024-05-10 17:45:00,30.817000000004384,-97.44300093020912,,2024-05-10,22399,0 days 00:00:00,353,3,False,False,,,,Free
2024-05-10 18:00:00,,,,934,307,3.1,226.9,10,5.0,25546,2024-05-10 18:00:00,2024-05-10 18:00:00,31.964000000004564,-95.72600097927426,,2024-05-10,22367,0 days 00:15:00,352,3,False,False,,,,Free
2024-05-10 18:00:00,2.0119806739061223,9.6,3.1793437840589096,934,363,109.66666666666669,167.33333333333334,3,5.0,25584,2024-05-10 18:00:00,2024-05-10 18:00:00,30.89833333333773,-96.3216676289191,,2024-05-10,22454,0 days 00:00:00,354,3,False,False,,,,Free
2024-05-10 18:00:00,3.2867004112174447,22.800001,8.48418480070366,934,368,117.04771505702398,54.96740589390052,48,5.0,25587,2024-05-10 18:00:00,2024-05-10 18:00:00,30.824522849434143,-97.44532687120363,,2024-05-10,22399,0 days 00:15:00,353,3,False,False,,,,Free
2024-05-10 18:15:00,1.1620619003319146,38.4,1.0605921452776623,935,243,116.70168067058528,53.70168067058528,2,5.0,25632,2024-05-10 18:15:00,2024-05-10 18:15:00,30.827983193298536,-97.45798412307504,,2024-05-10,22399,0 days 00:30:00,353,3,False,False,,,,Free
2024-05-10 18:30:00,7.661074803617574,10.254546,46.096641742958255,936,245,1.8277870207395188,230.5307820378709,46,5.0,25639,2024-05-10 18:30:00,2024-05-10 18:30:00,31.97672212979717,-95.68969315993309,,2024-05-10,22367,0 days 00:45:00,352,3,False,False,,,,Free
2024-05-10 18:30:00,1.6426323145337536,9.6,2.119193463561296,936,303,108.0,170.5,2,5.0,25677,2024-05-10 18:30:00,2024-05-10 18:30:00,30.9150000000044,-96.29000096315735,,2024-05-10,22454,0 days 00:30:00,354,3,False,False,,,,Free
2024-05-10 18:45:00,2.840163165586179,9.599999,6.335435339333858,937,282,74.83333333333333,307.8333333333333,6,5.0,25719,2024-05-10 18:45:00,2024-05-10 18:45:00,31.24666666667112,-94.91666766906847,,2024-05-10,22574,0 days 00:00:00,355,3,False,False,,,,Free
2024-05-10 19:00:00,3.8453368118801112,9.599999,11.61338041843175,938,299,73.54545454545455,306.54545454545456,11,5.0,25773,2024-05-10 19:00:00,2024-05-10 19:00:00,31.259545454549908,-94.92954645657926,,2024-05-10,22574,0 days 00:15:00,355,3,False,False,,,,Free
2024-05-10 19:00:00,1.6417724168093328,9.6,2.116975301106133,938,327,97.66666666666669,93.0,3,5.0,25794,2024-05-10 19:00:00,2024-05-10 19:00:00,31.01833333333775,-97.06500094101084,,2024-05-10,22643,0 days 00:00:00,356,3,False,False,,,,Free
2024-05-10 19:00:00,9.924625652859962,9.599999,77.36030093998842,938,337,109.2054794520548,173.08219178082192,73,5.0,25800,2024-05-10 19:00:00,2024-05-10 19:00:00,30.902945205483853,-96.264179046087,,2024-05-10,22454,0 days 01:00:00,354,3,False,False,,,,Free
2024-05-10 19:15:00,2.3188811872018564,9.6,4.223250827068182,939,229,74.2,307.0,5,5.0,25825,2024-05-10 19:15:00,2024-05-10 19:15:00,31.25300000000445,-94.9250010021637,,2024-05-10,22574,0 days 00:30:00,355,3,False,False,,,,Free
2024-05-10 19:15:00,2.8432352022964658,9.599999,6.349148083724743,939,249,95.33333333333331,96.33333333333331,6,5.0,25838,2024-05-10 19:15:00,2024-05-10 19:15:00,31.041666666671087,-97.03166760863007,,2024-05-10,22643,0 days 00:15:00,356,3,False,False,,,,Free
2024-05-10 19:15:00,2.3225773533859875,9.6,4.236724805451672,939,260,104.25,120.0,4,5.0,25845,2024-05-10 19:15:00,2024-05-10 19:15:00,30.95250000000441,-96.7950009487264,,2024-05-10,22690,0 days 00:00:00,357,3,False,False,,,,Free
2024-05-10 19:45:00,,,,941,433,86.95464851859897,106.59410434688398,30,5.0,25964,2024-05-10 19:45:00,2024-05-10 19:45:00,31.12545351481845,-96.92905990142668,,2024-05-10,22643,0 days 00:45:00,356,3,False,False,,,,Free
2024-05-10 19:45:00,5.190990783304983,10.080002,21.16364153452538,941,443,94.96629213139153,125.22150882898754,25,5.0,25968,2024-05-10 19:45:00,2024-05-10 19:45:00,31.045337078690505,-96.7427858619286,,2024-05-10,22690,0 days 00:30:00,357,3,False,False,,,,Free
2024-05-10 20:15:00,2.009307183353393,9.6,3.170900066503449,943,284,84.33333333333333,135.33333333333334,3,5.0,26072,2024-05-10 20:15:00,2024-05-10 20:15:00,31.151666666671105,-96.64166761977476,,2024-05-10,22690,0 days 01:00:00,357,3,False,False,,,,Free
2024-05-10 21:15:00,7.119211506677286,46.98947,39.80647057843974,947,112,0.4895963941194319,4.855602890525383,38,5.0,26219,2024-05-10 21:15:00,2024-05-10 21:15:00,31.99010403606337,-97.9464448869174,,2024-05-10,23031,0 days 00:00:00,358,3,False,False,,,,Free
2024-05-10 21:15:00,9.166899908043176,13.257141,65.99862081848931,947,117,1.017755959145474,344.6123914048924,65,5.0,26223,2024-05-10 21:15:00,2024-05-10 21:15:00,31.984822440413115,-94.54887709886292,,2024-05-10,23035,0 days 00:00:00,359,3,False,False,,,,Free
2024-05-10 21:30:00,7.39494073120593,12.409757,42.94961513265216,948,186,0.7852265794756218,349.12104286972954,45,5.0,26253,2024-05-10 21:30:00,2024-05-10 21:30:00,31.987147734209813,-94.50379058550294,,2024-05-10,23035,0 days 00:15:00,359,3,False,False,,,,Free
2024-05-10 21:45:00,1.6331888543011148,14.400001,2.094897103096334,949,144,0.0,352.2446808564604,2,5.0,26293,2024-05-10 21:45:00,2024-05-10 21:45:00,31.99500000000457,-94.47255420652824,,2024-05-10,23035,0 days 00:30:00,359,3,False,False,,,,Free
2024-05-10 21:45:00,2.582889196809472,9.6,5.239639807435239,949,147,4.2,18.2,5,5.0,26296,2024-05-10 21:45:00,2024-05-10 21:45:00,31.953000000004565,-97.81300091963595,,2024-05-10,23031,0 days 00:30:00,358,3,False,False,,,,Free
2024-05-10 22:00:00,3.267134013135712,9.6,8.38346931959965,950,82,4.25,23.625,8,5.0,26329,2024-05-10 22:00:00,2024-05-10 22:00:00,31.95250000000456,-97.75875092118616,,2024-05-10,23031,0 days 00:45:00,358,3,False,False,,,,Free
2024-05-11 05:45:00,9.466040072007589,16.5,70.37632079161638,981,78,491.5599151507007,99.9989395632676,68,5.0,26676,2024-05-11 05:45:00,2024-05-11 05:45:00,27.0794008484968,-96.99501154737824,,2024-05-11,23440,0 days 00:00:00,360,4,False,False,,,,Free
2024-05-11 06:15:00,,,,983,43,489.5,100.5,2,5.0,26694,2024-05-11 06:15:00,2024-05-11 06:15:00,27.100000000003803,-96.99000094315409,,2024-05-11,23440,0 days 00:30:00,360,4,False,False,,,,Free
2024-05-11 06:30:00,4.265890610942148,9.599999,14.292536529965826,984,58,488.9375,98.5625,16,5.0,26705,2024-05-11 06:30:00,2024-05-11 06:30:00,27.105625000003805,-97.0093759426004,,2024-05-11,23440,0 days 00:45:00,360,4,False,False,,,,Free
2024-05-11 06:45:00,3.9240192191800114,9.599999,12.09350345436916,985,50,488.6923076923077,98.6923076923077,13,5.0,26715,2024-05-11 06:45:00,2024-05-11 06:45:00,27.10807692308073,-97.00807786571444,,2024-05-11,23440,0 days 01:00:00,360,4,False,False,,,,Free
2024-05-11 07:00:00,2.897660257842974,9.599999,6.594544604431912,986,49,485.8571428571428,10.428571428571429,7,5.0,26724,2024-05-11 07:00:00,2024-05-11 07:00:00,27.136428571432383,-97.89071520312945,,2024-05-11,23479,0 days 00:00:00,361,4,False,False,,,,Free
2024-05-11 07:15:00,10.906025709232562,15.585881,93.41635457543204,987,24,484.7883974220601,9.427206074866511,85,5.0,26727,2024-05-11 07:15:00,2024-05-11 07:15:00,27.14711602578321,-97.90072885638034,,2024-05-11,23479,0 days 00:15:00,361,4,False,False,,,,Free
2024-05-11 07:30:00,13.89650518568328,24.0,151.67048272592749,988,33,484.79290619036095,7.902135801281765,138,5.0,26735,2024-05-11 07:30:00,2024-05-11 07:30:00,27.147070938100203,-97.91597955868036,,2024-05-11,23479,0 days 00:30:00,361,4,False,False,,,,Free
2024-05-11 07:45:00,17.222602740779074,34.18868,232.9632679044604,989,24,485.48671958492,5.85365480469552,244,5.0,26740,2024-05-11 07:45:00,2024-05-11 07:45:00,27.14013280415461,-97.93646436806084,,2024-05-11,23479,0 days 00:45:00,361,4,False,False,,,,Free
2024-05-11 08:30:00,1.181653428991199,9.6,1.0966552460771188,992,46,460.5,75.5,2,5.0,26759,2024-05-11 08:30:00,2024-05-11 08:30:00,27.39000000000385,-97.24000093601,,2024-05-11,23505,0 days 00:00:00,362,3,False,False,,,,Free
2024-05-11 08:45:00,7.187664401387175,17.124321,40.5756479686738,993,40,460.6388765079416,72.88987959851802,37,5.0,26770,2024-05-11 08:45:00,2024-05-11 08:45:00,27.38861123492444,-97.26610213927898,,2024-05-11,23505,0 days 00:15:00,362,3,False,False,,,,Free
2024-05-11 09:00:00,6.025357573231274,10.707693,28.513828395776844,994,66,461.2230215819112,71.52398081925534,30,5.0,26780,2024-05-11 09:00:00,2024-05-11 09:00:00,27.38276978418473,-97.27976112668132,,2024-05-11,23505,0 days 00:30:00,362,3,False,False,,,,Free
2024-05-11 10:00:00,2.0446397394016587,9.6,3.283397598847001,998,105,439.0,10.0,3,5.0,26837,2024-05-11 10:00:00,2024-05-11 10:00:00,27.605000000003884,-97.89500091729268,,2024-05-11,23577,0 days 00:00:00,363,3,False,False,,,,Free
2024-05-11 10:15:00,4.417128151108912,9.599999,15.323920140555463,999,132,440.0,12.571428571428571,14,5.0,26866,2024-05-11 10:15:00,2024-05-11 10:15:00,27.59500000000388,-97.86928663231322,,2024-05-11,23577,0 days 00:15:00,363,3,False,False,,,,Free
2024-05-11 10:30:00,51.45471996999304,50.464386,2079.410915360084,1000,84,427.8884398050601,50.02590132960922,2349,5.0,26888,2024-05-11 10:30:00,2024-05-11 10:30:00,27.71611560195329,-97.49474191543442,,2024-05-11,23621,0 days 00:00:00,364,3,False,False,,,,Free
2024-05-11 10:30:00,2.044826268568128,9.6,3.283996704246236,1000,88,441.0,14.0,3,5.0,26891,2024-05-11 10:30:00,2024-05-11 10:30:00,27.58500000000388,-97.85500091843574,,2024-05-11,23577,0 days 00:30:00,363,3,False,False,,,,Free
2024-05-11 11:00:00,2.044048126029314,9.6,3.281497781623657,1002,138,432.6666666666667,46.66666666666666,3,5.0,26944,2024-05-11 11:00:00,2024-05-11 11:00:00,27.668333333337227,-97.52833426110392,,2024-05-11,23621,0 days 00:30:00,364,3,False,False,,,,Free
2024-05-11 11:15:00,2.6388467339135646,21.12,5.469129602422706,1003,176,432.5285359810297,46.59553349141924,5,5.0,26976,2024-05-11 11:15:00,2024-05-11 11:15:00,27.6697146401936,-97.5290455928361,,2024-05-11,23621,0 days 00:45:00,364,3,False,False,,,,Free
2024-05-11 11:30:00,25.503523824532,12.4368305,510.8463133728401,1004,190,433.3298626964953,164.07334095992672,472,5.0,27012,2024-05-11 11:30:00,2024-05-11 11:30:00,27.66170137303894,-96.3542675517216,,2024-05-11,23738,0 days 00:00:00,365,3,False,False,,,,Free
2024-05-11 11:30:00,1.6717137307962089,9.6,2.19489475432046,1004,214,469.0,21.5,2,5.0,27031,2024-05-11 11:30:00,2024-05-11 11:30:00,27.30500000000384,-97.78000092057891,,2024-05-11,23754,0 days 00:00:00,366,3,False,False,,,,Free
2024-05-11 11:45:00,4.228468026177257,14.030771,14.0428734893892,1005,176,299.62926136777344,62.56676136354015,16,5.0,27045,2024-05-11 11:45:00,2024-05-11 11:45:00,28.99870738632637,-97.3693333186788,,2024-05-11,23767,0 days 00:00:00,368,3,False,False,,,,Free
2024-05-11 11:45:00,6.881164618427006,12.423531,37.18893801381318,1005,187,432.3922345449228,164.26307448105234,34,5.0,27053,2024-05-11 11:45:00,2024-05-11 11:45:00,27.671077654554665,-96.35237021656452,,2024-05-11,23738,0 days 00:15:00,365,3,False,False,,,,Free
2024-05-11 11:45:00,3.127429619375872,9.599999,7.681834941895357,1005,204,468.57142857142856,20.285714285714285,7,5.0,27065,2024-05-11 11:45:00,2024-05-11 11:45:00,27.30928571428955,-97.7921437773748,,2024-05-11,23754,0 days 00:15:00,366,3,False,False,,,,Free
2024-05-11 12:00:00,3.8850074950007527,11.345454,11.854236933358418,1006,191,275.13180515915906,73.00573065315346,11,5.0,27085,2024-05-11 12:00:00,2024-05-11 12:00:00,29.24368194841255,-97.2649436287657,,2024-05-11,23801,0 days 00:00:00,369,3,False,False,,,,Free
2024-05-11 12:00:00,5.373819487798106,11.885716,22.680677808703617,1006,193,297.7198391409773,60.88739945112595,22,5.0,27087,2024-05-11 12:00:00,2024-05-11 12:00:00,29.017801608594333,-97.38612693732308,,2024-05-11,23767,0 days 00:15:00,368,3,False,False,,,,Free
2024-05-11 12:00:00,6.244203950100533,11.657144,30.622739555706417,1006,204,431.02467811191735,165.92596566424794,28,5.0,27095,2024-05-11 12:00:00,2024-05-11 12:00:00,27.684753218884723,-96.33574130520776,,2024-05-11,23738,0 days 00:30:00,365,3,False,False,,,,Free
2024-05-11 12:00:00,1.6717890291222055,9.6,2.195092486288359,1006,226,470.0,18.5,2,5.0,27113,2024-05-11 12:00:00,2024-05-11 12:00:00,27.295000000003835,-97.81000091972167,,2024-05-11,23754,0 days 00:30:00,366,3,False,False,,,,Free
2024-05-11 12:15:00,2.6187872339599165,9.6,5.386297185874732,1007,215,272.35714285714283,70.35714285714286,14,5.0,27136,2024-05-11 12:15:00,2024-05-11 12:15:00,29.271428571432715,-97.29142950596896,,2024-05-11,23801,0 days 00:15:00,369,3,False,False,,,,Free
2024-05-11 12:15:00,1.6582514064544454,9.6,2.159686084506676,1007,221,296.0,59.5,2,5.0,27139,2024-05-11 12:15:00,2024-05-11 12:15:00,29.035000000004107,-97.40000093143784,,2024-05-11,23767,0 days 00:30:00,368,3,False,False,,,,Free
2024-05-11 12:30:00,2.0283317612797984,9.6,3.23122993691824,1008,232,269.6666666666667,66.33333333333333,3,5.0,27181,2024-05-11 12:30:00,2024-05-11 12:30:00,29.29833333333748,-97.33166760005724,,2024-05-11,23801,0 days 00:30:00,369,3,False,False,,,,Free
2024-05-11 12:45:00,2.045787744033976,9.6,3.287085694868334,1009,220,451.3333333333333,50.333333333333336,3,5.0,27248,2024-05-11 12:45:00,2024-05-11 12:45:00,27.48166666667053,-97.49166759548508,,2024-05-11,23940,0 days 00:00:00,371,3,False,False,,,,Free
2024-05-11 13:00:00,1.6493636951433828,9.6,2.136597634047633,1010,290,187.5,178.0,2,5.0,27259,2024-05-11 13:00:00,2024-05-11 13:00:00,30.120000000004275,-96.21500096530052,,2024-05-11,23950,0 days 00:00:00,372,3,False,False,,,,Free
2024-05-11 13:00:00,2.612947801246407,9.6,5.362302985538021,1010,312,226.2,121.4,5,5.0,27272,2024-05-11 13:00:00,2024-05-11 13:00:00,29.733000000004218,-96.78100094912644,,2024-05-11,23962,0 days 00:00:00,373,3,False,False,,,,Free
2024-05-11 13:00:00,2.3623436817585444,9.6,4.383046139134258,1010,363,452.0,49.75,4,5.0,27313,2024-05-11 13:00:00,2024-05-11 13:00:00,27.475000000003863,-97.49750092865168,,2024-05-11,23940,0 days 00:15:00,371,3,False,False,,,,Free
2024-05-11 13:15:00,,,,1011,314,184.5,176.5,2,5.0,27326,2024-05-11 13:15:00,2024-05-11 13:15:00,30.150000000004283,-96.23000096487192,,2024-05-11,23950,0 days 00:15:00,372,3,False,False,,,,Free
2024-05-11 13:15:00,2.6126872446659304,9.6,5.36123360813452,1011,354,224.2,119.2,5,5.0,27349,2024-05-11 13:15:00,2024-05-11 13:15:00,29.75300000000422,-96.8030009484978,,2024-05-11,23962,0 days 00:15:00,373,3,False,False,,,,Free
2024-05-11 13:15:00,3.092222724147756,9.599999,7.509852655200601,1011,358,229.7142857142857,97.42857142857144,7,5.0,27352,2024-05-11 13:15:00,2024-05-11 13:15:00,29.697857142861352,-97.02071522799064,,2024-05-11,24031,0 days 00:00:00,374,3,False,False,,,,Free
2024-05-11 13:15:00,12.816506924136457,15.600002,129.0117404974292,1011,360,249.68742141971472,93.90849053678924,120,5.0,27354,2024-05-11 13:15:00,2024-05-11 13:15:00,29.49812578580704,-97.05591603590256,,2024-05-11,24033,0 days 00:00:00,375,4,False,False,,,,Free
2024-05-11 13:15:00,2.045818696581559,12.8,3.287185162123784,1011,403,451.3931624001291,49.80341879993544,3,5.0,27383,2024-05-11 13:15:00,2024-05-11 13:15:00,27.48106837600257,-97.49696674066756,,2024-05-11,23940,0 days 00:30:00,371,3,False,False,,,,Free
2024-05-11 13:30:00,2.607040269793078,9.6,5.338083470959496,1012,316,181.2,175.6,5,5.0,27396,2024-05-11 13:30:00,2024-05-11 13:30:00,30.183000000004288,-96.23900096461472,,2024-05-11,23950,0 days 00:30:00,372,3,False,False,,,,Free
2024-05-11 13:30:00,5.353802139664668,10.97143,22.51202255632109,1012,352,221.97076922411043,102.03230769580638,22,5.0,27419,2024-05-11 13:30:00,2024-05-11 13:30:00,29.77529230776312,-96.97467786663384,,2024-05-11,24088,0 days 00:00:00,378,3,False,False,,,,Free
2024-05-11 13:30:00,,,,1012,353,221.5,115.5,2,5.0,27420,2024-05-11 13:30:00,2024-05-11 13:30:00,29.78000000000422,-96.84000094744044,,2024-05-11,23962,0 days 00:30:00,373,3,False,False,,,,Free
2024-05-11 13:30:00,13.286444971274063,21.060465,138.64603931337405,1012,359,248.32754127457864,88.8818418699391,129,5.0,27425,2024-05-11 13:30:00,2024-05-11 13:30:00,29.5117245872584,-97.10618252113466,,2024-05-11,24033,0 days 00:15:00,375,4,False,False,,,,Free
2024-05-11 13:30:00,3.308274192660079,9.6,8.595930105278985,1012,360,246.15384615384616,219.23076923076923,13,5.0,27426,2024-05-11 13:30:00,2024-05-11 13:30:00,29.533461538465723,-95.802693284775,,2024-05-11,24092,0 days 00:00:00,379,5,False,False,,,,Free
2024-05-11 13:30:00,2.339505532276492,9.6,4.2987088786115,1012,362,247.0,231.75,4,5.0,27428,2024-05-11 13:30:00,2024-05-11 13:30:00,29.525000000004184,-95.67750098066016,,2024-05-11,24094,0 days 00:00:00,380,4,False,False,,,,Free
2024-05-11 13:30:00,4.688565343495214,13.200001,17.26512899408637,1012,367,288.5701219525492,18.78963414235245,16,5.0,27432,2024-05-11 13:30:00,2024-05-11 13:30:00,29.10929878047863,-97.80710457838092,,2024-05-11,24098,0 days 00:00:00,381,4,False,False,,,,Free
2024-05-11 13:30:00,4.2358451954315886,9.599999,14.09191584871246,1012,377,335.9230769230769,104.15384615384616,13,5.0,27439,2024-05-11 13:30:00,2024-05-11 13:30:00,28.63576923077328,-96.95346248265976,,2024-05-11,24105,0 days 00:00:00,382,5,False,False,,,,Free
2024-05-11 13:30:00,2.362611564507016,9.6,4.384040244291458,1012,404,454.5,10.5,4,5.0,27463,2024-05-11 13:30:00,2024-05-11 13:30:00,27.45000000000386,-97.8900009174356,,2024-05-11,24128,0 days 00:00:00,383,3,False,False,,,,Free
2024-05-11 13:45:00,9.48024013798785,12.072726,70.58762307968539,1013,289,197.4542074889632,143.26563026652022,89,5.0,27484,2024-05-11 13:45:00,2024-05-11 13:45:00,30.02045792511463,-96.5623446527096,,2024-05-11,24146,0 days 00:00:00,384,3,False,False,,,,Free
2024-05-11 13:45:00,6.397608980561309,11.200002,32.145876113730154,1013,306,217.3709677460704,97.52795698621505,30,5.0,27492,2024-05-11 13:45:00,2024-05-11 13:45:00,29.82129032254353,-97.01972137244265,,2024-05-11,24088,0 days 00:15:00,378,3,False,False,,,,Free
2024-05-11 13:45:00,6.913062186513259,14.262857,37.53451500325496,1013,308,225.26465146059243,92.31338680380748,35,5.0,27494,2024-05-11 13:45:00,2024-05-11 13:45:00,29.742353485398294,-97.07186707277656,,2024-05-11,24031,0 days 00:30:00,374,3,False,False,,,,Free
2024-05-11 13:45:00,13.888433716209333,15.4553175,151.49434518204626,1013,311,245.73585671472063,85.26142993774064,141,5.0,27497,2024-05-11 13:45:00,2024-05-11 13:45:00,29.53764143285698,-97.14238663942206,,2024-05-11,24033,0 days 00:30:00,375,4,False,False,,,,Free
2024-05-11 13:45:00,7.209028480062676,13.136844,40.81721451493615,1013,312,242.1416558807712,216.247089257865,38,5.0,27498,2024-05-11 13:45:00,2024-05-11 13:45:00,29.57358344119648,-95.83253008365142,,2024-05-11,24092,0 days 00:15:00,379,5,False,False,,,,Free
2024-05-11 13:45:00,10.128565645677693,12.544,80.57230272418293,1013,313,243.4161991603553,227.5000000250791,76,5.0,27499,2024-05-11 13:45:00,2024-05-11 13:45:00,29.56083800840064,-95.72000097919494,,2024-05-11,24094,0 days 00:15:00,380,4,False,False,,,,Free
2024-05-11 13:45:00,7.86212117961241,11.946668,48.54777696664088,1013,316,286.402431222575,15.428023037548284,45,5.0,27501,2024-05-11 13:45:00,2024-05-11 13:45:00,29.13097568777837,-97.84072068846832,,2024-05-11,24098,0 days 00:15:00,381,4,False,False,,,,Free
2024-05-11 13:45:00,2.034712385088124,9.6,3.251591192835708,1013,326,334.6666666666667,101.66666666666669,3,5.0,27508,2024-05-11 13:45:00,2024-05-11 13:45:00,28.64833333333738,-96.97833427682076,,2024-05-11,24105,0 days 00:15:00,382,5,False,False,,,,Free
2024-05-11 14:00:00,8.160245753373955,9.599999,52.29935798868742,1014,302,178.58823529411765,217.90196078431373,51,5.0,27549,2024-05-11 14:00:00,2024-05-11 14:00:00,30.20911764706312,-95.8159813688598,,2024-05-11,24194,0 days 00:00:00,386,3,False,False,,,,Free
2024-05-11 14:00:00,9.332804782809472,15.450001,68.40915794219119,1014,309,192.32263373172017,141.27956104035266,75,5.0,27554,2024-05-11 14:00:00,2024-05-11 14:00:00,30.071773662687068,-96.58220534440376,,2024-05-11,24146,0 days 00:15:00,384,3,False,False,,,,Free
2024-05-11 14:00:00,4.814945459464719,9.6,18.208435226100512,1014,318,213.35294117647052,94.70588235294116,17,5.0,27560,2024-05-11 14:00:00,2024-05-11 14:00:00,29.86147058823953,-97.04794211796889,,2024-05-11,24088,0 days 00:30:00,378,3,False,False,,,,Free
2024-05-11 14:00:00,5.09245224365722,10.105265,20.367785434533925,1014,320,221.6299212664944,88.81496063324721,20,5.0,27562,2024-05-11 14:00:00,2024-05-11 14:00:00,29.77870078733928,-97.10685133348244,,2024-05-11,24031,0 days 00:45:00,374,3,False,False,,,,Free
2024-05-11 14:00:00,5.4838359808487125,13.527274,23.61885254758256,1014,322,236.5970149284081,213.6194029907652,22,5.0,27564,2024-05-11 14:00:00,2024-05-11 14:00:00,29.62902985072012,-95.85880694557152,,2024-05-11,24092,0 days 00:30:00,379,5,False,False,,,,Free
2024-05-11 14:00:00,6.817832615650151,11.858824,36.50753840251761,1014,324,238.1972555774199,223.10806176177653,34,5.0,27566,2024-05-11 14:00:00,2024-05-11 14:00:00,29.61302744423,-95.76392036057293,,2024-05-11,24094,0 days 00:30:00,380,4,False,False,,,,Free
2024-05-11 14:00:00,8.270329106013003,11.327998,53.71993338142264,1014,327,244.27623262019856,79.61694058226635,50,5.0,27568,2024-05-11 14:00:00,2024-05-11 14:00:00,29.552237673802203,-97.19883153136384,,2024-05-11,24033,0 days 00:45:00,375,4,False,False,,,,Free
2024-05-11 14:00:00,7.8611010061477264,12.160002,48.53517885490332,1014,331,283.6759203380991,11.184671105117664,47,5.0,27571,2024-05-11 14:00:00,2024-05-11 14:00:00,29.158240796623137,-97.88315420658006,,2024-05-11,24098,0 days 00:30:00,381,4,False,False,,,,Free
2024-05-11 14:00:00,,,,1014,338,335.0,100.6,20,5.0,27575,2024-05-11 14:00:00,2024-05-11 14:00:00,28.64500000000405,-96.98900094318265,,2024-05-11,24105,0 days 00:30:00,382,5,False,False,,,,Free
2024-05-11 14:00:00,3.727638206026837,9.6,10.913332571618511,1014,349,408.25,218.66666666666663,12,5.0,27584,2024-05-11 14:00:00,2024-05-11 14:00:00,27.91250000000393,-95.8083343102548,,2024-05-11,24210,0 days 00:00:00,387,3,False,False,,,,Free
2024-05-11 14:00:00,2.0457877440322405,9.6,3.287085694862758,1014,379,452.2,7.6,5,5.0,27607,2024-05-11 14:00:00,2024-05-11 14:00:00,27.473000000003864,-97.91900091660688,,2024-05-11,24128,0 days 00:30:00,383,3,False,False,,,,Free
2024-05-11 14:15:00,15.015408745800515,10.872288,177.0778332606371,1015,232,173.2184856943486,218.7853403138345,170,5.0,27617,2024-05-11 14:15:00,2024-05-11 14:15:00,30.262815143060813,-95.80714757381702,,2024-05-11,24194,0 days 00:15:00,386,3,False,False,,,,Free
2024-05-11 14:15:00,9.545931049400828,11.749253,71.56925024573361,1015,240,186.65674255315173,137.93520140470704,68,5.0,27624,2024-05-11 14:15:00,2024-05-11 14:15:00,30.12843257447276,-96.61564893980449,,2024-05-11,24146,0 days 00:30:00,384,3,False,False,,,,Free
2024-05-11 14:15:00,5.095043865328499,10.610527,20.38852162341629,1015,250,231.9622302118169,211.37589927965004,20,5.0,27632,2024-05-11 14:15:00,2024-05-11 14:15:00,29.67537769788604,-95.88124198204156,,2024-05-11,24092,0 days 00:45:00,379,5,False,False,,,,Free
2024-05-11 14:15:00,2.6138323390155813,9.6,5.36593410465017,1015,251,233.0,220.0,5,5.0,27633,2024-05-11 14:15:00,2024-05-11 14:15:00,29.66500000000421,-95.7950009773025,,2024-05-11,24094,0 days 00:45:00,380,4,False,False,,,,Free
2024-05-11 14:15:00,2.619810930885353,11.5199995,5.390509069535682,1015,254,279.4946236614272,6.629032253929612,6,5.0,27636,2024-05-11 14:15:00,2024-05-11 14:15:00,29.20005376338986,-97.92871059379011,,2024-05-11,24098,0 days 00:45:00,381,4,False,False,,,,Free
2024-05-11 14:15:00,3.118753521264893,9.599999,7.639272253694675,1015,274,407.7142857142857,217.8571428571429,7,5.0,27652,2024-05-11 14:15:00,2024-05-11 14:15:00,27.91785714286108,-95.81642954811872,,2024-05-11,24210,0 days 00:15:00,387,3,False,False,,,,Free
2024-05-11 14:15:00,6.681811545339125,13.2,35.06536198317171,1015,299,451.84603659666806,2.374237805653689,32,5.0,27675,2024-05-11 14:15:00,2024-05-11 14:15:00,27.476539634037184,-97.971258537057,,2024-05-11,24128,0 days 00:45:00,383,3,False,False,,,,Free
2024-05-11 14:30:00,2.016879314439031,9.6,3.1948443526062262,1016,250,156.66666666666666,147.66666666666666,3,5.0,27676,2024-05-11 14:30:00,2024-05-11 14:30:00,30.42833333333765,-96.51833428996576,,2024-05-11,24281,0 days 00:00:00,388,3,False,False,,,,Free
2024-05-11 14:30:00,6.59184337761308,9.6,34.12743446011932,1016,255,170.0,218.1428571428572,42,5.0,27681,2024-05-11 14:30:00,2024-05-11 14:30:00,30.295000000004304,-95.81357240534322,,2024-05-11,24194,0 days 00:30:00,386,3,False,False,,,,Free
2024-05-11 14:30:00,1.6525156306210729,9.6,2.1447715166708687,1016,277,225.5,209.0,2,5.0,27695,2024-05-11 14:30:00,2024-05-11 14:30:00,29.740000000004216,-95.90500097415912,,2024-05-11,24092,0 days 01:00:00,379,5,False,False,,,,Free
2024-05-11 14:30:00,2.6153104389826787,11.5199995,5.372004600810978,1016,279,244.28220859254648,249.8588957037268,5,5.0,27696,2024-05-11 14:30:00,2024-05-11 14:30:00,29.55217791407872,-95.49641202879776,,2024-05-11,24295,0 days 00:00:00,389,6,False,False,,,,Free
2024-05-11 14:30:00,,,,1016,287,328.85714285714283,94.64285714285714,28,5.0,27703,2024-05-11 14:30:00,2024-05-11 14:30:00,28.706428571432628,-97.04857237005176,,2024-05-11,24105,0 days 01:00:00,382,5,False,False,,,,Free
2024-05-11 14:30:00,1.667027362968791,9.6,2.18260596788542,1016,305,407.5,219.0,2,5.0,27718,2024-05-11 14:30:00,2024-05-11 14:30:00,27.92000000000393,-95.80500097701672,,2024-05-11,24210,0 days 00:30:00,387,3,False,False,,,,Free
2024-05-11 14:30:00,2.636641650022188,9.6,5.459993148483097,1016,310,414.4,261.2,5,5.0,27723,2024-05-11 14:30:00,2024-05-11 14:30:00,27.85100000000392,-95.38300098907588,,2024-05-11,24312,0 days 00:00:00,390,3,False,False,,,,Free
2024-05-11 14:45:00,2.016465509901909,9.6,3.1935335102003384,1017,293,152.66666666666666,145.66666666666666,3,5.0,27744,2024-05-11 14:45:00,2024-05-11 14:45:00,30.468333333337664,-96.53833428939424,,2024-05-11,24281,0 days 00:15:00,388,3,False,False,,,,Free
2024-05-11 14:45:00,4.821231009917778,10.164707,18.25600575092699,1017,319,239.58086560166527,247.10022779562868,17,5.0,27761,2024-05-11 14:45:00,2024-05-11 14:45:00,29.599191343987545,-95.5239987070904,,2024-05-11,24295,0 days 00:15:00,389,6,False,False,,,,Free
2024-05-11 14:45:00,2.34845498975729,9.6,4.33166002557916,1017,325,325.5,91.0,4,5.0,27765,2024-05-11 14:45:00,2024-05-11 14:45:00,28.74000000000406,-97.08500094043931,,2024-05-11,24105,0 days 01:15:00,382,5,False,False,,,,Free
2024-05-11 14:45:00,,,,1017,357,411.44827586206895,259.8965517241379,29,5.0,27787,2024-05-11 14:45:00,2024-05-11 14:45:00,27.88051724138324,-95.39603547146196,,2024-05-11,24312,0 days 00:15:00,390,3,False,False,,,,Free
2024-05-11 14:45:00,7.554779782722343,31.37561,44.82636264435373,1017,362,428.0917329114463,179.06399110810804,41,5.0,27791,2024-05-11 14:45:00,2024-05-11 14:45:00,27.71408267088944,-96.20436105452347,,2024-05-11,24369,0 days 00:00:00,392,7,False,False,,,,Free
2024-05-11 15:00:00,,,,1018,290,148.5,144.5,2,5.0,27813,2024-05-11 15:00:00,2024-05-11 15:00:00,30.51000000000434,-96.55000095572755,,2024-05-11,24281,0 days 00:30:00,388,3,False,False,,,,Free
2024-05-11 15:00:00,2.33785365904296,9.6,4.2926405747454295,1018,328,232.75,245.25,4,5.0,27832,2024-05-11 15:00:00,2024-05-11 15:00:00,29.667500000004207,-95.54250098451796,,2024-05-11,24295,0 days 00:30:00,389,6,False,False,,,,Free
2024-05-11 15:00:00,3.909714681438733,9.599999,12.00549335234249,1018,359,408.54545454545456,260.27272727272725,11,5.0,27856,2024-05-11 15:00:00,2024-05-11 15:00:00,27.909545454549384,-95.3922737160836,,2024-05-11,24312,0 days 00:30:00,390,3,False,False,,,,Free
2024-05-11 15:00:00,8.341698786309049,41.28,54.65109761100258,1018,364,424.90970230790384,176.1151047429117,50,5.0,27861,2024-05-11 15:00:00,2024-05-11 15:00:00,27.745902976924867,-96.2338499173328,,2024-05-11,24369,0 days 00:15:00,392,7,False,False,,,,Free
2024-05-11 15:00:00,6.352910867149386,19.199999,31.69825870774352,1018,365,425.1194754689644,184.0607090788169,29,5.0,27862,2024-05-11 15:00:00,2024-05-11 15:00:00,27.743805245314263,-96.15439387624428,,2024-05-11,24426,0 days 00:00:00,394,3,False,False,,,,Free
2024-05-11 15:15:00,3.903747110223805,16.58182,11.968872286126262,1019,389,376.0423861798377,71.81004710057947,11,5.0,27922,2024-05-11 15:15:00,2024-05-11 15:15:00,28.234576138205604,-97.2769004639498,,2024-05-11,24478,0 days 00:00:00,396,4,False,False,,,,Free
2024-05-11 15:15:00,9.136916226497588,40.96,65.56758190180126,1019,403,421.8959955617264,173.6180941937817,60,5.0,27936,2024-05-11 15:15:00,2024-05-11 15:15:00,27.776040044386647,-96.25882002211053,,2024-05-11,24369,0 days 00:30:00,392,7,False,False,,,,Free
2024-05-11 15:15:00,7.460089587188533,27.840002,43.70971423170393,1019,404,422.20140104064194,181.80166374241696,40,5.0,27937,2024-05-11 15:15:00,2024-05-11 15:15:00,27.77298598959749,-96.1769843289627,,2024-05-11,24426,0 days 00:15:00,394,3,False,False,,,,Free
2024-05-11 15:30:00,2.601737044601217,9.6,5.316388166893019,1020,357,141.4,135.4,5,5.0,27955,2024-05-11 15:30:00,2024-05-11 15:30:00,30.581000000004348,-96.6410009531271,,2024-05-11,24504,0 days 00:00:00,397,6,False,False,,,,Free
2024-05-11 15:30:00,3.090967695909853,9.599999,7.503757903738012,1020,390,221.57142857142856,244.0,7,5.0,27973,2024-05-11 15:30:00,2024-05-11 15:30:00,29.779285714289937,-95.55500098416076,,2024-05-11,24295,0 days 01:00:00,389,6,False,False,,,,Free
2024-05-11 15:30:00,3.508293774147229,10.666667,9.666778931438497,1020,396,241.17254902914087,310.5490196041766,9,5.0,27977,2024-05-11 15:30:00,2024-05-11 15:30:00,29.583274509712783,-94.8895108071361,,2024-05-11,24522,0 days 00:00:00,398,3,False,False,,,,Free
2024-05-11 15:30:00,4.05297623312694,9.599999,12.901434309212116,1020,398,251.16666666666663,162.83333333333334,12,5.0,27978,2024-05-11 15:30:00,2024-05-11 15:30:00,29.483333333337512,-96.36666762763316,,2024-05-11,24523,0 days 00:00:00,399,3,False,False,,,,Free
2024-05-11 15:30:00,3.1062570108148586,9.599999,7.578175416506909,1020,417,322.75,77.125,8,5.0,27992,2024-05-11 15:30:00,2024-05-11 15:30:00,28.767500000004063,-97.2237509364744,,2024-05-11,24537,0 days 00:00:00,401,3,False,False,,,,Free
2024-05-11 15:30:00,3.109813585026195,9.599999,7.5955389334259635,1020,428,346.42857142857144,102.14285714285714,7,5.0,28001,2024-05-11 15:30:00,2024-05-11 15:30:00,28.530714285718314,-96.97357237219497,,2024-05-11,24546,0 days 00:00:00,402,3,False,False,,,,Free
2024-05-11 15:30:00,5.64452452190244,22.539131,25.02330155397826,1020,438,374.769607842404,67.1578431397665,24,5.0,28011,2024-05-11 15:30:00,2024-05-11 15:30:00,28.247303921579945,-97.32342250222848,,2024-05-11,24478,0 days 00:15:00,396,4,False,False,,,,Free
2024-05-11 15:30:00,9.65375775917149,36.823887,73.19521236842246,1020,450,419.39367787805054,171.11715601192898,67,5.0,28021,2024-05-11 15:30:00,2024-05-11 15:30:00,27.80106322122341,-96.28382940321438,,2024-05-11,24369,0 days 00:45:00,392,7,False,False,,,,Free
2024-05-11 15:30:00,6.876967782816554,20.32941,37.143588636915794,1020,454,419.13852647304464,178.47659246925875,34,5.0,28025,2024-05-11 15:30:00,2024-05-11 15:30:00,27.803614735273467,-96.21023504074412,,2024-05-11,24426,0 days 00:30:00,394,3,False,False,,,,Free
2024-05-11 15:45:00,8.971244374898198,9.599998,63.211377597358,1021,461,216.10169491525423,243.83050847457628,59,5.0,28055,2024-05-11 15:45:00,2024-05-11 15:45:00,29.83398305085169,-95.55669589936656,,2024-05-11,24295,0 days 01:15:00,389,6,False,False,,,,Free
2024-05-11 15:45:00,3.69690280953168,12.4800005,10.734107685891912,1021,466,234.57430731900547,306.2216624824309,11,5.0,28059,2024-05-11 15:45:00,2024-05-11 15:45:00,29.64925692681415,-94.93278437711696,,2024-05-11,24522,0 days 00:15:00,398,3,False,False,,,,Free
2024-05-11 15:45:00,,,,1021,471,245.5909090909091,163.04545454545453,22,5.0,28062,2024-05-11 15:45:00,2024-05-11 15:45:00,29.53909090909509,-96.3645464155726,,2024-05-11,24523,0 days 00:15:00,399,3,False,False,,,,Free
2024-05-11 15:45:00,1.6600912792577536,9.6,2.164481198265704,1021,498,319.0,71.5,2,5.0,28079,2024-05-11 15:45:00,2024-05-11 15:45:00,28.80500000000407,-97.28000093486696,,2024-05-11,24537,0 days 00:15:00,401,3,False,False,,,,Free
2024-05-11 15:45:00,2.628094001994806,9.6,5.424649361450459,1021,509,345.0,98.0,5,5.0,28087,2024-05-11 15:45:00,2024-05-11 15:45:00,28.54500000000403,-97.01500094243966,,2024-05-11,24546,0 days 00:15:00,402,3,False,False,,,,Free
2024-05-11 15:45:00,6.445759673410048,19.519999,32.6315797676558,1021,524,372.64568343998747,62.67041366316089,32,5.0,28101,2024-05-11 15:45:00,2024-05-11 15:45:00,28.26854316560411,-97.36829679571224,,2024-05-11,24478,0 days 00:30:00,396,4,False,False,,,,Free
2024-05-11 15:45:00,11.7924193200243,30.432,109.21837449543514,1021,544,416.1528782653512,170.47813781500076,100,5.0,28118,2024-05-11 15:45:00,2024-05-11 15:45:00,27.833471217350407,-96.29021958500108,,2024-05-11,24369,0 days 01:00:00,392,7,False,False,,,,Free
2024-05-11 16:00:00,6.042618884274021,14.577778,28.67743397663624,1022,442,131.18716161619307,138.4331013276636,27,5.0,28139,2024-05-11 16:00:00,2024-05-11 16:00:00,30.68312838384244,-96.61066994071724,,2024-05-11,24504,0 days 00:30:00,397,6,False,False,,,,Free
2024-05-11 16:00:00,13.168116428849588,14.100001,136.18748412326914,1022,456,147.40087219125377,128.4246897019576,134,5.0,28151,2024-05-11 16:00:00,2024-05-11 16:00:00,30.5209912780918,-96.71075405411426,,2024-05-11,24655,0 days 00:00:00,403,3,False,False,,,,Free
2024-05-11 16:00:00,1.645618734699487,14.400001,2.1269061514714616,1022,460,143.0,141.24468085646035,2,5.0,28153,2024-05-11 16:00:00,2024-05-11 16:00:00,30.565000000004343,-96.58255414623268,,2024-05-11,24657,0 days 00:00:00,404,4,False,False,,,,Free
2024-05-11 16:00:00,,,,1022,487,209.65625,243.9375,32,5.0,28171,2024-05-11 16:00:00,2024-05-11 16:00:00,29.89843750000424,-95.55562598414292,,2024-05-11,24295,0 days 01:30:00,389,6,False,False,,,,Free
2024-05-11 16:00:00,3.091650697962865,9.599999,7.507074436807898,1022,492,226.0,303.7142857142857,7,5.0,28175,2024-05-11 16:00:00,2024-05-11 16:00:00,29.735000000004217,-94.95785814408192,,2024-05-11,24522,0 days 00:30:00,398,3,False,False,,,,Free
2024-05-11 16:00:00,12.648212789637803,11.076922,125.6458672160022,1022,500,239.63319268717223,165.86497889395488,117,5.0,28182,2024-05-11 16:00:00,2024-05-11 16:00:00,29.59866807313248,-96.33635117289327,,2024-05-11,24523,0 days 00:30:00,399,3,False,False,,,,Free
2024-05-11 16:00:00,1.65969261746986,9.6,2.163441746585805,1022,526,314.0,67.5,2,5.0,28199,2024-05-11 16:00:00,2024-05-11 16:00:00,28.85500000000408,-97.32000093372392,,2024-05-11,24537,0 days 00:30:00,401,3,False,False,,,,Free
2024-05-11 16:00:00,2.624507145321209,9.6,5.409852202850652,1022,527,316.4,303.2,5,5.0,28200,2024-05-11 16:00:00,2024-05-11 16:00:00,28.831000000004074,-94.96300100107784,,2024-05-11,24693,0 days 00:00:00,405,3,False,False,,,,Free
2024-05-11 16:00:00,2.63127274044827,9.6,5.437779766780865,1022,547,371.47213113677657,59.60327870082676,7,5.0,28215,2024-05-11 16:00:00,2024-05-11 16:00:00,28.280278688636223,-97.3989681444591,,2024-05-11,24478,0 days 00:45:00,396,4,False,False,,,,Free
2024-05-11 16:00:00,10.806749756839952,45.714287,91.72338448791436,1022,558,413.748525366547,168.79530457130477,85,5.0,28225,2024-05-11 16:00:00,2024-05-11 16:00:00,27.85751474633845,-96.30704791695712,,2024-05-11,24369,0 days 01:15:00,392,7,False,False,,,,Free
2024-05-11 16:15:00,2.3250303021612746,9.6,4.245678614303926,1023,489,124.5,137.5,4,5.0,28251,2024-05-11 16:15:00,2024-05-11 16:15:00,30.750000000004377,-96.6200009537272,,2024-05-11,24504,0 days 00:45:00,397,6,False,False,,,,Free
2024-05-11 16:15:00,6.783103596638237,12.988236,36.13655780091004,1023,498,135.9870786514446,140.11516854263678,44,5.0,28256,2024-05-11 16:15:00,2024-05-11 16:15:00,30.63512921348991,-96.59384926904818,,2024-05-11,24657,0 days 00:15:00,404,4,False,False,,,,Free
2024-05-11 16:15:00,1.6451518270550207,9.6,2.1256993982428005,1023,509,137.5,126.0,2,5.0,28263,2024-05-11 16:15:00,2024-05-11 16:15:00,30.62000000000436,-96.73500095044096,,2024-05-11,24655,0 days 00:15:00,403,3,False,False,,,,Free
2024-05-11 16:15:00,5.371337803075284,9.600001,22.65973430847748,1023,572,288.2857142857143,94.71428571428572,21,5.0,28296,2024-05-11 16:15:00,2024-05-11 16:15:00,29.11214285714697,-97.04785808435788,,2024-05-11,24766,0 days 00:00:00,406,3,False,False,,,,Free
2024-05-11 16:15:00,4.544890960485496,23.680002,16.2232110431343,1023,577,311.6024268499302,302.71520341113984,15,5.0,28300,2024-05-11 16:15:00,2024-05-11 16:15:00,28.87897573150478,-94.96784896682787,,2024-05-11,24693,0 days 00:15:00,405,3,False,False,,,,Free
2024-05-11 16:15:00,2.6268942181441246,9.6,5.419697543838359,1023,587,335.4,88.6,5,5.0,28307,2024-05-11 16:15:00,2024-05-11 16:15:00,28.641000000004045,-97.10900093975351,,2024-05-11,24546,0 days 00:45:00,402,3,False,False,,,,Free
2024-05-11 16:15:00,4.411180443282099,15.085715,15.282680296614474,1023,619,410.7691218105438,168.9348441911039,14,5.0,28332,2024-05-11 16:15:00,2024-05-11 16:15:00,27.88730878189849,-96.305652520799,,2024-05-11,24369,0 days 01:30:00,392,7,False,False,,,,Free
2024-05-11 16:30:00,3.0744352828324133,9.599999,7.423703063111266,1024,537,116.57894736842104,137.47368421052633,19,5.0,28352,2024-05-11 16:30:00,2024-05-11 16:30:00,30.82921052632018,-96.6202641116144,,2024-05-11,24504,0 days 01:00:00,397,6,False,False,,,,Free
2024-05-11 16:30:00,2.599961926452641,9.6,5.309136090655579,1024,555,128.2,137.6,5,5.0,28362,2024-05-11 16:30:00,2024-05-11 16:30:00,30.71300000000437,-96.6190009537558,,2024-05-11,24657,0 days 00:30:00,404,4,False,False,,,,Free
2024-05-11 16:30:00,3.2944917702498007,9.6,8.524457215551895,1024,565,161.7,227.7,10,5.0,28369,2024-05-11 16:30:00,2024-05-11 16:30:00,30.37800000000432,-95.71800097950285,,2024-05-11,24822,0 days 00:00:00,407,3,False,False,,,,Free
2024-05-11 16:30:00,14.721593202919337,11.954716,170.21565763363108,1024,579,207.50936601472387,48.817363101517,160,5.0,28378,2024-05-11 16:30:00,2024-05-11 16:30:00,29.919906339857008,-97.50682729737002,,2024-05-11,24830,0 days 00:00:00,408,3,False,False,,,,Free
2024-05-11 16:30:00,,,,1024,641,274.3333333333333,248.0,6,5.0,28416,2024-05-11 16:30:00,2024-05-11 16:30:00,29.251666666670808,-95.5150009853038,,2024-05-11,24863,0 days 00:00:00,409,3,False,False,,,,Free
2024-05-11 16:30:00,10.01088358258629,9.599999,78.71086828750774,1024,642,280.7012987012987,96.24675324675324,77,5.0,28417,2024-05-11 16:30:00,2024-05-11 16:30:00,29.187987012991144,-97.03253340947111,,2024-05-11,24766,0 days 00:15:00,406,3,False,False,,,,Free
2024-05-11 16:30:00,,,,1024,649,301.29283109849484,321.1512758261189,34,5.0,28422,2024-05-11 16:30:00,2024-05-11 16:30:00,28.98207168901915,-94.78348824794637,,2024-05-11,24868,0 days 00:00:00,410,3,False,False,,,,Free
2024-05-11 16:30:00,4.229835126326267,12.553847,14.051955321278555,1024,653,306.7315175004145,301.04474708326427,14,5.0,28425,2024-05-11 16:30:00,2024-05-11 16:30:00,28.927684824999943,-94.9845535296293,,2024-05-11,24693,0 days 00:30:00,405,3,False,False,,,,Free
2024-05-11 16:45:00,11.440114445128334,10.391751,102.78994165615283,1025,469,108.92870335585708,139.6712227599308,101,5.0,28469,2024-05-11 16:45:00,2024-05-11 16:45:00,30.90571296644583,-96.59828872674836,,2024-05-11,24504,0 days 01:15:00,397,6,False,False,,,,Free
2024-05-11 16:45:00,2.844899524963137,9.599999,6.35658336296721,1025,472,105.75,175.0,8,5.0,28472,2024-05-11 16:45:00,2024-05-11 16:45:00,30.937500000004405,-96.24500096444324,,2024-05-11,24906,0 days 00:00:00,411,3,False,False,,,,Free
2024-05-11 16:45:00,5.063016177889487,9.600001,20.133000835206264,1025,474,108.3157894736842,166.6315789473684,19,5.0,28474,2024-05-11 16:45:00,2024-05-11 16:45:00,30.91184210526756,-96.32868517257822,,2024-05-11,24907,0 days 00:00:00,412,4,False,False,,,,Free
2024-05-11 16:45:00,2.32457733459669,9.6,4.244024470387172,1025,486,120.75,121.25,4,5.0,28483,2024-05-11 16:45:00,2024-05-11 16:45:00,30.787500000004385,-96.7825009490836,,2024-05-11,24655,0 days 00:45:00,403,3,False,False,,,,Free
2024-05-11 16:45:00,7.8105298278947695,9.6,47.91272502074461,1025,507,154.64444444444445,229.6,45,5.0,28500,2024-05-11 16:45:00,2024-05-11 16:45:00,30.448555555559885,-95.6990009800458,,2024-05-11,24822,0 days 00:15:00,407,3,False,False,,,,Free
2024-05-11 16:45:00,19.845836452511183,12.788926,309.3347407629765,1025,530,205.69762535337017,43.92137200268664,294,5.0,28513,2024-05-11 16:45:00,2024-05-11 16:45:00,29.938023746470545,-97.55578720695922,,2024-05-11,24830,0 days 00:15:00,408,3,False,False,,,,Free
2024-05-11 16:45:00,4.221853110762002,9.599999,13.998971177539293,1025,580,267.46153846153845,248.53846153846155,13,5.0,28540,2024-05-11 16:45:00,2024-05-11 16:45:00,29.320384615388768,-95.50961637007303,,2024-05-11,24863,0 days 00:15:00,409,3,False,False,,,,Free
2024-05-11 16:45:00,4.832397878008971,13.552941,18.34067230156828,1025,588,286.94222832876915,338.90784043547364,17,5.0,28546,2024-05-11 16:45:00,2024-05-11 16:45:00,29.12557771671643,-94.60592260692698,,2024-05-11,24966,0 days 00:00:00,413,6,False,False,,,,Free
2024-05-11 16:45:00,14.409804410242256,21.997353,163.08200919460714,1025,591,297.14100474665213,321.7198540168826,153,5.0,28549,2024-05-11 16:45:00,2024-05-11 16:45:00,29.023589952537584,-94.77780246620124,,2024-05-11,24868,0 days 00:15:00,410,3,False,False,,,,Free
2024-05-11 17:00:00,15.874604832614724,12.320855,197.92275509640416,1026,388,97.86402552365,124.9808445925182,189,5.0,28568,2024-05-11 17:00:00,2024-05-11 17:00:00,31.01635974476792,-96.74519250422452,,2024-05-11,24982,0 days 00:00:00,414,3,False,False,,,,Free
2024-05-11 17:00:00,7.062590538978702,9.600001,39.17580578417135,1026,393,101.49056603773585,142.71698113207546,53,5.0,28572,2024-05-11 17:00:00,2024-05-11 17:00:00,30.98009433962705,-96.56783114389724,,2024-05-11,24504,0 days 01:30:00,397,6,False,False,,,,Free
2024-05-11 17:00:00,7.062550794162343,11.675675,39.17536486074052,1026,394,100.91012145292542,169.60242915117317,37,5.0,28573,2024-05-11 17:00:00,2024-05-11 17:00:00,30.98589878547516,-96.29897667138908,,2024-05-11,24907,0 days 00:15:00,412,4,False,False,,,,Free
2024-05-11 17:00:00,5.568257231124614,9.600002,24.35165379537499,1026,396,100.70833333333331,177.16666666666666,24,5.0,28575,2024-05-11 17:00:00,2024-05-11 17:00:00,30.98791666667108,-96.22333429839574,,2024-05-11,24906,0 days 00:15:00,411,3,False,False,,,,Free
2024-05-11 17:00:00,2.5982057608911515,9.6,5.3019663140702455,1026,408,115.2,141.4,5,5.0,28583,2024-05-11 17:00:00,2024-05-11 17:00:00,30.84300000000439,-96.58100095484168,,2024-05-11,24657,0 days 01:00:00,404,4,False,False,,,,Free
2024-05-11 17:00:00,11.224475023087283,9.5999975,98.95140318636297,1026,420,147.88297872340425,234.04255319148936,94,5.0,28591,2024-05-11 17:00:00,2024-05-11 17:00:00,30.51617021277029,-95.6545754494004,,2024-05-11,24822,0 days 00:30:00,407,3,False,False,,,,Free
2024-05-11 17:00:00,22.54018716625304,15.082038,399.0294203400634,1026,439,201.86975364002592,39.778147836854586,378,5.0,28601,2024-05-11 17:00:00,2024-05-11 17:00:00,29.976302463604,-97.5972194474336,,2024-05-11,24830,0 days 00:30:00,408,3,False,False,,,,Free
2024-05-11 17:00:00,16.842904427061622,11.455071,222.8044445463237,1026,481,262.02509968398715,248.61316988514125,211,5.0,28625,2024-05-11 17:00:00,2024-05-11 17:00:00,29.37474900316429,-95.5088692866276,,2024-05-11,24863,0 days 00:30:00,409,3,False,False,,,,Free
2024-05-11 17:00:00,1.6558283963673668,9.6,2.153379298933745,1026,489,265.6666666666667,93.0,3,5.0,28629,2024-05-11 17:00:00,2024-05-11 17:00:00,29.338333333337488,-97.06500094101084,,2024-05-11,24766,0 days 00:45:00,406,3,False,False,,,,Free
2024-05-11 17:00:00,7.127305801441963,19.718916,39.89703916856783,1026,493,281.13734851892843,339.5684906412683,37,5.0,28631,2024-05-11 17:00:00,2024-05-11 17:00:00,29.183626514814847,-94.59931610505782,,2024-05-11,24966,0 days 00:15:00,413,6,False,False,,,,Free
2024-05-11 17:15:00,13.682136372904404,11.395682,147.02720827422303,1027,412,90.55118112770276,127.37322833419188,139,5.0,28647,2024-05-11 17:15:00,2024-05-11 17:15:00,31.0894881887274,-96.72126866749149,,2024-05-11,24982,0 days 00:15:00,414,3,False,False,,,,Free
2024-05-11 17:15:00,7.154688239201878,10.357897,40.2041893937729,1027,415,93.61198428461012,171.9587426282878,38,5.0,28649,2024-05-11 17:15:00,2024-05-11 17:15:00,31.058880157158324,-96.27541353729129,,2024-05-11,24907,0 days 00:30:00,412,4,False,False,,,,Free
2024-05-11 17:15:00,3.670440139961361,9.6,10.58098680389464,1027,418,94.5,180.6,10,5.0,28652,2024-05-11 17:15:00,2024-05-11 17:15:00,31.050000000004424,-96.18900096604352,,2024-05-11,24906,0 days 00:30:00,411,3,False,False,,,,Free
2024-05-11 17:15:00,5.06298832332518,11.11579,20.132779309378915,1027,423,108.15834767811508,82.91738382368221,19,5.0,28656,2024-05-11 17:15:00,2024-05-11 17:15:00,30.91341652322325,-97.1658270998928,,2024-05-11,25044,0 days 00:00:00,415,3,False,False,,,,Free
2024-05-11 17:15:00,8.36451839390578,22.023531,54.95051441913945,1027,513,273.9251324430812,341.04676343929066,51,5.0,28700,2024-05-11 17:15:00,2024-05-11 17:15:00,29.25574867557333,-94.5845333775,,2024-05-11,24966,0 days 00:30:00,413,6,False,False,,,,Free
2024-05-11 17:15:00,2.34392651912397,120.0,4.314970855068263,1027,517,285.1869565054239,322.6669565352781,4,5.0,28703,2024-05-11 17:15:00,2024-05-11 17:15:00,29.143130434949885,-94.7683314412879,,2024-05-11,24868,0 days 00:45:00,410,3,False,False,,,,Free
2024-05-11 17:30:00,2.009342511577654,9.6,3.1710115708611606,1028,377,84.66666666666667,176.33333333333334,3,5.0,28727,2024-05-11 17:30:00,2024-05-11 17:30:00,31.14833333333777,-96.23166763149096,,2024-05-11,24907,0 days 00:45:00,412,4,False,False,,,,Free
2024-05-11 17:30:00,4.787507450418759,9.6,18.001504652121525,1028,380,101.61111111111111,83.05555555555556,18,5.0,28729,2024-05-11 17:30:00,2024-05-11 17:30:00,30.97888888889329,-97.16444538261356,,2024-05-11,25044,0 days 00:15:00,415,3,False,False,,,,Free
2024-05-11 17:30:00,2.339158477090554,9.6,4.297433584724799,1028,459,244.2,268.0,5,5.0,28781,2024-05-11 17:30:00,2024-05-11 17:30:00,29.55300000000419,-95.31500099101902,,2024-05-11,25150,0 days 00:00:00,416,3,False,False,,,,Free
2024-05-11 17:30:00,11.413651722804422,43.856846,102.31495415622923,1028,463,268.64946562261224,344.1798553097869,98,5.0,28783,2024-05-11 17:30:00,2024-05-11 17:30:00,29.308505343778027,-94.5532024596904,,2024-05-11,24966,0 days 00:45:00,413,6,False,False,,,,Free
2024-05-11 17:45:00,4.4910804152909165,9.6,15.841326465245007,1029,457,76.6875,128.875,16,5.0,28810,2024-05-11 17:45:00,2024-05-11 17:45:00,31.22812500000445,-96.70625095126252,,2024-05-11,24982,0 days 00:45:00,414,3,False,False,,,,Free
2024-05-11 17:45:00,2.010189182833029,9.6,3.1736844551269665,1029,460,93.4,84.0,5,5.0,28813,2024-05-11 17:45:00,2024-05-11 17:45:00,31.061000000004423,-97.155000938439,,2024-05-11,25044,0 days 00:30:00,415,3,False,False,,,,Free
2024-05-11 17:45:00,1.6431039973921244,9.6,2.120410693659018,1029,474,113.5,185.0,2,5.0,28821,2024-05-11 17:45:00,2024-05-11 17:45:00,30.86000000000439,-96.14500096730086,,2024-05-11,25184,0 days 00:00:00,418,3,False,False,,,,Free
2024-05-11 17:45:00,3.698003237489357,9.6,10.740498911637443,1029,573,241.27272727272728,284.27272727272725,11,5.0,28877,2024-05-11 17:45:00,2024-05-11 17:45:00,29.58227272727692,-95.15227372294186,,2024-05-11,25235,0 days 00:00:00,420,4,False,False,,,,Free
2024-05-11 17:45:00,1.6548518361314646,14.400001,2.150840044885114,1029,580,254.0,310.7553191435396,2,5.0,28884,2024-05-11 17:45:00,2024-05-11 17:45:00,29.455000000004173,-94.88744781180144,,2024-05-11,25241,0 days 00:00:00,421,3,False,False,,,,Free
2024-05-11 17:45:00,10.070861906106558,21.535135,79.65685636394863,1029,581,264.011768552489,346.5019614295716,74,5.0,28885,2024-05-11 17:45:00,2024-05-11 17:45:00,29.354882314479266,-94.5299813991561,,2024-05-11,24966,0 days 01:00:00,413,6,False,False,,,,Free
2024-05-11 18:00:00,10.192598760902294,15.789474,81.59428438295653,1030,598,236.87780489936944,284.54512190830985,76,5.0,28971,2024-05-11 18:00:00,2024-05-11 18:00:00,29.626221951010503,-95.14954977666387,,2024-05-11,25235,0 days 00:15:00,420,4,False,False,,,,Free
2024-05-11 18:00:00,3.306614515330757,9.6,8.587307548062604,1030,599,235.125,272.25,8,5.0,28972,2024-05-11 18:00:00,2024-05-11 18:00:00,29.643750000004204,-95.27250099223352,,2024-05-11,25150,0 days 00:30:00,416,3,False,False,,,,Free
2024-05-11 18:00:00,,,,1030,606,248.5,314.5,2,5.0,28978,2024-05-11 18:00:00,2024-05-11 18:00:00,29.510000000004183,-94.85000100430692,,2024-05-11,25241,0 days 00:15:00,421,3,False,False,,,,Free
2024-05-11 18:00:00,5.489812377648722,11.781818,23.67036121867697,1030,610,258.6528150169178,349.9798927499983,22,5.0,28979,2024-05-11 18:00:00,2024-05-11 18:00:00,29.40847184983499,-94.49520208694572,,2024-05-11,24966,0 days 01:15:00,413,6,False,False,,,,Free
2024-05-11 18:15:00,1.6422457226710665,9.6,2.118196080842267,1031,561,103.5,198.0,2,5.0,29021,2024-05-11 18:15:00,2024-05-11 18:15:00,30.96000000000441,-96.01500097101577,,2024-05-11,25184,0 days 00:30:00,418,3,False,False,,,,Free
2024-05-11 18:15:00,1.6448117006918128,9.6,2.1248205350827565,1031,591,133.5,164.0,2,5.0,29037,2024-05-11 18:15:00,2024-05-11 18:15:00,30.66000000000436,-96.35500096129988,,2024-05-11,25368,0 days 00:00:00,423,3,False,False,,,,Free
2024-05-11 18:15:00,10.189680791894872,20.210527,81.5475729371162,1031,657,230.7108996655024,284.56072661082874,76,5.0,29069,2024-05-11 18:15:00,2024-05-11 18:15:00,29.687891003349183,-95.14939372964312,,2024-05-11,25235,0 days 00:30:00,420,4,False,False,,,,Free
2024-05-11 18:15:00,3.69655387382163,9.6,10.73208148346347,1031,661,233.0,273.54545454545456,11,5.0,29072,2024-05-11 18:15:00,2024-05-11 18:15:00,29.66500000000421,-95.25954644714916,,2024-05-11,25150,0 days 00:45:00,416,3,False,False,,,,Free
2024-05-11 18:30:00,8.010114066978899,12.868084,50.39265991330728,1032,628,224.48346302870243,281.89931906452347,56,5.0,29161,2024-05-11 18:30:00,2024-05-11 18:30:00,29.750165369717195,-95.17600780434566,,2024-05-11,25235,0 days 00:45:00,420,4,False,False,,,,Free
2024-05-11 18:30:00,4.21575668717896,9.599999,13.958570890280406,1032,635,238.28571428571428,315.85714285714283,14,5.0,29166,2024-05-11 18:30:00,2024-05-11 18:30:00,29.612142857147056,-94.8364295761233,,2024-05-11,25241,0 days 00:45:00,421,3,False,False,,,,Free
2024-05-11 18:30:00,3.877937522210747,9.599999,11.81113128975118,1032,637,238.1818181818182,325.0,11,5.0,29168,2024-05-11 18:30:00,2024-05-11 18:30:00,29.61318181818601,-94.7450010073074,,2024-05-11,25478,0 days 00:00:00,424,3,False,False,,,,Free
2024-05-11 18:30:00,3.317826255289173,14.400001,8.645640253481027,1032,650,304.1729857755643,262.59952607813216,10,5.0,29177,2024-05-11 18:30:00,2024-05-11 18:30:00,28.953270142248453,-95.36900572869445,,2024-05-11,25487,0 days 00:00:00,425,4,False,False,,,,Free
2024-05-11 18:30:00,17.875087671715622,20.446758,250.949446702883,1032,661,358.8022839252749,22.817118236718542,232,5.0,29186,2024-05-11 18:30:00,2024-05-11 18:30:00,28.40697716075126,-97.76682973858811,,2024-05-11,25495,0 days 00:00:00,426,3,False,False,,,,Free
2024-05-11 18:45:00,4.642368589012287,9.6,16.92657615400307,1033,545,92.8125,215.625,16,5.0,29222,2024-05-11 18:45:00,2024-05-11 18:45:00,31.066875000004423,-95.83875097605228,,2024-05-11,25184,0 days 01:00:00,418,3,False,False,,,,Free
2024-05-11 18:45:00,4.932162489439981,10.666668,19.10577386857609,1033,563,124.40196079164686,181.13529411874703,18,5.0,29234,2024-05-11 18:45:00,2024-05-11 18:45:00,30.750980392087907,-96.183648025009,,2024-05-11,25368,0 days 00:30:00,423,3,False,False,,,,Free
2024-05-11 18:45:00,3.697783342535413,10.559999,10.739221621628568,1033,642,239.91726618643332,323.9172661864334,10,5.0,29287,2024-05-11 18:45:00,2024-05-11 18:45:00,29.595827338139863,-94.75582834513364,,2024-05-11,25587,0 days 00:00:00,427,3,False,False,,,,Free
2024-05-11 18:45:00,6.423457768831471,14.400003,32.40616416492446,1033,653,299.1602836944191,261.7957446851683,30,5.0,29297,2024-05-11 18:45:00,2024-05-11 18:45:00,29.003397163059912,-95.3770435423944,,2024-05-11,25487,0 days 00:15:00,425,4,False,False,,,,Free
2024-05-11 18:45:00,23.01233916243102,21.230288,415.9215411715065,1033,667,354.7275184359381,24.33673309166902,383,5.0,29309,2024-05-11 18:45:00,2024-05-11 18:45:00,28.44772481564464,-97.75163359047286,,2024-05-11,25495,0 days 00:15:00,426,3,False,False,,,,Free
2024-05-11 19:00:00,2.8606682289425853,9.599999,6.427245171515374,1034,708,214.5,71.0,6,5.0,29393,2024-05-11 19:00:00,2024-05-11 19:00:00,29.85000000000424,-97.28500093472412,,2024-05-11,25685,0 days 00:00:00,429,3,False,False,,,,Free
2024-05-11 19:00:00,7.203592607539727,12.63158,40.75568236155799,1034,711,226.7290734847449,321.1750798763124,43,5.0,29396,2024-05-11 19:00:00,2024-05-11 19:00:00,29.727709265156765,-94.78325020745126,,2024-05-11,25478,0 days 00:30:00,424,3,False,False,,,,Free
2024-05-11 19:00:00,7.014741726535357,12.8,38.64677443727319,1034,714,235.2843900656421,323.50092696819473,63,5.0,29399,2024-05-11 19:00:00,2024-05-11 19:00:00,29.64215609934778,-94.75999173719708,,2024-05-11,25587,0 days 00:15:00,427,3,False,False,,,,Free
2024-05-11 19:00:00,1.6531327276561554,9.6,2.1463736549404144,1034,716,233.0,342.5,2,5.0,29401,2024-05-11 19:00:00,2024-05-11 19:00:00,29.66500000000421,-94.57000101230824,,2024-05-11,25691,0 days 00:00:00,430,4,False,False,,,,Free
2024-05-11 19:00:00,6.203641814269961,12.000002,30.22618321814982,1034,737,293.1040816236168,261.42857142857144,28,5.0,29413,2024-05-11 19:00:00,2024-05-11 19:00:00,29.063959183767945,-95.38071527485543,,2024-05-11,25487,0 days 00:30:00,425,4,False,False,,,,Free
2024-05-11 19:00:00,7.868600677262458,9.6,48.62783038292584,1034,741,303.34,214.32,50,5.0,29417,2024-05-11 19:00:00,2024-05-11 19:00:00,28.961600000004097,-95.8518009756794,,2024-05-11,25704,0 days 00:00:00,431,4,False,False,,,,Free
2024-05-11 19:00:00,9.815253206838651,10.148569,75.66462722016327,1034,745,306.33296337441067,225.7552719212636,70,5.0,29420,2024-05-11 19:00:00,2024-05-11 19:00:00,28.931670366259983,-95.73744825973448,,2024-05-11,25705,0 days 00:00:00,432,3,False,False,,,,Free
2024-05-11 19:00:00,,,,1034,760,352.66848389983414,25.641746545706813,676,5.0,29432,2024-05-11 19:00:00,2024-05-11 19:00:00,28.46831516100568,-97.73858345630543,,2024-05-11,25495,0 days 00:30:00,426,3,False,False,,,,Free
2024-05-11 19:00:00,,,,1034,773,381.0,116.33333333333331,3,5.0,29442,2024-05-11 19:00:00,2024-05-11 19:00:00,28.18500000000397,-96.83166761434528,,2024-05-11,25726,0 days 00:00:00,434,5,False,False,,,,Free
2024-05-11 19:15:00,83.70261635187624,85.959595,5502.600051278391,1035,686,117.76734209540136,117.49658480538824,5225,5.0,29469,2024-05-11 19:15:00,2024-05-11 19:15:00,30.817326579050373,-96.82003509995712,,2024-05-11,25749,0 days 00:00:00,435,3,False,False,,,,Free
2024-05-11 19:15:00,2.5980974381802646,9.6,5.301524230998416,1035,711,114.4,196.2,5,5.0,29483,2024-05-11 19:15:00,2024-05-11 19:15:00,30.85100000000439,-96.0330009705014,,2024-05-11,25368,0 days 01:00:00,423,3,False,False,,,,Free
2024-05-11 19:15:00,6.500971542490913,9.909678,33.19299276481978,1035,763,210.1511169517915,74.36268068429949,31,5.0,29517,2024-05-11 19:15:00,2024-05-11 19:15:00,29.893488830486326,-97.25137412884204,,2024-05-11,25685,0 days 00:15:00,429,3,False,False,,,,Free
2024-05-11 19:15:00,2.336893480566768,9.6,4.289115243158255,1035,771,224.5,320.5,4,5.0,29523,2024-05-11 19:15:00,2024-05-11 19:15:00,29.75000000000422,-94.7900010060215,,2024-05-11,25478,0 days 00:45:00,424,3,False,False,,,,Free
2024-05-11 19:15:00,2.3377083651552435,9.6,4.292107029752606,1035,777,231.5,322.5,4,5.0,29529,2024-05-11 19:15:00,2024-05-11 19:15:00,29.68000000000421,-94.77000100659302,,2024-05-11,25587,0 days 00:30:00,427,3,False,False,,,,Free
2024-05-11 19:15:00,7.412605886680111,16.560001,43.15505770964229,1035,808,286.9104671256994,186.48615917322547,40,5.0,29547,2024-05-11 19:15:00,2024-05-11 19:15:00,29.125895328747127,-96.13013937599328,,2024-05-11,25820,0 days 00:00:00,437,7,False,False,,,,Free
2024-05-11 19:15:00,1.657446653618023,9.6,2.1575903929067746,1035,811,286.0,260.5,2,5.0,29549,2024-05-11 19:15:00,2024-05-11 19:15:00,29.135000000004123,-95.39000098887584,,2024-05-11,25487,0 days 00:45:00,425,4,False,False,,,,Free
2024-05-11 19:15:00,,,,1035,823,298.8333333333333,215.38888888888889,18,5.0,29559,2024-05-11 19:15:00,2024-05-11 19:15:00,29.00666666667077,-95.84111208709596,,2024-05-11,25704,0 days 00:15:00,431,4,False,False,,,,Free
2024-05-11 19:15:00,9.529070902734562,13.090907,71.31666043896695,1035,824,302.97809134368504,226.28592646824447,67,5.0,29560,2024-05-11 19:15:00,2024-05-11 19:15:00,28.965219086567245,-95.73214171441634,,2024-05-11,25705,0 days 00:15:00,432,3,False,False,,,,Free
2024-05-11 19:15:00,6.659527072988089,26.7,34.83185942444639,1035,863,380.029377875694,115.67108294400194,32,5.0,29589,2024-05-11 19:15:00,2024-05-11 19:15:00,28.194706221247035,-96.83829011804931,,2024-05-11,25726,0 days 00:15:00,434,5,False,False,,,,Free
2024-05-11 19:15:00,2.3570962888702875,9.6,4.363595945460307,1035,869,403.2,124.2,5,5.0,29594,2024-05-11 19:15:00,2024-05-11 19:15:00,27.96300000000394,-96.75300094992662,,2024-05-11,25857,0 days 00:00:00,438,3,False,False,,,,Free
2024-05-11 19:30:00,80.11689880477216,124.36814,5041.248915520618,1036,618,111.96379389255772,128.05813644029766,4787,5.0,29611,2024-05-11 19:30:00,2024-05-11 19:30:00,30.875362061078818,-96.7144195866261,,2024-05-11,25749,0 days 00:15:00,435,3,False,False,,,,Free
2024-05-11 19:30:00,5.952888636556413,9.6,27.83206291838307,1036,696,207.72413793103448,77.79310344827586,29,5.0,29663,2024-05-11 19:30:00,2024-05-11 19:30:00,29.9177586206939,-97.21706990218256,,2024-05-11,25685,0 days 00:30:00,429,3,False,False,,,,Free
2024-05-11 19:30:00,7.01134059466604,12.533335,38.60930736693159,1036,700,226.5524239010013,339.53494927181407,50,5.0,29665,2024-05-11 19:30:00,2024-05-11 19:30:00,29.7294757609942,-94.59965151874276,,2024-05-11,25691,0 days 00:30:00,430,4,False,False,,,,Free
2024-05-11 19:30:00,7.222902013352301,17.178947,40.97446840244056,1036,727,280.9369057927263,187.73638720658752,38,5.0,29680,2024-05-11 19:30:00,2024-05-11 19:30:00,29.185630942076862,-96.11763709601696,,2024-05-11,25820,0 days 00:15:00,437,7,False,False,,,,Free
2024-05-11 19:30:00,4.387305539657096,9.599999,15.117697198377202,1036,737,295.92857142857144,214.8571428571429,14,5.0,29688,2024-05-11 19:30:00,2024-05-11 19:30:00,29.03571428571839,-95.84642954726144,,2024-05-11,25704,0 days 00:30:00,431,4,False,False,,,,Free
2024-05-11 19:30:00,3.518023093133519,9.6,9.720469753706148,1036,741,298.0,225.66666666666663,9,5.0,29692,2024-05-11 19:30:00,2024-05-11 19:30:00,29.015000000004104,-95.73833431225512,,2024-05-11,25705,0 days 00:30:00,432,3,False,False,,,,Free
2024-05-11 19:30:00,8.239635628581167,22.922453,53.32193425229012,1036,776,377.6620359703001,114.2070143526914,49,5.0,29723,2024-05-11 19:30:00,2024-05-11 19:30:00,28.218379640300977,-96.8529308035441,,2024-05-11,25726,0 days 00:30:00,434,5,False,False,,,,Free
2024-05-11 19:30:00,3.1180524293028817,10.971428,7.6358380416969025,1036,782,402.8899521520184,123.66985645605524,7,5.0,29727,2024-05-11 19:30:00,2024-05-11 19:30:00,27.96610047848376,-96.75830238521456,,2024-05-11,25857,0 days 00:15:00,438,3,False,False,,,,Free
2024-05-11 19:45:00,83.9816574955627,118.325966,5539.349468735695,1037,679,103.80983746602122,139.9116497750919,5236,5.0,29749,2024-05-11 19:45:00,2024-05-11 19:45:00,30.956901625344194,-96.59588445666544,,2024-05-11,25749,0 days 00:30:00,435,3,False,False,,,,Free
2024-05-11 19:45:00,7.200754580246578,19.199997,40.72357533925573,1037,765,218.59303187894827,332.451816155638,38,5.0,29811,2024-05-11 19:45:00,2024-05-11 19:45:00,29.809069681214744,-94.67048284788046,,2024-05-11,26038,0 days 00:00:00,442,3,False,False,,,,Free
2024-05-11 19:45:00,1.1681842796557411,9.6,1.0717971467958567,1037,768,219.5,348.5,2,5.0,29814,2024-05-11 19:45:00,2024-05-11 19:45:00,29.800000000004225,-94.5100010140228,,2024-05-11,26040,0 days 00:00:00,443,3,False,False,,,,Free
2024-05-11 19:45:00,6.625897955960053,11.700001,34.48096150039658,1037,804,273.2337899763698,190.3488584388588,33,5.0,29839,2024-05-11 19:45:00,2024-05-11 19:45:00,29.262662100240444,-96.09151238444076,,2024-05-11,25820,0 days 00:30:00,437,7,False,False,,,,Free
2024-05-11 19:45:00,1.6578896253414972,9.6,2.1587438288265584,1037,811,291.5,213.0,2,5.0,29846,2024-05-11 19:45:00,2024-05-11 19:45:00,29.080000000004112,-95.86500097530217,,2024-05-11,25704,0 days 00:45:00,431,4,False,False,,,,Free
2024-05-11 19:45:00,9.040060212834469,27.010166,64.18484957492527,1037,840,373.6773981336757,112.54730621100369,70,5.0,29869,2024-05-11 19:45:00,2024-05-11 19:45:00,28.25822601866723,-96.86952788448669,,2024-05-11,25726,0 days 00:45:00,434,5,False,False,,,,Free
2024-05-11 19:45:00,4.409460640453646,13.714287,15.270765992234518,1037,854,402.2704918019972,122.5,14,5.0,29880,2024-05-11 19:45:00,2024-05-11 19:45:00,27.97229508198397,-96.77000094944084,,2024-05-11,25857,0 days 00:30:00,438,3,False,False,,,,Free
2024-05-11 20:00:00,12.981276441033945,17.264517,132.35022328307767,1038,624,180.087778464781,145.65048373614133,181,5.0,29929,2024-05-11 20:00:00,2024-05-11 20:00:00,30.19412221535648,-96.53849611869488,,2024-05-11,26133,0 days 00:00:00,444,3,False,False,,,,Free
2024-05-11 20:00:00,12.52470017459432,17.196522,123.20392899524022,1038,652,215.7102523886086,341.0201055218202,115,5.0,29947,2024-05-11 20:00:00,2024-05-11 20:00:00,29.837897476118147,-94.5847999566671,,2024-05-11,25691,0 days 01:00:00,430,4,False,False,,,,Free
2024-05-11 20:00:00,8.442734464273887,18.276922,55.98299670237186,1038,681,265.47103128088884,193.731749718356,52,5.0,29969,2024-05-11 20:00:00,2024-05-11 20:00:00,29.340289687195263,-96.0576834726125,,2024-05-11,25820,0 days 00:45:00,437,7,False,False,,,,Free
2024-05-11 20:00:00,4.076554351017425,73.600006,13.051978667734316,1038,727,371.732750235812,109.9599125358352,12,5.0,30007,2024-05-11 20:00:00,2024-05-11 20:00:00,28.27767249764587,-96.895401820499,,2024-05-11,25726,0 days 01:00:00,434,5,False,False,,,,Free
2024-05-11 20:15:00,14.036891666520056,16.022068,154.75039906854593,1039,573,176.96508574059715,148.0558127747738,145,5.0,30064,2024-05-11 20:15:00,2024-05-11 20:15:00,30.22534914259832,-96.51444282899593,,2024-05-11,26133,0 days 00:15:00,444,3,False,False,,,,Free
2024-05-11 20:15:00,5.222396928565336,15.840002,21.42050157981984,1039,601,212.5445068190577,341.4787489904494,25,5.0,30077,2024-05-11 20:15:00,2024-05-11 20:15:00,29.86955493181366,-94.58021352211188,,2024-05-11,25691,0 days 01:15:00,430,4,False,False,,,,Free
2024-05-11 20:15:00,6.606109654276425,13.2,34.27531366330722,1039,602,213.3983799686833,349.5552282733096,34,5.0,30078,2024-05-11 20:15:00,2024-05-11 20:15:00,29.861016200317405,-94.4994487315912,,2024-05-11,26040,0 days 00:30:00,443,3,False,False,,,,Free
2024-05-11 20:15:00,1.6513179152027309,9.6,2.141663655001137,1039,603,211.0,333.5,2,5.0,30079,2024-05-11 20:15:00,2024-05-11 20:15:00,29.88500000000424,-94.66000100973632,,2024-05-11,26038,0 days 00:30:00,442,3,False,False,,,,Free
2024-05-11 20:15:00,8.27642578515474,14.4,53.79916454874348,1039,615,258.85021277588703,196.87702126947232,50,5.0,30089,2024-05-11 20:15:00,2024-05-11 20:15:00,29.406497872245296,-96.02623075800012,,2024-05-11,25820,0 days 01:00:00,437,7,False,False,,,,Free
2024-05-11 20:30:00,7.552771171036004,14.857142,44.80252957733727,1040,582,173.13913042801215,152.09806764217132,42,5.0,30186,2024-05-11 20:30:00,2024-05-11 20:30:00,30.263608695724177,-96.47402028147708,,2024-05-11,26133,0 days 00:30:00,444,3,False,False,,,,Free
2024-05-11 20:30:00,6.500118895743153,15.483874,33.184286361122744,1040,606,207.2701538514267,331.92676923154573,31,5.0,30205,2024-05-11 20:30:00,2024-05-11 20:30:00,29.92229846148998,-94.67573331697132,,2024-05-11,26038,0 days 00:45:00,442,3,False,False,,,,Free
2024-05-11 20:30:00,,,,1040,607,209.43558281490704,352.1411042962732,5,5.0,30206,2024-05-11 20:30:00,2024-05-11 20:30:00,29.900644171855173,-94.47358997210053,,2024-05-11,26040,0 days 00:45:00,443,3,False,False,,,,Free
2024-05-11 20:30:00,5.361778802236623,13.257144,22.57915412931492,1040,616,251.72549020039204,199.5132641294348,21,5.0,30214,2024-05-11 20:30:00,2024-05-11 20:30:00,29.477745098000256,-95.99986833015384,,2024-05-11,25820,0 days 01:15:00,437,7,False,False,,,,Free
2024-05-11 20:30:00,5.251091291465572,9.600001,21.65653734627055,1040,639,324.65,220.7,20,5.0,30229,2024-05-11 20:30:00,2024-05-11 20:30:00,28.748500000004064,-95.78800097750252,,2024-05-11,26365,0 days 00:00:00,445,3,False,False,,,,Free
2024-05-11 20:45:00,2.02583748158383,9.6,3.223287808456782,1041,549,244.66666666666663,200.66666666666663,3,5.0,30341,2024-05-11 20:45:00,2024-05-11 20:45:00,29.54833333333752,-95.9883343051111,,2024-05-11,25820,0 days 01:30:00,437,7,False,False,,,,Free
2024-05-11 21:00:00,14.286648927579488,55.02745,160.30631346936624,1042,303,1.5727574414712424,295.1492513316008,153,5.0,30364,2024-05-11 21:00:00,2024-05-11 21:00:00,31.97927242558985,-95.0435084854612,,2024-05-11,26475,0 days 00:00:00,446,3,False,False,,,,Free
2024-05-11 21:00:00,5.299006318392022,29.257141,22.05356256681391,1042,312,23.71809973370658,488.0039261875424,21,5.0,30368,2024-05-11 21:00:00,2024-05-11 21:00:00,31.757819002667468,-93.11496179201214,,2024-05-11,26478,0 days 00:00:00,447,4,False,False,,,,Free
2024-05-11 21:00:00,8.785091975863518,13.885714,60.61533459552951,1042,384,320.66921221925804,226.5691318296545,56,5.0,30419,2024-05-11 21:00:00,2024-05-11 21:00:00,28.788307877811487,-95.72930966088312,,2024-05-11,26365,0 days 00:30:00,445,3,False,False,,,,Free
2024-05-11 21:15:00,3.46468459318759,9.6,9.427950443345935,1043,205,0.8888888888888888,294.6666666666667,9,5.0,30433,2024-05-11 21:15:00,2024-05-11 21:15:00,31.98611111111568,-95.04833433197264,,2024-05-11,26475,0 days 00:15:00,446,3,False,False,,,,Free
2024-05-11 21:15:00,8.257658729748918,68.51765,53.55545857726403,1043,215,23.443415445673025,491.7513119685515,51,5.0,30443,2024-05-11 21:15:00,2024-05-11 21:15:00,31.7605658455478,-93.07748793527288,,2024-05-11,26478,0 days 00:15:00,447,4,False,False,,,,Free
2024-05-11 21:15:00,4.392113351752012,9.599999,15.150848694894098,1043,265,318.6428571428572,228.78571428571428,14,5.0,30484,2024-05-11 21:15:00,2024-05-11 21:15:00,28.8085714285755,-95.707143836956,,2024-05-11,26365,0 days 00:45:00,445,3,False,False,,,,Free
2024-05-11 21:30:00,9.17817951110161,106.97143,66.16113950146537,1044,170,24.24364122095232,494.252980952133,63,5.0,30494,2024-05-11 21:30:00,2024-05-11 21:30:00,31.75256358779501,-93.05247124615198,,2024-05-11,26478,0 days 00:30:00,447,4,False,False,,,,Free
2024-05-11 21:45:00,2.30974077931719,9.6,4.190022599989585,1045,173,0.5,298.5,4,5.0,30528,2024-05-11 21:45:00,2024-05-11 21:45:00,31.99000000000457,-95.01000099973476,,2024-05-11,26475,0 days 00:45:00,446,3,False,False,,,,Free
2024-05-11 21:45:00,4.478597511329088,41.6,15.753387295754454,1045,180,24.837158465875007,498.0021857971377,15,5.0,30534,2024-05-11 21:45:00,2024-05-11 21:45:00,31.746628415345786,-93.01497919877328,,2024-05-11,26478,0 days 00:45:00,447,4,False,False,,,,Free
2024-05-12 00:00:00,5.064407465139153,9.600001,20.144067217368807,1053,212,113.57894736842104,192.4736842105264,19,5.0,30937,2024-05-12 00:00:00,2024-05-12 00:00:00,30.859210526320183,-96.07026412733126,,2024-05-12,26996,0 days 00:00:00,448,3,False,False,,,,Free
2024-05-12 00:15:00,,,,1054,245,112.99094006691884,197.1811155078205,226,5.0,30985,2024-05-12 00:15:00,2024-05-12 00:15:00,30.865090599335204,-96.02318981570352,,2024-05-12,26996,0 days 00:15:00,448,3,False,False,,,,Free
2024-05-12 00:15:00,4.932617570792127,17.6,19.109299738839063,1054,259,125.8919619766692,330.2869490048034,19,5.0,30998,2024-05-12 00:15:00,2024-05-12 00:15:00,30.73608038023768,-94.69213151877015,,2024-05-12,27053,0 days 00:00:00,449,3,False,False,,,,Free
2024-05-12 00:15:00,2.01767082912914,9.6,3.197352447583184,1054,266,164.33333333333334,459.6666666666667,3,5.0,31003,2024-05-12 00:15:00,2024-05-12 00:15:00,30.35166666667098,-93.39833437912318,,2024-05-12,27057,0 days 00:00:00,450,3,False,False,,,,Free
2024-05-12 00:30:00,24.116178374928047,29.891418,456.7797645118849,1055,215,111.1789338415215,202.6124122387025,438,5.0,31042,2024-05-12 00:30:00,2024-05-12 00:30:00,30.88321066158918,-95.96887684994677,,2024-05-12,26996,0 days 00:30:00,448,3,False,False,,,,Free
2024-05-12 00:45:00,3.675794738612389,15.360001,10.611881335511727,1056,262,122.5482625454192,336.2335907271932,10,5.0,31106,2024-05-12 00:45:00,2024-05-12 00:45:00,30.769517374550187,-94.6326651032456,,2024-05-12,27053,0 days 00:30:00,449,3,False,False,,,,Free
2024-05-12 00:45:00,23.72746177265222,45.524822,442.173230089061,1056,269,161.28654241647638,465.385636087941,417,5.0,31112,2024-05-12 00:45:00,2024-05-12 00:45:00,30.382134575839554,-93.34114468654474,,2024-05-12,27057,0 days 00:30:00,450,3,False,False,,,,Free
2024-05-12 00:45:00,2.01818589432054,22.400002,3.198985077769956,1056,271,169.08812260816393,444.3601532602049,3,5.0,31114,2024-05-12 00:45:00,2024-05-12 00:45:00,30.304118773922667,-93.5513995088138,,2024-05-12,27152,0 days 00:00:00,451,3,False,False,,,,Free
2024-05-12 00:45:00,2.862882668428677,9.599999,6.437199666849894,1056,284,230.0,405.8333333333333,6,5.0,31127,2024-05-12 00:45:00,2024-05-12 00:45:00,29.69500000000421,-93.93666769707306,,2024-05-12,27161,0 days 00:00:00,452,3,False,False,,,,Free
2024-05-12 01:00:00,5.1980210213613365,13.920001,21.22100483780879,1057,231,121.18497757769626,336.6266815925954,20,5.0,31162,2024-05-12 01:00:00,2024-05-12 01:00:00,30.783150224227416,-94.6287341947039,,2024-05-12,27053,0 days 00:45:00,449,3,False,False,,,,Free
2024-05-12 01:00:00,14.782545888431626,45.73416,171.62808353477607,1057,241,166.3389344646004,447.1390015384031,161,5.0,31169,2024-05-12 01:00:00,2024-05-12 01:00:00,30.331610655358304,-93.5236110268259,,2024-05-12,27152,0 days 00:15:00,451,3,False,False,,,,Free
2024-05-12 01:00:00,7.483023759374907,13.112196,43.97887641403457,1057,249,227.8695129322358,407.95971136300295,41,5.0,31175,2024-05-12 01:00:00,2024-05-12 01:00:00,29.716304870681856,-93.91540391738404,,2024-05-12,27161,0 days 00:15:00,452,3,False,False,,,,Free
2024-05-12 01:15:00,2.016982675520155,9.6,3.195171819922262,1058,174,157.66666666666666,470.3333333333333,3,5.0,31210,2024-05-12 01:15:00,2024-05-12 01:15:00,30.418333333337657,-93.29166771550469,,2024-05-12,27057,0 days 01:00:00,450,3,False,False,,,,Free
2024-05-12 01:15:00,7.549414545957831,22.171429,44.76271587886828,1058,178,164.3826955053533,449.2174154271162,42,5.0,31213,2024-05-12 01:15:00,2024-05-12 01:15:00,30.35117304495078,-93.5028268885327,,2024-05-12,27152,0 days 00:30:00,451,3,False,False,,,,Free
2024-05-12 01:15:00,3.505912937395555,10.666667,9.653663032555414,1058,184,227.81960784167063,409.4509803958234,9,5.0,31219,2024-05-12 01:15:00,2024-05-12 01:15:00,29.71680392158751,-93.90049122748196,,2024-05-12,27161,0 days 00:30:00,452,3,False,False,,,,Free
2024-05-12 01:45:00,3.484589764810209,9.6,9.5365918214123,1060,171,108.22222222222224,363.55555555555554,9,5.0,31263,2024-05-12 01:45:00,2024-05-12 01:45:00,30.91277777778218,-94.35944546276949,,2024-05-12,27275,0 days 00:00:00,453,3,False,False,,,,Free
2024-05-12 02:00:00,2.0117003397106576,9.6,3.178457874267288,1061,230,107.0,364.0,3,5.0,31311,2024-05-12 02:00:00,2024-05-12 02:00:00,30.925000000004403,-94.35500101845209,,2024-05-12,27275,0 days 00:15:00,453,3,False,False,,,,Free
2024-05-12 02:00:00,3.4897237474114884,9.6,9.564713791371268,1061,248,136.55555555555554,181.11111111111111,9,5.0,31328,2024-05-12 02:00:00,2024-05-12 02:00:00,30.6294444444488,-96.18388985507846,,2024-05-12,27331,0 days 00:00:00,454,3,False,False,,,,Free
2024-05-12 02:15:00,3.6727686502027352,9.6,10.594416120430676,1062,278,106.6,366.4,10,5.0,31373,2024-05-12 02:15:00,2024-05-12 02:15:00,30.929000000004404,-94.33100101913789,,2024-05-12,27275,0 days 00:30:00,453,3,False,False,,,,Free
2024-05-12 02:15:00,7.350672179245412,17.76,42.43693318366999,1062,287,120.16932038105163,129.0442718631048,41,5.0,31382,2024-05-12 02:15:00,2024-05-12 02:15:00,30.793306796193864,-96.70455823267986,,2024-05-12,27378,0 days 00:00:00,455,3,False,False,,,,Free
2024-05-12 02:15:00,10.07227245716726,16.128,79.67917181877365,1062,296,133.8054157591278,181.99520726692012,75,5.0,31391,2024-05-12 02:15:00,2024-05-12 02:15:00,30.656945842413084,-96.175048893773,,2024-05-12,27331,0 days 00:15:00,454,3,False,False,,,,Free
2024-05-12 02:15:00,6.992667768322189,9.600001,38.40393013264665,1062,318,466.8648648648648,325.2162162162162,37,5.0,31407,2024-05-12 02:15:00,2024-05-12 02:15:00,27.3263513513552,-94.74283884520702,,2024-05-12,27399,0 days 00:00:00,456,3,False,False,,,,Free
2024-05-12 02:30:00,44.498644322493,245.96898,1555.1899520616998,1063,224,96.4590457232607,465.7736672317947,1470,5.0,31420,2024-05-12 02:30:00,2024-05-12 02:30:00,31.03040954277181,-93.33726437521705,,2024-05-12,27412,0 days 00:00:00,457,4,False,False,,,,Free
2024-05-12 02:30:00,6.038495212681819,11.733334,28.63830658131636,1063,247,117.63696370052467,131.33443346844768,27,5.0,31443,2024-05-12 02:30:00,2024-05-12 02:30:00,30.81863036299914,-96.68165661728084,,2024-05-12,27378,0 days 00:15:00,455,3,False,False,,,,Free
2024-05-12 02:30:00,3.4888013300642147,9.6,9.559658094965616,1063,253,131.44444444444446,182.11111111111111,9,5.0,31448,2024-05-12 02:30:00,2024-05-12 02:30:00,30.68055555555992,-96.17388985536422,,2024-05-12,27331,0 days 00:30:00,454,3,False,False,,,,Free
2024-05-12 02:45:00,38.213901462796535,282.38522,1146.9187169426712,1064,324,96.36791318793423,471.22645577037525,1084,5.0,31494,2024-05-12 02:45:00,2024-05-12 02:45:00,31.031320868125075,-93.28273649138949,,2024-05-12,27412,0 days 00:15:00,457,4,False,False,,,,Free
2024-05-12 02:45:00,3.4825627659556058,14.933334,9.5255001063787,1064,344,97.0514541398957,117.6308724839374,9,5.0,31511,2024-05-12 02:45:00,2024-05-12 02:45:00,31.02448545860546,-96.81869222321,,2024-05-12,27492,0 days 00:00:00,458,3,False,False,,,,Free
2024-05-12 02:45:00,9.149061472760064,13.625806,65.74200917530686,1064,356,114.97643978777502,132.4027673815158,62,5.0,31521,2024-05-12 02:45:00,2024-05-12 02:45:00,30.84523560212664,-96.67097327845543,,2024-05-12,27378,0 days 00:30:00,455,3,False,False,,,,Free
2024-05-12 02:45:00,7.658903864917415,9.6,46.07052039390444,1064,398,463.6428571428572,323.7619047619048,42,5.0,31552,2024-05-12 02:45:00,2024-05-12 02:45:00,27.358571428575274,-94.75738195933457,,2024-05-12,27399,0 days 00:30:00,456,3,False,False,,,,Free
2024-05-12 03:00:00,36.88211928529015,248.41187,1068.3698355106585,1065,295,94.82952018437852,477.1005854042559,1016,5.0,31578,2024-05-12 03:00:00,2024-05-12 03:00:00,31.04670479816064,-93.22399519672922,,2024-05-12,27412,0 days 00:30:00,457,4,False,False,,,,Free
2024-05-12 03:00:00,1.6713368063261818,9.6,2.193905091725397,1065,361,464.0,320.5,2,5.0,31634,2024-05-12 03:00:00,2024-05-12 03:00:00,27.355000000003844,-94.7900010060215,,2024-05-12,27399,0 days 00:45:00,456,3,False,False,,,,Free
2024-05-12 03:15:00,30.789659082609,245.03183,744.5598986799251,1066,296,93.17823512757325,484.783837836122,704,5.0,31659,2024-05-12 03:15:00,2024-05-12 03:15:00,31.06321764872869,-93.14716267460614,,2024-05-12,27412,0 days 00:45:00,457,4,False,False,,,,Free
2024-05-12 03:15:00,18.05222733190929,29.395042,255.94784028697217,1066,306,90.0806097317376,114.95677166438132,245,5.0,31665,2024-05-12 03:15:00,2024-05-12 03:15:00,31.094193902687053,-96.84543323064143,,2024-05-12,27492,0 days 00:30:00,458,3,False,False,,,,Free
2024-05-12 03:15:00,9.083095150595096,17.311474,64.79740427157795,1066,341,132.2034620468677,109.5171770805848,61,5.0,31698,2024-05-12 03:15:00,2024-05-12 03:15:00,30.67296537953569,-96.89982917492496,,2024-05-12,27653,0 days 00:00:00,461,3,False,False,,,,Free
2024-05-12 03:30:00,16.813656757186767,30.49143,222.03131745118267,1067,255,87.37910035183238,120.39920050917556,210,5.0,31750,2024-05-12 03:30:00,2024-05-12 03:30:00,31.12120899648611,-96.7910089437487,,2024-05-12,27492,0 days 00:45:00,458,3,False,False,,,,Free
2024-05-12 03:30:00,13.156588274719772,37.425,135.94913521673428,1067,274,130.83991903566192,114.70214916124652,128,5.0,31767,2024-05-12 03:30:00,2024-05-12 03:30:00,30.686600809647747,-96.8479794556,,2024-05-12,27653,0 days 00:15:00,461,3,False,False,,,,Free
2024-05-12 03:45:00,4.628274291794511,10.200001,16.823953519713843,1068,278,35.783653840091986,49.110576923628,16,5.0,31797,2024-05-12 03:45:00,2024-05-12 03:45:00,31.637163461603595,-97.50389515923268,,2024-05-12,27734,0 days 00:00:00,463,3,False,False,,,,Free
2024-05-12 03:45:00,3.843036092101512,9.599999,11.599487673992115,1068,290,62.333333333333336,176.91666666666666,12,5.0,31807,2024-05-12 03:45:00,2024-05-12 03:45:00,31.37166666667114,-96.22583429832429,,2024-05-12,27741,0 days 00:00:00,464,3,False,False,,,,Free
2024-05-12 03:45:00,10.783062768467438,35.051163,91.32173372206567,1068,323,128.60277046900347,122.33075375481413,86,5.0,31839,2024-05-12 03:45:00,2024-05-12 03:45:00,30.70897229531433,-96.7716934118443,,2024-05-12,27653,0 days 00:30:00,461,3,False,False,,,,Free
2024-05-12 04:00:00,7.845915734911257,10.852175,48.34784936885726,1069,306,31.769174573344845,51.36596054484545,47,5.0,31876,2024-05-12 04:00:00,2024-05-12 04:00:00,31.67730825427107,-97.481341323665,,2024-05-12,27734,0 days 00:15:00,463,3,False,False,,,,Free
2024-05-12 04:00:00,4.334097333880652,19.2,14.753233024551228,1069,320,56.31287726020321,64.64486921326478,14,5.0,31886,2024-05-12 04:00:00,2024-05-12 04:00:00,31.43187122740245,-97.3485522407754,,2024-05-12,27810,0 days 00:00:00,466,3,False,False,,,,Free
2024-05-12 04:00:00,6.345819926842786,9.600001,31.62753679025194,1069,325,60.06666666666667,181.86666666666667,30,5.0,31891,2024-05-12 04:00:00,2024-05-12 04:00:00,31.39433333333781,-96.1763342997388,,2024-05-12,27741,0 days 00:15:00,464,3,False,False,,,,Free
2024-05-12 04:00:00,8.204945121401726,13.44,52.873887497122126,1069,357,88.9882794194033,218.673699012044,51,5.0,31921,2024-05-12 04:00:00,2024-05-12 04:00:00,31.1051172058104,-95.80826398680308,,2024-05-12,27840,0 days 00:00:00,467,3,False,False,,,,Free
2024-05-12 04:15:00,3.271539120865779,9.6,8.406091582382858,1070,242,29.125,55.5,8,5.0,31962,2024-05-12 04:15:00,2024-05-12 04:15:00,31.70375000000453,-97.4400009302948,,2024-05-12,27734,0 days 00:30:00,463,3,False,False,,,,Free
2024-05-12 04:15:00,7.139594547990314,26.526316,40.03473699860281,1070,253,53.60293398568012,67.59559901798224,38,5.0,31970,2024-05-12 04:15:00,2024-05-12 04:15:00,31.458970660147685,-97.31904494357144,,2024-05-12,27810,0 days 00:15:00,466,3,False,False,,,,Free
2024-05-12 04:15:00,1.6384778614031124,9.6,2.1084875296317658,1070,259,60.0,186.5,2,5.0,31976,2024-05-12 04:15:00,2024-05-12 04:15:00,31.39500000000448,-96.13000096772952,,2024-05-12,27741,0 days 00:30:00,464,3,False,False,,,,Free
2024-05-12 04:15:00,29.12673148397726,31.588573,666.3054807303952,1070,269,94.3865419032536,158.57400457912095,634,5.0,31986,2024-05-12 04:15:00,2024-05-12 04:15:00,31.051134580971887,-96.40926091395812,,2024-05-12,27892,0 days 00:00:00,468,3,False,False,,,,Free
2024-05-12 04:15:00,10.377195853667228,16.320002,84.57653882228998,1070,279,86.52672261415258,223.9238074185411,80,5.0,31995,2024-05-12 04:15:00,2024-05-12 04:15:00,31.12973277386291,-95.75576290423834,,2024-05-12,27840,0 days 00:15:00,467,3,False,False,,,,Free
2024-05-12 04:15:00,3.0771950166884343,10.971429,7.437036659666219,1070,303,133.77990430403682,24.889952152018413,7,5.0,32015,2024-05-12 04:15:00,2024-05-12 04:15:00,30.657200956964,-97.7461014000275,,2024-05-12,27916,0 days 00:00:00,470,3,False,False,,,,Free
2024-05-12 04:30:00,4.175018072289621,13.292309,13.690099381550857,1071,293,49.47309833549341,70.21706864596834,13,5.0,32031,2024-05-12 04:30:00,2024-05-12 04:30:00,31.50026901664956,-97.29283024804069,,2024-05-12,27810,0 days 00:30:00,466,3,False,False,,,,Free
2024-05-12 04:30:00,26.966867311971374,29.51111,571.1509162816117,1071,326,91.4205398712664,163.95495678694877,541,5.0,32057,2024-05-12 04:30:00,2024-05-12 04:30:00,31.080794601291764,-96.35545139341752,,2024-05-12,27892,0 days 00:15:00,468,3,False,False,,,,Free
2024-05-12 04:30:00,3.6671911217245694,17.28,10.562262834879816,1071,329,77.8094462523009,445.7280130320986,10,5.0,32060,2024-05-12 04:30:00,2024-05-12 04:30:00,31.21690553748144,-93.53772091148574,,2024-05-12,27950,0 days 00:00:00,471,3,False,False,,,,Free
2024-05-12 04:30:00,5.682991448545672,10.8,25.36552680741704,1071,334,83.5617816142156,229.2313218411476,24,5.0,32063,2024-05-12 04:30:00,2024-05-12 04:30:00,31.159382183862284,-95.70268776152898,,2024-05-12,27840,0 days 00:30:00,467,3,False,False,,,,Free
2024-05-12 04:30:00,2.3259946577138737,21.6,4.249201314933105,1071,358,132.4277108442387,26.28915662304517,4,5.0,32082,2024-05-12 04:30:00,2024-05-12 04:30:00,30.670722891561976,-97.73210935571706,,2024-05-12,27916,0 days 00:15:00,470,3,False,False,,,,Free
2024-05-12 04:45:00,23.496098646475765,21.26049,433.5921342434833,1072,300,87.53587932781033,169.06293882938726,410,5.0,32136,2024-05-12 04:45:00,2024-05-12 04:45:00,31.119641206726328,-96.30437157445276,,2024-05-12,27892,0 days 00:30:00,468,3,False,False,,,,Free
2024-05-12 04:45:00,1.6445988855410063,19.2,2.124270727772052,1072,322,131.0,29.5,2,5.0,32155,2024-05-12 04:45:00,2024-05-12 04:45:00,30.685000000004365,-97.700000922865,,2024-05-12,27916,0 days 00:30:00,470,3,False,False,,,,Free
2024-05-12 04:45:00,4.8778567374055175,17.505882,18.68736048062465,1072,332,487.4459078066133,158.90592662799844,17,5.0,32162,2024-05-12 04:45:00,2024-05-12 04:45:00,27.120540921937675,-96.40594169356422,,2024-05-12,28029,0 days 00:00:00,472,3,False,False,,,,Free
2024-05-12 05:00:00,2.8403135199239693,9.599999,6.336106135582621,1073,307,75.83333333333333,456.8333333333333,6,5.0,32207,2024-05-12 05:00:00,2024-05-12 05:00:00,31.23666666667112,-93.42666771164689,,2024-05-12,27950,0 days 00:30:00,471,3,False,False,,,,Free
2024-05-12 05:15:00,9.969623939775678,13.491891,78.06339499235582,1074,298,65.96903633918966,133.72353869111006,75,5.0,32275,2024-05-12 05:15:00,2024-05-12 05:15:00,31.33530963661257,-96.65776556573697,,2024-05-12,28130,0 days 00:00:00,473,4,False,False,,,,Free
2024-05-12 05:15:00,2.848504232103265,9.599999,6.372702131237954,1074,338,131.0,136.71428571428572,7,5.0,32301,2024-05-12 05:15:00,2024-05-12 05:15:00,30.685000000004365,-96.62785809635984,,2024-05-12,28152,0 days 00:00:00,474,3,False,False,,,,Free
2024-05-12 05:15:00,,,,1074,349,485.5,162.75,4,5.0,32310,2024-05-12 05:15:00,2024-05-12 05:15:00,27.14000000000381,-96.36750096094266,,2024-05-12,28029,0 days 00:30:00,472,3,False,False,,,,Free
2024-05-12 05:30:00,12.588777633425966,13.016949,124.46779787758604,1075,285,64.21671507753459,137.9301119837457,122,5.0,32340,2024-05-12 05:30:00,2024-05-12 05:30:00,31.352832849229124,-96.61569983401267,,2024-05-12,28130,0 days 00:15:00,473,4,False,False,,,,Free
2024-05-12 05:30:00,1.639522859991438,9.6,2.111177915852137,1075,303,72.0,463.5,2,5.0,32350,2024-05-12 05:30:00,2024-05-12 05:30:00,31.275000000004457,-93.36000104688526,,2024-05-12,27950,0 days 01:00:00,471,3,False,False,,,,Free
2024-05-12 05:30:00,8.912141175975071,14.481356,62.38123899696441,1075,309,87.36896675088175,133.41902038014166,59,5.0,32355,2024-05-12 05:30:00,2024-05-12 05:30:00,31.12131033249561,-96.66081074875962,,2024-05-12,28198,0 days 00:00:00,475,3,False,False,,,,Free
2024-05-12 05:30:00,7.799408807911291,10.240001,47.776381125185054,1075,324,126.93808312447948,138.1984732799729,45,5.0,32364,2024-05-12 05:30:00,2024-05-12 05:30:00,30.72561916875957,-96.61301622112704,,2024-05-12,28152,0 days 00:15:00,474,3,False,False,,,,Free
2024-05-12 05:30:00,2.644637159330057,9.6,5.493157774929262,1075,329,481.0,163.0,5,5.0,32369,2024-05-12 05:30:00,2024-05-12 05:30:00,27.18500000000381,-96.36500096101412,,2024-05-12,28029,0 days 00:45:00,472,3,False,False,,,,Free
2024-05-12 05:45:00,,,,1076,262,62.3323699431923,143.7615606989192,28,5.0,32408,2024-05-12 05:45:00,2024-05-12 05:45:00,31.37167630057255,-96.5573853485273,,2024-05-12,28130,0 days 00:30:00,473,4,False,False,,,,Free
2024-05-12 05:45:00,10.114024900163406,18.06316,80.34112677705336,1076,276,86.10112811481417,137.4252618810859,76,5.0,32417,2024-05-12 05:45:00,2024-05-12 05:45:00,31.13398871885629,-96.62074833489498,,2024-05-12,28198,0 days 00:15:00,475,3,False,False,,,,Free
2024-05-12 05:45:00,7.968634958808527,12.868082,49.87211037334956,1076,283,121.44997296418592,139.73120606035488,47,5.0,32423,2024-05-12 05:45:00,2024-05-12 05:45:00,30.78050027036252,-96.59768889376124,,2024-05-12,28152,0 days 00:30:00,474,3,False,False,,,,Free
2024-05-12 06:00:00,1.634609701939351,28.8,2.098543741217232,1077,240,16.0,51.096638662701785,2,5.0,32435,2024-05-12 06:00:00,2024-05-12 06:00:00,31.835000000004545,-97.48403454240946,,2024-05-12,28262,0 days 00:00:00,476,3,False,False,,,,Free
2024-05-12 06:00:00,9.037773731035957,18.255737,64.15238542594396,1077,255,36.83032402436068,281.00791492087626,61,5.0,32447,2024-05-12 06:00:00,2024-05-12 06:00:00,31.626696759760904,-95.1849218455274,,2024-05-12,28274,0 days 00:00:00,477,4,False,False,,,,Free
2024-05-12 06:00:00,25.14891610452491,34.853508,496.7391908676444,1077,268,65.34936304750397,182.55556405531243,639,5.0,32458,2024-05-12 06:00:00,2024-05-12 06:00:00,31.341506369529423,-96.1694453260492,,2024-05-12,28285,0 days 00:00:00,478,4,False,False,,,,Free
2024-05-12 06:00:00,3.276868435907692,9.6,8.43350082130981,1077,278,59.5,151.75,8,5.0,32466,2024-05-12 06:00:00,2024-05-12 06:00:00,31.400000000004475,-96.4775009577993,,2024-05-12,28130,0 days 00:45:00,473,4,False,False,,,,Free
2024-05-12 06:00:00,5.316487515971521,10.057144,22.19931011753192,1077,292,85.74387946778872,141.82674199555706,21,5.0,32478,2024-05-12 06:00:00,2024-05-12 06:00:00,31.13756120532655,-96.57673353500805,,2024-05-12,28198,0 days 00:30:00,475,3,False,False,,,,Free
2024-05-12 06:15:00,2.583254559813017,15.360001,5.241122260448477,1078,322,6.244680856460357,17.592198572566073,6,5.0,32491,2024-05-12 06:15:00,2024-05-12 06:15:00,31.93255319143996,-97.8190789337366,,2024-05-12,28313,0 days 00:00:00,480,4,False,False,,,,Free
2024-05-12 06:15:00,12.56756750486043,19.68814,124.0487335178366,1078,351,34.47403325128619,287.93513933078395,128,5.0,32515,2024-05-12 06:15:00,2024-05-12 06:15:00,31.650259667491653,-95.11564960340786,,2024-05-12,28274,0 days 00:15:00,477,4,False,False,,,,Free
2024-05-12 06:15:00,26.9715111655442,40.330627,571.3476443306583,1078,376,60.2845853443706,190.52761193264172,544,5.0,32537,2024-05-12 06:15:00,2024-05-12 06:15:00,31.39215414656077,-96.08972484955405,,2024-05-12,28285,0 days 00:15:00,478,4,False,False,,,,Free
2024-05-12 06:30:00,11.02539992246362,12.131866,95.4725636294508,1079,266,15.852696430188614,56.25639444096373,91,5.0,32582,2024-05-12 06:30:00,2024-05-12 06:30:00,31.83647303570266,-97.43243698610132,,2024-05-12,28262,0 days 00:30:00,476,3,False,False,,,,Free
2024-05-12 06:30:00,2.310464019548212,14.400001,4.192647022078826,1079,268,6.122340428230179,18.74468085646036,4,5.0,32584,2024-05-12 06:30:00,2024-05-12 06:30:00,31.933776595722257,-97.80755411122698,,2024-05-12,28313,0 days 00:15:00,480,4,False,False,,,,Free
2024-05-12 06:30:00,13.977143734088484,27.616438,153.4358147853509,1079,290,31.48073631017391,293.19552771973224,163,5.0,32600,2024-05-12 06:30:00,2024-05-12 06:30:00,31.68019263690278,-95.06304572102158,,2024-05-12,28274,0 days 00:30:00,477,4,False,False,,,,Free
2024-05-12 06:30:00,28.23159590978019,43.329296,625.9804063648529,1079,308,56.73094221884148,196.7803106242596,594,5.0,32615,2024-05-12 06:30:00,2024-05-12 06:30:00,31.427690577816065,-96.02719786442464,,2024-05-12,28285,0 days 00:30:00,478,4,False,False,,,,Free
2024-05-12 06:45:00,1.6338558206151683,9.6,2.096608492562431,1080,330,7.5,19.0,2,5.0,32657,2024-05-12 06:45:00,2024-05-12 06:45:00,31.92000000000456,-97.80500091986454,,2024-05-12,28313,0 days 00:30:00,480,4,False,False,,,,Free
2024-05-12 06:45:00,4.903341816731428,14.933334,18.883140310182576,1080,336,14.291946306219044,60.236017897926985,18,5.0,32661,2024-05-12 06:45:00,2024-05-12 06:45:00,31.85208053694236,-97.39264075266892,,2024-05-12,28262,0 days 00:45:00,476,3,False,False,,,,Free
2024-05-12 06:45:00,12.45746111303576,21.351727,121.88463516115324,1080,348,28.67911860129939,300.98719832675613,118,5.0,32672,2024-05-12 06:45:00,2024-05-12 06:45:00,31.708208813991533,-94.98512901717794,,2024-05-12,28274,0 days 00:45:00,477,4,False,False,,,,Free
2024-05-12 06:45:00,28.247849730757,49.17782,626.7014072182322,1080,358,52.189818332196566,200.95577857174803,596,5.0,32680,2024-05-12 06:45:00,2024-05-12 06:45:00,31.47310181668252,-95.9854431861429,,2024-05-12,28285,0 days 00:45:00,478,4,False,False,,,,Free
2024-05-12 07:00:00,2.001074666665777,9.6,3.1449697255550246,1081,333,7.666666666666667,18.666666666666668,3,5.0,32738,2024-05-12 07:00:00,2024-05-12 07:00:00,31.91833333333789,-97.8083342531026,,2024-05-12,28313,0 days 00:45:00,480,4,False,False,,,,Free
2024-05-12 07:00:00,1.6393489894357187,9.6,2.11073016093206,1081,384,70.0,53.5,2,5.0,32774,2024-05-12 07:00:00,2024-05-12 07:00:00,31.29500000000446,-97.46000092972326,,2024-05-12,28549,0 days 00:00:00,482,3,False,False,,,,Free
2024-05-12 07:00:00,3.670594397607598,12.48,10.581876197185473,1081,400,95.05614973909742,201.0668449153544,10,5.0,32787,2024-05-12 07:00:00,2024-05-12 07:00:00,31.04443850261345,-95.9843325227386,,2024-05-12,28560,0 days 00:00:00,483,3,False,False,,,,Free
2024-05-12 07:15:00,6.66686254146146,12.218183,34.9086362660744,1082,439,92.21746431388584,202.86146095848983,33,5.0,32852,2024-05-12 07:15:00,2024-05-12 07:15:00,31.072825356865568,-95.96638636282006,,2024-05-12,28560,0 days 00:15:00,483,3,False,False,,,,Free
2024-05-12 07:30:00,129.17585442897123,105.529,13105.468987711649,1083,313,69.77620235729968,60.99070161243433,12482,5.0,32908,2024-05-12 07:30:00,2024-05-12 07:30:00,31.297237976431465,-97.3850939157395,,2024-05-12,28549,0 days 00:30:00,482,3,False,False,,,,Free
2024-05-12 07:45:00,146.03978719719206,114.638664,16750.673141429445,1084,394,65.73449530766794,59.97654912131507,15927,5.0,32982,2024-05-12 07:45:00,2024-05-12 07:45:00,31.337655046927782,-97.39523544036086,,2024-05-12,28549,0 days 00:45:00,482,3,False,False,,,,Free
2024-05-12 07:45:00,2.320260249179182,9.6,4.228275540280085,1084,462,85.25,210.25,4,5.0,33027,2024-05-12 07:45:00,2024-05-12 07:45:00,31.14250000000444,-95.89250097451634,,2024-05-12,28560,0 days 00:45:00,483,3,False,False,,,,Free
2024-05-12 08:00:00,34.98774082932123,22.637173,961.4388850877052,1085,572,457.0244790453408,254.2199497813894,882,5.0,33159,2024-05-12 08:00:00,2024-05-12 08:00:00,27.424755209550447,-95.4528014892673,,2024-05-12,28895,0 days 00:00:00,484,3,False,False,,,,Free
2024-05-12 08:15:00,,,,1086,471,278.5,285.5,2,5.0,33235,2024-05-12 08:15:00,2024-05-12 08:15:00,29.210000000004136,-95.1400009960198,,2024-05-12,28969,0 days 00:00:00,485,3,False,False,,,,Free
2024-05-12 08:30:00,3.8319114065813946,9.599999,11.532429297067443,1087,400,8.363636363636363,443.09090909090907,11,5.0,33281,2024-05-12 08:30:00,2024-05-12 08:30:00,31.9113636363682,-93.56409195014407,,2024-05-12,29012,0 days 00:00:00,486,3,False,False,,,,Free
2024-05-12 08:30:00,14.53316290299643,22.503897,165.8861640281244,1087,446,271.1212346005732,312.1139635042509,154,5.0,33307,2024-05-12 08:30:00,2024-05-12 08:30:00,29.283787653998413,-94.87386136858254,,2024-05-12,29034,0 days 00:00:00,487,3,False,False,,,,Free
2024-05-12 08:30:00,2.8822884963699344,12.8,6.524763553455653,1087,476,369.3931624001291,46.5,6,5.0,33327,2024-05-12 08:30:00,2024-05-12 08:30:00,28.3010683760027,-97.530000927723,,2024-05-12,29054,0 days 00:00:00,488,3,False,False,,,,Free
2024-05-12 08:30:00,2.046498661873842,9.6,3.2893706375751743,1087,488,459.0,270.0,3,5.0,33337,2024-05-12 08:30:00,2024-05-12 08:30:00,27.40500000000385,-95.29500099159054,,2024-05-12,28895,0 days 00:30:00,484,3,False,False,,,,Free
2024-05-12 08:45:00,13.910149342340612,19.133795,151.96846149360363,1088,532,7.065433253062467,446.72025310196096,146,5.0,33362,2024-05-12 08:45:00,2024-05-12 08:45:00,31.924345667473933,-93.52779851107069,,2024-05-12,29012,0 days 00:15:00,486,3,False,False,,,,Free
2024-05-12 08:45:00,15.487231505309865,32.420574,188.3811578825513,1088,602,263.3828200063891,317.4366690515003,175,5.0,33397,2024-05-12 08:45:00,2024-05-12 08:45:00,29.361171799940266,-94.82063431463108,,2024-05-12,29034,0 days 00:15:00,487,3,False,False,,,,Free
2024-05-12 08:45:00,6.725956563293815,41.01818,35.53022828922965,1088,610,265.4052966899791,293.61816962909444,34,5.0,33402,2024-05-12 08:45:00,2024-05-12 08:45:00,29.340947033104364,-95.05881930204872,,2024-05-12,28969,0 days 00:30:00,485,3,False,False,,,,Free
2024-05-12 08:45:00,11.909093749675382,17.988352,111.39028356840544,1088,623,311.67476161830376,209.515196634662,104,5.0,33411,2024-05-12 08:45:00,2024-05-12 08:45:00,28.87825238382105,-95.89984900795974,,2024-05-12,29127,0 days 00:00:00,489,4,False,False,,,,Free
2024-05-12 08:45:00,6.856086431210716,10.44706,36.91836414176804,1088,635,353.2559395444681,106.63282939133389,34,5.0,33419,2024-05-12 08:45:00,2024-05-12 08:45:00,28.462440604559337,-96.92867265099324,,2024-05-12,29134,0 days 00:00:00,490,3,False,False,,,,Free
2024-05-12 08:45:00,8.566067841664637,21.554718,57.63056808235073,1088,647,369.4950991468209,49.847731937365786,53,5.0,33431,2024-05-12 08:45:00,2024-05-12 08:45:00,28.300049008535783,-97.49652360930594,,2024-05-12,29054,0 days 00:15:00,488,3,False,False,,,,Free
2024-05-12 08:45:00,2.8944479391487974,9.599999,6.579931409674629,1088,679,461.0,274.8333333333333,6,5.0,33459,2024-05-12 08:45:00,2024-05-12 08:45:00,27.38500000000385,-95.24666765963838,,2024-05-12,28895,0 days 00:45:00,484,3,False,False,,,,Free
2024-05-12 09:00:00,13.017565634138622,16.478743,133.0912283865283,1089,536,4.549781171210156,449.7350929890382,128,5.0,33479,2024-05-12 09:00:00,2024-05-12 09:00:00,31.94950218829246,-93.4976501130614,,2024-05-12,29012,0 days 00:30:00,486,3,False,False,,,,Free
2024-05-12 09:00:00,2.6112246557375296,9.6,5.355232823961532,1089,591,213.0,389.0,5,5.0,33511,2024-05-12 09:00:00,2024-05-12 09:00:00,29.86500000000424,-94.1050010255961,,2024-05-12,29216,0 days 00:00:00,491,3,False,False,,,,Free
2024-05-12 09:00:00,19.89556235872429,33.716263,310.886826604354,1089,599,257.06914086062085,323.54295701860013,289,5.0,33516,2024-05-12 09:00:00,2024-05-12 09:00:00,29.42430859139796,-94.75957143670502,,2024-05-12,29034,0 days 00:30:00,487,3,False,False,,,,Free
2024-05-12 09:00:00,11.76133077642958,21.76634,108.64326528702216,1089,604,257.06495948000673,299.7338188487977,103,5.0,33521,2024-05-12 09:00:00,2024-05-12 09:00:00,29.424350405204105,-94.99766281159935,,2024-05-12,28969,0 days 00:45:00,485,3,False,False,,,,Free
2024-05-12 09:00:00,13.527514321755158,30.965416,143.72287169525046,1089,628,303.59686106379945,212.48080146344265,133,5.0,33538,2024-05-12 09:00:00,2024-05-12 09:00:00,28.9590313893661,-95.87019296051938,,2024-05-12,29127,0 days 00:15:00,489,4,False,False,,,,Free
2024-05-12 09:00:00,3.1108870494037064,10.971428,7.600783587161259,1089,648,353.3285714334371,110.82142858359278,8,5.0,33555,2024-05-12 09:00:00,2024-05-12 09:00:00,28.461714285669647,-96.8867866602676,,2024-05-12,29134,0 days 00:15:00,490,3,False,False,,,,Free
2024-05-12 09:00:00,2.038181482553801,9.6,3.262688292240635,1089,670,370.6666666666667,54.66666666666666,3,5.0,33572,2024-05-12 09:00:00,2024-05-12 09:00:00,28.288333333337324,-97.44833426339,,2024-05-12,29054,0 days 00:30:00,488,3,False,False,,,,Free
2024-05-12 09:15:00,28.295891813336222,28.717949,628.8349249147512,1090,501,249.02973620064063,212.64644896336603,588,5.0,33642,2024-05-12 09:15:00,2024-05-12 09:15:00,29.504702637997774,-95.86853648556746,,2024-05-12,29331,0 days 00:00:00,493,3,False,False,,,,Free
2024-05-12 09:15:00,18.937642050426817,32.574043,281.6707098935502,1090,505,251.10795406489208,325.16533409256766,263,5.0,33644,2024-05-12 09:15:00,2024-05-12 09:15:00,29.483920459355257,-94.74334766642896,,2024-05-12,29332,0 days 00:00:00,494,4,False,False,,,,Free
2024-05-12 09:15:00,13.973021682723196,45.228165,153.3453274783922,1090,533,296.6260835988804,214.7497902284069,144,5.0,33665,2024-05-12 09:15:00,2024-05-12 09:15:00,29.028739164015303,-95.84750307351813,,2024-05-12,29127,0 days 00:30:00,489,4,False,False,,,,Free
2024-05-12 09:15:00,8.799021107501655,26.571428,60.807703287572494,1090,541,354.3420529653496,115.73973511680532,56,5.0,33673,2024-05-12 09:15:00,2024-05-12 09:15:00,28.45157947035052,-96.8376035963409,,2024-05-12,29134,0 days 00:30:00,490,3,False,False,,,,Free
2024-05-12 09:30:00,10.949296237772444,10.690909,94.15909881076982,1091,532,203.0419329118352,397.16214057973417,88,5.0,33749,2024-05-12 09:30:00,2024-05-12 09:30:00,29.9645806708859,-94.0233796221312,,2024-05-12,29216,0 days 00:30:00,491,3,False,False,,,,Free
2024-05-12 09:30:00,31.96174534306641,40.944576,802.3259798983962,1091,544,240.48918833816307,214.35682629898665,747,5.0,33756,2024-05-12 09:30:00,2024-05-12 09:30:00,29.590108116622563,-95.85143271270005,,2024-05-12,29331,0 days 00:15:00,493,3,False,False,,,,Free
2024-05-12 09:30:00,3.3142276652898377,9.6,8.62689590720908,1091,584,281.55555555555554,170.22222222222223,9,5.0,33782,2024-05-12 09:30:00,2024-05-12 09:30:00,29.17944444444857,-96.29277874085574,,2024-05-12,29456,0 days 00:00:00,495,3,False,False,,,,Free
2024-05-12 09:45:00,1.6503636166480986,9.6,2.139189030389665,1092,444,199.5,400.0,2,5.0,33838,2024-05-12 09:45:00,2024-05-12 09:45:00,30.000000000004256,-93.99500102873948,,2024-05-12,29216,0 days 00:45:00,491,3,False,False,,,,Free
2024-05-12 09:45:00,33.86039658272592,48.606434,900.4797734097691,1092,457,232.6340474690711,217.35368069448973,843,5.0,33845,2024-05-12 09:45:00,2024-05-12 09:45:00,29.66865952531349,-95.82146416960136,,2024-05-12,29331,0 days 00:30:00,493,3,False,False,,,,Free
2024-05-12 09:45:00,15.378297542244798,25.082083,185.7404101810264,1092,462,238.1644370232349,333.93311125993307,175,5.0,33848,2024-05-12 09:45:00,2024-05-12 09:45:00,29.61335562977185,-94.6556698972608,,2024-05-12,29332,0 days 00:30:00,494,4,False,False,,,,Free
2024-05-12 09:45:00,13.409219508510011,35.908398,141.22021937734104,1092,488,279.7482835298196,219.87028894217585,131,5.0,33867,2024-05-12 09:45:00,2024-05-12 09:45:00,29.19751716470593,-95.7962980878437,,2024-05-12,29127,0 days 01:00:00,489,4,False,False,,,,Free
2024-05-12 10:00:00,10.84003364897625,27.013958,92.28925538546558,1093,436,232.82981194877905,339.03919290929684,86,5.0,33938,2024-05-12 10:00:00,2024-05-12 10:00:00,29.666701880516417,-94.60460908222626,,2024-05-12,29332,0 days 00:45:00,494,4,False,False,,,,Free
2024-05-12 10:00:00,41.44172056010404,23.107424,1348.8555316108857,1093,445,262.3379847936524,176.01396269369357,1253,5.0,33946,2024-05-12 10:00:00,2024-05-12 10:00:00,29.371620152067635,-96.23486133779608,,2024-05-12,29456,0 days 00:30:00,495,3,False,False,,,,Free
2024-05-12 10:15:00,5.087496922106376,9.600001,20.328166085844828,1094,548,202.3684210526316,44.10526315789474,19,5.0,34033,2024-05-12 10:15:00,2024-05-12 10:15:00,29.97131578947793,-97.55394829545968,,2024-05-12,29674,0 days 00:00:00,496,3,False,False,,,,Free
2024-05-12 10:15:00,4.044108126205573,9.599999,12.845038158034743,1094,557,207.1428571428572,438.0,14,5.0,34038,2024-05-12 10:15:00,2024-05-12 10:15:00,29.92357142857568,-93.61500103959838,,2024-05-12,29679,0 days 00:00:00,497,3,False,False,,,,Free
2024-05-12 10:15:00,12.255422165894762,17.89091,117.96316968426056,1094,565,225.85884998598792,343.69408127345645,111,5.0,34042,2024-05-12 10:15:00,2024-05-12 10:15:00,29.73641150014434,-94.55806019991483,,2024-05-12,29332,0 days 01:00:00,494,4,False,False,,,,Free
2024-05-12 10:15:00,52.15188900178033,25.498491,2136.1412608495025,1094,569,254.3185560087201,175.54364243309644,1995,5.0,34046,2024-05-12 10:15:00,2024-05-12 10:15:00,29.451814439916973,-96.23956454026762,,2024-05-12,29456,0 days 00:45:00,495,3,False,False,,,,Free
2024-05-12 10:30:00,9.900183948563358,11.333333,76.9797345838631,1095,464,195.6789473628073,41.55087719312922,72,5.0,34115,2024-05-12 10:30:00,2024-05-12 10:30:00,30.03821052637619,-97.57949215437742,,2024-05-12,29674,0 days 00:15:00,496,3,False,False,,,,Free
2024-05-12 10:30:00,2.02125740227408,9.6,3.20872965589327,1095,469,199.3333333333333,440.3333333333333,3,5.0,34119,2024-05-12 10:30:00,2024-05-12 10:30:00,30.001666666670925,-93.59166770693184,,2024-05-12,29679,0 days 00:15:00,497,3,False,False,,,,Free
2024-05-12 10:45:00,1.6434464813323386,9.6,2.1212947305728256,1096,656,117.5,134.0,2,5.0,34182,2024-05-12 10:45:00,2024-05-12 10:45:00,30.820000000004384,-96.65500095272704,,2024-05-12,29813,0 days 00:00:00,499,3,False,False,,,,Free
2024-05-12 10:45:00,15.737637622877022,11.9208765,194.5221062078393,1096,688,191.90499617331795,424.7543428298544,191,5.0,34203,2024-05-12 10:45:00,2024-05-12 10:45:00,30.07595003827109,-93.74745760751478,,2024-05-12,29831,0 days 00:00:00,500,4,False,False,,,,Free
2024-05-12 10:45:00,2.332552506969445,9.6,4.273195268138758,1096,690,187.5,39.5,4,5.0,34204,2024-05-12 10:45:00,2024-05-12 10:45:00,30.120000000004275,-97.6000009257226,,2024-05-12,29674,0 days 00:30:00,496,3,False,False,,,,Free
2024-05-12 10:45:00,2.857672646502239,9.599999,6.41379148828253,1096,703,193.66666666666663,443.6666666666667,6,5.0,34213,2024-05-12 10:45:00,2024-05-12 10:45:00,30.0583333333376,-93.558334374551,,2024-05-12,29679,0 days 00:30:00,497,3,False,False,,,,Free
2024-05-12 10:45:00,,,,1096,790,271.9017980650833,319.16459197449484,21,5.0,34263,2024-05-12 10:45:00,2024-05-12 10:45:00,29.27598201935331,-94.8033550858949,,2024-05-12,29881,0 days 00:00:00,501,3,False,False,,,,Free
2024-05-12 11:00:00,2.0119106195561485,9.6,3.179122387315386,1097,734,109.0,134.0,3,5.0,34300,2024-05-12 11:00:00,2024-05-12 11:00:00,30.9050000000044,-96.65500095272704,,2024-05-12,29813,0 days 00:15:00,499,3,False,False,,,,Free
2024-05-12 11:00:00,10.16708933845968,10.231578,81.18637694191449,1097,814,187.1458752449697,428.96227364478295,76,5.0,34350,2024-05-12 11:00:00,2024-05-12 11:00:00,30.12354124755458,-93.70537830056792,,2024-05-12,29831,0 days 00:15:00,500,4,False,False,,,,Free
2024-05-12 11:00:00,12.936377121339817,18.809757,131.43626721107958,1097,815,190.0113596521193,490.2755591795749,125,5.0,34351,2024-05-12 11:00:00,2024-05-12 11:00:00,30.09488640348308,-93.09224546274096,,2024-05-12,29961,0 days 00:00:00,502,3,False,False,,,,Free
2024-05-12 11:00:00,8.026900479799723,13.276594,50.60409219854294,1097,892,265.64370180650667,323.07814909429504,47,5.0,34399,2024-05-12 11:00:00,2024-05-12 11:00:00,29.338562981939088,-94.76421951581524,,2024-05-12,29881,0 days 00:15:00,501,3,False,False,,,,Free
2024-05-12 11:00:00,8.282101807845676,33.408,53.87298143476074,1097,900,272.71740355295475,265.65488594348415,50,5.0,34406,2024-05-12 11:00:00,2024-05-12 11:00:00,29.2678259644746,-95.33845213091404,,2024-05-12,30010,0 days 00:00:00,504,3,False,False,,,,Free
2024-05-12 11:15:00,1.6419876648299774,9.6,2.117530438480532,1098,780,100.5,132.0,2,5.0,34452,2024-05-12 11:15:00,2024-05-12 11:15:00,30.99000000000441,-96.67500095215551,,2024-05-12,29813,0 days 00:30:00,499,3,False,False,,,,Free
2024-05-12 11:15:00,9.253980712794164,12.799996,67.25848202474653,1098,843,181.07903225474004,431.8641128969738,64,5.0,34488,2024-05-12 11:15:00,2024-05-12 11:15:00,30.184209677456888,-93.67635990887528,,2024-05-12,29831,0 days 00:30:00,500,4,False,False,,,,Free
2024-05-12 11:15:00,1.6491548494730732,14.400001,2.136056587926871,1098,853,185.0,491.7553191435396,2,5.0,34494,2024-05-12 11:15:00,2024-05-12 11:15:00,30.14500000000428,-93.07744786352418,,2024-05-12,29961,0 days 00:15:00,502,3,False,False,,,,Free
2024-05-12 11:15:00,4.053875373462144,13.600001,12.907159231361392,1098,932,255.6901669814617,15.871985155237468,13,5.0,34543,2024-05-12 11:15:00,2024-05-12 11:15:00,29.43809833018956,-97.83628106741833,,2024-05-12,30136,0 days 00:00:00,506,4,False,False,,,,Free
2024-05-12 11:15:00,3.096923995433768,9.599999,7.532705273844122,1098,944,260.42857142857144,326.7142857142857,7,5.0,34548,2024-05-12 11:15:00,2024-05-12 11:15:00,29.39071428571845,-94.7278581506544,,2024-05-12,29881,0 days 00:30:00,501,3,False,False,,,,Free
2024-05-12 11:30:00,,,,1099,712,174.5,433.5,2,5.0,34599,2024-05-12 11:30:00,2024-05-12 11:30:00,30.2500000000043,-93.66000103831244,,2024-05-12,29831,0 days 00:45:00,500,4,False,False,,,,Free
2024-05-12 11:30:00,1.6488203097562368,9.6,2.135190055246148,1099,718,181.3333333333333,491.0,3,5.0,34601,2024-05-12 11:30:00,2024-05-12 11:30:00,30.18166666667096,-93.08500105474371,,2024-05-12,29961,0 days 00:30:00,502,3,False,False,,,,Free
2024-05-12 11:30:00,5.361010053904508,13.257146,22.572679993255555,1099,796,248.8056179878824,16.762921348555402,22,5.0,34647,2024-05-12 11:30:00,2024-05-12 11:30:00,29.50694382012536,-97.82737170573972,,2024-05-12,30136,0 days 00:15:00,506,4,False,False,,,,Free
2024-05-12 11:30:00,3.0960314699466327,9.599999,7.528364087131536,1099,812,254.57142857142856,273.7142857142857,7,5.0,34658,2024-05-12 11:30:00,2024-05-12 11:30:00,29.44928571428989,-95.25785813550908,,2024-05-12,30010,0 days 00:30:00,504,3,False,False,,,,Free
2024-05-12 11:30:00,8.849286645695177,31.663157,61.50443132361839,1099,834,288.6712725220168,125.82668770618524,57,5.0,34671,2024-05-12 11:30:00,2024-05-12 11:30:00,29.10828727478395,-96.73673407332956,,2024-05-12,30240,0 days 00:00:00,507,5,False,False,,,,Free
2024-05-12 11:45:00,,,,1100,717,119.5,70.5,2,5.0,34696,2024-05-12 11:45:00,2024-05-12 11:45:00,30.80000000000438,-97.29000093458126,,2024-05-12,30262,0 days 00:00:00,508,3,False,False,,,,Free
2024-05-12 11:45:00,2.025436320581521,9.6,3.2220113691050325,1100,841,240.66666666666663,17.666666666666668,3,5.0,34765,2024-05-12 11:45:00,2024-05-12 11:45:00,29.588333333337527,-97.81833425281684,,2024-05-12,30136,0 days 00:30:00,506,4,False,False,,,,Free
2024-05-12 11:45:00,4.217892100303333,9.599999,13.972715380515265,1100,859,248.3846153846154,276.46153846153845,13,5.0,34777,2024-05-12 11:45:00,2024-05-12 11:45:00,29.511153846158027,-95.23038560882162,,2024-05-12,30010,0 days 00:45:00,504,3,False,False,,,,Free
2024-05-12 11:45:00,4.969363712577303,12.266667,19.395074406848256,1100,877,273.5305810449952,196.3929663607448,18,5.0,34791,2024-05-12 11:45:00,2024-05-12 11:45:00,29.259694189554192,-96.03107130694906,,2024-05-12,30341,0 days 00:00:00,509,9,False,False,,,,Free
2024-05-12 11:45:00,9.662394547963444,39.105885,73.3262399731177,1100,880,281.24724046081843,125.40496723434632,68,5.0,34793,2024-05-12 11:45:00,2024-05-12 11:45:00,29.182527595395943,-96.74095127792748,,2024-05-12,30240,0 days 00:15:00,507,5,False,False,,,,Free
2024-05-12 12:00:00,2.8454198764357748,9.599999,6.358908900288559,1101,615,110.0,72.16666666666667,6,5.0,34826,2024-05-12 12:00:00,2024-05-12 12:00:00,30.8950000000044,-97.27333426839084,,2024-05-12,30262,0 days 00:15:00,508,3,False,False,,,,Free
2024-05-12 12:00:00,1.6431468368137137,9.6,2.120521262864566,1101,620,114.0,100.5,2,5.0,34829,2024-05-12 12:00:00,2024-05-12 12:00:00,30.85500000000439,-96.99000094315409,,2024-05-12,30372,0 days 00:00:00,510,3,False,False,,,,Free
2024-05-12 12:00:00,16.276811936045476,14.621538,208.0791536022388,1101,660,176.84201783554985,89.45609298662565,206,5.0,34844,2024-05-12 12:00:00,2024-05-12 12:00:00,30.226579821648794,-97.10044001013188,,2024-05-12,30387,0 days 00:00:00,511,3,False,False,,,,Free
2024-05-12 12:00:00,2.337650230830027,9.6,4.291893559460825,1101,729,231.0,16.5,4,5.0,34878,2024-05-12 12:00:00,2024-05-12 12:00:00,29.68500000000421,-97.83000091915017,,2024-05-12,30136,0 days 00:45:00,506,4,False,False,,,,Free
2024-05-12 12:00:00,11.22972653227483,20.452175,99.04401611709903,1101,752,264.94822732968885,198.42473269236447,92,5.0,34893,2024-05-12 12:00:00,2024-05-12 12:00:00,29.345517726707268,-96.01075364421348,,2024-05-12,30341,0 days 00:15:00,509,9,False,False,,,,Free
2024-05-12 12:00:00,10.54155731869288,22.162962,87.27692378294896,1101,756,274.6086893789915,126.5341677601416,81,5.0,34897,2024-05-12 12:00:00,2024-05-12 12:00:00,29.248913106214225,-96.7296592729922,,2024-05-12,30240,0 days 00:30:00,507,5,False,False,,,,Free
2024-05-12 12:15:00,1.642030696047149,14.400001,2.117641427263332,1102,674,100.80341879993544,75.0,3,5.0,34935,2024-05-12 12:15:00,2024-05-12 12:15:00,30.986965812005057,-97.24500093586715,,2024-05-12,30262,0 days 00:30:00,508,3,False,False,,,,Free
2024-05-12 12:15:00,2.596740806533485,9.6,5.295989151608348,1102,677,104.16666666666669,101.33333333333331,6,5.0,34937,2024-05-12 12:15:00,2024-05-12 12:15:00,30.95333333333774,-96.98166761005888,,2024-05-12,30372,0 days 00:15:00,510,3,False,False,,,,Free
2024-05-12 12:15:00,18.60346047171336,21.571764,271.8174619643854,1102,726,166.17215034032228,89.74718784861633,264,5.0,34961,2024-05-12 12:15:00,2024-05-12 12:15:00,30.33327849660109,-97.09752906159514,,2024-05-12,30387,0 days 00:15:00,511,3,False,False,,,,Free
2024-05-12 12:15:00,14.476359888393956,40.65882,164.59196267100825,1102,810,257.62762565564225,201.811833257939,153,5.0,35010,2024-05-12 12:15:00,2024-05-12 12:15:00,29.418723743447742,-95.97688263952564,,2024-05-12,30341,0 days 00:30:00,509,9,False,False,,,,Free
2024-05-12 12:15:00,12.66523295022282,25.51795,125.98424730577712,1102,817,266.3509895701776,127.4921004758523,118,5.0,35014,2024-05-12 12:15:00,2024-05-12 12:15:00,29.33149010430238,-96.7200799461088,,2024-05-12,30240,0 days 00:45:00,507,5,False,False,,,,Free
2024-05-12 12:15:00,12.933455403151829,24.786884,131.37690339339153,1102,818,267.42526926638044,91.35360398326316,122,5.0,35015,2024-05-12 12:15:00,2024-05-12 12:15:00,29.320747307340348,-97.08146490070776,,2024-05-12,30521,0 days 00:00:00,513,3,False,False,,,,Free
2024-05-12 12:15:00,3.314247834017692,12.0,8.627000905454684,1102,829,281.6138613876968,55.07590759179784,9,5.0,35024,2024-05-12 12:15:00,2024-05-12 12:15:00,29.178861386127164,-97.44424185425568,,2024-05-12,30528,0 days 00:00:00,514,3,False,False,,,,Free
2024-05-12 12:30:00,1.6414276311354945,9.6,2.116086230117444,1103,529,94.0,102.5,2,5.0,35050,2024-05-12 12:30:00,2024-05-12 12:30:00,31.055000000004423,-96.9700009437256,,2024-05-12,30372,0 days 00:30:00,510,3,False,False,,,,Free
2024-05-12 12:30:00,15.784057439469432,41.248352,195.67132538621505,1103,638,250.79618627405128,204.2227611552708,182,5.0,35106,2024-05-12 12:30:00,2024-05-12 12:30:00,29.487038137263664,-95.95277336124128,,2024-05-12,30341,0 days 00:45:00,509,9,False,False,,,,Free
2024-05-12 12:30:00,18.910391792273494,47.521835,280.86067481643227,1103,643,259.1941936490254,129.40918349140327,261,5.0,35111,2024-05-12 12:30:00,2024-05-12 12:30:00,29.40305806351391,-96.70090911650112,,2024-05-12,30240,0 days 01:00:00,507,5,False,False,,,,Free
2024-05-12 12:30:00,14.945794283381089,54.242943,175.43970235986484,1103,646,262.0843241653619,93.31503407725572,166,5.0,35114,2024-05-12 12:30:00,2024-05-12 12:30:00,29.37415675835054,-97.06185060032834,,2024-05-12,30521,0 days 00:15:00,513,3,False,False,,,,Free
2024-05-12 12:30:00,2.027237033564346,9.6,3.2277429704789724,1103,648,258.6666666666667,185.66666666666663,3,5.0,35116,2024-05-12 12:30:00,2024-05-12 12:30:00,29.4083333333375,-96.13833430082468,,2024-05-12,30606,0 days 00:00:00,515,3,False,False,,,,Free
2024-05-12 12:30:00,8.997777933089509,20.82712,63.58584138229261,1103,656,275.7040051511075,54.33990146720714,59,5.0,35120,2024-05-12 12:30:00,2024-05-12 12:30:00,29.237959948493064,-97.45160191529123,,2024-05-12,30528,0 days 00:15:00,514,3,False,False,,,,Free
2024-05-12 12:45:00,,,,1104,594,149.5,87.5,2,5.0,35171,2024-05-12 12:45:00,2024-05-12 12:45:00,30.50000000000433,-97.12000093943914,,2024-05-12,30387,0 days 00:45:00,511,3,False,False,,,,Free
2024-05-12 12:45:00,17.149210961146004,36.79256,230.98201576127053,1104,668,242.16218187981235,206.797017851546,222,5.0,35209,2024-05-12 12:45:00,2024-05-12 12:45:00,29.573378181206067,-95.92703079501416,,2024-05-12,30341,0 days 01:00:00,509,9,False,False,,,,Free
2024-05-12 12:45:00,12.049651243525496,32.966038,114.03517562030822,1104,678,258.2102501830717,96.10902609438892,108,5.0,35219,2024-05-12 12:45:00,2024-05-12 12:45:00,29.41289749817345,-97.0339106809554,,2024-05-12,30521,0 days 00:30:00,513,3,False,False,,,,Free
2024-05-12 12:45:00,3.095377185180284,9.599999,7.525182482867012,1104,679,250.5,189.5833333333333,12,5.0,35220,2024-05-12 12:45:00,2024-05-12 12:45:00,29.49000000000418,-96.09916763527724,,2024-05-12,30606,0 days 00:15:00,515,3,False,False,,,,Free
2024-05-12 12:45:00,8.363387155853804,23.529413,54.93565213861576,1104,689,271.4467724702318,55.63470897817854,51,5.0,35229,2024-05-12 12:45:00,2024-05-12 12:45:00,29.280532275301827,-97.43865384055152,,2024-05-12,30528,0 days 00:30:00,514,3,False,False,,,,Free
2024-05-12 13:00:00,15.986234252488984,29.159359,200.71610768938945,1105,509,232.6524412174537,211.53732530193253,188,5.0,35292,2024-05-12 13:00:00,2024-05-12 13:00:00,29.66847558782967,-95.87962772186488,,2024-05-12,30341,0 days 01:15:00,509,9,False,False,,,,Free
2024-05-12 13:00:00,3.308212825899305,9.6,8.595611208196573,1105,523,244.875,192.75,8,5.0,35303,2024-05-12 13:00:00,2024-05-12 13:00:00,29.546250000004186,-96.06750096951548,,2024-05-12,30606,0 days 00:30:00,515,3,False,False,,,,Free
2024-05-12 13:15:00,1.64919663077821,9.6,2.136164823199813,1106,602,185.5,51.0,2,5.0,35397,2024-05-12 13:15:00,2024-05-12 13:15:00,30.14000000000428,-97.48500092900888,,2024-05-12,30859,0 days 00:00:00,516,3,False,False,,,,Free
2024-05-12 13:15:00,2.85892147059344,9.599999,6.419398461834805,1106,614,202.3333333333333,255.66666666666663,6,5.0,35405,2024-05-12 13:15:00,2024-05-12 13:15:00,29.97166666667092,-95.43833432082796,,2024-05-12,30867,0 days 00:00:00,517,3,False,False,,,,Free
2024-05-12 13:15:00,13.474715277224645,18.550375,142.6031358773402,1106,624,224.92966762013737,217.4768686866857,135,5.0,35410,2024-05-12 13:15:00,2024-05-12 13:15:00,29.745703323802843,-95.82023228971462,,2024-05-12,30341,0 days 01:30:00,509,9,False,False,,,,Free
2024-05-12 13:30:00,5.465699520703411,13.090912,23.46288361380681,1107,643,171.08426965750343,200.65505618266485,22,5.0,35504,2024-05-12 13:30:00,2024-05-12 13:30:00,30.284157303429268,-95.9884504099478,,2024-05-12,30949,0 days 00:00:00,518,3,False,False,,,,Free
2024-05-12 13:30:00,9.613293161262389,11.435292,72.58288967422612,1107,645,179.1457202305208,50.937369524322015,77,5.0,35505,2024-05-12 13:30:00,2024-05-12 13:30:00,30.20354279769908,-97.48562723374778,,2024-05-12,30859,0 days 00:15:00,516,3,False,False,,,,Free
2024-05-12 13:30:00,11.020466823533187,24.701126,95.3871480907057,1107,687,219.7714448089073,223.7418657580981,90,5.0,35528,2024-05-12 13:30:00,2024-05-12 13:30:00,29.797285551915152,-95.7575823207908,,2024-05-12,30341,0 days 01:45:00,509,9,False,False,,,,Free
2024-05-12 13:45:00,13.183106178638852,14.700001,136.49771501042682,1108,582,171.13095615817312,51.36984331028234,130,5.0,35617,2024-05-12 13:45:00,2024-05-12 13:45:00,30.28369043842257,-97.48130249601178,,2024-05-12,30859,0 days 00:30:00,516,3,False,False,,,,Free
2024-05-12 13:45:00,2.604970402370533,9.6,5.3296104611940684,1108,591,165.83333333333334,207.8333333333333,6,5.0,35623,2024-05-12 13:45:00,2024-05-12 13:45:00,30.33666666667097,-95.9166676404924,,2024-05-12,30949,0 days 00:15:00,518,3,False,False,,,,Free
2024-05-12 13:45:00,2.020203094614049,9.6,3.2053831192755533,1108,614,189.0,263.0,3,5.0,35634,2024-05-12 13:45:00,2024-05-12 13:45:00,30.105000000004274,-95.3650009895902,,2024-05-12,30867,0 days 00:30:00,517,3,False,False,,,,Free
2024-05-12 13:45:00,8.89353330112315,14.4,62.12101635174894,1108,627,213.1542379042951,229.1742451853847,59,5.0,35644,2024-05-12 13:45:00,2024-05-12 13:45:00,29.863457620961285,-95.70325852807032,,2024-05-12,30341,0 days 02:00:00,509,9,False,False,,,,Free
2024-05-12 13:45:00,10.124991524613666,13.567999,80.51544879940253,1108,636,235.9853719339989,228.17522565319044,75,5.0,35648,2024-05-12 13:45:00,2024-05-12 13:45:00,29.635146280664213,-95.71324872310674,,2024-05-12,31068,0 days 00:00:00,519,3,False,False,,,,Free
2024-05-12 14:00:00,,,,1109,475,158.5,216.5,2,5.0,35712,2024-05-12 14:00:00,2024-05-12 14:00:00,30.410000000004324,-95.83000097630236,,2024-05-12,30949,0 days 00:30:00,518,3,False,False,,,,Free
2024-05-12 14:00:00,3.49822809997038,9.6,9.61138843827524,1109,496,184.75,268.1666666666667,12,5.0,35721,2024-05-12 14:00:00,2024-05-12 14:00:00,30.14750000000428,-95.3133343244,,2024-05-12,30867,0 days 00:45:00,517,3,False,False,,,,Free
2024-05-12 14:00:00,3.0854425281335938,9.599999,7.476955639479136,1109,498,185.75,135.875,8,5.0,35723,2024-05-12 14:00:00,2024-05-12 14:00:00,30.13750000000428,-96.63625095326285,,2024-05-12,31136,0 days 00:00:00,520,3,False,False,,,,Free
2024-05-12 14:00:00,10.901313487982494,14.675859,93.3356462691298,1109,516,229.2697522257081,232.60892940723903,90,5.0,35734,2024-05-12 14:00:00,2024-05-12 14:00:00,29.70230247774713,-95.66891168683328,,2024-05-12,31068,0 days 00:15:00,519,3,False,False,,,,Free
2024-05-12 14:15:00,1.64861098074844,9.6,2.134647935718701,1110,434,178.5,147.0,2,5.0,35790,2024-05-12 14:15:00,2024-05-12 14:15:00,30.210000000004293,-96.52500095644194,,2024-05-12,31136,0 days 00:15:00,520,3,False,False,,,,Free
2024-05-12 14:15:00,3.304701575707476,9.6,8.57737457938842,1110,464,223.22222222222223,236.88888888888889,9,5.0,35804,2024-05-12 14:15:00,2024-05-12 14:15:00,29.762777777782,-95.62611209323978,,2024-05-12,31068,0 days 00:30:00,519,3,False,False,,,,Free
2024-05-12 14:30:00,1.6478979028626857,9.6,2.132801725714609,1111,399,170.4,156.2,5,5.0,35847,2024-05-12 14:30:00,2024-05-12 14:30:00,30.291000000004303,-96.43300095907097,,2024-05-12,31136,0 days 00:30:00,520,3,False,False,,,,Free
2024-05-12 14:45:00,3.058429647014125,10.971428,7.346608063198824,1112,399,18.110047847981587,18.009569368165714,7,5.0,35882,2024-05-12 14:45:00,2024-05-12 14:45:00,31.813899521524725,-97.81490522589984,,2024-05-12,31275,0 days 00:00:00,521,3,False,False,,,,Free
2024-05-12 15:00:00,,,,1113,355,8.5,25.75,4,5.0,35958,2024-05-12 15:00:00,2024-05-12 15:00:00,31.91000000000456,-97.7375009217934,,2024-05-12,31275,0 days 00:15:00,521,3,False,False,,,,Free
2024-05-12 15:15:00,3.2665112358619868,10.8,8.380273529936593,1114,362,0.5948275915224115,34.206896544636784,8,5.0,36030,2024-05-12 15:15:00,2024-05-12 15:15:00,31.989051724089343,-97.6529319587637,,2024-05-12,31275,0 days 00:30:00,521,3,False,False,,,,Free
2024-05-12 15:15:00,6.281077464675084,9.6,30.98547659816464,1114,449,189.0344827586207,94.51724137931036,29,5.0,36084,2024-05-12 15:15:00,2024-05-12 15:15:00,30.104655172418067,-97.0498285276513,,2024-05-12,31460,0 days 00:00:00,524,3,False,False,,,,Free
2024-05-12 15:30:00,9.754877215823038,16.182858,74.73662743924316,1115,532,181.6014307613881,99.42846193181236,70,5.0,36174,2024-05-12 15:30:00,2024-05-12 15:30:00,30.178985692390405,-97.00071632352972,,2024-05-12,31460,0 days 00:15:00,524,3,False,False,,,,Free
2024-05-12 15:45:00,2.8318402270736427,9.599999,6.298358470589712,1116,482,20.0,22.83333333333333,6,5.0,36222,2024-05-12 15:45:00,2024-05-12 15:45:00,31.79500000000454,-97.7666675876266,,2024-05-12,31586,0 days 00:00:00,525,3,False,False,,,,Free
2024-05-12 16:00:00,2.830920144959058,9.599999,6.294266385515044,1117,526,14.0,26.83333333333333,6,5.0,36318,2024-05-12 16:00:00,2024-05-12 16:00:00,31.855000000004548,-97.72666758876966,,2024-05-12,31586,0 days 00:15:00,525,3,False,False,,,,Free
2024-05-12 16:00:00,,,,1117,641,171.5,108.5,2,5.0,36383,2024-05-12 16:00:00,2024-05-12 16:00:00,30.2800000000043,-96.91000094544016,,2024-05-12,31460,0 days 00:45:00,524,3,False,False,,,,Free
2024-05-12 16:15:00,8.948404509580492,11.839999,62.88992797795649,1118,517,6.705165679754792,29.690058494344484,60,5.0,36419,2024-05-12 16:15:00,2024-05-12 16:15:00,31.92794834320701,-97.69810033797592,,2024-05-12,31586,0 days 00:30:00,525,3,False,False,,,,Free
2024-05-12 16:15:00,6.386846819429064,13.440002,32.037814458029544,1118,642,183.58135862121904,200.928909949572,30,5.0,36499,2024-05-12 16:15:00,2024-05-12 16:15:00,30.15918641379209,-95.985711872357,,2024-05-12,31817,0 days 00:00:00,527,3,False,False,,,,Free
2024-05-12 16:30:00,9.655641707294828,19.06087,73.22378350968023,1119,419,122.12945786817932,159.74541328430206,69,5.0,36558,2024-05-12 16:30:00,2024-05-12 16:30:00,30.773705421322585,-96.39754682724106,,2024-05-12,31872,0 days 00:00:00,528,3,False,False,,,,Free
2024-05-12 16:30:00,2.0378622062227394,9.6,3.261666187421804,1119,490,367.0,414.75,4,5.0,36606,2024-05-12 16:30:00,2024-05-12 16:30:00,28.325000000004,-93.84750103295444,,2024-05-12,31914,0 days 00:00:00,529,3,False,False,,,,Free
2024-05-12 16:45:00,11.562661359730864,23.272732,105.0039156203102,1120,500,117.86245351897836,165.8996283233406,103,5.0,36652,2024-05-12 16:45:00,2024-05-12 16:45:00,30.8163754648146,-96.3360046786093,,2024-05-12,31872,0 days 00:15:00,528,3,False,False,,,,Free
2024-05-12 16:45:00,9.099945973571891,11.331144,65.03804964615027,1120,529,168.01842375168178,201.5562947832481,62,5.0,36667,2024-05-12 16:45:00,2024-05-12 16:45:00,30.314815762487488,-95.97943802419952,,2024-05-12,31817,0 days 00:30:00,527,3,False,False,,,,Free
2024-05-12 16:45:00,7.531536021106095,19.668293,44.550952781644376,1120,582,360.8676421793559,424.8300631915296,41,5.0,36707,2024-05-12 16:45:00,2024-05-12 16:45:00,28.386323578210447,-93.74670040391965,,2024-05-12,31914,0 days 00:15:00,529,3,False,False,,,,Free
2024-05-12 17:00:00,6.363869085991921,10.240002,31.80770650040368,1121,428,113.84527219406972,174.26289396959527,44,5.0,36744,2024-05-12 17:00:00,2024-05-12 17:00:00,30.85654727806369,-96.25237202453668,,2024-05-12,31872,0 days 00:30:00,528,3,False,False,,,,Free
2024-05-12 17:00:00,2.017705194806612,9.6,3.197461365368129,1121,449,164.66666666666666,207.66666666666663,3,5.0,36757,2024-05-12 17:00:00,2024-05-12 17:00:00,30.34833333333765,-95.91833430711142,,2024-05-12,31817,0 days 00:45:00,527,3,False,False,,,,Free
2024-05-12 17:00:00,9.478920121602798,13.44,70.56796738936931,1121,497,352.8986510933017,435.7309515084107,65,5.0,36794,2024-05-12 17:00:00,2024-05-12 17:00:00,28.466013489071003,-93.6376915238659,,2024-05-12,31914,0 days 00:30:00,529,3,False,False,,,,Free
2024-05-12 17:15:00,2.0184945015614533,9.6,3.199963486589077,1122,428,172.33333333333334,458.6666666666667,3,5.0,36847,2024-05-12 17:15:00,2024-05-12 17:15:00,30.271666666670967,-93.40833437883742,,2024-05-12,32123,0 days 00:00:00,532,4,False,False,,,,Free
2024-05-12 17:30:00,13.028806839479076,17.664003,133.32118717359282,1123,410,170.87909035894907,231.65698041900325,125,5.0,36918,2024-05-12 17:30:00,2024-05-12 17:30:00,30.28620909641481,-95.67843117644357,,2024-05-12,32187,0 days 00:00:00,533,3,False,False,,,,Free
2024-05-12 17:30:00,,,,1123,428,190.5,488.5,2,5.0,36932,2024-05-12 17:30:00,2024-05-12 17:30:00,30.09000000000428,-93.11000105402934,,2024-05-12,32197,0 days 00:00:00,534,3,False,False,,,,Free
2024-05-12 17:45:00,225.98594570541303,135.07132,40110.00747466772,1124,406,62.54020187286498,365.5543057632266,38259,5.0,36951,2024-05-12 17:45:00,2024-05-12 17:45:00,31.369597981275824,-94.33945796126396,,2024-05-12,32216,0 days 00:00:00,535,3,False,False,,,,Free
2024-05-12 17:45:00,9.246691535595144,16.609522,67.15256740806883,1124,474,165.77194421172973,236.8206179781071,63,5.0,36991,2024-05-12 17:45:00,2024-05-12 17:45:00,30.337280557887013,-95.6267948023281,,2024-05-12,32187,0 days 00:15:00,533,3,False,False,,,,Free
2024-05-12 17:45:00,4.20085370124157,10.338461,13.860056335986377,1124,480,167.80115273656412,472.1325648422906,13,5.0,36995,2024-05-12 17:45:00,2024-05-12 17:45:00,30.316988472638663,-93.27367540092922,,2024-05-12,32123,0 days 00:30:00,532,4,False,False,,,,Free
2024-05-12 17:45:00,3.2990195556450503,10.8,8.547904495687234,1124,501,189.1982758638408,493.0905172511244,8,5.0,37011,2024-05-12 17:45:00,2024-05-12 17:45:00,30.103017241365865,-93.06409588282986,,2024-05-12,32197,0 days 00:15:00,534,3,False,False,,,,Free
2024-05-12 18:00:00,219.46048602438785,139.93706,37827.057072813855,1125,404,59.56677443267591,372.2373860758099,36516,5.0,37039,2024-05-12 18:00:00,2024-05-12 18:00:00,31.39933225567772,-94.27262716004788,,2024-05-12,32216,0 days 00:15:00,535,3,False,False,,,,Free
2024-05-12 18:00:00,2.0158782932147603,9.6,3.191673797643262,1125,480,146.5,145.25,4,5.0,37084,2024-05-12 18:00:00,2024-05-12 18:00:00,30.530000000004343,-96.54250095594188,,2024-05-12,32334,0 days 00:00:00,536,5,False,False,,,,Free
2024-05-12 18:00:00,13.82991466523268,12.187233,150.22038895862437,1125,486,161.2155121209852,274.92461018880124,141,5.0,37087,2024-05-12 18:00:00,2024-05-12 18:00:00,30.382844878794465,-95.2457548911098,,2024-05-12,32337,0 days 00:00:00,537,4,False,False,,,,Free
2024-05-12 18:00:00,5.462756574833619,9.600002,23.437623752170747,1125,488,160.3181818181818,242.27272727272728,22,5.0,37088,2024-05-12 18:00:00,2024-05-12 18:00:00,30.3918181818225,-95.5722737109399,,2024-05-12,32187,0 days 00:30:00,533,3,False,False,,,,Free
2024-05-12 18:00:00,2.0179799762230943,9.6,3.1983323179648795,1125,499,167.33333333333334,474.3333333333333,3,5.0,37095,2024-05-12 18:00:00,2024-05-12 18:00:00,30.32166666667097,-93.25166771664772,,2024-05-12,32123,0 days 00:45:00,532,4,False,False,,,,Free
2024-05-12 18:00:00,7.096251661309949,10.37838,39.55012852755728,1125,514,193.47236180157972,181.6281407032768,37,5.0,37107,2024-05-12 18:00:00,2024-05-12 18:00:00,30.06027638198847,-96.17871955930455,,2024-05-12,32353,0 days 00:00:00,538,3,False,False,,,,Free
2024-05-12 18:15:00,213.16568114114628,138.25943,35688.1843673968,1126,397,57.96861232487792,380.49877131057576,34263,5.0,37127,2024-05-12 18:15:00,2024-05-12 18:15:00,31.4153138767557,-94.19001331006103,,2024-05-12,32216,0 days 00:30:00,535,3,False,False,,,,Free
2024-05-12 18:15:00,6.783896926828204,10.44706,36.14501112860242,1126,462,139.83245521273415,149.7175974604328,35,5.0,37176,2024-05-12 18:15:00,2024-05-12 18:15:00,30.596675447877008,-96.4978249826142,,2024-05-12,32334,0 days 00:15:00,536,5,False,False,,,,Free
2024-05-12 18:15:00,13.972119584934411,11.733334,153.32552817962787,1126,473,154.93708745916788,281.08415842811195,144,5.0,37181,2024-05-12 18:15:00,2024-05-12 18:15:00,30.445629125412648,-95.18415941047688,,2024-05-12,32337,0 days 00:15:00,537,4,False,False,,,,Free
2024-05-12 18:15:00,,,,1126,479,167.043362656474,478.4416037059569,110,5.0,37186,2024-05-12 18:15:00,2024-05-12 18:15:00,30.32456637343957,-93.21058501409544,,2024-05-12,32123,0 days 01:00:00,532,4,False,False,,,,Free
2024-05-12 18:15:00,9.258045253789014,10.819046,67.31757765113515,1126,492,188.699281876444,185.00942549473456,76,5.0,37196,2024-05-12 18:15:00,2024-05-12 18:15:00,30.108007181239834,-96.1449067123562,,2024-05-12,32353,0 days 00:15:00,538,3,False,False,,,,Free
2024-05-12 18:15:00,3.68829465306449,15.360001,10.684177619266196,1126,495,187.8957529092588,498.5965250908384,10,5.0,37199,2024-05-12 18:15:00,2024-05-12 18:15:00,30.116042470911687,-93.00903580600612,,2024-05-12,32197,0 days 00:45:00,534,3,False,False,,,,Free
2024-05-12 18:15:00,15.13110782700177,25.657145,179.81724257549394,1126,500,205.6928884762087,451.27218770444114,168,5.0,37204,2024-05-12 18:15:00,2024-05-12 18:15:00,29.93807111524216,-93.48227916634664,,2024-05-12,32434,0 days 00:00:00,540,3,False,False,,,,Free
2024-05-12 18:30:00,2.311154513357496,14.400001,4.195153383901343,1127,483,12.0,2.563981034085719,5,5.0,37227,2024-05-12 18:30:00,2024-05-12 18:30:00,31.87500000000455,-97.96936110482692,,2024-05-12,32455,0 days 00:00:00,541,3,False,False,,,,Free
2024-05-12 18:30:00,17.09501174633749,12.266667,229.5243089297886,1127,551,135.80270302867464,289.3052923831608,219,5.0,37274,2024-05-12 18:30:00,2024-05-12 18:30:00,30.63697296971761,-95.10194807327564,,2024-05-12,32501,0 days 00:00:00,542,3,False,False,,,,Free
2024-05-12 18:30:00,2.0144225768473487,9.6,3.1870658862990053,1127,562,133.0,154.0,3,5.0,37282,2024-05-12 18:30:00,2024-05-12 18:30:00,30.66500000000436,-96.45500095844228,,2024-05-12,32334,0 days 00:30:00,536,5,False,False,,,,Free
2024-05-12 18:30:00,11.52345696821402,11.167346,104.29306963278538,1127,572,149.65840939569318,286.64113429231685,100,5.0,37289,2024-05-12 18:30:00,2024-05-12 18:30:00,30.49841590604741,-95.12858965342276,,2024-05-12,32337,0 days 00:30:00,537,4,False,False,,,,Free
2024-05-12 18:30:00,10.558561055776034,11.356097,87.55870961558857,1127,596,185.88140626222088,188.88115868234047,113,5.0,37304,2024-05-12 18:30:00,2024-05-12 18:30:00,30.13618593738207,-96.10618938158656,,2024-05-12,32353,0 days 00:30:00,538,3,False,False,,,,Free
2024-05-12 18:30:00,24.09474496250906,33.171833,455.96819326650217,1127,606,205.10000173515056,456.2073499344205,427,5.0,37313,2024-05-12 18:30:00,2024-05-12 18:30:00,29.943999982652745,-93.43292754545712,,2024-05-12,32434,0 days 00:15:00,540,3,False,False,,,,Free
2024-05-12 18:45:00,1.1554047143106363,9.6,1.0484751745037255,1128,392,8.5,7.5,2,5.0,37339,2024-05-12 18:45:00,2024-05-12 18:45:00,31.91000000000456,-97.92000091657826,,2024-05-12,32455,0 days 00:15:00,541,3,False,False,,,,Free
2024-05-12 18:45:00,5.697500019677915,9.6,25.49520756597449,1128,445,132.2962962962963,296.22222222222223,27,5.0,37369,2024-05-12 18:45:00,2024-05-12 18:45:00,30.6720370370414,-95.03277877686162,,2024-05-12,32501,0 days 00:15:00,542,3,False,False,,,,Free
2024-05-12 18:45:00,5.332767377645971,9.600001,22.335473337815905,1128,463,144.28571428571428,294.7142857142857,21,5.0,37382,2024-05-12 18:45:00,2024-05-12 18:45:00,30.552142857147203,-95.04785814151006,,2024-05-12,32337,0 days 00:45:00,537,4,False,False,,,,Free
2024-05-12 18:45:00,,,,1128,481,202.70026072040545,462.7548866230509,560,5.0,37396,2024-05-12 18:45:00,2024-05-12 18:45:00,29.9679973928002,-93.36745218044184,,2024-05-12,32434,0 days 00:30:00,540,3,False,False,,,,Free
2024-05-12 18:45:00,8.681105807011457,17.279999,59.18886068544429,1128,508,260.78679301499824,73.08498668054243,55,5.0,37413,2024-05-12 18:45:00,2024-05-12 18:45:00,29.38713206985418,-97.26415106851448,,2024-05-12,32616,0 days 00:00:00,544,3,False,False,,,,Free
2024-05-12 19:00:00,5.418350927903568,14.836366,23.05813301142804,1129,424,5.394503550783776,13.41046095617394,24,5.0,37422,2024-05-12 19:00:00,2024-05-12 19:00:00,31.94105496449672,-97.86089630870556,,2024-05-12,32455,0 days 00:30:00,541,3,False,False,,,,Free
2024-05-12 19:00:00,1.638957344895526,9.6,2.109721764057937,1129,450,65.5,138.0,2,5.0,37435,2024-05-12 19:00:00,2024-05-12 19:00:00,31.340000000004466,-96.6150009538701,,2024-05-12,32636,0 days 00:00:00,545,3,False,False,,,,Free
2024-05-12 19:00:00,2.3190653650842696,9.6,4.223921719814388,1129,458,75.8,140.2,5,5.0,37441,2024-05-12 19:00:00,2024-05-12 19:00:00,31.23700000000445,-96.5930009544988,,2024-05-12,32642,0 days 00:00:00,546,4,False,False,,,,Free
2024-05-12 19:00:00,1.1627865423638848,9.6,1.0619152921328667,1129,487,128.5,160.5,2,5.0,37458,2024-05-12 19:00:00,2024-05-12 19:00:00,30.71000000000437,-96.39000096029974,,2024-05-12,32334,0 days 01:00:00,536,5,False,False,,,,Free
2024-05-12 19:00:00,5.732127383954598,14.0,25.8060507794836,1129,546,252.27651858575385,99.14777878630728,25,5.0,37497,2024-05-12 19:00:00,2024-05-12 19:00:00,29.47223481414664,-97.0035231549046,,2024-05-12,32691,0 days 00:00:00,548,3,False,False,,,,Free
2024-05-12 19:15:00,7.119252339512443,11.368422,39.80692720645568,1130,437,0.6859504197368639,104.2190082568092,38,5.0,37506,2024-05-12 19:15:00,2024-05-12 19:15:00,31.9881404958072,-96.95281086164869,,2024-05-12,32700,0 days 00:00:00,549,3,False,False,,,,Free
2024-05-12 19:15:00,19.05090362080701,38.4,285.0499972845011,1130,438,2.5421363459468167,136.56166347776332,272,5.0,37507,2024-05-12 19:15:00,2024-05-12 19:15:00,31.96957863654509,-96.62938431868145,,2024-05-12,32701,0 days 00:00:00,550,3,False,False,,,,Free
2024-05-12 19:15:00,5.182576459506095,11.52,21.095086835536115,1130,476,64.75613496304366,143.1702454072979,20,5.0,37531,2024-05-12 19:15:00,2024-05-12 19:15:00,31.34743865037403,-96.56329850127456,,2024-05-12,32636,0 days 00:15:00,545,3,False,False,,,,Free
2024-05-12 19:15:00,1.6443858800011228,9.6,2.123720499829046,1130,511,128.5,168.0,2,5.0,37555,2024-05-12 19:15:00,2024-05-12 19:15:00,30.71000000000437,-96.31500096244292,,2024-05-12,32334,0 days 01:15:00,536,5,False,False,,,,Free
2024-05-12 19:15:00,2.3257839339083626,9.6,4.248431435854752,1130,514,130.75,295.75,4,5.0,37558,2024-05-12 19:15:00,2024-05-12 19:15:00,30.687500000004366,-95.03750099894889,,2024-05-12,32501,0 days 00:45:00,542,3,False,False,,,,Free
2024-05-12 19:15:00,14.799322478510152,24.66,172.01786319674244,1130,573,250.5031154852924,104.17491103147466,160,5.0,37604,2024-05-12 19:15:00,2024-05-12 19:15:00,29.489968845151253,-96.95325183388944,,2024-05-12,32691,0 days 00:15:00,548,3,False,False,,,,Free
2024-05-12 19:15:00,7.40150606043054,20.880001,43.02591149412098,1130,575,255.8643326110361,85.774929663392,41,5.0,37606,2024-05-12 19:15:00,2024-05-12 19:15:00,29.43635667389381,-97.13725164231226,,2024-05-12,32616,0 days 00:30:00,544,3,False,False,,,,Free
2024-05-12 19:30:00,8.643049006749285,15.085715,58.67104618448531,1131,366,1.7509659385373186,143.07024938112923,57,5.0,37611,2024-05-12 19:30:00,2024-05-12 19:30:00,31.977490340619195,-96.56429846150768,,2024-05-12,32701,0 days 00:15:00,550,3,False,False,,,,Free
2024-05-12 19:30:00,3.4648943655719595,9.6,9.42909212505608,1131,373,2.272727272727273,110.27272727272728,11,5.0,37616,2024-05-12 19:30:00,2024-05-12 19:30:00,31.972272727277293,-96.89227367321944,,2024-05-12,32700,0 days 00:15:00,549,3,False,False,,,,Free
2024-05-12 19:30:00,1.6399136330660118,9.6,2.112184415757485,1131,403,76.5,150.0,2,5.0,37634,2024-05-12 19:30:00,2024-05-12 19:30:00,31.23000000000445,-96.49500095729924,,2024-05-12,32642,0 days 00:30:00,546,4,False,False,,,,Free
2024-05-12 19:30:00,1.6416862646862165,9.6,2.116753130079679,1131,412,97.0,142.5,2,5.0,37640,2024-05-12 19:30:00,2024-05-12 19:30:00,31.02500000000441,-96.57000095515605,,2024-05-12,32815,0 days 00:00:00,551,3,False,False,,,,Free
2024-05-12 19:30:00,13.453593220445947,60.99248,142.1564161195429,1131,455,193.4572848059208,227.19323217556905,133,5.0,37671,2024-05-12 19:30:00,2024-05-12 19:30:00,30.06042715194506,-95.72306865760235,,2024-05-12,32843,0 days 00:00:00,552,6,False,False,,,,Free
2024-05-12 19:30:00,6.078724975565746,12.088891,29.021166897744028,1131,474,249.760710524189,109.86729363690004,27,5.0,37684,2024-05-12 19:30:00,2024-05-12 19:30:00,29.49739289476229,-96.89632800946184,,2024-05-12,32691,0 days 00:30:00,548,3,False,False,,,,Free
2024-05-12 19:45:00,11.3771198018521,13.261856,101.6610389780336,1132,434,4.01529735635259,115.714532370061,99,5.0,37693,2024-05-12 19:45:00,2024-05-12 19:45:00,31.95484702644104,-96.83785562380116,,2024-05-12,32700,0 days 00:30:00,549,3,False,False,,,,Free
2024-05-12 19:45:00,4.619465816509272,11.4,16.75997617112681,1132,435,0.4766355156846436,149.83177569510374,17,5.0,37694,2024-05-12 19:45:00,2024-05-12 19:45:00,31.990233644847724,-96.49668320030014,,2024-05-12,32701,0 days 00:30:00,550,3,False,False,,,,Free
2024-05-12 19:45:00,1.6389137953241153,9.6,2.1096096485617704,1132,474,65.0,152.5,2,5.0,37722,2024-05-12 19:45:00,2024-05-12 19:45:00,31.345000000004468,-96.47000095801366,,2024-05-12,32636,0 days 00:45:00,545,3,False,False,,,,Free
2024-05-12 19:45:00,9.905912028985655,14.5972595,77.06883872069292,1132,475,74.13045958708807,155.49072228762122,73,5.0,37723,2024-05-12 19:45:00,2024-05-12 19:45:00,31.253695404133573,-96.44009373599204,,2024-05-12,32642,0 days 00:45:00,546,4,False,False,,,,Free
2024-05-12 19:45:00,6.031565121634928,18.133335,28.57261068190438,1132,486,95.6042345291292,148.486427793974,30,5.0,37731,2024-05-12 19:45:00,2024-05-12 19:45:00,31.03895765471313,-96.51013667892698,,2024-05-12,32815,0 days 00:15:00,551,3,False,False,,,,Free
2024-05-12 19:45:00,14.096210929286697,103.95616,156.061098938199,1132,555,193.1169329272026,230.8861125965896,146,5.0,37785,2024-05-12 19:45:00,2024-05-12 19:45:00,30.06383067073224,-95.68613985444745,,2024-05-12,32843,0 days 00:15:00,552,6,False,False,,,,Free
2024-05-12 19:45:00,2.86642867727894,9.599999,6.453155964171794,1132,569,255.07142857142856,96.71428571428572,14,5.0,37795,2024-05-12 19:45:00,2024-05-12 19:45:00,29.444285714289887,-97.0278580849294,,2024-05-12,32616,0 days 01:00:00,544,3,False,False,,,,Free
2024-05-12 20:00:00,1.639522859991438,9.6,2.111177915852137,1133,449,72.0,161.5,2,5.0,37831,2024-05-12 20:00:00,2024-05-12 20:00:00,31.275000000004457,-96.38000096058543,,2024-05-12,32642,0 days 01:00:00,546,4,False,False,,,,Free
2024-05-12 20:00:00,,,,1133,475,110.83333333333331,304.8333333333333,12,5.0,37849,2024-05-12 20:00:00,2024-05-12 20:00:00,30.886666666671065,-94.9466676682112,,2024-05-12,32997,0 days 00:00:00,553,3,False,False,,,,Free
2024-05-12 20:00:00,11.574786325756335,19.781818,105.22425182355074,1133,497,137.67993501617522,158.27281343841764,102,5.0,37865,2024-05-12 20:00:00,2024-05-12 20:00:00,30.618200649842603,-96.4122728252791,,2024-05-12,33011,0 days 00:00:00,554,3,False,False,,,,Free
2024-05-12 20:00:00,12.99003727110315,68.90322,132.5289251361947,1133,523,192.0764260307967,233.67256437495652,124,5.0,37887,2024-05-12 20:00:00,2024-05-12 20:00:00,30.074235739696302,-95.65827533746,,2024-05-12,32843,0 days 00:30:00,552,6,False,False,,,,Free
2024-05-12 20:00:00,11.37231449823646,17.886314,101.57518086959836,1133,525,196.92146828141395,199.00614212109923,122,5.0,37889,2024-05-12 20:00:00,2024-05-12 20:00:00,30.025785317190124,-96.00493955009227,,2024-05-12,33033,0 days 00:00:00,555,3,False,False,,,,Free
2024-05-12 20:00:00,2.333937211090309,12.0,4.278270281375101,1133,528,199.16428571671847,458.3428571331258,4,5.0,37892,2024-05-12 20:00:00,2024-05-12 20:00:00,30.00335714283707,-93.41157247408034,,2024-05-12,33036,0 days 00:00:00,556,3,False,False,,,,Free
2024-05-12 20:15:00,,,,1134,416,92.63921568334126,158.90196079164687,9,5.0,37942,2024-05-12 20:15:00,2024-05-12 20:15:00,31.06860784317101,-96.40598135192658,,2024-05-12,32815,0 days 00:45:00,551,3,False,False,,,,Free
2024-05-12 20:15:00,19.121829406197385,10.41476,287.176408674748,1134,426,109.82621672031192,308.8842310081468,287,5.0,37948,2024-05-12 20:15:00,2024-05-12 20:15:00,30.89673783280128,-94.90615869262068,,2024-05-12,32997,0 days 00:15:00,553,3,False,False,,,,Free
2024-05-12 20:15:00,9.377477064366923,16.246153,69.06561805777001,1134,451,134.25581397539378,164.4746921879956,65,5.0,37968,2024-05-12 20:15:00,2024-05-12 20:15:00,30.652441860250423,-96.35025403955558,,2024-05-12,33011,0 days 00:15:00,554,3,False,False,,,,Free
2024-05-12 20:15:00,14.332375616192651,87.16291,161.3341273078045,1134,474,189.47716536663884,236.71062177464552,151,5.0,37985,2024-05-12 20:15:00,2024-05-12 20:15:00,30.10022834633789,-95.6278947643313,,2024-05-12,32843,0 days 00:45:00,552,6,False,False,,,,Free
2024-05-12 20:15:00,20.47687211916187,30.888313,329.3192498758942,1134,475,196.72866059468103,200.4849715708333,309,5.0,37986,2024-05-12 20:15:00,2024-05-12 20:15:00,30.027713394057454,-95.99015125601755,,2024-05-12,33033,0 days 00:15:00,555,3,False,False,,,,Free
2024-05-12 20:30:00,28.57130924112698,11.170909,641.1360023552398,1135,515,110.01746305632656,314.5947504585441,615,5.0,38053,2024-05-12 20:30:00,2024-05-12 20:30:00,30.894825369441133,-94.84905349974856,,2024-05-12,32997,0 days 00:30:00,553,3,False,False,,,,Free
2024-05-12 20:30:00,10.335946836262876,15.068352,83.90549715786112,1135,534,130.558786977546,169.8583146918818,81,5.0,38066,2024-05-12 20:30:00,2024-05-12 20:30:00,30.689412130228902,-96.29641781605513,,2024-05-12,33011,0 days 00:30:00,554,3,False,False,,,,Free
2024-05-12 20:30:00,16.858927897193027,78.40765,223.2285755009852,1135,569,186.1021756768231,241.0303607049455,209,5.0,38097,2024-05-12 20:30:00,2024-05-12 20:30:00,30.133978243236047,-95.58469737626268,,2024-05-12,32843,0 days 01:00:00,552,6,False,False,,,,Free
2024-05-12 20:30:00,5.834487098138894,31.104002,26.73592713885578,1135,574,197.9776279496912,468.2816426755913,25,5.0,38102,2024-05-12 20:30:00,2024-05-12 20:30:00,30.01522372050735,-93.31218462149576,,2024-05-12,33036,0 days 00:30:00,556,3,False,False,,,,Free
2024-05-12 20:45:00,2.318328071238268,9.6,4.221236347956259,1136,438,69.5,218.5,4,5.0,38148,2024-05-12 20:45:00,2024-05-12 20:45:00,31.30000000000446,-95.81000097687388,,2024-05-12,33251,0 days 00:00:00,559,4,False,False,,,,Free
2024-05-12 20:45:00,17.96049837895568,19.443043,253.35334843654027,1136,499,193.7657610437913,206.04066607145728,237,5.0,38195,2024-05-12 20:45:00,2024-05-12 20:45:00,30.057342389566355,-95.9345943125989,,2024-05-12,33033,0 days 00:45:00,555,3,False,False,,,,Free
2024-05-12 20:45:00,2.8580092399224712,12.8,6.415302485111892,1136,505,195.79487180009684,470.7051281999032,6,5.0,38198,2024-05-12 20:45:00,2024-05-12 20:45:00,30.037051282003294,-93.2879497669452,,2024-05-12,33036,0 days 00:45:00,556,3,False,False,,,,Free
2024-05-12 21:00:00,2.596686409439587,9.6,5.295767270856148,1137,546,104.0,345.0,5,5.0,38286,2024-05-12 21:00:00,2024-05-12 21:00:00,30.955000000004407,-94.5450010130226,,2024-05-12,33376,0 days 00:00:00,560,3,False,False,,,,Free
2024-05-12 21:00:00,1.6489039887224322,9.6,2.135406785995075,1137,598,182.0,249.5,2,5.0,38330,2024-05-12 21:00:00,2024-05-12 21:00:00,30.175000000004285,-95.5000009857324,,2024-05-12,32843,0 days 01:30:00,552,6,False,False,,,,Free
2024-05-12 21:15:00,2.007286823715724,9.6,3.1645265883576097,1138,406,65.33333333333333,229.66666666666663,3,5.0,38385,2024-05-12 21:15:00,2024-05-12 21:15:00,31.34166666667113,-95.69833431339816,,2024-05-12,33251,0 days 00:30:00,559,4,False,False,,,,Free
2024-05-12 21:15:00,6.607298152755577,73.8,34.28764764645125,1138,474,217.52289242644284,497.84883720326815,32,5.0,38436,2024-05-12 21:15:00,2024-05-12 21:15:00,29.8197710757398,-93.01651268466816,,2024-05-12,33503,0 days 00:00:00,562,3,False,False,,,,Free
2024-05-12 21:30:00,2.838077981484437,9.599999,6.3261360851482,1139,297,61.42857142857143,235.28571428571428,7,5.0,38469,2024-05-12 21:30:00,2024-05-12 21:30:00,31.38071428571876,-95.6421438388134,,2024-05-12,33251,0 days 00:45:00,559,4,False,False,,,,Free
2024-05-12 21:30:00,5.444896286618129,9.600002,23.284617332706645,1139,313,97.13636363636364,360.3181818181818,22,5.0,38478,2024-05-12 21:30:00,2024-05-12 21:30:00,31.023636363640783,-94.39181919921816,,2024-05-12,33376,0 days 00:30:00,560,3,False,False,,,,Free
2024-05-12 21:30:00,12.7933381091986,129.51999,128.5457246855437,1139,360,213.476764111986,496.7405905156243,120,5.0,38522,2024-05-12 21:30:00,2024-05-12 21:30:00,29.86023235888437,-93.0275951512279,,2024-05-12,33503,0 days 00:15:00,562,3,False,False,,,,Free
2024-05-12 21:45:00,1.6383469338035803,9.6,2.108150572767444,1140,386,58.5,240.0,2,5.0,38543,2024-05-12 21:45:00,2024-05-12 21:45:00,31.41000000000448,-95.59500098301773,,2024-05-12,33251,0 days 01:00:00,559,4,False,False,,,,Free
2024-05-12 21:45:00,3.482217382292992,9.6,9.523610814385805,1140,414,95.22222222222224,366.77777777777777,9,5.0,38561,2024-05-12 21:45:00,2024-05-12 21:45:00,31.0427777777822,-94.32722324146806,,2024-05-12,33376,0 days 00:45:00,560,3,False,False,,,,Free
2024-05-12 21:45:00,13.667705673070351,96.63066,146.7172293997008,1140,459,209.35996626414573,495.98268199957937,137,5.0,38601,2024-05-12 21:45:00,2024-05-12 21:45:00,29.901400337362784,-93.03517423617176,,2024-05-12,33503,0 days 00:30:00,562,3,False,False,,,,Free
2024-05-12 22:00:00,4.028601881692827,9.599999,12.74672404598837,1141,512,131.83333333333334,195.8333333333333,12,5.0,38670,2024-05-12 22:00:00,2024-05-12 22:00:00,30.67666666667103,-96.03666763706326,,2024-05-12,33711,0 days 00:00:00,563,3,False,False,,,,Free
2024-05-12 22:00:00,12.9961831545929,98.16775,132.65435972840135,1141,542,202.0815906032101,495.1573990665575,124,5.0,38693,2024-05-12 22:00:00,2024-05-12 22:00:00,29.974184093972152,-93.04342706526614,,2024-05-12,33727,0 days 00:00:00,564,3,False,False,,,,Free
2024-05-12 22:15:00,3.4885001731261926,9.6,9.558007767055956,1142,314,129.77777777777777,199.5555555555556,9,5.0,38735,2024-05-12 22:15:00,2024-05-12 22:15:00,30.69722222222659,-95.99944541590467,,2024-05-12,33711,0 days 00:15:00,563,3,False,False,,,,Free
2024-05-12 22:15:00,12.01083691822144,71.54717,113.30169886147984,1142,334,193.7698610631768,495.0239580396668,106,5.0,38752,2024-05-12 22:15:00,2024-05-12 22:15:00,30.057301389372498,-93.04476147549695,,2024-05-12,33727,0 days 00:15:00,564,3,False,False,,,,Free
2024-05-12 22:30:00,8.409244455704368,37.29231,55.53973924875514,1143,450,185.5263220577283,494.3421867748888,52,5.0,38831,2024-05-12 22:30:00,2024-05-12 22:30:00,30.139736779427,-93.05157918794988,,2024-05-12,33727,0 days 00:30:00,564,3,False,False,,,,Free
2024-05-12 22:45:00,1.64404469312872,9.6,2.122839307168168,1144,297,124.5,211.0,2,5.0,38872,2024-05-12 22:45:00,2024-05-12 22:45:00,30.750000000004377,-95.88500097473064,,2024-05-12,33711,0 days 00:45:00,563,3,False,False,,,,Free
2024-05-12 22:45:00,1.6463808397617852,9.6,2.1288765972930306,1144,317,152.0,98.5,2,5.0,38888,2024-05-12 22:45:00,2024-05-12 22:45:00,30.47500000000433,-97.01000094258256,,2024-05-12,33905,0 days 00:00:00,565,3,False,False,,,,Free
2024-05-12 23:00:00,1.643916629606025,9.6,2.1225086012054017,1145,345,123.0,96.5,2,5.0,38943,2024-05-12 23:00:00,2024-05-12 23:00:00,30.765000000004378,-97.03000094201104,,2024-05-12,33957,0 days 00:00:00,566,3,False,False,,,,Free
2024-05-12 23:00:00,4.032274980131183,9.599999,12.769978424424366,1145,363,149.5,103.5,12,5.0,38960,2024-05-12 23:00:00,2024-05-12 23:00:00,30.50000000000433,-96.96000094401133,,2024-05-12,33905,0 days 00:15:00,565,3,False,False,,,,Free
2024-05-12 23:15:00,2.8564923416697603,11.2,6.4084944044957375,1146,329,185.3709677460704,376.7526881692864,6,5.0,39046,2024-05-12 23:15:00,2024-05-12 23:15:00,30.141290322543576,-94.22747414040344,,2024-05-12,34047,0 days 00:00:00,567,4,False,False,,,,Free
2024-05-12 23:15:00,2.6082556742008367,17.28,5.343061869332612,1146,330,190.3061889265992,498.3876221468016,5,5.0,39047,2024-05-12 23:15:00,2024-05-12 23:15:00,30.09193811073828,-93.0111248353868,,2024-05-12,34048,0 days 00:00:00,568,4,False,False,,,,Free
2024-05-12 23:30:00,4.190544708470452,35.446156,13.79211400266583,1147,295,120.7182817150219,106.90859142012684,14,5.0,39083,2024-05-12 23:30:00,2024-05-12 23:30:00,30.78781718285416,-96.9259150307841,,2024-05-12,33957,0 days 00:30:00,566,3,False,False,,,,Free
2024-05-12 23:30:00,2.327166362668898,9.6,4.253483409254361,1147,308,142.25,114.0,4,5.0,39096,2024-05-12 23:30:00,2024-05-12 23:30:00,30.572500000004347,-96.85500094701185,,2024-05-12,33905,0 days 00:45:00,565,3,False,False,,,,Free
2024-05-12 23:30:00,6.897309737347959,72.68572,37.36365384630765,1147,324,180.183115240874,375.3928239712605,35,5.0,39110,2024-05-12 23:30:00,2024-05-12 23:30:00,30.193168847595548,-94.24107278199511,,2024-05-12,34047,0 days 00:15:00,567,4,False,False,,,,Free
2024-05-12 23:30:00,4.80848669013173,18.07059,18.15961838821409,1147,327,186.42124212853915,498.51485148089904,17,5.0,39112,2024-05-12 23:30:00,2024-05-12 23:30:00,30.130787578718888,-93.00985254208216,,2024-05-12,34048,0 days 00:15:00,568,4,False,False,,,,Free
2024-05-12 23:30:00,2.367126475383068,9.6,4.400811908198284,1147,346,497.2,353.0,5,5.0,39128,2024-05-12 23:30:00,2024-05-12 23:30:00,27.0230000000038,-94.4650010153087,,2024-05-12,34115,0 days 00:00:00,569,3,False,False,,,,Free
2024-05-12 23:45:00,12.354689996185863,34.06726,119.88189145790656,1148,273,119.41576975799438,112.12577094104527,118,5.0,39146,2024-05-12 23:45:00,2024-05-12 23:45:00,30.80084230242444,-96.8737432370658,,2024-05-12,33957,0 days 00:45:00,566,3,False,False,,,,Free
2024-05-12 23:45:00,9.02917894765783,99.68,64.03042758602426,1148,312,177.0563652962546,375.24419098267407,60,5.0,39180,2024-05-12 23:45:00,2024-05-12 23:45:00,30.224436347041745,-94.24255911183847,,2024-05-12,34047,0 days 00:30:00,567,4,False,False,,,,Free
2024-05-12 23:45:00,3.29791246511068,44.4,8.54216841795837,1148,317,181.9511421145632,498.8489847689012,8,5.0,39185,2024-05-12 23:45:00,2024-05-12 23:45:00,30.17548857885865,-93.00651120929764,,2024-05-12,34048,0 days 00:30:00,568,4,False,False,,,,Free
2024-05-12 23:45:00,10.23217794490501,12.543999,82.2291971130836,1148,321,458.67020147540046,420.65394134623546,75,5.0,39189,2024-05-12 23:45:00,2024-05-12 23:45:00,27.40829798524985,-93.78846162117918,,2024-05-12,34170,0 days 00:00:00,572,3,False,False,,,,Free
2024-05-12 23:45:00,4.879713387051501,9.6,18.701589059364714,1148,327,495.88235294117646,353.1764705882353,17,5.0,39194,2024-05-12 23:45:00,2024-05-12 23:45:00,27.03617647059203,-94.46323630947676,,2024-05-12,34115,0 days 00:15:00,569,3,False,False,,,,Free
2024-05-13 00:00:00,7.3711064074246195,20.4,42.6732030859737,1149,385,174.40584414754034,374.9759740437358,40,5.0,39255,2024-05-13 00:00:00,2024-05-13 00:00:00,30.250941558528893,-94.2452412811512,,2024-05-13,34047,0 days 00:45:00,567,4,False,False,,,,Free
2024-05-13 00:00:00,3.497419522569952,21.333334,9.606945815838372,1149,392,180.12928759462906,463.1240105550856,10,5.0,39261,2024-05-13 00:00:00,2024-05-13 00:00:00,30.193707124058,-93.363760941227,,2024-05-13,34232,0 days 00:00:00,573,5,False,False,,,,Free
2024-05-13 00:00:00,1.648694733120753,9.6,2.1348648290573657,1149,395,179.5,499.0,2,5.0,39264,2024-05-13 00:00:00,2024-05-13 00:00:00,30.200000000004287,-93.0050010570298,,2024-05-13,34048,0 days 00:45:00,568,4,False,False,,,,Free
2024-05-13 00:00:00,13.625482518287429,9.599998,145.81213301443037,1149,407,457.9111111111111,420.962962962963,135,5.0,39274,2024-05-13 00:00:00,2024-05-13 00:00:00,27.41588888889274,-93.78537140510024,,2024-05-13,34170,0 days 00:15:00,572,3,False,False,,,,Free
2024-05-13 00:00:00,2.367126475383068,9.6,4.400811908198284,1149,414,497.2,353.0,5,5.0,39279,2024-05-13 00:00:00,2024-05-13 00:00:00,27.0230000000038,-94.4650010153087,,2024-05-13,34115,0 days 00:30:00,569,3,False,False,,,,Free
2024-05-13 00:15:00,4.259919039332422,9.599999,14.252549959435532,1150,418,457.9230769230769,421.0,13,5.0,39356,2024-05-13 00:15:00,2024-05-13 00:15:00,27.415769230773083,-93.78500103474045,,2024-05-13,34170,0 days 00:30:00,572,3,False,False,,,,Free
2024-05-13 00:30:00,23.251224538343223,65.1015,424.6015172619417,1151,395,176.02475794089432,458.2140094817289,401,5.0,39412,2024-05-13 00:30:00,2024-05-13 00:30:00,30.23475242059536,-93.41286095055744,,2024-05-13,34232,0 days 00:30:00,573,5,False,False,,,,Free
2024-05-13 00:45:00,13.645193873580082,55.427742,146.23431750724936,1152,409,179.36455241802958,461.5739498598844,139,5.0,39500,2024-05-13 00:45:00,2024-05-13 00:45:00,30.201354475824,-93.37926154773606,,2024-05-13,34232,0 days 00:45:00,573,5,False,False,,,,Free
2024-05-13 01:00:00,7.282451340697527,28.8,41.65288279721037,1153,443,184.42735226228723,463.01045445338616,41,5.0,39592,2024-05-13 01:00:00,2024-05-13 01:00:00,30.150726477381408,-93.36489650221154,,2024-05-13,34232,0 days 01:00:00,573,5,False,False,,,,Free
2024-05-13 01:15:00,1.643959322724397,9.6,2.122618847292091,1154,358,123.5,172.0,2,5.0,39659,2024-05-13 01:15:00,2024-05-13 01:15:00,30.76000000000437,-96.27500096358597,,2024-05-13,34582,0 days 00:00:00,575,3,False,False,,,,Free
2024-05-13 01:30:00,2.608993547788484,13.440001,5.346085393395304,1155,421,195.7725118536964,466.0,5,5.0,39766,2024-05-13 01:30:00,2024-05-13 01:30:00,30.0372748814673,-93.33500104759968,,2024-05-13,34232,0 days 01:30:00,573,5,False,False,,,,Free
2024-05-13 01:30:00,6.396189082053605,44.159996,32.131608653335846,1155,429,212.24390246868185,380.1629941350393,31,5.0,39773,2024-05-13 01:30:00,2024-05-13 01:30:00,29.87256097531742,-94.19337108172044,,2024-05-13,34684,0 days 00:00:00,576,3,False,False,,,,Free
2024-05-13 01:30:00,4.876855449595374,9.6,18.67968928124612,1155,449,482.5,225.38888888888889,18,5.0,39791,2024-05-13 01:30:00,2024-05-13 01:30:00,27.170000000003817,-95.74111208995356,,2024-05-13,34700,0 days 00:00:00,577,3,False,False,,,,Free
2024-05-13 01:45:00,2.598557624196366,9.6,5.303402454149821,1156,509,117.8,188.6,5,5.0,39838,2024-05-13 01:45:00,2024-05-13 01:45:00,30.817000000004384,-96.1090009683296,,2024-05-13,34582,0 days 00:30:00,575,3,False,False,,,,Free
2024-05-13 01:45:00,6.179605858098987,30.857143,29.992414796851456,1156,558,214.28480662867057,382.717955796876,28,5.0,39872,2024-05-13 01:45:00,2024-05-13 01:45:00,29.85215193371753,-94.16782146583216,,2024-05-13,34684,0 days 00:15:00,576,3,False,False,,,,Free
2024-05-13 01:45:00,5.154275683449135,11.621054,20.865325720401625,1156,594,477.04296295427656,234.82074074775267,21,5.0,39904,2024-05-13 01:45:00,2024-05-13 01:45:00,27.22457037046106,-95.64679357406015,,2024-05-13,34700,0 days 00:15:00,577,3,False,False,,,,Free
2024-05-13 02:00:00,5.572750107955924,10.434785,24.39096703690773,1157,424,116.21913579747256,422.7839506191009,24,5.0,39941,2024-05-13 02:00:00,2024-05-13 02:00:00,30.83280864202966,-93.7671615290592,,2024-05-13,34825,0 days 00:00:00,578,3,False,False,,,,Free
2024-05-13 02:00:00,5.196438574124272,10.560001,21.20808607170883,1157,425,115.16187050853308,196.06834533916583,20,5.0,39942,2024-05-13 02:00:00,2024-05-13 02:00:00,30.84338129491906,-96.03431751707213,,2024-05-13,34582,0 days 00:45:00,575,3,False,False,,,,Free
2024-05-13 02:00:00,3.693735253081925,18.24,10.71572130812047,1157,469,217.8927492448218,386.9305135932077,10,5.0,39982,2024-05-13 02:00:00,2024-05-13 02:00:00,29.81607250755601,-94.12569588907265,,2024-05-13,34684,0 days 00:30:00,576,3,False,False,,,,Free
2024-05-13 02:00:00,2.047545768554921,9.6,3.2927375619638046,1157,515,470.3333333333333,246.3333333333333,3,5.0,40017,2024-05-13 02:00:00,2024-05-13 02:00:00,27.2916666666705,-95.53166765149422,,2024-05-13,34700,0 days 00:30:00,577,3,False,False,,,,Free
2024-05-13 02:15:00,4.800186538220034,11.294118,18.096980177050337,1158,470,153.31962615256435,358.5158878564647,17,5.0,40078,2024-05-13 02:15:00,2024-05-13 02:15:00,30.46180373847869,-94.4098421383203,,2024-05-13,34948,0 days 00:00:00,579,3,False,False,,,,Free
2024-05-13 02:15:00,2.360218471809685,19.2,4.375163540675569,1158,512,432.25,16.411971835715505,4,5.0,40109,2024-05-13 02:15:00,2024-05-13 02:15:00,27.672500000003893,-97.8308812007678,,2024-05-13,34976,0 days 00:00:00,580,3,False,False,,,,Free
2024-05-13 02:30:00,2.598801043584543,9.6,5.304396091107044,1159,471,119.6,435.8,5,5.0,40161,2024-05-13 02:30:00,2024-05-13 02:30:00,30.799000000004384,-93.63700103896969,,2024-05-13,34825,0 days 00:30:00,578,3,False,False,,,,Free
2024-05-13 02:30:00,1.646634345198227,9.6,2.129532245521304,1159,497,155.0,364.5,2,5.0,40182,2024-05-13 02:30:00,2024-05-13 02:30:00,30.445000000004327,-94.35000101859498,,2024-05-13,34948,0 days 00:15:00,579,3,False,False,,,,Free
2024-05-13 02:30:00,1.6684485850235968,9.6,2.1863291101646265,1159,529,426.0,24.5,2,5.0,40207,2024-05-13 02:30:00,2024-05-13 02:30:00,27.735000000003904,-97.75000092143624,,2024-05-13,34976,0 days 00:15:00,580,3,False,False,,,,Free
2024-05-13 02:45:00,4.649894521746881,9.6,16.981501362235015,1160,492,123.8125,439.0,16,5.0,40268,2024-05-13 02:45:00,2024-05-13 02:45:00,30.75687500000437,-93.60500103988414,,2024-05-13,34825,0 days 00:45:00,578,3,False,False,,,,Free
2024-05-13 02:45:00,3.6809087758396335,9.6,10.641429943076016,1160,506,149.5,306.5833333333333,12,5.0,40279,2024-05-13 02:45:00,2024-05-13 02:45:00,30.50000000000433,-94.92916766871129,,2024-05-13,35130,0 days 00:00:00,581,3,False,False,,,,Free
2024-05-13 02:45:00,4.800882052025552,13.552941,18.102224811321907,1160,513,155.2159559935082,368.3590096243704,17,5.0,40285,2024-05-13 02:45:00,2024-05-13 02:45:00,30.442840440069244,-94.311410923454,,2024-05-13,34948,0 days 00:30:00,579,3,False,False,,,,Free
2024-05-13 02:45:00,1.6678736057614916,28.8,2.18482246824533,1160,550,418.90336133729824,33.0,2,5.0,40309,2024-05-13 02:45:00,2024-05-13 02:45:00,27.80596638663093,-97.6650009238652,,2024-05-13,34976,0 days 00:30:00,580,3,False,False,,,,Free
2024-05-13 02:45:00,3.737307060599547,9.6,10.970020624133612,1160,583,464.5,294.0,10,5.0,40335,2024-05-13 02:45:00,2024-05-13 02:45:00,27.350000000003845,-95.0550009984488,,2024-05-13,35177,0 days 00:00:00,583,3,False,False,,,,Free
2024-05-13 02:45:00,1.6723153095932808,19.2,2.19647473742404,1160,593,477.0,15.5,2,5.0,40343,2024-05-13 02:45:00,2024-05-13 02:45:00,27.225000000003824,-97.84000091886436,,2024-05-13,35184,0 days 00:00:00,584,3,False,False,,,,Free
2024-05-13 03:00:00,4.3545866197825,13.028573,14.893053477327404,1161,496,146.21174376876962,392.5391459100399,14,5.0,40375,2024-05-13 03:00:00,2024-05-13 03:00:00,30.532882562316644,-94.06960956750704,,2024-05-13,35212,0 days 00:00:00,585,3,False,False,,,,Free
2024-05-13 03:00:00,7.807659360809675,17.706665,47.877514444557,1161,498,147.76460300137805,309.33298359828353,45,5.0,40377,2024-05-13 03:00:00,2024-05-13 03:00:00,30.51735396999056,-94.90167116684756,,2024-05-13,35130,0 days 00:15:00,581,3,False,False,,,,Free
2024-05-13 03:00:00,2.633661593121002,9.6,5.447657839219405,1161,544,389.75,244.0,8,5.0,40406,2024-05-13 03:00:00,2024-05-13 03:00:00,28.09750000000396,-95.55500098416076,,2024-05-13,35240,0 days 00:00:00,587,3,False,False,,,,Free
2024-05-13 03:00:00,8.439657509759561,9.6,55.94219813276106,1161,582,462.91379310344826,300.63793103448273,58,5.0,40437,2024-05-13 03:00:00,2024-05-13 03:00:00,27.365862068969363,-94.98862169000084,,2024-05-13,35177,0 days 00:15:00,583,3,False,False,,,,Free
2024-05-13 03:15:00,3.078784061580478,9.599999,7.444719524332418,1162,588,143.625,311.0,8,5.0,40474,2024-05-13 03:15:00,2024-05-13 03:15:00,30.558750000004345,-94.88500100330674,,2024-05-13,35130,0 days 00:30:00,581,3,False,False,,,,Free
2024-05-13 03:15:00,4.832093671200077,23.717646,18.33836322772125,1162,624,285.3884349425319,275.37146449164675,17,5.0,40502,2024-05-13 03:15:00,2024-05-13 03:15:00,29.141115650578804,-95.24128634820904,,2024-05-13,35323,0 days 00:00:00,588,3,False,False,,,,Free
2024-05-13 03:15:00,2.03954987555433,9.6,3.2670707661211744,1162,637,385.0,264.0,3,5.0,40509,2024-05-13 03:15:00,2024-05-13 03:15:00,28.145000000003968,-95.35500098987598,,2024-05-13,35330,0 days 00:00:00,589,3,False,False,,,,Free
2024-05-13 03:15:00,2.0396450722844444,9.6,3.2673757566645008,1162,638,386.0,250.0,3,5.0,40510,2024-05-13 03:15:00,2024-05-13 03:15:00,28.135000000003966,-95.49500098587532,,2024-05-13,35240,0 days 00:15:00,587,3,False,False,,,,Free
2024-05-13 03:15:00,,,,1162,673,462.5693690987935,31.09145825115939,802,5.0,40537,2024-05-13 03:15:00,2024-05-13 03:15:00,27.36930630901591,-97.68408634080822,,2024-05-13,35184,0 days 00:30:00,584,3,False,False,,,,Free
2024-05-13 03:15:00,4.255225099957641,26.584616,14.221157932285088,1162,674,433.6265146121523,57.44048467588873,13,5.0,40538,2024-05-13 03:15:00,2024-05-13 03:15:00,27.65873485388237,-97.42059608409043,,2024-05-13,35354,0 days 00:00:00,590,3,False,False,,,,Free
2024-05-13 03:15:00,2.892128533830155,9.599999,6.569390254003132,1162,683,443.3333333333333,51.16666666666666,6,5.0,40544,2024-05-13 03:15:00,2024-05-13 03:15:00,27.561666666670543,-97.48333426238986,,2024-05-13,35359,0 days 00:00:00,591,3,False,False,,,,Free
2024-05-13 03:15:00,1.6710347472323386,9.6,2.193112158669768,1162,707,460.0,307.5,2,5.0,40564,2024-05-13 03:15:00,2024-05-13 03:15:00,27.39500000000385,-94.92000100230656,,2024-05-13,35177,0 days 00:30:00,583,3,False,False,,,,Free
2024-05-13 03:30:00,6.268775839655632,14.896553,30.86422401059195,1163,592,150.56313302664432,391.7954085059823,31,5.0,40607,2024-05-13 03:30:00,2024-05-13 03:30:00,30.489368669737893,-94.07704694133508,,2024-05-13,35212,0 days 00:30:00,585,3,False,False,,,,Free
2024-05-13 03:30:00,8.429645719648773,41.16923,55.80955072642936,1163,608,233.37898766555327,354.0332837049498,52,5.0,40619,2024-05-13 03:30:00,2024-05-13 03:30:00,29.66121012334867,-94.45466817855448,,2024-05-13,35422,0 days 00:00:00,592,5,False,False,,,,Free
2024-05-13 03:30:00,5.49626511374538,76.799995,23.72603829773293,1163,643,282.74233982253816,277.4693593475083,22,5.0,40642,2024-05-13 03:30:00,2024-05-13 03:30:00,29.167576601778745,-95.22030740024992,,2024-05-13,35323,0 days 00:15:00,588,3,False,False,,,,Free
2024-05-13 03:30:00,1.6649353629175117,9.6,2.177131376539087,1163,659,380.5,269.0,2,5.0,40655,2024-05-13 03:30:00,2024-05-13 03:30:00,28.190000000003977,-95.30500099130478,,2024-05-13,35330,0 days 00:15:00,589,3,False,False,,,,Free
2024-05-13 03:30:00,1.6687927864860173,9.6,2.1872312839663075,1163,685,430.5,68.0,2,5.0,40678,2024-05-13 03:30:00,2024-05-13 03:30:00,27.6900000000039,-97.31500093386684,,2024-05-13,35354,0 days 00:15:00,590,3,False,False,,,,Free
2024-05-13 03:30:00,2.360838844909293,28.800001,4.377463828137666,1163,695,437.8991596647074,61.5,4,5.0,40684,2024-05-13 03:30:00,2024-05-13 03:30:00,27.61600840335681,-97.38000093200937,,2024-05-13,35359,0 days 00:15:00,591,3,False,False,,,,Free
2024-05-13 03:45:00,9.846865132091551,32.180283,76.15279727254186,1164,597,226.87944582673643,422.32247725528737,72,5.0,40751,2024-05-13 03:45:00,2024-05-13 03:45:00,29.72620554173685,-93.77177626256548,,2024-05-13,35535,0 days 00:00:00,594,3,False,False,,,,Free
2024-05-13 03:45:00,6.71402443951474,32.290913,35.40427593597683,1164,598,229.96335778039085,356.5558516633318,33,5.0,40752,2024-05-13 03:45:00,2024-05-13 03:45:00,29.6953664222003,-94.4294424996915,,2024-05-13,35422,0 days 00:15:00,592,5,False,False,,,,Free
2024-05-13 03:45:00,1.652556824579797,9.6,2.14487844785979,1164,599,226.0,441.5,2,5.0,40753,2024-05-13 03:45:00,2024-05-13 03:45:00,29.735000000004217,-93.58000104059852,,2024-05-13,35536,0 days 00:00:00,595,3,False,False,,,,Free
2024-05-13 03:45:00,15.92043573226112,37.1546,199.0672336192457,1164,614,257.70896503242045,423.5323762724174,189,5.0,40766,2024-05-13 03:45:00,2024-05-13 03:45:00,29.417910349679964,-93.7596772727399,,2024-05-13,35545,0 days 00:00:00,596,3,False,False,,,,Free
2024-05-13 03:45:00,4.384307247986525,28.800001,15.097041341694611,1164,631,281.2232893274086,278.78451380055725,14,5.0,40780,2024-05-13 03:45:00,2024-05-13 03:45:00,29.182767106730044,-95.20715585609526,,2024-05-13,35323,0 days 00:30:00,588,3,False,False,,,,Free
2024-05-13 03:45:00,1.6647405934801132,9.6,2.1766220308190083,1164,650,378.0,257.5,2,5.0,40793,2024-05-13 03:45:00,2024-05-13 03:45:00,28.21500000000398,-95.4200009880185,,2024-05-13,35240,0 days 00:45:00,587,3,False,False,,,,Free
2024-05-13 03:45:00,1.6683720155659618,9.6,2.186128442077723,1164,679,425.0,77.5,2,5.0,40819,2024-05-13 03:45:00,2024-05-13 03:45:00,27.745000000003905,-97.22000093658151,,2024-05-13,35354,0 days 00:30:00,590,3,False,False,,,,Free
2024-05-13 03:45:00,2.360407420205763,9.6,4.375864080251543,1164,688,434.0,72.5,4,5.0,40827,2024-05-13 03:45:00,2024-05-13 03:45:00,27.65500000000389,-97.27000093515278,,2024-05-13,35359,0 days 00:30:00,591,3,False,False,,,,Free
2024-05-13 03:45:00,14.021705621044454,31.795746,154.41574159097033,1164,696,446.2960139532539,55.045736133459975,141,5.0,40833,2024-05-13 03:45:00,2024-05-13 03:45:00,27.532039860471333,-97.4445435688304,,2024-05-13,35184,0 days 01:00:00,584,3,False,False,,,,Free
2024-05-13 03:45:00,1.6737739231552988,9.6,2.200307991861345,1164,734,496.5,114.0,2,5.0,40861,2024-05-13 03:45:00,2024-05-13 03:45:00,27.030000000003795,-96.85500094701185,,2024-05-13,35628,0 days 00:00:00,597,5,False,False,,,,Free
2024-05-13 04:00:00,2.016154778224588,9.6,3.19254935692666,1165,587,149.66666666666666,397.6666666666667,3,5.0,40876,2024-05-13 04:00:00,2024-05-13 04:00:00,30.49833333333767,-94.018334361406,,2024-05-13,35212,0 days 01:00:00,585,3,False,False,,,,Free
2024-05-13 04:00:00,2.0184945015580293,12.8,3.1999634865782207,1165,602,172.19658120006454,454.6068375998709,3,5.0,40888,2024-05-13 04:00:00,2024-05-13 04:00:00,30.273034188003656,-93.44893266834526,,2024-05-13,35654,0 days 00:00:00,598,3,False,False,,,,Free
2024-05-13 04:00:00,8.89698618367995,23.503447,62.16926224126716,1165,621,220.54212861344072,425.86104953007305,60,5.0,40902,2024-05-13 04:00:00,2024-05-13 04:00:00,29.78957871386982,-93.73639054082884,,2024-05-13,35535,0 days 00:15:00,594,3,False,False,,,,Free
2024-05-13 04:00:00,6.291168038315681,15.227588,31.08511312736306,1165,622,220.20768714318925,445.49157114324174,29,5.0,40903,2024-05-13 04:00:00,2024-05-13 04:00:00,29.792923128572333,-93.54008533030674,,2024-05-13,35536,0 days 00:15:00,595,3,False,False,,,,Free
2024-05-13 04:00:00,8.42632222757589,43.015385,55.76555219050182,1165,624,226.20761719134964,357.7817984223114,82,5.0,40905,2024-05-13 04:00:00,2024-05-13 04:00:00,29.73292382809072,-94.41718303245204,,2024-05-13,35422,0 days 00:30:00,592,5,False,False,,,,Free
2024-05-13 04:00:00,4.81817322953484,19.199999,18.232855997757223,1165,626,226.52609775889863,484.8301574057177,17,5.0,40906,2024-05-13 04:00:00,2024-05-13 04:00:00,29.72973902241523,-93.14669947892344,,2024-05-13,35667,0 days 00:00:00,599,3,False,False,,,,Free
2024-05-13 04:00:00,6.814794266719599,21.458824,36.47500667863271,1165,627,229.89671191960147,372.4596140198012,34,5.0,40907,2024-05-13 04:00:00,2024-05-13 04:00:00,29.6960328808082,-94.27040488067148,,2024-05-13,35668,0 days 00:00:00,600,3,False,False,,,,Free
2024-05-13 04:00:00,14.799407993946703,37.2,172.01985115601394,1165,631,251.10463321001552,427.2159459750449,164,5.0,40910,2024-05-13 04:00:00,2024-05-13 04:00:00,29.48395366790402,-93.72284157676626,,2024-05-13,35545,0 days 00:15:00,596,3,False,False,,,,Free
2024-05-13 04:00:00,15.706508692872058,10.408988,193.75334071215843,1165,660,379.6844221098303,272.88422110022,185,5.0,40932,2024-05-13 04:00:00,2024-05-13 04:00:00,28.198155778905672,-95.26615878141251,,2024-05-13,35330,0 days 00:45:00,589,3,False,False,,,,Free
2024-05-13 04:00:00,29.627178035013355,13.822784,689.3986932372229,1165,670,403.04479695631,331.6287331006094,634,5.0,40939,2024-05-13 04:00:00,2024-05-13 04:00:00,27.96455203044084,-94.67871367819556,,2024-05-13,35691,0 days 00:00:00,601,3,False,False,,,,Free
2024-05-13 04:00:00,7.668966890256692,12.571427,46.19166393868694,1165,743,492.8866787227801,123.26763111741936,45,5.0,41002,2024-05-13 04:00:00,2024-05-13 04:00:00,27.066133212776,-96.76232463848596,,2024-05-13,35628,0 days 00:15:00,597,5,False,False,,,,Free
2024-05-13 04:15:00,,,,1166,598,172.1786846486515,456.9013470789287,20,5.0,41028,2024-05-13 04:15:00,2024-05-13 04:15:00,30.273213153517787,-93.42598757421035,,2024-05-13,35654,0 days 00:15:00,598,3,False,False,,,,Free
2024-05-13 04:15:00,5.223181622852012,46.56,21.426939163261405,1166,611,216.0818094272941,448.1436477327,20,5.0,41037,2024-05-13 04:15:00,2024-05-13 04:15:00,29.83418190573129,-93.51356456517004,,2024-05-13,35536,0 days 00:30:00,595,3,False,False,,,,Free
2024-05-13 04:15:00,4.369914820110977,73.37142,14.998085485161086,1166,612,215.0493104810529,429.756999596976,14,5.0,41038,2024-05-13 04:15:00,2024-05-13 04:15:00,29.844506895193703,-93.69743104127308,,2024-05-13,35535,0 days 00:30:00,594,3,False,False,,,,Free
2024-05-13 04:15:00,9.199640401781831,66.11613,66.47090398036651,1166,614,222.82155096403133,360.4950709258357,63,5.0,41040,2024-05-13 04:15:00,2024-05-13 04:15:00,29.766784490363907,-94.39005030819214,,2024-05-13,35422,0 days 00:45:00,592,5,False,False,,,,Free
2024-05-13 04:15:00,5.841656377731536,74.112,26.801672455586207,1166,615,222.5680055908741,489.18289148808987,25,5.0,41041,2024-05-13 04:15:00,2024-05-13 04:15:00,29.76931994409548,-93.10317213934354,,2024-05-13,35667,0 days 00:15:00,599,3,False,False,,,,Free
2024-05-13 04:15:00,8.506656390370193,24.815096,56.83392668963777,1166,616,225.49761948478132,375.3591696906672,53,5.0,41042,2024-05-13 04:15:00,2024-05-13 04:15:00,29.740023805156405,-94.2414093247914,,2024-05-13,35668,0 days 00:15:00,600,3,False,False,,,,Free
2024-05-13 04:15:00,4.678432667182262,33.600002,17.190584687589826,1166,624,244.6678321764308,430.20541959018414,16,5.0,41046,2024-05-13 04:15:00,2024-05-13 04:15:00,29.54832167823988,-93.69294684146917,,2024-05-13,35545,0 days 00:30:00,596,3,False,False,,,,Free
2024-05-13 04:15:00,,,,1166,742,490.5,133.5,2,5.0,41137,2024-05-13 04:15:00,2024-05-13 04:15:00,27.090000000003805,-96.66000095258414,,2024-05-13,35628,0 days 00:30:00,597,5,False,False,,,,Free
2024-05-13 04:30:00,2.3305389628080144,14.4,4.2658208972735,1167,471,170.5,460.0,4,5.0,41161,2024-05-13 04:30:00,2024-05-13 04:30:00,30.290000000004305,-93.39500104588512,,2024-05-13,35654,0 days 00:30:00,598,3,False,False,,,,Free
2024-05-13 04:30:00,8.34234874837275,21.27059,54.65961446708936,1167,475,219.4705177382409,379.0565675962769,52,5.0,41163,2024-05-13 04:30:00,2024-05-13 04:30:00,29.80029482262182,-94.20443534679184,,2024-05-13,35668,0 days 00:30:00,600,3,False,False,,,,Free
2024-05-13 04:30:00,4.211381388739634,9.599999,13.929612282904433,1167,476,217.30769230769232,495.61538461538464,13,5.0,41164,2024-05-13 04:30:00,2024-05-13 04:30:00,29.821923076927305,-93.03884720990874,,2024-05-13,35667,0 days 00:30:00,599,3,False,False,,,,Free
2024-05-13 04:30:00,7.201408153560024,12.378949,40.730968189452426,1167,477,220.4443651983314,364.46291014922656,38,5.0,41165,2024-05-13 04:30:00,2024-05-13 04:30:00,29.79055634802091,-94.3503719170921,,2024-05-13,35422,0 days 01:00:00,592,5,False,False,,,,Free
2024-05-13 04:30:00,,,,1167,513,396.1666666666667,342.3333333333333,18,5.0,41186,2024-05-13 04:30:00,2024-05-13 04:30:00,28.03333333333728,-94.57166767892728,,2024-05-13,35691,0 days 00:30:00,601,3,False,False,,,,Free
2024-05-13 04:30:00,8.110952097754943,10.417022,51.66941617868088,1167,562,488.3813855756693,141.5705621782872,153,5.0,41225,2024-05-13 04:30:00,2024-05-13 04:30:00,27.11118614424712,-96.57929533310757,,2024-05-13,35628,0 days 00:45:00,597,5,False,False,,,,Free
2024-05-13 04:45:00,4.877715682093254,9.6,18.68627971360038,1168,410,486.7058823529412,151.1764705882353,17,5.0,41303,2024-05-13 04:45:00,2024-05-13 04:45:00,27.1279411764744,-96.48323625175306,,2024-05-13,35628,0 days 01:00:00,597,5,False,False,,,,Free
2024-05-13 05:00:00,44.92281228592469,17.475569,1584.9798822390396,1169,430,394.7681433637819,346.5089520149022,1473,5.0,41337,2024-05-13 05:00:00,2024-05-13 05:00:00,28.047318566366133,-94.52991149330478,,2024-05-13,35691,0 days 01:00:00,601,3,False,False,,,,Free
2024-05-13 05:45:00,74.72637997849158,58.019165,4385.688370880281,1172,332,468.9119262699624,401.8565052944173,4038,5.0,41589,2024-05-13 05:45:00,2024-05-13 05:45:00,27.30588073730421,-93.97643597632585,,2024-05-13,36257,0 days 00:00:00,602,3,False,False,,,,Free
2024-05-13 06:00:00,4.030926190713069,16.800001,12.76143677924823,1173,308,142.93220339097203,469.79943502881935,12,5.0,41636,2024-05-13 06:00:00,2024-05-13 06:00:00,30.565677966094626,-93.29700669839724,,2024-05-13,36298,0 days 00:00:00,603,4,False,False,,,,Free
2024-05-13 06:00:00,3.685562640072628,10.559999,10.66835540104474,1173,313,174.0,406.8345323728668,10,5.0,41640,2024-05-13 06:00:00,2024-05-13 06:00:00,30.25500000000429,-93.92665570696386,,2024-05-13,36301,0 days 00:00:00,604,3,False,False,,,,Free
2024-05-13 06:00:00,66.6518021979659,55.057053,3489.102074001964,1173,336,464.1218944039264,413.0466757946382,3200,5.0,41652,2024-05-13 06:00:00,2024-05-13 06:00:00,27.353781055964586,-93.8645342745213,,2024-05-13,36257,0 days 00:15:00,602,3,False,False,,,,Free
2024-05-13 06:15:00,4.944603168205362,11.733334,19.20227862237187,1174,267,173.49669967334296,407.4587458774441,18,5.0,41715,2024-05-13 06:15:00,2024-05-13 06:15:00,30.26003300327087,-93.92041357209644,,2024-05-13,36301,0 days 00:15:00,604,3,False,False,,,,Free
2024-05-13 06:30:00,5.332741186804765,10.97143,22.335253945760147,1175,264,144.45295054948065,470.8468899572474,21,5.0,41790,2024-05-13 06:30:00,2024-05-13 06:30:00,30.550470494509536,-93.28653214941228,,2024-05-13,36298,0 days 00:30:00,603,4,False,False,,,,Free
2024-05-13 06:30:00,2.0184945015614533,9.6,3.199963486589077,1175,268,172.33333333333334,408.6666666666667,3,5.0,41794,2024-05-13 06:30:00,2024-05-13 06:30:00,30.271666666670967,-93.90833436454938,,2024-05-13,36301,0 days 00:30:00,604,3,False,False,,,,Free
2024-05-13 06:30:00,27.127229011853483,41.314613,577.9639478717351,1175,301,462.758788763141,431.1735940701013,532,5.0,41821,2024-05-13 06:30:00,2024-05-13 06:30:00,27.367412112372435,-93.68326509694664,,2024-05-13,36257,0 days 00:45:00,602,3,False,False,,,,Free
2024-05-13 06:45:00,5.457464978328053,9.600002,23.39223920026168,1176,178,141.45454545454547,473.7272727272728,22,5.0,41854,2024-05-13 06:45:00,2024-05-13 06:45:00,30.58045454545889,-93.25772832253512,,2024-05-13,36298,0 days 00:45:00,603,4,False,False,,,,Free
2024-05-13 06:45:00,2.032667435602997,9.6,3.245058575855242,1176,184,312.8,387.4,5,5.0,41858,2024-05-13 06:45:00,2024-05-13 06:45:00,28.86700000000408,-94.12100102513888,,2024-05-13,36491,0 days 00:00:00,605,3,False,False,,,,Free
2024-05-13 07:00:00,5.45993017458336,37.52727,23.413377030735106,1177,149,149.88457238469786,498.0231973060541,22,5.0,41901,2024-05-13 07:00:00,2024-05-13 07:00:00,30.496154276157355,-93.01476908369013,,2024-05-13,36531,0 days 00:00:00,606,3,False,False,,,,Free
2024-05-13 07:00:00,2.346933994684393,9.6,4.326050976174279,1177,156,312.0,389.5,4,5.0,41907,2024-05-13 07:00:00,2024-05-13 07:00:00,28.87500000000408,-94.10000102573896,,2024-05-13,36491,0 days 00:15:00,605,3,False,False,,,,Free
2024-05-13 07:15:00,6.265014283986759,10.593105,30.82719519736745,1178,214,138.88409371313475,474.7398273767303,29,5.0,41941,2024-05-13 07:15:00,2024-05-13 07:15:00,30.606159062873004,-93.24760277632988,,2024-05-13,36298,0 days 01:15:00,603,4,False,False,,,,Free
2024-05-13 07:15:00,6.048406642629868,20.977776,28.732396088293445,1178,216,149.3388966189413,497.4005563250238,27,5.0,41943,2024-05-13 07:15:00,2024-05-13 07:15:00,30.501611033814925,-93.02099549332252,,2024-05-13,36531,0 days 00:15:00,606,3,False,False,,,,Free
2024-05-13 07:15:00,2.032145579996551,9.6,3.2433925535657866,1178,224,308.75,391.0,4,5.0,41951,2024-05-13 07:15:00,2024-05-13 07:15:00,28.907500000004088,-94.08500102616762,,2024-05-13,36491,0 days 00:30:00,605,3,False,False,,,,Free
2024-05-13 07:30:00,2.6026215793467364,9.6,5.320003697097105,1179,247,148.0,498.2,5,5.0,41998,2024-05-13 07:30:00,2024-05-13 07:30:00,30.51500000000434,-93.01300105680122,,2024-05-13,36531,0 days 00:30:00,606,3,False,False,,,,Free
2024-05-13 07:45:00,2.3565771850277715,645.60004,4.361674165679914,1180,229,398.3238370138126,34.06173899997109,4,5.0,42068,2024-05-13 07:45:00,2024-05-13 07:45:00,28.01176162986582,-97.65438353416886,,2024-05-13,36681,0 days 00:00:00,607,4,False,False,,,,Free
2024-05-13 08:00:00,1.6662937006465752,230.40001,2.1806852514873665,1181,147,398.0,34.07409050488903,2,5.0,42113,2024-05-13 08:00:00,2024-05-13 08:00:00,28.015000000003948,-97.65426001912324,,2024-05-13,36681,0 days 00:15:00,607,4,False,False,,,,Free
2024-05-13 08:15:00,2.356659216851695,316.80002,4.361977828396194,1182,180,399.5846696911131,33.8309814046908,4,5.0,42138,2024-05-13 08:15:00,2024-05-13 08:15:00,27.99915330309281,-97.65669111005576,,2024-05-13,36681,0 days 00:30:00,607,4,False,False,,,,Free
2024-05-13 08:30:00,2.356659216851695,696.0,4.361977828396194,1183,152,399.5833574571994,33.82995659382354,4,5.0,42168,2024-05-13 08:30:00,2024-05-13 08:30:00,27.99916642543195,-97.65670135816411,,2024-05-13,36681,0 days 00:45:00,607,4,False,False,,,,Free
2024-05-13 09:00:00,1.6664483737727054,124.799995,2.1810901129585383,1185,188,400.0,33.259599329402946,2,5.0,42246,2024-05-13 09:00:00,2024-05-13 09:00:00,27.995000000003945,-97.66240493064532,,2024-05-13,36846,0 days 00:00:00,608,3,False,False,,,,Free
2024-05-13 09:15:00,2.04094253309772,857.60004,3.271533970674592,1186,170,399.8030338467723,33.91938383937316,3,5.0,42283,2024-05-13 09:15:00,2024-05-13 09:15:00,27.996969661536223,-97.65580708573418,,2024-05-13,36846,0 days 00:15:00,608,3,False,False,,,,Free
2024-05-13 09:30:00,2.04094253309772,188.8,3.271533970674592,1187,367,399.80014508785854,33.956837142104376,3,5.0,42335,2024-05-13 09:30:00,2024-05-13 09:30:00,27.99699854912536,-97.65543255271756,,2024-05-13,36846,0 days 00:30:00,608,3,False,False,,,,Free
2024-05-13 13:45:00,4.040014186738886,35.2,12.819044693154282,1204,380,187.83388517936885,393.9227373006855,12,5.0,43657,2024-05-13 13:45:00,2024-05-13 13:45:00,30.11666114821059,-94.05577365399596,,2024-05-13,38154,0 days 00:00:00,611,3,False,False,,,,Free
2024-05-13 14:00:00,8.245146958588498,18.047998,53.39329009205542,1205,282,183.2645616266944,397.6686082192315,50,5.0,43720,2024-05-13 14:00:00,2024-05-13 14:00:00,30.162354383737338,-94.01831494588096,,2024-05-13,38154,0 days 00:15:00,611,3,False,False,,,,Free
2024-05-13 14:15:00,3.0606244860027787,24.685717,7.357156226457152,1206,254,31.100145141195696,409.6545718438538,7,5.0,43739,2024-05-13 14:15:00,2024-05-13 14:15:00,31.68399854859257,-93.89845531305986,,2024-05-13,38230,0 days 00:00:00,612,3,False,False,,,,Free
2024-05-13 14:15:00,1.6365949061021663,9.6,2.1036441239630856,1206,256,38.5,403.0,2,5.0,43741,2024-05-13 14:15:00,2024-05-13 14:15:00,31.61000000000451,-93.96500102959676,,2024-05-13,38232,0 days 00:00:00,613,3,False,False,,,,Free
2024-05-13 14:15:00,6.491018578793511,10.838711,33.09143386604945,1206,301,179.84751381075742,403.0486187872667,31,5.0,43772,2024-05-13 14:15:00,2024-05-13 14:15:00,30.19652486189672,-93.96451484173798,,2024-05-13,38154,0 days 00:30:00,611,3,False,False,,,,Free
2024-05-13 14:30:00,5.040687037972184,9.600001,19.955809509565487,1207,328,25.105263157894736,412.7894736842105,19,5.0,43789,2024-05-13 14:30:00,2024-05-13 14:30:00,31.743947368425584,-93.8671062955521,,2024-05-13,38230,0 days 00:15:00,612,3,False,False,,,,Free
2024-05-13 14:30:00,2.0038185847696988,9.6,3.1536005438031136,1207,335,33.0,405.0,3,5.0,43795,2024-05-13 14:30:00,2024-05-13 14:30:00,31.66500000000452,-93.94500103016829,,2024-05-13,38232,0 days 00:15:00,613,3,False,False,,,,Free
2024-05-13 14:45:00,7.032635265390812,19.459455,38.84418998807163,1208,361,20.147289740945023,418.3394392219122,37,5.0,43862,2024-05-13 14:45:00,2024-05-13 14:45:00,31.79352710259509,-93.81160664176105,,2024-05-13,38230,0 days 00:30:00,612,3,False,False,,,,Free
2024-05-13 14:45:00,4.169690247874061,11.076923,13.655181254076153,1208,364,26.18481011802504,405.7037974704937,13,5.0,43865,2024-05-13 14:45:00,2024-05-13 14:45:00,31.73315189882428,-93.93796305566444,,2024-05-13,38232,0 days 00:30:00,613,3,False,False,,,,Free
2024-05-13 15:00:00,2.005038572162901,9.6,3.157441733949014,1209,426,44.333333333333336,455.6666666666667,3,5.0,43944,2024-05-13 15:00:00,2024-05-13 15:00:00,31.551666666671167,-93.43833437798014,,2024-05-13,38416,0 days 00:00:00,614,3,False,False,,,,Free
2024-05-13 15:15:00,11.498535654791777,33.69796,103.84245663059346,1210,334,107.67102832270574,30.96444318712076,98,5.0,44027,2024-05-13 15:15:00,2024-05-13 15:15:00,30.918289716777345,-97.68535649141228,,2024-05-13,38497,0 days 00:00:00,615,3,False,False,,,,Free
2024-05-13 15:30:00,5.428951206377382,10.909092,23.14844156631737,1211,454,41.67230769874076,463.7261538339649,22,5.0,44070,2024-05-13 15:30:00,2024-05-13 15:30:00,31.578276923017096,-93.35773950861028,,2024-05-13,38416,0 days 00:30:00,614,3,False,False,,,,Free
2024-05-13 15:30:00,12.453258648231808,26.629568,121.80241463676668,1211,472,104.70258099897114,34.92554471405365,115,5.0,44082,2024-05-13 15:30:00,2024-05-13 15:30:00,30.94797419001469,-97.64574547727489,,2024-05-13,38497,0 days 00:15:00,615,3,False,False,,,,Free
2024-05-13 15:45:00,7.312323745830352,15.6,41.99530150075284,1212,415,21.5929245242172,414.9882075478594,40,5.0,44142,2024-05-13 15:45:00,2024-05-13 15:45:00,31.779070754762365,-93.84511895754387,,2024-05-13,38605,0 days 00:00:00,616,3,False,False,,,,Free
2024-05-13 15:45:00,4.330405058192623,9.599999,14.728106777362784,1212,427,40.06666666666667,469.3333333333333,15,5.0,44151,2024-05-13 15:45:00,2024-05-13 15:45:00,31.59433333333784,-93.30166771521893,,2024-05-13,38416,0 days 00:45:00,614,3,False,False,,,,Free
2024-05-13 15:45:00,11.669933755222702,21.766336,106.96129759275864,1212,451,102.3700671085716,36.57420674709657,111,5.0,44166,2024-05-13 15:45:00,2024-05-13 15:45:00,30.971299328918693,-97.6292588574156,,2024-05-13,38497,0 days 00:30:00,615,3,False,False,,,,Free
2024-05-13 16:00:00,3.655751551838732,14.400002,10.496468998338528,1213,481,18.941281156151856,422.8131672378954,14,5.0,44225,2024-05-13 16:00:00,2024-05-13 16:00:00,31.80558718844302,-93.76686936287962,,2024-05-13,38605,0 days 00:15:00,616,3,False,False,,,,Free
2024-05-13 16:00:00,2.58744741785144,13.440001,5.258149707829437,1213,495,37.3729373056751,213.544554449213,9,5.0,44236,2024-05-13 16:00:00,2024-05-13 16:00:00,31.62127062694776,-95.85955543096566,,2024-05-13,38691,0 days 00:00:00,617,3,False,False,,,,Free
2024-05-13 16:00:00,7.528117564657936,9.8341465,44.51051987950891,1213,603,351.6962663990348,312.3965691208365,41,5.0,44290,2024-05-13 16:00:00,2024-05-13 16:00:00,28.47803733601367,-94.87103531249744,,2024-05-13,38744,0 days 00:00:00,618,3,False,False,,,,Free
2024-05-13 16:00:00,5.3879109383326895,10.057145,22.79978217723616,1213,604,352.47645951221807,299.9171374722317,21,5.0,44291,2024-05-13 16:00:00,2024-05-13 16:00:00,28.47023540488184,-94.9958296254174,,2024-05-13,38745,0 days 00:00:00,619,3,False,False,,,,Free
2024-05-13 16:00:00,1.666564299411572,9.6,2.181393576375997,1213,621,401.5,81.0,2,5.0,44304,2024-05-13 16:00:00,2024-05-13 16:00:00,27.98000000000394,-97.18500093758172,,2024-05-13,38758,0 days 00:00:00,620,3,False,False,,,,Free
2024-05-13 16:15:00,30.49372090979136,21.04012,730.315845725371,1214,640,348.1889143800217,308.61407843861696,674,5.0,44389,2024-05-13 16:15:00,2024-05-13 16:15:00,28.51311085620381,-94.90886021823876,,2024-05-13,38745,0 days 00:15:00,619,3,False,False,,,,Free
2024-05-13 16:15:00,13.01336610850602,32.73443,133.0053705716766,1214,664,397.67003126738894,88.3508647518319,123,5.0,44408,2024-05-13 16:15:00,2024-05-13 16:15:00,28.01829968733006,-97.11149229216396,,2024-05-13,38758,0 days 00:15:00,620,3,False,False,,,,Free
2024-05-13 16:30:00,3.057055861666752,12.342856,7.3400096470416765,1215,560,9.910505835131987,438.0077820932259,7,5.0,44418,2024-05-13 16:30:00,2024-05-13 16:30:00,31.89589494165324,-93.61492321866837,,2024-05-13,38605,0 days 00:45:00,616,3,False,False,,,,Free
2024-05-13 16:30:00,9.11098220597279,10.37419,65.19589899701012,1215,565,35.97039668670192,234.22557727217543,63,5.0,44423,2024-05-13 16:30:00,2024-05-13 16:30:00,31.635296033137493,-95.65274520864584,,2024-05-13,38691,0 days 00:30:00,617,3,False,False,,,,Free
2024-05-13 16:30:00,30.1217915891687,18.001827,712.6092904458444,1215,686,343.6573884387417,319.3064932161564,1282,5.0,44476,2024-05-13 16:30:00,2024-05-13 16:30:00,28.558426115616616,-94.80193607351885,,2024-05-13,38745,0 days 00:30:00,619,3,False,False,,,,Free
2024-05-13 16:30:00,5.512688838313262,9.600002,23.868044590450392,1215,698,344.9130434782609,329.6521739130435,23,5.0,44486,2024-05-13 16:30:00,2024-05-13 16:30:00,28.545869565221423,-94.69847926950638,,2024-05-13,38744,0 days 00:30:00,618,3,False,False,,,,Free
2024-05-13 16:30:00,6.767478222780878,11.054546,35.97026316468965,1215,724,394.7217217209095,94.58758758123297,33,5.0,44510,2024-05-13 16:30:00,2024-05-13 16:30:00,28.04778278279485,-97.04912506565222,,2024-05-13,38758,0 days 00:30:00,620,3,False,False,,,,Free
2024-05-13 16:45:00,1.6617577150699137,9.6,2.168828886137657,1216,414,340.3333333333333,339.0,3,5.0,44560,2024-05-13 16:45:00,2024-05-13 16:45:00,28.591666666670704,-94.60500101130803,,2024-05-13,38744,0 days 00:45:00,618,3,False,False,,,,Free
2024-05-13 17:00:00,7.584119954448973,16.074417,45.17521916540471,1217,254,27.71838601944629,246.15515805833888,44,5.0,44589,2024-05-13 17:00:00,2024-05-13 17:00:00,31.717816139810065,-95.53344940419322,,2024-05-13,38691,0 days 01:00:00,617,3,False,False,,,,Free
2024-05-13 17:00:00,6.682379686414981,13.800001,35.071325311922955,1217,324,454.53249475087625,190.26275331889136,33,5.0,44632,2024-05-13 17:00:00,2024-05-13 17:00:00,27.44967505249509,-96.09237343561584,,2024-05-13,39053,0 days 00:00:00,621,3,False,False,,,,Free
2024-05-13 17:15:00,2.5885861223207023,9.6,5.26277882302588,1218,364,45.0,315.0,5,5.0,44650,2024-05-13 17:15:00,2024-05-13 17:15:00,31.5450000000045,-94.84500100444978,,2024-05-13,39070,0 days 00:00:00,622,3,False,False,,,,Free
2024-05-13 17:15:00,5.539203312173452,30.545454,24.098193824144417,1218,447,448.8192170761861,198.41601423411456,22,5.0,44693,2024-05-13 17:15:00,2024-05-13 17:15:00,27.506807829242007,-96.0108408287935,,2024-05-13,39053,0 days 00:15:00,621,3,False,False,,,,Free
2024-05-13 17:30:00,6.442336699695989,9.600001,32.59693144457172,1219,302,35.84848484848485,322.1212121212121,33,5.0,44712,2024-05-13 17:30:00,2024-05-13 17:30:00,31.636515151519664,-94.7737888852726,,2024-05-13,39070,0 days 00:15:00,622,3,False,False,,,,Free
2024-05-13 17:30:00,4.867960229460608,34.44706,18.61160917723398,1219,359,442.8605672767195,231.39033161560704,17,5.0,44745,2024-05-13 17:30:00,2024-05-13 17:30:00,27.566394327236683,-95.6810976644013,,2024-05-13,39162,0 days 00:00:00,623,3,False,False,,,,Free
2024-05-13 17:30:00,4.257271874892567,11.815385,14.234842054423613,1219,364,444.48081263379424,205.31151241972344,13,5.0,44749,2024-05-13 17:30:00,2024-05-13 17:30:00,27.55019187366593,-95.94188584890787,,2024-05-13,39053,0 days 00:30:00,621,3,False,False,,,,Free
2024-05-13 17:45:00,3.055464157596595,10.971429,7.332368254631421,1220,368,0.2200956959631745,337.3492822802762,7,5.0,44770,2024-05-13 17:45:00,2024-05-13 17:45:00,31.992799043044936,-94.6215081880336,,2024-05-13,39184,0 days 00:00:00,624,3,False,False,,,,Free
2024-05-13 17:45:00,1.1565935951492747,9.6,1.0506339909655975,1220,389,28.0,329.0,3,5.0,44782,2024-05-13 17:45:00,2024-05-13 17:45:00,31.71500000000453,-94.70500100845044,,2024-05-13,39070,0 days 00:30:00,622,3,False,False,,,,Free
2024-05-13 17:45:00,15.833435495735866,15.8933325,196.8974971239793,1220,457,435.11590511291394,239.56741637898816,181,5.0,44819,2024-05-13 17:45:00,2024-05-13 17:45:00,27.64384094887475,-95.5993268191042,,2024-05-13,39162,0 days 00:15:00,623,3,False,False,,,,Free
2024-05-13 18:15:00,3.4646636217003586,16.0,9.427836310276309,1222,470,0.8101010095171874,338.0969696952182,9,5.0,44918,2024-05-13 18:15:00,2024-05-13 18:15:00,31.986898989909395,-94.61403131409782,,2024-05-13,39184,0 days 00:30:00,624,3,False,False,,,,Free
2024-05-13 18:15:00,22.761864311770267,24.335485,406.91672599220726,1222,597,433.6897174636968,241.27666568540448,372,5.0,44979,2024-05-13 18:15:00,2024-05-13 18:15:00,27.658102825366925,-95.58223432652846,,2024-05-13,39162,0 days 00:45:00,623,3,False,False,,,,Free
2024-05-13 18:30:00,2.58232646745726,9.6,5.237356954631298,1223,440,0.2,340.4,5,5.0,45002,2024-05-13 18:30:00,2024-05-13 18:30:00,31.99300000000457,-94.5910010117081,,2024-05-13,39184,0 days 00:45:00,624,3,False,False,,,,Free
2024-05-13 19:15:00,6.208698964514118,9.6,30.275483502970182,1226,353,309.6428571428572,155.85714285714286,28,5.0,45275,2024-05-13 19:15:00,2024-05-13 19:15:00,28.898571428575515,-96.43642953040154,,2024-05-13,39658,0 days 00:00:00,626,3,False,False,,,,Free
2024-05-13 19:30:00,1.6592532456147342,9.6,2.1622964386137458,1227,429,308.5,158.0,2,5.0,45351,2024-05-13 19:30:00,2024-05-13 19:30:00,28.91000000000409,-96.41500095958531,,2024-05-13,39658,0 days 00:15:00,626,3,False,False,,,,Free
2024-05-13 19:45:00,3.7098452805159368,9.6,10.809397227941975,1228,464,305.63157894736844,161.1578947368421,19,5.0,45432,2024-05-13 19:45:00,2024-05-13 19:45:00,28.938684210530408,-96.38342201311929,,2024-05-13,39658,0 days 00:30:00,626,3,False,False,,,,Free
2024-05-13 20:45:00,2.0475764971929498,9.6,3.2928363945285835,1232,442,470.6666666666667,118.66666666666669,3,5.0,45793,2024-05-13 20:45:00,2024-05-13 20:45:00,27.288333333337167,-96.8083342816787,,2024-05-13,40145,0 days 00:00:00,627,3,False,False,,,,Free
2024-05-13 21:15:00,5.41777283218634,298.51428,23.053213028567804,1234,236,472.2645770635789,118.73435214206738,21,5.0,45875,2024-05-13 21:15:00,2024-05-13 21:15:00,27.27235422936804,-96.80765742694405,,2024-05-13,40145,0 days 00:30:00,627,3,False,False,,,,Free
2024-05-13 21:30:00,4.5324895350518215,13.440002,16.134796841883645,1235,186,256.33649288778213,442.4423380748119,15,5.0,45888,2024-05-13 21:30:00,2024-05-13 21:30:00,29.431635071126347,-93.57057766011974,,2024-05-13,40236,0 days 00:00:00,628,3,False,False,,,,Free
2024-05-13 21:30:00,94.54439170555686,70.84689,7020.393012402888,1235,212,469.5962753709634,482.3358928077761,6432,5.0,45898,2024-05-13 21:30:00,2024-05-13 21:30:00,27.2990372462942,-93.1716421241901,,2024-05-13,40245,0 days 00:00:00,629,3,False,False,,,,Free
2024-05-13 21:30:00,5.41777283218634,178.74286,23.053213028567807,1235,240,472.2654168722902,118.716987322995,21,5.0,45918,2024-05-13 21:30:00,2024-05-13 21:30:00,27.27234583128093,-96.8078310751298,,2024-05-13,40145,0 days 00:45:00,627,3,False,False,,,,Free
2024-05-13 21:45:00,75.60643673265417,39.695908,4489.597655873821,1236,137,470.9833539153172,480.216001683089,4120,5.0,45928,2024-05-13 21:45:00,2024-05-13 21:45:00,27.28516646085066,-93.1928410348312,,2024-05-13,40245,0 days 00:15:00,629,3,False,False,,,,Free
2024-05-13 22:00:00,,,,1237,115,259.0,438.3333333333333,3,5.0,45948,2024-05-13 22:00:00,2024-05-13 22:00:00,29.405000000004165,-93.61166770636032,,2024-05-13,40236,0 days 00:30:00,628,3,False,False,,,,Free
2024-05-13 22:15:00,3.701654294091059,9.6,10.761717674903728,1238,94,261.1,439.9,10,5.0,45970,2024-05-13 22:15:00,2024-05-13 22:15:00,29.38400000000416,-93.59600104014136,,2024-05-13,40236,0 days 00:45:00,628,3,False,False,,,,Free
2024-05-13 22:15:00,2.0475457685601315,9.6,3.292737561980562,1238,115,469.8,478.2,5,5.0,45979,2024-05-13 22:15:00,2024-05-13 22:15:00,27.29700000000384,-93.213001051086,,2024-05-13,40245,0 days 00:45:00,629,3,False,False,,,,Free
2024-05-15 06:00:00,1.6712990710210345,9.6,2.1938060252258142,1365,46,463.5,95.0,2,5.0,46283,2024-05-15 06:00:00,2024-05-15 06:00:00,27.360000000003843,-97.04500094158236,,2024-05-15,40601,0 days 00:00:00,630,3,False,False,,,,Free
2024-05-15 08:30:00,1.672427896916964,9.6,2.196770499276228,1375,15,478.5,93.0,2,5.0,46295,2024-05-15 08:30:00,2024-05-15 08:30:00,27.210000000003824,-97.06500094101084,,2024-05-15,40601,0 days 02:30:00,630,3,False,False,,,,Free
2024-05-15 08:45:00,15.18967693545647,9.832726,181.2120008034544,1376,7,477.5854380435784,91.6158247900957,212,5.0,46296,2024-05-15 08:45:00,2024-05-15 08:45:00,27.21914561956804,-97.07884269271436,,2024-05-15,40601,0 days 02:45:00,630,3,False,False,,,,Free
2024-05-15 09:15:00,,,,1378,32,370.0,109.66666666666669,3,5.0,46303,2024-05-15 09:15:00,2024-05-15 09:15:00,28.29500000000399,-96.89833427910683,,2024-05-15,40618,0 days 00:00:00,631,4,False,False,,,,Free
2024-05-15 09:30:00,2.037989964142584,9.6,3.2620751618343817,1379,26,368.6666666666667,110.33333333333331,3,5.0,46309,2024-05-15 09:30:00,2024-05-15 09:30:00,28.308333333337327,-96.89166761263073,,2024-05-15,40618,0 days 00:15:00,631,4,False,False,,,,Free
2024-05-15 13:30:00,7.3483072438446815,9.600001,42.40963106527756,1395,32,367.9038461538461,110.90384615384616,52,5.0,46321,2024-05-15 13:30:00,2024-05-15 13:30:00,28.315961538465533,-96.88596248458862,,2024-05-15,40618,0 days 04:15:00,631,4,False,False,,,,Free
2024-05-15 13:45:00,9.559230444501123,9.599998,71.76880978047551,1396,39,369.1363636363636,112.74242424242424,66,5.0,46328,2024-05-15 13:45:00,2024-05-15 13:45:00,28.30363636364036,-96.8675767042282,,2024-05-15,40618,0 days 04:30:00,631,4,False,False,,,,Free
2024-05-16 02:15:00,1.6486528637379192,14.400001,2.134756398629297,1445,157,179.0,489.7553191435396,2,5.0,46614,2024-05-16 02:15:00,2024-05-16 02:15:00,30.20500000000429,-93.09744786295266,,2024-05-16,40917,0 days 00:00:00,632,3,False,False,,,,Free
2024-05-16 02:30:00,3.083943981077097,9.599999,7.469694542357231,1446,191,176.42857142857142,477.0,7,5.0,46643,2024-05-16 02:30:00,2024-05-16 02:30:00,30.23071428571858,-93.22500105074306,,2024-05-16,40943,0 days 00:00:00,633,3,False,False,,,,Free
2024-05-16 02:45:00,8.59462736041879,11.345451,58.01549266192792,1447,186,65.32998324414048,116.54997209131685,57,5.0,46653,2024-05-16 02:45:00,2024-05-16 02:45:00,31.34170016756306,-96.82950122682736,,2024-05-16,40953,0 days 00:00:00,634,3,False,False,,,,Free
2024-05-16 02:45:00,1.1655365661558772,9.6,1.0669441525467227,1447,228,174.5,475.5,2,5.0,46685,2024-05-16 02:45:00,2024-05-16 02:45:00,30.2500000000043,-93.2400010503144,,2024-05-16,40943,0 days 00:15:00,633,3,False,False,,,,Free
2024-05-16 02:45:00,1.648233734769447,9.6,2.133671119205707,1447,229,174.0,486.5,2,5.0,46686,2024-05-16 02:45:00,2024-05-16 02:45:00,30.25500000000429,-93.13000105345782,,2024-05-16,40917,0 days 00:30:00,632,3,False,False,,,,Free
2024-05-16 03:00:00,,,,1448,253,171.5,486.5,4,5.0,46727,2024-05-16 03:00:00,2024-05-16 03:00:00,30.2800000000043,-93.13000105345782,,2024-05-16,40917,0 days 00:45:00,632,3,False,False,,,,Free
2024-05-16 03:00:00,2.6059005899733427,9.6,5.333417354890517,1448,255,172.6,473.2,5,5.0,46728,2024-05-16 03:00:00,2024-05-16 03:00:00,30.2690000000043,-93.2630010496572,,2024-05-16,40943,0 days 00:30:00,633,3,False,False,,,,Free
2024-05-16 03:15:00,25.306692612940022,50.6566,502.9915177030135,1449,166,63.13489988262416,113.11899587092798,483,5.0,46741,2024-05-16 03:15:00,2024-05-16 03:15:00,31.36365100117823,-96.86381098805076,,2024-05-16,40953,0 days 00:30:00,634,3,False,False,,,,Free
2024-05-16 03:30:00,1.6384778614031124,19.2,2.1084875296317658,1450,213,60.13939394289688,111.41818182869062,3,5.0,46781,2024-05-16 03:30:00,2024-05-16 03:30:00,31.393606060575507,-96.88081912798714,,2024-05-16,40953,0 days 00:45:00,634,3,False,False,,,,Free
2024-05-16 04:00:00,13.13557064864304,16.705517,135.51512516160656,1452,279,174.70590616698644,425.5941072183253,127,5.0,46920,2024-05-16 04:00:00,2024-05-16 04:00:00,30.24794093833444,-93.73905996387003,,2024-05-16,41202,0 days 00:00:00,635,3,False,False,,,,Free
2024-05-16 04:15:00,13.492213948145762,20.346268,142.9737538197526,1453,355,174.47377572601303,425.412634024789,135,5.0,46977,2024-05-16 04:15:00,2024-05-16 04:15:00,30.250262242744167,-93.74087469575352,,2024-05-16,41202,0 days 00:15:00,635,3,False,False,,,,Free
2024-05-16 04:30:00,,,,1454,287,173.74063399823942,427.5850144246664,13,5.0,47031,2024-05-16 04:30:00,2024-05-16 04:30:00,30.257593660021904,-93.71915089237552,,2024-05-16,41202,0 days 00:30:00,635,3,False,False,,,,Free
2024-05-16 04:45:00,4.919928848833181,11.200001,19.011112227601952,1455,290,77.25384614989602,466.1707692387823,22,5.0,47073,2024-05-16 04:45:00,2024-05-16 04:45:00,31.222461538505488,-93.33329335526064,,2024-05-16,41342,0 days 00:00:00,636,3,False,False,,,,Free
2024-05-16 05:00:00,1.6396966122353014,9.6,2.111625413531404,1456,230,73.66666666666667,472.0,3,5.0,47128,2024-05-16 05:00:00,2024-05-16 05:00:00,31.258333333337788,-93.27500104931426,,2024-05-16,41342,0 days 00:15:00,636,3,False,False,,,,Free
2024-05-16 05:00:00,2.8435088838260074,9.599999,6.350370443512452,1456,239,97.16666666666669,356.0,6,5.0,47136,2024-05-16 05:00:00,2024-05-16 05:00:00,31.02333333333775,-94.43500101616598,,2024-05-16,41398,0 days 00:00:00,637,3,False,False,,,,Free
2024-05-16 05:15:00,1.1572162792051377,9.6,1.0517655710543683,1457,231,37.5,298.5,2,5.0,47163,2024-05-16 05:15:00,2024-05-16 05:15:00,31.62000000000451,-95.01000099973476,,2024-05-16,41422,0 days 00:00:00,638,3,False,False,,,,Free
2024-05-16 05:15:00,10.11839721077077,11.999998,80.41060501009608,1457,255,93.74017155263672,364.7030021327981,82,5.0,47181,2024-05-16 05:15:00,2024-05-16 05:15:00,31.057598284478058,-94.34797099732498,,2024-05-16,41398,0 days 00:15:00,637,3,False,False,,,,Free
2024-05-16 05:30:00,1.15696745723684,9.6,1.0513133232784615,1458,234,33.5,307.5,2,5.0,47212,2024-05-16 05:30:00,2024-05-16 05:30:00,31.66000000000452,-94.92000100230656,,2024-05-16,41422,0 days 00:15:00,638,3,False,False,,,,Free
2024-05-16 05:30:00,2.591763234778937,9.6,5.275705339916208,1458,263,68.0,489.4,5,5.0,47233,2024-05-16 05:30:00,2024-05-16 05:30:00,31.315000000004463,-93.10100105428648,,2024-05-16,41342,0 days 00:45:00,636,3,False,False,,,,Free
2024-05-16 05:30:00,2.5926703598765046,9.6,5.2793990123675805,1458,268,74.6,375.2,5,5.0,47237,2024-05-16 05:30:00,2024-05-16 05:30:00,31.24900000000445,-94.24300102165262,,2024-05-16,41486,0 days 00:00:00,639,3,False,False,,,,Free
2024-05-16 05:30:00,3.0703686204441683,9.599999,7.404076871779144,1458,271,91.14285714285714,375.2857142857143,7,5.0,47240,2024-05-16 05:30:00,2024-05-16 05:30:00,31.08357142857585,-94.24214387881996,,2024-05-16,41398,0 days 00:30:00,637,3,False,False,,,,Free
2024-05-16 05:45:00,1.1568429204346844,9.6,1.0510870072278635,1459,189,31.5,317.5,2,5.0,47262,2024-05-16 05:45:00,2024-05-16 05:45:00,31.68000000000452,-94.82000100516416,,2024-05-16,41422,0 days 00:30:00,638,3,False,False,,,,Free
2024-05-16 05:45:00,15.335731806637124,15.68914,184.7136079126576,1459,205,71.60178305405559,387.6699214655522,178,5.0,47273,2024-05-16 05:45:00,2024-05-16 05:45:00,31.2789821694639,-94.11830181056048,,2024-05-16,41486,0 days 00:15:00,639,3,False,False,,,,Free
2024-05-16 06:00:00,22.890544123298227,25.72308,411.53058152121054,1460,195,68.66010887775799,400.4825785467791,390,5.0,47310,2024-05-16 06:00:00,2024-05-16 06:00:00,31.30839891122688,-93.99017524340957,,2024-05-16,41486,0 days 00:30:00,639,3,False,False,,,,Free
2024-05-16 07:00:00,2.35715088127549,9.6,4.363798077174485,1464,111,404.0,437.5,4,5.0,47456,2024-05-16 07:00:00,2024-05-16 07:00:00,27.95500000000394,-93.62000103945547,,2024-05-16,41682,0 days 00:00:00,640,3,False,False,,,,Free
2024-05-16 07:15:00,2.35715088127549,9.6,4.3637980771744855,1465,79,404.0,437.5,4,5.0,47473,2024-05-16 07:15:00,2024-05-16 07:15:00,27.95500000000394,-93.62000103945547,,2024-05-16,41682,0 days 00:15:00,640,3,False,False,,,,Free
2024-05-16 07:30:00,2.35715088127549,19.2,4.3637980771744855,1466,47,404.0,437.5,4,5.0,47483,2024-05-16 07:30:00,2024-05-16 07:30:00,27.95500000000394,-93.62000103945547,,2024-05-16,41682,0 days 00:30:00,640,3,False,False,,,,Free
2024-05-16 10:00:00,2.35715088127549,38.4,4.3637980771744855,1476,275,404.0,437.5,4,5.0,47741,2024-05-16 10:00:00,2024-05-16 10:00:00,27.95500000000394,-93.62000103945547,,2024-05-16,41939,0 days 00:00:00,641,3,False,False,,,,Free
2024-05-16 10:15:00,2.35715088127549,38.4,4.3637980771744855,1477,299,404.0,437.5,4,5.0,47797,2024-05-16 10:15:00,2024-05-16 10:15:00,27.95500000000394,-93.62000103945547,,2024-05-16,41939,0 days 00:15:00,641,3,False,False,,,,Free
2024-05-16 10:15:00,2.046991981699936,9.6,3.2909566706989124,1477,305,463.8,36.2,5,5.0,47801,2024-05-16 10:15:00,2024-05-16 10:15:00,27.357000000003843,-97.63300092477964,,2024-05-16,41988,0 days 00:00:00,642,3,False,False,,,,Free
2024-05-16 10:30:00,2.35715088127549,38.4,4.3637980771744855,1478,284,404.0,437.5,4,5.0,47845,2024-05-16 10:30:00,2024-05-16 10:30:00,27.95500000000394,-93.62000103945547,,2024-05-16,41939,0 days 00:30:00,641,3,False,False,,,,Free
2024-05-16 10:45:00,9.815549695631535,15.721736,75.66919848334774,1479,280,461.035920301037,34.07000524170779,74,5.0,47904,2024-05-16 10:45:00,2024-05-16 10:45:00,27.38464079699348,-97.65430087175388,,2024-05-16,41988,0 days 00:30:00,642,3,False,False,,,,Free
2024-05-16 11:00:00,6.470600293015247,12.480001,32.883575070453695,1480,247,456.21575340857913,33.56678081499712,32,5.0,47956,2024-05-16 11:00:00,2024-05-16 11:00:00,27.432842465918064,-97.6593331158772,,2024-05-16,41988,0 days 00:45:00,642,3,False,False,,,,Free
2024-05-16 11:45:00,2.0501436927891104,9.6,3.3010985077102872,1483,455,498.6666666666667,21.33333333333333,3,5.0,48129,2024-05-16 11:45:00,2024-05-16 11:45:00,27.008333333337124,-97.781667587198,,2024-05-16,42293,0 days 00:00:00,643,3,False,False,,,,Free
2024-05-16 12:00:00,3.742888828768476,10.56,11.0028131331986,1484,419,497.661870508533,21.57913669496644,10,5.0,48205,2024-05-16 12:00:00,2024-05-16 12:00:00,27.018381294918463,-97.77920955365188,,2024-05-16,42293,0 days 00:15:00,643,3,False,False,,,,Free
2024-05-16 12:15:00,1.645024338023215,9.6,2.125369954050236,1485,496,136.0,1.5,2,5.0,48246,2024-05-16 12:15:00,2024-05-16 12:15:00,30.63500000000436,-97.9800009148637,,2024-05-16,42402,0 days 00:00:00,644,3,False,False,,,,Free
2024-05-16 12:15:00,3.898664976793557,9.599999,11.937728971839514,1485,555,348.09090909090907,38.63636363636363,11,5.0,48292,2024-05-16 12:15:00,2024-05-16 12:15:00,28.514090909094936,-97.6086372891122,,2024-05-16,42442,0 days 00:00:00,645,3,False,False,,,,Free
2024-05-16 12:30:00,1.6447691548965695,9.6,2.124710612457359,1486,617,133.0,1.5,2,5.0,48349,2024-05-16 12:30:00,2024-05-16 12:30:00,30.66500000000436,-97.9800009148637,,2024-05-16,42402,0 days 00:15:00,644,3,False,False,,,,Free
2024-05-16 12:30:00,2.899190522512376,9.599999,6.601511648441542,1486,735,497.5,19.0,6,5.0,48419,2024-05-16 12:30:00,2024-05-16 12:30:00,27.02000000000379,-97.80500091986454,,2024-05-16,42293,0 days 00:45:00,643,3,False,False,,,,Free
2024-05-16 12:45:00,1.6443858800053066,9.6,2.1237204998398536,1487,635,128.5,0.0,2,5.0,48461,2024-05-16 12:45:00,2024-05-16 12:45:00,30.71000000000437,-97.99500091443508,,2024-05-16,42402,0 days 00:30:00,644,3,False,False,,,,Free
2024-05-16 12:45:00,1.6467609955153188,9.6,2.12985984260697,1487,651,156.5,57.0,2,5.0,48469,2024-05-16 12:45:00,2024-05-16 12:45:00,30.430000000004327,-97.42500093072346,,2024-05-16,42612,0 days 00:00:00,646,3,False,False,,,,Free
2024-05-16 12:45:00,3.109982163306794,9.599999,7.596362441050483,1487,749,347.57142857142856,37.142857142857146,7,5.0,48535,2024-05-16 12:45:00,2024-05-16 12:45:00,28.51928571428974,-97.62357235362047,,2024-05-16,42442,0 days 00:30:00,645,3,False,False,,,,Free
2024-05-16 13:00:00,2.0143183368593185,9.6,3.186736053702807,1488,687,132.0,71.0,3,5.0,48577,2024-05-16 13:00:00,2024-05-16 13:00:00,30.675000000004363,-97.28500093472412,,2024-05-16,42715,0 days 00:00:00,647,3,False,False,,,,Free
2024-05-16 13:00:00,2.0152206370655112,9.6,3.1895916466366483,1488,693,140.66666666666666,104.33333333333331,3,5.0,48581,2024-05-16 13:00:00,2024-05-16 13:00:00,30.588333333337683,-96.95166761091616,,2024-05-16,42718,0 days 00:00:00,648,4,False,False,,,,Free
2024-05-16 13:00:00,2.016361968710928,9.6,3.193205556390012,1488,706,151.66666666666666,59.333333333333336,3,5.0,48593,2024-05-16 13:00:00,2024-05-16 13:00:00,30.478333333337662,-97.40166759805692,,2024-05-16,42612,0 days 00:15:00,646,3,False,False,,,,Free
2024-05-16 13:00:00,2.6244567014366487,9.6,5.4096442465965096,1488,790,316.0,54.0,5,5.0,48646,2024-05-16 13:00:00,2024-05-16 13:00:00,28.83500000000408,-97.45500092986616,,2024-05-16,42776,0 days 00:00:00,650,4,False,False,,,,Free
2024-05-16 13:00:00,2.6269693337442,9.6,5.4200074989564255,1488,805,336.0,62.0,5,5.0,48660,2024-05-16 13:00:00,2024-05-16 13:00:00,28.635000000004045,-97.37500093215226,,2024-05-16,42787,0 days 00:00:00,651,3,False,False,,,,Free
2024-05-16 13:00:00,2.0354872810337565,9.6,3.2540683238926524,1488,808,342.6666666666667,36.333333333333336,3,5.0,48662,2024-05-16 13:00:00,2024-05-16 13:00:00,28.568333333337367,-97.63166759148442,,2024-05-16,42442,0 days 00:45:00,645,3,False,False,,,,Free
2024-05-16 13:15:00,,,,1489,866,128.97366549027043,73.60960852265761,70,5.0,48709,2024-05-16 13:15:00,2024-05-16 13:15:00,30.705263345101663,-97.25890485024324,,2024-05-16,42715,0 days 00:15:00,647,3,False,False,,,,Free
2024-05-16 13:15:00,2.015705371016508,9.6,3.191126257070445,1489,892,145.33333333333334,61.333333333333336,3,5.0,48724,2024-05-16 13:15:00,2024-05-16 13:15:00,30.54166666667101,-97.38166759862844,,2024-05-16,42612,0 days 00:30:00,646,3,False,False,,,,Free
2024-05-16 13:15:00,2.02308478679996,16.0,3.214534194689002,1489,954,217.13939394289687,5.139393942896875,3,5.0,48773,2024-05-16 13:15:00,2024-05-16 13:15:00,29.823606060575266,-97.94360697647475,,2024-05-16,42891,0 days 00:00:00,652,3,False,False,,,,Free
2024-05-16 13:15:00,1.6572046591142302,9.6,2.1569604035202627,1489,992,283.0,17.5,2,5.0,48795,2024-05-16 13:15:00,2024-05-16 13:15:00,29.165000000004127,-97.82000091943588,,2024-05-16,42912,0 days 00:00:00,653,3,False,False,,,,Free
2024-05-16 13:15:00,7.958481998919762,10.017392,49.74510569439174,1489,1011,311.06416665997773,55.48083333326711,48,5.0,48810,2024-05-16 13:15:00,2024-05-16 13:15:00,28.884358333404307,-97.44019259695663,,2024-05-16,42776,0 days 00:15:00,650,4,False,False,,,,Free
2024-05-16 13:15:00,5.382205353297814,10.057145,22.75151960591446,1489,1034,330.3258232175547,62.63084922955683,23,5.0,48829,2024-05-16 13:15:00,2024-05-16 13:15:00,28.691741767828507,-97.36869244003697,,2024-05-16,42787,0 days 00:15:00,651,3,False,False,,,,Free
2024-05-16 13:30:00,2.013831355362772,12.8,3.185195389674937,1490,858,127.32857143343712,44.50714284984433,4,5.0,48897,2024-05-16 13:30:00,2024-05-16 13:30:00,30.72171428567,-97.54992949865505,,2024-05-16,42997,0 days 00:00:00,654,3,False,False,,,,Free
2024-05-16 13:30:00,1.6442579933098531,14.400001,2.1233901819517382,1490,860,127.0,76.75531914353964,2,5.0,48899,2024-05-16 13:30:00,2024-05-16 13:30:00,30.72500000000437,-97.2274477449334,,2024-05-16,42715,0 days 00:30:00,647,3,False,False,,,,Free
2024-05-16 13:30:00,2.326475835634096,9.6,4.250959559157564,1490,873,136.5,111.5,4,5.0,48906,2024-05-16 13:30:00,2024-05-16 13:30:00,30.63000000000436,-96.8800009462974,,2024-05-16,42718,0 days 00:30:00,648,4,False,False,,,,Free
2024-05-16 13:30:00,5.6172915082247625,9.600002,24.782425285838368,1490,979,273.6521739130435,17.08695652173913,23,5.0,48978,2024-05-16 13:30:00,2024-05-16 13:30:00,29.25847826087371,-97.82413135410049,,2024-05-16,42912,0 days 00:15:00,653,3,False,False,,,,Free
2024-05-16 13:30:00,10.022333101405223,13.545204,78.89101560729185,1490,1009,304.1400417909229,57.27261873005308,83,5.0,48995,2024-05-16 13:30:00,2024-05-16 13:30:00,28.953599582094864,-97.42227474350084,,2024-05-16,42776,0 days 00:30:00,650,4,False,False,,,,Free
2024-05-16 13:30:00,4.2338543111293445,9.599999,14.078672314247898,1490,1028,326.0769230769231,62.61538461538461,13,5.0,49007,2024-05-16 13:30:00,2024-05-16 13:30:00,28.73423076923483,-97.36884708617424,,2024-05-16,42787,0 days 00:30:00,651,3,False,False,,,,Free
2024-05-16 13:45:00,4.01027405862774,9.599999,12.631007332283076,1491,771,45.25,134.33333333333334,12,5.0,49029,2024-05-16 13:45:00,2024-05-16 13:45:00,31.54250000000449,-96.651667619489,,2024-05-16,43111,0 days 00:00:00,655,3,False,False,,,,Free
2024-05-16 13:45:00,,,,1491,811,125.87116562981409,44.57668711118028,5,5.0,49050,2024-05-16 13:45:00,2024-05-16 13:45:00,30.73628834370623,-97.54923405606156,,2024-05-16,42997,0 days 00:15:00,654,3,False,False,,,,Free
2024-05-16 13:45:00,7.002497140740983,12.266667,38.5119724005156,1491,863,200.96226415943107,4.881132061721678,42,5.0,49079,2024-05-16 13:45:00,2024-05-16 13:45:00,29.985377358409945,-97.94618959521272,,2024-05-16,42891,0 days 00:30:00,652,3,False,False,,,,Free
2024-05-16 13:45:00,7.301403022112464,10.092309,41.86995786594246,1491,901,236.5981873178517,39.544813685619125,39,5.0,49106,2024-05-16 13:45:00,2024-05-16 13:45:00,29.629018126825684,-97.59955278887924,,2024-05-16,43174,0 days 00:00:00,656,5,False,False,,,,Free
2024-05-16 13:45:00,18.53536928179204,21.657602,269.8313257964834,1491,939,292.68898274737825,99.3288349206468,250,5.0,49134,2024-05-16 13:45:00,2024-05-16 13:45:00,29.06811017253033,-97.00171259361292,,2024-05-16,43198,0 days 00:00:00,657,4,False,False,,,,Free
2024-05-16 13:45:00,14.21537064686455,12.669388,158.71071823312772,1491,945,298.3531701149883,58.13471439054576,219,5.0,49138,2024-05-16 13:45:00,2024-05-16 13:45:00,29.011468298854226,-97.41365378714228,,2024-05-16,42776,0 days 00:45:00,650,4,False,False,,,,Free
2024-05-16 14:00:00,3.273673020788165,10.8,8.417061103192063,1492,819,41.198275863840806,136.0991379319204,8,5.0,49190,2024-05-16 14:00:00,2024-05-16 14:00:00,31.583017241366097,-96.63400957400768,,2024-05-16,43111,0 days 00:15:00,655,3,False,False,,,,Free
2024-05-16 14:00:00,1.6442579933077617,9.6,2.1233901819463354,1492,888,127.0,44.5,2,5.0,49220,2024-05-16 14:00:00,2024-05-16 14:00:00,30.72500000000437,-97.55000092715149,,2024-05-16,42997,0 days 00:30:00,654,3,False,False,,,,Free
2024-05-16 14:00:00,4.193154594397939,9.599999,13.809298906261793,1492,893,132.07692307692307,115.3846153846154,13,5.0,49221,2024-05-16 14:00:00,2024-05-16 14:00:00,30.67423076923513,-96.84115479356136,,2024-05-16,42718,0 days 01:00:00,648,4,False,False,,,,Free
2024-05-16 14:00:00,1.1668950889216487,9.6,1.06943281347163,1492,937,197.5,6.5,2,5.0,49247,2024-05-16 14:00:00,2024-05-16 14:00:00,30.02000000000426,-97.93000091629256,,2024-05-16,42891,0 days 00:45:00,652,3,False,False,,,,Free
2024-05-16 14:00:00,56.26573113273874,22.126982,2486.4390310467047,1492,955,267.75618377710674,16.49261069837239,2321,5.0,49258,2024-05-16 14:00:00,2024-05-16 14:00:00,29.317438162233085,-97.8300748121643,,2024-05-16,42912,0 days 00:45:00,653,3,False,False,,,,Free
2024-05-16 14:00:00,1.6528038158048115,9.6,2.145519643051268,1492,963,229.0,39.5,2,5.0,49262,2024-05-16 14:00:00,2024-05-16 14:00:00,29.70500000000421,-97.6000009257226,,2024-05-16,43174,0 days 00:15:00,656,5,False,False,,,,Free
2024-05-16 14:00:00,8.267132901261109,9.6,53.67841950065252,1492,969,236.58,134.28,50,5.0,49265,2024-05-16 14:00:00,2024-05-16 14:00:00,29.6292000000042,-96.65220095280704,,2024-05-16,43313,0 days 00:00:00,658,3,False,False,,,,Free
2024-05-16 14:00:00,19.780760901329693,26.610527,307.30941671856453,1492,998,284.8491312640297,100.72544249660676,285,5.0,49282,2024-05-16 14:00:00,2024-05-16 14:00:00,29.146508687363827,-96.98774651825244,,2024-05-16,43198,0 days 00:15:00,657,4,False,False,,,,Free
2024-05-16 14:00:00,11.876152575976484,19.764704,110.77491316624965,1492,1060,355.78751659114613,3.110225816137476,102,5.0,49327,2024-05-16 14:00:00,2024-05-16 14:00:00,28.43712483409256,-97.96389865716247,,2024-05-16,43367,0 days 00:00:00,659,3,False,False,,,,Free
2024-05-16 14:15:00,,,,1493,762,35.78260869565217,139.3913043478261,23,5.0,49341,2024-05-16 14:15:00,2024-05-16 14:15:00,31.63717391304799,-96.60108791078945,,2024-05-16,43111,0 days 00:30:00,655,3,False,False,,,,Free
2024-05-16 14:15:00,1.6440873704008527,9.6,2.122949520919746,1493,801,125.0,113.5,2,5.0,49363,2024-05-16 14:15:00,2024-05-16 14:15:00,30.74500000000437,-96.86000094686892,,2024-05-16,42718,0 days 01:15:00,648,4,False,False,,,,Free
2024-05-16 14:15:00,2.0227134849683432,9.6,3.2133543599007504,1493,869,213.66666666666663,176.66666666666666,3,5.0,49400,2024-05-16 14:15:00,2024-05-16 14:15:00,29.85833333333757,-96.22833429825285,,2024-05-16,43434,0 days 00:00:00,660,3,False,False,,,,Free
2024-05-16 14:15:00,3.50474734647679,9.6,9.647245102798822,1493,881,221.11111111111111,40.77777777777778,9,5.0,49407,2024-05-16 14:15:00,2024-05-16 14:15:00,29.78388888889312,-97.58722314831,,2024-05-16,43174,0 days 00:30:00,656,5,False,False,,,,Free
2024-05-16 14:15:00,18.521504151654817,16.972801,269.4277894982606,1493,933,277.74983287855724,102.58920223103294,250,5.0,49437,2024-05-16 14:15:00,2024-05-16 14:15:00,29.217501671218564,-96.96910892144076,,2024-05-16,43198,0 days 00:30:00,657,4,False,False,,,,Free
2024-05-16 14:15:00,15.683435130187522,20.278652,193.18449422960907,1493,989,349.54768371527086,6.712502770178373,179,5.0,49477,2024-05-16 14:15:00,2024-05-16 14:15:00,28.499523162851315,-97.92787588865144,,2024-05-16,43367,0 days 00:15:00,659,3,False,False,,,,Free
2024-05-16 14:30:00,1.6488621497680702,9.6,2.1352984206151784,1494,681,181.5,298.0,2,5.0,49526,2024-05-16 14:30:00,2024-05-16 14:30:00,30.180000000004284,-95.01500099959183,,2024-05-16,43548,0 days 00:00:00,661,3,False,False,,,,Free
2024-05-16 14:30:00,2.022037147797296,9.6,3.2112058127464698,1494,694,207.0,178.0,3,5.0,49535,2024-05-16 14:30:00,2024-05-16 14:30:00,29.92500000000425,-96.21500096530052,,2024-05-16,43434,0 days 00:15:00,660,3,False,False,,,,Free
2024-05-16 14:30:00,5.090321234706221,10.610527,20.350742623133574,1494,699,213.34521576253547,41.86679174769394,19,5.0,49538,2024-05-16 14:30:00,2024-05-16 14:30:00,29.861547842378883,-97.57633300892206,,2024-05-16,43174,0 days 00:45:00,656,5,False,False,,,,Free
2024-05-16 14:30:00,7.391203889125638,10.08,42.90621914510919,1494,708,228.32146293445007,137.08277190237038,41,5.0,49542,2024-05-16 14:30:00,2024-05-16 14:30:00,29.71178537065971,-96.6241732345843,,2024-05-16,43313,0 days 00:30:00,658,3,False,False,,,,Free
2024-05-16 14:30:00,10.668519463568112,9.831324,89.39190430831766,1494,747,269.3400943363761,104.01981132274932,88,5.0,49560,2024-05-16 14:30:00,2024-05-16 14:30:00,29.301599056640388,-96.9548028309324,,2024-05-16,43198,0 days 00:45:00,657,4,False,False,,,,Free
2024-05-16 14:30:00,17.311240620004316,14.289402,235.36737689530483,1494,787,342.11449548985735,11.297251718852138,217,5.0,49587,2024-05-16 14:30:00,2024-05-16 14:30:00,28.57385504510546,-97.8820284004749,,2024-05-16,43367,0 days 00:30:00,659,3,False,False,,,,Free
2024-05-16 14:30:00,4.077780900497258,16.0,13.059833981137428,1494,801,378.1075757571379,22.85757575713789,12,5.0,49597,2024-05-16 14:30:00,2024-05-16 14:30:00,28.2139242424326,-97.76642516339552,,2024-05-16,43613,0 days 00:00:00,662,3,False,False,,,,Free
2024-05-16 14:30:00,4.258953965572737,11.076923,14.246092933471246,1494,819,452.82025316791874,0.7569620332624677,13,5.0,49610,2024-05-16 14:30:00,2024-05-16 14:30:00,27.466797468324675,-97.98743129431875,,2024-05-16,43626,0 days 00:00:00,663,3,False,False,,,,Free
2024-05-16 14:45:00,1.6484014744679496,9.6,2.1341054260086625,1495,709,176.0,297.5,2,5.0,49655,2024-05-16 14:45:00,2024-05-16 14:45:00,30.23500000000429,-95.02000099944894,,2024-05-16,43548,0 days 00:15:00,661,3,False,False,,,,Free
2024-05-16 14:45:00,6.392324038612688,11.840001,32.092787868228655,1495,723,200.8551001071588,180.38226882286145,31,5.0,49662,2024-05-16 14:45:00,2024-05-16 14:45:00,29.98644899893267,-96.19117827775268,,2024-05-16,43434,0 days 00:30:00,660,3,False,False,,,,Free
2024-05-16 14:45:00,6.066303045207593,10.666668,28.902678045512182,1495,728,207.46362514746085,43.196054258067306,29,5.0,49665,2024-05-16 14:45:00,2024-05-16 14:45:00,29.92036374852964,-97.56304038419812,,2024-05-16,43174,0 days 01:00:00,656,5,False,False,,,,Free
2024-05-16 14:45:00,3.090835376034064,9.599999,7.503115467349656,1495,741,220.7142857142857,139.28571428571428,7,5.0,49675,2024-05-16 14:45:00,2024-05-16 14:45:00,29.78785714286137,-96.60214381138036,,2024-05-16,43313,0 days 00:45:00,658,3,False,False,,,,Free
2024-05-16 14:45:00,8.291248593947543,11.52,53.99204221302772,1495,795,295.984108301246,117.0311948306253,53,5.0,49710,2024-05-16 14:45:00,2024-05-16 14:45:00,29.035158916991648,-96.82468899957178,,2024-05-16,43713,0 days 00:00:00,664,3,False,False,,,,Free
2024-05-16 14:45:00,6.885764144190617,14.400002,37.23867048072507,1495,839,447.3467153245505,2.866788325878499,36,5.0,49744,2024-05-16 14:45:00,2024-05-16 14:45:00,27.521532846758365,-97.96633303199552,,2024-05-16,43626,0 days 00:15:00,663,3,False,False,,,,Free
2024-05-16 15:00:00,9.375740594887477,10.949999,69.040042045588,1496,734,286.28437984523555,120.80643488604731,65,5.0,49815,2024-05-16 15:00:00,2024-05-16 15:00:00,29.13215620155177,-96.7869366000964,,2024-05-16,43713,0 days 00:15:00,664,3,False,False,,,,Free
2024-05-16 15:00:00,33.56750524965694,16.137423,884.9689073395213,1496,763,369.63152866828585,30.359105824622056,1275,5.0,49837,2024-05-16 15:00:00,2024-05-16 15:00:00,28.298684713321133,-97.69140986486428,,2024-05-16,43613,0 days 00:30:00,662,3,False,False,,,,Free
2024-05-16 15:00:00,4.089869962298946,9.599999,13.137383595790252,1496,790,442.1666666666667,6.666666666666667,12,5.0,49857,2024-05-16 15:00:00,2024-05-16 15:00:00,27.57333333333721,-97.92833424967348,,2024-05-16,43626,0 days 00:30:00,663,3,False,False,,,,Free
2024-05-16 15:15:00,2.017189289641044,9.6,3.195826462560047,1497,556,159.66666666666666,301.6666666666667,3,5.0,49874,2024-05-16 15:15:00,2024-05-16 15:15:00,30.398333333337654,-94.97833433397297,,2024-05-16,43548,0 days 00:45:00,661,3,False,False,,,,Free
2024-05-16 15:15:00,9.272791888034671,17.82857,67.53220142615555,1497,601,220.73942095343529,212.6706260708009,63,5.0,49890,2024-05-16 15:15:00,2024-05-16 15:15:00,29.787605790469872,-95.86829471450004,,2024-05-16,43876,0 days 00:00:00,665,4,False,False,,,,Free
2024-05-16 15:15:00,1.1691736066554677,9.6,1.0736133103563692,1497,619,236.5,7.5,2,5.0,49899,2024-05-16 15:15:00,2024-05-16 15:15:00,29.6300000000042,-97.92000091657826,,2024-05-16,43884,0 days 00:00:00,666,3,False,False,,,,Free
2024-05-16 15:15:00,9.0597527870402,16.32,64.46479054289453,1497,620,244.67638397835103,87.10100118105649,60,5.0,49900,2024-05-16 15:15:00,2024-05-16 15:15:00,29.54823616022068,-97.12399092751455,,2024-05-16,43885,0 days 00:00:00,667,4,False,False,,,,Free
2024-05-16 15:15:00,1.656638984189744,9.6,2.155488128911422,1497,650,276.0,125.5,2,5.0,49919,2024-05-16 15:15:00,2024-05-16 15:15:00,29.23500000000414,-96.74000095029804,,2024-05-16,43713,0 days 00:30:00,664,3,False,False,,,,Free
2024-05-16 15:15:00,19.1552166089377,16.881512,288.1801188570871,1497,684,371.16332285947067,34.63799368289274,274,5.0,49945,2024-05-16 15:15:00,2024-05-16 15:15:00,28.283366771409284,-97.64862098750432,,2024-05-16,43613,0 days 00:45:00,662,3,False,False,,,,Free
2024-05-16 15:30:00,15.062395181339932,10.807184,178.1877962689599,1498,741,175.39533924704455,421.8459476239508,167,5.0,49997,2024-05-16 15:30:00,2024-05-16 15:30:00,30.24104660753385,-93.77654155874268,,2024-05-16,43974,0 days 00:00:00,668,3,False,False,,,,Free
2024-05-16 15:30:00,13.261889366704628,35.125584,138.1340300825296,1498,759,211.3266166190808,218.313508791864,130,5.0,50005,2024-05-16 15:30:00,2024-05-16 15:30:00,29.88173383381343,-95.81186588890192,,2024-05-16,43876,0 days 00:15:00,665,4,False,False,,,,Free
2024-05-16 15:30:00,8.427387909198456,11.0769205,55.77965848278525,1498,794,228.14114832303912,11.233253577191032,56,5.0,50022,2024-05-16 15:30:00,2024-05-16 15:30:00,29.71358851677382,-97.8826683818732,,2024-05-16,43884,0 days 00:15:00,666,3,False,False,,,,Free
2024-05-16 15:30:00,6.509880873248461,12.077421,33.28403453939298,1498,809,237.5633928562305,93.1919642811527,32,5.0,50035,2024-05-16 15:30:00,2024-05-16 15:30:00,29.61936607144189,-97.0630812982542,,2024-05-16,43885,0 days 00:15:00,667,4,False,False,,,,Free
2024-05-16 15:45:00,2.017670829134274,9.6,3.197352447599456,1499,627,164.33333333333334,426.6666666666667,3,5.0,50105,2024-05-16 15:45:00,2024-05-16 15:45:00,30.35166666667098,-93.72833436969309,,2024-05-16,43974,0 days 00:15:00,668,3,False,False,,,,Free
2024-05-16 15:45:00,9.901564076253004,15.066668,77.00119868373771,1499,666,199.24650395031256,223.81080340822524,73,5.0,50128,2024-05-16 15:45:00,2024-05-16 15:45:00,30.002534960501134,-95.75689294430924,,2024-05-16,43876,0 days 00:30:00,665,4,False,False,,,,Free
2024-05-16 15:45:00,9.980389478360138,16.30685,78.23207702874207,1499,697,219.0073834632868,14.898707905367145,82,5.0,50150,2024-05-16 15:45:00,2024-05-16 15:45:00,29.80492616537136,-97.84601383963889,,2024-05-16,43884,0 days 00:30:00,666,3,False,False,,,,Free
2024-05-16 16:00:00,,,,1500,548,151.29564388573243,431.1237800614252,143,5.0,50207,2024-05-16 16:00:00,2024-05-16 16:00:00,30.48204356114701,-93.68376323701916,,2024-05-16,43974,0 days 00:30:00,668,3,False,False,,,,Free
2024-05-16 16:00:00,,,,1500,601,187.0,230.375,8,5.0,50234,2024-05-16 16:00:00,2024-05-16 16:00:00,30.12500000000428,-95.69125098026728,,2024-05-16,43876,0 days 00:45:00,665,4,False,False,,,,Free
2024-05-16 16:00:00,2.336689434651972,9.6,4.288366267440956,1500,642,222.75,108.25,4,5.0,50254,2024-05-16 16:00:00,2024-05-16 16:00:00,29.767500000004222,-96.91250094536872,,2024-05-16,43885,0 days 00:45:00,667,4,False,False,,,,Free
2024-05-16 16:30:00,4.208213018288345,10.338461,13.908660691947825,1502,439,202.62414579354711,123.21412300312237,17,5.0,50374,2024-05-16 16:30:00,2024-05-16 16:30:00,29.96875854206878,-96.76285971961364,,2024-05-16,43885,0 days 01:15:00,667,4,False,False,,,,Free
2024-05-16 16:45:00,3.8837116814001127,9.599999,11.84633047772722,1503,394,268.3636363636364,222.0909090909091,11,5.0,50438,2024-05-16 16:45:00,2024-05-16 16:45:00,29.311363636367787,-95.7740918869909,,2024-05-16,44368,0 days 00:00:00,669,4,False,False,,,,Free
2024-05-16 17:00:00,1.1632679702201014,9.6,1.0627948025455511,1504,452,137.0,67.5,4,5.0,50456,2024-05-16 17:00:00,2024-05-16 17:00:00,30.62500000000436,-97.32000093372392,,2024-05-16,44386,0 days 00:00:00,670,3,False,False,,,,Free
2024-05-16 17:00:00,9.861414351099295,14.873238,76.3780024004005,1504,540,256.8202567813518,227.83908701838192,71,5.0,50500,2024-05-16 17:00:00,2024-05-16 17:00:00,29.42679743219065,-95.71661010935878,,2024-05-16,44368,0 days 00:15:00,669,4,False,False,,,,Free
2024-05-16 17:15:00,16.789372119160454,26.656311,221.39040318157475,1505,490,246.941690208197,235.27556094077212,207,5.0,50570,2024-05-16 17:15:00,2024-05-16 17:15:00,29.52558309792221,-95.64224537225994,,2024-05-16,44368,0 days 00:30:00,669,4,False,False,,,,Free
2024-05-16 17:30:00,1.6434036997727175,9.6,2.1211842905715166,1506,432,116.66666666666669,76.0,3,5.0,50607,2024-05-16 17:30:00,2024-05-16 17:30:00,30.82833333333772,-97.23500093615291,,2024-05-16,44386,0 days 00:30:00,670,3,False,False,,,,Free
2024-05-16 17:30:00,10.390822568209783,21.994936,84.798806391515,1506,507,237.11279746823985,240.5517241612095,116,5.0,50645,2024-05-16 17:30:00,2024-05-16 17:30:00,29.6238720253218,-95.5894837415633,,2024-05-16,44368,0 days 00:45:00,669,4,False,False,,,,Free
2024-05-16 17:45:00,2.0092365148323363,9.6,3.1706770255673344,1507,463,83.66666666666667,0.6666666666666666,3,5.0,50664,2024-05-16 17:45:00,2024-05-16 17:45:00,31.15833333333777,-97.9883342479589,,2024-05-16,44575,0 days 00:00:00,671,3,False,False,,,,Free
2024-05-16 17:45:00,16.00942864837641,11.722104,201.2989674309612,1507,467,106.41759951265348,80.92568408149687,192,5.0,50666,2024-05-16 17:45:00,2024-05-16 17:45:00,30.93082400487787,-97.18574409674552,,2024-05-16,44386,0 days 00:45:00,670,3,False,False,,,,Free
2024-05-16 18:15:00,1.6383032806293645,9.6,2.108038232412287,1509,434,58.0,14.5,2,5.0,50817,2024-05-16 18:15:00,2024-05-16 18:15:00,31.41500000000448,-97.85000091857864,,2024-05-16,44575,0 days 00:30:00,671,3,False,False,,,,Free
2024-05-16 18:45:00,5.901046163111621,18.092308,27.349406451570378,1511,652,39.405992942900056,29.534665084725383,26,5.0,51000,2024-05-16 18:45:00,2024-05-16 18:45:00,31.600940070575508,-97.69965427202766,,2024-05-16,44575,0 days 01:00:00,671,3,False,False,,,,Free
2024-05-16 18:45:00,8.32224975133326,9.788236,54.39655185856856,1511,716,172.3601423492859,70.3124555149997,59,5.0,51042,2024-05-16 18:45:00,2024-05-16 18:45:00,30.27139857651144,-97.29187637937764,,2024-05-16,44930,0 days 00:00:00,672,3,False,False,,,,Free
2024-05-16 19:00:00,1.6472669476913275,9.6,2.131168803369766,1512,575,162.5,81.0,2,5.0,51154,2024-05-16 19:00:00,2024-05-16 19:00:00,30.37000000000432,-97.18500093758172,,2024-05-16,44930,0 days 00:15:00,672,3,False,False,,,,Free
2024-05-16 19:15:00,3.6816462608354783,11.5199995,10.645694477501666,1513,586,153.0618279576784,89.62365591535679,12,5.0,51273,2024-05-16 19:15:00,2024-05-16 19:15:00,30.464381720427543,-97.09876438089248,,2024-05-16,44930,0 days 00:30:00,672,3,False,False,,,,Free
2024-05-16 19:30:00,,,,1514,460,223.2974137957612,112.3060344765572,8,5.0,51400,2024-05-16 19:30:00,2024-05-16 19:30:00,29.76202586204661,-96.87194060176216,,2024-05-16,45261,0 days 00:00:00,673,3,False,False,,,,Free
2024-05-16 19:45:00,5.600355239082412,9.600002,24.63321134943355,1515,560,212.11111111111111,120.25925925925924,27,5.0,51464,2024-05-16 19:45:00,2024-05-16 19:45:00,29.873888888893127,-96.79240835620789,,2024-05-16,45261,0 days 00:15:00,673,3,False,False,,,,Free
2024-05-16 20:00:00,1.6372533084330905,9.6,2.10533705700499,1516,433,46.0,199.5,2,5.0,51525,2024-05-16 20:00:00,2024-05-16 20:00:00,31.53500000000449,-96.00000097144436,,2024-05-16,45379,0 days 00:00:00,674,3,False,False,,,,Free
2024-05-16 20:00:00,2.021325294042749,9.6,3.208945214772492,1516,481,200.0,126.0,3,5.0,51555,2024-05-16 20:00:00,2024-05-16 20:00:00,29.995000000004257,-96.73500095044096,,2024-05-16,45261,0 days 00:30:00,673,3,False,False,,,,Free
2024-05-16 20:30:00,,,,1518,391,19.5,206.5,2,5.0,51697,2024-05-16 20:30:00,2024-05-16 20:30:00,31.800000000004538,-95.93000097344476,,2024-05-16,45379,0 days 00:30:00,674,3,False,False,,,,Free
2024-05-16 20:45:00,26.649058082477023,22.682709,557.7680175107596,1519,248,9.309080073237336,206.19088803737347,533,5.0,51767,2024-05-16 20:45:00,2024-05-16 20:45:00,31.901909199272183,-95.93309209298263,,2024-05-16,45379,0 days 00:45:00,674,3,False,False,,,,Free
2024-05-17 05:00:00,2.638822568465293,9.6,5.469029434905094,1552,127,432.4,163.2,5,5.0,52521,2024-05-17 05:00:00,2024-05-17 05:00:00,27.671000000003893,-96.3630009610713,,2024-05-17,46326,0 days 00:00:00,675,3,False,False,,,,Free
2024-05-17 05:15:00,4.720639345869918,18.0,17.5021549761953,1553,177,433.2048076847513,163.06826923130708,16,5.0,52548,2024-05-17 05:15:00,2024-05-17 05:15:00,27.66295192315638,-96.36431826872058,,2024-05-17,46326,0 days 00:15:00,675,3,False,False,,,,Free
2024-05-17 05:30:00,2.890896878622656,9.599999,6.563796103716331,1554,149,434.0,162.5,6,5.0,52571,2024-05-17 05:30:00,2024-05-17 05:30:00,27.65500000000389,-96.37000096087128,,2024-05-17,46326,0 days 00:30:00,675,3,False,False,,,,Free
2024-05-17 06:30:00,2.044670833969871,1007.99994,3.283497466422659,1558,163,439.0461947520143,39.917181781198416,3,5.0,52667,2024-05-17 06:30:00,2024-05-17 06:30:00,27.60453805248374,-97.59582910802987,,2024-05-17,46460,0 days 00:00:00,676,4,False,False,,,,Free
2024-05-17 06:45:00,2.044670833969871,1068.8,3.283497466422659,1559,179,439.0916838934463,39.88581814217056,3,5.0,52695,2024-05-17 06:45:00,2024-05-17 06:45:00,27.604083161069426,-97.59614274441115,,2024-05-17,46460,0 days 00:15:00,676,4,False,False,,,,Free
2024-05-17 07:15:00,1.6694413564504111,2169.6,2.188931732564668,1561,223,439.0,39.830407474948544,2,5.0,52760,2024-05-17 07:15:00,2024-05-17 07:15:00,27.605000000003884,-97.59669685106758,,2024-05-17,46460,0 days 00:45:00,676,4,False,False,,,,Free
2024-05-17 07:30:00,2.0408162430229315,179.20001,3.271129109214518,1562,189,398.1282809647229,34.51164508205057,7,5.0,52775,2024-05-17 07:30:00,2024-05-17 07:30:00,28.01371719035672,-97.64988447347667,,2024-05-17,46558,0 days 00:00:00,677,3,False,False,,,,Free
2024-05-17 07:30:00,1.6694413564504111,1238.3999,2.188931732564668,1562,211,439.0,39.86970973165364,2,5.0,52789,2024-05-17 07:30:00,2024-05-17 07:30:00,27.605000000003884,-97.59630382851174,,2024-05-17,46460,0 days 01:00:00,676,4,False,False,,,,Free
2024-05-17 07:45:00,2.0408162430229315,531.2,3.271129109214518,1563,138,398.0272393264064,34.4740909894771,3,5.0,52805,2024-05-17 07:45:00,2024-05-17 07:45:00,28.01472760673989,-97.65026001439168,,2024-05-17,46558,0 days 00:15:00,677,3,False,False,,,,Free
2024-05-17 08:00:00,1.6663710516935744,153.6,2.180887715437655,1564,271,399.0,33.24158815646933,2,5.0,52841,2024-05-17 08:00:00,2024-05-17 08:00:00,28.005000000003943,-97.66258504236951,,2024-05-17,46558,0 days 00:30:00,677,3,False,False,,,,Free
2024-05-17 08:30:00,4.863572848948414,12.42353,18.578075865487165,1566,423,422.7812995209714,17.215530910154364,17,5.0,52917,2024-05-17 08:30:00,2024-05-17 08:30:00,27.767187004794195,-97.82284561025308,,2024-05-17,46686,0 days 00:00:00,678,3,False,False,,,,Free
2024-05-17 09:00:00,15.28780713150671,29.599998,183.5609393821971,1568,484,421.2666956691521,21.689459947478483,168,5.0,53028,2024-05-17 09:00:00,2024-05-17 09:00:00,27.78233304331239,-97.7781063211583,,2024-05-17,46686,0 days 00:30:00,678,3,False,False,,,,Free
2024-05-17 09:15:00,,,,1569,433,418.115384610976,22.173076916463984,32,5.0,53108,2024-05-17 09:15:00,2024-05-17 09:15:00,27.81384615389416,-97.77327015160664,,2024-05-17,46686,0 days 00:45:00,678,3,False,False,,,,Free
2024-05-17 11:30:00,6.690424003427369,32.4,35.15581457607624,1578,244,481.1104014612692,150.1722171413614,32,5.0,53624,2024-05-17 11:30:00,2024-05-17 11:30:00,27.183895985391125,-96.49327878593482,,2024-05-17,47364,0 days 00:00:00,679,3,False,False,,,,Free
2024-05-17 11:45:00,14.43316046183108,28.284567,163.61109877426426,1579,274,477.2879731488119,150.7830591901003,182,5.0,53665,2024-05-17 11:45:00,2024-05-17 11:45:00,27.222120268515702,-96.48717036562198,,2024-05-17,47364,0 days 00:15:00,679,3,False,False,,,,Free
2024-05-17 12:00:00,2.6435685189447486,9.6,5.488719340561597,1580,318,472.0,149.2,5,5.0,53706,2024-05-17 12:00:00,2024-05-17 12:00:00,27.275000000003832,-96.50300095707064,,2024-05-17,47364,0 days 00:30:00,679,3,False,False,,,,Free
2024-05-17 12:30:00,6.369532964126009,23.172413,31.86434975951577,1582,392,482.21404174894326,165.33624285424705,29,5.0,53823,2024-05-17 12:30:00,2024-05-17 12:30:00,27.172859582514384,-96.34163853313925,,2024-05-17,47551,0 days 00:00:00,680,3,False,False,,,,Free
2024-05-17 12:45:00,8.611289576894679,25.177359,58.24065745033015,1583,403,484.3208566021718,161.86778397606074,54,5.0,53876,2024-05-17 12:45:00,2024-05-17 12:45:00,27.15179143398209,-96.37632312092995,,2024-05-17,47551,0 days 00:15:00,680,3,False,False,,,,Free
2024-05-17 13:00:00,5.156573817824412,10.105265,20.88393629354567,1584,359,486.58144328863057,158.94845361230173,19,5.0,53920,2024-05-17 13:00:00,2024-05-17 13:00:00,27.129185567117503,-96.40551642373332,,2024-05-17,47551,0 days 00:30:00,680,3,False,False,,,,Free
2024-05-17 15:15:00,2.3297659099317825,9.6,4.262991373087823,1593,253,164.0,422.5,4,5.0,54322,2024-05-17 15:15:00,2024-05-17 15:15:00,30.35500000000432,-93.77000103516912,,2024-05-17,48016,0 days 00:00:00,681,3,False,False,,,,Free
2024-05-17 15:30:00,16.4739060392311,10.08,213.14887784597096,1594,316,164.19713893055516,424.192043893684,201,5.0,54368,2024-05-17 15:30:00,2024-05-17 15:30:00,30.35302861069876,-93.7530805967158,,2024-05-17,48016,0 days 00:15:00,681,3,False,False,,,,Free
2024-05-17 15:45:00,1.165061461899524,9.6,1.0660744991907964,1595,271,166.5,427.5,2,5.0,54430,2024-05-17 15:45:00,2024-05-17 15:45:00,30.33000000000431,-93.72000103659786,,2024-05-17,48016,0 days 00:30:00,681,3,False,False,,,,Free
2024-05-17 15:45:00,1.6694413564504111,124.799995,2.188931732564668,1595,347,439.0,39.740400670597054,2,5.0,54472,2024-05-17 15:45:00,2024-05-17 15:45:00,27.605000000003884,-97.5975969190854,,2024-05-17,48157,0 days 00:00:00,682,3,False,False,,,,Free
2024-05-17 16:00:00,1.6694413564504111,335.99997,2.188931732564668,1596,386,439.0,39.96404833405028,2,5.0,54526,2024-05-17 16:00:00,2024-05-17 16:00:00,27.605000000003884,-97.59536044251472,,2024-05-17,48157,0 days 00:15:00,682,3,False,False,,,,Free
2024-05-17 16:15:00,1.6694413564504111,297.6,2.188931732564668,1597,407,439.0,39.7952836784663,2,5.0,54578,2024-05-17 16:15:00,2024-05-17 16:15:00,27.605000000003884,-97.59704808902234,,2024-05-17,48157,0 days 00:30:00,682,3,False,False,,,,Free
2024-05-18 02:15:00,,,,1637,107,498.5,177.5,2,5.0,55712,2024-05-18 02:15:00,2024-05-18 02:15:00,27.010000000003792,-96.22000096515762,,2024-05-18,49337,0 days 00:00:00,683,3,False,False,,,,Free
2024-05-18 02:30:00,5.676147798131837,34.226086,25.30447154226464,1638,103,497.6448979484139,176.51137027331606,26,5.0,55728,2024-05-18 02:30:00,2024-05-18 02:30:00,27.01855102051965,-96.22988726214196,,2024-05-18,49337,0 days 00:15:00,683,3,False,False,,,,Free
2024-05-18 02:45:00,3.1316329520701736,9.599999,7.702497921183919,1639,139,498.57142857142856,173.71428571428572,7,5.0,55753,2024-05-18 02:45:00,2024-05-18 02:45:00,27.009285714289504,-96.257858106933,,2024-05-18,49337,0 days 00:30:00,683,3,False,False,,,,Free
2024-05-18 04:30:00,2.048098283286534,9.6,3.2945148423533777,1646,205,476.3333333333333,261.6666666666667,3,5.0,55983,2024-05-18 04:30:00,2024-05-18 04:30:00,27.23166666667049,-95.37833432254251,,2024-05-18,49592,0 days 00:00:00,684,3,False,False,,,,Free
2024-05-18 04:45:00,5.6122481703869935,16.695654,24.73794476165417,1647,100,255.4223048314485,496.9301115238736,23,5.0,55990,2024-05-18 04:45:00,2024-05-18 04:45:00,29.440776951689685,-93.02569994119956,,2024-05-18,49599,0 days 00:00:00,685,3,False,False,,,,Free
2024-05-18 04:45:00,1.6723528437928734,9.6,2.196573335871252,1647,125,478.0,261.3333333333333,3,5.0,56009,2024-05-18 04:45:00,2024-05-18 04:45:00,27.215000000003823,-95.38166765578065,,2024-05-18,49592,0 days 00:15:00,684,3,False,False,,,,Free
2024-05-18 05:00:00,4.964881588735683,14.400001,19.36010336161357,1648,100,255.2765957458801,497.4468085082398,18,5.0,56011,2024-05-18 05:00:00,2024-05-18 05:00:00,29.44223404254537,-93.02053297150354,,2024-05-18,49599,0 days 00:15:00,685,3,False,False,,,,Free
2024-05-18 05:15:00,2.8662168184167283,9.599999,6.452202088872204,1649,100,252.99043063183427,497.3492822802762,7,5.0,56033,2024-05-18 05:15:00,2024-05-18 05:15:00,29.465095693685832,-93.02150823375536,,2024-05-18,49599,0 days 00:30:00,685,3,False,False,,,,Free
2024-05-18 05:15:00,5.155954606349253,9.600001,20.87892102680772,1649,125,483.6315789473685,264.3684210526316,19,5.0,56048,2024-05-18 05:15:00,2024-05-18 05:15:00,27.15868421053013,-95.35131677945492,,2024-05-18,49592,0 days 00:45:00,684,3,False,False,,,,Free
2024-05-18 07:00:00,65.7172298733196,244.3828,3391.9416971305604,1656,76,298.70568538468547,423.0799414605137,3145,5.0,56267,2024-05-18 07:00:00,2024-05-18 07:00:00,29.00794314615725,-93.7642016207297,,2024-05-18,49853,0 days 00:00:00,686,3,False,False,,,,Free
2024-05-18 07:15:00,64.73699599372675,232.67957,3291.5083949607515,1657,128,293.42561712052856,428.5511482114523,3051,5.0,56292,2024-05-18 07:15:00,2024-05-18 07:15:00,29.060743828798824,-93.70948955478376,,2024-05-18,49853,0 days 00:15:00,686,3,False,False,,,,Free
2024-05-18 07:30:00,62.743939478672,207.81235,3091.957014359085,1658,135,288.2047144657851,436.3255060470317,2866,5.0,56313,2024-05-18 07:30:00,2024-05-18 07:30:00,29.11295285534627,-93.63174597864958,,2024-05-18,49853,0 days 00:30:00,686,3,False,False,,,,Free
2024-05-18 08:45:00,1.6645846448803725,9.6,2.1762142492580674,1663,116,376.0,482.5,2,5.0,56484,2024-05-18 08:45:00,2024-05-18 08:45:00,28.235000000003986,-93.17000105231476,,2024-05-18,50048,0 days 00:00:00,687,3,False,False,,,,Free
2024-05-18 09:15:00,3.328368984740973,9.6,8.700672347472459,1665,78,370.875,491.875,8,5.0,56526,2024-05-18 09:15:00,2024-05-18 09:15:00,28.28625000000399,-93.07625105499376,,2024-05-18,50048,0 days 00:30:00,687,3,False,False,,,,Free
2024-05-18 09:30:00,2.35324967203772,9.6,4.349365397771642,1666,67,368.5,498.5,4,5.0,56539,2024-05-18 09:30:00,2024-05-18 09:30:00,28.310000000004,-93.01000105688696,,2024-05-18,50048,0 days 00:45:00,687,3,False,False,,,,Free
2024-05-18 12:30:00,8.378014049015661,12.2352915,55.12797626789367,1678,16,306.81842817580696,479.4487804948649,51,5.0,56613,2024-05-18 12:30:00,2024-05-18 12:30:00,28.926815718246026,-93.20051324649415,,2024-05-18,50163,0 days 00:00:00,688,3,False,False,,,,Free
2024-05-18 12:45:00,6.940814844358739,10.697144,37.83648638849898,1679,10,307.9699097123017,480.4252758684498,35,5.0,56616,2024-05-18 12:45:00,2024-05-18 12:45:00,28.91530090288107,-93.19074829303736,,2024-05-18,50163,0 days 00:15:00,688,3,False,False,,,,Free
2024-05-18 13:15:00,4.837423773868864,9.6,18.37884227265269,1681,11,308.6818181818182,478.77272727272725,22,5.0,56620,2024-05-18 13:15:00,2024-05-18 13:15:00,28.908181818185906,-93.2072737785224,,2024-05-18,50163,0 days 00:45:00,688,3,False,False,,,,Free
2024-05-22 06:30:00,10.487743589140004,20.622223,86.38811608260724,2038,34,171.4842737387368,412.9800853549473,81,5.0,56888,2024-05-22 06:30:00,2024-05-22 06:30:00,30.28015726261693,-93.86520017889922,,2024-05-22,50407,0 days 00:00:00,690,4,False,False,,,,Free
2024-05-22 06:45:00,1.6458730345656751,9.6,2.127563550088984,2039,33,145.66666666666666,397.0,3,5.0,56892,2024-05-22 06:45:00,2024-05-22 06:45:00,30.538333333337675,-94.02500102788218,,2024-05-22,50411,0 days 00:00:00,691,5,False,False,,,,Free
2024-05-22 06:45:00,11.649565605251697,36.960003,106.58825305279991,2039,35,166.16095115369706,414.5130788726968,100,5.0,56894,2024-05-22 06:45:00,2024-05-22 06:45:00,30.33339048846734,-93.84987024415976,,2024-05-22,50407,0 days 00:15:00,690,4,False,False,,,,Free
2024-05-22 07:00:00,6.265894790233952,16.551725,30.835860922343137,2040,44,142.43582088209575,397.7832835875962,29,5.0,56900,2024-05-22 07:00:00,2024-05-22 07:00:00,30.57064179118339,-94.01716819223005,,2024-05-22,50411,0 days 00:15:00,691,5,False,False,,,,Free
2024-05-22 07:00:00,10.609571106177992,25.330122,88.40677272591331,2040,46,160.27414952408228,415.961479208108,83,5.0,56902,2024-05-22 07:00:00,2024-05-22 07:00:00,30.392258504763497,-93.83538624121957,,2024-05-22,50407,0 days 00:30:00,690,4,False,False,,,,Free
2024-05-22 07:15:00,7.171196480443207,16.421051,40.38993225883336,2041,48,138.09032257724272,398.8405530027434,38,5.0,56912,2024-05-22 07:15:00,2024-05-22 07:15:00,30.61409677423193,-94.0065954983807,,2024-05-22,50411,0 days 00:30:00,691,5,False,False,,,,Free
2024-05-22 07:15:00,9.458773494047495,18.18182,70.26831390970119,2041,50,154.91931029469524,417.151494263225,66,5.0,56914,2024-05-22 07:15:00,2024-05-22 07:15:00,30.445806897057377,-93.82348609100842,,2024-05-22,50407,0 days 00:45:00,690,4,False,False,,,,Free
2024-05-22 07:30:00,7.714795724466821,14.181817,46.7453852783307,2042,36,132.66030349341196,400.19187468598886,45,5.0,56922,2024-05-22 07:30:00,2024-05-22 07:30:00,30.668396965070244,-93.9930822819344,,2024-05-22,50411,0 days 00:45:00,691,5,False,False,,,,Free
2024-05-22 07:45:00,3.676729828836118,12.4800005,10.617281162960676,2043,22,127.31283422425804,401.50267379406426,10,5.0,56928,2024-05-22 07:45:00,2024-05-22 07:45:00,30.721871657761792,-93.97997429122825,,2024-05-22,50411,0 days 01:00:00,691,5,False,False,,,,Free
2024-05-22 17:00:00,13.771367117356414,24.878874,148.95119544881348,2080,45,13.02638467837436,257.33139988155943,143,5.0,57508,2024-05-22 17:00:00,2024-05-22 17:00:00,31.864736153220807,-95.42168698915476,,2024-05-22,50997,0 days 00:00:00,692,5,False,False,,,,Free
2024-05-22 17:00:00,44.36319517988301,149.05814,1545.7366955860327,2080,46,41.63543113169988,12.993641554755948,1481,5.0,57509,2024-05-22 17:00:00,2024-05-22 17:00:00,31.578645688687505,-97.8650645026006,,2024-05-22,50998,0 days 00:00:00,693,4,False,False,,,,Free
2024-05-22 17:15:00,55.25561233529746,262.5979,2397.9640808154027,2081,43,41.9089224849729,14.672882203094472,2283,5.0,57519,2024-05-22 17:15:00,2024-05-22 17:15:00,31.57591077515477,-97.8482720965971,,2024-05-22,50998,0 days 00:15:00,693,4,False,False,,,,Free
2024-05-22 17:15:00,15.064503409602612,26.880003,178.2376803456358,2081,45,8.664579989896604,257.9408775393659,174,5.0,57521,2024-05-22 17:15:00,2024-05-22 17:15:00,31.90835420010559,-95.41559221275088,,2024-05-22,50997,0 days 00:15:00,692,5,False,False,,,,Free
2024-05-22 17:30:00,69.1909909348587,366.3302,3760.009847591948,2082,52,43.7603780146167,18.35118583985256,3582,5.0,57528,2024-05-22 17:30:00,2024-05-22 17:30:00,31.557396219858333,-97.8114890612806,,2024-05-22,50998,0 days 00:30:00,693,4,False,False,,,,Free
2024-05-22 17:30:00,14.287538332845092,32.188232,160.32627360390248,2082,54,3.844415596896003,259.1433723489687,153,5.0,57530,2024-05-22 17:30:00,2024-05-22 17:30:00,31.9565558440356,-95.40356726499846,,2024-05-22,50997,0 days 00:30:00,692,5,False,False,,,,Free
2024-05-22 17:45:00,81.44117665795059,525.79047,5209.283110045982,2083,79,47.15775394519388,21.61963880973077,4996,5.0,57540,2024-05-22 17:45:00,2024-05-22 17:45:00,31.52342246055256,-97.77880453251584,,2024-05-22,50998,0 days 00:45:00,693,4,False,False,,,,Free
2024-05-22 17:45:00,7.573600914405771,32.59535,45.04999161223732,2083,87,1.2922636294612866,259.7795381985297,43,5.0,57548,2024-05-22 17:45:00,2024-05-22 17:45:00,31.982077363709955,-95.39720560668462,,2024-05-22,50997,0 days 00:45:00,692,5,False,False,,,,Free
2024-05-22 18:00:00,5.292315309312174,37.94286,21.997904046410905,2084,96,0.4333622489546521,262.3570396405016,21,5.0,57563,2024-05-22 18:00:00,2024-05-22 18:00:00,31.990666377515023,-95.37143059300148,,2024-05-22,50997,0 days 01:00:00,692,5,False,False,,,,Free
2024-05-22 19:00:00,1.6541166544527928,14.400001,2.1489294122632803,2088,223,245.0,376.2446808564604,2,5.0,57703,2024-05-22 19:00:00,2024-05-22 19:00:00,29.545000000004187,-94.23255421338648,,2024-05-22,51174,0 days 00:00:00,694,3,False,False,,,,Free
2024-05-22 19:15:00,3.5050584233729647,16.0,9.648957733097408,2089,311,223.34141413324065,378.0969696952182,9,5.0,57748,2024-05-22 19:15:00,2024-05-22 19:15:00,29.76158585867181,-94.21403132552824,,2024-05-22,51217,0 days 00:00:00,695,3,False,False,,,,Free
2024-05-22 19:15:00,1.6539120138870915,9.6,2.148397731590273,2089,315,242.5,378.0,2,5.0,57752,2024-05-22 19:15:00,2024-05-22 19:15:00,29.570000000004192,-94.21500102245273,,2024-05-22,51174,0 days 00:15:00,694,3,False,False,,,,Free
2024-05-22 19:30:00,4.5243732376912735,11.52,16.077063643349867,2090,335,220.1046728790374,378.1794392466722,17,5.0,57811,2024-05-22 19:30:00,2024-05-22 19:30:00,29.79395327121385,-94.21320663003728,,2024-05-22,51217,0 days 00:15:00,695,3,False,False,,,,Free
2024-05-22 19:45:00,2.0103652812366977,9.6,3.17424052741196,2091,357,94.33333333333331,259.3333333333333,3,5.0,57863,2024-05-22 19:45:00,2024-05-22 19:45:00,31.05166666667109,-95.40166765520912,,2024-05-22,51322,0 days 00:00:00,696,3,False,False,,,,Free
2024-05-22 19:45:00,3.3025736912753296,9.6,8.566332259631977,2091,383,210.4,412.5,10,5.0,57882,2024-05-22 19:45:00,2024-05-22 19:45:00,29.89100000000424,-93.8700010323115,,2024-05-22,51339,0 days 00:00:00,697,3,False,False,,,,Free
2024-05-22 19:45:00,1.6532559457436429,9.6,2.146693631562654,2091,387,234.5,377.0,2,5.0,57886,2024-05-22 19:45:00,2024-05-22 19:45:00,29.650000000004205,-94.22500102216696,,2024-05-22,51174,0 days 00:45:00,694,3,False,False,,,,Free
2024-05-22 20:00:00,2.3214816612437774,9.6,4.232728339121885,2092,297,95.25,260.75,4,5.0,57917,2024-05-22 20:00:00,2024-05-22 20:00:00,31.04250000000442,-95.38750098894724,,2024-05-22,51322,0 days 00:15:00,696,3,False,False,,,,Free
2024-05-22 20:00:00,10.511151840340844,32.237038,86.77417652283314,2092,340,215.94470128574827,374.1706100983921,81,5.0,57947,2024-05-22 20:00:00,2024-05-22 20:00:00,29.835552987146748,-94.25329492037451,,2024-05-22,51217,0 days 00:45:00,695,3,False,False,,,,Free
2024-05-22 20:15:00,10.376340187556329,40.22279,84.5625916451502,2093,354,207.85502766128096,415.0092719158976,79,5.0,58002,2024-05-22 20:15:00,2024-05-22 20:15:00,29.91644972339144,-93.84490831386957,,2024-05-22,51339,0 days 00:30:00,697,3,False,False,,,,Free
2024-05-22 20:30:00,1.6419446324892444,9.6,2.117419449708508,2094,270,100.0,261.5,2,5.0,58031,2024-05-22 20:30:00,2024-05-22 20:30:00,30.995000000004413,-95.38000098916154,,2024-05-22,51322,0 days 00:45:00,696,3,False,False,,,,Free
2024-05-22 20:45:00,5.596698107384331,14.191307,24.60105000250729,2095,296,199.1447493014133,413.5042573390287,23,5.0,58085,2024-05-22 20:45:00,2024-05-22 20:45:00,30.003552506990125,-93.85995845920814,,2024-05-22,51339,0 days 01:00:00,697,3,False,False,,,,Free
2024-05-22 22:00:00,,,,2100,165,98.51886372316712,445.9844651629316,75,5.0,58245,2024-05-22 22:00:00,2024-05-22 22:00:00,31.009811362772744,-93.53515639025072,,2024-05-22,51663,0 days 00:00:00,698,3,False,False,,,,Free
2024-05-22 22:15:00,1.6419446324892444,9.6,2.117419449708508,2101,187,100.0,446.5,2,5.0,58285,2024-05-22 22:15:00,2024-05-22 22:15:00,30.995000000004413,-93.53000104202738,,2024-05-22,51663,0 days 00:15:00,698,3,False,False,,,,Free
2024-05-22 22:45:00,2.321999491730946,9.6,4.2346168573646175,2103,179,99.5,447.5,4,5.0,58345,2024-05-22 22:45:00,2024-05-22 22:45:00,31.00000000000441,-93.52000104231308,,2024-05-22,51663,0 days 00:45:00,698,3,False,False,,,,Free
2024-05-22 22:45:00,4.6847808582367705,19.2,17.23726833686015,2103,185,272.1470070410711,444.3714788767866,16,5.0,58347,2024-05-22 22:45:00,2024-05-22 22:45:00,29.27352992959344,-93.5512862526512,,2024-05-22,51761,0 days 00:00:00,699,3,False,False,,,,Free
2024-05-22 23:00:00,5.61650315654349,16.278261,24.77546965761612,2104,142,270.7262914407683,443.7393986237414,23,5.0,58370,2024-05-22 23:00:00,2024-05-22 23:00:00,29.287737085596465,-93.55760705500109,,2024-05-22,51761,0 days 00:15:00,699,3,False,False,,,,Free
2024-05-22 23:15:00,4.222362256002991,12.553848,14.002347865049236,2105,202,269.85539715045627,440.65987780733,13,5.0,58388,2024-05-22 23:15:00,2024-05-22 23:15:00,29.296446028499584,-93.58840226228516,,2024-05-22,51761,0 days 00:30:00,699,3,False,False,,,,Free
2024-05-23 02:00:00,9.796280339166955,12.891427,75.37239074954311,2116,81,266.5575862057399,219.5858620718685,76,5.0,58525,2024-05-23 02:00:00,2024-05-23 02:00:00,29.32942413794676,-95.79914235646544,,2024-05-23,51927,0 days 00:00:00,700,3,False,False,,,,Free
2024-05-23 02:30:00,6.413603533623277,10.880002,32.30681175164178,2118,111,268.0022675713669,218.20861678200683,30,5.0,58573,2024-05-23 02:30:00,2024-05-23 02:30:00,29.31497732429048,-95.8129148089705,,2024-05-23,51927,0 days 00:30:00,700,3,False,False,,,,Free
2024-05-23 02:45:00,5.103908712981922,14.652633,20.45953116848192,2119,166,267.257360958687,220.59432933013744,19,5.0,58609,2024-05-23 02:45:00,2024-05-23 02:45:00,29.32242639041728,-95.78905768417091,,2024-05-23,51927,0 days 00:45:00,700,3,False,False,,,,Free
2024-05-23 07:30:00,2.027735173613869,12.8,3.229329430830797,2138,39,263.80341879993546,2.1965812000645566,3,5.0,58841,2024-05-23 07:30:00,2024-05-23 07:30:00,29.3569658120048,-97.97303510306216,,2024-05-23,52214,0 days 00:00:00,701,5,False,False,,,,Free
2024-05-23 07:45:00,2.027701992101695,9.6,3.229223743304644,2139,36,263.3333333333333,2.333333333333333,3,5.0,58848,2024-05-23 07:45:00,2024-05-23 07:45:00,29.361666666670825,-97.97166758176854,,2024-05-23,52214,0 days 00:15:00,701,5,False,False,,,,Free
2024-05-23 08:15:00,1.1633881189368749,28.800001,1.0630143564736716,2141,74,139.3736842118472,43.62631578815281,2,5.0,58866,2024-05-23 08:15:00,2024-05-23 08:15:00,30.60126315788588,-97.55873776902024,,2024-05-23,52237,0 days 00:00:00,702,3,False,False,,,,Free
2024-05-23 08:15:00,2.341407739388845,19.2,4.30570211610125,2141,75,263.5,2.5,4,5.0,58867,2024-05-23 08:15:00,2024-05-23 08:15:00,29.36000000000416,-97.97000091514953,,2024-05-23,52214,0 days 00:45:00,701,5,False,False,,,,Free
2024-05-23 08:30:00,1.1633881189368749,28.800001,1.0630143564736716,2142,119,139.3736842118472,43.62631578815281,2,5.0,58888,2024-05-23 08:30:00,2024-05-23 08:30:00,30.60126315788588,-97.55873776902024,,2024-05-23,52237,0 days 00:15:00,702,3,False,False,,,,Free
2024-05-23 08:30:00,2.027735173613869,9.6,3.229329430830797,2142,120,263.6666666666667,2.333333333333333,3,5.0,58889,2024-05-23 08:30:00,2024-05-23 08:30:00,29.35833333333749,-97.97166758176854,,2024-05-23,52214,0 days 01:00:00,701,5,False,False,,,,Free
2024-05-23 08:45:00,2.0151166633542927,32.0,3.189262526222254,2143,94,139.3506172862763,43.70617283921546,3,5.0,58905,2024-05-23 08:45:00,2024-05-23 08:45:00,30.60149382714159,-97.55793919853244,,2024-05-23,52237,0 days 00:30:00,702,3,False,False,,,,Free
2024-05-23 09:00:00,1.1707326053787002,9.6,1.076478372796606,2144,75,263.5,2.5,2,5.0,58917,2024-05-23 09:00:00,2024-05-23 09:00:00,29.36000000000416,-97.97000091514953,,2024-05-23,52214,0 days 01:30:00,701,5,False,False,,,,Free
2024-05-23 10:00:00,7.262159033076366,21.907692,41.42107747106025,2148,112,131.05692769575143,39.55391566635978,40,5.0,58944,2024-05-23 10:00:00,2024-05-23 10:00:00,30.68443072304685,-97.59946176907442,,2024-05-23,52309,0 days 00:00:00,703,3,False,False,,,,Free
2024-05-23 10:15:00,,,,2149,109,130.5,40.5,2,5.0,58959,2024-05-23 10:15:00,2024-05-23 10:15:00,30.690000000004368,-97.59000092600844,,2024-05-23,52309,0 days 00:15:00,703,3,False,False,,,,Free
2024-05-23 10:45:00,2.601119377987526,9.6,5.31386418723707,2151,125,137.0,40.0,6,5.0,59004,2024-05-23 10:45:00,2024-05-23 10:45:00,30.62500000000436,-97.59500092586552,,2024-05-23,52309,0 days 00:45:00,703,3,False,False,,,,Free
2024-05-23 11:15:00,,,,2153,143,125.78260869565216,136.43478260869566,23,5.0,59038,2024-05-23 11:15:00,2024-05-23 11:15:00,30.73717391304785,-96.63065312733583,,2024-05-23,52395,0 days 00:00:00,704,3,False,False,,,,Free
2024-05-23 11:30:00,3.487495115258969,9.6,9.552501121448463,2154,167,124.22222222222224,137.55555555555554,9,5.0,59059,2024-05-23 11:30:00,2024-05-23 11:30:00,30.75277777778216,-96.61944539818752,,2024-05-23,52395,0 days 00:15:00,704,3,False,False,,,,Free
2024-05-23 11:45:00,8.301438979550552,14.682351,54.12484195622088,2155,92,123.28837585797368,136.99756986880664,51,5.0,59075,2024-05-23 11:45:00,2024-05-23 11:45:00,30.76211624142464,-96.62502525489556,,2024-05-23,52395,0 days 00:30:00,704,3,False,False,,,,Free
2024-05-23 13:30:00,4.92135886888282,11.200001,19.02216532346972,2162,155,82.36379929463996,340.6326164796448,18,5.0,59197,2024-05-23 13:30:00,2024-05-23 13:30:00,31.17136200705804,-94.58867484697817,,2024-05-23,52532,0 days 00:00:00,706,3,False,False,,,,Free
2024-05-23 13:45:00,2.004931113501204,9.6,3.1571033011869694,2163,128,43.333333333333336,390.3333333333333,3,5.0,59217,2024-05-23 13:45:00,2024-05-23 13:45:00,31.56166666667117,-94.0916676926438,,2024-05-23,52549,0 days 00:00:00,707,3,False,False,,,,Free
2024-05-23 13:45:00,6.8608883157896265,23.314287,36.97009622139066,2163,141,78.85223047189865,343.34882282057225,36,5.0,59225,2024-05-23 13:45:00,2024-05-23 13:45:00,31.20647769528546,-94.56151278434504,,2024-05-23,52532,0 days 00:15:00,706,3,False,False,,,,Free
2024-05-23 13:45:00,3.076398451569825,9.599999,7.43318684371353,2163,147,128.71428571428572,4.428571428571429,7,5.0,59230,2024-05-23 13:45:00,2024-05-23 13:45:00,30.70785714286151,-97.95071520141488,,2024-05-23,52560,0 days 00:00:00,708,3,False,False,,,,Free
2024-05-23 14:00:00,124.723543016534,147.3373,12217.62412809201,2164,136,42.31785165860054,81.84090962790228,11652,5.0,59238,2024-05-23 14:00:00,2024-05-23 14:00:00,31.5718214834185,-97.17659184154296,,2024-05-23,52567,0 days 00:00:00,709,4,False,False,,,,Free
2024-05-23 14:00:00,5.786615757581339,12.672001,26.298996182099906,2164,144,39.7820646490705,395.31178311279575,25,5.0,59244,2024-05-23 14:00:00,2024-05-23 14:00:00,31.5971793535138,-94.04188319627178,,2024-05-23,52549,0 days 00:15:00,707,3,False,False,,,,Free
2024-05-23 14:00:00,5.561160029254779,10.017394,24.289616984378075,2164,154,76.31333332750532,346.2266666709052,24,5.0,59250,2024-05-23 14:00:00,2024-05-23 14:00:00,31.2318666667294,-94.53273434666409,,2024-05-23,52532,0 days 00:30:00,706,3,False,False,,,,Free
2024-05-23 14:00:00,6.472756674799566,12.696776,32.90549617658706,2164,166,125.40402345814834,4.977367982964964,31,5.0,59260,2024-05-23 14:00:00,2024-05-23 14:00:00,30.74095976542289,-97.9452272360278,,2024-05-23,52560,0 days 00:15:00,708,3,False,False,,,,Free
2024-05-23 14:15:00,123.4276302192313,155.26616,11965.053995164824,2165,168,39.09508993591922,85.04922745619011,11402,5.0,59271,2024-05-23 14:15:00,2024-05-23 14:15:00,31.60404910064532,-97.14450866417695,,2024-05-23,52567,0 days 00:15:00,709,4,False,False,,,,Free
2024-05-23 14:15:00,8.264081254379274,56.470592,53.63879818325032,2165,172,37.85272382500327,400.6487618843958,51,5.0,59274,2024-05-23 14:15:00,2024-05-23 14:15:00,31.61647276175448,-93.98851341008088,,2024-05-23,52549,0 days 00:30:00,707,3,False,False,,,,Free
2024-05-23 14:30:00,122.74686885864996,142.40326,11833.432190276926,2166,131,35.03319515775145,89.51736265168424,11276,5.0,59309,2024-05-23 14:30:00,2024-05-23 14:30:00,31.644668048427,-97.0998273134988,,2024-05-23,52567,0 days 00:30:00,709,4,False,False,,,,Free
2024-05-23 14:30:00,1.6441300340525131,9.6,2.123059702356153,2166,150,125.5,3.0,2,5.0,59321,2024-05-23 14:30:00,2024-05-23 14:30:00,30.74000000000437,-97.96500091529236,,2024-05-23,52560,0 days 00:45:00,708,3,False,False,,,,Free
2024-05-23 14:45:00,,,,2167,154,30.70174707755276,93.66479359037272,10648,5.0,59338,2024-05-23 14:45:00,2024-05-23 14:45:00,31.687982529229,-97.05835300529708,,2024-05-23,52567,0 days 00:45:00,709,4,False,False,,,,Free
2024-05-23 15:15:00,9.666029599085736,15.582606,73.38142189876432,2169,247,143.2878663360035,1.6428375919190423,69,5.0,59443,2024-05-23 15:15:00,2024-05-23 15:15:00,30.56212133664431,-97.97857253898536,,2024-05-23,52744,0 days 00:00:00,710,4,False,False,,,,Free
2024-05-23 15:30:00,10.8497702867403,15.6689625,92.45512029672172,2170,282,136.80370608134035,3.16268048873634,87,5.0,59493,2024-05-23 15:30:00,2024-05-23 15:30:00,30.62696293919096,-97.96337411045148,,2024-05-23,52744,0 days 00:15:00,710,4,False,False,,,,Free
2024-05-23 15:30:00,1.1759874097651202,9.6,1.086163553154276,2170,312,356.5,256.5,2,5.0,59508,2024-05-23 15:30:00,2024-05-23 15:30:00,28.43000000000401,-95.4300009877328,,2024-05-23,52804,0 days 00:00:00,711,3,False,False,,,,Free
2024-05-23 15:45:00,12.305610382912338,24.085718,118.93130991901242,2171,310,129.73250371719044,3.920097370037312,112,5.0,59544,2024-05-23 15:45:00,2024-05-23 15:45:00,30.697674962832465,-97.95579994185492,,2024-05-23,52744,0 days 00:30:00,710,4,False,False,,,,Free
2024-05-23 16:00:00,1.6620736774047828,9.6,2.1696537156301274,2172,330,344.0,254.5,2,5.0,59618,2024-05-23 16:00:00,2024-05-23 16:00:00,28.555000000004032,-95.45000098716127,,2024-05-23,52804,0 days 00:30:00,711,3,False,False,,,,Free
2024-05-23 16:15:00,8.694205459991805,14.228571,59.367625591831626,2173,258,112.8076625401494,5.521671813856514,56,5.0,59662,2024-05-23 16:15:00,2024-05-23 16:15:00,30.86692337460289,-97.93978419787442,,2024-05-23,52744,0 days 01:00:00,710,4,False,False,,,,Free
2024-05-23 16:15:00,,,,2173,278,338.9972973000838,252.51081079966488,28,5.0,59677,2024-05-23 16:15:00,2024-05-23 16:15:00,28.605027027003203,-95.46989287859616,,2024-05-23,52804,0 days 00:45:00,711,3,False,False,,,,Free
2024-05-23 16:30:00,11.976973154644748,20.830193,112.66370616608404,2174,205,138.34207387823443,326.8251490309869,106,5.0,59708,2024-05-23 16:30:00,2024-05-23 16:30:00,30.61157926122201,-94.72674951751908,,2024-05-23,52987,0 days 00:00:00,712,3,False,False,,,,Free
2024-05-23 16:45:00,13.563531032635456,17.223528,144.4892085185205,2175,210,134.04474405352462,325.4482758667383,139,5.0,59741,2024-05-23 16:45:00,2024-05-23 16:45:00,30.65455255946912,-94.74051824876813,,2024-05-23,52987,0 days 00:15:00,712,3,False,False,,,,Free
2024-05-23 17:00:00,13.050360374789738,34.666668,133.76265810791125,2176,147,127.94911713397902,325.3596576173547,126,5.0,59759,2024-05-23 17:00:00,2024-05-23 17:00:00,30.71550882866458,-94.74140443123662,,2024-05-23,52987,0 days 00:30:00,712,3,False,False,,,,Free
2024-05-23 17:45:00,3.298873498194622,36.0,8.54714762990999,2179,195,188.75241935249423,323.5975806544276,8,5.0,59862,2024-05-23 17:45:00,2024-05-23 17:45:00,30.10747580647933,-94.75902520036236,,2024-05-23,53132,0 days 00:00:00,713,4,False,False,,,,Free
2024-05-23 18:00:00,3.688331926983752,10.559999,10.684393569033626,2180,283,189.0085836822038,323.0450643827328,14,5.0,59907,2024-05-23 18:00:00,2024-05-23 18:00:00,30.10491416318224,-94.7645503629214,,2024-05-23,53132,0 days 00:15:00,713,4,False,False,,,,Free
2024-05-23 18:00:00,6.064518387601764,33.066666,28.885674675781377,2180,287,200.43520465568776,326.96012593984483,28,5.0,59910,2024-05-23 18:00:00,2024-05-23 18:00:00,29.99064795344738,-94.7253997484691,,2024-05-23,53179,0 days 00:00:00,714,3,False,False,,,,Free
2024-05-23 18:15:00,3.687921263838348,11.5199995,10.682014475995585,2181,299,186.8681948408409,322.1919770855852,11,5.0,59961,2024-05-23 18:15:00,2024-05-23 18:15:00,30.12631805159587,-94.7730812356491,,2024-05-23,53132,0 days 00:30:00,713,4,False,False,,,,Free
2024-05-23 18:15:00,8.811880152204948,23.410526,60.98556405815586,2181,301,202.23651613836185,327.6819135024036,57,5.0,59963,2024-05-23 18:15:00,2024-05-23 18:15:00,29.972634838620635,-94.71818187304972,,2024-05-23,53179,0 days 00:15:00,714,3,False,False,,,,Free
2024-05-23 18:30:00,2.0219694338750704,9.6,3.210990742810665,2182,314,206.3333333333333,329.6666666666667,3,5.0,60020,2024-05-23 18:30:00,2024-05-23 18:30:00,29.93166666667092,-94.69833434197426,,2024-05-23,53179,0 days 00:30:00,714,3,False,False,,,,Free
2024-05-23 18:45:00,,,,2183,231,197.16666666666663,325.1666666666667,6,5.0,60060,2024-05-23 18:45:00,2024-05-23 18:45:00,30.0233333333376,-94.74333434068836,,2024-05-23,53132,0 days 01:00:00,713,4,False,False,,,,Free
2024-05-23 19:45:00,1.639870246186263,9.6,2.112072653921812,2187,202,76.0,424.5,2,5.0,60224,2024-05-23 19:45:00,2024-05-23 19:45:00,31.23500000000445,-93.75000103574064,,2024-05-23,53470,0 days 00:00:00,715,3,False,False,,,,Free
2024-05-23 20:00:00,1.6397400286846262,9.6,2.11173723969587,2188,250,74.5,428.0,2,5.0,60264,2024-05-23 20:00:00,2024-05-23 20:00:00,31.25000000000445,-93.71500103674076,,2024-05-23,53470,0 days 00:15:00,715,3,False,False,,,,Free
2024-05-23 20:15:00,58.71710294285906,201.62994,2707.815816951741,2189,249,70.00139220812012,185.35096524190567,2571,5.0,60291,2024-05-23 20:15:00,2024-05-23 20:15:00,31.29498607792326,-96.14149131498208,,2024-05-23,53534,0 days 00:00:00,716,3,False,False,,,,Free
2024-05-23 20:15:00,2.8397368792607462,72.0,6.333533683255901,2189,271,72.0,431.7736318515364,6,5.0,60304,2024-05-23 20:15:00,2024-05-23 20:15:00,31.275000000004457,-93.67726471930376,,2024-05-23,53470,0 days 00:30:00,715,3,False,False,,,,Free
2024-05-23 20:30:00,58.708436631777126,149.92844,2707.016559452141,2190,165,66.39115635719433,189.5703050685079,2575,5.0,60341,2024-05-23 20:30:00,2024-05-23 20:30:00,31.331088436432523,-96.09929791792176,,2024-05-23,53534,0 days 00:15:00,716,3,False,False,,,,Free
2024-05-23 20:45:00,51.9730286808806,84.7817,2121.5141498181265,2191,121,62.00401090861095,196.36338508774423,2016,5.0,60362,2024-05-23 20:45:00,2024-05-23 20:45:00,31.37495989091836,-96.03136711967062,,2024-05-23,53534,0 days 00:30:00,716,3,False,False,,,,Free
2024-05-24 18:45:00,20.794020370107948,36.8,339.59931965701145,2278,89,6.410504662866604,115.93329327726096,325,5.0,60611,2024-05-24 18:45:00,2024-05-24 18:45:00,31.93089495337589,-96.83566801479168,,2024-05-24,53821,0 days 00:00:00,717,4,False,False,,,,Free
2024-05-24 18:45:00,2.0371584010657235,9.6,3.2594136493741,2278,107,360.0,105.0,3,5.0,60621,2024-05-24 18:45:00,2024-05-24 18:45:00,28.395000000004007,-96.94500094443998,,2024-05-24,53831,0 days 00:00:00,718,4,False,False,,,,Free
2024-05-24 19:00:00,20.43692347907517,42.66326,328.0355554590082,2279,59,4.570682679888937,120.77712797551132,315,5.0,60627,2024-05-24 19:00:00,2024-05-24 19:00:00,31.949293173205675,-96.78722966919338,,2024-05-24,53821,0 days 00:15:00,717,4,False,False,,,,Free
2024-05-24 19:00:00,10.119050873524188,9.599998,80.42099462302603,2279,73,362.7977528089888,105.6741573033708,89,5.0,60639,2024-05-24 19:00:00,2024-05-24 19:00:00,28.367022471914115,-96.93825937159892,,2024-05-24,53831,0 days 00:15:00,718,4,False,False,,,,Free
2024-05-24 19:15:00,12.168637324657649,33.816223,116.29840979361931,2280,99,2.082319353457092,125.96647634977532,116,5.0,60643,2024-05-24 19:15:00,2024-05-24 19:15:00,31.974176806469995,-96.73533618693364,,2024-05-24,53821,0 days 00:30:00,717,4,False,False,,,,Free
2024-05-24 19:30:00,,,,2281,110,0.5408022207551438,131.41908713720312,21,5.0,60659,2024-05-24 19:30:00,2024-05-24 19:30:00,31.98959197779702,-96.6808100806175,,2024-05-24,53821,0 days 00:45:00,717,4,False,False,,,,Free
2024-05-24 19:30:00,2.6313962992829607,9.6,5.438290471350638,2281,132,371.6,109.0,5,5.0,60674,2024-05-24 19:30:00,2024-05-24 19:30:00,28.27900000000399,-96.90500094558304,,2024-05-24,53831,0 days 00:45:00,718,4,False,False,,,,Free
2024-05-24 19:45:00,4.853791727209986,9.6,18.50342634153143,2282,66,379.1,109.3,20,5.0,60689,2024-05-24 19:45:00,2024-05-24 19:45:00,28.204000000003976,-96.90200094566876,,2024-05-24,53831,0 days 01:00:00,718,4,False,False,,,,Free
2024-05-24 21:15:00,7.684367472918314,9.6,46.37737156610813,2288,56,283.6530612244898,372.8775510204082,49,5.0,60755,2024-05-24 21:15:00,2024-05-24 21:15:00,29.15846938775923,-94.26622551078486,,2024-05-24,53942,0 days 00:00:00,719,3,False,False,,,,Free
2024-05-24 21:30:00,,,,2289,78,284.7931034482759,378.9568965517241,116,5.0,60770,2024-05-24 21:30:00,2024-05-24 21:30:00,29.147068965521367,-94.20543205720897,,2024-05-24,53942,0 days 00:15:00,719,3,False,False,,,,Free
2024-05-24 21:45:00,1.657325686032033,9.6,2.157275463944905,2290,103,284.5,385.0,2,5.0,60787,2024-05-24 21:45:00,2024-05-24 21:45:00,29.150000000004127,-94.14500102445304,,2024-05-24,53942,0 days 00:30:00,719,3,False,False,,,,Free
2024-05-24 22:15:00,3.652876202311479,11.5199995,10.479963966394884,2292,55,4.85889570372676,121.2055214813662,10,5.0,60810,2024-05-24 22:15:00,2024-05-24 22:15:00,31.94641104296729,-96.78294573425724,,2024-05-24,53990,0 days 00:00:00,720,3,False,False,,,,Free
2024-05-24 22:30:00,24.53499547541413,59.579597,472.782993167089,2293,79,6.844098984643072,127.3616872169108,453,5.0,60819,2024-05-24 22:30:00,2024-05-24 22:30:00,31.92655901015813,-96.72138407866096,,2024-05-24,53990,0 days 00:15:00,720,3,False,False,,,,Free
2024-05-24 22:30:00,3.468677728195336,9.6,9.449694860507169,2293,87,22.11111111111111,246.5555555555556,9,5.0,60824,2024-05-24 22:30:00,2024-05-24 22:30:00,31.773888888893424,-95.52944542933544,,2024-05-24,54001,0 days 00:00:00,721,3,False,False,,,,Free
2024-05-24 22:30:00,11.624018732842648,26.043566,106.1212809955425,2293,91,28.17013269221342,94.91869765112745,101,5.0,60826,2024-05-24 22:30:00,2024-05-24 22:30:00,31.71329867308239,-97.04581396504784,,2024-05-24,54003,0 days 00:00:00,722,3,False,False,,,,Free
2024-05-24 22:45:00,31.08786599468902,111.38122,759.052305671803,2294,61,8.027945243471848,133.6237400830174,726,5.0,60837,2024-05-24 22:45:00,2024-05-24 22:45:00,31.91472054756984,-96.65876355178938,,2024-05-24,53990,0 days 00:30:00,720,3,False,False,,,,Free
2024-05-24 22:45:00,11.152276266804794,11.045159,97.6825346380578,2294,70,25.23975198096423,253.7643816532063,97,5.0,60843,2024-05-24 22:45:00,2024-05-24 22:45:00,31.742602480194886,-95.45735717041896,,2024-05-24,54001,0 days 00:15:00,721,3,False,False,,,,Free
2024-05-24 22:45:00,7.929115109564299,20.629787,49.37866301804047,2294,71,27.89817587608983,102.25292675506633,47,5.0,60844,2024-05-24 22:45:00,2024-05-24 22:45:00,31.716018241243628,-96.9724716761043,,2024-05-24,54003,0 days 00:15:00,722,3,False,False,,,,Free
2024-05-24 23:00:00,10.148917017103336,10.098701,80.89641658237535,2295,63,27.785046707958248,260.28079862398664,94,5.0,60856,2024-05-24 23:00:00,2024-05-24 23:00:00,31.717149532924942,-95.39219300257332,,2024-05-24,54001,0 days 00:30:00,721,3,False,False,,,,Free
2024-05-24 23:00:00,8.419537005704244,24.271698,55.6757789086485,2295,64,27.379087510371114,109.26140590467791,53,5.0,60857,2024-05-24 23:00:00,2024-05-24 23:00:00,31.721209124900817,-96.90238688661094,,2024-05-24,54003,0 days 00:30:00,722,3,False,False,,,,Free
2024-05-26 02:30:00,34.92884060617576,9.922869,958.2045351453492,2405,34,242.5880175018113,378.0140524618258,912,5.0,61354,2024-05-26 02:30:00,2024-05-26 02:30:00,29.56911982498608,-94.21486049783846,,2024-05-26,54476,0 days 00:00:00,724,3,False,False,,,,Free
2024-05-26 02:30:00,1.671374528064907,9.6,2.1940041248445867,2405,40,464.5,499.0,2,5.0,61355,2024-05-26 02:30:00,2024-05-26 02:30:00,27.350000000003845,-93.0050010570298,,2024-05-26,54477,0 days 00:00:00,725,3,False,False,,,,Free
2024-05-26 02:45:00,35.22098290499441,10.40441,974.3002736000784,2406,47,241.77297649319848,378.1738149096358,920,5.0,61360,2024-05-26 02:45:00,2024-05-26 02:45:00,29.57727023507221,-94.21326287340604,,2024-05-26,54476,0 days 00:15:00,724,3,False,False,,,,Free
2024-05-26 02:45:00,6.686176246635448,24.3,35.111187824731616,2406,58,466.4682390398525,498.335220102943,36,5.0,61367,2024-05-26 02:45:00,2024-05-26 02:45:00,27.33031760960532,-93.0116488558104,,2024-05-26,54477,0 days 00:15:00,725,3,False,False,,,,Free
2024-05-26 03:00:00,1.6536662077317952,9.6,2.1477591847517297,2407,111,239.5,377.0,2,5.0,61378,2024-05-26 03:00:00,2024-05-26 03:00:00,29.6000000000042,-94.22500102216696,,2024-05-26,54476,0 days 00:30:00,724,3,False,False,,,,Free
2024-05-26 03:00:00,4.422938742053969,22.628574,15.36426291254642,2407,127,468.9611021074076,498.0,14,5.0,61384,2024-05-26 03:00:00,2024-05-26 03:00:00,27.30538897892976,-93.01500105674404,,2024-05-26,54477,0 days 00:30:00,725,3,False,False,,,,Free
2024-05-26 09:00:00,6.799152964361944,22.305882,36.30776409980845,2431,89,183.7926580571922,336.6556763874699,34,5.0,61588,2024-05-26 09:00:00,2024-05-26 09:00:00,30.15707341943236,-94.62844424676342,,2024-05-26,54697,0 days 00:00:00,726,3,False,False,,,,Free
2024-05-26 09:15:00,5.214741817706257,14.880002,21.357750266066933,2432,88,184.10323885828785,338.3319838070358,20,5.0,61596,2024-05-26 09:15:00,2024-05-26 09:15:00,30.153967611421404,-94.6116811730468,,2024-05-26,54697,0 days 00:15:00,726,3,False,False,,,,Free
2024-05-26 09:30:00,1.6492384110122835,9.6,2.136273058440144,2433,88,186.0,339.5,2,5.0,61612,2024-05-26 09:30:00,2024-05-26 09:30:00,30.13500000000428,-94.6000010114509,,2024-05-26,54697,0 days 00:30:00,726,3,False,False,,,,Free
2024-05-26 23:30:00,3.473675765897073,19.2,9.476946719472542,2488,11,48.81377151904789,496.4475743317452,9,5.0,61861,2024-05-26 23:30:00,2024-05-26 23:30:00,31.506862284814016,-93.03052531298296,,2024-05-26,54958,0 days 00:00:00,727,3,False,False,,,,Free
2024-05-27 00:15:00,1.6375599878266522,9.6,2.106125846325804,2491,7,49.5,499.0,2,5.0,61864,2024-05-27 00:15:00,2024-05-27 00:15:00,31.50000000000449,-93.0050010570298,,2024-05-27,54958,0 days 00:45:00,727,3,False,False,,,,Free
2024-05-27 00:30:00,2.0056825620269083,9.6,3.1594703104006787,2492,10,50.333333333333336,498.6666666666667,3,5.0,61865,2024-05-27 00:30:00,2024-05-27 00:30:00,31.49166666667116,-93.00833439026786,,2024-05-27,54958,0 days 01:00:00,727,3,False,False,,,,Free
2024-05-27 03:45:00,,,,2505,64,392.5,490.5,2,5.0,62006,2024-05-27 03:45:00,2024-05-27 03:45:00,28.07000000000396,-93.09000105460086,,2024-05-27,55091,0 days 00:00:00,728,3,False,False,,,,Free
2024-05-27 04:00:00,18.096046253986096,24.772882,257.1918940002121,2506,58,393.3372505235187,491.7712063404319,239,5.0,62022,2024-05-27 04:00:00,2024-05-27 04:00:00,28.061627494768768,-93.07728899155978,,2024-05-27,55091,0 days 00:15:00,728,3,False,False,,,,Free
2024-05-27 04:15:00,,,,2507,53,395.5,492.5,2,5.0,62039,2024-05-27 04:15:00,2024-05-27 04:15:00,28.04000000000395,-93.07000105517238,,2024-05-27,55091,0 days 00:30:00,728,3,False,False,,,,Free
2024-05-27 19:00:00,2.8662638760742647,9.599999,6.452413955613598,2566,31,253.8333333333333,160.66666666666666,6,5.0,62136,2024-05-27 19:00:00,2024-05-27 19:00:00,29.45666666667084,-96.38833429368066,,2024-05-27,55205,0 days 00:00:00,729,3,False,False,,,,Free
2024-05-27 19:00:00,1.6548110516659236,9.6,2.150734029616771,2566,32,253.5,158.0,2,5.0,62137,2024-05-27 19:00:00,2024-05-27 19:00:00,29.46000000000417,-96.41500095958531,,2024-05-27,55206,0 days 00:00:00,730,3,False,False,,,,Free
2024-05-27 19:00:00,2.634715054742616,846.72003,5.452016824635527,2566,35,398.665820506924,25.16680312882893,8,5.0,62138,2024-05-27 19:00:00,2024-05-27 19:00:00,28.008341794934708,-97.74333289033848,,2024-05-27,55207,0 days 00:00:00,731,3,False,False,,,,Free
2024-05-27 19:15:00,12.382288235626234,9.857142,120.4180804657768,2567,64,251.7780566498912,160.4686267504701,115,5.0,62142,2024-05-27 19:15:00,2024-05-27 19:15:00,29.477219433505265,-96.39031469278603,,2024-05-27,55205,0 days 00:15:00,729,3,False,False,,,,Free
2024-05-27 19:15:00,2.04084782145303,476.80002,3.271230341181339,2567,75,398.7729263605589,25.138900659751283,3,5.0,62152,2024-05-27 19:15:00,2024-05-27 19:15:00,28.00727073639836,-97.74361191502128,,2024-05-27,55207,0 days 00:15:00,731,3,False,False,,,,Free
2024-05-27 19:30:00,4.218036276878869,10.338461,13.973670631449716,2568,166,248.92795389603413,161.86167147488882,13,5.0,62167,2024-05-27 19:30:00,2024-05-27 19:30:00,29.50572046104384,-96.37638424593996,,2024-05-27,55205,0 days 00:30:00,729,3,False,False,,,,Free
2024-05-27 19:30:00,3.509662822099675,9.6,9.674324973460337,2568,167,249.1,157.7,10,5.0,62168,2024-05-27 19:30:00,2024-05-27 19:30:00,29.50400000000418,-96.41800095949958,,2024-05-27,55206,0 days 00:30:00,730,3,False,False,,,,Free
2024-05-27 19:30:00,1.6663323766199638,513.60004,2.180786483465285,2568,188,398.2215886711628,25.0,2,5.0,62183,2024-05-27 19:30:00,2024-05-27 19:30:00,28.01278411329232,-97.7450009215791,,2024-05-27,55207,0 days 00:30:00,731,3,False,False,,,,Free
2024-05-27 19:45:00,1.654321105965259,28.800001,2.1494606674436705,2569,157,247.7016806705853,161.0,2,5.0,62207,2024-05-27 19:45:00,2024-05-27 19:45:00,29.51798319329833,-96.3850009604426,,2024-05-27,55206,0 days 00:45:00,730,3,False,False,,,,Free
2024-05-27 20:45:00,11.4567503536341,158.44948,103.0891077867024,2573,59,137.95543042127758,493.637517943187,97,5.0,62288,2024-05-27 20:45:00,2024-05-27 20:45:00,30.61544569579158,-93.05862587606556,,2024-05-27,55343,0 days 00:00:00,732,3,False,False,,,,Free
2024-05-27 20:45:00,1.6666029310299255,662.4,2.181494708676583,2573,71,402.0,24.5,2,5.0,62297,2024-05-27 20:45:00,2024-05-27 20:45:00,27.97500000000394,-97.75000092143624,,2024-05-27,55352,0 days 00:00:00,733,3,False,False,,,,Free
2024-05-27 21:00:00,11.218890627155195,26.632263,98.85296716121918,2574,53,139.10559127132063,492.88253333775606,95,5.0,62299,2024-05-27 21:00:00,2024-05-27 21:00:00,30.603944087291147,-93.06617572190412,,2024-05-27,55343,0 days 00:15:00,732,3,False,False,,,,Free
2024-05-27 21:00:00,2.041131849958323,1248.0001,3.272140930700413,2574,67,401.5695116824494,25.17680488372752,4,5.0,62309,2024-05-27 21:00:00,2024-05-27 21:00:00,27.97930488317945,-97.74323287279236,,2024-05-27,55352,0 days 00:15:00,733,3,False,False,,,,Free
2024-05-27 21:15:00,7.0772353527102165,13.751352,39.338442200261376,2575,22,140.72513897416636,493.8585546745604,37,5.0,62310,2024-05-27 21:15:00,2024-05-27 21:15:00,30.58774861026269,-93.05641550881496,,2024-05-27,55343,0 days 00:30:00,732,3,False,False,,,,Free
2024-05-27 21:15:00,2.356768546301508,458.40002,4.362382557000648,2575,27,400.3650198471941,27.63498015280596,4,5.0,62314,2024-05-27 21:15:00,2024-05-27 21:15:00,27.991349801532003,-97.718651120804,,2024-05-27,55352,0 days 00:30:00,733,3,False,False,,,,Free
2024-05-27 22:15:00,2.641156556023183,9.6,5.478708215016371,2579,126,451.8,58.4,5,5.0,62337,2024-05-27 22:15:00,2024-05-27 22:15:00,27.477000000003866,-97.41100093112352,,2024-05-27,55383,0 days 00:00:00,735,4,False,False,,,,Free
2024-05-27 22:15:00,2.046837926192465,9.6,3.2904613381068897,2579,131,462.5,14.75,4,5.0,62341,2024-05-27 22:15:00,2024-05-27 22:15:00,27.37000000000385,-97.84750091865004,,2024-05-27,55387,0 days 00:00:00,736,3,False,False,,,,Free
2024-05-27 22:30:00,7.834708438857644,61.745457,48.209825539682654,2580,82,450.5215773803985,58.707217224159535,48,5.0,62352,2024-05-27 22:30:00,2024-05-27 22:30:00,27.48978422619988,-97.40792875896972,,2024-05-27,55383,0 days 00:15:00,735,4,False,False,,,,Free
2024-05-27 22:30:00,2.046837926192465,9.6,3.29046133810689,2580,88,462.5,14.75,4,5.0,62355,2024-05-27 22:30:00,2024-05-27 22:30:00,27.37000000000385,-97.84750091865004,,2024-05-27,55387,0 days 00:15:00,736,3,False,False,,,,Free
2024-05-27 22:30:00,3.1285151076439166,20.571428,7.687168388091555,2580,90,476.0844036722934,24.693577983738365,7,5.0,62357,2024-05-27 22:30:00,2024-05-27 22:30:00,27.23415596328089,-97.74806514165414,,2024-05-27,55400,0 days 00:00:00,737,3,False,False,,,,Free
2024-05-27 22:45:00,1.18074238234104,9.6,1.094964870688479,2581,129,443.5,96.5,2,5.0,62373,2024-05-27 22:45:00,2024-05-27 22:45:00,27.560000000003875,-97.03000094201104,,2024-05-27,55412,0 days 00:00:00,738,3,False,False,,,,Free
2024-05-27 22:45:00,8.678761225373206,40.0,59.15689370353979,2581,130,449.1478306988439,61.22518522439067,54,5.0,62374,2024-05-27 22:45:00,2024-05-27 22:45:00,27.50352169301543,-97.38274907968696,,2024-05-27,55383,0 days 00:30:00,735,4,False,False,,,,Free
2024-05-27 22:45:00,5.016445068706292,12.800001,19.76432575582783,2581,137,475.0055172357548,26.965517243647263,19,5.0,62378,2024-05-27 22:45:00,2024-05-27 22:45:00,27.24494482764628,-97.72534574970427,,2024-05-27,55400,0 days 00:15:00,737,3,False,False,,,,Free
2024-05-27 23:00:00,6.679068834398927,24.3,35.03658104172222,2582,133,443.4245466204521,99.4718264126522,32,5.0,62400,2024-05-27 23:00:00,2024-05-27 23:00:00,27.560754533799354,-97.0002826787337,,2024-05-27,55412,0 days 00:15:00,738,3,False,False,,,,Free
2024-05-27 23:00:00,6.359719296778677,12.248279,31.76623731258045,2582,135,448.2445290198946,63.25499525454051,29,5.0,62401,2024-05-27 23:00:00,2024-05-27 23:00:00,27.512554709804924,-97.3624509799655,,2024-05-27,55383,0 days 00:45:00,735,4,False,False,,,,Free
2024-05-27 23:00:00,2.046652929964653,9.6,3.2898665714974933,2582,138,460.6666666666667,18.33333333333333,3,5.0,62402,2024-05-27 23:00:00,2024-05-27 23:00:00,27.388333333337183,-97.81166758634072,,2024-05-27,55387,0 days 00:45:00,736,3,False,False,,,,Free
2024-05-27 23:00:00,2.6436398797894403,9.6,5.489015671019565,2582,139,472.6,27.6,5,5.0,62403,2024-05-27 23:00:00,2024-05-27 23:00:00,27.26900000000383,-97.7190009223221,,2024-05-27,55400,0 days 00:30:00,737,3,False,False,,,,Free
2024-05-27 23:15:00,9.445636352639251,18.900002,70.07326035012379,2583,190,443.74978411023807,104.58678754224448,72,5.0,62429,2024-05-27 23:15:00,2024-05-27 23:15:00,27.557502158901496,-96.94913306889949,,2024-05-27,55412,0 days 00:30:00,738,3,False,False,,,,Free
2024-05-28 05:15:00,2.3417236806828687,9.6,4.306864186983402,2607,22,266.25,377.25,4,5.0,62793,2024-05-28 05:15:00,2024-05-28 05:15:00,29.33250000000416,-94.22250102223842,,2024-05-28,55758,0 days 00:00:00,741,3,False,False,,,,Free
2024-05-28 05:30:00,,,,2608,33,264.0,378.5,16,5.0,62801,2024-05-28 05:30:00,2024-05-28 05:30:00,29.35500000000416,-94.21000102259563,,2024-05-28,55758,0 days 00:15:00,741,3,False,False,,,,Free
2024-05-28 05:45:00,4.220291031772713,9.599999,13.98861389948888,2609,24,260.625,380.3125,16,5.0,62805,2024-05-28 05:45:00,2024-05-28 05:45:00,29.38875000000416,-94.19187602311354,,2024-05-28,55758,0 days 00:30:00,741,3,False,False,,,,Free
2024-05-28 05:45:00,2.0343564661933904,9.6,3.2504537332789964,2609,26,331.0,294.0,3,5.0,62806,2024-05-28 05:45:00,2024-05-28 05:45:00,28.68500000000405,-95.0550009984488,,2024-05-28,55766,0 days 00:00:00,742,3,False,False,,,,Free
2024-05-28 06:15:00,2.0344535834122697,9.6,3.250764084554057,2611,32,332.0,295.0,3,5.0,62810,2024-05-28 06:15:00,2024-05-28 06:15:00,28.67500000000405,-95.04500099873457,,2024-05-28,55766,0 days 00:30:00,742,3,False,False,,,,Free
2024-05-28 06:30:00,2.034550665018225,9.6,3.2510743368303934,2612,22,333.0,294.0,3,5.0,62815,2024-05-28 06:30:00,2024-05-28 06:30:00,28.66500000000405,-95.0550009984488,,2024-05-28,55766,0 days 00:45:00,742,3,False,False,,,,Free
2024-05-28 11:45:00,21.910645586628025,16.867798,377.05111501440166,2633,305,158.24783395324636,407.8767018688105,354,5.0,63381,2024-05-28 11:45:00,2024-05-28 11:45:00,30.41252166047186,-93.9162340123022,,2024-05-28,56299,0 days 00:00:00,744,3,False,False,,,,Free
2024-05-28 12:00:00,4.65956154215553,10.200001,17.05218303571531,2634,264,164.110576923628,404.175480760138,16,5.0,63436,2024-05-28 12:00:00,2024-05-28 12:00:00,30.353894230768034,-93.9532462223313,,2024-05-28,56299,0 days 00:15:00,744,3,False,False,,,,Free
2024-05-28 12:30:00,12.498477694276566,19.700872,122.6885744479617,2636,288,174.79070314370398,396.4128126361365,116,5.0,63535,2024-05-28 12:30:00,2024-05-28 12:30:00,30.24709296856725,-94.030872901353,,2024-05-28,56299,0 days 00:45:00,744,3,False,False,,,,Free
2024-05-28 12:30:00,8.255222196080187,36.864002,53.52385871806243,2636,302,207.57105196756257,2.288225019143551,50,5.0,63547,2024-05-28 12:30:00,2024-05-28 12:30:00,29.91928948032862,-97.97211866489756,,2024-05-28,56460,0 days 00:00:00,745,3,False,False,,,,Free
2024-05-28 12:45:00,11.761666990844532,58.352947,108.64947682118708,2637,226,159.0341708924688,492.3014477496691,107,5.0,63581,2024-05-28 12:45:00,2024-05-28 12:45:00,30.404658291079635,-93.07198657761892,,2024-05-28,56494,0 days 00:00:00,746,3,False,False,,,,Free
2024-05-28 12:45:00,10.951292182569777,72.65454,94.19343042236392,2637,244,207.3101988678305,3.232699608984078,88,5.0,63593,2024-05-28 12:45:00,2024-05-28 12:45:00,29.92189801132594,-97.96267391926904,,2024-05-28,56460,0 days 00:15:00,745,3,False,False,,,,Free
2024-05-28 13:00:00,10.736639052284067,54.098827,90.53710169126808,2638,212,158.54315497881345,493.7124754760108,87,5.0,63622,2024-05-28 13:00:00,2024-05-28 13:00:00,30.409568450216188,-93.05787630075872,,2024-05-28,56494,0 days 00:15:00,746,3,False,False,,,,Free
2024-05-28 13:00:00,8.171756268762616,19.004082,52.44700480140289,2638,227,206.67851937942683,4.142232580917878,49,5.0,63631,2024-05-28 13:00:00,2024-05-28 13:00:00,29.92821480620998,-97.95357858980958,,2024-05-28,56460,0 days 00:30:00,745,3,False,False,,,,Free
2024-05-28 13:15:00,5.075856784082824,14.147369,20.235251252645213,2639,229,157.40851553194062,496.5523590213744,19,5.0,63664,2024-05-28 13:15:00,2024-05-28 13:15:00,30.42091484468492,-93.0294774661166,,2024-05-28,56494,0 days 00:30:00,746,3,False,False,,,,Free
2024-05-28 14:45:00,6.632041061727765,14.700001,34.5449281922766,2645,195,292.8317460348601,25.03492064512776,33,5.0,63877,2024-05-28 14:45:00,2024-05-28 14:45:00,29.06668253965551,-97.74465171513782,,2024-05-28,56761,0 days 00:00:00,747,3,False,False,,,,Free
2024-05-28 15:00:00,10.017166548705791,26.432878,78.80969930554744,2646,153,293.4766713563312,31.24287360125756,73,5.0,63899,2024-05-28 15:00:00,2024-05-28 15:00:00,29.0602332864408,-97.6825721873505,,2024-05-28,56761,0 days 00:15:00,747,3,False,False,,,,Free
2024-05-28 15:00:00,6.118025115854529,9.6,29.397634932877,2646,156,382.8148148148149,242.5555555555556,27,5.0,63902,2024-05-28 15:00:00,2024-05-28 15:00:00,28.166851851855824,-95.5694454281924,,2024-05-28,56783,0 days 00:00:00,748,6,False,False,,,,Free
2024-05-28 15:15:00,10.260837748985368,12.841558,82.69048172934544,2647,190,239.8959920457439,205.79397153410287,77,5.0,63915,2024-05-28 15:15:00,2024-05-28 15:15:00,29.59604007954676,-95.93706125790192,,2024-05-28,56794,0 days 00:00:00,749,3,False,False,,,,Free
2024-05-28 15:15:00,3.316322025532794,9.6,8.637802542742692,2647,208,294.875,37.625,8,5.0,63923,2024-05-28 15:15:00,2024-05-28 15:15:00,29.046250000004108,-97.61875092518682,,2024-05-28,56761,0 days 00:30:00,747,3,False,False,,,,Free
2024-05-28 15:15:00,13.527823008849673,65.01819,143.72943105284048,2647,215,383.44766739055615,243.69087650998665,132,5.0,63929,2024-05-28 15:15:00,2024-05-28 15:15:00,28.16052332609841,-95.55809221897256,,2024-05-28,56783,0 days 00:15:00,748,6,False,False,,,,Free
2024-05-28 15:15:00,10.711672055314144,11.941462,90.116521038831,2647,219,484.793394230874,201.722768771692,82,5.0,63933,2024-05-28 15:15:00,2024-05-28 15:15:00,27.14706605769507,-95.97777328436264,,2024-05-28,56808,0 days 00:00:00,750,3,False,False,,,,Free
2024-05-28 15:30:00,12.538806439936431,15.777391,123.4816084595408,2648,174,238.001936428126,209.87736003986092,115,5.0,63937,2024-05-28 15:30:00,2024-05-28 15:30:00,29.614980635722937,-95.89622737401125,,2024-05-28,56794,0 days 00:15:00,749,3,False,False,,,,Free
2024-05-28 15:30:00,17.77882723425275,109.17894,248.25391194643905,2648,200,382.3140935034861,244.7641794360553,228,5.0,63953,2024-05-28 15:30:00,2024-05-28 15:30:00,28.171859064969112,-95.5473591900186,,2024-05-28,56783,0 days 00:30:00,748,6,False,False,,,,Free
2024-05-28 15:30:00,6.997679026353777,9.600001,38.45899379920447,2648,202,483.0,205.0857142857143,35,5.0,63955,2024-05-28 15:30:00,2024-05-28 15:30:00,27.16500000000381,-95.9441438301834,,2024-05-28,56808,0 days 00:15:00,750,3,False,False,,,,Free
2024-05-28 15:45:00,2.025235525160497,9.6,3.221372560514725,2649,314,238.66666666666663,214.66666666666663,3,5.0,63973,2024-05-28 15:45:00,2024-05-28 15:45:00,29.60833333333753,-95.84833430911176,,2024-05-28,56794,0 days 00:30:00,749,3,False,False,,,,Free
2024-05-28 15:45:00,5.382841668713646,24.685715,22.756899556137164,2649,344,332.58490566168314,483.3454281561462,21,5.0,63985,2024-05-28 15:45:00,2024-05-28 15:45:00,28.66915094338722,-93.16154677099485,,2024-05-28,56855,0 days 00:00:00,751,3,False,False,,,,Free
2024-05-28 15:45:00,18.727417406907325,110.26718,275.4518300839339,2649,353,381.76885472592375,245.8154517353174,253,5.0,63994,2024-05-28 15:45:00,2024-05-28 15:45:00,28.17731145274473,-95.53684646732636,,2024-05-28,56783,0 days 00:45:00,748,6,False,False,,,,Free
2024-05-28 15:45:00,5.419592466110183,9.600001,23.06870110983532,2649,359,479.7619047619048,210.1428571428572,21,5.0,64000,2024-05-28 15:45:00,2024-05-28 15:45:00,27.197380952384773,-95.89357240305714,,2024-05-28,56808,0 days 00:30:00,750,3,False,False,,,,Free
2024-05-28 16:00:00,7.966737117644004,21.495651,49.84835772976906,2650,317,332.6494464999189,483.32314181469263,46,5.0,64028,2024-05-28 16:00:00,2024-05-28 16:00:00,28.66850553500486,-93.16176963440302,,2024-05-28,56855,0 days 00:15:00,751,3,False,False,,,,Free
2024-05-28 16:00:00,20.11920299333677,98.071236,317.91529784074294,2650,322,382.43167702109344,246.9860248785781,292,5.0,64033,2024-05-28 16:00:00,2024-05-28 16:00:00,28.17068322979304,-95.52514073622824,,2024-05-28,56783,0 days 01:00:00,748,6,False,False,,,,Free
2024-05-28 16:15:00,7.144959632221837,12.713515,40.09492821454759,2651,215,332.7421163234648,484.3300630838477,37,5.0,64057,2024-05-28 16:15:00,2024-05-28 16:15:00,28.6675788367694,-93.15170042199924,,2024-05-28,56855,0 days 00:30:00,751,3,False,False,,,,Free
2024-05-28 16:15:00,24.1290922275202,45.66857,457.2690929461176,2651,223,382.3904737161275,247.78676533164577,421,5.0,64065,2024-05-28 16:15:00,2024-05-28 16:15:00,28.17109526284269,-95.5171333319264,,2024-05-28,56783,0 days 01:15:00,748,6,False,False,,,,Free
2024-05-28 19:00:00,2.357750668187572,9.6,4.366019133104468,2662,50,409.5,454.0,4,5.0,64272,2024-05-28 19:00:00,2024-05-28 19:00:00,27.900000000003928,-93.45500104417056,,2024-05-28,57118,0 days 00:00:00,752,3,False,False,,,,Free
2024-05-28 19:15:00,1.667065907708556,9.6,2.182706900783712,2663,101,408.0,454.5,2,5.0,64286,2024-05-28 19:15:00,2024-05-28 19:15:00,27.91500000000393,-93.45000104431348,,2024-05-28,57118,0 days 00:15:00,752,3,False,False,,,,Free
2024-05-28 19:30:00,2.041824801328041,9.6,3.2743630501874392,2664,62,409.0,455.0,3,5.0,64303,2024-05-28 19:30:00,2024-05-28 19:30:00,27.90500000000393,-93.44500104445632,,2024-05-28,57118,0 days 00:30:00,752,3,False,False,,,,Free
2024-05-28 22:45:00,,,,2677,269,389.3043478260869,40.08695652173913,23,5.0,64421,2024-05-28 22:45:00,2024-05-28 22:45:00,28.10195652174309,-97.59413136067298,,2024-05-28,57258,0 days 00:00:00,753,3,False,False,,,,Free
2024-05-28 23:00:00,2.0398670564573766,9.6,3.268087003129952,2678,251,388.75,42.0,4,5.0,64471,2024-05-28 23:00:00,2024-05-28 23:00:00,28.107500000003963,-97.57500092643704,,2024-05-28,57258,0 days 00:15:00,753,3,False,False,,,,Free
2024-05-28 23:15:00,2.88467313800752,9.599999,6.535564456469196,2679,172,387.3333333333333,45.66666666666666,6,5.0,64491,2024-05-28 23:15:00,2024-05-28 23:15:00,28.12166666667063,-97.53833426081816,,2024-05-28,57258,0 days 00:30:00,753,3,False,False,,,,Free
2024-05-29 00:15:00,2.897076495878369,9.599999,6.591887801220207,2683,317,481.125,73.375,8,5.0,64681,2024-05-29 00:15:00,2024-05-29 00:15:00,27.18375000000382,-97.2612509354028,,2024-05-29,57493,0 days 00:00:00,754,3,False,False,,,,Free
2024-05-29 00:30:00,5.764599359707438,12.8,26.09925674657824,2684,421,369.0833333503147,126.19444445010492,24,5.0,64718,2024-05-29 00:30:00,2024-05-29 00:30:00,28.304166666500844,-96.73305650599548,,2024-05-29,57526,0 days 00:00:00,756,4,False,False,,,,Free
2024-05-29 00:30:00,5.288966024177889,9.600001,21.970069748914817,2684,472,479.7,75.15,20,5.0,64751,2024-05-29 00:30:00,2024-05-29 00:30:00,27.19800000000382,-97.24350093591,,2024-05-29,57493,0 days 00:15:00,754,3,False,False,,,,Free
2024-05-29 00:45:00,2.6204492260509165,11.52,5.393136095014352,2685,422,283.9877300739127,184.8588957037268,5,5.0,64786,2024-05-29 00:45:00,2024-05-29 00:45:00,29.155122699265,-96.14641201022329,,2024-05-29,57583,0 days 00:00:00,757,4,False,False,,,,Free
2024-05-29 00:45:00,10.653934798741796,15.570731,89.14766052090455,2685,445,367.247175773157,126.7749661171986,86,5.0,64800,2024-05-29 00:45:00,2024-05-29 00:45:00,28.322528242272423,-96.72725128949044,,2024-05-29,57526,0 days 00:15:00,756,4,False,False,,,,Free
2024-05-29 00:45:00,1.6724278969084534,9.6,2.196770499253869,2685,499,478.5,76.0,2,5.0,64831,2024-05-29 00:45:00,2024-05-29 00:45:00,27.210000000003824,-97.23500093615291,,2024-05-29,57493,0 days 00:30:00,754,3,False,False,,,,Free
2024-05-29 01:00:00,1.176541849362057,9.6,1.087187975761637,2686,410,366.5,126.5,2,5.0,64874,2024-05-29 01:00:00,2024-05-29 01:00:00,28.330000000004,-96.73000095058389,,2024-05-29,57526,0 days 00:30:00,756,4,False,False,,,,Free
2024-05-29 01:15:00,,,,2687,427,283.4731369701241,185.64067019028843,21,5.0,64924,2024-05-29 01:15:00,2024-05-29 01:15:00,29.160268630302888,-96.13859426558103,,2024-05-29,57583,0 days 00:30:00,757,4,False,False,,,,Free
2024-05-29 01:15:00,3.902147826650298,9.599999,11.95906750147228,2687,445,367.4666666666666,124.4,15,5.0,64935,2024-05-29 01:15:00,2024-05-29 01:15:00,28.320333333337327,-96.75100094998372,,2024-05-29,57526,0 days 00:45:00,756,4,False,False,,,,Free
2024-05-29 01:30:00,1.6574063362818647,9.6,2.1574854275506,2688,308,285.5,185.0,2,5.0,64980,2024-05-29 01:30:00,2024-05-29 01:30:00,29.14000000000412,-96.14500096730086,,2024-05-29,57583,0 days 00:45:00,757,4,False,False,,,,Free
2024-05-29 01:30:00,3.1266032966089394,9.599999,7.677776122166584,2688,359,462.7142857142857,92.0,7,5.0,65007,2024-05-29 01:30:00,2024-05-29 01:30:00,27.367857142860988,-97.07500094072508,,2024-05-29,57770,0 days 00:00:00,758,3,False,False,,,,Free
2024-05-29 01:30:00,6.368272457109344,13.241382,31.851739333475543,2688,361,478.4810636488038,95.2320709047971,31,5.0,65008,2024-05-29 01:30:00,2024-05-29 01:30:00,27.210189363515784,-97.04268023260072,,2024-05-29,57771,0 days 00:00:00,759,3,False,False,,,,Free
2024-05-29 01:30:00,2.644945193272346,9.6,5.494437479845649,2688,364,483.6,102.2,5,5.0,65010,2024-05-29 01:30:00,2024-05-29 01:30:00,27.15900000000381,-96.97300094363987,,2024-05-29,57773,0 days 00:00:00,760,3,False,False,,,,Free
2024-05-29 01:45:00,3.7062534858902736,17.28,10.788476495623607,2689,359,286.8127035780026,185.1530944632996,10,5.0,65039,2024-05-29 01:45:00,2024-05-29 01:45:00,29.12687296422409,-96.1434700227116,,2024-05-29,57583,0 days 01:00:00,757,4,False,False,,,,Free
2024-05-29 01:45:00,2.6341274974186035,9.6,5.449585430603358,2689,384,393.125,155.625,8,5.0,65050,2024-05-29 01:45:00,2024-05-29 01:45:00,28.06375000000396,-96.4387509589066,,2024-05-29,57809,0 days 00:00:00,761,3,False,False,,,,Free
2024-05-29 01:45:00,6.369168835586933,15.227588,31.860706670597256,2689,404,482.3765875075781,103.96466041810795,37,5.0,65060,2024-05-29 01:45:00,2024-05-29 01:45:00,27.171234124928034,-96.95535433996304,,2024-05-29,57771,0 days 00:15:00,759,3,False,False,,,,Free
2024-05-29 01:45:00,2.366123649163096,9.6,4.397083915810512,2689,406,487.5,112.5,4,5.0,65062,2024-05-29 01:45:00,2024-05-29 01:45:00,27.12000000000381,-96.87000094658322,,2024-05-29,57773,0 days 00:15:00,760,3,False,False,,,,Free
2024-05-29 02:00:00,1.6666415490660311,9.6,2.181595807763721,2690,416,402.5,216.0,2,5.0,65098,2024-05-29 02:00:00,2024-05-29 02:00:00,27.970000000003942,-95.83500097615944,,2024-05-29,57853,0 days 00:00:00,762,3,False,False,,,,Free
2024-05-29 02:00:00,1.6718642985909933,19.2,2.1952901513788188,2690,441,471.0,107.1619718357155,2,5.0,65112,2024-05-29 02:00:00,2024-05-29 02:00:00,27.28500000000384,-96.92338122670066,,2024-05-29,57770,0 days 00:30:00,758,3,False,False,,,,Free
2024-05-29 02:00:00,4.265538686355117,14.769232,14.29017843502238,2690,447,487.4866141680251,112.2960629923625,13,5.0,65117,2024-05-29 02:00:00,2024-05-29 02:00:00,27.120133858323555,-96.87204031660129,,2024-05-29,57771,0 days 00:30:00,759,3,False,False,,,,Free
2024-05-29 02:15:00,1.6665642994030911,9.6,2.181393576353796,2691,503,402.0,173.66666666666666,3,5.0,65165,2024-05-29 02:15:00,2024-05-29 02:15:00,27.97500000000394,-96.25833429739556,,2024-05-29,57809,0 days 00:30:00,761,3,False,False,,,,Free
2024-05-29 02:15:00,2.88753183527853,9.599999,6.548524301042887,2691,512,408.6666666666667,225.5,6,5.0,65171,2024-05-29 02:15:00,2024-05-29 02:15:00,27.908333333337264,-95.74000097887416,,2024-05-29,57853,0 days 00:15:00,762,3,False,False,,,,Free
2024-05-29 02:15:00,2.364957890822152,9.6,4.39275221107378,2691,530,476.5,114.5,4,5.0,65180,2024-05-29 02:15:00,2024-05-29 02:15:00,27.230000000003827,-96.85000094715474,,2024-05-29,57770,0 days 00:45:00,758,3,False,False,,,,Free
2024-05-29 02:15:00,2.3673108011927235,9.6,4.401497308669763,2691,535,498.75,131.0,4,5.0,65183,2024-05-29 02:15:00,2024-05-29 02:15:00,27.00750000000379,-96.68500095186975,,2024-05-29,57773,0 days 00:45:00,760,3,False,False,,,,Free
2024-05-29 02:30:00,7.909713879275387,12.799998,49.13731584186312,2692,539,413.8951566932989,235.91111112016785,45,5.0,65254,2024-05-29 02:30:00,2024-05-29 02:30:00,27.85604843307093,-95.6358898706476,,2024-05-29,57853,0 days 00:30:00,762,3,False,False,,,,Free
2024-05-29 02:45:00,1.6674124529684111,9.6,2.1836144658014347,2693,354,412.5,186.0,2,5.0,65305,2024-05-29 02:45:00,2024-05-29 02:45:00,27.870000000003927,-96.13500096758662,,2024-05-29,57809,0 days 01:00:00,761,3,False,False,,,,Free
2024-05-29 03:00:00,1.6665642994030911,9.6,2.181393576353796,2694,327,401.5,206.0,2,5.0,65358,2024-05-29 03:00:00,2024-05-29 03:00:00,27.98000000000394,-95.93500097330184,,2024-05-29,58093,0 days 00:00:00,763,4,False,False,,,,Free
2024-05-29 03:30:00,2.042672620821496,9.6,3.2770828184743905,2696,338,418.0,228.0,3,5.0,65479,2024-05-29 03:30:00,2024-05-29 03:30:00,27.81500000000392,-95.71500097958858,,2024-05-29,58093,0 days 00:30:00,763,4,False,False,,,,Free
2024-05-29 03:45:00,5.407063901741109,13.257144,22.96216776992504,2697,392,429.5605536128552,236.431372550098,21,5.0,65554,2024-05-29 03:45:00,2024-05-29 03:45:00,27.699394463875347,-95.63068725649696,,2024-05-29,58093,0 days 00:45:00,763,4,False,False,,,,Free
2024-05-29 04:15:00,3.060129734568477,9.599999,7.354777842953311,2699,282,28.428571428571427,92.71428571428572,7,5.0,65649,2024-05-29 04:15:00,2024-05-29 04:15:00,31.71071428571881,-97.06785808378636,,2024-05-29,58366,0 days 00:00:00,764,5,False,False,,,,Free
2024-05-29 04:15:00,10.629139236514696,9.955554,88.73318565731171,2699,346,449.2715495690599,259.86746387085685,81,5.0,65689,2024-05-29 04:15:00,2024-05-29 04:15:00,27.50228450431327,-95.39632634998652,,2024-05-29,58093,0 days 01:15:00,763,4,False,False,,,,Free
2024-05-29 04:30:00,15.73209176713438,128.63998,194.3850333528698,2700,244,26.880730351870387,94.51831524486389,187,5.0,65709,2024-05-29 04:30:00,2024-05-29 04:30:00,31.726192696485825,-97.04981778899612,,2024-05-29,58366,0 days 00:15:00,764,5,False,False,,,,Free
2024-05-29 04:45:00,18.432641975069185,88.62992,266.848678699933,2701,240,26.41906833731229,98.52079866372914,255,5.0,65761,2024-05-29 04:45:00,2024-05-29 04:45:00,31.730809316631404,-97.00979295595118,,2024-05-29,58366,0 days 00:30:00,764,5,False,False,,,,Free
2024-05-29 04:45:00,7.547178401561983,46.126827,44.73620228065687,2701,304,405.1128235293255,350.2044706184984,44,5.0,65802,2024-05-29 04:45:00,2024-05-29 04:45:00,27.94387176471068,-94.49295630832488,,2024-05-29,58513,0 days 00:00:00,765,4,False,False,,,,Free
2024-05-29 05:00:00,16.798990155976814,25.797157,221.6441292822912,2702,221,25.634079129600973,105.16894920363885,219,5.0,65814,2024-05-29 05:00:00,2024-05-29 05:00:00,31.73865920870852,-96.9433114524519,,2024-05-29,58366,0 days 00:45:00,764,5,False,False,,,,Free
2024-05-29 05:00:00,10.736943417480909,93.68675,90.54223490534578,2702,264,403.8250509344101,353.2588235020248,83,5.0,65847,2024-05-29 05:00:00,2024-05-29 05:00:00,27.95674949065984,-94.4624127803624,,2024-05-29,58513,0 days 00:15:00,765,4,False,False,,,,Free
2024-05-29 05:00:00,1.667758418414877,9.6,2.1845207005192684,2702,267,417.3333333333333,410.0,3,5.0,65849,2024-05-29 05:00:00,2024-05-29 05:00:00,27.821666666670584,-93.89500103159708,,2024-05-29,58555,0 days 00:00:00,767,3,False,False,,,,Free
2024-05-29 05:15:00,,,,2703,254,26.875,111.125,8,5.0,65869,2024-05-29 05:15:00,2024-05-29 05:15:00,31.726250000004526,-96.88375094619028,,2024-05-29,58366,0 days 01:00:00,764,5,False,False,,,,Free
2024-05-29 05:15:00,20.706077094247085,10.526045,336.7328877003134,2703,273,324.17031267020025,185.534532087258,317,5.0,65880,2024-05-29 05:15:00,2024-05-29 05:15:00,28.75329687330206,-96.13965564658103,,2024-05-29,58584,0 days 00:00:00,768,3,False,False,,,,Free
2024-05-29 05:15:00,10.671471324020295,44.253662,89.44137863945699,2703,288,402.22213248587406,355.443892094228,82,5.0,65893,2024-05-29 05:15:00,2024-05-29 05:15:00,27.9727786751452,-94.44056209506476,,2024-05-29,58513,0 days 00:30:00,765,4,False,False,,,,Free
2024-05-29 05:15:00,7.276445331607045,23.74737,41.58420690183559,2703,304,437.77837835658806,286.46270270114786,44,5.0,65909,2024-05-29 05:15:00,2024-05-29 05:15:00,27.61721621643801,-95.13037396928348,,2024-05-29,58610,0 days 00:00:00,769,3,False,False,,,,Free
2024-05-29 05:30:00,2.3483987860679822,9.6,4.331452695771165,2704,447,325.0,188.5,4,5.0,65949,2024-05-29 05:30:00,2024-05-29 05:30:00,28.74500000000406,-96.11000096830104,,2024-05-29,58584,0 days 00:15:00,768,3,False,False,,,,Free
2024-05-29 05:30:00,1.178138122808286,9.6,1.0901400621380657,2704,465,396.0,408.0,3,5.0,65962,2024-05-29 05:30:00,2024-05-29 05:30:00,28.03500000000395,-93.91500103102555,,2024-05-29,58657,0 days 00:00:00,772,6,False,False,,,,Free
2024-05-29 05:30:00,7.167530526267928,20.237835,40.34864771315945,2704,466,399.6562610788729,358.00780418154204,37,5.0,65963,2024-05-29 05:30:00,2024-05-29 05:30:00,27.998437389215216,-94.41492297492432,,2024-05-29,58513,0 days 00:45:00,765,4,False,False,,,,Free
2024-05-29 05:30:00,4.412430426011593,24.000002,15.291342736643134,2704,481,416.1525885646205,413.6784741133793,20,5.0,65974,2024-05-29 05:30:00,2024-05-29 05:30:00,27.83347411435772,-93.85821629151444,,2024-05-29,58555,0 days 00:30:00,767,3,False,False,,,,Free
2024-05-29 05:30:00,11.503672829572231,47.393684,103.93526427689171,2704,501,436.10413664553545,287.82564432498634,95,5.0,65990,2024-05-29 05:30:00,2024-05-29 05:30:00,27.63395863354853,-95.11674455343456,,2024-05-29,58610,0 days 00:15:00,769,3,False,False,,,,Free
2024-05-29 05:30:00,6.263066841811715,20.228567,30.80803327794888,2704,542,498.40712944873445,384.8761726206784,28,5.0,66019,2024-05-29 05:30:00,2024-05-29 05:30:00,27.010928705516445,-94.1462392982109,,2024-05-29,58704,0 days 00:00:00,773,3,False,False,,,,Free
2024-05-29 05:45:00,36.24643719794953,32.02927,1031.8594132404005,2705,415,6.935123312069689,137.0274720508459,993,5.0,66021,2024-05-29 05:45:00,2024-05-29 05:45:00,31.925648766883864,-96.62472623308372,,2024-05-29,58706,0 days 00:00:00,774,4,False,False,,,,Free
2024-05-29 05:45:00,14.37808361633265,11.775998,162.36480349128152,2705,457,321.36264366796564,202.6532567126107,156,5.0,66049,2024-05-29 05:45:00,2024-05-29 05:45:00,28.78137356332441,-95.96846840521935,,2024-05-29,58734,0 days 00:00:00,775,4,False,False,,,,Free
2024-05-29 05:45:00,1.6605289635958174,9.6,2.165622682976076,2705,465,324.5,192.0,2,5.0,66053,2024-05-29 05:45:00,2024-05-29 05:45:00,28.750000000004064,-96.0750009693012,,2024-05-29,58584,0 days 00:30:00,768,3,False,False,,,,Free
2024-05-29 05:45:00,6.342156745224497,22.510344,31.591032769378103,2705,476,388.6313509304284,392.95903894135375,29,5.0,66061,2024-05-29 05:45:00,2024-05-29 05:45:00,28.10868649069968,-94.0654106373139,,2024-05-29,58743,0 days 00:00:00,776,3,False,False,,,,Free
2024-05-29 05:45:00,2.355892763470882,9.6,4.35914100840226,2705,478,392.5,301.5,4,5.0,66063,2024-05-29 05:45:00,2024-05-29 05:45:00,28.07000000000396,-94.98000100059198,,2024-05-29,58745,0 days 00:00:00,777,4,False,False,,,,Free
2024-05-29 05:45:00,3.725132171974397,15.360001,10.898663771525458,2705,479,393.5688524672178,409.3557376951788,14,5.0,66064,2024-05-29 05:45:00,2024-05-29 05:45:00,28.05931147533177,-93.90144365446116,,2024-05-29,58657,0 days 00:15:00,772,6,False,False,,,,Free
2024-05-29 05:45:00,5.776474682823573,21.6,26.20689869339729,2705,489,413.8344529701073,415.1545105612332,28,5.0,66073,2024-05-29 05:45:00,2024-05-29 05:45:00,27.85665547030285,-93.84345592745768,,2024-05-29,58555,0 days 00:45:00,767,3,False,False,,,,Free
2024-05-29 05:45:00,20.614119987519977,34.02492,333.7486214726859,2705,506,435.8980466888703,290.8410248960611,306,5.0,66087,2024-05-29 05:45:00,2024-05-29 05:45:00,27.636019533115185,-95.08659074858548,,2024-05-29,58610,0 days 00:30:00,769,3,False,False,,,,Free
2024-05-29 05:45:00,7.467049645321871,12.48,43.79131219750095,2705,514,441.81885027683967,319.55414437761215,40,5.0,66095,2024-05-29 05:45:00,2024-05-29 05:45:00,27.57681149723548,-94.79945956197508,,2024-05-29,58766,0 days 00:00:00,779,3,False,False,,,,Free
2024-05-29 05:45:00,7.930879910785073,16.213331,49.40064610730997,2705,534,472.9772376497573,426.6184413669603,48,5.0,66110,2024-05-29 05:45:00,2024-05-29 05:45:00,27.265227623506256,-93.7288166226764,,2024-05-29,58776,0 days 00:00:00,780,3,False,False,,,,Free
2024-05-29 05:45:00,6.373653670115946,14.234485,31.905591743957547,2705,547,497.1994025326924,384.8902166019304,29,5.0,66121,2024-05-29 05:45:00,2024-05-29 05:45:00,27.023005974676867,-94.14609885840235,,2024-05-29,58704,0 days 00:15:00,773,3,False,False,,,,Free
2024-05-29 06:00:00,39.75984348934328,25.135138,1241.5928808006772,2706,361,6.496165718667313,138.27178514159968,1189,5.0,66128,2024-05-29 06:00:00,2024-05-29 06:00:00,31.930038342817888,-96.61228310253176,,2024-05-29,58706,0 days 00:15:00,774,4,False,False,,,,Free
2024-05-29 06:00:00,10.499942871193658,9.839999,86.58920527108083,2706,398,320.0661157079753,205.6157024827993,80,5.0,66156,2024-05-29 06:00:00,2024-05-29 06:00:00,28.794338842924315,-95.93884394836402,,2024-05-29,58734,0 days 00:15:00,775,4,False,False,,,,Free
2024-05-29 06:00:00,5.6478994217694,21.286957,25.05323370635504,2706,406,387.5674300242721,394.8692111941752,27,5.0,66161,2024-05-29 06:00:00,2024-05-29 06:00:00,28.119325699761244,-94.04630891533152,,2024-05-29,58743,0 days 00:15:00,776,3,False,False,,,,Free
2024-05-29 06:00:00,10.469264007777202,72.78989,86.08394965248851,2706,408,392.5468125606498,303.9724017050968,79,5.0,66163,2024-05-29 06:00:00,2024-05-29 06:00:00,28.06953187439746,-94.95527698424758,,2024-05-29,58745,0 days 00:15:00,777,4,False,False,,,,Free
2024-05-29 06:00:00,8.893586691776957,98.86316,62.121762217654286,2706,409,393.3342304989744,409.2781204372714,57,5.0,66164,2024-05-29 06:00:00,2024-05-29 06:00:00,28.06165769501421,-93.90221982701809,,2024-05-29,58657,0 days 00:30:00,772,6,False,False,,,,Free
2024-05-29 06:00:00,10.94706704093906,50.679073,94.12076250250377,2706,433,438.607015578757,321.1205580065851,86,5.0,66186,2024-05-29 06:00:00,2024-05-29 06:00:00,27.60892984421632,-94.78379542613294,,2024-05-29,58766,0 days 00:15:00,779,3,False,False,,,,Free
2024-05-29 06:00:00,10.500250307164968,104.627846,86.59427597031741,2706,446,456.4788768612068,120.6918547985608,85,5.0,66198,2024-05-29 06:00:00,2024-05-29 06:00:00,27.430211231391787,-96.78808240093848,,2024-05-29,58845,0 days 00:00:00,781,3,False,False,,,,Free
2024-05-29 06:00:00,10.640559591751584,43.614815,88.92396477456803,2706,458,473.29175268627233,427.5973125993745,129,5.0,66210,2024-05-29 06:00:00,2024-05-29 06:00:00,27.262082473141103,-93.71902791063197,,2024-05-29,58776,0 days 00:15:00,780,3,False,False,,,,Free
2024-05-29 06:15:00,45.741884430682966,37.468796,1643.304278383189,2707,416,8.042804378870308,138.33152669024977,1575,5.0,66225,2024-05-29 06:15:00,2024-05-29 06:15:00,31.91457195621585,-96.61168568706232,,2024-05-29,58706,0 days 00:30:00,774,4,False,False,,,,Free
2024-05-29 06:15:00,16.67177181301365,12.971707,218.2998293875724,2707,444,156.85294115072855,264.2545765389047,206,5.0,66247,2024-05-29 06:15:00,2024-05-29 06:15:00,30.42647058849704,-95.35245522455966,,2024-05-29,58887,0 days 00:00:00,783,3,False,False,,,,Free
2024-05-29 06:15:00,4.39242938699558,9.599999,15.153029136992012,2707,471,320.05,210.25,20,5.0,66259,2024-05-29 06:15:00,2024-05-29 06:15:00,28.79450000000407,-95.89250097451634,,2024-05-29,58734,0 days 00:30:00,775,4,False,False,,,,Free
2024-05-29 06:15:00,10.40147056752118,46.030777,84.97269065697557,2707,482,390.1416072882882,305.8119609874405,78,5.0,66264,2024-05-29 06:15:00,2024-05-29 06:15:00,28.09358392712108,-94.93688139194978,,2024-05-29,58745,0 days 00:30:00,777,4,False,False,,,,Free
2024-05-29 06:15:00,4.560799185285701,11.520001,16.33698018139183,2707,483,386.24335377784695,397.0817996047615,15,5.0,66265,2024-05-29 06:15:00,2024-05-29 06:15:00,28.132566462225498,-94.02418303185794,,2024-05-29,58743,0 days 00:30:00,776,3,False,False,,,,Free
2024-05-29 06:15:00,10.859816347629796,136.20706,92.62641236043162,2707,485,391.7393612396175,409.3494252290596,85,5.0,66267,2024-05-29 06:15:00,2024-05-29 06:15:00,28.077606387607783,-93.90150677912057,,2024-05-29,58657,0 days 00:45:00,772,6,False,False,,,,Free
2024-05-29 06:15:00,11.504126917966223,29.507368,103.9434697829804,2707,510,436.1483549478574,324.6441027455565,95,5.0,66288,2024-05-29 06:15:00,2024-05-29 06:15:00,27.63351645052532,-94.74855997975015,,2024-05-29,58766,0 days 00:30:00,779,3,False,False,,,,Free
2024-05-29 06:15:00,4.262611397415932,9.599999,14.270571472989852,2707,530,471.6666666666667,427.26666666666665,15,5.0,66308,2024-05-29 06:15:00,2024-05-29 06:15:00,27.27833333333717,-93.72233436986454,,2024-05-29,58776,0 days 00:30:00,780,3,False,False,,,,Free
2024-05-29 06:15:00,4.427868202076457,9.599999,15.398529598008915,2707,547,493.52941176470586,389.3529411764706,17,5.0,66319,2024-05-29 06:15:00,2024-05-29 06:15:00,27.05970588235673,-94.10147161393223,,2024-05-29,58704,0 days 00:45:00,773,3,False,False,,,,Free
2024-05-29 06:30:00,33.92516381916875,39.212994,903.9278939430288,2708,349,7.3214286256225884,137.7321496882929,864,5.0,66324,2024-05-29 06:30:00,2024-05-29 06:30:00,31.92178571374833,-96.61767945691064,,2024-05-29,58706,0 days 00:45:00,774,4,False,False,,,,Free
2024-05-29 06:30:00,10.198104122385049,13.311998,81.68245175941297,2708,413,385.6596086000919,307.6262431879755,75,5.0,66366,2024-05-29 06:30:00,2024-05-29 06:30:00,28.13840391400305,-94.91873857046288,,2024-05-29,58745,0 days 00:45:00,777,4,False,False,,,,Free
2024-05-29 06:30:00,10.600344055150428,71.111115,88.25306640231297,2708,420,389.9261250953746,410.4783940566068,81,5.0,66372,2024-05-29 06:30:00,2024-05-29 06:30:00,28.095738749050213,-93.8902170911677,,2024-05-29,58657,0 days 01:00:00,772,6,False,False,,,,Free
2024-05-29 06:30:00,22.567548857696185,144.47342,399.9987775673735,2708,438,454.8729231582338,121.72460406513564,365,5.0,66389,2024-05-29 06:30:00,2024-05-29 06:30:00,27.44627076842152,-96.77775490856789,,2024-05-29,58845,0 days 00:30:00,781,3,False,False,,,,Free
2024-05-29 06:45:00,32.62106612977168,24.403515,835.7688542137447,2709,332,10.950450602295104,144.21191160169658,802,5.0,66411,2024-05-29 06:45:00,2024-05-29 06:45:00,31.8854954939816,-96.55288183962824,,2024-05-29,59016,0 days 00:00:00,786,3,False,False,,,,Free
2024-05-29 06:45:00,1.6468875859289822,9.6,2.130187309923007,2709,359,158.0,269.5,2,5.0,66430,2024-05-29 06:45:00,2024-05-29 06:45:00,30.415000000004323,-95.30000099144765,,2024-05-29,58887,0 days 00:30:00,783,3,False,False,,,,Free
2024-05-29 06:45:00,3.104509702462263,15.085714,7.569652177813136,2709,386,310.59773371334416,212.26062323558443,7,5.0,66449,2024-05-29 06:45:00,2024-05-29 06:45:00,28.889022662870644,-95.87239474273504,,2024-05-29,58734,0 days 01:00:00,775,4,False,False,,,,Free
2024-05-29 06:45:00,5.523865093144271,10.472729,23.96492136411344,2709,399,387.9651162753856,411.1046511738431,22,5.0,66460,2024-05-29 06:45:00,2024-05-29 06:45:00,28.115348837250107,-93.88395452017431,,2024-05-29,58657,0 days 01:15:00,772,6,False,False,,,,Free
2024-05-29 07:00:00,35.505118192726584,16.789831,990.0834631567272,2710,409,12.383922309252789,152.41551057088853,947,5.0,66497,2024-05-29 07:00:00,2024-05-29 07:00:00,31.871160776912024,-96.4708458522806,,2024-05-29,59016,0 days 00:15:00,786,3,False,False,,,,Free
2024-05-29 07:00:00,,,,2710,436,159.2780624136706,275.23570407132047,801,5.0,66513,2024-05-29 07:00:00,2024-05-29 07:00:00,30.402219375867613,-95.2426439523735,,2024-05-29,58887,0 days 00:45:00,783,3,False,False,,,,Free
2024-05-29 07:00:00,3.73312056578321,84.479996,10.94545736998164,2710,512,440.0729743193623,127.6255661862352,10,5.0,66563,2024-05-29 07:00:00,2024-05-29 07:00:00,27.59427025681026,-96.71874528904311,,2024-05-29,58845,0 days 01:00:00,781,3,False,False,,,,Free
2024-05-29 07:15:00,38.47044318596705,19.919132,1162.3696460296146,2711,334,12.529265217490748,161.8839068929671,1109,5.0,66589,2024-05-29 07:15:00,2024-05-29 07:15:00,31.86970734782964,-96.37616189176548,,2024-05-29,59016,0 days 00:30:00,786,3,False,False,,,,Free
2024-05-29 07:15:00,4.524252719609945,9.6,16.076207148557863,2711,368,219.53333333333333,274.93333333333334,15,5.0,66610,2024-05-29 07:15:00,2024-05-29 07:15:00,29.79966666667089,-95.24566765966694,,2024-05-29,59189,0 days 00:00:00,787,3,False,False,,,,Free
2024-05-29 07:15:00,1.1694634471228,9.6,1.0741456780945458,2711,380,241.5,283.5,2,5.0,66618,2024-05-29 07:15:00,2024-05-29 07:15:00,29.58000000000419,-95.16000099544829,,2024-05-29,59195,0 days 00:00:00,788,3,False,False,,,,Free
2024-05-29 07:15:00,2.896513397085702,9.599999,6.589325546939444,2711,429,476.8333333333333,221.16666666666663,6,5.0,66658,2024-05-29 07:15:00,2024-05-29 07:15:00,27.226666666670493,-95.78333431096922,,2024-05-29,59227,0 days 00:00:00,789,3,False,False,,,,Free
2024-05-29 07:15:00,4.428671114511913,15.085716,15.404114584417638,2711,442,498.2393767644156,243.467422095552,14,5.0,66669,2024-05-29 07:15:00,2024-05-29 07:15:00,27.01260623235964,-95.56032676305308,,2024-05-29,59235,0 days 00:00:00,790,3,False,False,,,,Free
2024-05-29 07:30:00,1.6520620516338884,9.6,2.1435942935753505,2712,511,220.0,278.5,2,5.0,66710,2024-05-29 07:30:00,2024-05-29 07:30:00,29.795000000004222,-95.21000099401954,,2024-05-29,59189,0 days 00:15:00,787,3,False,False,,,,Free
2024-05-29 07:30:00,1.6538301077497708,9.6,2.1481849480794586,2712,524,241.5,290.0,2,5.0,66718,2024-05-29 07:30:00,2024-05-29 07:30:00,29.58000000000419,-95.09500099730576,,2024-05-29,59195,0 days 00:15:00,788,3,False,False,,,,Free
2024-05-29 07:30:00,3.3478271885075217,15.6,8.802700898236287,2712,603,498.2759433980831,245.2712264217253,8,5.0,66775,2024-05-29 07:30:00,2024-05-29 07:30:00,27.01224056602296,-95.54228872030676,,2024-05-29,59235,0 days 00:15:00,790,3,False,False,,,,Free
2024-05-29 07:45:00,7.56246230136994,38.4,44.91757760440701,2713,575,198.384801820818,370.4844596631742,42,5.0,66815,2024-05-29 07:45:00,2024-05-29 07:45:00,30.01115198179608,-94.29015642367337,,2024-05-29,59365,0 days 00:00:00,793,3,False,False,,,,Free
2024-05-29 07:45:00,,,,2713,592,240.1524163469928,297.3444857480061,33,5.0,66827,2024-05-29 07:45:00,2024-05-29 07:45:00,29.593475836534267,-95.02155614192446,,2024-05-29,59195,0 days 00:30:00,788,3,False,False,,,,Free
2024-05-29 07:45:00,28.12121061223486,122.29931,621.0948203483262,2713,631,353.9099786443445,265.3165442708222,572,5.0,66851,2024-05-29 07:45:00,2024-05-29 07:45:00,28.45590021356057,-95.34183554754397,,2024-05-29,59399,0 days 00:00:00,794,3,False,False,,,,Free
2024-05-29 07:45:00,2.896274854254953,9.599999,6.588240261681758,2713,681,475.4285714285714,223.7142857142857,7,5.0,66890,2024-05-29 07:45:00,2024-05-29 07:45:00,27.24071428571812,-95.75785812122103,,2024-05-29,59227,0 days 00:30:00,789,3,False,False,,,,Free
2024-05-29 07:45:00,2.899362510310459,9.599999,6.602294910611107,2713,698,498.8333333333333,247.8333333333333,6,5.0,66903,2024-05-29 07:45:00,2024-05-29 07:45:00,27.00666666667046,-95.51666765192284,,2024-05-29,59235,0 days 00:30:00,790,3,False,False,,,,Free
2024-05-29 08:00:00,6.739388921955985,48.564705,35.67228431538419,2714,526,14.966513651731209,0.5791250459544887,34,5.0,66915,2024-05-29 08:00:00,2024-05-29 08:00:00,31.845334863487235,-97.989209664141,,2024-05-29,59453,0 days 00:00:00,795,5,False,False,,,,Free
2024-05-29 08:00:00,2.609256733486945,17.28,5.347164034763852,2714,574,197.56969697144845,379.0,6,5.0,66952,2024-05-29 08:00:00,2024-05-29 08:00:00,30.019303030289777,-94.20500102273849,,2024-05-29,59365,0 days 00:15:00,793,3,False,False,,,,Free
2024-05-29 08:00:00,2.335872013785275,16.800001,4.285366479031406,2714,584,216.51271185156463,291.0974576296871,4,5.0,66959,2024-05-29 08:00:00,2024-05-29 08:00:00,29.829872881488583,-95.0840264213225,,2024-05-29,59189,0 days 00:45:00,787,3,False,False,,,,Free
2024-05-29 08:00:00,27.89999202063594,96.443344,611.3614346728921,2714,638,353.7677597205218,269.27385060514786,564,5.0,66991,2024-05-29 08:00:00,2024-05-29 08:00:00,28.4573224027988,-95.30226248533154,,2024-05-29,59399,0 days 00:15:00,794,3,False,False,,,,Free
2024-05-29 08:15:00,2.3102440493023555,9.6,4.191848729020667,2715,514,4.2,360.8,5,5.0,67033,2024-05-29 08:15:00,2024-05-29 08:15:00,31.953000000004565,-94.3870010175376,,2024-05-29,59558,0 days 00:00:00,797,3,False,False,,,,Free
2024-05-29 08:15:00,9.943342424928488,91.97837,77.65236242324532,2715,518,15.949816660766905,1.6780187609771948,74,5.0,67034,2024-05-29 08:15:00,2024-05-29 08:15:00,31.83550183339688,-97.9782207273048,,2024-05-29,59453,0 days 00:15:00,795,5,False,False,,,,Free
2024-05-29 08:15:00,9.90059368717937,33.066666,76.98610663165097,2715,575,197.72558807394591,386.329332680746,73,5.0,67073,2024-05-29 08:15:00,2024-05-29 08:15:00,30.0177441192648,-94.13170769802548,,2024-05-29,59365,0 days 00:30:00,793,3,False,False,,,,Free
2024-05-29 08:15:00,23.864406387262832,50.81942,447.2920233834637,2715,640,353.62221515101345,271.71172000535194,426,5.0,67108,2024-05-29 08:15:00,2024-05-29 08:15:00,28.45877784849388,-95.27788379202616,,2024-05-29,59399,0 days 00:30:00,794,3,False,False,,,,Free
2024-05-29 08:15:00,8.191273262919738,10.2,52.69782732186514,2715,668,473.4457099395087,223.81548974068824,51,5.0,67131,2024-05-29 08:15:00,2024-05-29 08:15:00,27.260542900608744,-95.75684608098597,,2024-05-29,59227,0 days 01:00:00,789,3,False,False,,,,Free
2024-05-29 08:30:00,14.29888081949426,67.8902,160.58093195073408,2716,591,15.812163561088814,3.3434765488799374,153,5.0,67146,2024-05-29 08:30:00,2024-05-29 08:30:00,31.83687836439365,-97.96156614990171,,2024-05-29,59453,0 days 00:30:00,795,5,False,False,,,,Free
2024-05-29 08:30:00,6.348823154057488,9.600001,31.65748001479216,2716,616,68.96666666666667,245.9,30,5.0,67164,2024-05-29 08:30:00,2024-05-29 08:30:00,31.3053333333378,-95.53600098470372,,2024-05-29,59661,0 days 00:00:00,798,3,False,False,,,,Free
2024-05-29 08:30:00,3.4814446061790743,11.733334,9.51938431068323,2716,624,91.12090679767957,247.4005037898342,11,5.0,67170,2024-05-29 08:30:00,2024-05-29 08:30:00,31.083790932027632,-95.52099594723416,,2024-05-29,59666,0 days 00:00:00,799,3,False,False,,,,Free
2024-05-29 08:45:00,1.633411360092878,9.6,2.0954679599080657,2717,665,2.5,374.0,2,5.0,67284,2024-05-29 08:45:00,2024-05-29 08:45:00,31.970000000004568,-94.25500102130968,,2024-05-29,59558,0 days 00:30:00,797,3,False,False,,,,Free
2024-05-29 08:45:00,10.272784459761414,25.640507,82.88314716039248,2717,672,14.402796532595614,7.242242133059999,79,5.0,67285,2024-05-29 08:45:00,2024-05-29 08:45:00,31.85097203467859,-97.92257849517404,,2024-05-29,59453,0 days 00:45:00,795,5,False,False,,,,Free
2024-05-29 08:45:00,2.004321495368584,9.6,3.1551836992560323,2717,691,37.66666666666666,184.66666666666663,3,5.0,67299,2024-05-29 08:45:00,2024-05-29 08:45:00,31.618333333337844,-96.14833430053892,,2024-05-29,59782,0 days 00:00:00,800,3,False,False,,,,Free
2024-05-29 08:45:00,8.596677285783064,10.99636,58.043170793340735,2717,698,70.11218919162054,251.19587627554293,55,5.0,67304,2024-05-29 08:45:00,2024-05-29 08:45:00,31.29387810808825,-95.4830422234616,,2024-05-29,59661,0 days 00:15:00,798,3,False,False,,,,Free
2024-05-29 08:45:00,2.34608576174882,9.6,4.322924483644916,2717,823,304.5,378.5,4,5.0,67387,2024-05-29 08:45:00,2024-05-29 08:45:00,28.950000000004096,-94.21000102259563,,2024-05-29,59857,0 days 00:00:00,801,3,False,False,,,,Free
2024-05-29 08:45:00,22.192095049130803,72.86292,386.8000210220418,2717,844,359.49445876304765,296.1049635976853,440,5.0,67403,2024-05-29 08:45:00,2024-05-29 08:45:00,28.400055412373533,-95.03395136307348,,2024-05-29,59872,0 days 00:00:00,803,3,False,False,,,,Free
2024-05-29 08:45:00,18.05626630254736,138.83076,256.0623836548542,2717,860,437.8543893866654,289.53886143104995,234,5.0,67416,2024-05-29 08:45:00,2024-05-29 08:45:00,27.616456106137232,-95.09961238286348,,2024-05-29,59885,0 days 00:00:00,804,3,False,False,,,,Free
2024-05-29 08:45:00,33.24640373879981,14.91038,868.1189381320954,2717,868,481.799177967994,272.8889173510017,791,5.0,67420,2024-05-29 08:45:00,2024-05-29 08:45:00,27.17700822032388,-95.26611181890604,,2024-05-29,59889,0 days 00:00:00,805,3,False,False,,,,Free
2024-05-29 09:00:00,1.1549647943924546,9.6,1.0476769134306687,2718,637,2.0,379.0,3,5.0,67437,2024-05-29 09:00:00,2024-05-29 09:00:00,31.975000000004567,-94.20500102273849,,2024-05-29,59558,0 days 00:45:00,797,3,False,False,,,,Free
2024-05-29 09:00:00,3.654682370177576,9.6,10.490330183441651,2718,651,13.9,11.6,10,5.0,67446,2024-05-29 09:00:00,2024-05-29 09:00:00,31.85600000000455,-97.87900091774992,,2024-05-29,59453,0 days 01:00:00,795,5,False,False,,,,Free
2024-05-29 09:00:00,2.0043214953668844,9.6,3.155183699250681,2718,664,37.66666666666666,187.66666666666663,3,5.0,67452,2024-05-29 09:00:00,2024-05-29 09:00:00,31.618333333337844,-96.1183343013962,,2024-05-29,59782,0 days 00:15:00,800,3,False,False,,,,Free
2024-05-29 09:00:00,18.364851375327994,13.271713,264.88948401931634,2718,669,69.59871203669954,258.50201847759826,252,5.0,67455,2024-05-29 09:00:00,2024-05-29 09:00:00,31.299012879637463,-95.40998080352888,,2024-05-29,59661,0 days 00:30:00,798,3,False,False,,,,Free
2024-05-29 09:00:00,11.19173420408989,25.083878,98.37497980087392,2718,682,92.24124637297932,258.92301099970507,93,5.0,67468,2024-05-29 09:00:00,2024-05-29 09:00:00,31.072587536274632,-95.40577087842814,,2024-05-29,59666,0 days 00:30:00,799,3,False,False,,,,Free
2024-05-29 09:00:00,6.670722346220545,15.418181,34.94906893550965,2718,690,103.52705060423642,119.3025014531882,33,5.0,67475,2024-05-29 09:00:00,2024-05-29 09:00:00,30.959729493962044,-96.8019759339952,,2024-05-29,59932,0 days 00:00:00,806,4,False,False,,,,Free
2024-05-29 09:00:00,5.321742984773965,9.600001,22.243220855885166,2718,694,104.42857142857144,288.7142857142857,21,5.0,67479,2024-05-29 09:00:00,2024-05-29 09:00:00,30.950714285718693,-95.1078581397955,,2024-05-29,59936,0 days 00:00:00,807,3,False,False,,,,Free
2024-05-29 09:00:00,17.575894447127975,10.572687,242.6189689865771,2718,723,192.08727045168712,288.62658922380734,229,5.0,67498,2024-05-29 09:00:00,2024-05-29 09:00:00,30.0741272954874,-95.10873510467523,,2024-05-29,59953,0 days 00:00:00,808,4,False,False,,,,Free
2024-05-29 09:00:00,3.519043672224588,9.6,9.726110391583658,2718,768,304.0,382.44444444444446,9,5.0,67525,2024-05-29 09:00:00,2024-05-29 09:00:00,28.95500000000409,-94.17055657927835,,2024-05-29,59857,0 days 00:15:00,801,3,False,False,,,,Free
2024-05-29 09:00:00,17.24181003588851,64.02977,233.48317647132205,2718,786,357.70611590463363,300.6299699120137,215,5.0,67538,2024-05-29 09:00:00,2024-05-29 09:00:00,28.417938840957675,-94.98870130122329,,2024-05-29,59872,0 days 00:15:00,803,3,False,False,,,,Free
2024-05-29 09:00:00,17.625954412268097,52.39103,244.00300024295453,2718,814,435.3288545102235,291.3483281038465,223,5.0,67565,2024-05-29 09:00:00,2024-05-29 09:00:00,27.641711454901653,-95.08151771665256,,2024-05-29,59885,0 days 00:15:00,804,3,False,False,,,,Free
2024-05-29 09:00:00,,,,2718,823,480.2,274.6,10,5.0,67573,2024-05-29 09:00:00,2024-05-29 09:00:00,27.19300000000382,-95.24900099290504,,2024-05-29,59889,0 days 00:15:00,805,3,False,False,,,,Free
2024-05-29 09:15:00,4.008965938852526,9.599999,12.622768406256734,2719,572,39.16666666666666,192.8333333333333,12,5.0,67598,2024-05-29 09:15:00,2024-05-29 09:15:00,31.603333333337844,-96.06666763620598,,2024-05-29,59782,0 days 00:30:00,800,3,False,False,,,,Free
2024-05-29 09:15:00,12.389671155520103,20.294737,120.5617214582006,2719,596,90.10919934982606,266.0685936700884,114,5.0,67618,2024-05-29 09:15:00,2024-05-29 09:15:00,31.09390800650617,-95.3343150537662,,2024-05-29,59666,0 days 00:45:00,799,3,False,False,,,,Free
2024-05-29 09:15:00,8.292640458718354,9.6,54.01017119043101,2719,607,102.94444444444444,296.3333333333333,54,5.0,67627,2024-05-29 09:15:00,2024-05-29 09:15:00,30.96555555555997,-95.03166766578228,,2024-05-29,59936,0 days 00:15:00,807,3,False,False,,,,Free
2024-05-29 09:15:00,6.671611009983292,30.836363,34.958381282281465,2719,611,105.6586910502862,121.99906169008504,33,5.0,67631,2024-05-29 09:15:00,2024-05-29 09:15:00,30.93841308950154,-96.7750103323968,,2024-05-29,59932,0 days 00:15:00,806,4,False,False,,,,Free
2024-05-29 09:15:00,11.128197344772724,10.127471,97.26117654472088,2719,652,192.1988855541857,289.6720960149252,91,5.0,67659,2024-05-29 09:15:00,2024-05-29 09:15:00,30.073011144462413,-95.0982800370628,,2024-05-29,59953,0 days 00:15:00,808,4,False,False,,,,Free
2024-05-29 09:15:00,1.6503220407349068,9.6,2.1390812509691064,2719,657,199.0,317.5,2,5.0,67664,2024-05-29 09:15:00,2024-05-29 09:15:00,30.00500000000426,-94.82000100516416,,2024-05-29,60089,0 days 00:00:00,812,3,False,False,,,,Free
2024-05-29 09:15:00,,,,2719,694,304.5,388.5,2,5.0,67689,2024-05-29 09:15:00,2024-05-29 09:15:00,28.950000000004096,-94.11000102545324,,2024-05-29,59857,0 days 00:30:00,801,3,False,False,,,,Free
2024-05-29 09:15:00,15.59727075669054,26.727272,191.06762436295185,2719,708,355.7678346339189,302.7076360115651,176,5.0,67700,2024-05-29 09:15:00,2024-05-29 09:15:00,28.437321653664824,-94.96792464082148,,2024-05-29,59872,0 days 00:30:00,803,3,False,False,,,,Free
2024-05-29 09:15:00,,,,2719,713,389.7870816251216,299.2643924449596,633,5.0,67704,2024-05-29 09:15:00,2024-05-29 09:15:00,28.097129183752745,-95.00235707550354,,2024-05-29,60121,0 days 00:00:00,813,3,False,False,,,,Free
2024-05-29 09:15:00,5.776885274681863,14.400001,26.21062439886572,2719,722,415.5,284.3670212846905,24,5.0,67712,2024-05-29 09:15:00,2024-05-29 09:15:00,27.84000000000392,-95.1513307828492,,2024-05-29,60127,0 days 00:00:00,814,3,False,False,,,,Free
2024-05-29 09:15:00,8.428045273081256,14.117647,55.78836081460393,2719,724,433.6967741834923,291.00172044887006,51,5.0,67714,2024-05-29 09:15:00,2024-05-29 09:15:00,27.65803225816897,-95.08498379310332,,2024-05-29,59885,0 days 00:30:00,804,3,False,False,,,,Free
2024-05-29 09:15:00,1.6725779166493802,9.6,2.197164625329848,2719,734,480.5,277.0,2,5.0,67724,2024-05-29 09:15:00,2024-05-29 09:15:00,27.19000000000382,-95.22500099359088,,2024-05-29,59889,0 days 00:30:00,805,3,False,False,,,,Free
2024-05-29 09:30:00,2.844006060894133,9.599999,6.352591315473924,2720,481,100.5,302.0,6,5.0,67756,2024-05-29 09:30:00,2024-05-29 09:30:00,30.99000000000441,-94.97500100073488,,2024-05-29,59936,0 days 00:30:00,807,3,False,False,,,,Free
2024-05-29 09:30:00,5.1941471310323815,32.640003,21.18938618453267,2720,483,106.50615051268896,124.343704784141,20,5.0,67758,2024-05-29 09:30:00,2024-05-29 09:30:00,30.929938494877515,-96.75156390212624,,2024-05-29,59932,0 days 00:30:00,806,4,False,False,,,,Free
2024-05-29 09:30:00,1.6496557784795,9.6,2.137354434775159,2720,518,191.0,289.5,2,5.0,67780,2024-05-29 09:30:00,2024-05-29 09:30:00,30.08500000000427,-95.10000099716284,,2024-05-29,59953,0 days 00:30:00,808,4,False,False,,,,Free
2024-05-29 09:30:00,4.811859162834877,10.729412,18.18510012408864,2720,522,200.86652976447672,317.0903490810017,17,5.0,67784,2024-05-29 09:30:00,2024-05-29 09:30:00,29.98633470235949,-94.82409751423712,,2024-05-29,60089,0 days 00:15:00,812,3,False,False,,,,Free
2024-05-29 09:30:00,32.617818425481275,196.83128,835.602446717098,2720,569,388.6484810127187,299.7672703064397,767,5.0,67820,2024-05-29 09:30:00,2024-05-29 09:30:00,28.108515189876776,-94.99732829703248,,2024-05-29,60121,0 days 00:15:00,813,3,False,False,,,,Free
2024-05-29 09:30:00,6.458009566122242,10.560001,32.755727489442165,2720,576,413.1726618643337,285.2410072034995,30,5.0,67827,2024-05-29 09:30:00,2024-05-29 09:30:00,27.863273381360585,-95.14259092391086,,2024-05-29,60127,0 days 00:15:00,814,3,False,False,,,,Free
2024-05-29 09:45:00,3.658652326851438,9.6,10.513133136749778,2721,468,34.0,280.5,10,5.0,67856,2024-05-29 09:45:00,2024-05-29 09:45:00,31.65500000000452,-95.19000099459106,,2024-05-29,60249,0 days 00:00:00,815,3,False,False,,,,Free
2024-05-29 09:45:00,2.0118054925865567,16.0,3.178790163042964,2721,507,108.29090908565468,126.0,3,5.0,67885,2024-05-29 09:45:00,2024-05-29 09:45:00,30.912090909147853,-96.73500095044096,,2024-05-29,59932,0 days 00:45:00,806,4,False,False,,,,Free
2024-05-29 09:45:00,3.0861787581641025,9.599999,7.480524278975675,2721,538,190.7142857142857,287.0,7,5.0,67899,2024-05-29 09:45:00,2024-05-29 09:45:00,30.087857142861413,-95.12500099644848,,2024-05-29,59953,0 days 00:45:00,808,4,False,False,,,,Free
2024-05-29 09:45:00,2.334231089854848,9.6,4.279347749899084,2721,543,201.75,315.0,4,5.0,67904,2024-05-29 09:45:00,2024-05-29 09:45:00,29.97750000000425,-94.84500100444978,,2024-05-29,60089,0 days 00:30:00,812,3,False,False,,,,Free
2024-05-29 09:45:00,32.206606123079794,225.39465,814.6664013510159,2721,581,385.3456524163231,298.8875486073736,748,5.0,67928,2024-05-29 09:45:00,2024-05-29 09:45:00,28.14154347584073,-95.00612551377174,,2024-05-29,60121,0 days 00:30:00,813,3,False,False,,,,Free
2024-05-29 09:45:00,2.6360575639076007,9.6,5.4575743495932985,2721,589,409.6,283.8,5,5.0,67935,2024-05-29 09:45:00,2024-05-29 09:45:00,27.89900000000393,-95.15700099553402,,2024-05-29,60127,0 days 00:30:00,814,3,False,False,,,,Free
2024-05-29 10:00:00,2.0036747463797004,9.6,3.153147815649118,2722,362,31.5,284.75,4,5.0,67959,2024-05-29 10:00:00,2024-05-29 10:00:00,31.68000000000452,-95.1475009958055,,2024-05-29,60249,0 days 00:15:00,815,3,False,False,,,,Free
2024-05-29 10:15:00,,,,2723,301,27.0,288.0,6,5.0,68043,2024-05-29 10:15:00,2024-05-29 10:15:00,31.725000000004528,-95.11500099673424,,2024-05-29,60249,0 days 00:30:00,815,3,False,False,,,,Free
2024-05-29 10:45:00,3.268310814074632,9.6,8.389509752164537,2725,233,10.875,322.125,8,5.0,68149,2024-05-29 10:45:00,2024-05-29 10:45:00,31.88625000000455,-94.77375100648584,,2024-05-29,60496,0 days 00:00:00,817,3,False,False,,,,Free
2024-05-29 11:00:00,6.896397094612797,11.858824,37.35376668376767,2726,276,481.8228187813791,321.4040268479143,46,5.0,68240,2024-05-29 11:00:00,2024-05-29 11:00:00,27.176771812190022,-94.78096073780068,,2024-05-29,60575,0 days 00:00:00,818,3,False,False,,,,Free
2024-05-29 11:15:00,23.164989953451705,25.719406,421.4578173937696,2727,160,8.159990397016246,336.16945376527593,404,5.0,68244,2024-05-29 11:15:00,2024-05-29 11:15:00,31.9134000960344,-94.6333064728464,,2024-05-29,60496,0 days 00:30:00,817,3,False,False,,,,Free
2024-05-29 11:15:00,12.29210022040395,20.177782,118.67030713366916,2727,210,482.6998911326664,322.5535260698604,109,5.0,68281,2024-05-29 11:15:00,2024-05-29 11:15:00,27.16800108867715,-94.76946574590966,,2024-05-29,60575,0 days 00:15:00,818,3,False,False,,,,Free
2024-05-29 11:30:00,20.47144229874106,18.191082,329.14462288229856,2728,94,5.503337361004683,338.8196398562263,319,5.0,68283,2024-05-29 11:30:00,2024-05-29 11:30:00,31.939966626394515,-94.60680461269423,,2024-05-29,60496,0 days 00:45:00,817,3,False,False,,,,Free
2024-05-29 11:30:00,1.649614071612031,9.6,2.137246362251846,2728,116,190.5,449.0,2,5.0,68297,2024-05-29 11:30:00,2024-05-29 11:30:00,30.09000000000428,-93.50500104274175,,2024-05-29,60616,0 days 00:00:00,819,6,False,False,,,,Free
2024-05-29 11:30:00,3.7405006171676014,9.6,10.98877656202663,2728,123,483.3636363636364,326.27272727272725,11,5.0,68303,2024-05-29 11:30:00,2024-05-29 11:30:00,27.16136363636745,-94.73227373494382,,2024-05-29,60575,0 days 00:30:00,818,3,False,False,,,,Free
2024-05-29 11:45:00,10.75210939512602,235.70827,90.79819812602818,2729,107,186.80523805613112,451.0582584514172,90,5.0,68320,2024-05-29 11:45:00,2024-05-29 11:45:00,30.12694761944297,-93.48441845881575,,2024-05-29,60616,0 days 00:15:00,819,6,False,False,,,,Free
2024-05-29 12:00:00,16.02884951099176,322.53967,201.7876508064801,2730,158,182.5778919532657,455.083119912499,191,5.0,68344,2024-05-29 12:00:00,2024-05-29 12:00:00,30.169221080471623,-93.44416984535508,,2024-05-29,60616,0 days 00:30:00,819,6,False,False,,,,Free
2024-05-29 12:15:00,16.97263168569018,270.7019,226.24982669542652,2731,149,178.58374401145653,460.2599948974848,212,5.0,68361,2024-05-29 12:15:00,2024-05-29 12:15:00,30.209162559889727,-93.3924010969846,,2024-05-29,60616,0 days 00:45:00,819,6,False,False,,,,Free
2024-05-29 12:30:00,18.01661313102258,178.30292,254.9389469209838,2732,159,174.10340565841886,464.9366963390832,239,5.0,68384,2024-05-29 12:30:00,2024-05-29 12:30:00,30.25396594342011,-93.345634083905,,2024-05-29,60616,0 days 01:00:00,819,6,False,False,,,,Free
2024-05-29 12:45:00,20.74295292184792,63.717358,337.93334309884017,2733,107,169.25882673002246,470.6422446548822,318,5.0,68399,2024-05-29 12:45:00,2024-05-29 12:45:00,30.30241173270408,-93.2885786023774,,2024-05-29,60616,0 days 01:15:00,819,6,False,False,,,,Free
2024-05-29 13:30:00,9.410105169085735,60.701538,69.54706964562018,2736,205,202.84941722856905,493.823288963662,65,5.0,68485,2024-05-29 13:30:00,2024-05-29 13:30:00,29.966505827718564,-93.05676816591388,,2024-05-29,60783,0 days 00:00:00,820,5,False,False,,,,Free
2024-05-29 13:45:00,12.461226058255711,335.3263,121.9583192471848,2737,111,202.25357699913147,493.4749848676532,114,5.0,68506,2024-05-29 13:45:00,2024-05-29 13:45:00,29.97246423001294,-93.0602512067744,,2024-05-29,60783,0 days 00:15:00,820,5,False,False,,,,Free
2024-05-29 14:00:00,12.351561147557629,442.62857,119.82117851483176,2738,176,201.7281819293657,494.1958444871273,112,5.0,68537,2024-05-29 14:00:00,2024-05-29 14:00:00,29.9777181807106,-93.05304261078568,,2024-05-29,60783,0 days 00:30:00,820,5,False,False,,,,Free
2024-05-29 14:15:00,2.3138103986489025,9.6,4.204800725074384,2739,188,33.0,409.5,4,5.0,68558,2024-05-29 14:15:00,2024-05-29 14:15:00,31.66500000000452,-93.90000103145417,,2024-05-29,60848,0 days 00:00:00,821,3,False,False,,,,Free
2024-05-29 14:15:00,11.958595743102029,314.05713,112.31823009132503,2739,209,200.34996764467323,496.0547656574848,105,5.0,68577,2024-05-29 14:15:00,2024-05-29 14:15:00,29.991500323557524,-93.03445339961333,,2024-05-29,60783,0 days 00:45:00,820,5,False,False,,,,Free
2024-05-29 14:30:00,4.481108515489904,10.240001,15.771057072982206,2740,134,34.82442747998983,407.2290076400712,15,5.0,68584,2024-05-29 14:30:00,2024-05-29 14:30:00,31.646755725204617,-93.92271095440452,,2024-05-29,60848,0 days 00:15:00,821,3,False,False,,,,Free
2024-05-29 14:30:00,8.887726541281847,173.46207,62.03992280889789,2740,160,199.9169157168006,496.51086911563607,58,5.0,68598,2024-05-29 14:30:00,2024-05-29 14:30:00,29.99583084283625,-93.02989236516214,,2024-05-29,60783,0 days 01:00:00,820,5,False,False,,,,Free
2024-05-29 14:30:00,7.491948518453021,190.12683,44.08384332331232,2740,161,252.746778743018,272.06795606360294,41,5.0,68599,2024-05-29 14:30:00,2024-05-29 14:30:00,29.467532212574,-95.27432143154545,,2024-05-29,60880,0 days 00:00:00,822,5,False,False,,,,Free
2024-05-29 14:30:00,3.7003794092001137,9.6,10.754306075908382,2740,163,254.1,220.0,10,5.0,68600,2024-05-29 14:30:00,2024-05-29 14:30:00,29.45400000000417,-95.7950009773025,,2024-05-29,60881,0 days 00:00:00,823,4,False,False,,,,Free
2024-05-29 14:45:00,1.6365069935482588,9.6,2.1034181281963127,2741,84,37.5,404.0,2,5.0,68604,2024-05-29 14:45:00,2024-05-29 14:45:00,31.62000000000451,-93.95500102988252,,2024-05-29,60848,0 days 00:30:00,821,3,False,False,,,,Free
2024-05-29 14:45:00,12.271526702644618,231.01093,118.27339814916218,2741,94,252.28358244381263,274.15979914530016,110,5.0,68611,2024-05-29 14:45:00,2024-05-29 14:45:00,29.47216417556605,-95.25340300132626,,2024-05-29,60880,0 days 00:15:00,822,5,False,False,,,,Free
2024-05-29 14:45:00,10.13364972756391,98.815994,80.65321032918129,2741,95,252.92780194012772,219.7329524642969,75,5.0,68612,2024-05-29 14:45:00,2024-05-29 14:45:00,29.465721980602897,-95.7976714525832,,2024-05-29,60881,0 days 00:15:00,823,4,False,False,,,,Free
2024-05-29 14:45:00,6.224533413042786,13.028573,30.43010749257328,2741,98,363.1467971520436,67.51690391859151,28,5.0,68614,2024-05-29 14:45:00,2024-05-29 14:45:00,28.363532028483565,-97.31983189454286,,2024-05-29,60891,0 days 00:00:00,824,3,False,False,,,,Free
2024-05-29 15:00:00,12.976138430505095,196.2927,132.2454751455704,2742,88,251.48994399065108,221.0976115321476,125,5.0,68628,2024-05-29 15:00:00,2024-05-29 15:00:00,29.480100560097664,-95.78402486229464,,2024-05-29,60881,0 days 00:30:00,823,4,False,False,,,,Free
2024-05-29 15:00:00,15.255125394335488,254.79527,182.7769580038496,2742,89,251.90689317629028,276.42367397728776,170,5.0,68629,2024-05-29 15:00:00,2024-05-29 15:00:00,29.47593106824128,-95.23076425365332,,2024-05-29,60880,0 days 00:30:00,822,5,False,False,,,,Free
2024-05-29 15:00:00,9.410021782034162,97.35,69.54583707716658,2742,91,362.28696534367066,66.3960777863686,65,5.0,68631,2024-05-29 15:00:00,2024-05-29 15:00:00,28.372130346567296,-97.33104015554484,,2024-05-29,60891,0 days 00:15:00,824,3,False,False,,,,Free
2024-05-29 15:15:00,14.705595176725032,208.10127,169.84591029702906,2743,113,249.02374572514384,222.77435338841704,158,5.0,68646,2024-05-29 15:15:00,2024-05-29 15:15:00,29.504762542752744,-95.76725744421113,,2024-05-29,60881,0 days 00:45:00,823,4,False,False,,,,Free
2024-05-29 15:15:00,17.43369063762232,142.7027,238.70886708246184,2743,115,252.7234347133983,276.2814560042038,224,5.0,68648,2024-05-29 15:15:00,2024-05-29 15:15:00,29.46776565287019,-95.23218643334349,,2024-05-29,60880,0 days 00:45:00,822,5,False,False,,,,Free
2024-05-29 15:15:00,3.1081238883329,16.457144,7.587287203866277,2743,121,335.1197007460539,112.0,7,5.0,68653,2024-05-29 15:15:00,2024-05-29 15:15:00,28.643802992543502,-96.87500094644032,,2024-05-29,60923,0 days 00:00:00,826,3,False,False,,,,Free
2024-05-29 15:15:00,11.095696146832724,61.806744,96.6938809683662,2743,122,360.4105034447066,67.18231000864549,91,5.0,68654,2024-05-29 15:15:00,2024-05-29 15:15:00,28.39089496555694,-97.32317783354672,,2024-05-29,60891,0 days 00:30:00,824,3,False,False,,,,Free
2024-05-29 15:30:00,14.800340663995378,274.86002,172.0415334852627,2744,126,253.4387026076653,274.85658353062064,214,5.0,68675,2024-05-29 15:30:00,2024-05-29 15:30:00,29.46061297392752,-95.24643515767218,,2024-05-29,60880,0 days 01:00:00,822,5,False,False,,,,Free
2024-05-29 15:30:00,13.371146625286109,152.56615,140.4194228919338,2744,130,298.99794713375144,145.5624609319641,132,5.0,68678,2024-05-29 15:30:00,2024-05-29 15:30:00,29.005020528666588,-96.53937634671148,,2024-05-29,60942,0 days 00:00:00,827,6,False,False,,,,Free
2024-05-29 15:30:00,12.036213630404022,32.914288,113.7809763730336,2744,131,332.48686455794865,110.64408053879366,105,5.0,68679,2024-05-29 15:30:00,2024-05-29 15:30:00,28.67013135442456,-96.88856014066488,,2024-05-29,60923,0 days 00:15:00,826,3,False,False,,,,Free
2024-05-29 15:45:00,16.416487032991043,236.37552,211.66562695821705,2745,87,296.5982809228772,144.09929967214754,196,5.0,68700,2024-05-29 15:45:00,2024-05-29 15:45:00,29.02901719077533,-96.5540079588916,,2024-05-29,60942,0 days 00:15:00,827,6,False,False,,,,Free
2024-05-29 15:45:00,13.896588563981616,81.188576,151.67230276118474,2745,89,329.55017625241334,108.22976824662427,140,5.0,68702,2024-05-29 15:45:00,2024-05-29 15:45:00,28.69949823747992,-96.91270326289668,,2024-05-29,60923,0 days 00:30:00,826,3,False,False,,,,Free
2024-05-29 16:00:00,5.455338688978702,13.090909,23.374014995472177,2746,120,133.6247191081067,319.7134831430575,22,5.0,68709,2024-05-29 16:00:00,2024-05-29 16:00:00,30.658752808923293,-94.79786617436616,,2024-05-29,60964,0 days 00:00:00,829,6,False,False,,,,Free
2024-05-29 16:00:00,5.207555532607128,12.480001,21.29892582846841,2746,122,156.6044098590127,235.420233467126,21,5.0,68711,2024-05-29 16:00:00,2024-05-29 16:00:00,30.4289559014142,-95.64079864703774,,2024-05-29,60966,0 days 00:00:00,830,4,False,False,,,,Free
2024-05-29 16:00:00,23.37400631495028,201.14285,429.0977086522839,2746,140,253.9101442512123,279.0300072965738,399,5.0,68728,2024-05-29 16:00:00,2024-05-29 16:00:00,29.45589855749205,-95.20470092120524,,2024-05-29,60982,0 days 00:00:00,831,3,False,False,,,,Free
2024-05-29 16:00:00,20.207787940057905,216.01614,320.7210262349247,2746,146,295.42626189360067,144.90250801438626,297,5.0,68732,2024-05-29 16:00:00,2024-05-29 16:00:00,29.0407373810681,-96.54597587569867,,2024-05-29,60942,0 days 00:30:00,827,6,False,False,,,,Free
2024-05-29 16:15:00,9.66070079930772,57.04348,73.30053509542664,2747,195,132.58663325308424,321.434475135219,69,5.0,68740,2024-05-29 16:15:00,2024-05-29 16:15:00,30.66913366747352,-94.78065625493632,,2024-05-29,60964,0 days 00:15:00,829,6,False,False,,,,Free
2024-05-29 16:15:00,23.664398815408376,118.72077,439.82593347050295,2747,240,254.4036262767552,280.7093643490268,415,5.0,68774,2024-05-29 16:15:00,2024-05-29 16:15:00,29.45096373723662,-95.18790735116062,,2024-05-29,60982,0 days 00:15:00,831,3,False,False,,,,Free
2024-05-29 16:15:00,9.794824744767206,24.411428,75.34999378350241,2747,243,263.1323226488601,204.09567268620432,70,5.0,68776,2024-05-29 16:15:00,2024-05-29 16:15:00,29.36367677351556,-95.9540442458956,,2024-05-29,61023,0 days 00:00:00,832,3,False,False,,,,Free
2024-05-29 16:15:00,22.855171281269577,232.72421,410.2596847986069,2747,245,294.82423107532594,146.58485337266737,380,5.0,68778,2024-05-29 16:15:00,2024-05-29 16:15:00,29.04675768925085,-96.5291524225966,,2024-05-29,60942,0 days 00:45:00,827,6,False,False,,,,Free
2024-05-29 16:30:00,11.803130505090463,148.28738,109.41687312199744,2748,228,132.14403805145048,323.7345140939891,103,5.0,68789,2024-05-29 16:30:00,2024-05-29 16:30:00,30.673559619489858,-94.75765586600583,,2024-05-29,60964,0 days 00:30:00,829,6,False,False,,,,Free
2024-05-29 16:30:00,9.303940824515532,16.8,67.98666851341957,2748,229,132.97801905068914,288.2685381340536,64,5.0,68790,2024-05-29 16:30:00,2024-05-29 16:30:00,30.665219809497472,-95.11231561547044,,2024-05-29,61033,0 days 00:00:00,834,4,False,False,,,,Free
2024-05-29 16:30:00,13.728144217565015,27.6259,148.01766441951375,2748,235,155.38417577931173,238.9972059287288,140,5.0,68795,2024-05-29 16:30:00,2024-05-29 16:30:00,30.44115824221121,-95.60502892344384,,2024-05-29,60966,0 days 00:30:00,830,4,False,False,,,,Free
2024-05-29 16:30:00,2.018768550671616,9.6,3.200832457672745,2748,239,174.88888888888889,304.0,9,5.0,68798,2024-05-29 16:30:00,2024-05-29 16:30:00,30.246111111115408,-94.9550010013064,,2024-05-29,61040,0 days 00:00:00,835,3,False,False,,,,Free
2024-05-29 16:30:00,8.671276910138225,15.883635,59.05490727429165,2748,269,237.60608086351587,120.02338791331468,55,5.0,68821,2024-05-29 16:30:00,2024-05-29 16:30:00,29.61893919136904,-96.79476706959991,,2024-05-29,61061,0 days 00:00:00,837,4,False,False,,,,Free
2024-05-29 16:30:00,23.98019752018462,87.99999,451.6431142002274,2748,278,255.67797938558857,283.42034821326433,422,5.0,68829,2024-05-29 16:30:00,2024-05-29 16:30:00,29.438220206148284,-95.16079751329288,,2024-05-29,60982,0 days 00:30:00,831,3,False,False,,,,Free
2024-05-29 16:30:00,11.228055703277333,52.17391,99.01454553245227,2748,282,261.71442397483395,205.06852537157744,92,5.0,68833,2024-05-29 16:30:00,2024-05-29 16:30:00,29.37785576025582,-95.94431571931987,,2024-05-29,61023,0 days 00:15:00,832,3,False,False,,,,Free
2024-05-29 16:30:00,30.09546104533392,106.40122,711.3640000237403,2748,285,293.0046474531307,149.922726375658,661,5.0,68836,2024-05-29 16:30:00,2024-05-29 16:30:00,29.06495352547281,-96.49577369352056,,2024-05-29,60942,0 days 01:00:00,827,6,False,False,,,,Free
2024-05-29 16:30:00,17.771157184290544,165.92488,248.0397573061961,2748,293,326.1572928990621,112.62534548555988,230,5.0,68843,2024-05-29 16:30:00,2024-05-29 16:30:00,28.73342707101344,-96.86874749176344,,2024-05-29,61079,0 days 00:00:00,838,6,False,False,,,,Free
2024-05-29 16:45:00,5.805199584581969,21.504002,26.46818688296429,2749,247,100.20746485931014,307.362578751341,25,5.0,68852,2024-05-29 16:45:00,2024-05-29 16:45:00,30.992925351411312,-94.92137521475388,,2024-05-29,61086,0 days 00:00:00,839,7,False,False,,,,Free
2024-05-29 16:45:00,11.513043252187586,30.955105,104.10465609149212,2749,253,133.12517691312635,291.9132725608943,98,5.0,68858,2024-05-29 16:45:00,2024-05-29 16:45:00,30.663748230873097,-95.07586827224355,,2024-05-29,61033,0 days 00:15:00,834,4,False,False,,,,Free
2024-05-29 16:45:00,12.417401852678054,140.37895,121.10201054347924,2749,254,131.55472883779467,326.3003584625806,119,5.0,68859,2024-05-29 16:45:00,2024-05-29 16:45:00,30.679452711626418,-94.7319974230532,,2024-05-29,60964,0 days 00:45:00,829,6,False,False,,,,Free
2024-05-29 16:45:00,1.646634345198227,9.6,2.129532245521304,2749,260,155.0,239.5,2,5.0,68865,2024-05-29 16:45:00,2024-05-29 16:45:00,30.445000000004327,-95.6000009828748,,2024-05-29,60966,0 days 00:45:00,830,4,False,False,,,,Free
2024-05-29 16:45:00,11.77098360085558,55.34118,108.82167107088324,2749,265,173.9113904503453,306.66155584123175,103,5.0,68869,2024-05-29 16:45:00,2024-05-29 16:45:00,30.255886095500845,-94.92838544365468,,2024-05-29,61040,0 days 00:15:00,835,3,False,False,,,,Free
2024-05-29 16:45:00,10.325164799922732,53.046154,83.73053490711241,2749,286,235.76582346096257,121.1407834500802,78,5.0,68882,2024-05-29 16:45:00,2024-05-29 16:45:00,29.637341765394577,-96.7835931145516,,2024-05-29,61061,0 days 00:15:00,837,4,False,False,,,,Free
2024-05-29 16:45:00,11.276406356322989,21.883873,99.86914154427284,2749,287,239.68997581241024,107.16303658020016,93,5.0,68883,2024-05-29 16:45:00,2024-05-29 16:45:00,29.598100241880093,-96.92337057925609,,2024-05-29,61105,0 days 00:00:00,840,5,False,False,,,,Free
2024-05-29 16:45:00,5.734174134203352,12.8,25.82448301839859,2749,299,259.7521367499597,206.0,24,5.0,68893,2024-05-29 16:45:00,2024-05-29 16:45:00,29.39747863250457,-95.93500097330184,,2024-05-29,61023,0 days 00:30:00,832,3,False,False,,,,Free
2024-05-29 16:45:00,19.18910019925334,121.24045,289.20054201864707,2749,313,324.9513517558453,113.04658803808702,273,5.0,68903,2024-05-29 16:45:00,2024-05-29 16:45:00,28.74548648244561,-96.86453506635848,,2024-05-29,61079,0 days 00:15:00,838,6,False,False,,,,Free
2024-05-29 16:45:00,2.0409109664963,227.2,3.2714327719307983,2749,317,399.02600216346656,23.31771399362218,4,5.0,68906,2024-05-29 16:45:00,2024-05-29 16:45:00,28.00473997836928,-97.76182378116216,,2024-05-29,61122,0 days 00:00:00,841,4,False,False,,,,Free
2024-05-29 17:00:00,15.961162428596214,147.86032,200.0870198584838,2750,196,99.65329581857488,309.6946000999008,193,5.0,68912,2024-05-29 17:00:00,2024-05-29 17:00:00,30.998467041818664,-94.89805500193472,,2024-05-29,61086,0 days 00:15:00,839,7,False,False,,,,Free
2024-05-29 17:00:00,14.100441389849816,120.03266,156.1547850211842,2750,206,131.52175663266078,329.57990044951714,147,5.0,68920,2024-05-29 17:00:00,2024-05-29 17:00:00,30.67978243367776,-94.699202004121,,2024-05-29,60964,0 days 01:00:00,829,6,False,False,,,,Free
2024-05-29 17:00:00,8.310286209593329,34.82353,54.24027016041346,2750,211,144.08940744622245,346.10094389976894,52,5.0,68925,2024-05-29 17:00:00,2024-05-29 17:00:00,30.55410592554212,-94.53399157433957,,2024-05-29,61135,0 days 00:00:00,842,3,False,False,,,,Free
2024-05-29 17:00:00,13.78976602577354,84.27429,149.34946674557733,2750,216,173.6660599522464,308.7649931527173,140,5.0,68929,2024-05-29 17:00:00,2024-05-29 17:00:00,30.25833940048184,-94.90735107114092,,2024-05-29,61040,0 days 00:30:00,835,3,False,False,,,,Free
2024-05-29 17:00:00,12.036701993766073,60.679245,113.79020977303058,2750,230,235.1546594351538,123.35882753628673,106,5.0,68941,2024-05-29 17:00:00,2024-05-29 17:00:00,29.643453405652664,-96.76141267432337,,2024-05-29,61061,0 days 00:30:00,837,4,False,False,,,,Free
2024-05-29 17:00:00,11.8084299640422,26.44706,109.515148812546,2750,232,237.4463338853513,109.46763575691696,102,5.0,68943,2024-05-29 17:00:00,2024-05-29 17:00:00,29.620536661150684,-96.9003245881475,,2024-05-29,61105,0 days 00:15:00,840,5,False,False,,,,Free
2024-05-29 17:00:00,2.344723761060694,9.6,4.317906664473061,2750,246,292.5,149.0,4,5.0,68953,2024-05-29 17:00:00,2024-05-29 17:00:00,29.070000000004114,-96.50500095701346,,2024-05-29,60942,0 days 01:30:00,827,6,False,False,,,,Free
2024-05-29 17:00:00,18.492500056982152,130.45161,268.58461926629536,2750,247,324.2407011065024,114.54445538599953,249,5.0,68954,2024-05-29 17:00:00,2024-05-29 17:00:00,28.75259298893904,-96.8495563933074,,2024-05-29,61079,0 days 00:30:00,838,6,False,False,,,,Free
2024-05-29 17:00:00,5.268952940858839,29.279999,21.80411785651816,2750,252,396.5976111912343,250.81342668526776,20,5.0,68959,2024-05-29 17:00:00,2024-05-29 17:00:00,28.029023888091608,-95.48686671925508,,2024-05-29,61158,0 days 00:00:00,843,3,False,False,,,,Free
2024-05-29 17:00:00,2.3566318792113967,331.2,4.361876629641303,2750,253,399.10838475303785,22.51558029232292,5,5.0,68960,2024-05-29 17:00:00,2024-05-29 17:00:00,28.00391615247357,-97.76984511794592,,2024-05-29,61122,0 days 00:15:00,841,4,False,False,,,,Free
2024-05-29 17:15:00,17.872969471815324,360.6684,250.88997515144533,2751,225,98.58762370557888,312.59533011981927,237,5.0,68965,2024-05-29 17:15:00,2024-05-29 17:15:00,31.009123762948622,-94.86904770256444,,2024-05-29,61086,0 days 00:30:00,839,7,False,False,,,,Free
2024-05-29 17:15:00,13.411924014925836,81.275185,141.27719055376957,2751,241,131.1973069437402,333.1110344333,133,5.0,68979,2024-05-29 17:15:00,2024-05-29 17:15:00,30.683026930566964,-94.66389066529224,,2024-05-29,60964,0 days 01:15:00,829,6,False,False,,,,Free
2024-05-29 17:15:00,14.003869714655696,34.493793,154.02315125693184,2751,242,131.54612909414664,297.5925616453311,147,5.0,68980,2024-05-29 17:15:00,2024-05-29 17:15:00,30.679538709062896,-95.01907538302208,,2024-05-29,61033,0 days 00:45:00,834,4,False,False,,,,Free
2024-05-29 17:15:00,9.309025102029024,22.5,68.06099347804312,2751,247,143.1457142853007,348.58750000393815,64,5.0,68985,2024-05-29 17:15:00,2024-05-29 17:15:00,30.56354285715134,-94.50912601400842,,2024-05-29,61135,0 days 00:15:00,842,3,False,False,,,,Free
2024-05-29 17:15:00,10.860971366836525,19.641378,92.64611637221726,2751,250,156.50211963802892,244.90218242031253,87,5.0,68988,2024-05-29 17:15:00,2024-05-29 17:15:00,30.429978803624035,-95.54597916021544,,2024-05-29,60966,0 days 01:15:00,830,4,False,False,,,,Free
2024-05-29 17:15:00,12.205629531045252,45.97431,117.00657026020318,2751,273,234.81908558353348,111.76078097510972,109,5.0,69006,2024-05-29 17:15:00,2024-05-29 17:15:00,29.646809144168863,-96.87739313662088,,2024-05-29,61105,0 days 00:30:00,840,5,False,False,,,,Free
2024-05-29 17:15:00,9.850088170238712,20.957745,76.20265751458258,2751,274,233.31985881169385,124.3440424077024,71,5.0,69007,2024-05-29 17:15:00,2024-05-29 17:15:00,29.661801411887268,-96.75156052589074,,2024-05-29,61061,0 days 00:45:00,837,4,False,False,,,,Free
2024-05-29 17:15:00,21.42823428133553,145.87387,360.6306655448028,2751,284,324.9999488570551,116.3721041540476,335,5.0,69014,2024-05-29 17:15:00,2024-05-29 17:15:00,28.74500051143351,-96.83127990614923,,2024-05-29,61079,0 days 00:45:00,838,6,False,False,,,,Free
2024-05-29 17:15:00,9.276014821942043,41.187103,67.57915376779,2751,291,394.90873580064994,251.09952064303195,64,5.0,69021,2024-05-29 17:15:00,2024-05-29 17:15:00,28.04591264199745,-95.48400577975924,,2024-05-29,61158,0 days 00:15:00,843,3,False,False,,,,Free
2024-05-29 17:30:00,20.67146412000016,469.70346,335.60804063255466,2752,185,99.37840559191471,314.9218697278167,344,5.0,69029,2024-05-29 17:30:00,2024-05-29 17:30:00,31.001215944085267,-94.8457823071493,,2024-05-29,61086,0 days 00:45:00,839,7,False,False,,,,Free
2024-05-29 17:30:00,5.930287640664937,18.092308,27.62112726269305,2752,193,133.01468860083855,164.8407755646689,26,5.0,69037,2024-05-29 17:30:00,2024-05-29 17:30:00,30.66485311399597,-96.34659320589344,,2024-05-29,61210,0 days 00:00:00,844,3,False,False,,,,Free
2024-05-29 17:30:00,4.028723550219668,9.599999,12.747493989805804,2752,194,132.41666666666666,300.4166666666667,12,5.0,69038,2024-05-29 17:30:00,2024-05-29 17:30:00,30.670833333337697,-94.9908343336158,,2024-05-29,61033,0 days 01:00:00,834,4,False,False,,,,Free
2024-05-29 17:30:00,7.077689138450388,10.897299,39.343487050552014,2752,198,141.82584785005898,349.4005499579763,37,5.0,69042,2024-05-29 17:30:00,2024-05-29 17:30:00,30.57674152150376,-94.50099551470038,,2024-05-29,61135,0 days 00:30:00,842,3,False,False,,,,Free
2024-05-29 17:30:00,11.806896008538844,75.2,109.4866978746302,2752,217,234.33436680148705,115.14214291159917,102,5.0,69056,2024-05-29 17:30:00,2024-05-29 17:30:00,29.651656331989333,-96.8435795182222,,2024-05-29,61105,0 days 00:45:00,840,5,False,False,,,,Free
2024-05-29 17:30:00,24.351185193946435,131.7879,465.7255759938069,2752,230,325.938890816417,118.70166990722674,430,5.0,69066,2024-05-29 17:30:00,2024-05-29 17:30:00,28.73561109183989,-96.8079842492831,,2024-05-29,61079,0 days 01:00:00,838,6,False,False,,,,Free
2024-05-29 17:30:00,2.8855242026386687,9.599999,6.539421398308366,2752,237,393.5,252.75,8,5.0,69073,2024-05-29 17:30:00,2024-05-29 17:30:00,28.06000000000396,-95.46750098666116,,2024-05-29,61158,0 days 00:30:00,843,3,False,False,,,,Free
2024-05-29 17:30:00,1.6663323766199638,144.0,2.180786483465285,2752,239,398.5690647764943,25.0,2,5.0,69074,2024-05-29 17:30:00,2024-05-29 17:30:00,28.009309352239004,-97.7450009215791,,2024-05-29,61122,0 days 00:45:00,841,4,False,False,,,,Free
2024-05-29 17:45:00,27.181705240001392,343.0248,580.2875843822467,2753,222,100.98840948362708,318.66967938517445,548,5.0,69077,2024-05-29 17:45:00,2024-05-29 17:45:00,30.98511590516814,-94.80830421164671,,2024-05-29,61086,0 days 01:00:00,839,7,False,False,,,,Free
2024-05-29 17:45:00,9.937382224532575,40.50411,77.55929815783144,2753,232,133.85230341536206,169.75630834609734,73,5.0,69087,2024-05-29 17:45:00,2024-05-29 17:45:00,30.65647696585074,-96.29743787948382,,2024-05-29,61210,0 days 00:15:00,844,3,False,False,,,,Free
2024-05-29 17:45:00,9.988261636547753,12.624658,78.35553877717729,2753,263,234.5519223886665,119.97772188843814,73,5.0,69103,2024-05-29 17:45:00,2024-05-29 17:45:00,29.64948077611754,-96.79522372983564,,2024-05-29,61105,0 days 01:00:00,840,5,False,False,,,,Free
2024-05-29 17:45:00,25.02206989194137,50.68546,491.7409173051017,2753,282,327.18408922686365,120.69119595267604,459,5.0,69113,2024-05-29 17:45:00,2024-05-29 17:45:00,28.723159107735423,-96.78808898939718,,2024-05-29,61079,0 days 01:15:00,838,6,False,False,,,,Free
2024-05-29 17:45:00,2.0408162430194694,496.0,3.2711291092034207,2753,291,398.7591310096636,25.035709438910253,3,5.0,69122,2024-05-29 17:45:00,2024-05-29 17:45:00,28.00740868990731,-97.7446438272002,,2024-05-29,61122,0 days 01:00:00,841,4,False,False,,,,Free
2024-05-29 18:00:00,28.300478018232784,500.02426,629.0387848635899,2754,223,104.7394128163604,323.7074136050082,594,5.0,69123,2024-05-29 18:00:00,2024-05-29 18:00:00,30.947605871840803,-94.75792687088796,,2024-05-29,61086,0 days 01:15:00,839,7,False,False,,,,Free
2024-05-29 18:00:00,8.467132620881046,13.403771,56.307028096979295,2754,235,133.40053884094277,173.52402334142366,53,5.0,69132,2024-05-29 18:00:00,2024-05-29 18:00:00,30.660994611594933,-96.25976073060724,,2024-05-29,61210,0 days 00:30:00,844,3,False,False,,,,Free
2024-05-29 18:15:00,32.33258057369335,328.4315,821.0519150752716,2755,199,109.71971528508053,328.02215198913,775,5.0,69170,2024-05-29 18:15:00,2024-05-29 18:15:00,30.897802847153592,-94.7147794882797,,2024-05-29,61086,0 days 01:30:00,839,7,False,False,,,,Free
2024-05-29 18:45:00,1.6501556511703506,9.6,2.138649937750589,2757,240,197.0,455.5,2,5.0,69267,2024-05-29 18:45:00,2024-05-29 18:45:00,30.025000000004265,-93.44000104459916,,2024-05-29,61392,0 days 00:00:00,846,3,False,False,,,,Free
2024-05-29 19:00:00,1.6510278847148614,9.6,2.140911415591496,2758,309,207.5,324.0,2,5.0,69302,2024-05-29 19:00:00,2024-05-29 19:00:00,29.920000000004244,-94.75500100702163,,2024-05-29,61423,0 days 00:00:00,847,3,False,False,,,,Free
2024-05-29 19:15:00,17.264653633270534,218.0822,234.1022679583836,2759,258,192.8165743943005,456.382677400687,220,5.0,69344,2024-05-29 19:15:00,2024-05-29 19:15:00,30.066834256061263,-93.43117427084456,,2024-05-29,61392,0 days 00:30:00,846,3,False,False,,,,Free
2024-05-29 19:15:00,1.6506959852385386,9.6,2.1400507445355808,2759,272,203.5,325.0,2,5.0,69351,2024-05-29 19:15:00,2024-05-29 19:15:00,29.96000000000425,-94.7450010073074,,2024-05-29,61423,0 days 00:15:00,847,3,False,False,,,,Free
2024-05-29 19:15:00,2.023388220442812,9.6,3.215498534863928,2759,284,220.3333333333333,288.6666666666667,3,5.0,69359,2024-05-29 19:15:00,2024-05-29 19:15:00,29.79166666667089,-95.10833433025806,,2024-05-29,61474,0 days 00:00:00,848,3,False,False,,,,Free
2024-05-29 19:30:00,3.854761506726988,13.963638,11.670377608979202,2760,268,120.09330628999436,388.0933062899944,11,5.0,69375,2024-05-29 19:30:00,2024-05-29 19:30:00,30.79406693710444,-94.11406796243703,,2024-05-29,61486,0 days 00:00:00,849,3,False,False,,,,Free
2024-05-29 19:30:00,23.87906001978204,278.81244,447.8414998859921,2760,293,191.92640815747467,457.78926220548055,419,5.0,69390,2024-05-29 19:30:00,2024-05-29 19:30:00,30.075735918429523,-93.41710842319856,,2024-05-29,61392,0 days 00:45:00,846,3,False,False,,,,Free
2024-05-29 19:30:00,2.3339959986975094,9.6,4.278485807687577,2760,314,199.75,324.75,4,5.0,69401,2024-05-29 19:30:00,2024-05-29 19:30:00,29.99750000000426,-94.74750100723594,,2024-05-29,61423,0 days 00:30:00,847,3,False,False,,,,Free
2024-05-29 19:30:00,13.004985185518445,46.529034,132.83410837725242,2760,322,215.9442784540925,288.64494974359,125,5.0,69407,2024-05-29 19:30:00,2024-05-29 19:30:00,29.835557215463307,-95.10855149948264,,2024-05-29,61474,0 days 00:15:00,848,3,False,False,,,,Free
2024-05-29 19:45:00,7.056833679715372,10.37838,39.11196584262823,2761,243,85.34874371868929,329.8321608092218,37,5.0,69424,2024-05-29 19:45:00,2024-05-29 19:45:00,31.141512562817542,-94.696679400596,,2024-05-29,61528,0 days 00:00:00,850,3,False,False,,,,Free
2024-05-29 19:45:00,10.715497520234212,17.844706,90.18089925099584,2761,251,120.03114124352987,390.0549551363603,85,5.0,69430,2024-05-29 19:45:00,2024-05-29 19:45:00,30.794688587569084,-94.09445147453395,,2024-05-29,61486,0 days 00:15:00,849,3,False,False,,,,Free
2024-05-29 19:45:00,24.142505400764183,32.11963,457.777618858959,2761,266,196.67851675708053,190.4728294604845,429,5.0,69438,2024-05-29 19:45:00,2024-05-29 19:45:00,30.028214832433456,-96.09027267425996,,2024-05-29,61541,0 days 00:00:00,851,4,False,False,,,,Free
2024-05-29 19:45:00,2.610884299480189,11.5199995,5.353836874969238,2761,292,210.28220859254648,290.7055214813662,5,5.0,69452,2024-05-29 19:45:00,2024-05-29 19:45:00,29.892177914078776,-95.08794578269374,,2024-05-29,61474,0 days 00:30:00,848,3,False,False,,,,Free
2024-05-29 20:00:00,14.629228112690749,21.011322,168.0864500777478,2762,185,85.56500904624369,331.9327520327634,159,5.0,69472,2024-05-29 20:00:00,2024-05-29 20:00:00,31.139349909542,-94.67567348896084,,2024-05-29,61528,0 days 00:15:00,850,3,False,False,,,,Free
2024-05-29 20:00:00,2.5988010435805755,9.6,5.304396091090847,2762,196,119.6,392.8,5,5.0,69478,2024-05-29 20:00:00,2024-05-29 20:00:00,30.799000000004384,-94.06700102668196,,2024-05-29,61486,0 days 00:30:00,849,3,False,False,,,,Free
2024-05-29 20:00:00,19.62852516177153,31.581625,302.5974190162599,2762,214,194.9241949402368,190.7432511912219,284,5.0,69491,2024-05-29 20:00:00,2024-05-29 20:00:00,30.045758050601897,-96.08756845702982,,2024-05-29,61541,0 days 00:15:00,851,4,False,False,,,,Free
2024-05-29 20:00:00,2.334993961834216,9.6,4.282145354616923,2762,225,208.25,21.0,4,5.0,69496,2024-05-29 20:00:00,2024-05-29 20:00:00,29.912500000004243,-97.78500092043606,,2024-05-29,61589,0 days 00:00:00,852,3,False,False,,,,Free
2024-05-29 20:15:00,12.278443025753988,15.685716,118.40675524105345,2763,227,85.52222595803079,333.840742023728,112,5.0,69514,2024-05-29 20:15:00,2024-05-29 20:15:00,31.13977774042413,-94.65659358959648,,2024-05-29,61528,0 days 00:30:00,850,3,False,False,,,,Free
2024-05-29 20:15:00,16.94875452972642,33.07678,225.6136964145837,2763,254,193.768238797731,192.27531149419323,211,5.0,69534,2024-05-29 20:15:00,2024-05-29 20:15:00,30.05731761202696,-96.07224785443792,,2024-05-29,61541,0 days 00:30:00,851,4,False,False,,,,Free
2024-05-29 20:15:00,2.610622271389944,42.24,5.352762307814436,2763,260,208.35875403549684,20.97529536962552,5,5.0,69538,2024-05-29 20:15:00,2024-05-29 20:15:00,29.91141245964928,-97.78524796673275,,2024-05-29,61589,0 days 00:15:00,852,3,False,False,,,,Free
2024-05-29 20:30:00,22.60331035655026,222.68436,401.2674921911908,2764,215,149.16993964315117,194.0443831517437,379,5.0,69571,2024-05-29 20:30:00,2024-05-29 20:30:00,30.503300603572825,-96.05455713836795,,2024-05-29,61653,0 days 00:00:00,853,4,False,False,,,,Free
2024-05-29 20:30:00,5.217157336154643,9.600001,21.37754107837876,2764,223,192.85,194.45,20,5.0,69576,2024-05-29 20:30:00,2024-05-29 20:30:00,30.066500000004268,-96.05050097000128,,2024-05-29,61541,0 days 00:45:00,851,4,False,False,,,,Free
2024-05-29 20:30:00,41.15355130758781,83.868385,1330.1619418194705,2764,226,226.6280073284082,181.79377386616,1241,5.0,69579,2024-05-29 20:30:00,2024-05-29 20:30:00,29.72871992672013,-96.17706322772308,,2024-05-29,61660,0 days 00:00:00,854,3,False,False,,,,Free
2024-05-29 20:30:00,2.3349939618297584,9.6,4.282145354600579,2764,227,208.25,20.75,4,5.0,69580,2024-05-29 20:30:00,2024-05-29 20:30:00,29.912500000004243,-97.7875009203646,,2024-05-29,61589,0 days 00:30:00,852,3,False,False,,,,Free
2024-05-29 20:45:00,25.87218197179288,176.08421,525.721811539238,2765,240,149.41279953289953,196.3580569800544,494,5.0,69614,2024-05-29 20:45:00,2024-05-29 20:45:00,30.50087200467534,-96.031420400746,,2024-05-29,61653,0 days 00:15:00,853,4,False,False,,,,Free
2024-05-29 20:45:00,35.79384452669443,51.602554,1006.251581879406,2765,254,224.701194941998,181.49686996983465,943,5.0,69623,2024-05-29 20:45:00,2024-05-29 20:45:00,29.74798805058424,-96.18003226660149,,2024-05-29,61660,0 days 00:15:00,854,3,False,False,,,,Free
2024-05-29 21:00:00,29.60962676470534,122.17372,688.5821295532547,2766,156,149.98440340365264,196.97990806052144,647,5.0,69660,2024-05-29 21:00:00,2024-05-29 21:00:00,30.495155965967808,-96.02520189011904,,2024-05-29,61653,0 days 00:30:00,853,4,False,False,,,,Free
2024-05-29 21:00:00,25.8901131781314,25.06558,526.4507870087217,2766,163,224.42025803321587,181.93113383180392,492,5.0,69664,2024-05-29 21:00:00,2024-05-29 21:00:00,29.75079741967206,-96.17568962810589,,2024-05-29,61660,0 days 00:30:00,854,3,False,False,,,,Free
2024-05-29 21:15:00,14.436613668455564,27.809034,163.68939770527552,2767,185,74.72455735579017,260.0916445380054,155,5.0,69683,2024-05-29 21:15:00,2024-05-29 21:15:00,31.24775442644655,-95.39408454337904,,2024-05-29,61748,0 days 00:00:00,855,3,False,False,,,,Free
2024-05-29 21:15:00,30.31167770960637,72.29735,721.6221090291067,2767,207,149.2161720766564,195.7311907076864,680,5.0,69700,2024-05-29 21:15:00,2024-05-29 21:15:00,30.50283827923777,-96.03768906329054,,2024-05-29,61653,0 days 00:45:00,853,4,False,False,,,,Free
2024-05-29 21:30:00,15.250907471202243,53.93757,182.6758991714727,2768,128,75.07972880581833,262.24610803944205,173,5.0,69728,2024-05-29 21:30:00,2024-05-29 21:30:00,31.24420271194627,-95.37253990898034,,2024-05-29,61748,0 days 00:15:00,855,3,False,False,,,,Free
2024-05-29 21:45:00,48.9049882038102,181.64368,1878.4351154537028,2769,123,84.54713267882894,342.8202381320407,1783,5.0,69762,2024-05-29 21:45:00,2024-05-29 21:45:00,31.14952867321615,-94.56679863107934,,2024-05-29,61815,0 days 00:00:00,856,4,False,False,,,,Free
2024-05-29 22:00:00,36.74150622572152,193.56012,1060.23904560357,2770,124,84.69469527001895,343.13132740691515,1003,5.0,69787,2024-05-29 22:00:00,2024-05-29 22:00:00,31.14805304730425,-94.56368773841945,,2024-05-29,61815,0 days 00:15:00,856,4,False,False,,,,Free
2024-05-29 22:00:00,7.778733750450602,11.093334,47.52342087598706,2770,129,76.09336251766662,260.0751276539238,45,5.0,69792,2024-05-29 22:00:00,2024-05-29 22:00:00,31.234066374827783,-95.39424971221518,,2024-05-29,61748,0 days 00:45:00,855,3,False,False,,,,Free
2024-05-29 22:00:00,21.58728646902935,122.37888,366.00413411827327,2770,155,232.75888792862344,355.04777372530964,341,5.0,69808,2024-05-29 22:00:00,2024-05-29 22:00:00,29.66741112071797,-94.44452327864076,,2024-05-29,61853,0 days 00:00:00,857,3,False,False,,,,Free
2024-05-29 22:15:00,31.90218543198752,67.78413,799.3385373124044,2771,114,85.7073073470381,345.1579698152468,756,5.0,69816,2024-05-29 22:15:00,2024-05-29 22:15:00,31.137926926534053,-94.54342131491528,,2024-05-29,61815,0 days 00:30:00,856,4,False,False,,,,Free
2024-05-29 22:15:00,21.36287948781592,102.32336,358.4342175814787,2771,136,231.97742572408683,355.7271544448262,445,5.0,69831,2024-05-29 22:15:00,2024-05-29 22:15:00,29.67522574276333,-94.43772947163971,,2024-05-29,61853,0 days 00:15:00,857,3,False,False,,,,Free
2024-05-29 22:15:00,7.949641332829262,21.286955,49.63464854822154,2771,147,288.15269620633086,379.21329417145216,46,5.0,69840,2024-05-29 22:15:00,2024-05-29 22:15:00,29.11347303794081,-94.20286808108494,,2024-05-29,61877,0 days 00:00:00,858,3,False,False,,,,Free
2024-05-29 22:30:00,24.559553709775507,18.235716,473.72992844705374,2772,124,88.77952015675818,346.08729023042224,451,5.0,69844,2024-05-29 22:30:00,2024-05-29 22:30:00,31.10720479843685,-94.53412811102908,,2024-05-29,61815,0 days 00:45:00,856,4,False,False,,,,Free
2024-05-29 22:30:00,11.952548128397469,27.138462,112.20465728730866,2772,159,286.9444927085574,377.9354586668447,104,5.0,69870,2024-05-29 22:30:00,2024-05-29 22:30:00,29.125555072918548,-94.21564643576583,,2024-05-29,61877,0 days 00:15:00,858,3,False,False,,,,Free
2024-05-29 22:45:00,4.523890852065529,62.719994,16.073635574725316,2773,192,217.606606611092,298.05890507645114,15,5.0,69895,2024-05-29 22:45:00,2024-05-29 22:45:00,29.81893393389331,-95.01441194884416,,2024-05-29,61927,0 days 00:00:00,860,4,False,False,,,,Free
2024-05-29 22:45:00,,,,2773,200,238.5,369.5,2,5.0,69900,2024-05-29 22:45:00,2024-05-29 22:45:00,29.6100000000042,-94.30000102002371,,2024-05-29,61853,0 days 00:45:00,857,3,False,False,,,,Free
2024-05-29 22:45:00,14.732432016593528,14.339241,170.4663933986561,2773,212,286.48895475258826,375.9509698131139,160,5.0,69911,2024-05-29 22:45:00,2024-05-29 22:45:00,29.13011045247824,-94.23549132373604,,2024-05-29,61877,0 days 00:30:00,858,3,False,False,,,,Free
2024-05-29 22:45:00,4.3930911667594685,10.971429,15.15759550452414,2773,215,323.22009569596315,385.9449760760092,14,5.0,69913,2024-05-29 22:45:00,2024-05-29 22:45:00,28.76279904304443,-94.135551263963,,2024-05-29,61942,0 days 00:00:00,861,3,False,False,,,,Free
2024-05-29 23:00:00,4.955511629819756,25.599998,19.287097714504927,2774,149,217.0879180037632,297.0900755041016,18,5.0,69929,2024-05-29 23:00:00,2024-05-29 23:00:00,29.8241208199666,-95.02410024429082,,2024-05-29,61927,0 days 00:15:00,860,4,False,False,,,,Free
2024-05-29 23:00:00,4.229379855254939,16.984617,14.048930567701596,2774,168,304.2759948619116,461.7958921613546,13,5.0,69940,2024-05-29 23:00:00,2024-05-29 23:00:00,28.95224005138498,-93.3770421247848,,2024-05-29,61962,0 days 00:00:00,862,3,False,False,,,,Free
2024-05-29 23:00:00,7.7833710738492545,26.836365,47.58010032262568,2774,169,312.20274764841616,498.0791007103069,44,5.0,69941,2024-05-29 23:00:00,2024-05-29 23:00:00,28.87297252351992,-93.01421004966356,,2024-05-29,61963,0 days 00:00:00,863,4,False,False,,,,Free
2024-05-29 23:00:00,11.504039868012365,28.200003,103.94189674052708,2774,171,323.6987248535592,384.4323814960621,96,5.0,69943,2024-05-29 23:00:00,2024-05-29 23:00:00,28.75801275146847,-94.15067720933024,,2024-05-29,61942,0 days 00:15:00,861,3,False,False,,,,Free
2024-05-29 23:15:00,7.008287999863446,45.333336,38.5756952744083,2775,135,216.96363636671737,297.37603305551715,36,5.0,69954,2024-05-29 23:15:00,2024-05-29 23:15:00,29.82536363633705,-95.02124066885835,,2024-05-29,61927,0 days 00:30:00,860,4,False,False,,,,Free
2024-05-29 23:15:00,6.83967483928482,27.388233,36.74183078948937,2775,156,302.805044690116,461.2067787892667,34,5.0,69968,2024-05-29 23:15:00,2024-05-29 23:15:00,28.966949553102936,-93.38293325833727,,2024-05-29,61962,0 days 00:15:00,862,3,False,False,,,,Free
2024-05-29 23:15:00,6.426765698107456,82.88001,32.439549579778266,2775,158,310.3366035258517,497.7017929831803,32,5.0,69970,2024-05-29 23:15:00,2024-05-29 23:15:00,28.89163396474557,-93.017983126827,,2024-05-29,61963,0 days 00:15:00,863,4,False,False,,,,Free
2024-05-29 23:15:00,11.138739872879798,22.720001,97.44554861551168,2775,159,324.0124153478178,381.64810640059096,90,5.0,69971,2024-05-29 23:15:00,2024-05-29 23:15:00,28.754875846525884,-94.17851995948928,,2024-05-29,61942,0 days 00:30:00,861,3,False,False,,,,Free
2024-05-29 23:30:00,7.954944527048279,13.356521,49.700893040969774,2776,157,300.71748181667704,462.4255983735339,46,5.0,69991,2024-05-29 23:30:00,2024-05-29 23:30:00,28.98782518183733,-93.3707450628429,,2024-05-29,61962,0 days 00:30:00,862,3,False,False,,,,Free
2024-05-29 23:30:00,9.530660309060156,138.03636,71.34045302181393,2776,158,307.1290146146603,496.3763154283876,66,5.0,69992,2024-05-29 23:30:00,2024-05-29 23:30:00,28.923709853857485,-93.03123790199618,,2024-05-29,61963,0 days 00:30:00,863,4,False,False,,,,Free
2024-05-29 23:45:00,18.05949638243308,184.81004,256.1540056902274,2777,129,218.0968618811823,299.3508072607072,239,5.0,70010,2024-05-29 23:45:00,2024-05-29 23:45:00,29.814031381192407,-95.0014929273708,,2024-05-29,61927,0 days 01:00:00,860,4,False,False,,,,Free
2024-05-29 23:45:00,12.743167310748506,169.38304,127.53948287359115,2777,144,304.09162148076314,495.6170890648157,118,5.0,70020,2024-05-29 23:45:00,2024-05-29 23:45:00,28.954083785196463,-93.03883016541494,,2024-05-29,61963,0 days 00:45:00,863,4,False,False,,,,Free
