time,diameter_km,mean_precip,area_km2,frame,idx,hdim_1,hdim_2,num,threshold_value,feature,time.1,timestr,latitude,longitude,area,date,cell,time_cell,cell_parent_track_id,cell_child_feature_count,cell_starts_with_split,cell_ends_with_merge,Merge,Split,Both,Free
2023-08-01 07:00:00,2.62123914655784,9.6,5.396388049568818,28,59,290.6,227.2,5,5.0,135,2023-08-01 07:00:00,2023-08-01 07:00:00,29.08900000000412,-95.72300097936,,2023-08-01,117,0 days 00:00:00,2,6,False,False,,,,Free
2023-08-01 07:15:00,3.5168106639704577,9.6,9.71377090615647,29,44,290.8888888888889,226.44444444444449,9,5.0,142,2023-08-01 07:15:00,2023-08-01 07:15:00,29.086111111115223,-95.73055653469964,,2023-08-01,117,0 days 00:15:00,2,6,False,False,,,,Free
2023-08-01 07:30:00,4.540031180325716,9.6,16.188535145299028,30,55,290.2,227.0,15,5.0,158,2023-08-01 07:30:00,2023-08-01 07:30:00,29.09300000000412,-95.72500097930282,,2023-08-01,117,0 days 00:30:00,2,6,False,False,,,,Free
2023-08-01 08:00:00,1.6579298551958503,9.6,2.158848596963329,32,36,292.3333333333333,226.0,3,5.0,174,2023-08-01 08:00:00,2023-08-01 08:00:00,29.07166666667078,-95.73500097901706,,2023-08-01,117,0 days 01:00:00,2,6,False,False,,,,Free
2023-08-01 08:30:00,5.832968058680053,11.136,26.72200727213411,34,43,192.91003911245627,272.469361163214,25,5.0,187,2023-08-01 08:30:00,2023-08-01 08:30:00,30.065899608879704,-95.27030738066406,,2023-08-01,157,0 days 00:00:00,3,3,False,False,,,,Free
2023-08-01 08:30:00,18.03092343492113,14.33924,255.34409550844785,34,47,272.6974789923859,386.2898707732084,237,5.0,190,2023-08-01 08:30:00,2023-08-01 08:30:00,29.268025210080285,-94.13210231708956,,2023-08-01,160,0 days 00:00:00,4,3,False,False,,,,Free
2023-08-01 08:30:00,2.621366384535617,9.6,5.396911956110064,34,54,291.6,225.8,5,5.0,195,2023-08-01 08:30:00,2023-08-01 08:30:00,29.079000000004115,-95.73700097895988,,2023-08-01,117,0 days 01:30:00,2,6,False,False,,,,Free
2023-08-01 08:45:00,4.666726779941106,18.6,17.104667325699054,35,31,194.1709558883308,269.10202205857377,16,5.0,197,2023-08-01 08:45:00,2023-08-01 08:45:00,30.05329044112096,-95.30398077074818,,2023-08-01,157,0 days 00:15:00,3,3,False,False,,,,Free
2023-08-01 08:45:00,14.675316710209517,12.290445,169.14721305624474,35,32,273.7377224553979,385.8557473006986,231,5.0,198,2023-08-01 08:45:00,2023-08-01 08:45:00,29.25762277545016,-94.1364435516906,,2023-08-01,160,0 days 00:15:00,4,3,False,False,,,,Free
2023-08-01 08:45:00,2.030508239864681,9.6,3.238168127283505,35,38,291.6666666666667,225.66666666666663,3,5.0,201,2023-08-01 08:45:00,2023-08-01 08:45:00,29.078333333337447,-95.73833431225512,,2023-08-01,117,0 days 01:45:00,2,6,False,False,,,,Free
2023-08-01 09:00:00,2.8582254906285978,9.599999,6.416273347038053,36,45,197.5,266.5,6,5.0,203,2023-08-01 09:00:00,2023-08-01 09:00:00,30.02000000000426,-95.3300009905904,,2023-08-01,157,0 days 00:30:00,3,3,False,False,,,,Free
2023-08-01 09:15:00,2.3433558232086127,9.6,4.31286990485983,37,28,280.8,382.2,5,5.0,212,2023-08-01 09:15:00,2023-08-01 09:15:00,29.18700000000413,-94.17300102365294,,2023-08-01,160,0 days 00:45:00,4,3,False,False,,,,Free
2023-08-01 16:00:00,3.6808141493694033,10.559999,10.64088282383352,64,44,148.83453237286673,133.16546762713327,10,5.0,294,2023-08-01 16:00:00,2023-08-01 16:00:00,30.50665467627567,-96.66334627621724,,2023-08-01,243,0 days 00:00:00,6,3,False,False,,,,Free
2023-08-01 16:15:00,6.3752259248208745,38.719994,31.921334646389845,65,72,148.4755217309895,131.86034719666984,33,5.0,307,2023-08-01 16:15:00,2023-08-01 16:15:00,30.510244782694443,-96.67639748014892,,2023-08-01,243,0 days 00:15:00,6,3,False,False,,,,Free
2023-08-01 16:15:00,1.6461270695711605,9.6,2.128220365429012,65,73,149.0,92.5,2,5.0,308,2023-08-01 16:15:00,2023-08-01 16:15:00,30.505000000004337,-97.070000940868,,2023-08-01,254,0 days 00:00:00,8,4,False,False,,,,Free
2023-08-01 16:15:00,4.359832731990356,13.028574,14.92895938516286,65,78,169.75444839404733,113.8736654817858,14,5.0,312,2023-08-01 16:15:00,2023-08-01 16:15:00,30.29745551606383,-96.85626429215785,,2023-08-01,257,0 days 00:00:00,9,4,False,False,,,,Free
2023-08-01 16:30:00,3.674915373172861,9.6,10.60680455286307,66,107,117.8,147.5,10,5.0,323,2023-08-01 16:30:00,2023-08-01 16:30:00,30.817000000004384,-96.5200009565848,,2023-08-01,265,0 days 00:00:00,11,3,False,False,,,,Free
2023-08-01 16:30:00,5.333760886932937,51.657146,22.34379643375992,66,115,147.96121656400695,88.7566850319665,21,5.0,329,2023-08-01 16:30:00,2023-08-01 16:30:00,30.51538783436427,-97.1074340894786,,2023-08-01,254,0 days 00:15:00,8,4,False,False,,,,Free
2023-08-01 16:30:00,,,,66,116,147.4,128.4,5,5.0,330,2023-08-01 16:30:00,2023-08-01 16:30:00,30.52100000000434,-96.71100095112678,,2023-08-01,243,0 days 00:30:00,6,3,False,False,,,,Free
2023-08-01 16:30:00,8.950237156160405,87.376274,62.915690517746775,66,123,169.64519977903623,111.19048600618976,59,5.0,337,2023-08-01 16:30:00,2023-08-01 16:30:00,30.29854800221394,-96.88309608614708,,2023-08-01,257,0 days 00:15:00,9,4,False,False,,,,Free
2023-08-01 16:30:00,5.587649204697707,11.686958,24.52156294065869,66,125,167.5708712663777,226.621586460058,23,5.0,339,2023-08-01 16:30:00,2023-08-01 16:30:00,30.31929128734053,-95.72878511459412,,2023-08-01,275,0 days 00:00:00,12,3,False,False,,,,Free
2023-08-01 16:30:00,4.203814729951105,11.815386,13.879602119512969,66,126,181.74040631689712,159.68397291220683,13,5.0,340,2023-08-01 16:30:00,2023-08-01 16:30:00,30.17759593683532,-96.39816123094448,,2023-08-01,276,0 days 00:00:00,13,3,False,False,,,,Free
2023-08-01 16:45:00,11.085426914897177,32.386814,96.51498054208449,67,109,117.14557418863198,143.53197981632755,91,5.0,353,2023-08-01 16:45:00,2023-08-01 16:45:00,30.823544258118066,-96.55968115728764,,2023-08-01,265,0 days 00:15:00,11,3,False,False,,,,Free
2023-08-01 16:45:00,5.58211370508611,35.895653,24.47300160080368,67,117,148.0914962249332,86.47335843371901,28,5.0,360,2023-08-01 16:45:00,2023-08-01 16:45:00,30.51408503775501,-97.1302673548086,,2023-08-01,254,0 days 00:30:00,8,4,False,False,,,,Free
2023-08-01 16:45:00,10.741451766011876,36.14118,90.61828665206812,67,124,167.7638836308901,220.94469215477008,85,5.0,365,2023-08-01 16:45:00,2023-08-01 16:45:00,30.31736116369541,-95.78555405602476,,2023-08-01,275,0 days 00:15:00,12,3,False,False,,,,Free
2023-08-01 16:45:00,9.817962749094075,64.49577,75.70640806844304,67,125,169.56488801710387,106.58330570913014,71,5.0,366,2023-08-01 16:45:00,2023-08-01 16:45:00,30.299351119833265,-96.9291678878011,,2023-08-01,257,0 days 00:30:00,9,4,False,False,,,,Free
2023-08-01 16:45:00,8.160863374003108,16.261225,52.30727500142034,67,129,180.24982026993789,157.20021567093252,50,5.0,370,2023-08-01 16:45:00,2023-08-01 16:45:00,30.19250179730491,-96.42299880264744,,2023-08-01,276,0 days 00:15:00,13,3,False,False,,,,Free
2023-08-01 17:00:00,8.539285328753612,30.933334,57.27075806543076,68,142,116.86103970566,138.27249354860518,54,5.0,385,2023-08-01 17:00:00,2023-08-01 17:00:00,30.82638960294779,-96.6122760184619,,2023-08-01,265,0 days 00:30:00,11,3,False,False,,,,Free
2023-08-01 17:00:00,2.016051128932624,9.6,3.192221111319572,68,147,148.66666666666666,83.66666666666667,3,5.0,390,2023-08-01 17:00:00,2023-08-01 17:00:00,30.50833333333767,-97.15833427167706,,2023-08-01,254,0 days 00:45:00,8,4,False,False,,,,Free
2023-08-01 17:00:00,15.322736264803703,109.373405,184.4006869026101,68,156,167.57008517007802,214.82714350982127,173,5.0,399,2023-08-01 17:00:00,2023-08-01 17:00:00,30.31929914830353,-95.84672954072607,,2023-08-01,275,0 days 00:30:00,12,3,False,False,,,,Free
2023-08-01 17:00:00,7.460098073496359,15.687805,43.70981367670297,68,160,167.05157463025188,101.85531721543444,41,5.0,403,2023-08-01 17:00:00,2023-08-01 17:00:00,30.32448425370179,-96.97644777138704,,2023-08-01,257,0 days 00:45:00,9,4,False,False,,,,Free
2023-08-01 17:00:00,4.038443729449526,15.200001,12.809080446305584,68,168,179.65849672731562,152.8774509876489,12,5.0,409,2023-08-01 17:00:00,2023-08-01 17:00:00,30.19841503273113,-96.46622644824498,,2023-08-01,276,0 days 00:30:00,13,3,False,False,,,,Free
2023-08-01 17:30:00,5.458359998249447,30.545448,23.399912446708427,70,145,144.21708184627036,48.08861209716939,22,5.0,472,2023-08-01 17:30:00,2023-08-01 17:30:00,30.55282918154164,-97.51411480720526,,2023-08-01,353,0 days 00:00:00,15,3,False,False,,,,Free
2023-08-01 17:30:00,3.881718693070289,11.345454,11.834175332078171,70,176,257.79656160810794,130.4613180570568,11,5.0,499,2023-08-01 17:30:00,2023-08-01 17:30:00,29.417034383923088,-96.69038777114524,,2023-08-01,371,0 days 00:00:00,16,5,False,False,,,,Free
2023-08-01 17:45:00,2.840488864375353,16.0,6.336888468476393,71,124,77.43636362848203,463.0696969714484,6,5.0,509,2023-08-01 17:45:00,2023-08-01 17:45:00,31.220636363719628,-93.36430407704783,,2023-08-01,377,0 days 00:00:00,17,3,False,False,,,,Free
2023-08-01 17:45:00,8.785453947479203,106.947365,60.62032975839786,71,127,143.3722595079685,46.663465844090936,57,5.0,512,2023-08-01 17:45:00,2023-08-01 17:45:00,30.56127740492466,-97.5283662693288,,2023-08-01,353,0 days 00:15:00,15,3,False,False,,,,Free
2023-08-01 17:45:00,5.090468886251613,16.673685,20.35192324103136,71,146,213.8268710579511,68.91704237835182,19,5.0,528,2023-08-01 17:45:00,2023-08-01 17:45:00,29.85673128942473,-97.30583051034534,,2023-08-01,383,0 days 00:00:00,18,9,False,False,,,,Free
2023-08-01 17:45:00,14.711295852909398,123.46329,169.9776185610428,71,152,258.9153185581782,128.76947406293388,158,5.0,533,2023-08-01 17:45:00,2023-08-01 17:45:00,29.405846814422382,-96.707306210603,,2023-08-01,371,0 days 00:15:00,16,5,False,False,,,,Free
2023-08-01 18:00:00,6.351470147583972,22.399998,31.683883211498458,72,109,76.8639846693316,460.8103448103246,30,5.0,543,2023-08-01 18:00:00,2023-08-01 18:00:00,31.22636015331113,-93.38689759801343,,2023-08-01,377,0 days 00:15:00,17,3,False,False,,,,Free
2023-08-01 18:00:00,7.718400835044904,45.163635,46.78908355993087,72,113,142.0196921654206,42.75916704200233,44,5.0,547,2023-08-01 18:00:00,2023-08-01 18:00:00,30.574803078350143,-97.567409256234,,2023-08-01,353,0 days 00:30:00,15,3,False,False,,,,Free
2023-08-01 18:00:00,3.503422999409351,9.6,9.639955626215984,72,133,213.5555555555556,65.88888888888889,9,5.0,567,2023-08-01 18:00:00,2023-08-01 18:00:00,29.85944444444868,-97.33611204437466,,2023-08-01,383,0 days 00:15:00,18,9,False,False,,,,Free
2023-08-01 18:00:00,11.38647643152699,154.10524,101.82832135698985,72,134,221.66315564813263,252.30789973030687,95,5.0,568,2023-08-01 18:00:00,2023-08-01 18:00:00,29.778368443522897,-95.47192198923176,,2023-08-01,405,0 days 00:00:00,19,6,False,False,,,,Free
2023-08-01 18:00:00,15.615615977432329,75.235954,191.5173490824625,72,138,258.27190851377577,125.81163013579048,178,5.0,572,2023-08-01 18:00:00,2023-08-01 18:00:00,29.412280914866407,-96.7368846490292,,2023-08-01,371,0 days 00:30:00,16,5,False,False,,,,Free
2023-08-01 18:00:00,10.861411961057664,63.40466,92.6536332268447,72,142,271.9957038771384,158.97770639023943,107,5.0,574,2023-08-01 18:00:00,2023-08-01 18:00:00,29.27504296123276,-96.40522389596232,,2023-08-01,410,0 days 00:00:00,20,4,False,False,,,,Free
2023-08-01 18:15:00,4.490906204038166,18.560001,15.840097503147796,73,124,75.57915437787359,456.90757128750295,15,5.0,576,2023-08-01 18:15:00,2023-08-01 18:15:00,31.239208456225715,-93.42592533212638,,2023-08-01,377,0 days 00:30:00,17,3,False,False,,,,Free
2023-08-01 18:15:00,3.8730367501267176,14.836364,11.78129734491733,73,150,212.73752310698964,62.56377079629068,11,5.0,600,2023-08-01 18:15:00,2023-08-01 18:15:00,29.86762476893434,-97.36936322435048,,2023-08-01,383,0 days 00:30:00,18,9,False,False,,,,Free
2023-08-01 18:15:00,10.833691367306017,212.09305,92.18129387149528,73,151,220.9606400875444,249.79632789316827,86,5.0,601,2023-08-01 18:15:00,2023-08-01 18:15:00,29.78539359912878,-95.49703770688546,,2023-08-01,405,0 days 00:15:00,19,6,False,False,,,,Free
2023-08-01 18:15:00,14.429329661279072,47.178947,163.52426009292327,73,153,259.7418579971628,121.88538804841458,152,5.0,603,2023-08-01 18:15:00,2023-08-01 18:15:00,29.397581420032537,-96.77614706878104,,2023-08-01,371,0 days 00:45:00,16,5,False,False,,,,Free
2023-08-01 18:15:00,11.82765449275018,47.62353,109.87202791362544,73,156,270.0224951930053,155.99622780353818,102,5.0,606,2023-08-01 18:15:00,2023-08-01 18:15:00,29.294775048074094,-96.43503868097736,,2023-08-01,410,0 days 00:15:00,20,4,False,False,,,,Free
2023-08-01 18:30:00,5.1926249453169175,14.880002,21.17696857140576,74,103,101.06781376884588,384.5536437185903,20,5.0,611,2023-08-01 18:30:00,2023-08-01 18:30:00,30.98432186231595,-94.14946458713962,,2023-08-01,435,0 days 00:00:00,21,3,False,False,,,,Free
2023-08-01 18:30:00,4.196767207977432,17.72308,13.833103967579182,74,107,148.85852478536592,319.6360338340569,13,5.0,615,2023-08-01 18:30:00,2023-08-01 18:30:00,30.50641475215068,-94.79864066743404,,2023-08-01,436,0 days 00:00:00,22,4,False,False,,,,Free
2023-08-01 18:30:00,4.522048105332615,21.760002,16.060543478639538,74,123,209.90692123907644,60.230708024851886,15,5.0,631,2023-08-01 18:30:00,2023-08-01 18:30:00,29.89593078761348,-97.39269385139812,,2023-08-01,383,0 days 00:45:00,18,9,False,False,,,,Free
2023-08-01 18:30:00,13.318586093231358,158.99077,139.3176454943616,74,124,219.8497112625231,247.22075250957664,130,5.0,632,2023-08-01 18:30:00,2023-08-01 18:30:00,29.796502887378995,-95.52279345998534,,2023-08-01,405,0 days 00:30:00,19,6,False,False,,,,Free
2023-08-01 18:30:00,12.552836171810776,53.59304,123.7580914038425,74,127,263.08375313085406,116.84675027939008,117,5.0,635,2023-08-01 18:30:00,2023-08-01 18:30:00,29.364162468695618,-96.82653344503144,,2023-08-01,371,0 days 01:00:00,16,5,False,False,,,,Free
2023-08-01 18:30:00,6.519425474361074,13.625808,33.38170628731833,74,129,268.1772625083616,152.25130889473505,31,5.0,636,2023-08-01 18:30:00,2023-08-01 18:30:00,29.313227374920533,-96.4724878689952,,2023-08-01,410,0 days 00:30:00,20,4,False,False,,,,Free
2023-08-01 18:45:00,6.158632523074836,25.371426,29.78917416688028,75,127,146.8814866876782,258.9018232737799,28,5.0,648,2023-08-01 18:45:00,2023-08-01 18:45:00,30.52618513312756,-95.4059827556813,,2023-08-01,454,0 days 00:00:00,23,3,False,False,,,,Free
2023-08-01 18:45:00,4.354570720100855,38.4,14.892944721021752,75,128,145.9384089055789,315.4221556681544,14,5.0,649,2023-08-01 18:45:00,2023-08-01 18:45:00,30.53561591094856,-94.84077944788883,,2023-08-01,436,0 days 00:15:00,22,4,False,False,,,,Free
2023-08-01 18:45:00,3.868999042991183,16.58182,11.75674574086553,75,138,191.8854003174972,22.219780222248023,11,5.0,659,2023-08-01 18:45:00,2023-08-01 18:45:00,30.076145996829297,-97.77280311856214,,2023-08-01,459,0 days 00:00:00,24,5,False,False,,,,Free
2023-08-01 18:45:00,15.495931972240076,89.83636,188.59287608620315,75,142,218.5436803499612,242.74929007036363,176,5.0,663,2023-08-01 18:45:00,2023-08-01 18:45:00,29.809563196504616,-95.56750808309972,,2023-08-01,405,0 days 00:45:00,19,6,False,False,,,,Free
2023-08-01 18:45:00,1.655950167512023,9.6,2.153696033571967,75,146,267.5,147.0,2,5.0,667,2023-08-01 18:45:00,2023-08-01 18:45:00,29.32000000000415,-96.52500095644194,,2023-08-01,410,0 days 00:45:00,20,4,False,False,,,,Free
2023-08-01 19:00:00,3.2741557841721702,9.6,8.419543787620801,76,139,44.0,342.5,8,5.0,678,2023-08-01 19:00:00,2023-08-01 19:00:00,31.5550000000045,-94.57000101230824,,2023-08-01,475,0 days 00:00:00,25,4,False,False,,,,Free
2023-08-01 19:00:00,3.482420563354262,9.6,9.524722217605266,76,141,96.33333333333331,376.3333333333333,9,5.0,680,2023-08-01 19:00:00,2023-08-01 19:00:00,31.03166666667109,-94.23166768864314,,2023-08-01,435,0 days 00:30:00,21,3,False,False,,,,Free
2023-08-01 19:00:00,9.596693899592166,39.67059,72.33244850373055,76,150,145.91610109828193,254.94765866651312,68,5.0,689,2023-08-01 19:00:00,2023-08-01 19:00:00,30.53583898902152,-95.44552440062404,,2023-08-01,454,0 days 00:15:00,23,3,False,False,,,,Free
2023-08-01 19:00:00,7.559362802496283,29.714285,44.88076592975327,76,165,190.7568400658663,18.37919072672244,42,5.0,701,2023-08-01 19:00:00,2023-08-01 19:00:00,30.08743159934561,-97.81120901241992,,2023-08-01,459,0 days 00:15:00,24,5,False,False,,,,Free
2023-08-01 19:00:00,17.43597150710368,163.75963,238.7713322709961,76,167,208.3263980576871,50.48470486241175,223,5.0,703,2023-08-01 19:00:00,2023-08-01 19:00:00,29.911736019427373,-97.49015388023751,,2023-08-01,383,0 days 01:15:00,18,9,False,False,,,,Free
2023-08-01 19:00:00,11.562220669773572,33.600002,104.99591170359544,76,169,216.3121877959472,239.9469815588585,98,5.0,705,2023-08-01 19:00:00,2023-08-01 19:00:00,29.83187812204476,-95.59553116741398,,2023-08-01,405,0 days 01:00:00,19,6,False,False,,,,Free
2023-08-01 19:15:00,7.041338182966018,57.6,38.94038919220661,77,143,43.9556057949236,340.618333179523,37,5.0,718,2023-08-01 19:15:00,2023-08-01 19:15:00,31.555443942055263,-94.58881767997524,,2023-08-01,475,0 days 00:15:00,25,4,False,False,,,,Free
2023-08-01 19:15:00,4.495706915486678,11.520002,15.873981257909138,77,145,95.80368098757748,371.2392638024845,15,5.0,720,2023-08-01 19:15:00,2023-08-01 19:15:00,31.036963190128645,-94.28260838249594,,2023-08-01,435,0 days 00:45:00,21,3,False,False,,,,Free
2023-08-01 19:15:00,7.4513518942152,102.08781,43.60738345035718,77,151,143.9921619839268,306.9736220840246,41,5.0,726,2023-08-01 19:15:00,2023-08-01 19:15:00,30.55507838016508,-94.92526478131587,,2023-08-01,436,0 days 00:45:00,22,4,False,False,,,,Free
2023-08-01 19:15:00,6.583333208069432,25.800001,34.03937327243842,77,152,145.4885108972299,249.9006266701573,33,5.0,727,2023-08-01 19:15:00,2023-08-01 19:15:00,30.540114891032044,-95.49599471914536,,2023-08-01,454,0 days 00:30:00,23,3,False,False,,,,Free
2023-08-01 19:15:00,12.007697170287036,66.74717,113.2424703030333,77,162,187.38993461509972,15.299761652088083,106,5.0,734,2023-08-01 19:15:00,2023-08-01 19:15:00,30.12110065385328,-97.84200330228629,,2023-08-01,459,0 days 00:30:00,24,5,False,False,,,,Free
2023-08-01 19:15:00,2.611276994109889,9.6,5.355447502524672,77,167,213.4,236.8,5,5.0,738,2023-08-01 19:15:00,2023-08-01 19:15:00,29.861000000004235,-95.62700098210324,,2023-08-01,405,0 days 01:15:00,19,6,False,False,,,,Free
2023-08-01 19:15:00,12.296468634546589,64.145454,118.75466914738236,77,173,293.88933292654565,7.495481086853093,110,5.0,743,2023-08-01 19:15:00,2023-08-01 19:15:00,29.056106670738654,-97.92004610570848,,2023-08-01,513,0 days 00:00:00,26,3,False,False,,,,Free
2023-08-01 19:30:00,5.902470898008108,58.338463,27.36261440032424,78,95,43.50769009406198,338.6948397287607,27,5.0,752,2023-08-01 19:30:00,2023-08-01 19:30:00,31.559923099063884,-94.60805261393324,,2023-08-01,475,0 days 00:30:00,25,4,False,False,,,,Free
2023-08-01 19:30:00,6.5827398527664105,21.599998,34.03323761689511,78,103,143.77673193254117,303.8448795143681,32,5.0,760,2023-08-01 19:30:00,2023-08-01 19:30:00,30.557232680678933,-94.95655220611845,,2023-08-01,436,0 days 01:00:00,22,4,False,False,,,,Free
2023-08-01 19:30:00,13.090596960123207,119.69524,134.58875785077123,78,108,185.78198952672383,11.701693944908603,126,5.0,765,2023-08-01 19:30:00,2023-08-01 19:30:00,30.13718010473704,-97.8779839783299,,2023-08-01,459,0 days 00:45:00,24,5,False,False,,,,Free
2023-08-01 19:30:00,20.38621581243631,144.1259,326.4097450238035,78,109,205.955945104075,41.8495854771608,305,5.0,766,2023-08-01 19:30:00,2023-08-01 19:30:00,29.9354405489635,-97.57650507162248,,2023-08-01,383,0 days 01:45:00,18,9,False,False,,,,Free
2023-08-01 19:30:00,10.35426407812114,144.36922,84.20315332082306,78,113,292.1269838417602,3.2369200351393483,79,5.0,770,2023-08-01 19:30:00,2023-08-01 19:30:00,29.07373016158651,-97.96263171500868,,2023-08-01,513,0 days 00:15:00,26,3,False,False,,,,Free
2023-08-01 19:45:00,6.548125093630118,18.9,33.67625708699392,79,112,43.61326212452312,337.1611036799688,33,5.0,777,2023-08-01 19:45:00,2023-08-01 19:45:00,31.55886737875927,-94.62338997398284,,2023-08-01,475,0 days 00:45:00,25,4,False,False,,,,Free
2023-08-01 19:45:00,13.346475656162394,101.862595,139.9017279796997,79,120,184.73362755737537,8.71701472738137,131,5.0,785,2023-08-01 19:45:00,2023-08-01 19:45:00,30.14766372443053,-97.90783076965226,,2023-08-01,459,0 days 01:00:00,24,5,False,False,,,,Free
2023-08-01 19:45:00,18.043516119914703,105.19832,255.70088151585097,79,121,204.4228350064923,37.421056139653786,239,5.0,786,2023-08-01 19:45:00,2023-08-01 19:45:00,29.950771649939327,-97.620790363732,,2023-08-01,383,0 days 02:00:00,18,9,False,False,,,,Free
2023-08-01 19:45:00,6.420978771861378,22.399998,32.38115605125207,79,132,290.617241413884,1.008812301202758,30,5.0,791,2023-08-01 19:45:00,2023-08-01 19:45:00,29.088827585865275,-97.98491279171134,,2023-08-01,513,0 days 00:30:00,26,3,False,False,,,,Free
2023-08-01 20:00:00,16.751586290584495,47.627186,220.3950108298492,80,169,203.60367603760207,32.82724456420605,206,5.0,810,2023-08-01 20:00:00,2023-08-01 20:00:00,29.95896323962823,-97.66672847817377,,2023-08-01,383,0 days 02:15:00,18,9,False,False,,,,Free
2023-08-01 20:15:00,12.072211707548584,14.893459,114.4625896316997,81,41,201.832505043336,26.76145776256742,111,5.0,839,2023-08-01 20:15:00,2023-08-01 20:15:00,29.976674949570896,-97.72738634445676,,2023-08-01,383,0 days 02:30:00,18,9,False,False,,,,Free
2023-08-02 07:15:00,6.429526364120356,9.600001,32.467424875275384,125,42,319.0,265.0967741935484,31,5.0,954,2023-08-02 07:15:00,2023-08-02 07:15:00,28.80500000000407,-95.34403324825388,,2023-08-02,666,0 days 00:00:00,28,3,False,False,,,,Free
2023-08-02 07:30:00,4.980101156845697,9.600001,19.478979925631045,126,24,318.2631578947368,265.7894736842105,19,5.0,960,2023-08-02 07:30:00,2023-08-02 07:30:00,28.812368421056703,-95.33710625354524,,2023-08-02,666,0 days 00:15:00,28,3,False,False,,,,Free
2023-08-02 07:45:00,2.0330256229160693,9.6,3.246202335235344,127,54,317.3333333333333,265.3333333333333,3,5.0,971,2023-08-02 07:45:00,2023-08-02 07:45:00,28.82166666667074,-95.34166765692368,,2023-08-02,666,0 days 00:30:00,28,3,False,False,,,,Free
2023-08-02 10:30:00,2.8977682580298385,12.799999,6.595036190925011,138,16,486.7051281999032,99.5,6,5.0,1007,2023-08-02 10:30:00,2023-08-02 10:30:00,27.127948718004777,-97.00000094286828,,2023-08-02,709,0 days 00:00:00,29,3,False,False,,,,Free
2023-08-02 10:45:00,4.098002079752704,10.4,13.189679126052129,139,13,486.29012345224777,98.15432097584424,12,5.0,1011,2023-08-02 10:45:00,2023-08-02 10:45:00,27.13209876548133,-97.01345773272531,,2023-08-02,709,0 days 00:15:00,29,3,False,False,,,,Free
2023-08-02 11:00:00,2.365912060071626,9.6,4.396297538148383,140,13,485.5,95.5,4,5.0,1014,2023-08-02 11:00:00,2023-08-02 11:00:00,27.14000000000381,-97.04000094172522,,2023-08-02,709,0 days 00:30:00,29,3,False,False,,,,Free
2023-08-02 11:45:00,3.547905631389252,9.6,9.886304915122496,143,29,479.44444444444446,93.22222222222224,9,5.0,1028,2023-08-02 11:45:00,2023-08-02 11:45:00,27.200555555559376,-97.06277871885214,,2023-08-02,725,0 days 00:00:00,32,3,False,False,,,,Free
2023-08-02 11:45:00,12.905042572892912,42.191605,130.80030737092702,143,30,486.3416783308071,278.8212752153829,119,5.0,1029,2023-08-02 11:45:00,2023-08-02 11:45:00,27.13158321669573,-95.2067882419575,,2023-08-02,726,0 days 00:00:00,33,3,False,False,,,,Free
2023-08-02 12:00:00,3.5478702591278752,9.6,9.88610778517903,144,48,479.22222222222223,92.77777777777776,9,5.0,1039,2023-08-02 12:00:00,2023-08-02 12:00:00,27.2027777777816,-97.06722316316956,,2023-08-02,725,0 days 00:15:00,32,3,False,False,,,,Free
2023-08-02 12:00:00,10.380393652614591,23.189611,84.62867245114836,144,51,486.1061143324951,279.025109925673,79,5.0,1042,2023-08-02 12:00:00,2023-08-02 12:00:00,27.13393885667886,-95.20474989491282,,2023-08-02,726,0 days 00:15:00,33,3,False,False,,,,Free
2023-08-02 12:15:00,5.15444628260959,12.126316,20.86670696819592,145,40,477.2097488892583,92.5214180164139,19,5.0,1049,2023-08-02 12:15:00,2023-08-02 12:15:00,27.22290251111124,-97.06978676070996,,2023-08-02,725,0 days 00:30:00,32,3,False,False,,,,Free
2023-08-02 12:15:00,7.290632365469448,15.915788,41.74652013300975,145,41,479.81533272067657,155.24879464124447,38,5.0,1050,2023-08-02 12:15:00,2023-08-02 12:15:00,27.19684667279705,-96.44251301238666,,2023-08-02,738,0 days 00:00:00,34,3,False,False,,,,Free
2023-08-02 12:15:00,7.38769782122145,27.323072,42.86552308507866,145,43,485.5871812602518,280.2122673968334,39,5.0,1052,2023-08-02 12:15:00,2023-08-02 12:15:00,27.13912818740129,-95.1928783205405,,2023-08-02,726,0 days 00:30:00,33,3,False,False,,,,Free
2023-08-02 12:30:00,11.813678291299668,43.296,109.61251977086094,146,42,455.6346054086032,357.73887796078986,106,5.0,1055,2023-08-02 12:30:00,2023-08-02 12:30:00,27.438653945917824,-94.41761223705498,,2023-08-02,741,0 days 00:00:00,35,5,False,False,,,,Free
2023-08-02 12:30:00,5.79328678624543,26.800001,26.35966808167815,146,48,478.1483180399428,150.81957186404986,24,5.0,1061,2023-08-02 12:30:00,2023-08-02 12:30:00,27.2135168196044,-96.48680523889294,,2023-08-02,738,0 days 00:15:00,34,3,False,False,,,,Free
2023-08-02 12:45:00,15.403561362571338,111.19058,186.35118869156184,147,35,457.0700184004216,357.0717909842408,170,5.0,1066,2023-08-02 12:45:00,2023-08-02 12:45:00,27.42429981599964,-94.42428310662984,,2023-08-02,741,0 days 00:15:00,35,5,False,False,,,,Free
2023-08-02 12:45:00,6.144305013805679,29.51111,29.65073167793435,147,39,476.4673621386482,145.4822652765789,29,5.0,1070,2023-08-02 12:45:00,2023-08-02 12:45:00,27.23032637861734,-96.54017830324244,,2023-08-02,738,0 days 00:30:00,34,3,False,False,,,,Free
2023-08-02 13:00:00,2.336310178006802,19.2,4.286974332857,148,52,219.5,497.5,4,5.0,1074,2023-08-02 13:00:00,2023-08-02 13:00:00,29.800000000004225,-93.02000105660112,,2023-08-02,754,0 days 00:00:00,36,7,False,False,,,,Free
2023-08-02 13:00:00,17.603080195172463,92.021614,243.37009766856283,148,55,457.8388482275639,354.877040239214,223,5.0,1077,2023-08-02 13:00:00,2023-08-02 13:00:00,27.416611517728214,-94.44623061345294,,2023-08-02,741,0 days 00:30:00,35,5,False,False,,,,Free
2023-08-02 13:15:00,5.723160899750456,98.799995,25.725379658425137,149,52,220.742270787674,496.866648904398,24,5.0,1090,2023-08-02 13:15:00,2023-08-02 13:15:00,29.787577292127484,-93.02633456737618,,2023-08-02,754,0 days 00:15:00,36,7,False,False,,,,Free
2023-08-02 13:15:00,20.49954033067513,104.419945,330.0487763725448,149,55,460.5579218102145,354.4148947298571,302,5.0,1092,2023-08-02 13:15:00,2023-08-02 13:15:00,27.389420781901705,-94.45085206841446,,2023-08-02,741,0 days 00:45:00,35,5,False,False,,,,Free
2023-08-02 13:30:00,5.841399825286609,44.16,26.799318368607445,150,58,221.6341164359251,496.5137895780949,25,5.0,1104,2023-08-02 13:30:00,2023-08-02 13:30:00,29.77865883564497,-93.0298631605384,,2023-08-02,754,0 days 00:30:00,36,7,False,False,,,,Free
2023-08-02 13:30:00,9.83159838448989,37.426086,75.91684313732955,150,74,497.9177616679707,338.9118619635218,69,5.0,1118,2023-08-02 13:30:00,2023-08-02 13:30:00,27.015822383324085,-94.60588239164764,,2023-08-02,780,0 days 00:00:00,39,6,False,False,,,,Free
2023-08-02 13:45:00,2.0234556097265566,22.4,3.21571272386573,151,85,221.0,498.18390804387707,3,5.0,1120,2023-08-02 13:45:00,2023-08-02 13:45:00,29.785000000004224,-93.01316197635782,,2023-08-02,754,0 days 00:45:00,36,7,False,False,,,,Free
2023-08-02 13:45:00,5.142441669356779,11.11579,20.76962377746248,151,88,425.80206540235616,215.07917383905755,19,5.0,1123,2023-08-02 13:45:00,2023-08-02 13:45:00,27.73697934598034,-95.84420923750577,,2023-08-02,782,0 days 00:00:00,40,3,False,False,,,,Free
2023-08-02 13:45:00,2.8908968786226565,9.599999,6.563796103716332,151,89,434.0,136.83333333333334,6,5.0,1124,2023-08-02 13:45:00,2023-08-02 13:45:00,27.65500000000389,-96.62666762020336,,2023-08-02,783,0 days 00:00:00,41,5,False,False,,,,Free
2023-08-02 13:45:00,15.495498415788123,64.91163,188.5823230566059,151,94,460.4424016053429,351.8208454550057,224,5.0,1128,2023-08-02 13:45:00,2023-08-02 13:45:00,27.39057598395042,-94.4767925604217,,2023-08-02,741,0 days 01:15:00,35,5,False,False,,,,Free
2023-08-02 13:45:00,12.91079768080052,51.549587,130.9169962901488,151,108,497.1005524244732,337.55912190843424,119,5.0,1140,2023-08-02 13:45:00,2023-08-02 13:45:00,27.02399447575906,-94.61940979181196,,2023-08-02,780,0 days 00:15:00,39,6,False,False,,,,Free
2023-08-02 14:00:00,2.612452560761026,28.800003,5.360270508756811,152,82,221.9966386748037,498.96134453584864,5,5.0,1144,2023-08-02 14:00:00,2023-08-02 14:00:00,29.775033613256184,-93.0053876116603,,2023-08-02,754,0 days 01:00:00,36,7,False,False,,,,Free
2023-08-02 14:00:00,6.979511172748885,16.731428,38.259553288269146,152,85,425.5382367223201,212.1003409434311,35,5.0,1146,2023-08-02 14:00:00,2023-08-02 14:00:00,27.739617632780703,-95.87399756561076,,2023-08-02,782,0 days 00:15:00,40,3,False,False,,,,Free
2023-08-02 14:00:00,4.571076461904204,10.88,16.4106904368265,152,86,433.8445595807984,136.64248704407186,21,5.0,1147,2023-08-02 14:00:00,2023-08-02 14:00:00,27.65655440419591,-96.62857608304142,,2023-08-02,783,0 days 00:15:00,41,5,False,False,,,,Free
2023-08-02 14:00:00,15.339101385688847,50.05714,184.7947876684761,152,104,495.5895423466224,337.43571655102375,168,5.0,1163,2023-08-02 14:00:00,2023-08-02 14:00:00,27.03910457653757,-94.6206438453508,,2023-08-02,780,0 days 00:30:00,39,6,False,False,,,,Free
2023-08-02 14:15:00,4.816858451119012,41.788235,18.222906627474217,153,67,220.96002560226668,498.6053725448018,17,5.0,1167,2023-08-02 14:15:00,2023-08-02 14:15:00,29.78539974398156,-93.00894733146902,,2023-08-02,754,0 days 01:15:00,36,7,False,False,,,,Free
2023-08-02 14:15:00,1.669098254578134,9.6,2.1880320910196405,153,69,434.5,134.0,2,5.0,1169,2023-08-02 14:15:00,2023-08-02 14:15:00,27.65000000000389,-96.65500095272704,,2023-08-02,783,0 days 00:30:00,41,5,False,False,,,,Free
2023-08-02 14:15:00,15.920490262303042,57.653034,199.06859729588967,153,86,493.6314872529316,335.7801514863972,181,5.0,1185,2023-08-02 14:15:00,2023-08-02 14:15:00,27.058685127474483,-94.637199495524,,2023-08-02,780,0 days 00:45:00,39,6,False,False,,,,Free
2023-08-02 14:30:00,3.3042685280293704,22.8,8.575126770506014,154,76,220.63061798025583,498.36938201974414,8,5.0,1187,2023-08-02 14:30:00,2023-08-02 14:30:00,29.788693820201665,-93.01130723665216,,2023-08-02,754,0 days 01:30:00,36,7,False,False,,,,Free
2023-08-02 14:30:00,1.6680270918384128,9.6,2.185224603344881,154,79,420.5,206.0,2,5.0,1189,2023-08-02 14:30:00,2023-08-02 14:30:00,27.790000000003914,-95.93500097330184,,2023-08-02,782,0 days 00:45:00,40,3,False,False,,,,Free
2023-08-02 14:30:00,3.5405751163638346,14.933334,9.84549388718698,154,82,434.0044742683964,129.52796420414603,9,5.0,1192,2023-08-02 14:30:00,2023-08-02 14:30:00,27.654955257319926,-96.69972130940766,,2023-08-02,783,0 days 00:45:00,41,5,False,False,,,,Free
2023-08-02 14:30:00,17.749998797886693,74.24,247.44947533852545,154,98,492.0523782027397,333.97898454188106,225,5.0,1206,2023-08-02 14:30:00,2023-08-02 14:30:00,27.074476217976404,-94.65521116445444,,2023-08-02,780,0 days 01:00:00,39,6,False,False,,,,Free
2023-08-02 14:45:00,2.837397578767145,20.8,6.323103184537245,155,85,56.14556962763888,498.6518987252634,6,5.0,1208,2023-08-02 14:45:00,2023-08-02 14:45:00,31.43354430372809,-93.00848206967773,,2023-08-02,834,0 days 00:00:00,43,3,False,False,,,,Free
2023-08-02 14:45:00,2.63894330506974,9.6,5.469529905954135,155,88,433.4,126.0,5,5.0,1210,2023-08-02 14:45:00,2023-08-02 14:45:00,27.66100000000389,-96.73500095044096,,2023-08-02,783,0 days 01:00:00,41,5,False,False,,,,Free
2023-08-02 14:45:00,18.367063305062427,47.44232,264.9532963746741,155,102,489.64540907141657,330.57385763858133,242,5.0,1220,2023-08-02 14:45:00,2023-08-02 14:45:00,27.09854590928964,-94.6892624325144,,2023-08-02,780,0 days 01:15:00,39,6,False,False,,,,Free
2023-08-02 15:00:00,5.416739019373717,17.828573,23.044415895917485,156,117,468.55159612224,238.5723830851968,21,5.0,1246,2023-08-02 15:00:00,2023-08-02 15:00:00,27.30948403878144,-95.6092771517578,,2023-08-02,864,0 days 00:00:00,45,4,False,False,,,,Free
2023-08-02 15:15:00,4.899729770416015,52.266666,18.855330029899896,157,79,0.1271744318077242,495.2914903891756,18,5.0,1256,2023-08-02 15:15:00,2023-08-02 15:15:00,31.99372825568649,-93.0420861520783,,2023-08-02,872,0 days 00:00:00,46,3,False,False,,,,Free
2023-08-02 15:15:00,4.486375309965735,66.560005,15.808151345202464,157,80,56.75135370579013,493.76261640948553,15,5.0,1257,2023-08-02 15:15:00,2023-08-02 15:15:00,31.42748646294658,-93.05737489143831,,2023-08-02,834,0 days 00:30:00,43,3,False,False,,,,Free
2023-08-02 15:15:00,11.409108826528,42.838715,102.23352294845223,157,96,488.14012811390455,341.0208038054118,95,5.0,1269,2023-08-02 15:15:00,2023-08-02 15:15:00,27.11359871886476,-94.58479297383138,,2023-08-02,879,0 days 00:00:00,47,4,False,False,,,,Free
2023-08-02 15:15:00,4.100256981405073,44.0,13.20419820691165,157,97,497.7099962831146,213.5455876658924,29,5.0,1270,2023-08-02 15:15:00,2023-08-02 15:15:00,27.017900037172645,-95.85954509879916,,2023-08-02,880,0 days 00:00:00,48,3,False,False,,,,Free
2023-08-02 15:15:00,4.267617048938193,12.553847,14.304107464849588,157,98,498.0517857039461,268.99642857507786,16,5.0,1271,2023-08-02 15:15:00,2023-08-02 15:15:00,27.01448214296433,-95.305036705553,,2023-08-02,881,0 days 00:00:00,49,3,False,False,,,,Free
2023-08-02 15:30:00,5.657789123147336,65.6,25.141048983569377,158,73,0.4262926279118181,496.96589654402425,24,5.0,1275,2023-08-02 15:30:00,2023-08-02 15:30:00,31.99073707372545,-93.02534209100828,,2023-08-02,872,0 days 00:15:00,46,3,False,False,,,,Free
2023-08-02 15:30:00,5.791955564532321,79.488,26.34755525795009,158,74,56.81709805554593,493.5608420157088,25,5.0,1276,2023-08-02 15:30:00,2023-08-02 15:30:00,31.426829019449023,-93.05939263531845,,2023-08-02,834,0 days 00:45:00,43,3,False,False,,,,Free
2023-08-02 15:30:00,4.346693760957044,32.22857,14.839113919818477,158,75,110.73504721645917,498.1269674667125,14,5.0,1277,2023-08-02 15:30:00,2023-08-02 15:30:00,30.887649527839805,-93.01373138211318,,2023-08-02,884,0 days 00:00:00,50,3,False,False,,,,Free
2023-08-02 15:30:00,15.177197803998425,58.938187,180.914372424403,158,82,459.38843715910446,107.87343338244324,166,5.0,1281,2023-08-02 15:30:00,2023-08-02 15:30:00,27.401115628412807,-96.91626661143664,,2023-08-02,887,0 days 00:00:00,51,4,False,False,,,,Free
2023-08-02 15:30:00,7.930245208935973,18.133331,49.39273943689284,158,85,470.4277495738875,232.97428086674347,45,5.0,1284,2023-08-02 15:30:00,2023-08-02 15:30:00,27.29072250426496,-95.6652581723426,,2023-08-02,864,0 days 00:30:00,45,4,False,False,,,,Free
2023-08-02 15:30:00,13.068000256396932,64.36722,134.12451051126556,158,88,488.782570267257,338.0079527235225,122,5.0,1287,2023-08-02 15:30:00,2023-08-02 15:30:00,27.10717429733124,-94.61492148378932,,2023-08-02,879,0 days 00:15:00,47,4,False,False,,,,Free
2023-08-02 15:30:00,5.551639453515867,22.254547,24.20652166301097,158,93,498.2407797596712,211.8545837548137,22,5.0,1291,2023-08-02 15:30:00,2023-08-02 15:30:00,27.01259220240708,-95.87645513742672,,2023-08-02,880,0 days 00:15:00,48,3,False,False,,,,Free
2023-08-02 15:30:00,4.267660869119786,12.553848,14.304401217450868,158,94,498.5274949045923,265.43788186423313,13,5.0,1292,2023-08-02 15:30:00,2023-08-02 15:30:00,27.00972505095787,-95.34062217164455,,2023-08-02,881,0 days 00:15:00,49,3,False,False,,,,Free
2023-08-02 15:45:00,4.899833615599301,42.13333,18.85612928048879,159,68,0.3824057629734257,497.2109514862023,18,5.0,1295,2023-08-02 15:45:00,2023-08-02 15:45:00,31.991175942374834,-93.02289154165652,,2023-08-02,872,0 days 00:30:00,46,3,False,False,,,,Free
2023-08-02 15:45:00,4.92896917277782,44.8,19.08104190342866,159,69,112.08626465086792,496.57286431830346,18,5.0,1296,2023-08-02 15:45:00,2023-08-02 15:45:00,30.87413735349572,-93.0292724131532,,2023-08-02,884,0 days 00:15:00,50,3,False,False,,,,Free
2023-08-02 15:45:00,14.078279365444493,63.6845,155.66430583392372,159,72,457.766868936888,104.13898152683493,143,5.0,1299,2023-08-02 15:45:00,2023-08-02 15:45:00,27.41733131063497,-96.95361112892562,,2023-08-02,887,0 days 00:15:00,51,4,False,False,,,,Free
2023-08-02 15:45:00,7.84140935261427,19.854546,48.292327150470456,159,78,470.0211138233339,229.19675641952725,44,5.0,1305,2023-08-02 15:45:00,2023-08-02 15:45:00,27.29478886177049,-95.70303341573532,,2023-08-02,864,0 days 00:45:00,45,4,False,False,,,,Free
2023-08-02 15:45:00,18.361942350701568,158.89792,264.8055727491705,159,80,481.2662108475576,297.02102486867204,241,5.0,1307,2023-08-02 15:45:00,2023-08-02 15:45:00,27.18233789152824,-95.02479075062536,,2023-08-02,902,0 days 00:00:00,52,3,False,False,,,,Free
2023-08-02 15:45:00,13.120954459349964,51.199997,135.21371264049557,159,83,488.26702565216544,333.4543342859744,123,5.0,1310,2023-08-02 15:45:00,2023-08-02 15:45:00,27.11232974348216,-94.66045766686358,,2023-08-02,879,0 days 00:30:00,47,4,False,False,,,,Free
2023-08-02 15:45:00,6.482892825400293,36.480003,33.00863498892388,159,85,497.9977040196848,263.8536839617825,33,5.0,1312,2023-08-02 15:45:00,2023-08-02 15:45:00,27.01502295980694,-95.35646415021633,,2023-08-02,881,0 days 00:30:00,49,3,False,False,,,,Free
2023-08-02 15:45:00,1.6739601359500882,9.6,2.200797601941346,159,87,499.0,208.5,2,5.0,1314,2023-08-02 15:45:00,2023-08-02 15:45:00,27.00500000000379,-95.91000097401628,,2023-08-02,880,0 days 00:30:00,48,3,False,False,,,,Free
2023-08-02 16:00:00,3.0739546550412493,42.514282,7.421382143149837,160,62,113.52779892675832,492.5102818037832,7,5.0,1318,2023-08-02 16:00:00,2023-08-02 16:00:00,30.85972201073681,-93.06989823713748,,2023-08-02,884,0 days 00:30:00,50,3,False,False,,,,Free
2023-08-02 16:00:00,10.433385698925193,68.8,85.49493894739106,160,65,455.6077083859579,98.80668756081664,78,5.0,1321,2023-08-02 16:00:00,2023-08-02 16:00:00,27.43892291614428,-97.006934067062,,2023-08-02,887,0 days 00:30:00,51,4,False,False,,,,Free
2023-08-02 16:00:00,4.423038372735726,14.400002,15.364955108083697,160,71,469.09878420300913,225.78419453041724,14,5.0,1325,2023-08-02 16:00:00,2023-08-02 16:00:00,27.304012157973744,-95.7371590336512,,2023-08-02,864,0 days 01:00:00,45,4,False,False,,,,Free
2023-08-02 16:00:00,21.15676185130141,128.94,351.5509503954236,160,73,480.6186057770719,291.8741225710696,320,5.0,1327,2023-08-02 16:00:00,2023-08-02 16:00:00,27.1888139422331,-95.07625977213064,,2023-08-02,902,0 days 00:15:00,52,3,False,False,,,,Free
2023-08-02 16:00:00,11.409552742510163,16.103228,102.24147869299688,160,74,488.36257989815726,329.4344373419755,93,5.0,1328,2023-08-02 16:00:00,2023-08-02 16:00:00,27.11137420102224,-94.7006566351548,,2023-08-02,879,0 days 00:45:00,47,4,False,False,,,,Free
2023-08-02 16:15:00,8.59951705741647,28.437737,58.081524349904605,161,76,453.3038158014373,93.07100304497712,53,5.0,1335,2023-08-02 16:15:00,2023-08-02 16:15:00,27.46196184198949,-97.06429091058136,,2023-08-02,887,0 days 00:45:00,51,4,False,False,,,,Free
2023-08-02 16:15:00,21.25397155328348,96.267494,354.7889387002543,161,84,477.7676072077789,286.8149894637423,323,5.0,1341,2023-08-02 16:15:00,2023-08-02 16:15:00,27.217323927926035,-95.12685110175818,,2023-08-02,902,0 days 00:30:00,52,3,False,False,,,,Free
2023-08-02 17:00:00,6.362994825160365,69.76,31.7989676902779,163,64,111.03355980227788,498.316450494145,30,5.0,1372,2023-08-02 17:00:00,2023-08-02 17:00:00,30.884664401981617,-93.011836551893,,2023-08-02,947,0 days 00:00:00,54,6,False,False,,,,Free
2023-08-02 17:15:00,11.143464297516562,247.9304,97.52822794696924,164,50,111.18865661479477,497.3822350220701,92,5.0,1391,2023-08-02 17:15:00,2023-08-02 17:15:00,30.883113433856447,-93.0211787063468,,2023-08-02,947,0 days 00:15:00,54,6,False,False,,,,Free
2023-08-02 17:30:00,15.013628538647994,408.89105,177.03584751869386,165,51,112.38282397847097,496.93434821164,167,5.0,1402,2023-08-02 17:30:00,2023-08-02 17:30:00,30.871171760219685,-93.02565757432312,,2023-08-02,947,0 days 00:30:00,54,6,False,False,,,,Free
2023-08-02 17:45:00,20.590662965733475,275.89297,332.98950156045936,166,53,114.59192054238017,496.1798486571869,314,5.0,1416,2023-08-02 17:45:00,2023-08-02 17:45:00,30.84908079458059,-93.03320256965202,,2023-08-02,947,0 days 00:45:00,54,6,False,False,,,,Free
2023-08-02 18:00:00,24.595946467671418,261.57858,475.13493053374447,167,42,118.14007126408136,493.7550631998544,448,5.0,1426,2023-08-02 18:00:00,2023-08-02 18:00:00,30.813599287363573,-93.05745042353249,,2023-08-02,947,0 days 01:00:00,54,6,False,False,,,,Free
2023-08-02 18:15:00,26.196852734952085,215.07402,538.999197797861,168,35,123.16345823067331,490.713164429563,542,5.0,1433,2023-08-02 18:15:00,2023-08-02 18:15:00,30.76336541769765,-93.08786941036612,,2023-08-02,947,0 days 01:15:00,54,6,False,False,,,,Free
2023-08-02 18:45:00,32.5537288055038,120.83265,832.3219801995059,170,43,129.58151049600437,485.49619434841327,784,5.0,1456,2023-08-02 18:45:00,2023-08-02 18:45:00,30.69918489504432,-93.14003910968682,,2023-08-02,1010,0 days 00:00:00,55,3,False,False,,,,Free
2023-08-02 19:00:00,31.375007787547528,52.641758,773.1389727401407,171,42,131.7985306775374,483.7157470946328,728,5.0,1465,2023-08-02 19:00:00,2023-08-02 19:00:00,30.67701469322899,-93.15784358171584,,2023-08-02,1010,0 days 00:15:00,55,3,False,False,,,,Free
2023-08-02 19:15:00,9.618743852442975,86.260864,72.66522131006697,172,50,49.161048677114046,400.2315320302735,69,5.0,1470,2023-08-02 19:15:00,2023-08-02 19:15:00,31.50338951323335,-93.9926857085029,,2023-08-02,1018,0 days 00:00:00,56,3,False,False,,,,Free
2023-08-02 19:15:00,13.001430536546543,15.283199,132.76150328161944,172,56,133.80307427370786,483.86337739782726,177,5.0,1475,2023-08-02 19:15:00,2023-08-02 19:15:00,30.65696925726728,-93.15636727872608,,2023-08-02,1010,0 days 00:30:00,55,3,False,False,,,,Free
2023-08-02 19:30:00,10.421666871479186,37.21482,85.30299017902254,173,26,49.920671435946026,397.0956541319326,81,5.0,1480,2023-08-02 19:30:00,2023-08-02 19:30:00,31.495793285645032,-94.02404448659018,,2023-08-02,1018,0 days 00:15:00,56,3,False,False,,,,Free
2023-08-02 19:45:00,9.549051293366508,22.305882,71.61604505640075,174,32,49.96549967422477,391.6779402052226,68,5.0,1487,2023-08-02 19:45:00,2023-08-02 19:45:00,31.495345003262244,-94.0782216243091,,2023-08-02,1018,0 days 00:30:00,56,3,False,False,,,,Free
2023-08-02 19:45:00,2.612374314836264,9.6,5.359949421171769,174,36,221.8,411.0,5,5.0,1491,2023-08-02 19:45:00,2023-08-02 19:45:00,29.77700000000422,-93.88500103188284,,2023-08-02,1031,0 days 00:00:00,57,6,False,False,,,,Free
2023-08-02 20:00:00,3.694455174780168,9.6,10.719898777019992,175,37,221.8,410.5,10,5.0,1498,2023-08-02 20:00:00,2023-08-02 20:00:00,29.77700000000422,-93.89000103173998,,2023-08-02,1031,0 days 00:15:00,57,6,False,False,,,,Free
2023-08-02 20:15:00,3.6607351437794127,17.28,10.52510648786762,176,46,44.45928338989885,382.6970683991024,10,5.0,1501,2023-08-02 20:15:00,2023-08-02 20:15:00,31.55040716610551,-94.16803033980392,,2023-08-02,1040,0 days 00:00:00,58,3,False,False,,,,Free
2023-08-02 20:15:00,3.874745621691657,9.599999,11.791695989101209,176,53,221.63636363636363,411.7272727272728,11,5.0,1505,2023-08-02 20:15:00,2023-08-02 20:15:00,29.778636363640587,-93.87772830481794,,2023-08-02,1031,0 days 00:30:00,57,6,False,False,,,,Free
2023-08-02 20:30:00,8.66281720292939,58.11429,58.939735418741485,177,35,43.69809034259885,379.4642953102991,56,5.0,1512,2023-08-02 20:30:00,2023-08-02 20:30:00,31.558019096578512,-94.2003580697682,,2023-08-02,1040,0 days 00:15:00,58,3,False,False,,,,Free
2023-08-02 20:30:00,25.29117614873667,193.95631,502.374901589688,177,37,70.8192903960377,402.7470781252209,476,5.0,1513,2023-08-02 20:30:00,2023-08-02 20:30:00,31.28680709604408,-93.96753024827228,,2023-08-02,1048,0 days 00:00:00,59,4,False,False,,,,Free
2023-08-02 20:30:00,3.5048640398809665,9.6,9.647887539187176,177,41,221.77777777777777,411.1111111111111,9,5.0,1516,2023-08-02 20:30:00,2023-08-02 20:30:00,29.777222222226445,-93.88388992080348,,2023-08-02,1031,0 days 00:45:00,57,6,False,False,,,,Free
2023-08-02 20:45:00,9.890602854320091,34.191784,76.83080943125468,178,58,44.85387138934275,377.5462224097839,73,5.0,1522,2023-08-02 20:45:00,2023-08-02 20:45:00,31.54646128611107,-94.2195387982252,,2023-08-02,1040,0 days 00:30:00,58,3,False,False,,,,Free
2023-08-02 20:45:00,27.72306406778686,122.95385,603.6321165837488,178,61,72.0540799302334,398.6756716059032,573,5.0,1523,2023-08-02 20:45:00,2023-08-02 20:45:00,31.27445920070212,-94.008244312302,,2023-08-02,1048,0 days 00:15:00,59,4,False,False,,,,Free
2023-08-02 20:45:00,2.023522976217208,9.6,3.215926847552198,178,67,221.66666666666663,411.6666666666667,3,5.0,1527,2023-08-02 20:45:00,2023-08-02 20:45:00,29.77833333333756,-93.87833436540666,,2023-08-02,1031,0 days 01:00:00,57,6,False,False,,,,Free
2023-08-02 21:00:00,25.15750541929076,53.15669,497.0785595991592,179,41,71.68605664471234,396.3646800607255,471,5.0,1536,2023-08-02 21:00:00,2023-08-02 21:00:00,31.27813943355733,-94.0313542270934,,2023-08-02,1048,0 days 00:30:00,59,4,False,False,,,,Free
2023-08-02 21:00:00,2.6122960506546336,9.6,5.359628268288844,179,42,221.5,410.8333333333333,6,5.0,1537,2023-08-02 21:00:00,2023-08-02 21:00:00,29.78000000000422,-93.88666769850188,,2023-08-02,1031,0 days 01:15:00,57,6,False,False,,,,Free
2023-08-02 21:15:00,16.35432709029854,28.5588,210.06574582327,180,28,71.91339890848191,393.8258611404603,201,5.0,1542,2023-08-02 21:15:00,2023-08-02 21:15:00,31.27586601091964,-94.05674241557053,,2023-08-02,1048,0 days 00:45:00,59,4,False,False,,,,Free
2023-08-03 04:00:00,5.7670104913050135,12.8,26.12109413687739,207,100,378.4957265000807,300.9262820499758,24,5.0,1663,2023-08-03 04:00:00,2023-08-03 04:00:00,28.21004273500317,-94.98573817992832,,2023-08-03,1167,0 days 00:00:00,61,3,False,False,,,,Free
2023-08-03 04:15:00,2.038882504059565,9.6,3.2649330462202046,208,121,378.0,303.0,3,5.0,1694,2023-08-03 04:15:00,2023-08-03 04:15:00,28.21500000000398,-94.96500100102064,,2023-08-03,1167,0 days 00:15:00,61,3,False,False,,,,Free
2023-08-03 04:45:00,2.0392640722971334,9.6,3.2661551973920884,210,169,382.0,306.0,3,5.0,1777,2023-08-03 04:45:00,2023-08-03 04:45:00,28.175000000003973,-94.93500100187794,,2023-08-03,1167,0 days 00:45:00,61,3,False,False,,,,Free
2023-08-03 05:00:00,4.242496174891563,14.03077,14.136203881189804,211,192,369.0391822836242,158.7223168630648,13,5.0,1823,2023-08-03 05:00:00,2023-08-03 05:00:00,28.30460817716775,-96.4077777911611,,2023-08-03,1314,0 days 00:00:00,62,3,False,False,,,,Free
2023-08-03 05:15:00,2.350359644516881,9.6,4.33868904042135,212,163,342.8,149.8,5,5.0,1867,2023-08-03 05:15:00,2023-08-03 05:15:00,28.56700000000404,-96.49700095724204,,2023-08-03,1356,0 days 00:00:00,64,4,False,False,,,,Free
2023-08-03 05:15:00,4.401950095183292,17.828573,15.21878952048626,212,169,366.51433537707686,160.39530841978785,25,5.0,1870,2023-08-03 05:15:00,2023-08-03 05:15:00,28.329856646233228,-96.39104787607192,,2023-08-03,1314,0 days 00:15:00,62,3,False,False,,,,Free
2023-08-03 05:15:00,15.090635143949717,42.965855,178.85657886566673,212,180,400.5866632619485,182.7798406724653,164,5.0,1880,2023-08-03 05:15:00,2023-08-03 05:15:00,27.98913336738445,-96.16720255994176,,2023-08-03,1367,0 days 00:00:00,65,3,False,False,,,,Free
2023-08-03 05:15:00,4.5665023571687575,10.880002,16.3778637446933,212,185,412.6734693987884,193.0,15,5.0,1885,2023-08-03 05:15:00,2023-08-03 05:15:00,27.86826530601604,-96.06500096958696,,2023-08-03,1372,0 days 00:00:00,66,5,False,False,,,,Free
2023-08-03 05:15:00,2.0449194800536405,9.6,3.2842961068827434,212,200,442.0,323.0,3,5.0,1898,2023-08-03 05:15:00,2023-08-03 05:15:00,27.57500000000388,-94.76500100673589,,2023-08-03,1383,0 days 00:00:00,68,3,False,False,,,,Free
2023-08-03 05:15:00,4.418479072618895,9.599999,15.333294819422193,212,201,446.7142857142857,155.57142857142858,14,5.0,1899,2023-08-03 05:15:00,2023-08-03 05:15:00,27.527857142861013,-96.43928667317704,,2023-08-03,1384,0 days 00:00:00,69,3,False,False,,,,Free
2023-08-03 05:15:00,6.686817021637095,31.500002,35.117917964255604,212,206,468.8424528234537,130.64150942275853,32,5.0,1904,2023-08-03 05:15:00,2023-08-03 05:15:00,27.3065754717693,-96.68858585753976,,2023-08-03,1388,0 days 00:00:00,70,5,False,False,,,,Free
2023-08-03 05:30:00,6.327566641040944,9.6,31.445849889261968,213,143,339.2758620689655,150.93103448275863,29,5.0,1911,2023-08-03 05:30:00,2023-08-03 05:30:00,28.602241379314385,-96.4856906127377,,2023-08-03,1356,0 days 00:15:00,64,4,False,False,,,,Free
2023-08-03 05:30:00,11.459659861533432,32.84211,103.14147458352475,213,147,352.06089934452314,165.44006851633029,104,5.0,1915,2023-08-03 05:30:00,2023-08-03 05:30:00,28.47439100655879,-96.34060027654812,,2023-08-03,1398,0 days 00:00:00,72,6,False,False,,,,Free
2023-08-03 05:30:00,5.881191148884109,11.136,27.16567316239559,213,150,361.8882421457737,161.89289871840725,29,5.0,1918,2023-08-03 05:30:00,2023-08-03 05:30:00,28.376117578546268,-96.37607197351366,,2023-08-03,1314,0 days 00:30:00,62,3,False,False,,,,Free
2023-08-03 05:30:00,4.40234957409738,16.457144,15.2215518695554,213,153,367.9163636342618,228.8254545486072,15,5.0,1921,2023-08-03 05:30:00,2023-08-03 05:30:00,28.315836363661376,-95.7067464343384,,2023-08-03,1402,0 days 00:00:00,73,3,False,False,,,,Free
2023-08-03 05:30:00,13.83974726519276,26.78261,150.43406808751843,213,159,396.99500994467815,183.88862273635303,138,5.0,1927,2023-08-03 05:30:00,2023-08-03 05:30:00,28.025049900557168,-96.15611473961974,,2023-08-03,1367,0 days 00:15:00,65,3,False,False,,,,Free
2023-08-03 05:30:00,5.402243733405547,25.599998,22.92124641886607,213,161,409.540453072436,193.77115117699188,21,5.0,1928,2023-08-03 05:30:00,2023-08-03 05:30:00,27.899595469279568,-96.05728945803742,,2023-08-03,1372,0 days 00:15:00,66,5,False,False,,,,Free
2023-08-03 05:30:00,9.802687633702757,34.78261,75.47101819236731,213,165,430.0881752392805,132.26189781101027,69,5.0,1932,2023-08-03 05:30:00,2023-08-03 05:30:00,27.69411824761109,-96.67238197412024,,2023-08-03,1409,0 days 00:00:00,74,5,False,False,,,,Free
2023-08-03 05:30:00,6.466465133041958,14.720002,32.84155875440157,213,169,441.0548696942794,156.63443072155007,30,5.0,1936,2023-08-03 05:30:00,2023-08-03 05:30:00,27.584451303061087,-96.42865665197957,,2023-08-03,1384,0 days 00:15:00,69,3,False,False,,,,Free
2023-08-03 05:30:00,8.007105479455687,10.226088,50.35481219872504,213,170,440.879807701676,323.6690704912366,48,5.0,1937,2023-08-03 05:30:00,2023-08-03 05:30:00,27.58620192298712,-94.7583103020147,,2023-08-03,1383,0 days 00:15:00,68,3,False,False,,,,Free
2023-08-03 05:30:00,8.188098275613859,35.2,52.65698324273786,213,175,464.10471855032506,131.54511589646052,48,5.0,1942,2023-08-03 05:30:00,2023-08-03 05:30:00,27.353952814500595,-96.67954979306091,,2023-08-03,1388,0 days 00:15:00,70,5,False,False,,,,Free
2023-08-03 05:45:00,7.702897900883698,19.199999,46.60131419636377,214,122,334.2731739184588,150.679331809764,43,5.0,1955,2023-08-03 05:45:00,2023-08-03 05:45:00,28.65226826081945,-96.48820763939574,,2023-08-03,1356,0 days 00:30:00,64,4,False,False,,,,Free
2023-08-03 05:45:00,12.822441925869631,78.97815,129.13125234144223,214,123,347.3167639631205,167.10384623727543,119,5.0,1956,2023-08-03 05:45:00,2023-08-03 05:45:00,28.521832360372823,-96.32396249981406,,2023-08-03,1398,0 days 00:15:00,72,6,False,False,,,,Free
2023-08-03 05:45:00,7.803110060480104,47.563625,47.8217369761562,214,127,363.2372917776136,227.79784280354937,44,5.0,1959,2023-08-03 05:45:00,2023-08-03 05:45:00,28.362627082227867,-95.71702255149528,,2023-08-03,1402,0 days 00:15:00,73,3,False,False,,,,Free
2023-08-03 05:45:00,2.8854570669636503,9.599999,6.539117104646852,214,133,393.1666666666667,186.3333333333333,6,5.0,1964,2023-08-03 05:45:00,2023-08-03 05:45:00,28.063333333337287,-96.13166763434856,,2023-08-03,1367,0 days 00:30:00,65,3,False,False,,,,Free
2023-08-03 05:45:00,7.169577288460073,25.167564,40.371694947547695,214,136,405.6872152297554,193.72473867522788,37,5.0,1966,2023-08-03 05:45:00,2023-08-03 05:45:00,27.938127847706383,-96.05775358304174,,2023-08-03,1372,0 days 00:30:00,66,5,False,False,,,,Free
2023-08-03 05:45:00,9.940465765842944,68.28171,77.60743848279458,214,138,424.6186512485319,132.04807477517903,71,5.0,1968,2023-08-03 05:45:00,2023-08-03 05:45:00,27.748813487518586,-96.67452020441748,,2023-08-03,1409,0 days 00:15:00,74,5,False,False,,,,Free
2023-08-03 05:45:00,6.780073257889904,20.072727,36.10427713499551,214,141,434.6956175300803,157.36852589480978,34,5.0,1971,2023-08-03 05:45:00,2023-08-03 05:45:00,27.648043824703088,-96.42131570045676,,2023-08-03,1384,0 days 00:30:00,69,3,False,False,,,,Free
2023-08-03 05:45:00,2.3616191318690563,9.6,4.380357920135159,214,144,445.25,117.75,4,5.0,1974,2023-08-03 05:45:00,2023-08-03 05:45:00,27.54250000000388,-96.81750094808342,,2023-08-03,1428,0 days 00:00:00,77,4,False,False,,,,Free
2023-08-03 05:45:00,8.100352743779894,70.67234,51.53446171616568,214,151,458.977872676132,132.98175465934392,48,5.0,1981,2023-08-03 05:45:00,2023-08-03 05:45:00,27.40522127324253,-96.66518340584264,,2023-08-03,1388,0 days 00:30:00,70,5,False,False,,,,Free
2023-08-03 06:00:00,5.87192929597333,9.984,27.080178116900765,215,131,328.2991329488731,152.63439306248847,28,5.0,1991,2023-08-03 06:00:00,2023-08-03 06:00:00,28.712008670515324,-96.46865702742711,,2023-08-03,1356,0 days 00:45:00,64,4,False,False,,,,Free
2023-08-03 06:00:00,13.34820102273453,57.153492,139.93790192904504,215,132,343.4151268409762,168.41527537471538,130,5.0,1992,2023-08-03 06:00:00,2023-08-03 06:00:00,28.56084873159427,-96.31084820881443,,2023-08-03,1398,0 days 00:30:00,72,6,False,False,,,,Free
2023-08-03 06:00:00,8.148777568502203,45.600002,52.15246112602997,215,138,360.89963051922433,227.8751026245907,48,5.0,1998,2023-08-03 06:00:00,2023-08-03 06:00:00,28.38600369481176,-95.716249953307,,2023-08-03,1402,0 days 00:30:00,73,3,False,False,,,,Free
2023-08-03 06:00:00,8.73878823938912,23.389091,59.9780459291107,215,141,400.16791339305297,193.09665356029083,56,5.0,2001,2023-08-03 06:00:00,2023-08-03 06:00:00,27.99332086607341,-96.06403443401166,,2023-08-03,1372,0 days 00:45:00,66,5,False,False,,,,Free
2023-08-03 06:00:00,12.369475952770625,78.37091,120.1690098134644,215,143,420.0275313365052,132.98532982989113,110,5.0,2003,2023-08-03 06:00:00,2023-08-03 06:00:00,27.79472468663886,-96.6651476541382,,2023-08-03,1409,0 days 00:30:00,74,5,False,False,,,,Free
2023-08-03 06:00:00,3.33825374056692,9.6,8.75242846681062,215,148,434.875,321.375,8,5.0,2007,2023-08-03 06:00:00,2023-08-03 06:00:00,27.64625000000389,-94.78125100627152,,2023-08-03,1383,0 days 00:45:00,68,3,False,False,,,,Free
2023-08-03 06:00:00,5.661294756350621,37.565216,25.17221401959329,215,149,439.22563415344,118.74018691283202,23,5.0,2008,2023-08-03 06:00:00,2023-08-03 06:00:00,27.602743658469485,-96.80759907923806,,2023-08-03,1428,0 days 00:15:00,77,4,False,False,,,,Free
2023-08-03 06:00:00,8.352964228039042,44.544003,54.798809606100185,215,152,455.13534286643886,134.01598219599092,50,5.0,2010,2023-08-03 06:00:00,2023-08-03 06:00:00,27.44364657133947,-96.65484113077171,,2023-08-03,1388,0 days 00:45:00,70,5,False,False,,,,Free
2023-08-03 06:00:00,9.303798108803807,72.00001,67.98458279693642,215,154,460.4527202477863,228.70640346271028,62,5.0,2012,2023-08-03 06:00:00,2023-08-03 06:00:00,27.390472797525987,-95.70793694516334,,2023-08-03,1446,0 days 00:00:00,79,3,False,False,,,,Free
2023-08-03 06:15:00,13.033415380472688,34.263412,133.41552041982442,216,103,341.3053286919354,169.36450516079069,123,5.0,2032,2023-08-03 06:15:00,2023-08-03 06:15:00,28.581946713084683,-96.30135591122496,,2023-08-03,1398,0 days 00:45:00,72,6,False,False,,,,Free
2023-08-03 06:15:00,1.177149362564808,9.6,1.088311015406735,216,109,377.5,131.5,2,5.0,2036,2023-08-03 06:15:00,2023-08-03 06:15:00,28.22000000000397,-96.68000095201262,,2023-08-03,1464,0 days 00:00:00,80,3,False,False,,,,Free
2023-08-03 06:15:00,14.14897665331822,71.13333,157.23163890404052,216,112,415.55657758957074,133.918073760751,144,5.0,2039,2023-08-03 06:15:00,2023-08-03 06:15:00,27.839434224108214,-96.65582021509611,,2023-08-03,1409,0 days 00:45:00,74,5,False,False,,,,Free
2023-08-03 06:15:00,8.832008501693933,54.514286,61.26449221322216,216,116,434.9399884651496,120.18962778121129,56,5.0,2043,2023-08-03 06:15:00,2023-08-03 06:15:00,27.645600115352394,-96.79310467096848,,2023-08-03,1428,0 days 00:30:00,77,4,False,False,,,,Free
2023-08-03 06:15:00,5.010870600088269,9.600001,19.72042438883853,216,119,450.25,135.75,20,5.0,2046,2023-08-03 06:15:00,2023-08-03 06:15:00,27.492500000003865,-96.63750095322712,,2023-08-03,1388,0 days 01:00:00,70,5,False,False,,,,Free
2023-08-03 06:15:00,10.50064739425637,64.89116,86.6008255512031,216,121,455.5649913711201,229.8319736103352,79,5.0,2048,2023-08-03 06:15:00,2023-08-03 06:15:00,27.439350086292656,-95.69668124400874,,2023-08-03,1446,0 days 00:15:00,79,3,False,False,,,,Free
2023-08-03 06:30:00,4.396253896738372,9.599999,15.179428258024616,217,148,338.3333333333333,169.73333333333332,15,5.0,2065,2023-08-03 06:30:00,2023-08-03 06:30:00,28.611666666670708,-96.29766762960492,,2023-08-03,1398,0 days 01:00:00,72,6,False,False,,,,Free
2023-08-03 06:30:00,3.3290327273008224,9.6,8.704142865547844,217,158,375.0,130.91666666666666,12,5.0,2075,2023-08-03 06:30:00,2023-08-03 06:30:00,28.245000000003984,-96.68583428517928,,2023-08-03,1464,0 days 00:15:00,80,3,False,False,,,,Free
2023-08-03 06:30:00,15.036504028766643,65.19755,177.57573925662524,217,161,389.2150180216599,197.35684151612983,163,5.0,2078,2023-08-03 06:30:00,2023-08-03 06:30:00,28.10284981978736,-96.02143255567069,,2023-08-03,1372,0 days 01:15:00,66,5,False,False,,,,Free
2023-08-03 06:30:00,14.629953932489467,54.607788,168.10312949499536,217,163,410.4155976872243,134.8848107205144,154,5.0,2080,2023-08-03 06:30:00,2023-08-03 06:30:00,27.890844023131685,-96.64615284577474,,2023-08-03,1409,0 days 01:00:00,74,5,False,False,,,,Free
2023-08-03 06:30:00,8.175217561388827,39.0,52.49144393323252,217,167,430.7261029297277,121.1584558814055,48,5.0,2084,2023-08-03 06:30:00,2023-08-03 06:30:00,27.68773897070662,-96.78341639024336,,2023-08-03,1428,0 days 00:45:00,77,4,False,False,,,,Free
2023-08-03 06:45:00,,,,218,169,372.6666666666667,132.5,6,5.0,2113,2023-08-03 06:45:00,2023-08-03 06:45:00,28.26833333333732,-96.67000095229844,,2023-08-03,1464,0 days 00:30:00,80,3,False,False,,,,Free
2023-08-03 06:45:00,7.374714400130254,10.338463,42.71498847830794,218,191,446.5187320035212,231.89529298091176,39,5.0,2132,2023-08-03 06:45:00,2023-08-03 06:45:00,27.52981267996866,-95.67604805089258,,2023-08-03,1446,0 days 00:45:00,79,3,False,False,,,,Free
2023-08-03 07:00:00,1.66116402878193,9.6,2.167279473787464,219,133,332.5,174.0,2,5.0,2148,2023-08-03 07:00:00,2023-08-03 07:00:00,28.67000000000405,-96.25500096415747,,2023-08-03,1398,0 days 01:30:00,72,6,False,False,,,,Free
2023-08-03 07:15:00,4.864676067012455,9.6,18.58650505697745,220,161,427.42105263157896,438.4736842105263,19,5.0,2204,2023-08-03 07:15:00,2023-08-03 07:15:00,27.72078947368811,-93.61026419762844,,2023-08-03,1570,0 days 00:00:00,85,3,False,False,,,,Free
2023-08-03 07:15:00,2.899341015152332,16.0,6.602197015403777,220,187,498.5696969714484,337.21515151427576,6,5.0,2227,2023-08-03 07:15:00,2023-08-03 07:15:00,27.009303030289303,-94.62284949565526,,2023-08-03,1589,0 days 00:00:00,86,3,False,False,,,,Free
2023-08-03 07:30:00,6.242404791979078,10.971429,30.605095284743715,221,150,424.9256465510597,440.6260775850995,32,5.0,2249,2023-08-03 07:30:00,2023-08-03 07:30:00,27.745743534493307,-93.5887402644978,,2023-08-03,1570,0 days 00:15:00,85,3,False,False,,,,Free
2023-08-03 07:30:00,6.150167525773258,9.955556,29.707340422688155,221,164,497.3675675752304,337.1608108061086,28,5.0,2263,2023-08-03 07:30:00,2023-08-03 07:30:00,27.021324324251488,-94.62339290272138,,2023-08-03,1589,0 days 00:15:00,86,3,False,False,,,,Free
2023-08-03 07:45:00,10.345512412399744,22.523079,84.06087253391084,222,121,275.9552238750359,426.6530582208656,78,5.0,2267,2023-08-03 07:45:00,2023-08-03 07:45:00,29.23544776125378,-93.7284704541472,,2023-08-03,1614,0 days 00:00:00,87,4,False,False,,,,Free
2023-08-03 07:45:00,10.699394809658669,40.36627,89.91006426584273,222,122,328.3614965980268,336.17142858156774,84,5.0,2268,2023-08-03 07:45:00,2023-08-03 07:45:00,28.711385034023788,-94.63328672468408,,2023-08-03,1615,0 days 00:00:00,88,6,False,False,,,,Free
2023-08-03 07:45:00,13.84938353127986,106.85217,150.64362789358842,222,138,412.0538717582209,132.21621274921384,138,5.0,2283,2023-08-03 07:45:00,2023-08-03 07:45:00,27.87446128242172,-96.67283882472516,,2023-08-03,1622,0 days 00:00:00,89,4,False,False,,,,Free
2023-08-03 07:45:00,8.000088557715848,13.356519,50.266595312674255,222,141,422.2398543101313,443.227367330117,46,5.0,2286,2023-08-03 07:45:00,2023-08-03 07:45:00,27.7726014569026,-93.562727367791,,2023-08-03,1570,0 days 00:30:00,85,3,False,False,,,,Free
2023-08-03 07:45:00,18.569371013652663,73.45747,270.8222040923239,222,147,459.7644922636263,226.42395173325312,247,5.0,2292,2023-08-03 07:45:00,2023-08-03 07:45:00,27.39735507736759,-95.73076146180568,,2023-08-03,1627,0 days 00:00:00,91,4,False,False,,,,Free
2023-08-03 07:45:00,6.798741165497188,11.636365,36.30336618632165,222,158,495.8474885881336,335.36621004104893,33,5.0,2301,2023-08-03 07:45:00,2023-08-03 07:45:00,27.03652511412246,-94.64133890985914,,2023-08-03,1589,0 days 00:30:00,86,3,False,False,,,,Free
2023-08-03 08:00:00,8.687140637815851,32.640003,59.27118174521419,223,115,275.0113143185275,430.2240494717291,55,5.0,2303,2023-08-03 08:00:00,2023-08-03 08:00:00,29.244886856818862,-93.69276054265902,,2023-08-03,1614,0 days 00:15:00,87,4,False,False,,,,Free
2023-08-03 08:00:00,12.483183885998626,54.711502,122.38850150076728,223,118,327.67365683809925,337.7762665820103,113,5.0,2306,2023-08-03 08:00:00,2023-08-03 08:00:00,28.718263431623065,-94.61723834513828,,2023-08-03,1615,0 days 00:15:00,88,6,False,False,,,,Free
2023-08-03 08:00:00,15.68185003877928,66.98305,193.14544671161136,223,130,408.67238234526127,134.27623090115785,178,5.0,2315,2023-08-03 08:00:00,2023-08-03 08:00:00,27.90827617655132,-96.65223864379442,,2023-08-03,1622,0 days 00:15:00,89,4,False,False,,,,Free
2023-08-03 08:00:00,17.915994599012972,63.443478,252.0993506674561,223,142,454.8252492178329,227.27582207587983,230,5.0,2327,2023-08-03 08:00:00,2023-08-03 08:00:00,27.44674750782553,-95.72224275862284,,2023-08-03,1627,0 days 00:15:00,91,4,False,False,,,,Free
2023-08-03 08:00:00,12.01055572107106,39.98447,113.29639369546746,223,147,494.46807094535205,223.32594234864467,104,5.0,2332,2023-08-03 08:00:00,2023-08-03 08:00:00,27.05031929055028,-95.76174155476645,,2023-08-03,1645,0 days 00:00:00,93,5,False,False,,,,Free
2023-08-03 08:15:00,7.315180407606469,21.415382,42.02812001645784,224,152,275.94385852866657,433.3014888157197,40,5.0,2337,2023-08-03 08:15:00,2023-08-03 08:15:00,29.23556141471748,-93.66198615009851,,2023-08-03,1614,0 days 00:30:00,87,4,False,False,,,,Free
2023-08-03 08:15:00,10.952624203696722,60.358616,94.21634557569077,224,156,325.52730368555,340.6216519245587,87,5.0,2341,2023-08-03 08:15:00,2023-08-03 08:15:00,28.73972696314856,-94.58878449252586,,2023-08-03,1615,0 days 00:30:00,88,6,False,False,,,,Free
2023-08-03 08:15:00,11.4879697865153,70.13053,103.65170510262406,224,169,404.8605229870013,136.7851116753973,95,5.0,2352,2023-08-03 08:15:00,2023-08-03 08:15:00,27.946394770133924,-96.62714983676898,,2023-08-03,1622,0 days 00:30:00,89,4,False,False,,,,Free
2023-08-03 08:15:00,18.89686747168534,35.287502,280.4590869950677,224,181,450.1913175939376,228.6501238628655,256,5.0,2363,2023-08-03 08:15:00,2023-08-03 08:15:00,27.49308682406449,-95.70849974114572,,2023-08-03,1627,0 days 00:30:00,91,4,False,False,,,,Free
2023-08-03 08:15:00,13.386828001185725,96.899994,140.74897742090292,224,192,491.1546593342591,225.9933037976328,129,5.0,2374,2023-08-03 08:15:00,2023-08-03 08:15:00,27.08345340666121,-95.73506794103884,,2023-08-03,1645,0 days 00:15:00,93,5,False,False,,,,Free
2023-08-03 08:30:00,3.313358867609104,20.400002,8.622373559601783,225,130,276.5389610384584,434.8506493461255,8,5.0,2381,2023-08-03 08:30:00,2023-08-03 08:30:00,29.229610389619552,-93.64649454523716,,2023-08-03,1614,0 days 00:45:00,87,4,False,False,,,,Free
2023-08-03 08:30:00,11.5041202507537,68.5,103.94334930221588,225,134,323.5918307223927,344.09202755929886,96,5.0,2385,2023-08-03 08:30:00,2023-08-03 08:30:00,28.759081692780136,-94.55408073717018,,2023-08-03,1615,0 days 00:45:00,88,6,False,False,,,,Free
2023-08-03 08:30:00,8.65944673645412,27.733334,58.89388064606744,225,149,400.9762289651919,137.75679170423783,56,5.0,2399,2023-08-03 08:30:00,2023-08-03 08:30:00,27.985237710352024,-96.6174330367582,,2023-08-03,1622,0 days 00:45:00,89,4,False,False,,,,Free
2023-08-03 08:30:00,4.566516451479172,12.16,16.377964843973984,225,154,412.9534450683187,373.793296078472,15,5.0,2404,2023-08-03 08:30:00,2023-08-03 08:30:00,27.86546554932074,-94.25706806046588,,2023-08-03,1685,0 days 00:00:00,95,3,False,False,,,,Free
2023-08-03 08:30:00,12.880905265442385,40.98151,130.31147292225572,225,164,445.6588508401394,228.01087114168692,210,5.0,2411,2023-08-03 08:30:00,2023-08-03 08:30:00,27.53841149160248,-95.71489226817482,,2023-08-03,1627,0 days 00:45:00,91,4,False,False,,,,Free
2023-08-03 08:30:00,14.918697289966198,76.0151,174.80412837471164,225,169,488.9332861236634,228.20267351187692,160,5.0,2416,2023-08-03 08:30:00,2023-08-03 08:30:00,27.10566713876717,-95.71297424452774,,2023-08-03,1645,0 days 00:30:00,93,5,False,False,,,,Free
2023-08-03 08:45:00,11.91536466165333,63.751457,111.50762290351916,226,128,322.5832232426368,346.2458388367973,104,5.0,2423,2023-08-03 08:45:00,2023-08-03 08:45:00,28.7691677675777,-94.53254262501063,,2023-08-03,1615,0 days 01:00:00,88,6,False,False,,,,Free
2023-08-03 08:45:00,7.362618983976856,23.384613,42.57498797250429,226,145,411.2666666648932,375.5969316587842,39,5.0,2438,2023-08-03 08:45:00,2023-08-03 08:45:00,27.882333333355,-94.2390317051782,,2023-08-03,1685,0 days 00:15:00,95,3,False,False,,,,Free
2023-08-03 08:45:00,5.278730851507736,12.480001,21.88511935391984,226,152,436.7250000255448,234.3702380859122,24,5.0,2443,2023-08-03 08:45:00,2023-08-03 08:45:00,27.62774999974844,-95.6512986005498,,2023-08-03,1705,0 days 00:00:00,96,3,False,False,,,,Free
2023-08-03 08:45:00,7.1805915867697285,26.724323,40.495832657092826,226,153,439.5388074067436,243.33412209297944,46,5.0,2444,2023-08-03 08:45:00,2023-08-03 08:45:00,27.599611925936447,-95.56165976304068,,2023-08-03,1706,0 days 00:00:00,97,3,False,False,,,,Free
2023-08-03 08:45:00,3.739377105761508,13.440001,10.98217628953851,226,159,477.0047393316732,267.39099525852146,10,5.0,2450,2023-08-03 08:45:00,2023-08-03 08:45:00,27.224952606687093,-95.3210910382598,,2023-08-03,1711,0 days 00:00:00,98,3,False,False,,,,Free
2023-08-03 08:45:00,15.73976760228153,102.29151,194.574764189689,226,160,487.4121574733886,230.59129182407932,177,5.0,2451,2023-08-03 08:45:00,2023-08-03 08:45:00,27.12087842526992,-95.68908806208827,,2023-08-03,1645,0 days 00:45:00,93,5,False,False,,,,Free
2023-08-03 09:00:00,3.09959037836759,15.085714,7.545681842349092,227,122,278.0,440.7507081976948,7,5.0,2456,2023-08-03 09:00:00,2023-08-03 09:00:00,29.21500000000413,-93.58749395840748,,2023-08-03,1714,0 days 00:00:00,99,3,False,False,,,,Free
2023-08-03 09:00:00,9.31816123655165,29.409521,68.19465291461256,227,125,321.3865261965406,348.3042007891792,63,5.0,2459,2023-08-03 09:00:00,2023-08-03 09:00:00,28.781134738038663,-94.51195900607502,,2023-08-03,1615,0 days 01:15:00,88,6,False,False,,,,Free
2023-08-03 09:00:00,5.875312482096227,22.656,27.11139227886284,227,127,340.36520162649214,293.46171274716835,25,5.0,2461,2023-08-03 09:00:00,2023-08-03 09:00:00,28.59134798373912,-95.06038387082327,,2023-08-03,1716,0 days 00:00:00,100,3,False,False,,,,Free
2023-08-03 09:00:00,2.8795699606179785,9.599999,6.512461219399346,227,132,349.6666666666667,295.8333333333333,6,5.0,2466,2023-08-03 09:00:00,2023-08-03 09:00:00,28.49833333333736,-95.03666766563936,,2023-08-03,1718,0 days 00:00:00,101,3,False,False,,,,Free
2023-08-03 09:00:00,3.910059556160121,9.599999,12.007611447458729,227,143,410.38461538461536,378.3076923076923,13,5.0,2477,2023-08-03 09:00:00,2023-08-03 09:00:00,27.89115384615777,-94.21192409946372,,2023-08-03,1685,0 days 00:30:00,95,3,False,False,,,,Free
2023-08-03 09:00:00,3.119741090417384,126.17143,7.644111048454037,227,144,414.1461919575622,73.69488329828312,7,5.0,2478,2023-08-03 09:00:00,2023-08-03 09:00:00,27.8535380804283,-97.2580521025114,,2023-08-03,1724,0 days 00:00:00,102,3,False,False,,,,Free
2023-08-03 09:00:00,5.5357840990602325,13.527274,24.06845256898012,227,148,434.754797436487,235.07995735103657,22,5.0,2482,2023-08-03 09:00:00,2023-08-03 09:00:00,27.64745202563902,-95.64420140810137,,2023-08-03,1705,0 days 00:15:00,96,3,False,False,,,,Free
2023-08-03 09:00:00,7.276663674474911,16.926315,41.58670255755873,227,149,438.1447484565239,243.1999117367316,38,5.0,2483,2023-08-03 09:00:00,2023-08-03 09:00:00,27.613552515438645,-95.56300186656485,,2023-08-03,1706,0 days 00:15:00,97,3,False,False,,,,Free
2023-08-03 09:00:00,6.573979273446428,34.993546,33.942712246415915,227,151,444.35362439077846,138.46784255070693,31,5.0,2485,2023-08-03 09:00:00,2023-08-03 09:00:00,27.55146375609609,-96.61032252849674,,2023-08-03,1728,0 days 00:00:00,103,3,False,False,,,,Free
2023-08-03 09:00:00,8.444421004211193,52.705887,56.0053655191769,227,155,475.1889026212937,268.2818742170738,51,5.0,2489,2023-08-03 09:00:00,2023-08-03 09:00:00,27.24311097379089,-95.31218224892882,,2023-08-03,1711,0 days 00:15:00,98,3,False,False,,,,Free
2023-08-03 09:00:00,,,,227,158,486.1618187423082,232.05185729538,154,5.0,2492,2023-08-03 09:00:00,2023-08-03 09:00:00,27.133381812580726,-95.67448240779264,,2023-08-03,1645,0 days 01:00:00,93,5,False,False,,,,Free
2023-08-03 09:15:00,5.105789165351649,18.189476,20.474609910458543,228,103,274.9086257362175,442.4605263034063,24,5.0,2494,2023-08-03 09:15:00,2023-08-03 09:15:00,29.245913742641964,-93.57039577783894,,2023-08-03,1714,0 days 00:15:00,99,3,False,False,,,,Free
2023-08-03 09:15:00,5.376453064941068,16.457144,22.70291374395444,228,104,307.8614892044416,237.02161729885407,23,5.0,2495,2023-08-03 09:15:00,2023-08-03 09:15:00,28.91638510795968,-95.62478480917804,,2023-08-03,1735,0 days 00:00:00,104,3,False,False,,,,Free
2023-08-03 09:15:00,6.850931209850359,25.694118,36.86286577901125,228,109,338.1779420045133,295.3840250151096,34,5.0,2500,2023-08-03 09:15:00,2023-08-03 09:15:00,28.61322057995891,-95.0411607486932,,2023-08-03,1716,0 days 00:15:00,100,3,False,False,,,,Free
2023-08-03 09:15:00,6.438497093869164,61.760002,32.558087752752186,228,112,348.5542635501185,296.2482968985551,30,5.0,2503,2023-08-03 09:15:00,2023-08-03 09:15:00,28.50945736450284,-95.03251803010572,,2023-08-03,1718,0 days 00:15:00,101,3,False,False,,,,Free
2023-08-03 09:15:00,2.636568690502359,165.12,5.45969098154523,228,124,414.0302273260367,73.65276042570687,5,5.0,2515,2023-08-03 09:15:00,2023-08-03 09:15:00,27.85469772674356,-97.2584733312251,,2023-08-03,1724,0 days 00:15:00,102,3,False,False,,,,Free
2023-08-03 09:15:00,4.255329850818429,9.599999,14.221858105289114,228,126,434.2307692307692,236.15384615384616,13,5.0,2517,2023-08-03 09:15:00,2023-08-03 09:15:00,27.6526923076962,-95.6334625203802,,2023-08-03,1705,0 days 00:30:00,96,3,False,False,,,,Free
2023-08-03 09:15:00,6.677308062125531,9.900001,35.01811041048109,228,129,437.65306121828354,242.93877551268656,32,5.0,2520,2023-08-03 09:15:00,2023-08-03 09:15:00,27.61846938782105,-95.56561322873064,,2023-08-03,1706,0 days 00:30:00,97,3,False,False,,,,Free
2023-08-03 09:15:00,6.573979273446428,28.180641,33.942712246415915,228,130,444.043417761944,138.5251878611612,31,5.0,2521,2023-08-03 09:15:00,2023-08-03 09:15:00,27.55456582238444,-96.60974907540856,,2023-08-03,1728,0 days 00:15:00,103,3,False,False,,,,Free
2023-08-03 09:15:00,8.192269966534521,51.399998,52.71065251004535,228,132,475.2969800278907,268.3615019196488,49,5.0,2523,2023-08-03 09:15:00,2023-08-03 09:15:00,27.24203019972492,-95.31138597192586,,2023-08-03,1711,0 days 00:30:00,98,3,False,False,,,,Free
2023-08-03 09:30:00,3.703977279262323,12.4800005,10.775229014855332,229,104,273.93850267277406,443.7540106910964,10,5.0,2530,2023-08-03 09:30:00,2023-08-03 09:30:00,29.2556149732764,-93.55746093433169,,2023-08-03,1714,0 days 00:30:00,99,3,False,False,,,,Free
2023-08-03 09:30:00,8.70044596764095,27.054546,59.45288170544926,229,106,306.709810388733,239.59851608847103,55,5.0,2531,2023-08-03 09:30:00,2023-08-03 09:30:00,28.92790189611676,-95.59901582201826,,2023-08-03,1735,0 days 00:15:00,104,3,False,False,,,,Free
2023-08-03 09:30:00,3.715361107036132,9.6,10.84156411317558,229,109,337.5,295.5,10,5.0,2534,2023-08-03 09:30:00,2023-08-03 09:30:00,28.62000000000404,-95.04000099887742,,2023-08-03,1716,0 days 00:30:00,100,3,False,False,,,,Free
2023-08-03 09:30:00,4.98690473325385,15.466668,19.532238785218148,229,111,346.7983014879192,296.7006369420303,18,5.0,2536,2023-08-03 09:30:00,2023-08-03 09:30:00,28.527016985124835,-95.02799462980022,,2023-08-03,1718,0 days 00:30:00,101,3,False,False,,,,Free
2023-08-03 09:30:00,1.6674893841321117,9.6,2.183815965888528,229,119,413.5,73.0,2,5.0,2544,2023-08-03 09:30:00,2023-08-03 09:30:00,27.86000000000392,-97.26500093529565,,2023-08-03,1724,0 days 00:30:00,102,3,False,False,,,,Free
2023-08-03 09:30:00,4.719017538745377,20.4,17.490131077902166,229,120,425.59496753366136,387.4082792163182,16,5.0,2545,2023-08-03 09:30:00,2023-08-03 09:30:00,27.73905032466729,-94.12091823297806,,2023-08-03,1754,0 days 00:00:00,105,3,False,False,,,,Free
2023-08-03 09:30:00,,,,229,121,443.5,138.5,2,5.0,2546,2023-08-03 09:30:00,2023-08-03 09:30:00,27.560000000003875,-96.610000954013,,2023-08-03,1728,0 days 00:30:00,103,3,False,False,,,,Free
2023-08-03 09:30:00,3.741671322665488,21.12,10.995656194270458,229,127,490.2617866065298,53.476426798772565,10,5.0,2552,2023-08-03 09:30:00,2023-08-03 09:30:00,27.092382133938504,-97.46023666172886,,2023-08-03,1760,0 days 00:00:00,106,3,False,False,,,,Free
2023-08-03 09:45:00,10.426656417619297,57.964546,85.38469017917181,230,55,306.096723399262,243.1649258053793,81,5.0,2555,2023-08-03 09:45:00,2023-08-03 09:45:00,28.93403276601148,-95.56335172586836,,2023-08-03,1735,0 days 00:30:00,104,3,False,False,,,,Free
2023-08-03 09:45:00,5.898542455864575,16.128,27.326203657045447,230,66,424.72681524285474,387.56721782091535,25,5.0,2566,2023-08-03 09:45:00,2023-08-03 09:45:00,27.74773184757536,-94.11932884697752,,2023-08-03,1754,0 days 00:15:00,105,3,False,False,,,,Free
2023-08-03 09:45:00,8.196385352915344,18.4,52.76362419882187,230,71,488.25062183359233,53.15827112634971,48,5.0,2571,2023-08-03 09:45:00,2023-08-03 09:45:00,27.112493781667883,-97.46341821836216,,2023-08-03,1760,0 days 00:15:00,106,3,False,False,,,,Free
2023-08-03 10:00:00,3.538880623014353,9.6,9.83607217960813,231,74,422.9090909090909,389.45454545454544,11,5.0,2582,2023-08-03 10:00:00,2023-08-03 10:00:00,27.765909090913,-94.10045557118052,,2023-08-03,1754,0 days 00:30:00,105,3,False,False,,,,Free
2023-08-03 10:00:00,4.426456512693735,9.599999,15.388712469533209,231,82,486.7142857142857,52.642857142857146,14,5.0,2590,2023-08-03 10:00:00,2023-08-03 10:00:00,27.12785714286095,-97.46857235804976,,2023-08-03,1760,0 days 00:30:00,106,3,False,False,,,,Free
2023-08-03 10:15:00,2.874372318820141,17.6,6.488972370802382,232,58,311.4187082428997,373.5300668113604,7,5.0,2595,2023-08-03 10:15:00,2023-08-03 10:15:00,28.880812917575085,-94.25970035306182,,2023-08-03,1786,0 days 00:00:00,108,3,False,False,,,,Free
2023-08-03 10:30:00,3.887641020740524,11.345454,11.87031361744904,233,61,289.0659025795796,451.8080229144148,11,5.0,2608,2023-08-03 10:30:00,2023-08-03 10:30:00,29.104340974208323,-93.47692081440005,,2023-08-03,1796,0 days 00:00:00,109,3,False,False,,,,Free
2023-08-03 10:30:00,3.104360180971714,9.599999,7.568923045982886,233,64,309.7142857142857,375.0,7,5.0,2611,2023-08-03 10:30:00,2023-08-03 10:30:00,28.897857142861227,-94.24500102159544,,2023-08-03,1786,0 days 00:15:00,108,3,False,False,,,,Free
2023-08-03 10:45:00,6.4198042784271,18.24,32.3693111353084,234,59,287.83484390582817,454.89979858313103,30,5.0,2628,2023-08-03 10:45:00,2023-08-03 10:45:00,29.11665156094584,-93.44600305859638,,2023-08-03,1796,0 days 00:15:00,109,3,False,False,,,,Free
2023-08-03 11:00:00,5.371064331229477,22.400003,22.657427009311185,235,90,287.08921729921093,457.0377668483213,21,5.0,2645,2023-08-03 11:00:00,2023-08-03 11:00:00,29.12410782701201,-93.42462337655542,,2023-08-03,1796,0 days 00:30:00,109,3,False,False,,,,Free
2023-08-03 11:00:00,1.659093256762392,9.6,2.1618794719472736,235,92,306.5,379.0,2,5.0,2646,2023-08-03 11:00:00,2023-08-03 11:00:00,28.93000000000409,-94.20500102273849,,2023-08-03,1786,0 days 00:45:00,108,3,False,False,,,,Free
2023-08-03 11:00:00,3.118547449852193,19.199999,7.63826275832684,235,101,406.2857142857143,420.57142857142856,7,5.0,2655,2023-08-03 11:00:00,2023-08-03 11:00:00,27.9321428571468,-93.78928674890368,,2023-08-03,1825,0 days 00:00:00,112,3,False,False,,,,Free
2023-08-03 11:00:00,6.979986654894078,28.525715,38.26476636227424,235,105,426.2700996101573,150.1144036726018,35,5.0,2659,2023-08-03 11:00:00,2023-08-03 11:00:00,27.73229900390233,-96.49385692060588,,2023-08-03,1828,0 days 00:00:00,113,6,False,False,,,,Free
2023-08-03 11:00:00,2.367310801195735,9.6,4.401497308680961,235,115,498.75,215.75,4,5.0,2669,2023-08-03 11:00:00,2023-08-03 11:00:00,27.00750000000379,-95.837500976088,,2023-08-03,1835,0 days 00:00:00,115,3,False,False,,,,Free
2023-08-03 11:15:00,8.507015575390247,45.04615,56.83872630188005,236,100,425.33250098016094,150.49154820204316,52,5.0,2684,2023-08-03 11:15:00,2023-08-03 11:15:00,27.74167499020229,-96.49008547541928,,2023-08-03,1828,0 days 00:15:00,113,6,False,False,,,,Free
2023-08-03 11:15:00,5.159225858666162,45.978947,20.9054231552839,236,111,498.0069355246896,218.02029282705328,19,5.0,2695,2023-08-03 11:15:00,2023-08-03 11:15:00,27.01493064475689,-95.81479804846624,,2023-08-03,1835,0 days 00:15:00,115,3,False,False,,,,Free
2023-08-03 11:30:00,6.1244671137284135,10.666668,29.459576229972367,237,109,405.5490196041766,421.05228759025465,27,5.0,2708,2023-08-03 11:30:00,2023-08-03 11:30:00,27.93950980396217,-93.78447815885283,,2023-08-03,1825,0 days 00:30:00,112,3,False,False,,,,Free
2023-08-03 11:30:00,9.655453558288778,64.477615,73.22092987275468,237,113,422.01395232581945,151.4448180574191,67,5.0,2711,2023-08-03 11:30:00,2023-08-03 11:30:00,27.774860476745715,-96.48055277713792,,2023-08-03,1828,0 days 00:30:00,113,6,False,False,,,,Free
2023-08-03 11:30:00,4.428671109694972,15.771431,15.404114550908394,237,126,497.8421750679066,218.31299734697689,14,5.0,2723,2023-08-03 11:30:00,2023-08-03 11:30:00,27.016578249324727,-95.81187100335065,,2023-08-03,1835,0 days 00:30:00,115,3,False,False,,,,Free
2023-08-03 11:45:00,2.357423662808966,9.6,4.3648081375980246,238,103,405.7142857142857,422.2857142857143,7,5.0,2733,2023-08-03 11:45:00,2023-08-03 11:45:00,27.93785714286108,-93.77214389225072,,2023-08-03,1825,0 days 00:45:00,112,3,False,False,,,,Free
2023-08-03 11:45:00,9.65457292442466,89.982086,73.20757412731935,238,106,421.16382731569325,151.3718079145629,67,5.0,2736,2023-08-03 11:45:00,2023-08-03 11:45:00,27.78336172684698,-96.48128287854558,,2023-08-03,1828,0 days 00:45:00,113,6,False,False,,,,Free
2023-08-03 11:45:00,3.91914934936348,15.709092,12.063505006680458,238,116,461.5246179919312,394.1629881124261,11,5.0,2746,2023-08-03 11:45:00,2023-08-03 11:45:00,27.37975382008453,-94.0533711459472,,2023-08-03,1869,0 days 00:00:00,116,3,False,False,,,,Free
2023-08-03 12:00:00,8.255843564761395,51.330616,53.53191647844191,239,66,419.93128358461473,151.47846004189935,49,5.0,2761,2023-08-03 12:00:00,2023-08-03 12:00:00,27.79568716415777,-96.48021635730272,,2023-08-03,1828,0 days 01:00:00,113,6,False,False,,,,Free
2023-08-03 12:00:00,11.857900283620598,19.770296,110.43467799732584,239,70,428.475283155487,276.64463690055885,103,5.0,2765,2023-08-03 12:00:00,2023-08-03 12:00:00,27.71024716844903,-95.2285546244837,,2023-08-03,1883,0 days 00:00:00,118,4,False,False,,,,Free
2023-08-03 12:00:00,9.152620261585096,47.68,65.7931635874556,239,73,460.1238675422367,395.3528584648507,60,5.0,2768,2023-08-03 12:00:00,2023-08-03 12:00:00,27.393761324581483,-94.041472442763,,2023-08-03,1869,0 days 00:15:00,116,3,False,False,,,,Free
2023-08-03 12:15:00,,,,240,56,321.5,377.5,2,5.0,2772,2023-08-03 12:15:00,2023-08-03 12:15:00,28.780000000004065,-94.22000102230982,,2023-08-03,1888,0 days 00:00:00,119,6,False,False,,,,Free
2023-08-03 12:15:00,1.667796819320294,9.6,2.184621300867198,240,61,417.5,151.0,2,5.0,2777,2023-08-03 12:15:00,2023-08-03 12:15:00,27.820000000003915,-96.485000957585,,2023-08-03,1828,0 days 01:15:00,113,6,False,False,,,,Free
2023-08-03 12:15:00,14.009977991305066,53.855316,154.15754570965592,240,64,426.6299974024468,277.8148535510094,141,5.0,2780,2023-08-03 12:15:00,2023-08-03 12:15:00,27.728700025979435,-95.2168524583136,,2023-08-03,1883,0 days 00:15:00,118,4,False,False,,,,Free
2023-08-03 12:15:00,10.764201561624564,39.440968,91.00254208910988,240,68,458.0654166538066,393.9538935013072,83,5.0,2784,2023-08-03 12:15:00,2023-08-03 12:15:00,27.414345833465788,-94.05546209199866,,2023-08-03,1869,0 days 00:30:00,116,3,False,False,,,,Free
2023-08-03 12:15:00,4.728493450563111,15.0,17.560442891104906,240,69,469.6780072982153,267.46415552144373,17,5.0,2785,2023-08-03 12:15:00,2023-08-03 12:15:00,27.298219927021684,-95.32035943565148,,2023-08-03,1890,0 days 00:00:00,120,4,False,False,,,,Free
2023-08-03 12:30:00,4.840461425530462,44.611763,18.40193144246232,241,62,321.120058997612,377.5899705044292,18,5.0,2789,2023-08-03 12:30:00,2023-08-03 12:30:00,28.78379941002795,-94.21910131729128,,2023-08-03,1888,0 days 00:15:00,119,6,False,False,,,,Free
2023-08-03 12:30:00,5.392714195703492,19.200003,22.84045175693232,241,63,371.4607645870747,373.4218645272126,21,5.0,2790,2023-08-03 12:30:00,2023-08-03 12:30:00,28.28039235413324,-94.26078237587234,,2023-08-03,1892,0 days 00:00:00,121,3,False,False,,,,Free
2023-08-03 12:30:00,13.707074058506675,116.479996,147.56365369131467,241,68,425.3903839653513,279.5272628154929,135,5.0,2795,2023-08-03 12:30:00,2023-08-03 12:30:00,27.74109616035039,-95.19972836615813,,2023-08-03,1883,0 days 00:30:00,118,4,False,False,,,,Free
2023-08-03 12:30:00,7.476315954456653,27.840002,43.9000661595768,241,75,469.3104203357536,266.85332751686644,40,5.0,2802,2023-08-03 12:30:00,2023-08-03 12:30:00,27.3018957966463,-95.32646771552264,,2023-08-03,1890,0 days 00:15:00,120,4,False,False,,,,Free
2023-08-03 12:30:00,4.423664060670987,10.285714,15.36930250288644,241,76,472.5594594625943,255.1243243250209,14,5.0,2803,2023-08-03 12:30:00,2023-08-03 12:30:00,27.26940540537789,-95.44375774408944,,2023-08-03,1899,0 days 00:00:00,122,4,False,False,,,,Free
2023-08-03 12:45:00,5.379531660690176,63.999992,22.728920891620177,242,57,319.8726392304738,379.8348668303073,21,5.0,2808,2023-08-03 12:45:00,2023-08-03 12:45:00,28.79627360769933,-94.19665235467396,,2023-08-03,1888,0 days 00:30:00,119,6,False,False,,,,Free
2023-08-03 12:45:00,5.392473008414748,23.314287,22.83840873991237,242,58,370.9433177309144,373.81123244231935,21,5.0,2809,2023-08-03 12:45:00,2023-08-03 12:45:00,28.285566822694847,-94.25688869683256,,2023-08-03,1892,0 days 00:15:00,121,3,False,False,,,,Free
2023-08-03 12:45:00,14.921386792136992,90.54,174.86716048147218,242,61,423.69520108596646,281.08069322125573,160,5.0,2812,2023-08-03 12:45:00,2023-08-03 12:45:00,27.75804798914424,-95.1841940625444,,2023-08-03,1883,0 days 00:45:00,118,4,False,False,,,,Free
2023-08-03 12:45:00,7.841104259018787,19.854546,48.28856930734992,242,67,468.593329265004,267.55630353261057,44,5.0,2818,2023-08-03 12:45:00,2023-08-03 12:45:00,27.3090667073538,-95.31943795556612,,2023-08-03,1890,0 days 00:30:00,120,4,False,False,,,,Free
2023-08-03 12:45:00,6.475733504097402,28.16,32.935769698240286,242,68,472.72913071332016,255.64478985449568,30,5.0,2819,2023-08-03 12:45:00,2023-08-03 12:45:00,27.26770869287063,-95.43855308894342,,2023-08-03,1899,0 days 00:15:00,122,4,False,False,,,,Free
2023-08-03 13:00:00,6.099835692635474,118.399994,29.223091311453928,243,66,319.42635052756253,380.5890652496464,27,5.0,2825,2023-08-03 13:00:00,2023-08-03 13:00:00,28.800736494728444,-94.18911037069614,,2023-08-03,1888,0 days 00:45:00,119,6,False,False,,,,Free
2023-08-03 13:00:00,3.328310356763902,13.200001,8.700365831981786,243,67,370.2513368970321,374.3074866361296,10,5.0,2826,2023-08-03 13:00:00,2023-08-03 13:00:00,28.29248663103367,-94.25192615503624,,2023-08-03,1892,0 days 00:30:00,121,3,False,False,,,,Free
2023-08-03 13:00:00,4.407750065487359,11.657145,15.25892022450885,243,68,394.0042918411019,240.16523603591176,14,5.0,2827,2023-08-03 13:00:00,2023-08-03 13:00:00,28.05495708159293,-95.59334862270585,,2023-08-03,1909,0 days 00:00:00,123,6,False,False,,,,Free
2023-08-03 13:00:00,3.343031845754308,9.6,8.777501427708216,243,78,466.375,269.25,8,5.0,2836,2023-08-03 13:00:00,2023-08-03 13:00:00,27.33125000000384,-95.30250099137623,,2023-08-03,1890,0 days 00:45:00,120,4,False,False,,,,Free
2023-08-03 13:00:00,4.423536093140224,12.342858,15.368413310933104,243,80,472.5603112688858,255.3988326952931,14,5.0,2838,2023-08-03 13:00:00,2023-08-03 13:00:00,27.26939688731497,-95.44101266046516,,2023-08-03,1899,0 days 00:30:00,122,4,False,False,,,,Free
2023-08-03 13:15:00,5.379261324761171,32.914284,22.726636570253696,244,70,318.3790515266967,381.4943705153088,21,5.0,2845,2023-08-03 13:15:00,2023-08-03 13:15:00,28.811209484737105,-94.18005731829815,,2023-08-03,1888,0 days 01:00:00,119,6,False,False,,,,Free
2023-08-03 13:15:00,6.969088574517285,14.537144,38.14537159193377,244,72,394.4170161543791,240.211503894308,35,5.0,2847,2023-08-03 13:15:00,2023-08-03 13:15:00,28.050829838460164,-95.59288594413503,,2023-08-03,1909,0 days 00:15:00,123,6,False,False,,,,Free
2023-08-03 13:15:00,3.546559676242808,9.6,9.87880527993479,244,86,471.0,254.3333333333333,9,5.0,2859,2023-08-03 13:15:00,2023-08-03 13:15:00,27.28500000000384,-95.4516676537803,,2023-08-03,1899,0 days 00:45:00,122,4,False,False,,,,Free
2023-08-03 13:15:00,4.097115481548989,9.599999,13.183972598526235,244,87,481.2307692307692,365.2307692307692,13,5.0,2860,2023-08-03 13:15:00,2023-08-03 13:15:00,27.18269230769613,-94.34269332649608,,2023-08-03,1931,0 days 00:00:00,124,3,False,False,,,,Free
2023-08-03 13:30:00,2.6245575642571346,9.6,5.410060060247446,245,39,316.8,383.4,5,5.0,2863,2023-08-03 13:30:00,2023-08-03 13:30:00,28.82700000000408,-94.16100102399582,,2023-08-03,1888,0 days 01:15:00,119,6,False,False,,,,Free
2023-08-03 13:30:00,5.525011424194354,11.345455,23.974868958242705,245,40,392.5057306531535,240.64040113888927,22,5.0,2864,2023-08-03 13:30:00,2023-08-03 13:30:00,28.06994269347242,-95.5885969718118,,2023-08-03,1909,0 days 00:30:00,123,6,False,False,,,,Free
2023-08-03 13:45:00,5.524075754939069,30.545452,23.966749283343173,246,42,389.38683272301233,242.0587188490356,22,5.0,2874,2023-08-03 13:45:00,2023-08-03 13:45:00,28.10113167277384,-95.57441379511567,,2023-08-03,1909,0 days 00:45:00,123,6,False,False,,,,Free
2023-08-03 13:45:00,5.00065783259671,17.066668,19.640121029945128,246,43,405.16574586460143,227.1961325961999,18,5.0,2875,2023-08-03 13:45:00,2023-08-03 13:45:00,27.94334254135792,-95.72303965339688,,2023-08-03,1936,0 days 00:00:00,125,3,False,False,,,,Free
2023-08-03 13:45:00,13.851359037146198,87.86087,150.68660722114086,246,44,413.1174310042559,290.1838947958472,138,5.0,2876,2023-08-03 13:45:00,2023-08-03 13:45:00,27.863825689961367,-95.09316204939984,,2023-08-03,1937,0 days 00:00:00,126,3,False,False,,,,Free
2023-08-03 13:45:00,4.096763423295349,9.599999,13.181706942617485,246,50,479.4166666666667,362.75,12,5.0,2882,2023-08-03 13:45:00,2023-08-03 13:45:00,27.200833333337155,-94.36750101809486,,2023-08-03,1931,0 days 00:30:00,124,3,False,False,,,,Free
2023-08-03 14:00:00,5.523794773874996,21.81818,23.964311217050167,247,39,386.980000007217,242.44378378874373,22,5.0,2886,2023-08-03 14:00:00,2023-08-03 14:00:00,28.125199999931795,-95.5705631458286,,2023-08-03,1909,0 days 01:00:00,123,6,False,False,,,,Free
2023-08-03 14:00:00,3.3336111791843965,18.0,8.728101118077282,247,40,404.46961326840153,227.561694294534,9,5.0,2887,2023-08-03 14:00:00,2023-08-03 14:00:00,27.95030386731992,-95.71938403651797,,2023-08-03,1936,0 days 00:15:00,125,3,False,False,,,,Free
2023-08-03 14:00:00,12.420968427412012,64.691895,121.1715873204808,247,41,411.357521523388,290.04114704352787,114,5.0,2888,2023-08-03 14:00:00,2023-08-03 14:00:00,27.881424784770047,-95.09458952688226,,2023-08-03,1937,0 days 00:15:00,126,3,False,False,,,,Free
2023-08-03 14:00:00,6.68977718887546,12.0,35.149017340729245,247,47,478.8151785686917,362.5410714291796,32,5.0,2892,2023-08-03 14:00:00,2023-08-03 14:00:00,27.206848214316903,-94.3695903037434,,2023-08-03,1931,0 days 00:45:00,124,3,False,False,,,,Free
2023-08-03 14:15:00,5.642957855022493,15.4434805,25.009412788999946,248,32,368.3995098083138,420.1274509681703,24,5.0,2894,2023-08-03 14:15:00,2023-08-03 14:15:00,28.311004901920857,-93.7937265248094,,2023-08-03,1943,0 days 00:00:00,128,6,False,False,,,,Free
2023-08-03 14:15:00,5.2662548276087815,13.440001,21.781792769467767,248,33,385.46800948295714,243.27962085120623,20,5.0,2895,2023-08-03 14:15:00,2023-08-03 14:15:00,28.1403199051744,-95.56220477544286,,2023-08-03,1909,0 days 01:15:00,123,6,False,False,,,,Free
2023-08-03 14:15:00,2.886707782357659,9.599999,6.544787157437509,248,34,402.5,228.0,6,5.0,2896,2023-08-03 14:15:00,2023-08-03 14:15:00,27.970000000003942,-95.71500097958858,,2023-08-03,1936,0 days 00:30:00,125,3,False,False,,,,Free
2023-08-03 14:15:00,9.57653075328504,18.181816,72.02881943765743,248,35,408.3597701011861,288.76758618704594,66,5.0,2897,2023-08-03 14:15:00,2023-08-03 14:15:00,27.91140229899207,-95.1073251350831,,2023-08-03,1937,0 days 00:30:00,126,3,False,False,,,,Free
2023-08-03 14:30:00,12.113115784903588,49.539623,115.2395671538777,249,29,367.1510897419987,422.0462038037159,111,5.0,2903,2023-08-03 14:30:00,2023-08-03 14:30:00,28.32348910258401,-93.77453899700224,,2023-08-03,1943,0 days 00:15:00,128,6,False,False,,,,Free
2023-08-03 14:45:00,13.206210215586726,91.42857,136.97657206723318,250,16,366.45816346066863,421.9550045790264,126,5.0,2910,2023-08-03 14:45:00,2023-08-03 14:45:00,28.33041836539731,-93.77545098922307,,2023-08-03,1943,0 days 00:30:00,128,6,False,False,,,,Free
2023-08-03 15:00:00,11.764471580388213,70.464005,108.70129830482922,251,19,365.36716698885255,421.9751968460614,102,5.0,2914,2023-08-03 15:00:00,2023-08-03 15:00:00,28.34132833011548,-93.7752490665585,,2023-08-03,1943,0 days 00:45:00,128,6,False,False,,,,Free
2023-08-03 15:15:00,3.7192551711907087,10.559999,10.864302075463812,252,29,359.66906474573346,361.910071949233,10,5.0,2920,2023-08-03 15:15:00,2023-08-03 15:15:00,28.398309352546672,-94.37590029836252,,2023-08-03,1956,0 days 00:00:00,129,3,False,False,,,,Free
2023-08-03 15:15:00,11.03525819597542,66.98182,95.64337202326892,252,30,363.9283988586111,422.3189838546448,90,5.0,2921,2023-08-03 15:15:00,2023-08-03 15:15:00,28.35571601141789,-93.77181119657092,,2023-08-03,1943,0 days 01:00:00,128,6,False,False,,,,Free
2023-08-03 15:30:00,4.989697723720153,15.466666,19.55412355596977,253,41,358.776008491548,360.8046709082224,18,5.0,2926,2023-08-03 15:30:00,2023-08-03 15:30:00,28.407239915088528,-94.38695430845672,,2023-08-03,1956,0 days 00:15:00,129,3,False,False,,,,Free
2023-08-03 15:30:00,4.556054994358694,13.440001,16.303010063937684,253,45,363.9273301723477,422.9873617822048,15,5.0,2929,2023-08-03 15:30:00,2023-08-03 15:30:00,28.355726698280524,-93.76512741748633,,2023-08-03,1943,0 days 01:15:00,128,6,False,False,,,,Free
2023-08-03 15:30:00,,,,253,51,493.5,314.5,4,5.0,2933,2023-08-03 15:30:00,2023-08-03 15:30:00,27.0600000000038,-94.85000100430692,,2023-08-03,1963,0 days 00:00:00,130,3,False,False,,,,Free
2023-08-03 15:45:00,4.073803998890579,17.6,13.03437290335564,254,36,357.3756613749939,361.0026454999757,12,5.0,2934,2023-08-03 15:45:00,2023-08-03 15:45:00,28.42124338625408,-94.3849745625958,,2023-08-03,1956,0 days 00:30:00,129,3,False,False,,,,Free
2023-08-03 15:45:00,5.021085503984444,11.733334,19.80090843280141,254,43,494.23259260159296,313.9377777708705,21,5.0,2941,2023-08-03 15:45:00,2023-08-03 15:45:00,27.052674073987863,-94.85562322643756,,2023-08-03,1963,0 days 00:15:00,130,3,False,False,,,,Free
2023-08-03 16:00:00,4.879534230819478,22.023531,18.700215845629856,255,15,493.7400909820121,312.04743339702213,21,5.0,2944,2023-08-03 16:00:00,2023-08-03 16:00:00,27.057599090183675,-94.87452666963584,,2023-08-03,1963,0 days 00:30:00,130,3,False,False,,,,Free
2023-08-03 18:00:00,4.77617913541463,79.62353,17.916414258335788,263,28,57.27999367919745,467.2639129617653,17,5.0,2963,2023-08-03 18:00:00,2023-08-03 18:00:00,31.422200063212507,-93.32236191834323,,2023-08-03,1984,0 days 00:00:00,131,3,False,False,,,,Free
2023-08-03 18:00:00,2.631593899600003,9.6,5.439107260725577,263,32,373.2,318.4,5,5.0,2967,2023-08-03 18:00:00,2023-08-03 18:00:00,28.263000000003988,-94.81100100542136,,2023-08-03,1988,0 days 00:00:00,132,3,False,False,,,,Free
2023-08-03 18:00:00,6.356222558218339,34.758617,31.73131511400498,263,35,436.04889919665527,316.86071843096903,29,5.0,2970,2023-08-03 18:00:00,2023-08-03 18:00:00,27.634511008037336,-94.8263938206718,,2023-08-03,1991,0 days 00:00:00,133,3,False,False,,,,Free
2023-08-03 18:15:00,5.048966281007242,60.631573,20.021417503216583,264,25,56.095516213112695,467.01375282253593,20,5.0,2971,2023-08-03 18:15:00,2023-08-03 18:15:00,31.434044837873355,-93.324863519664,,2023-08-03,1984,0 days 00:15:00,131,3,False,False,,,,Free
2023-08-03 18:15:00,5.263138386718129,19.680002,21.75602053226184,264,28,372.9346049055172,317.9243869159139,20,5.0,2974,2023-08-03 18:15:00,2023-08-03 18:15:00,28.265653950948813,-94.81575713612632,,2023-08-03,1988,0 days 00:15:00,132,3,False,False,,,,Free
2023-08-03 18:15:00,8.67329974537838,55.46667,59.082463142336586,264,31,434.6262292691959,316.91435493563097,54,5.0,2977,2023-08-03 18:15:00,2023-08-03 18:15:00,27.64873770731193,-94.82585745564052,,2023-08-03,1991,0 days 00:15:00,133,3,False,False,,,,Free
2023-08-03 18:30:00,4.633203694920473,23.400002,16.85980974074272,265,34,55.451086956416106,465.724864127816,16,5.0,2978,2023-08-03 18:30:00,2023-08-03 18:30:00,31.440489130440323,-93.33775240624288,,2023-08-03,1984,0 days 00:30:00,131,3,False,False,,,,Free
2023-08-03 18:30:00,2.631346882864122,9.6,5.438086216053665,265,36,371.2,317.4,5,5.0,2980,2023-08-03 18:30:00,2023-08-03 18:30:00,28.28300000000399,-94.8210010051356,,2023-08-03,1988,0 days 00:30:00,132,3,False,False,,,,Free
2023-08-03 18:30:00,9.293055994914209,15.174191,67.82768417907897,265,41,434.3499844868888,315.5100837737592,65,5.0,2985,2023-08-03 18:30:00,2023-08-03 18:30:00,27.651500155135004,-94.83990016685794,,2023-08-03,1991,0 days 00:30:00,133,3,False,False,,,,Free
2023-08-04 02:30:00,7.630779056425714,23.314287,45.73278394372918,297,130,383.1001040305898,327.10608423538145,42,5.0,3041,2023-08-04 02:30:00,2023-08-04 02:30:00,28.16399895969808,-94.7239401655554,,2023-08-04,2050,0 days 00:00:00,135,8,False,False,,,,Free
2023-08-04 02:45:00,9.418963512275026,26.85,69.6780696235928,298,136,381.6806350535141,330.1397311098137,64,5.0,3074,2023-08-04 02:45:00,2023-08-04 02:45:00,28.178193649468835,-94.693603697678,,2023-08-04,2050,0 days 00:15:00,135,8,False,False,,,,Free
2023-08-04 03:00:00,8.703014018358441,30.021812,59.48798348035771,299,111,312.8024996281384,231.5567504760745,55,5.0,3087,2023-08-04 03:00:00,2023-08-04 03:00:00,28.866975003722697,-95.67943347584423,,2023-08-04,2089,0 days 00:00:00,137,3,False,False,,,,Free
2023-08-04 03:00:00,10.058786649777955,44.186302,79.46594910920457,299,133,380.3040620837591,330.92742781041665,73,5.0,3107,2023-08-04 03:00:00,2023-08-04 03:00:00,28.191959379166384,-94.68572673089704,,2023-08-04,2050,0 days 00:30:00,135,8,False,False,,,,Free
2023-08-04 03:15:00,,,,300,143,312.021065683102,233.5700123930381,33,5.0,3123,2023-08-04 03:15:00,2023-08-04 03:15:00,28.874789343173063,-95.65930085724987,,2023-08-04,2089,0 days 00:15:00,137,3,False,False,,,,Free
2023-08-04 03:30:00,11.31968067374238,60.283882,100.63712762090591,301,111,317.94176679877734,361.2216128088721,93,5.0,3159,2023-08-04 03:30:00,2023-08-04 03:30:00,28.81558233201629,-94.3827848895694,,2023-08-04,2143,0 days 00:00:00,139,4,False,False,,,,Free
2023-08-04 03:30:00,1.1735234634539304,9.6,1.081616829269437,301,114,312.5,234.5,2,5.0,3161,2023-08-04 03:30:00,2023-08-04 03:30:00,28.870000000004083,-95.65000098144606,,2023-08-04,2089,0 days 00:30:00,137,3,False,False,,,,Free
2023-08-04 03:30:00,10.26028319082207,33.600006,82.68154377640155,301,125,374.7791754238117,331.86539344582883,77,5.0,3171,2023-08-04 03:30:00,2023-08-04 03:30:00,28.24720824576587,-94.67634707481096,,2023-08-04,2050,0 days 01:00:00,135,8,False,False,,,,Free
2023-08-04 03:30:00,9.19901224105976,75.22623,66.4618268895888,301,126,389.2231001914717,343.17901185712594,134,5.0,3172,2023-08-04 03:30:00,2023-08-04 03:30:00,28.10276899808925,-94.563210893931,,2023-08-04,2151,0 days 00:00:00,141,3,False,False,,,,Free
2023-08-04 03:45:00,7.483178226616594,27.160978,43.98069208803628,302,124,228.14395773174496,401.9381465835037,41,5.0,3174,2023-08-04 03:45:00,2023-08-04 03:45:00,29.713560422686765,-93.97561956345828,,2023-08-04,2153,0 days 00:00:00,143,3,False,False,,,,Free
2023-08-04 03:45:00,3.1005185372835773,9.599999,7.550201562455138,302,131,284.1428571428572,272.7142857142857,7,5.0,3181,2023-08-04 03:45:00,2023-08-04 03:45:00,29.15357142857556,-95.26785813522332,,2023-08-04,2158,0 days 00:00:00,145,6,False,False,,,,Free
2023-08-04 03:45:00,11.438639627078269,52.85053,102.7634407517407,302,138,314.0844735695507,361.3515332888567,95,5.0,3188,2023-08-04 03:45:00,2023-08-04 03:45:00,28.85415526430857,-94.38148568480663,,2023-08-04,2143,0 days 00:15:00,139,4,False,False,,,,Free
2023-08-04 03:45:00,1.1736363249647956,9.6,1.0818248843844849,302,140,314.5,290.5,2,5.0,3190,2023-08-04 03:45:00,2023-08-04 03:45:00,28.85000000000408,-95.09000099744868,,2023-08-04,2162,0 days 00:00:00,146,6,False,False,,,,Free
2023-08-04 03:45:00,3.716262529847942,13.44,10.846825523020078,302,148,342.4407582975875,385.94549762926073,10,5.0,3197,2023-08-04 03:45:00,2023-08-04 03:45:00,28.57059241702816,-94.13554604843064,,2023-08-04,2168,0 days 00:00:00,147,3,False,False,,,,Free
2023-08-04 03:45:00,11.163485878605876,66.666664,97.8790027981379,302,155,370.89388974346303,331.91858999355475,91,5.0,3202,2023-08-04 03:45:00,2023-08-04 03:45:00,28.28606110256936,-94.67581510934887,,2023-08-04,2050,0 days 01:15:00,135,8,False,False,,,,Free
2023-08-04 03:45:00,7.722457377442135,23.888374,46.838278148841965,302,158,387.3095296583146,346.54493968046523,43,5.0,3205,2023-08-04 03:45:00,2023-08-04 03:45:00,28.121904703420817,-94.52955161665945,,2023-08-04,2151,0 days 00:15:00,141,3,False,False,,,,Free
2023-08-04 04:00:00,6.178322582615319,22.285711,29.979959460648264,303,121,210.50702478050104,331.3409091050602,28,5.0,3209,2023-08-04 04:00:00,2023-08-04 04:00:00,29.88992975219923,-94.68159191806876,,2023-08-04,2177,0 days 00:00:00,148,3,False,False,,,,Free
2023-08-04 04:00:00,10.835244695024834,64.85581,92.20772955609374,303,122,223.97148186522583,403.11282928875954,86,5.0,3210,2023-08-04 04:00:00,2023-08-04 04:00:00,29.75528518135196,-93.9638727367414,,2023-08-04,2153,0 days 00:15:00,143,3,False,False,,,,Free
2023-08-04 04:00:00,8.285167063943598,53.567997,53.91286624838057,303,129,280.54982703335014,272.4803162725835,50,5.0,3216,2023-08-04 04:00:00,2023-08-04 04:00:00,29.18950172967063,-95.27019782957348,,2023-08-04,2158,0 days 00:15:00,145,6,False,False,,,,Free
2023-08-04 04:00:00,11.19227519758723,44.096703,98.38449066124645,303,135,310.39350157877595,362.08679521543365,91,5.0,3221,2023-08-04 04:00:00,2023-08-04 04:00:00,28.891064984216325,-94.37413306575104,,2023-08-04,2143,0 days 00:30:00,139,4,False,False,,,,Free
2023-08-04 04:00:00,8.129161370481807,37.0,51.90167463819948,303,136,309.1605469107526,291.1325520773874,48,5.0,3222,2023-08-04 04:00:00,2023-08-04 04:00:00,28.90339453089656,-95.08367547685556,,2023-08-04,2162,0 days 00:15:00,146,6,False,False,,,,Free
2023-08-04 04:00:00,7.242517461103024,36.126312,41.19732173830084,303,145,337.42390936599327,387.4095367056509,38,5.0,3230,2023-08-04 04:00:00,2023-08-04 04:00:00,28.62076090634411,-94.12090565808512,,2023-08-04,2168,0 days 00:15:00,147,3,False,False,,,,Free
2023-08-04 04:00:00,11.705897390561038,42.76364,107.62156601635076,303,151,366.68683463609386,332.82282137777105,99,5.0,3234,2023-08-04 04:00:00,2023-08-04 04:00:00,28.32813165364306,-94.66677279576516,,2023-08-04,2050,0 days 01:30:00,135,8,False,False,,,,Free
2023-08-04 04:00:00,1.665285500019561,9.6,2.1780471774085743,303,154,385.0,351.5,2,5.0,3237,2023-08-04 04:00:00,2023-08-04 04:00:00,28.145000000003968,-94.48000101488005,,2023-08-04,2151,0 days 00:30:00,141,3,False,False,,,,Free
2023-08-04 04:15:00,7.74337044826373,43.199997,47.0923057228134,304,118,206.29771536173283,333.7013326944971,44,5.0,3243,2023-08-04 04:15:00,2023-08-04 04:15:00,29.93202284638692,-94.6579876828489,,2023-08-04,2177,0 days 00:15:00,148,3,False,False,,,,Free
2023-08-04 04:15:00,10.316601273925023,29.78462,83.59170297941827,304,119,219.5701310576436,405.0926824466371,79,5.0,3244,2023-08-04 04:15:00,2023-08-04 04:15:00,29.79929868942779,-93.94407420572838,,2023-08-04,2153,0 days 00:30:00,143,3,False,False,,,,Free
2023-08-04 04:15:00,9.149013656413732,49.88853,65.7413219934633,304,126,274.9629683875682,273.97531225652125,61,5.0,3248,2023-08-04 04:15:00,2023-08-04 04:15:00,29.24537031612845,-95.25524787016133,,2023-08-04,2158,0 days 00:30:00,145,6,False,False,,,,Free
2023-08-04 04:15:00,10.226142140355536,52.92632,82.13221424606864,304,133,303.55424994905223,291.6350208649947,76,5.0,3254,2023-08-04 04:15:00,2023-08-04 04:15:00,28.95945750051357,-95.07865078912306,,2023-08-04,2162,0 days 00:30:00,146,6,False,False,,,,Free
2023-08-04 04:15:00,7.512875066033898,16.858536,44.33045768270904,304,134,308.6988893558968,362.1493212632406,41,5.0,3255,2023-08-04 04:15:00,2023-08-04 04:15:00,28.90801110644512,-94.37350780529084,,2023-08-04,2143,0 days 00:45:00,139,4,False,False,,,,Free
2023-08-04 04:15:00,7.96761241330981,50.086964,49.85931188771959,304,141,334.89816779528167,388.1473481105921,46,5.0,3261,2023-08-04 04:15:00,2023-08-04 04:15:00,28.64601832205123,-94.1135275442465,,2023-08-04,2168,0 days 00:30:00,147,3,False,False,,,,Free
2023-08-04 04:15:00,10.843987784056738,17.50588,92.35659664123236,304,143,360.62176844871385,335.3561258838524,86,5.0,3263,2023-08-04 04:15:00,2023-08-04 04:15:00,28.388782315516867,-94.64143975142828,,2023-08-04,2050,0 days 01:45:00,135,8,False,False,,,,Free
2023-08-04 04:15:00,4.9928170761684125,12.266667,19.57858005522757,304,146,371.7798165197816,130.7155963289374,18,5.0,3266,2023-08-04 04:15:00,2023-08-04 04:15:00,28.27720183480617,-96.68784498849914,,2023-08-04,2201,0 days 00:00:00,150,3,False,False,,,,Free
2023-08-04 04:30:00,6.805812512997854,18.917646,36.3789234740684,305,130,203.2337278087786,335.1817413312671,34,5.0,3276,2023-08-04 04:30:00,2023-08-04 04:30:00,29.962662721916463,-94.6431835969043,,2023-08-04,2177,0 days 00:30:00,148,3,False,False,,,,Free
2023-08-04 04:30:00,2.863570703469806,9.599999,6.4402941360702,305,133,234.8333333333333,419.0,6,5.0,3278,2023-08-04 04:30:00,2023-08-04 04:30:00,29.646666666670868,-93.80500103416892,,2023-08-04,2211,0 days 00:00:00,151,4,False,False,,,,Free
2023-08-04 04:30:00,13.44765428913122,100.218185,142.0309372480293,305,134,259.1102889626399,424.2765578503476,132,5.0,3279,2023-08-04 04:30:00,2023-08-04 04:30:00,29.40389711037777,-93.7522354571733,,2023-08-04,2212,0 days 00:00:00,152,4,False,False,,,,Free
2023-08-04 04:30:00,5.971175496851915,39.138462,28.003321889928444,305,137,268.8406940128168,275.6894997712664,26,5.0,3282,2023-08-04 04:30:00,2023-08-04 04:30:00,29.306593059875983,-95.2381059955037,,2023-08-04,2158,0 days 00:45:00,145,6,False,False,,,,Free
2023-08-04 04:30:00,10.811830381652047,94.64471,91.80964939785063,305,141,298.0705005151311,292.80962755013826,85,5.0,3286,2023-08-04 04:30:00,2023-08-04 04:30:00,29.0142949948528,-95.06690472260726,,2023-08-04,2162,0 days 00:45:00,146,6,False,False,,,,Free
2023-08-04 04:30:00,5.639234840716716,10.852176,24.97642310926493,305,150,354.5096582544474,310.44427935031683,23,5.0,3295,2023-08-04 04:30:00,2023-08-04 04:30:00,28.44990341745954,-94.89055820964478,,2023-08-04,2220,0 days 00:00:00,153,4,False,False,,,,Free
2023-08-04 04:30:00,4.073338803938756,12.000001,13.031396236695128,305,151,354.036480700529,339.00858368220383,14,5.0,3296,2023-08-04 04:30:00,2023-08-04 04:30:00,28.45463519299873,-94.60491517448844,,2023-08-04,2050,0 days 02:00:00,135,8,False,False,,,,Free
2023-08-04 04:30:00,7.804153270944254,23.781816,47.83452456235034,305,156,366.84728945391214,131.63213940653606,44,5.0,3298,2023-08-04 04:30:00,2023-08-04 04:30:00,28.32652710546488,-96.67867955798503,,2023-08-04,2201,0 days 00:15:00,150,3,False,False,,,,Free
2023-08-04 04:30:00,,,,305,169,466.5,179.5,4,5.0,3310,2023-08-04 04:30:00,2023-08-04 04:30:00,27.33000000000384,-96.20000096572916,,2023-08-04,2230,0 days 00:00:00,156,6,False,False,,,,Free
2023-08-04 04:45:00,7.392013895531879,22.56,42.915623896288935,306,122,229.5395785944192,421.5014236752088,40,5.0,3314,2023-08-04 04:45:00,2023-08-04 04:45:00,29.69960421406002,-93.77998679813165,,2023-08-04,2211,0 days 00:15:00,151,4,False,False,,,,Free
2023-08-04 04:45:00,13.944347786577474,92.55211,152.71661644272376,306,123,254.0600726508968,425.0336290995177,144,5.0,3315,2023-08-04 04:45:00,2023-08-04 04:45:00,29.45439927349521,-93.74466474489792,,2023-08-04,2212,0 days 00:15:00,152,4,False,False,,,,Free
2023-08-04 04:45:00,8.192999840756968,17.240814,52.72004523281277,306,126,258.4764921866952,453.6762254116601,49,5.0,3318,2023-08-04 04:45:00,2023-08-04 04:45:00,29.41023507813721,-93.45823878996146,,2023-08-04,2234,0 days 00:00:00,157,4,False,False,,,,Free
2023-08-04 04:45:00,3.512044522041925,46.933334,9.687459658166912,306,127,263.3687436061386,277.6332992976812,10,5.0,3319,2023-08-04 04:45:00,2023-08-04 04:45:00,29.36131256394277,-95.21866800079503,,2023-08-04,2158,0 days 01:00:00,145,6,False,False,,,,Free
2023-08-04 04:45:00,11.122587482505551,58.560005,97.16314013143663,306,129,292.6682018100762,294.01132686836326,90,5.0,3321,2023-08-04 04:45:00,2023-08-04 04:45:00,29.068317981903352,-95.05488772976838,,2023-08-04,2162,0 days 01:00:00,146,6,False,False,,,,Free
2023-08-04 04:45:00,10.315671948048225,34.036366,83.5766436722504,306,137,348.810716548069,312.207889798752,77,5.0,3325,2023-08-04 04:45:00,2023-08-04 04:45:00,28.50689283452333,-94.87292210566436,,2023-08-04,2220,0 days 00:15:00,153,4,False,False,,,,Free
2023-08-04 04:45:00,8.802093159567697,22.800001,60.850170975347645,306,140,360.6492777082573,133.8832262994039,56,5.0,3327,2023-08-04 04:45:00,2023-08-04 04:45:00,28.38850722292144,-96.65616868969964,,2023-08-04,2201,0 days 00:30:00,150,3,False,False,,,,Free
2023-08-04 04:45:00,3.5447821524508134,9.6,9.86890531345182,306,154,459.8888888888889,180.66666666666663,9,5.0,3340,2023-08-04 04:45:00,2023-08-04 04:45:00,27.39611111111496,-96.18833429939588,,2023-08-04,2230,0 days 00:15:00,156,6,False,False,,,,Free
2023-08-04 04:45:00,3.5467192856993948,19.199999,9.87969447192165,306,158,473.1258549963725,253.03146374909312,13,5.0,3344,2023-08-04 04:45:00,2023-08-04 04:45:00,27.263741450040104,-95.46468634925066,,2023-08-04,2246,0 days 00:00:00,158,5,False,False,,,,Free
2023-08-04 04:45:00,4.58250398677603,10.880001,16.492845258891272,306,159,489.987068978806,218.7068965446368,16,5.0,3345,2023-08-04 04:45:00,2023-08-04 04:45:00,27.095129310215743,-95.80793201148664,,2023-08-04,2247,0 days 00:00:00,159,3,False,False,,,,Free
2023-08-04 05:00:00,9.274650804079576,35.657146,67.55928049305611,307,127,225.1518069895961,423.4353318855168,63,5.0,3346,2023-08-04 05:00:00,2023-08-04 05:00:00,29.743481930108256,-93.76064771658122,,2023-08-04,2211,0 days 00:30:00,151,4,False,False,,,,Free
2023-08-04 05:00:00,14.564658821638597,63.85548,166.60595209117415,307,129,248.1985179558872,427.10275579696,155,5.0,3348,2023-08-04 05:00:00,2023-08-04 05:00:00,29.51301482044531,-93.72397347851478,,2023-08-04,2212,0 days 00:30:00,152,4,False,False,,,,Free
2023-08-04 05:00:00,9.287454752189952,48.60953,67.7459446893926,307,132,253.1581859183597,456.2868894478264,63,5.0,3350,2023-08-04 05:00:00,2023-08-04 05:00:00,29.463418140820576,-93.4321321503458,,2023-08-04,2234,0 days 00:15:00,157,4,False,False,,,,Free
2023-08-04 05:00:00,2.027104045152833,41.600002,3.227319499198947,307,133,257.8287795906333,280.04189435640734,3,5.0,3351,2023-08-04 05:00:00,2023-08-04 05:00:00,29.41671220409784,-95.19458205089605,,2023-08-04,2158,0 days 01:15:00,145,6,False,False,,,,Free
2023-08-04 05:00:00,10.48484669374382,26.640003,86.340398902845,307,139,289.03431147294737,295.3021025819626,80,5.0,3357,2023-08-04 05:00:00,2023-08-04 05:00:00,29.104656885274643,-95.04197997300128,,2023-08-04,2162,0 days 01:15:00,146,6,False,False,,,,Free
2023-08-04 05:00:00,5.634303117672514,37.98261,24.932756568142352,307,144,336.7258107114062,424.49644080605225,23,5.0,3362,2023-08-04 05:00:00,2023-08-04 05:00:00,28.627741892889983,-93.7500366276791,,2023-08-04,2255,0 days 00:00:00,160,3,False,False,,,,Free
2023-08-04 05:00:00,4.0700387460473575,9.599999,13.010289746987365,307,145,337.8333333333333,338.0,12,5.0,3363,2023-08-04 05:00:00,2023-08-04 05:00:00,28.61666666667071,-94.61500101102229,,2023-08-04,2256,0 days 00:00:00,161,5,False,False,,,,Free
2023-08-04 05:00:00,12.04350474387572,35.748573,113.91886712560984,307,147,345.0131570812763,314.74377669920966,107,5.0,3365,2023-08-04 05:00:00,2023-08-04 05:00:00,28.54486842919127,-94.84756323738446,,2023-08-04,2220,0 days 00:30:00,153,4,False,False,,,,Free
2023-08-04 05:00:00,6.119495363404314,39.466667,29.411765961538865,307,154,388.049731470207,419.5144221278967,37,5.0,3372,2023-08-04 05:00:00,2023-08-04 05:00:00,28.114502685301893,-93.79985681303695,,2023-08-04,2261,0 days 00:00:00,162,5,False,False,,,,Free
2023-08-04 05:00:00,7.73019889017637,12.279068,46.93223292409865,307,157,408.9559105424301,493.360383384362,43,5.0,3374,2023-08-04 05:00:00,2023-08-04 05:00:00,27.90544089457963,-93.06139722157462,,2023-08-04,2263,0 days 00:00:00,164,4,False,False,,,,Free
2023-08-04 05:00:00,6.250912854710644,25.714283,30.68857834235289,307,164,454.3831034506379,182.4368965410092,28,5.0,3381,2023-08-04 05:00:00,2023-08-04 05:00:00,27.45116896549748,-96.17063200115832,,2023-08-04,2230,0 days 00:30:00,156,6,False,False,,,,Free
2023-08-04 05:00:00,8.016981736250626,22.956522,50.479107741461846,307,166,467.5731234940519,253.2835351070243,46,5.0,3383,2023-08-04 05:00:00,2023-08-04 05:00:00,27.31926876506332,-95.46216563574336,,2023-08-04,2246,0 days 00:15:00,158,5,False,False,,,,Free
2023-08-04 05:00:00,7.1955055056704245,59.935143,40.66422512262041,307,167,484.9548362123913,219.68837941125133,37,5.0,3384,2023-08-04 05:00:00,2023-08-04 05:00:00,27.14545163787989,-95.79811718310094,,2023-08-04,2247,0 days 00:15:00,159,3,False,False,,,,Free
2023-08-04 05:15:00,7.923252016553497,21.078262,49.30566504740241,308,130,220.5765278521989,426.4678204383712,46,5.0,3385,2023-08-04 05:15:00,2023-08-04 05:15:00,29.78923472148224,-93.73032283191924,,2023-08-04,2211,0 days 00:45:00,151,4,False,False,,,,Free
2023-08-04 05:15:00,11.517913800027731,43.348457,104.19275685665528,308,131,241.30028494935607,427.994247006374,97,5.0,3386,2023-08-04 05:15:00,2023-08-04 05:15:00,29.58199715051063,-93.7150585666754,,2023-08-04,2212,0 days 00:45:00,152,4,False,False,,,,Free
2023-08-04 05:15:00,9.995278128637478,47.60548,78.4656628691181,308,134,248.7661886651464,459.0572953355214,73,5.0,3388,2023-08-04 05:15:00,2023-08-04 05:15:00,29.50733811335272,-93.4044280922605,,2023-08-04,2234,0 days 00:30:00,157,4,False,False,,,,Free
2023-08-04 05:15:00,4.9706177018885045,19.733334,19.40486410470897,308,136,278.0965309708716,297.9826545990379,18,5.0,3390,2023-08-04 05:15:00,2023-08-04 05:15:00,29.21403469029542,-95.0151744535965,,2023-08-04,2270,0 days 00:00:00,165,3,False,False,,,,Free
2023-08-04 05:15:00,5.382902796072568,14.628573,22.75741641215902,308,144,333.26211670973134,340.50445104585333,21,5.0,3396,2023-08-04 05:15:00,2023-08-04 05:15:00,28.662378832906736,-94.5899565012794,,2023-08-04,2256,0 days 00:15:00,161,5,False,False,,,,Free
2023-08-04 05:15:00,5.509863855935364,13.527274,23.843588456292867,308,145,334.17803837644175,425.7707889168614,22,5.0,3397,2023-08-04 05:15:00,2023-08-04 05:15:00,28.653219616239628,-93.73729314693514,,2023-08-04,2255,0 days 00:15:00,160,3,False,False,,,,Free
2023-08-04 05:15:00,10.243992790492142,44.084213,82.41920283231754,308,146,340.51467813762434,315.29868032719685,76,5.0,3398,2023-08-04 05:15:00,2023-08-04 05:15:00,28.589853218627795,-94.84201420126315,,2023-08-04,2220,0 days 00:45:00,153,4,False,False,,,,Free
2023-08-04 05:15:00,7.266005710889409,22.989473,41.46496958014212,308,156,406.4458747791367,494.72469280730246,38,5.0,3406,2023-08-04 05:15:00,2023-08-04 05:15:00,27.930541252212567,-93.04775412773506,,2023-08-04,2263,0 days 00:15:00,164,4,False,False,,,,Free
2023-08-04 05:15:00,7.653908181318127,78.40001,46.01043903347649,308,168,450.2955885095197,182.964889561668,43,5.0,3415,2023-08-04 05:15:00,2023-08-04 05:15:00,27.49204411490867,-96.16535207110265,,2023-08-04,2230,0 days 00:45:00,156,6,False,False,,,,Free
2023-08-04 05:15:00,5.543105757183101,22.69091,24.13216080380815,308,169,463.38746147928873,254.56217880784644,22,5.0,3416,2023-08-04 05:15:00,2023-08-04 05:15:00,27.36112538521096,-95.44937919910058,,2023-08-04,2246,0 days 00:30:00,158,5,False,False,,,,Free
2023-08-04 05:15:00,8.2790611815874,224.1306,53.83343168368562,308,171,480.8814423919662,219.1637267960809,49,5.0,3418,2023-08-04 05:15:00,2023-08-04 05:15:00,27.18618557608416,-95.80336370910273,,2023-08-04,2247,0 days 00:30:00,159,3,False,False,,,,Free
2023-08-04 05:30:00,10.971514232813568,36.218185,94.54161635065208,309,146,244.2144729088212,461.6964909629824,88,5.0,3422,2023-08-04 05:30:00,2023-08-04 05:30:00,29.552855270915977,-93.37803613674008,,2023-08-04,2234,0 days 00:45:00,157,4,False,False,,,,Free
2023-08-04 05:30:00,6.0856569134451615,18.844444,29.08739382255545,309,148,271.441860492898,300.04492598711386,28,5.0,3424,2023-08-04 05:30:00,2023-08-04 05:30:00,29.280581395075167,-94.99455174030504,,2023-08-04,2270,0 days 00:15:00,165,3,False,False,,,,Free
2023-08-04 05:30:00,6.848009957804919,26.82353,36.83143566825808,309,152,328.80592993648,342.89757410579443,34,5.0,3428,2023-08-04 05:30:00,2023-08-04 05:30:00,28.70694070063925,-94.56602527136386,,2023-08-04,2256,0 days 00:30:00,161,5,False,False,,,,Free
2023-08-04 05:30:00,1.6610847474398247,9.6,2.167072605925972,309,156,331.5,428.0,2,5.0,3430,2023-08-04 05:30:00,2023-08-04 05:30:00,28.68000000000405,-93.71500103674076,,2023-08-04,2255,0 days 00:30:00,160,3,False,False,,,,Free
2023-08-04 05:30:00,12.4045570186344,71.178375,120.85159895073632,309,163,382.5360886286493,418.78420326876426,111,5.0,3437,2023-08-04 05:30:00,2023-08-04 05:30:00,28.16963911371748,-93.80715900141962,,2023-08-04,2261,0 days 00:30:00,162,5,False,False,,,,Free
2023-08-04 05:30:00,8.580248589381153,18.656603,57.82153575106762,309,168,404.2221608179674,493.6283503721247,53,5.0,3442,2023-08-04 05:30:00,2023-08-04 05:30:00,27.952778391824264,-93.05871755177355,,2023-08-04,2263,0 days 00:30:00,164,4,False,False,,,,Free
2023-08-04 05:30:00,7.56097703951047,23.414635,44.89993578065916,309,180,444.6696688964658,184.3817218620247,41,5.0,3452,2023-08-04 05:30:00,2023-08-04 05:30:00,27.548303311039216,-96.15118374850393,,2023-08-04,2230,0 days 01:00:00,156,6,False,False,,,,Free
2023-08-04 05:30:00,6.252418981405363,74.057144,30.70336864786073,309,184,460.4122879415152,255.23386431161003,28,5.0,3456,2023-08-04 05:30:00,2023-08-04 05:30:00,27.39087712058869,-95.44266234425488,,2023-08-04,2246,0 days 00:45:00,158,5,False,False,,,,Free
2023-08-04 05:45:00,2.341522662867355,24.0,4.3061248006256765,310,145,264.2473684236944,302.7526315763056,4,5.0,3463,2023-08-04 05:45:00,2023-08-04 05:45:00,29.35252631576721,-94.96747468518691,,2023-08-04,2270,0 days 00:30:00,165,3,False,False,,,,Free
2023-08-04 05:45:00,5.987485965552063,24.36923,28.156514880426386,310,150,325.5830023784364,344.4932486034258,26,5.0,3468,2023-08-04 05:45:00,2023-08-04 05:45:00,28.739169976219696,-94.55006852684352,,2023-08-04,2256,0 days 00:45:00,161,5,False,False,,,,Free
2023-08-04 05:45:00,5.996230058821084,23.26154,28.23881418620892,310,159,356.8037068194146,379.84793597048616,26,5.0,3476,2023-08-04 05:45:00,2023-08-04 05:45:00,28.426962931809868,-94.19652166327592,,2023-08-04,2318,0 days 00:00:00,166,4,False,False,,,,Free
2023-08-04 05:45:00,10.853252381784344,106.1647,92.51447439704587,310,161,378.5781369741565,420.0144668111509,85,5.0,3478,2023-08-04 05:45:00,2023-08-04 05:45:00,28.209218630262413,-93.79485636634728,,2023-08-04,2261,0 days 00:45:00,162,5,False,False,,,,Free
2023-08-04 05:45:00,6.561196597333991,14.864516,33.81084177512057,310,165,401.245912361265,491.3126226553584,31,5.0,3480,2023-08-04 05:45:00,2023-08-04 05:45:00,27.98254087639129,-93.08187482827948,,2023-08-04,2263,0 days 00:45:00,164,4,False,False,,,,Free
2023-08-04 05:45:00,9.066783483883237,17.41017,64.56488339805456,310,172,437.41910966699584,186.39929425204832,60,5.0,3486,2023-08-04 05:45:00,2023-08-04 05:45:00,27.620808903333927,-96.13100802518022,,2023-08-04,2230,0 days 01:15:00,156,6,False,False,,,,Free
2023-08-04 05:45:00,4.726226210102211,11.4,17.54360699950087,310,178,459.41601561790594,255.04101562954747,16,5.0,3492,2023-08-04 05:45:00,2023-08-04 05:45:00,27.40083984382479,-95.44459083102038,,2023-08-04,2246,0 days 01:00:00,158,5,False,False,,,,Free
2023-08-04 06:00:00,6.513685977419965,18.89032,33.32295575320247,311,134,248.80445891405105,387.4858337245111,31,5.0,3501,2023-08-04 06:00:00,2023-08-04 06:00:00,29.50695541086367,-94.1201426879183,,2023-08-04,2332,0 days 00:00:00,167,3,False,False,,,,Free
2023-08-04 06:00:00,1.660489213362085,9.6,2.1655190015837484,311,138,323.75,346.5,8,5.0,3505,2023-08-04 06:00:00,2023-08-04 06:00:00,28.757500000004065,-94.53000101345128,,2023-08-04,2256,0 days 01:00:00,161,5,False,False,,,,Free
2023-08-04 06:00:00,8.314543363693662,21.887999,54.29585629240089,311,144,354.2316437788869,379.72761722583033,50,5.0,3508,2023-08-04 06:00:00,2023-08-04 06:00:00,28.452683562215142,-94.19772485068812,,2023-08-04,2318,0 days 00:15:00,166,4,False,False,,,,Free
2023-08-04 06:00:00,7.628050942931811,20.57143,45.70008953033734,311,149,375.9511084156724,421.76252654489934,43,5.0,3513,2023-08-04 06:00:00,2023-08-04 06:00:00,28.23548891584726,-93.77737576950938,,2023-08-04,2261,0 days 01:00:00,162,5,False,False,,,,Free
2023-08-04 06:00:00,4.412720677375819,9.599999,15.293354543579117,311,155,417.75,150.9375,16,5.0,3519,2023-08-04 06:00:00,2023-08-04 06:00:00,27.81750000000392,-96.48562595756717,,2023-08-04,2345,0 days 00:00:00,169,4,False,False,,,,Free
2023-08-04 06:00:00,3.123421959160843,9.599999,7.662159705381585,311,161,440.2857142857143,256.57142857142856,7,5.0,3525,2023-08-04 06:00:00,2023-08-04 06:00:00,27.59214285714674,-95.4292867020389,,2023-08-04,2351,0 days 00:00:00,171,4,False,False,,,,Free
2023-08-04 06:00:00,,,,311,165,468.5,387.5,4,5.0,3529,2023-08-04 06:00:00,2023-08-04 06:00:00,27.31000000000384,-94.12000102516744,,2023-08-04,2353,0 days 00:00:00,172,3,False,False,,,,Free
2023-08-04 06:15:00,8.90805491149382,62.565517,62.324047846546335,312,121,245.805079681034,388.7160057349223,58,5.0,3538,2023-08-04 06:15:00,2023-08-04 06:15:00,29.53694920319385,-94.1078409681657,,2023-08-04,2332,0 days 00:15:00,167,3,False,False,,,,Free
2023-08-04 06:15:00,6.10726733343728,13.511112,29.294341694224027,312,125,345.3655352498838,212.4194952017071,27,5.0,3542,2023-08-04 06:15:00,2023-08-04 06:15:00,28.54134464750519,-95.8708060231192,,2023-08-04,2364,0 days 00:00:00,173,4,False,False,,,,Free
2023-08-04 06:15:00,7.619476257535617,34.971428,45.59740441554136,312,128,351.7062281650027,380.29154749803774,42,5.0,3544,2023-08-04 06:15:00,2023-08-04 06:15:00,28.477937718353992,-94.19208554812718,,2023-08-04,2318,0 days 00:30:00,166,4,False,False,,,,Free
2023-08-04 06:15:00,5.760502913887256,13.600001,26.06217656223189,312,129,354.54263566178014,396.4612403032721,24,5.0,3545,2023-08-04 06:15:00,2023-08-04 06:15:00,28.449573643386213,-94.03038862469548,,2023-08-04,2366,0 days 00:00:00,174,5,False,False,,,,Free
2023-08-04 06:15:00,1.664350504409668,9.6,2.175602079736612,312,133,373.3333333333333,422.0,3,5.0,3549,2023-08-04 06:15:00,2023-08-04 06:15:00,28.261666666670653,-93.7750010350262,,2023-08-04,2261,0 days 01:15:00,162,5,False,False,,,,Free
2023-08-04 06:15:00,5.654748514530992,27.965216,25.114033643403367,312,136,413.6584627205032,153.37069292645867,23,5.0,3552,2023-08-04 06:15:00,2023-08-04 06:15:00,27.85841537279889,-96.46129402899784,,2023-08-04,2345,0 days 00:15:00,169,4,False,False,,,,Free
2023-08-04 06:15:00,2.8908307759787712,9.599999,6.563495934368173,312,143,433.5,257.3333333333333,6,5.0,3559,2023-08-04 06:15:00,2023-08-04 06:15:00,27.66000000000389,-95.4216676546376,,2023-08-04,2351,0 days 00:15:00,171,4,False,False,,,,Free
2023-08-04 06:15:00,1.6737739231595576,9.6,2.2003079918725423,312,155,496.5,191.0,2,5.0,3569,2023-08-04 06:15:00,2023-08-04 06:15:00,27.030000000003795,-96.08500096901544,,2023-08-04,2378,0 days 00:00:00,175,3,False,False,,,,Free
2023-08-04 06:30:00,7.396473382357239,16.56,42.96742017017584,313,125,242.0745182120316,391.2111349014153,41,5.0,3571,2023-08-04 06:30:00,2023-08-04 06:30:00,29.57425481788388,-94.0828896772138,,2023-08-04,2332,0 days 00:30:00,167,3,False,False,,,,Free
2023-08-04 06:30:00,7.050305919229238,22.133333,39.03964007421556,313,132,340.7507866417397,213.04279421270115,38,5.0,3578,2023-08-04 06:30:00,2023-08-04 06:30:00,28.58749213358664,-95.8645730331874,,2023-08-04,2364,0 days 00:15:00,173,4,False,False,,,,Free
2023-08-04 06:30:00,7.341036588672604,44.55384,42.32574963530476,313,135,348.0907445909464,382.9711737249023,40,5.0,3581,2023-08-04 06:30:00,2023-08-04 06:30:00,28.51409255409456,-94.16528928662429,,2023-08-04,2318,0 days 00:45:00,166,4,False,False,,,,Free
2023-08-04 06:30:00,8.798352169975447,22.628572,60.79845793904662,313,136,352.13209076505245,397.9781199203163,56,5.0,3582,2023-08-04 06:30:00,2023-08-04 06:30:00,28.473679092353496,-94.01521982895856,,2023-08-04,2366,0 days 00:15:00,174,5,False,False,,,,Free
2023-08-04 06:30:00,7.073433261283935,22.666668,39.29618610160665,313,147,409.5314465513675,156.0852201198976,36,5.0,3591,2023-08-04 06:30:00,2023-08-04 06:30:00,27.899685534490256,-96.43414875783918,,2023-08-04,2345,0 days 00:30:00,169,4,False,False,,,,Free
2023-08-04 06:30:00,6.673755913191784,16.800001,34.980862927978364,313,152,425.6970339013016,258.29184321595125,32,5.0,3596,2023-08-04 06:30:00,2023-08-04 06:30:00,27.73802966099089,-95.4120825560853,,2023-08-04,2351,0 days 00:30:00,171,4,False,False,,,,Free
2023-08-04 06:30:00,4.721731540761761,9.6,17.51025471617896,313,154,438.55555555555554,369.6111111111111,18,5.0,3598,2023-08-04 06:30:00,2023-08-04 06:30:00,27.60944444444833,-94.29888990894436,,2023-08-04,2395,0 days 00:00:00,179,4,False,False,,,,Free
2023-08-04 06:30:00,3.341313034878082,15.6,8.768477890284503,313,157,455.1132075450479,431.6698113175718,8,5.0,3601,2023-08-04 06:30:00,2023-08-04 06:30:00,27.44386792455338,-93.67830292461372,,2023-08-04,2397,0 days 00:00:00,180,3,False,False,,,,Free
2023-08-04 06:30:00,2.046683775955948,9.6,3.2899657382481,313,159,461.125,391.5,8,5.0,3603,2023-08-04 06:30:00,2023-08-04 06:30:00,27.38375000000385,-94.08000102631048,,2023-08-04,2353,0 days 00:30:00,172,3,False,False,,,,Free
2023-08-04 06:30:00,6.033812188428855,16.615385,28.593904168131484,313,163,493.0397350907634,191.42185430465668,26,5.0,3607,2023-08-04 06:30:00,2023-08-04 06:30:00,27.06460264909617,-96.0807824260894,,2023-08-04,2378,0 days 00:15:00,175,3,False,False,,,,Free
2023-08-04 06:45:00,5.383575057500655,15.54286,22.763101035926187,314,151,335.5528455288055,215.1355013470757,21,5.0,3619,2023-08-04 06:45:00,2023-08-04 06:45:00,28.63947154471599,-95.84364596244166,,2023-08-04,2364,0 days 00:30:00,173,4,False,False,,,,Free
2023-08-04 06:45:00,9.33083768129162,98.74286,68.3803233999626,314,156,349.118222762659,399.87798434264965,63,5.0,3623,2023-08-04 06:45:00,2023-08-04 06:45:00,28.503817772377435,-93.9962211852781,,2023-08-04,2366,0 days 00:30:00,174,5,False,False,,,,Free
2023-08-04 06:45:00,6.968949697610785,17.279999,38.14385131898442,314,163,392.25463373128486,491.6460723395372,38,5.0,3627,2023-08-04 06:45:00,2023-08-04 06:45:00,28.072453662691107,-93.07854033153296,,2023-08-04,2416,0 days 00:00:00,181,4,False,False,,,,Free
2023-08-04 06:45:00,4.565166423344684,45.44,16.368282432799106,314,168,406.4873063024741,158.3798219595393,15,5.0,3632,2023-08-04 06:45:00,2023-08-04 06:45:00,27.930126936979192,-96.41120274009847,,2023-08-04,2345,0 days 00:45:00,169,4,False,False,,,,Free
2023-08-04 06:45:00,3.120459653952695,9.599999,7.647632758666754,314,170,419.44444444444446,259.0,9,5.0,3634,2023-08-04 06:45:00,2023-08-04 06:45:00,27.80055555555947,-95.40500098844716,,2023-08-04,2351,0 days 00:45:00,171,4,False,False,,,,Free
2023-08-04 06:45:00,6.132881747843765,15.644445,29.54058306511257,314,172,435.6664383509522,370.17191781378926,28,5.0,3636,2023-08-04 06:45:00,2023-08-04 06:45:00,27.638335616494366,-94.29328184207787,,2023-08-04,2395,0 days 00:15:00,179,4,False,False,,,,Free
2023-08-04 06:45:00,6.887677754175932,11.858824,37.25937121693598,314,175,453.6783876312866,432.3087478674216,34,5.0,3639,2023-08-04 06:45:00,2023-08-04 06:45:00,27.458216123690995,-93.67191355929782,,2023-08-04,2397,0 days 00:15:00,180,3,False,False,,,,Free
2023-08-04 06:45:00,5.665661587924058,14.608698,25.211062098730984,314,177,456.0923076850049,392.45429865651465,23,5.0,3641,2023-08-04 06:45:00,2023-08-04 06:45:00,27.434076923153807,-94.07045804001802,,2023-08-04,2353,0 days 00:45:00,172,3,False,False,,,,Free
2023-08-04 07:00:00,3.322070354592656,9.6,8.667773072630201,315,136,331.0,217.22222222222223,9,5.0,3656,2023-08-04 07:00:00,2023-08-04 07:00:00,28.68500000000405,-95.8227787542865,,2023-08-04,2364,0 days 00:45:00,173,4,False,False,,,,Free
2023-08-04 07:00:00,8.796104337406318,40.285713,60.76739591891305,315,139,346.74757087907767,402.570445326733,56,5.0,3659,2023-08-04 07:00:00,2023-08-04 07:00:00,28.52752429121325,-93.96929657620666,,2023-08-04,2366,0 days 00:45:00,174,5,False,False,,,,Free
2023-08-04 07:00:00,10.468708381683244,40.9519,86.07481257858731,315,147,389.23484264838,492.1004154595047,79,5.0,3665,2023-08-04 07:00:00,2023-08-04 07:00:00,28.102651573520163,-93.0739969004631,,2023-08-04,2416,0 days 00:15:00,181,4,False,False,,,,Free
2023-08-04 07:00:00,4.720328887954432,9.6,17.499852955864437,315,156,431.75,373.0,16,5.0,3674,2023-08-04 07:00:00,2023-08-04 07:00:00,27.677500000003896,-94.26500102102392,,2023-08-04,2395,0 days 00:30:00,179,4,False,False,,,,Free
2023-08-04 07:00:00,1.6702775784362696,9.6,2.191125150458016,315,159,450.0,433.5,4,5.0,3677,2023-08-04 07:00:00,2023-08-04 07:00:00,27.495000000003863,-93.66000103831244,,2023-08-04,2397,0 days 00:30:00,180,3,False,False,,,,Free
2023-08-04 07:00:00,6.146243991573691,14.933333,29.669448581109897,315,163,484.8341744013925,193.5739005051772,29,5.0,3681,2023-08-04 07:00:00,2023-08-04 07:00:00,27.146658255989887,-96.05926196469916,,2023-08-04,2378,0 days 00:45:00,175,3,False,False,,,,Free
2023-08-04 07:15:00,3.505718868214945,10.666667,9.652594308571093,316,124,228.01354400420908,332.9909706638606,13,5.0,3686,2023-08-04 07:15:00,2023-08-04 07:15:00,29.714864559962123,-94.6650913029523,,2023-08-04,2445,0 days 00:00:00,183,4,False,False,,,,Free
2023-08-04 07:15:00,4.551905871006801,9.6,16.27332982562678,316,136,344.6,404.06666666666666,15,5.0,3697,2023-08-04 07:15:00,2023-08-04 07:15:00,28.549000000004032,-93.95433436323492,,2023-08-04,2366,0 days 01:00:00,174,5,False,False,,,,Free
2023-08-04 07:15:00,6.556916460724503,21.058065,33.76674377629595,316,140,387.3153877047976,494.417034955821,31,5.0,3701,2023-08-04 07:15:00,2023-08-04 07:15:00,28.12184612295599,-93.05083070616196,,2023-08-04,2416,0 days 00:30:00,181,4,False,False,,,,Free
2023-08-04 07:15:00,2.04351759031461,9.6,3.279794567481677,316,153,426.75,373.5,4,5.0,3713,2023-08-04 07:15:00,2023-08-04 07:15:00,27.727500000003904,-94.26000102116676,,2023-08-04,2395,0 days 00:45:00,179,4,False,False,,,,Free
2023-08-04 07:15:00,3.913543657119362,9.599999,12.029020006101774,316,154,429.8181818181818,193.0,11,5.0,3714,2023-08-04 07:15:00,2023-08-04 07:15:00,27.69681818182208,-96.06500096958696,,2023-08-04,2463,0 days 00:00:00,185,3,False,False,,,,Free
2023-08-04 07:30:00,4.213419690180623,19.938465,13.943099363360115,317,112,226.83400401869136,335.2877263356206,14,5.0,3723,2023-08-04 07:30:00,2023-08-04 07:30:00,29.7266599598173,-94.642123746891,,2023-08-04,2445,0 days 00:15:00,183,4,False,False,,,,Free
2023-08-04 07:30:00,1.665207743220386,9.6,2.177843784028798,317,127,384.0,496.5,2,5.0,3736,2023-08-04 07:30:00,2023-08-04 07:30:00,28.15500000000397,-93.03000105631544,,2023-08-04,2416,0 days 00:45:00,181,4,False,False,,,,Free
2023-08-04 07:30:00,5.533548450144749,10.472729,24.049016209646886,317,137,425.691029901648,194.7707641180224,22,5.0,3745,2023-08-04 07:30:00,2023-08-04 07:30:00,27.738089700987423,-96.04729332891276,,2023-08-04,2463,0 days 00:15:00,185,3,False,False,,,,Free
2023-08-04 07:45:00,4.81749499563405,17.505882,18.227723234740164,318,118,223.97836312264533,338.6048918106789,17,5.0,3756,2023-08-04 07:45:00,2023-08-04 07:45:00,29.755216368777766,-94.60895209308836,,2023-08-04,2445,0 days 00:30:00,183,4,False,False,,,,Free
2023-08-04 07:45:00,2.358946535689637,9.6,4.370449206712003,318,143,420.5,197.5,4,5.0,3777,2023-08-04 07:45:00,2023-08-04 07:45:00,27.790000000003914,-96.02000097087284,,2023-08-04,2463,0 days 00:30:00,185,3,False,False,,,,Free
2023-08-04 08:00:00,5.092358627857217,19.199999,20.36703658941553,319,106,221.67012601345647,340.8621200784213,19,5.0,3788,2023-08-04 08:00:00,2023-08-04 08:00:00,29.77829873986966,-94.58637981105596,,2023-08-04,2445,0 days 00:45:00,183,4,False,False,,,,Free
2023-08-04 08:00:00,4.381032871262892,11.657144,15.074499608852689,319,107,266.7038626569917,423.6051502093223,14,5.0,3789,2023-08-04 08:00:00,2023-08-04 08:00:00,29.327961373434235,-93.75894953339169,,2023-08-04,2501,0 days 00:00:00,188,4,False,False,,,,Free
2023-08-04 08:00:00,5.652556453365397,28.382608,25.094566525679788,319,125,405.1948679825573,310.4284120287274,23,5.0,3806,2023-08-04 08:00:00,2023-08-04 08:00:00,27.943051320178363,-94.89071688285613,,2023-08-04,2508,0 days 00:00:00,189,3,False,False,,,,Free
2023-08-04 08:00:00,3.131413960598184,15.085713,7.701420705299274,319,139,496.8640226655682,223.8045325733117,7,5.0,3817,2023-08-04 08:00:00,2023-08-04 08:00:00,27.026359773348112,-95.7569556526566,,2023-08-04,2516,0 days 00:00:00,190,3,False,False,,,,Free
2023-08-04 08:15:00,6.66552279563205,11.1,34.894607478070355,320,115,398.99590164354913,313.03586064337344,32,5.0,3835,2023-08-04 08:15:00,2023-08-04 08:15:00,28.005040983568456,-94.86464239745476,,2023-08-04,2508,0 days 00:15:00,189,3,False,False,,,,Free
2023-08-04 08:15:00,1.6701637508481693,28.800001,2.1908265150745363,320,117,448.5,211.0,2,5.0,3837,2023-08-04 08:15:00,2023-08-04 08:15:00,27.51000000000387,-95.88500097473064,,2023-08-04,2528,0 days 00:00:00,191,3,False,False,,,,Free
2023-08-04 08:15:00,4.733791676729634,12.0,17.599817513785943,320,126,494.2277227753935,224.38613861230328,18,5.0,3841,2023-08-04 08:15:00,2023-08-04 08:15:00,27.05272277224986,-95.75113959243282,,2023-08-04,2516,0 days 00:15:00,190,3,False,False,,,,Free
2023-08-04 08:30:00,4.965492699013386,11.200001,19.364869592613683,321,91,258.13440859250244,432.2580645078592,18,5.0,3843,2023-08-04 08:30:00,2023-08-04 08:30:00,29.413655914079143,-93.67242039287896,,2023-08-04,2501,0 days 00:30:00,188,4,False,False,,,,Free
2023-08-04 08:30:00,4.080050992777566,12.0,13.074378794233716,321,110,390.3428571331258,315.49285715015566,12,5.0,3858,2023-08-04 08:30:00,2023-08-04 08:30:00,28.0915714286727,-94.84007243308906,,2023-08-04,2508,0 days 00:30:00,189,3,False,False,,,,Free
2023-08-04 08:30:00,1.6700118838533156,9.6,2.190428112089,321,115,446.5,213.0,2,5.0,3862,2023-08-04 08:30:00,2023-08-04 08:30:00,27.53000000000388,-95.86500097530217,,2023-08-04,2528,0 days 00:15:00,191,3,False,False,,,,Free
2023-08-04 08:30:00,4.426993353895525,36.342854,15.392445385845786,321,117,489.522333636598,226.35870556061,14,5.0,3864,2023-08-04 08:30:00,2023-08-04 08:30:00,27.099776663637822,-95.73141392351346,,2023-08-04,2516,0 days 00:30:00,190,3,False,False,,,,Free
2023-08-04 08:30:00,4.878676901738343,22.023531,18.69364520602132,321,118,490.79958534742656,180.36212853669568,17,5.0,3865,2023-08-04 08:30:00,2023-08-04 08:30:00,27.087004146529537,-96.19137968060858,,2023-08-04,2540,0 days 00:00:00,193,4,False,False,,,,Free
2023-08-04 08:45:00,6.619621296177629,13.8,34.41566536792017,322,64,255.23847926751444,434.7160138250905,40,5.0,3867,2023-08-04 08:45:00,2023-08-04 08:45:00,29.442615207329027,-93.64784090040904,,2023-08-04,2501,0 days 00:45:00,188,4,False,False,,,,Free
2023-08-04 08:45:00,3.916257685167386,12.218182,12.045709953049531,322,78,444.6372796069613,213.87909320232043,11,5.0,3880,2023-08-04 08:45:00,2023-08-04 08:45:00,27.548627203934263,-95.85621004353015,,2023-08-04,2528,0 days 00:30:00,191,3,False,False,,,,Free
2023-08-04 08:45:00,6.147486320281005,41.24444,29.6814438526592,322,83,487.8826895534254,181.28326179775684,27,5.0,3885,2023-08-04 08:45:00,2023-08-04 08:45:00,27.11617310446956,-96.1821683482612,,2023-08-04,2540,0 days 00:15:00,193,4,False,False,,,,Free
2023-08-04 09:00:00,6.30110237199007,30.786207,31.18336315147784,323,61,252.5461353312525,439.72345545958507,29,5.0,3886,2023-08-04 09:00:00,2023-08-04 09:00:00,29.46953864669165,-93.597766485495,,2023-08-04,2501,0 days 01:00:00,188,4,False,False,,,,Free
2023-08-04 09:00:00,5.547855639187252,13.090911,24.17353617434481,323,79,482.8992332949931,182.4600219073496,23,5.0,3901,2023-08-04 09:00:00,2023-08-04 09:00:00,27.166007667053883,-96.17040074750156,,2023-08-04,2540,0 days 00:30:00,193,4,False,False,,,,Free
2023-08-04 09:15:00,5.154969698063958,18.694738,20.870945061233563,324,89,479.1975403516191,184.635664883198,19,5.0,3919,2023-08-04 09:15:00,2023-08-04 09:15:00,27.20302459648763,-96.14864431836476,,2023-08-04,2540,0 days 00:45:00,193,4,False,False,,,,Free
2023-08-04 09:30:00,1.661124394912983,9.6,2.167176056371209,325,84,332.0,458.5,2,5.0,3934,2023-08-04 09:30:00,2023-08-04 09:30:00,28.67500000000405,-93.41000104545653,,2023-08-04,2577,0 days 00:00:00,196,5,False,False,,,,Free
2023-08-04 09:45:00,2.348932268933938,9.6,4.333420860869341,326,109,329.75,461.75,4,5.0,3955,2023-08-04 09:45:00,2023-08-04 09:45:00,28.69750000000405,-93.3775010463852,,2023-08-04,2577,0 days 00:15:00,196,5,False,False,,,,Free
2023-08-04 09:45:00,4.984482165041184,11.200001,19.51326642056306,326,110,336.7526881692864,486.8870967617888,18,5.0,3956,2023-08-04 09:45:00,2023-08-04 09:45:00,28.62747311831118,-93.12613008595054,,2023-08-04,2591,0 days 00:00:00,197,3,False,False,,,,Free
2023-08-04 10:00:00,3.882967394286668,13.963638,11.841790374355318,327,74,264.6227180490108,488.0547667270209,11,5.0,3969,2023-08-04 10:00:00,2023-08-04 10:00:00,29.34877281951405,-93.11445338663184,,2023-08-04,2602,0 days 00:00:00,198,4,False,False,,,,Free
2023-08-04 10:00:00,3.321475090091298,9.6,8.664667084615033,327,85,327.125,465.125,8,5.0,3979,2023-08-04 10:00:00,2023-08-04 10:00:00,28.72375000000406,-93.34375104734966,,2023-08-04,2577,0 days 00:30:00,196,5,False,False,,,,Free
2023-08-04 10:00:00,6.104557381427805,16.000002,29.26835015236355,327,86,336.24040403806873,489.7090909143453,27,5.0,3980,2023-08-04 10:00:00,2023-08-04 10:00:00,28.632595959623355,-93.09791014523137,,2023-08-04,2591,0 days 00:15:00,197,3,False,False,,,,Free
2023-08-04 10:15:00,8.432871665989829,21.23077,55.852274482918176,328,86,241.3419431294926,406.75900473595095,52,5.0,3986,2023-08-04 10:15:00,2023-08-04 10:15:00,29.581580568709267,-93.9274109833114,,2023-08-04,2613,0 days 00:00:00,199,3,False,False,,,,Free
2023-08-04 10:15:00,6.194684794115404,17.142859,30.138963133152227,328,93,263.09588235429413,492.4370588169626,28,5.0,3992,2023-08-04 10:15:00,2023-08-04 10:15:00,29.364041176461217,-93.07063046698477,,2023-08-04,2602,0 days 00:15:00,198,4,False,False,,,,Free
2023-08-04 10:15:00,5.752585202587716,20.800001,25.99058178004865,328,103,325.8006329097529,468.4335442923528,24,5.0,4001,2023-08-04 10:15:00,2023-08-04 10:15:00,28.73699367090653,-93.31066560537158,,2023-08-04,2577,0 days 00:45:00,196,5,False,False,,,,Free
2023-08-04 10:15:00,6.540648229343599,14.245162,33.59939568081349,328,104,335.0767620263282,493.4542916839006,31,5.0,4002,2023-08-04 10:15:00,2023-08-04 10:15:00,28.644232379740764,-93.06045813860608,,2023-08-04,2591,0 days 00:30:00,197,3,False,False,,,,Free
2023-08-04 10:15:00,6.007660526972452,15.138462,28.34657873813537,328,106,397.4893778378909,397.92336872769687,26,5.0,4003,2023-08-04 10:15:00,2023-08-04 10:15:00,28.02010622162504,-94.0157673408691,,2023-08-04,2623,0 days 00:00:00,200,3,False,False,,,,Free
2023-08-04 10:30:00,7.395942287073457,12.24,42.96124993910638,329,89,240.8860497248258,410.7472375636481,40,5.0,4008,2023-08-04 10:30:00,2023-08-04 10:30:00,29.58613950275593,-93.88752865617414,,2023-08-04,2613,0 days 00:15:00,199,3,False,False,,,,Free
2023-08-04 10:30:00,6.30380867680076,38.068966,31.210155228075443,329,94,261.3374348263302,496.5334723284636,29,5.0,4013,2023-08-04 10:30:00,2023-08-04 10:30:00,29.38162565174086,-93.02966633304032,,2023-08-04,2602,0 days 00:30:00,198,4,False,False,,,,Free
2023-08-04 10:30:00,3.713144512003479,10.559999,10.828631755927264,329,106,325.0,469.5791366949665,10,5.0,4023,2023-08-04 10:30:00,2023-08-04 10:30:00,28.74500000000406,-93.29920968167278,,2023-08-04,2577,0 days 01:00:00,196,5,False,False,,,,Free
2023-08-04 10:30:00,8.076756102631492,53.310646,51.234655262740745,329,109,396.0014064609049,401.3764064483301,48,5.0,4025,2023-08-04 10:30:00,2023-08-04 10:30:00,28.034985935394904,-93.9812369646495,,2023-08-04,2623,0 days 00:15:00,200,3,False,False,,,,Free
2023-08-04 10:45:00,4.375313428792317,11.657143,15.035165754416042,330,74,240.3583690901488,414.1030042887713,14,5.0,4031,2023-08-04 10:45:00,2023-08-04 10:45:00,29.59141630910271,-93.85397098988182,,2023-08-04,2613,0 days 00:30:00,199,3,False,False,,,,Free
2023-08-04 10:45:00,3.310701600747283,14.400001,8.608549062517914,330,78,260.18882978588493,498.3776595717698,8,5.0,4035,2023-08-04 10:45:00,2023-08-04 10:45:00,29.393111702145315,-93.01122446113423,,2023-08-04,2602,0 days 00:45:00,198,4,False,False,,,,Free
2023-08-04 10:45:00,9.871156017306213,65.30704,76.52897800803726,330,80,276.90752145875547,359.91405373663355,72,5.0,4037,2023-08-04 10:45:00,2023-08-04 10:45:00,29.22592478541658,-94.39586047991816,,2023-08-04,2645,0 days 00:00:00,202,3,False,False,,,,Free
2023-08-04 10:45:00,7.068436167025773,23.466665,39.24068338429623,330,87,394.8938026151574,403.4783393679438,36,5.0,4044,2023-08-04 10:45:00,2023-08-04 10:45:00,28.04606197385237,-93.96021763605398,,2023-08-04,2623,0 days 00:30:00,200,3,False,False,,,,Free
2023-08-04 11:00:00,8.115666763473609,22.4,51.72950156009341,331,92,275.95330458813817,364.2828065236391,48,5.0,4059,2023-08-04 11:00:00,2023-08-04 11:00:00,29.23546695412276,-94.35217295329647,,2023-08-04,2645,0 days 00:15:00,202,3,False,False,,,,Free
2023-08-04 11:00:00,,,,331,94,280.5,287.5,2,5.0,4061,2023-08-04 11:00:00,2023-08-04 11:00:00,29.190000000004133,-95.12000099659132,,2023-08-04,2656,0 days 00:00:00,203,3,False,False,,,,Free
2023-08-04 11:00:00,8.53525514353033,57.418873,57.21671202123564,331,96,293.61046719795564,451.8508386796564,53,5.0,4062,2023-08-04 11:00:00,2023-08-04 11:00:00,29.058895328024555,-93.47649265675985,,2023-08-04,2657,0 days 00:00:00,204,5,False,False,,,,Free
2023-08-04 11:00:00,3.5388264384895,12.8,9.835770977689164,331,102,422.9946524118715,382.95454543715954,10,5.0,4068,2023-08-04 11:00:00,2023-08-04 11:00:00,27.7650534758852,-94.16545556949694,,2023-08-04,2660,0 days 00:00:00,206,3,False,False,,,,Free
2023-08-04 11:15:00,7.122072056691349,22.31351,39.83846605334147,332,83,266.5441773305593,416.6200437208592,37,5.0,4076,2023-08-04 11:15:00,2023-08-04 11:15:00,29.32955822669856,-93.82880059628025,,2023-08-04,2665,0 days 00:00:00,208,3,False,False,,,,Free
2023-08-04 11:15:00,5.1055133006917215,19.2,20.47239749293361,332,87,273.56041512330853,370.061527048118,19,5.0,4080,2023-08-04 11:15:00,2023-08-04 11:15:00,29.259395848771057,-94.29438574970304,,2023-08-04,2645,0 days 00:30:00,202,3,False,False,,,,Free
2023-08-04 11:15:00,6.730543332716094,75.34545,35.57870452648533,332,88,279.386490907672,287.41518050375794,33,5.0,4081,2023-08-04 11:15:00,2023-08-04 11:15:00,29.20113509092741,-95.12084919152954,,2023-08-04,2656,0 days 00:15:00,203,3,False,False,,,,Free
2023-08-04 11:15:00,7.321156118505042,20.430769,42.09681291565023,332,90,292.3133931495121,455.6184779008078,39,5.0,4083,2023-08-04 11:15:00,2023-08-04 11:15:00,29.071866068508992,-93.43881626562496,,2023-08-04,2657,0 days 00:15:00,204,5,False,False,,,,Free
2023-08-04 11:15:00,9.798155412241822,177.66957,75.40124706259637,332,98,422.4922193572076,383.02783236766135,69,5.0,4090,2023-08-04 11:15:00,2023-08-04 11:15:00,27.770077806431832,-94.16472270021283,,2023-08-04,2660,0 days 00:15:00,206,3,False,False,,,,Free
2023-08-04 11:30:00,8.993068703644083,21.315256,63.51930007427233,333,68,265.1180137159919,421.2241844995648,59,5.0,4096,2023-08-04 11:30:00,2023-08-04 11:30:00,29.343819862844235,-93.78275918980889,,2023-08-04,2665,0 days 00:15:00,208,3,False,False,,,,Free
2023-08-04 11:30:00,6.931358359342581,40.594288,37.73345628816571,333,72,278.8322363595862,289.01573285357154,35,5.0,4099,2023-08-04 11:30:00,2023-08-04 11:30:00,29.20667763640828,-95.1048436684888,,2023-08-04,2656,0 days 00:30:00,203,3,False,False,,,,Free
2023-08-04 11:30:00,6.014529404725884,13.292309,28.411436096132803,333,82,421.7365491677467,385.55009275764905,26,5.0,4108,2023-08-04 11:30:00,2023-08-04 11:30:00,27.777634508326443,-94.13950009703376,,2023-08-04,2660,0 days 00:30:00,206,3,False,False,,,,Free
2023-08-04 11:30:00,10.943710262344466,23.330235,94.06304948771836,333,83,430.64809464588575,442.9449125950546,89,5.0,4109,2023-08-04 11:30:00,2023-08-04 11:30:00,27.68851905354504,-93.5655519150609,,2023-08-04,2683,0 days 00:00:00,210,3,False,False,,,,Free
2023-08-04 11:45:00,6.518228997910503,17.341936,33.36945466773013,334,71,263.858471068126,424.7970041406458,32,5.0,4114,2023-08-04 11:45:00,2023-08-04 11:45:00,29.356415289322896,-93.74703099441903,,2023-08-04,2665,0 days 00:30:00,208,3,False,False,,,,Free
2023-08-04 11:45:00,5.8608817632155485,25.727999,26.9783758951168,334,77,289.7757622430431,464.7186414592773,25,5.0,4120,2023-08-04 11:45:00,2023-08-04 11:45:00,29.09724237757369,-93.34781463264072,,2023-08-04,2657,0 days 00:45:00,204,5,False,False,,,,Free
2023-08-04 11:45:00,11.37976406960427,117.2645,101.70830054354973,334,85,431.1240065348054,445.2321557783653,110,5.0,4128,2023-08-04 11:45:00,2023-08-04 11:45:00,27.683759934655843,-93.5426794838814,,2023-08-04,2683,0 days 00:15:00,210,3,False,False,,,,Free
2023-08-04 11:45:00,2.360784957086761,9.6,4.377263992979737,334,87,437.5,480.5,4,5.0,4130,2023-08-04 11:45:00,2023-08-04 11:45:00,27.620000000003884,-93.19000105174324,,2023-08-04,2696,0 days 00:00:00,211,3,False,False,,,,Free
2023-08-04 12:00:00,2.6112769941125467,19.2,5.355447502535573,335,77,213.6704225314276,450.2,5,5.0,4132,2023-08-04 12:00:00,2023-08-04 12:00:00,29.85829577468996,-93.49300104308467,,2023-08-04,2698,0 days 00:00:00,212,7,False,False,,,,Free
2023-08-04 12:00:00,5.109299532970785,16.673685,20.502773280612622,335,90,288.76465284171496,467.5085662780179,19,5.0,4143,2023-08-04 12:00:00,2023-08-04 12:00:00,29.10735347158697,-93.31991538525062,,2023-08-04,2657,0 days 01:00:00,204,5,False,False,,,,Free
2023-08-04 12:00:00,12.148532318965117,97.72075,115.91443111801748,335,98,430.3327437530295,448.340367559658,108,5.0,4150,2023-08-04 12:00:00,2023-08-04 12:00:00,27.6916725624736,-93.51159736695666,,2023-08-04,2683,0 days 00:30:00,210,3,False,False,,,,Free
2023-08-04 12:00:00,3.3385588056409063,9.6,8.754028214730662,335,99,436.875,481.25,8,5.0,4151,2023-08-04 12:00:00,2023-08-04 12:00:00,27.62625000000389,-93.18250105195756,,2023-08-04,2696,0 days 00:15:00,211,3,False,False,,,,Free
2023-08-04 12:15:00,8.584223012783184,76.977776,57.87511473225873,336,59,220.178758863992,418.74292477075807,54,5.0,4156,2023-08-04 12:15:00,2023-08-04 12:15:00,29.793212411364305,-93.80757178638788,,2023-08-04,2711,0 days 00:00:00,213,3,False,False,,,,Free
2023-08-04 12:15:00,2.6209081168532364,9.6,5.395025143062127,336,62,288.0,469.0,5,5.0,4158,2023-08-04 12:15:00,2023-08-04 12:15:00,29.11500000000412,-93.30500104845696,,2023-08-04,2657,0 days 01:15:00,204,5,False,False,,,,Free
2023-08-04 12:15:00,7.557530153292269,12.643902,44.85900728900327,336,71,435.7664326685589,480.9642629287829,41,5.0,4167,2023-08-04 12:15:00,2023-08-04 12:15:00,27.6373356733183,-93.18535842258808,,2023-08-04,2696,0 days 00:30:00,211,3,False,False,,,,Free
2023-08-04 12:30:00,4.045629578479931,32.8,12.854704956305858,337,53,214.62829735681788,455.9874100468,12,5.0,4169,2023-08-04 12:30:00,2023-08-04 12:30:00,29.848717026436056,-93.43512694427052,,2023-08-04,2698,0 days 00:30:00,212,7,False,False,,,,Free
2023-08-04 12:30:00,9.048550353763405,42.080006,64.30546698235197,337,54,219.93792051613065,420.1950300409583,61,5.0,4170,2023-08-04 12:30:00,2023-08-04 12:30:00,29.79562079484292,-93.79305073410086,,2023-08-04,2711,0 days 00:15:00,213,3,False,False,,,,Free
2023-08-04 12:45:00,3.5035400097440883,16.0,9.640599564028465,338,52,214.4808080761375,457.337373733287,9,5.0,4184,2023-08-04 12:45:00,2023-08-04 12:45:00,29.85019191924286,-93.42162730779135,,2023-08-04,2698,0 days 00:45:00,212,7,False,False,,,,Free
2023-08-04 12:45:00,2.023421915367805,9.6,3.21560562937301,338,55,221.0,421.75,4,5.0,4187,2023-08-04 12:45:00,2023-08-04 12:45:00,29.785000000004224,-93.77750103495477,,2023-08-04,2711,0 days 00:30:00,213,3,False,False,,,,Free
2023-08-04 12:45:00,5.516059220623081,16.145456,23.89723870204628,338,58,357.3670793879025,396.2603787057886,38,5.0,4190,2023-08-04 12:45:00,2023-08-04 12:45:00,28.421329206124987,-94.03239724061297,,2023-08-04,2725,0 days 00:00:00,214,3,False,False,,,,Free
2023-08-04 12:45:00,4.711963642954409,11.4,17.437882340626157,338,63,393.4121093719077,340.2128906397338,16,5.0,4195,2023-08-04 12:45:00,2023-08-04 12:45:00,28.06087890628488,-94.5928721052573,,2023-08-04,2729,0 days 00:00:00,216,3,False,False,,,,Free
2023-08-04 13:00:00,5.090348132318393,55.57895,20.350957693186515,339,71,214.006867818536,456.5685744055493,19,5.0,4201,2023-08-04 13:00:00,2023-08-04 13:00:00,29.854931321818874,-93.42931530084904,,2023-08-04,2698,0 days 01:00:00,212,7,False,False,,,,Free
2023-08-04 13:00:00,8.720786500801085,55.854557,59.73119316551975,339,77,356.0032177394098,396.9950661125835,55,5.0,4206,2023-08-04 13:00:00,2023-08-04 13:00:00,28.43496782260992,-94.02505036675495,,2023-08-04,2725,0 days 00:15:00,214,3,False,False,,,,Free
2023-08-04 13:00:00,5.267789203414669,12.480001,21.79448730316033,339,87,391.93850267277406,341.6617647002575,20,5.0,4216,2023-08-04 13:00:00,2023-08-04 13:00:00,28.075614973276217,-94.57838336506607,,2023-08-04,2729,0 days 00:15:00,216,3,False,False,,,,Free
2023-08-04 13:15:00,5.2224885157886005,32.16,21.42125290588345,340,64,213.2198085285372,457.2190721662788,20,5.0,4221,2023-08-04 13:15:00,2023-08-04 13:15:00,29.862801914718865,-93.42281032342764,,2023-08-04,2698,0 days 01:15:00,212,7,False,False,,,,Free
2023-08-04 13:15:00,9.333074250260967,139.12383,68.41310837467168,340,70,354.824421882988,398.4663778772151,63,5.0,4227,2023-08-04 13:15:00,2023-08-04 13:15:00,28.446755781174137,-94.01033724952909,,2023-08-04,2725,0 days 00:30:00,214,3,False,False,,,,Free
2023-08-04 13:15:00,5.267421311011056,26.4,21.79144323817292,340,79,390.22056075129535,343.96869159093205,20,5.0,4236,2023-08-04 13:15:00,2023-08-04 13:15:00,28.092794392491005,-94.55531409681856,,2023-08-04,2729,0 days 00:30:00,216,3,False,False,,,,Free
2023-08-04 13:45:00,3.6925886959192415,27.84,10.709069894673068,341,55,211.6453590049319,457.1243432632931,10,5.0,4241,2023-08-04 13:45:00,2023-08-04 13:45:00,29.87854640995492,-93.42375761243044,,2023-08-04,2698,0 days 01:45:00,212,7,False,False,,,,Free
2023-08-04 14:00:00,2.0225445450765576,12.8,3.2128176145124465,342,49,212.0,458.0,3,5.0,4257,2023-08-04 14:00:00,2023-08-04 14:00:00,29.87500000000424,-93.4150010453136,,2023-08-04,2698,0 days 02:00:00,212,7,False,False,,,,Free
2023-08-04 14:00:00,4.851636820209083,23.717648,18.48700029192428,342,56,369.7611565025169,281.8711502069479,17,5.0,4263,2023-08-04 14:00:00,2023-08-04 14:00:00,28.297388434978824,-95.17628949291338,,2023-08-04,2764,0 days 00:00:00,218,3,False,False,,,,Free
2023-08-04 14:15:00,2.037958030591265,9.6,3.261972934806483,343,47,368.3333333333333,283.3333333333333,3,5.0,4274,2023-08-04 14:15:00,2023-08-04 14:15:00,28.31166666667066,-95.16166766206736,,2023-08-04,2764,0 days 00:15:00,218,3,False,False,,,,Free
2023-08-04 14:30:00,2.3531390304292734,9.6,4.348956423342465,344,37,367.5,283.5,4,5.0,4285,2023-08-04 14:30:00,2023-08-04 14:30:00,28.320000000004,-95.16000099544829,,2023-08-04,2764,0 days 00:30:00,218,3,False,False,,,,Free
2023-08-04 14:30:00,3.733563138822701,9.6,10.94805275976177,344,39,442.4,302.1,10,5.0,4287,2023-08-04 14:30:00,2023-08-04 14:30:00,27.57100000000388,-94.97400100076344,,2023-08-04,2775,0 days 00:00:00,219,5,False,False,,,,Free
2023-08-04 14:45:00,8.594854853307837,30.43019,58.01856394964136,345,27,441.5928179398852,303.903398107932,53,5.0,4293,2023-08-04 14:45:00,2023-08-04 14:45:00,27.579071820605023,-94.95596702019948,,2023-08-04,2775,0 days 00:15:00,219,5,False,False,,,,Free
2023-08-04 15:00:00,10.223938001883363,79.104004,82.0968125743354,346,15,439.6028644573205,304.7967541067922,75,5.0,4296,2023-08-04 15:00:00,2023-08-04 15:00:00,27.59897135543068,-94.94703346046616,,2023-08-04,2775,0 days 00:30:00,219,5,False,False,,,,Free
2023-08-04 15:15:00,5.08771252837753,28.800001,20.32988912294096,347,19,202.9345422551908,405.73595755087297,19,5.0,4297,2023-08-04 15:15:00,2023-08-04 15:15:00,29.965654577452344,-93.93764145486983,,2023-08-04,2782,0 days 00:00:00,220,5,False,False,,,,Free
2023-08-04 15:15:00,7.180210959791672,76.28108,40.49153958522086,347,22,438.42587396370953,305.3784787628101,37,5.0,4300,2023-08-04 15:15:00,2023-08-04 15:15:00,27.61074126036679,-94.94121621407226,,2023-08-04,2775,0 days 00:45:00,219,5,False,False,,,,Free
2023-08-04 15:30:00,7.002653791824809,34.399998,38.513695502882165,348,19,200.8459939851048,404.8902116602636,36,5.0,4302,2023-08-04 15:30:00,2023-08-04 15:30:00,29.986540060153207,-93.94609891353429,,2023-08-04,2782,0 days 00:15:00,220,5,False,False,,,,Free
2023-08-04 15:30:00,5.78285052763163,17.6,26.264782902172048,348,23,438.0,306.7539682499636,24,5.0,4306,2023-08-04 15:30:00,2023-08-04 15:30:00,27.615000000003885,-94.92746131959376,,2023-08-04,2775,0 days 01:00:00,219,5,False,False,,,,Free
2023-08-04 15:45:00,6.49663728201202,20.748388,33.14874734181112,349,7,196.77509217910404,404.21384678161286,31,5.0,4307,2023-08-04 15:45:00,2023-08-04 15:45:00,30.02724907821322,-93.9528625621275,,2023-08-04,2782,0 days 00:30:00,220,5,False,False,,,,Free
2023-08-04 16:00:00,6.390165214552691,24.959997,32.071114691754936,350,7,194.23714095027665,403.34034736021385,30,5.0,4308,2023-08-04 16:00:00,2023-08-04 16:00:00,30.0526285905015,-93.96159755609187,,2023-08-04,2782,0 days 00:45:00,220,5,False,False,,,,Free
2023-08-04 16:15:00,5.21693317211961,38.4,21.375704073048613,351,7,191.5113772588965,402.95628743840894,20,5.0,4309,2023-08-04 16:15:00,2023-08-04 16:15:00,30.079886227415304,-93.96543815520016,,2023-08-04,2782,0 days 01:00:00,220,5,False,False,,,,Free
2023-08-05 05:15:00,7.534994426818892,29.268293,44.59187687576996,403,59,371.0377889442377,279.3626130408832,41,5.0,4378,2023-08-05 05:15:00,2023-08-05 05:15:00,28.28462211056161,-95.20137486385715,,2023-08-05,2848,0 days 00:00:00,221,4,False,False,,,,Free
2023-08-05 05:30:00,8.874352755246445,27.28421,61.85335442195307,404,47,347.3467170400098,303.8675799031219,57,5.0,4385,2023-08-05 05:30:00,2023-08-05 05:30:00,28.521532829603927,-94.95632520223734,,2023-08-05,2853,0 days 00:00:00,222,3,False,False,,,,Free
2023-08-05 05:30:00,10.257291585168591,52.92632,82.63333565017004,404,48,368.60614002425046,280.35649514850127,78,5.0,4386,2023-08-05 05:30:00,2023-08-05 05:30:00,28.30893859976149,-95.19143604306498,,2023-08-05,2848,0 days 00:15:00,221,4,False,False,,,,Free
2023-08-05 05:45:00,8.872867520373203,19.2,61.83265227633919,405,116,343.2112676174827,305.2673585366547,57,5.0,4402,2023-08-05 05:45:00,2023-08-05 05:45:00,28.562887323829205,-94.94232741630202,,2023-08-05,2853,0 days 00:15:00,222,3,False,False,,,,Free
2023-08-05 05:45:00,10.25540532487874,51.03158,82.60294680010709,405,117,364.7299336759484,281.5830665430101,76,5.0,4403,2023-08-05 05:45:00,2023-08-05 05:45:00,28.34770066324452,-95.17917032947042,,2023-08-05,2848,0 days 00:30:00,221,4,False,False,,,,Free
2023-08-05 06:00:00,1.6617577150699137,9.6,2.168828886137657,406,61,340.0,306.5,2,5.0,4417,2023-08-05 06:00:00,2023-08-05 06:00:00,28.59500000000404,-94.93000100202084,,2023-08-05,2853,0 days 00:30:00,222,3,False,False,,,,Free
2023-08-05 06:00:00,9.62728194229679,23.64179,72.79428131157556,406,62,360.11801440959226,283.8172938325489,67,5.0,4418,2023-08-05 06:00:00,2023-08-05 06:00:00,28.393819855908085,-95.15682805721347,,2023-08-05,2848,0 days 00:45:00,221,4,False,False,,,,Free
2023-08-05 07:00:00,4.258567445630474,9.599999,14.243507252011932,410,15,451.375,444.0625,16,5.0,4450,2023-08-05 07:00:00,2023-08-05 07:00:00,27.481250000003865,-93.55437604133078,,2023-08-05,2909,0 days 00:00:00,223,3,False,False,,,,Free
2023-08-05 07:15:00,4.4032360983562375,10.971429,15.227682974534314,411,35,371.9449760760092,479.5454545558251,14,5.0,4455,2023-08-05 07:15:00,2023-08-05 07:15:00,28.27555023924389,-93.19954650591222,,2023-08-05,2913,0 days 00:00:00,224,3,False,False,,,,Free
2023-08-05 07:15:00,7.654438024000471,27.2,46.01680940993016,411,38,451.09203466395394,444.5654147684568,50,5.0,4458,2023-08-05 07:15:00,2023-08-05 07:15:00,27.48407965336433,-93.54934689378996,,2023-08-05,2909,0 days 00:15:00,223,3,False,False,,,,Free
2023-08-05 07:30:00,3.530325984790376,9.6,9.788575614401386,412,59,371.22222222222223,480.44444444444446,9,5.0,4464,2023-08-05 07:30:00,2023-08-05 07:30:00,28.282777777781767,-93.19055660728291,,2023-08-05,2913,0 days 00:15:00,224,3,False,False,,,,Free
2023-08-05 07:30:00,8.516152785719274,24.738462,56.96089048569375,412,64,448.6134060651577,444.8988698552759,52,5.0,4469,2023-08-05 07:30:00,2023-08-05 07:30:00,27.50886593935229,-93.54601234301704,,2023-08-05,2909,0 days 00:30:00,223,3,False,False,,,,Free
2023-08-05 07:45:00,3.113422383639014,9.599999,7.613177723725736,413,58,371.0,481.0,7,5.0,4480,2023-08-05 07:45:00,2023-08-05 07:45:00,28.28500000000399,-93.1850010518861,,2023-08-05,2913,0 days 00:30:00,224,3,False,False,,,,Free
2023-08-05 07:45:00,5.012347993033685,13.866668,19.73205474739993,413,61,457.756983244192,397.6638733808294,30,5.0,4483,2023-08-05 07:45:00,2023-08-05 07:45:00,27.41743016756193,-94.01836229426362,,2023-08-05,2932,0 days 00:00:00,225,4,False,False,,,,Free
2023-08-05 08:00:00,9.482228807052076,33.82154,70.6172405036244,414,52,359.44752855672914,422.74687731712015,65,5.0,4491,2023-08-05 08:00:00,2023-08-05 08:00:00,28.40052471443672,-93.7675322620684,,2023-08-05,2937,0 days 00:00:00,226,4,False,False,,,,Free
2023-08-05 08:00:00,,,,414,56,455.3142112321316,399.3155149806744,25,5.0,4494,2023-08-05 08:00:00,2023-08-05 08:00:00,27.44185788768254,-94.00184587873711,,2023-08-05,2932,0 days 00:15:00,225,4,False,False,,,,Free
2023-08-05 08:00:00,5.288349042929112,9.600001,21.964944236527305,414,59,477.1,363.6,20,5.0,4497,2023-08-05 08:00:00,2023-08-05 08:00:00,27.224000000003823,-94.35900101833778,,2023-08-05,2942,0 days 00:00:00,227,3,False,False,,,,Free
2023-08-05 08:15:00,9.552795220036144,72.87273,71.67221352281115,415,47,355.8004811819692,424.3049367354313,68,5.0,4502,2023-08-05 08:15:00,2023-08-05 08:15:00,28.436995188184323,-93.75195166833056,,2023-08-05,2937,0 days 00:15:00,226,4,False,False,,,,Free
2023-08-05 08:15:00,3.902264635268812,9.599999,11.959783488217864,415,48,367.6363636363636,366.3636363636364,11,5.0,4503,2023-08-05 08:15:00,2023-08-05 08:15:00,28.31863636364036,-94.33136465549114,,2023-08-05,2946,0 days 00:00:00,228,3,False,False,,,,Free
2023-08-05 08:15:00,6.792329631528322,19.2,36.23492689502824,415,55,475.0221937666661,363.2791293251092,33,5.0,4510,2023-08-05 08:15:00,2023-08-05 08:15:00,27.244778062337165,-94.36220972499495,,2023-08-05,2942,0 days 00:15:00,227,3,False,False,,,,Free
2023-08-05 08:30:00,11.153200731668216,75.73333,97.69873004278917,416,42,352.33550108427244,424.7819352937423,90,5.0,4513,2023-08-05 08:30:00,2023-08-05 08:30:00,28.47164498916129,-93.74718168288376,,2023-08-05,2937,0 days 00:30:00,226,4,False,False,,,,Free
2023-08-05 08:30:00,7.058466589077631,29.599998,39.13006848957736,416,44,364.42299006969614,369.05555554287247,36,5.0,4515,2023-08-05 08:30:00,2023-08-05 08:30:00,28.35077009930704,-94.30444546446802,,2023-08-05,2946,0 days 00:15:00,228,3,False,False,,,,Free
2023-08-05 08:30:00,4.723587440045736,19.2,17.52402240098413,416,46,447.46654928749786,402.147887342862,16,5.0,4517,2023-08-05 08:30:00,2023-08-05 08:30:00,27.52033450712889,-93.97352215592464,,2023-08-05,2932,0 days 00:45:00,225,4,False,False,,,,Free
2023-08-05 08:30:00,2.3646922620307937,9.6,4.391765490814546,416,51,474.2,361.0,5,5.0,4522,2023-08-05 08:30:00,2023-08-05 08:30:00,27.25300000000383,-94.3850010175948,,2023-08-05,2942,0 days 00:30:00,227,3,False,False,,,,Free
2023-08-05 08:45:00,4.846966417118662,11.858824,18.45142459313322,417,31,349.73070324806235,426.6054888451602,17,5.0,4523,2023-08-05 08:45:00,2023-08-05 08:45:00,28.4976929675234,-93.72894614789068,,2023-08-05,2937,0 days 00:45:00,226,4,False,False,,,,Free
2023-08-05 08:45:00,6.8587723619069765,30.211763,36.94729597975535,417,34,362.30727952426025,369.9668688677934,34,5.0,4526,2023-08-05 08:45:00,2023-08-05 08:45:00,28.3719272047614,-94.29533233147924,,2023-08-05,2946,0 days 00:30:00,228,3,False,False,,,,Free
2023-08-05 08:45:00,5.146933983642485,11.621054,20.805927322563708,417,36,445.04292527219326,401.4689984229503,19,5.0,4528,2023-08-05 08:45:00,2023-08-05 08:45:00,27.54457074728194,-93.98031104492976,,2023-08-05,2932,0 days 01:00:00,225,4,False,False,,,,Free
2023-08-05 10:00:00,9.807846753595932,24.765219,75.55047935777932,422,15,443.7039155300533,376.4837952714343,69,5.0,4535,2023-08-05 10:00:00,2023-08-05 10:00:00,27.55796084470334,-94.23016306930508,,2023-08-05,2965,0 days 00:00:00,229,4,False,False,,,,Free
2023-08-05 10:15:00,10.820490944010691,42.057144,91.95679222621926,423,11,441.8187483909197,377.0291698488796,84,5.0,4537,2023-08-05 10:15:00,2023-08-05 10:15:00,27.57681251609468,-94.22470932368653,,2023-08-05,2965,0 days 00:15:00,229,4,False,False,,,,Free
2023-08-05 10:30:00,11.505575772088449,51.839993,103.96965315336928,424,10,438.3979954181472,378.5156636256399,95,5.0,4538,2023-08-05 10:30:00,2023-08-05 10:30:00,27.61102004582241,-94.20984438634366,,2023-08-05,2965,0 days 00:30:00,229,4,False,False,,,,Free
2023-08-05 10:45:00,6.677012642667407,16.2,35.01501191562006,425,16,436.8601113268723,380.0204081513493,65,5.0,4540,2023-08-05 10:45:00,2023-08-05 10:45:00,27.626398886735164,-94.1947969415166,,2023-08-05,2965,0 days 00:45:00,229,4,False,False,,,,Free
2023-08-05 15:45:00,5.266082796244367,11.52,21.780369712495187,445,7,385.0399999943486,439.3525925846388,21,5.0,4580,2023-08-05 15:45:00,2023-08-05 15:45:00,28.14460000006048,-93.60147511413852,,2023-08-05,2994,0 days 00:00:00,231,4,False,False,,,,Free
2023-08-05 16:00:00,7.630745171573148,30.628572,45.73237778724392,446,10,383.6430694899296,441.5960609275185,42,5.0,4581,2023-08-05 16:00:00,2023-08-05 16:00:00,28.15856930510468,-93.5790404313508,,2023-08-05,2994,0 days 00:15:00,231,4,False,False,,,,Free
2023-08-05 16:00:00,5.404332650218231,17.828573,22.938976027711984,446,11,417.5768374186098,388.0215293204037,21,5.0,4582,2023-08-05 16:00:00,2023-08-05 16:00:00,27.81923162581782,-94.11478573211248,,2023-08-05,2995,0 days 00:00:00,232,3,False,False,,,,Free
2023-08-05 16:15:00,8.966803933055218,42.868973,63.14881838717842,447,10,382.53259881020057,442.3616827258644,58,5.0,4583,2023-08-05 16:15:00,2023-08-05 16:15:00,28.169674011901964,-93.57138421358616,,2023-08-05,2994,0 days 00:30:00,231,4,False,False,,,,Free
2023-08-05 16:15:00,7.910143637855368,25.599995,49.14265554367349,447,11,415.048894558998,388.1073554585514,48,5.0,4584,2023-08-05 16:15:00,2023-08-05 16:15:00,27.84451105441394,-94.11392747075548,,2023-08-05,2995,0 days 00:15:00,232,3,False,False,,,,Free
2023-08-05 16:30:00,8.652440852297927,55.288887,58.798623567795445,448,20,383.4949918898528,443.9051406651148,54,5.0,4586,2023-08-05 16:30:00,2023-08-05 16:30:00,28.16005008110544,-93.55594963463471,,2023-08-05,2994,0 days 00:45:00,231,4,False,False,,,,Free
2023-08-05 16:30:00,7.172227831733552,65.3838,40.40155073960823,448,22,413.91325711264585,387.7134179058472,38,5.0,4588,2023-08-05 16:30:00,2023-08-05 16:30:00,27.855867428877463,-94.11786684617,,2023-08-05,2995,0 days 00:30:00,232,3,False,False,,,,Free
2023-08-05 16:45:00,6.382259334046604,129.6,31.991807335435546,449,22,169.38116638382425,427.4476190580526,30,5.0,4590,2023-08-05 16:45:00,2023-08-05 16:45:00,30.301188336166064,-93.72052484600238,,2023-08-05,2999,0 days 00:00:00,233,4,False,False,,,,Free
2023-08-05 17:00:00,7.987848560988563,83.336174,50.112898941227,450,13,168.74327773007406,428.4623281807836,47,5.0,4596,2023-08-05 17:00:00,2023-08-05 17:00:00,30.307567222703565,-93.71037775506504,,2023-08-05,2999,0 days 00:15:00,233,4,False,False,,,,Free
2023-08-05 17:15:00,8.401723851856506,37.661537,55.44044243264312,451,16,167.56594443735133,427.6722798470514,52,5.0,4599,2023-08-05 17:15:00,2023-08-05 17:15:00,30.319340555630795,-93.7182782381766,,2023-08-05,2999,0 days 00:30:00,233,4,False,False,,,,Free
2023-08-05 17:30:00,4.035599333332384,18.400002,12.791043167435024,452,19,165.4987562201595,426.0261194063045,12,5.0,4602,2023-08-05 17:30:00,2023-08-05 17:30:00,30.34001243780272,-93.7347398421137,,2023-08-05,2999,0 days 00:45:00,233,4,False,False,,,,Free
2023-08-06 03:30:00,1.6513593152359791,9.6,2.141771043235908,492,225,211.5,125.0,2,5.0,4813,2023-08-06 03:30:00,2023-08-06 03:30:00,29.88000000000424,-96.7450009501552,,2023-08-06,3196,0 days 00:00:00,235,3,False,False,,,,Free
2023-08-06 03:45:00,1.6513593152359791,9.6,2.141771043235908,493,313,211.5,125.0,2,5.0,4847,2023-08-06 03:45:00,2023-08-06 03:45:00,29.88000000000424,-96.7450009501552,,2023-08-06,3196,0 days 00:15:00,235,3,False,False,,,,Free
2023-08-06 04:00:00,2.597961984904832,9.6,5.300971449496213,494,193,113.5,5.166666666666667,6,5.0,4883,2023-08-06 04:00:00,2023-08-06 04:00:00,30.86000000000439,-97.94333424924486,,2023-08-06,3252,0 days 00:00:00,236,3,False,False,,,,Free
2023-08-06 04:00:00,50.901889437693946,16.225565,2034.9684857346729,494,210,211.8691345031885,124.12371842359312,1942,5.0,4897,2023-08-06 04:00:00,2023-08-06 04:00:00,29.876308654972355,-96.75376376566884,,2023-08-06,3196,0 days 00:30:00,235,3,False,False,,,,Free
2023-08-06 04:15:00,5.064296255123646,9.600001,20.14318253443349,495,236,113.15789473684212,6.421052631578948,19,5.0,4922,2023-08-06 04:15:00,2023-08-06 04:15:00,30.86342105263597,-97.93079038995415,,2023-08-06,3252,0 days 00:15:00,236,3,False,False,,,,Free
2023-08-06 04:15:00,1.6434036997727175,9.6,2.1211842905715166,495,243,117.0,7.5,2,5.0,4927,2023-08-06 04:15:00,2023-08-06 04:15:00,30.825000000004387,-97.92000091657826,,2023-08-06,3290,0 days 00:00:00,237,3,False,False,,,,Free
2023-08-06 04:30:00,14.7452928131331,11.388819,170.76414335706122,496,149,116.82705696220712,10.873460746062444,181,5.0,4964,2023-08-06 04:30:00,2023-08-06 04:30:00,30.826729430382315,-97.88626631008168,,2023-08-06,3290,0 days 00:15:00,237,3,False,False,,,,Free
2023-08-06 04:45:00,1.6430183026756515,9.6,2.1201895229296266,497,150,112.0,13.333333333333334,3,5.0,4999,2023-08-06 04:45:00,2023-08-06 04:45:00,30.875000000004395,-97.86166758491191,,2023-08-06,3252,0 days 00:45:00,236,3,False,False,,,,Free
2023-08-06 04:45:00,2.3239119418357643,9.6,4.241595178015151,497,152,115.25,13.25,4,5.0,5001,2023-08-06 04:45:00,2023-08-06 04:45:00,30.84250000000439,-97.86250091822144,,2023-08-06,3290,0 days 00:30:00,237,3,False,False,,,,Free
2023-08-06 05:30:00,4.263098015378104,9.599999,14.273829904097878,500,134,474.46153846153845,438.6923076923077,13,5.0,5095,2023-08-06 05:30:00,2023-08-06 05:30:00,27.250384615388445,-93.60807796287315,,2023-08-06,3427,0 days 00:00:00,238,4,False,False,,,,Free
2023-08-06 05:45:00,8.184982962629537,19.800001,52.61692222453764,501,180,456.5030968491319,411.0132319835686,48,5.0,5121,2023-08-06 05:45:00,2023-08-06 05:45:00,27.42996903151253,-93.88486871205096,,2023-08-06,3450,0 days 00:00:00,239,4,False,False,,,,Free
2023-08-06 05:45:00,7.752050563780428,19.423256,47.19794338143043,501,182,470.8826498402024,437.38201892601177,46,5.0,5123,2023-08-06 05:45:00,2023-08-06 05:45:00,27.28617350160181,-93.62118085016168,,2023-08-06,3427,0 days 00:15:00,238,4,False,False,,,,Free
2023-08-06 06:00:00,3.708609062691569,11.5199995,10.8021944784466,502,68,299.71779140745355,262.57055214813664,10,5.0,5126,2023-08-06 06:00:00,2023-08-06 06:00:00,28.997822085929567,-95.36929546798616,,2023-08-06,3452,0 days 00:00:00,240,3,False,False,,,,Free
2023-08-06 06:00:00,12.38807555151807,33.86182,120.53067037125425,502,81,452.2916303092191,410.8296176887085,118,5.0,5136,2023-08-06 06:00:00,2023-08-06 06:00:00,27.47208369691167,-93.88670485494708,,2023-08-06,3450,0 days 00:15:00,239,4,False,False,,,,Free
2023-08-06 06:00:00,7.189734408394092,17.643242,40.59902245181843,502,86,467.3659683601948,437.0320649832583,37,5.0,5141,2023-08-06 06:00:00,2023-08-06 06:00:00,27.32134031640189,-93.6246803894892,,2023-08-06,3427,0 days 00:30:00,238,4,False,False,,,,Free
2023-08-06 06:15:00,7.035601321956418,17.866665,38.876962442924246,503,64,296.7871329864789,264.4632987868674,36,5.0,5143,2023-08-06 06:15:00,2023-08-06 06:15:00,29.02712867013932,-95.3503680021397,,2023-08-06,3452,0 days 00:15:00,240,3,False,False,,,,Free
2023-08-06 06:15:00,10.822878306473234,27.428577,91.99737419488748,503,75,446.31352090561177,412.0881019965676,87,5.0,5153,2023-08-06 06:15:00,2023-08-06 06:15:00,27.53186479094776,-93.8741200122281,,2023-08-06,3450,0 days 00:30:00,239,4,False,False,,,,Free
2023-08-06 06:15:00,8.683619939402702,24.71111,59.223148985430434,503,81,461.7414505852279,379.598835025773,54,5.0,5157,2023-08-06 06:15:00,2023-08-06 06:15:00,27.377585494151568,-94.19901267265186,,2023-08-06,3474,0 days 00:00:00,242,3,False,False,,,,Free
2023-08-06 06:15:00,,,,503,82,463.5,437.5,4,5.0,5158,2023-08-06 06:15:00,2023-08-06 06:15:00,27.360000000003843,-93.62000103945547,,2023-08-06,3427,0 days 00:45:00,238,4,False,False,,,,Free
2023-08-06 06:30:00,2.621646139425581,13.44,5.398063945457066,504,58,293.89099525852146,266.55450237073927,5,5.0,5160,2023-08-06 06:30:00,2023-08-06 06:30:00,29.05609004741889,-95.32945596689854,,2023-08-06,3452,0 days 00:30:00,240,3,False,False,,,,Free
2023-08-06 06:30:00,8.513200867009793,23.446156,56.92140909519992,504,68,441.1287834859476,413.9587430361301,69,5.0,5170,2023-08-06 06:30:00,2023-08-06 06:30:00,27.583712165144405,-93.85541360236704,,2023-08-06,3450,0 days 00:45:00,239,4,False,False,,,,Free
2023-08-06 06:30:00,9.742458604636123,36.98823,74.54645911330938,504,71,457.9193637032112,381.8299007062134,68,5.0,5173,2023-08-06 06:30:00,2023-08-06 06:30:00,27.415806362971743,-94.17670201648502,,2023-08-06,3474,0 days 00:15:00,242,3,False,False,,,,Free
2023-08-06 06:45:00,6.646338755695876,13.799999,34.69403619933379,505,46,337.72117400433257,293.46121593067863,33,5.0,5181,2023-08-06 06:45:00,2023-08-06 06:45:00,28.617788259960715,-95.06038883898805,,2023-08-06,3490,0 days 00:00:00,243,3,False,False,,,,Free
2023-08-06 06:45:00,8.268616188781232,12.5387745,53.69768317366881,505,51,453.0568893569879,383.8491649190727,52,5.0,5186,2023-08-06 06:45:00,2023-08-06 06:45:00,27.46443110643398,-94.15650937493348,,2023-08-06,3474,0 days 00:30:00,242,3,False,False,,,,Free
2023-08-06 07:00:00,7.967050881855619,16.278257,49.85228429052535,506,72,333.28681574115035,295.72513491136084,46,5.0,5193,2023-08-06 07:00:00,2023-08-06 07:00:00,28.662131842592544,-95.0377496498282,,2023-08-06,3490,0 days 00:15:00,243,3,False,False,,,,Free
2023-08-06 07:00:00,4.246819048661308,9.599999,14.165026609995818,506,76,391.07142857142856,426.4285714285714,14,5.0,5197,2023-08-06 07:00:00,2023-08-06 07:00:00,28.08428571428968,-93.730715322006,,2023-08-06,3499,0 days 00:00:00,244,4,False,False,,,,Free
2023-08-06 07:00:00,6.014646344014762,9.6,28.412540902580005,506,80,422.2692307692308,430.84615384615387,26,5.0,5201,2023-08-06 07:00:00,2023-08-06 07:00:00,27.772307692311603,-93.68653949909252,,2023-08-06,3503,0 days 00:00:00,245,4,False,False,,,,Free
2023-08-06 07:15:00,4.068470017832388,10.4,13.00026248355648,507,53,329.638888892977,297.7870370356744,12,5.0,5213,2023-08-06 07:15:00,2023-08-06 07:15:00,28.698611111074285,-95.01713062917425,,2023-08-06,3490,0 days 00:30:00,243,3,False,False,,,,Free
2023-08-06 07:15:00,8.327507204617103,16.896,54.46530193764456,507,55,386.9480132580933,427.1447019747404,52,5.0,5215,2023-08-06 07:15:00,2023-08-06 07:15:00,28.12551986742304,-93.72355401674896,,2023-08-06,3499,0 days 00:15:00,244,4,False,False,,,,Free
2023-08-06 07:15:00,4.080272693063037,9.599999,13.07579969425066,507,56,391.1666666666667,252.0833333333333,12,5.0,5216,2023-08-06 07:15:00,2023-08-06 07:15:00,28.08333333333729,-95.47416765313731,,2023-08-06,3514,0 days 00:00:00,246,3,False,False,,,,Free
2023-08-06 07:15:00,6.460478702118582,19.52,32.780779730815986,507,58,420.9525438190696,430.9350149680786,37,5.0,5218,2023-08-06 07:15:00,2023-08-06 07:15:00,27.785474561813217,-93.6856508878987,,2023-08-06,3503,0 days 00:15:00,245,4,False,False,,,,Free
2023-08-06 07:30:00,10.530947715509145,43.68,87.1013315957406,508,53,382.5187435567926,428.6830403032253,80,5.0,5230,2023-08-06 07:30:00,2023-08-06 07:30:00,28.169812564436047,-93.7081706339037,,2023-08-06,3499,0 days 00:30:00,244,4,False,False,,,,Free
2023-08-06 07:30:00,7.163927980206664,9.600001,40.30809781066219,508,54,388.7837837837838,254.945945945946,37,5.0,5231,2023-08-06 07:30:00,2023-08-06 07:30:00,28.107162162166123,-95.44554152782922,,2023-08-06,3514,0 days 00:15:00,246,3,False,False,,,,Free
2023-08-06 07:30:00,7.076025411253499,25.6,39.32499255756306,508,56,417.1186237150651,431.7329465766709,65,5.0,5233,2023-08-06 07:30:00,2023-08-06 07:30:00,27.823813762853263,-93.67767157204082,,2023-08-06,3503,0 days 00:30:00,245,4,False,False,,,,Free
2023-08-06 07:45:00,11.47350000529708,73.97053,103.39075857004885,509,63,377.82985339646285,429.4324686977455,97,5.0,5243,2023-08-06 07:45:00,2023-08-06 07:45:00,28.21670146603935,-93.70067635017269,,2023-08-06,3499,0 days 00:45:00,244,4,False,False,,,,Free
2023-08-06 07:45:00,4.40637185779761,16.457144,15.249379450611832,509,64,386.9376558639076,256.4738154580847,14,5.0,5244,2023-08-06 07:45:00,2023-08-06 07:45:00,28.12562344136489,-95.4302628331444,,2023-08-06,3514,0 days 00:30:00,246,3,False,False,,,,Free
2023-08-06 07:45:00,4.093352113414314,9.599999,13.159763686006649,509,73,460.9166666666667,389.1666666666667,12,5.0,5253,2023-08-06 07:45:00,2023-08-06 07:45:00,27.38583333333718,-94.10333435897708,,2023-08-06,3536,0 days 00:00:00,247,3,False,False,,,,Free
2023-08-06 08:00:00,2.627819421715463,9.6,5.423515898244694,510,88,342.8,312.6,5,5.0,5261,2023-08-06 08:00:00,2023-08-06 08:00:00,28.56700000000404,-94.86900100376396,,2023-08-06,3544,0 days 00:00:00,248,6,False,False,,,,Free
2023-08-06 08:00:00,12.966659696590735,19.279339,132.05234190410172,510,93,407.4404445134604,433.26391945715983,121,5.0,5266,2023-08-06 08:00:00,2023-08-06 08:00:00,27.92059555486933,-93.6623618436734,,2023-08-06,3503,0 days 01:00:00,245,4,False,False,,,,Free
2023-08-06 08:00:00,6.578102012243519,12.696776,33.98529857355539,510,105,457.3713327757577,391.8105616026204,31,5.0,5276,2023-08-06 08:00:00,2023-08-06 08:00:00,27.42128667224628,-94.07689541037304,,2023-08-06,3536,0 days 00:15:00,247,3,False,False,,,,Free
2023-08-06 08:15:00,6.10578442922261,20.26667,29.280117516214705,511,89,340.2867540035174,315.3881610895115,27,5.0,5285,2023-08-06 08:15:00,2023-08-06 08:15:00,28.592132459968862,-94.84111939366556,,2023-08-06,3544,0 days 00:15:00,248,6,False,False,,,,Free
2023-08-06 08:30:00,6.748913482959382,26.181818,35.773184542383184,512,57,336.4981402123228,318.22403432618444,33,5.0,5306,2023-08-06 08:30:00,2023-08-06 08:30:00,28.630018597880817,-94.81276066210928,,2023-08-06,3544,0 days 00:30:00,248,6,False,False,,,,Free
2023-08-06 08:30:00,11.2031704788895,28.693338,98.57613148919891,512,65,447.54248733276415,397.8174826547779,90,5.0,5314,2023-08-06 08:30:00,2023-08-06 08:30:00,27.51957512667623,-94.016826201568,,2023-08-06,3536,0 days 00:45:00,247,3,False,False,,,,Free
2023-08-06 08:45:00,5.873555567085135,16.512001,27.09518027639692,513,56,334.0479499664972,321.58512856659013,25,5.0,5320,2023-08-06 08:45:00,2023-08-06 08:45:00,28.654520500339075,-94.77914972066566,,2023-08-06,3544,0 days 00:45:00,248,6,False,False,,,,Free
2023-08-06 08:45:00,4.848572055926425,12.423531,18.463651304830048,513,59,356.3165137664847,265.2844036710626,18,5.0,5323,2023-08-06 08:45:00,2023-08-06 08:45:00,28.43183486233917,-95.34215695353237,,2023-08-06,3585,0 days 00:00:00,249,4,False,False,,,,Free
2023-08-06 09:00:00,6.215358298340536,33.94286,30.340464162056684,514,45,332.0051533774372,323.7300613394419,29,5.0,5333,2023-08-06 09:00:00,2023-08-06 09:00:00,28.67494846622968,-94.75770039355008,,2023-08-06,3544,0 days 01:00:00,248,6,False,False,,,,Free
2023-08-06 09:00:00,9.55243945386298,41.890915,71.66687517445756,514,47,353.7315590581269,268.45170035311133,66,5.0,5335,2023-08-06 09:00:00,2023-08-06 09:00:00,28.457684409422747,-95.31048398761698,,2023-08-06,3585,0 days 00:15:00,249,4,False,False,,,,Free
2023-08-06 09:00:00,13.146354207478623,43.741936,135.73771696231708,514,51,440.1970025177442,411.80757697859735,124,5.0,5338,2023-08-06 09:00:00,2023-08-06 09:00:00,27.59302997482644,-93.87692526232765,,2023-08-06,3594,0 days 00:00:00,250,3,False,False,,,,Free
2023-08-06 09:15:00,4.39466725719817,13.714288,15.168473506300709,515,46,330.96557376639106,324.60983607121227,14,5.0,5343,2023-08-06 09:15:00,2023-08-06 09:15:00,28.68534426234014,-94.74890264648376,,2023-08-06,3544,0 days 01:15:00,248,6,False,False,,,,Free
2023-08-06 09:15:00,9.550788746400867,73.30909,71.64210855338376,515,47,350.9115001000479,271.31721694511,67,5.0,5344,2023-08-06 09:15:00,2023-08-06 09:15:00,28.48588499900354,-95.28182882251588,,2023-08-06,3585,0 days 00:30:00,249,4,False,False,,,,Free
2023-08-06 09:15:00,11.743523130144856,29.284851,108.31452422170328,515,50,436.0644704791848,415.18559188648254,99,5.0,5347,2023-08-06 09:15:00,2023-08-06 09:15:00,27.63435529521204,-93.84314511421412,,2023-08-06,3594,0 days 00:15:00,250,3,False,False,,,,Free
2023-08-06 09:30:00,7.61805849872222,44.11428,45.580437341839904,516,23,348.4144144229496,273.8414901426132,42,5.0,5353,2023-08-06 09:30:00,2023-08-06 09:30:00,28.51085585577453,-95.25658609126214,,2023-08-06,3585,0 days 00:45:00,249,4,False,False,,,,Free
2023-08-06 09:30:00,3.72016682335108,9.6,10.869628775503312,516,24,364.8,451.7,10,5.0,5354,2023-08-06 09:30:00,2023-08-06 09:30:00,28.347000000004,-93.4780010435133,,2023-08-06,3605,0 days 00:00:00,251,5,False,False,,,,Free
2023-08-06 09:30:00,6.244714269805102,24.000002,30.62774516606679,516,26,432.889898253837,416.6220930218455,32,5.0,5356,2023-08-06 09:30:00,2023-08-06 09:30:00,27.66610101746552,-93.82878010327096,,2023-08-06,3594,0 days 00:30:00,250,3,False,False,,,,Free
2023-08-06 09:45:00,5.8816015455627495,14.592001,27.169464602170844,517,47,363.13502454950304,452.8175122845068,26,5.0,5359,2023-08-06 09:45:00,2023-08-06 09:45:00,28.363649754508973,-93.46682592098756,,2023-08-06,3605,0 days 00:15:00,251,5,False,False,,,,Free
2023-08-06 09:45:00,6.121785126459243,16.000002,29.4337803828837,517,51,396.115959351131,414.6132695821376,31,5.0,5363,2023-08-06 09:45:00,2023-08-06 09:45:00,28.03384040649264,-93.84886833709402,,2023-08-06,3612,0 days 00:00:00,252,4,False,False,,,,Free
2023-08-06 09:45:00,4.566797225003032,13.440001,16.37997891326367,517,53,413.9905213366536,300.4360189659143,15,5.0,5365,2023-08-06 09:45:00,2023-08-06 09:45:00,27.855094786637387,-94.9906408106288,,2023-08-06,3614,0 days 00:00:00,253,3,False,False,,,,Free
2023-08-06 10:00:00,4.555625655897675,9.6,16.299937590290565,518,37,361.8666666666667,453.73333333333335,15,5.0,5372,2023-08-06 10:00:00,2023-08-06 10:00:00,28.37633333333734,-93.45766771076104,,2023-08-06,3605,0 days 00:30:00,251,5,False,False,,,,Free
2023-08-06 10:00:00,11.353050956416542,74.63226,101.23135630836885,518,39,379.9286417590244,369.4587666537148,94,5.0,5374,2023-08-06 10:00:00,2023-08-06 10:00:00,28.19571358241373,-94.30041335347482,,2023-08-06,3621,0 days 00:00:00,254,3,False,False,,,,Free
2023-08-06 10:00:00,5.8899565664658535,21.12,27.246709779242813,518,41,393.2651654478029,416.31801469210586,32,5.0,5376,2023-08-06 10:00:00,2023-08-06 10:00:00,28.06234834552593,-93.83182088648148,,2023-08-06,3612,0 days 00:15:00,252,4,False,False,,,,Free
2023-08-06 10:00:00,8.582958759182874,23.366037,57.85806870863174,518,46,410.67885761657874,302.6013971631747,53,5.0,5380,2023-08-06 10:00:00,2023-08-06 10:00:00,27.88821142383814,-94.968987029275,,2023-08-06,3614,0 days 00:15:00,253,3,False,False,,,,Free
2023-08-06 10:15:00,10.853503622537978,43.934116,92.51875766154237,519,37,379.7781470926309,371.6543180083253,85,5.0,5385,2023-08-06 10:15:00,2023-08-06 10:15:00,28.197218529077663,-94.27845784055614,,2023-08-06,3621,0 days 00:15:00,254,3,False,False,,,,Free
2023-08-06 10:15:00,3.724924164123288,11.5199995,10.897446663389353,519,38,391.650632907725,418.1113924114812,13,5.0,5386,2023-08-06 10:15:00,2023-08-06 10:15:00,28.078493670926708,-93.8138871098002,,2023-08-06,3612,0 days 00:30:00,252,4,False,False,,,,Free
2023-08-06 10:15:00,8.335159721001336,44.735996,54.56544910333744,519,39,407.5915039201535,306.53895712558466,50,5.0,5387,2023-08-06 10:15:00,2023-08-06 10:15:00,27.9190849608024,-94.9296114307761,,2023-08-06,3614,0 days 00:30:00,253,3,False,False,,,,Free
2023-08-06 10:30:00,3.30257370384957,13.200001,8.566332324862994,520,47,210.6432926824836,467.1402439050984,8,5.0,5393,2023-08-06 10:30:00,2023-08-06 10:30:00,29.88856707317941,-93.32359860887452,,2023-08-06,3632,0 days 00:00:00,255,3,False,False,,,,Free
2023-08-06 10:30:00,2.629836093069546,9.6,5.4318434461206175,520,48,359.0,458.4,5,5.0,5394,2023-08-06 10:30:00,2023-08-06 10:30:00,28.40500000000401,-93.4110010454279,,2023-08-06,3605,0 days 01:00:00,251,5,False,False,,,,Free
2023-08-06 10:30:00,6.554357386898686,26.632257,33.7403915334165,520,50,378.9152843599201,374.5311018986189,32,5.0,5396,2023-08-06 10:30:00,2023-08-06 10:30:00,28.205847156404776,-94.24969000247523,,2023-08-06,3621,0 days 00:30:00,254,3,False,False,,,,Free
2023-08-06 10:45:00,4.044751023013919,14.400002,12.849122465462754,521,50,210.3333333333333,468.7411347607672,12,5.0,5406,2023-08-06 10:45:00,2023-08-06 10:45:00,29.891666666670908,-93.30758970077534,,2023-08-06,3632,0 days 00:15:00,255,3,False,False,,,,Free
2023-08-06 10:45:00,2.352085892221884,9.6,4.345064577412218,521,52,358.0,462.5,4,5.0,5407,2023-08-06 10:45:00,2023-08-06 10:45:00,28.41500000000401,-93.37000104659955,,2023-08-06,3605,0 days 01:15:00,251,5,False,False,,,,Free
2023-08-06 10:45:00,8.410471774326062,32.56471,55.555952341590725,521,54,388.1362924890221,422.9688433277789,51,5.0,5409,2023-08-06 10:45:00,2023-08-06 10:45:00,28.113637075113743,-93.76531260202528,,2023-08-06,3612,0 days 01:00:00,252,4,False,False,,,,Free
2023-08-06 11:00:00,4.044649561927372,13.600001,12.848477842558712,522,34,209.81782945772247,472.0,12,5.0,5419,2023-08-06 11:00:00,2023-08-06 11:00:00,29.896821705427016,-93.27500104931426,,2023-08-06,3632,0 days 00:30:00,255,3,False,False,,,,Free
2023-08-06 11:45:00,11.144878129693264,64.071915,97.55297739480037,524,90,454.37346332699656,376.73588556779856,92,5.0,5459,2023-08-06 11:45:00,2023-08-06 11:45:00,27.45126536673389,-94.22764216641347,,2023-08-06,3683,0 days 00:00:00,256,3,False,False,,,,Free
2023-08-06 12:00:00,1.659373163968216,9.6,2.162608998977193,525,58,310.0,474.5,2,5.0,5463,2023-08-06 12:00:00,2023-08-06 12:00:00,28.895000000004085,-93.25000105002869,,2023-08-06,3687,0 days 00:00:00,257,7,False,False,,,,Free
2023-08-06 12:00:00,12.38875016412176,105.25088,120.54379811220166,525,71,453.4410932847273,377.2831077940511,110,5.0,5476,2023-08-06 12:00:00,2023-08-06 12:00:00,27.460589067156587,-94.22216994430738,,2023-08-06,3683,0 days 00:15:00,256,3,False,False,,,,Free
2023-08-06 12:15:00,5.370902642511744,10.971431,22.656062886689405,526,62,286.6299840506728,492.3668261599386,21,5.0,5478,2023-08-06 12:15:00,2023-08-06 12:15:00,29.128700159497395,-93.0713327935349,,2023-08-06,3694,0 days 00:00:00,258,4,False,False,,,,Free
2023-08-06 12:15:00,3.891421627690776,17.454546,11.89341184624402,526,64,309.2773722612494,475.0335766432504,11,5.0,5480,2023-08-06 12:15:00,2023-08-06 12:15:00,28.90222627739159,-93.24466528374865,,2023-08-06,3687,0 days 00:15:00,257,7,False,False,,,,Free
2023-08-06 12:15:00,10.110413883576308,14.918919,80.28376853349673,526,66,345.2128350842841,478.77173030598095,75,5.0,5482,2023-08-06 12:15:00,2023-08-06 12:15:00,28.54287164916119,-93.20728374818952,,2023-08-06,3697,0 days 00:00:00,260,4,False,False,,,,Free
2023-08-06 12:15:00,8.91720421732196,65.68421,62.4521374490958,526,78,451.5110147327491,377.7178953890456,57,5.0,5493,2023-08-06 12:15:00,2023-08-06 12:15:00,27.47988985267637,-94.21782206848168,,2023-08-06,3683,0 days 00:30:00,256,3,False,False,,,,Free
2023-08-06 12:30:00,5.108449764021106,18.189476,20.49595388348969,527,49,285.3766959304367,495.04150039524586,19,5.0,5495,2023-08-06 12:30:00,2023-08-06 12:30:00,29.14123304069976,-93.04458605194615,,2023-08-06,3694,0 days 00:15:00,258,4,False,False,,,,Free
2023-08-06 12:30:00,3.318506491235801,16.8,8.649185754487993,527,51,308.80508474062583,475.7033898270839,8,5.0,5497,2023-08-06 12:30:00,2023-08-06 12:30:00,28.90694915259783,-93.2379671521017,,2023-08-06,3687,0 days 00:30:00,257,7,False,False,,,,Free
2023-08-06 12:30:00,14.348622371587211,63.720802,161.70010177090222,527,53,345.1056301107812,480.42588062152646,149,5.0,5498,2023-08-06 12:30:00,2023-08-06 12:30:00,28.54394369889621,-93.19074224550678,,2023-08-06,3697,0 days 00:15:00,260,4,False,False,,,,Free
2023-08-06 12:30:00,7.434438878789106,61.2,43.40964877425913,527,55,347.9123665584779,386.76983982825936,40,5.0,5500,2023-08-06 12:30:00,2023-08-06 12:30:00,28.515876334419247,-94.12730262667624,,2023-08-06,3708,0 days 00:00:00,261,3,False,False,,,,Free
2023-08-06 12:45:00,6.833612334060465,27.670588,36.67672569966925,528,40,284.95952259619145,496.9016605612376,34,5.0,5507,2023-08-06 12:45:00,2023-08-06 12:45:00,29.14540477404221,-93.02598445081782,,2023-08-06,3694,0 days 00:30:00,258,4,False,False,,,,Free
2023-08-06 12:45:00,10.109038369435892,86.659454,80.2619249278685,528,42,343.41633576798966,482.73720491907625,120,5.0,5509,2023-08-06 12:45:00,2023-08-06 12:45:00,28.560836642324137,-93.1676290031918,,2023-08-06,3697,0 days 00:30:00,260,4,False,False,,,,Free
2023-08-06 12:45:00,7.245363133031669,81.09474,41.22970194144705,528,44,346.1554156864326,387.8985336976661,38,5.0,5511,2023-08-06 12:45:00,2023-08-06 12:45:00,28.533445843139702,-94.11601568830469,,2023-08-06,3708,0 days 00:15:00,261,3,False,False,,,,Free
2023-08-06 13:00:00,3.7059289408273743,51.839996,10.786587151845488,529,44,284.33518359866133,498.47053799217286,10,5.0,5519,2023-08-06 13:00:00,2023-08-06 13:00:00,29.151648164017512,-93.0102956769568,,2023-08-06,3694,0 days 00:45:00,258,4,False,False,,,,Free
2023-08-06 13:00:00,3.519383380724808,9.6,9.727988289193696,529,47,306.0,479.0,9,5.0,5521,2023-08-06 13:00:00,2023-08-06 13:00:00,28.93500000000409,-93.20500105131458,,2023-08-06,3687,0 days 01:00:00,257,7,False,False,,,,Free
2023-08-06 13:00:00,7.243687732855582,28.547367,41.21063643372509,529,48,340.7433940099273,483.73184574806,51,5.0,5522,2023-08-06 13:00:00,2023-08-06 13:00:00,28.587566059904763,-93.15768259518616,,2023-08-06,3697,0 days 00:45:00,260,4,False,False,,,,Free
2023-08-06 13:00:00,4.986326232185436,10.666668,19.52770741106088,529,49,344.45490196041766,389.0490196041766,18,5.0,5523,2023-08-06 13:00:00,2023-08-06 13:00:00,28.55045098039985,-94.10451082956833,,2023-08-06,3708,0 days 00:30:00,261,3,False,False,,,,Free
2023-08-06 13:15:00,7.746690765659767,17.01818,47.132700258097,530,35,214.3562783646632,390.9186838094738,44,5.0,5531,2023-08-06 13:15:00,2023-08-06 13:15:00,29.851437216357603,-94.08581418804964,,2023-08-06,3723,0 days 00:00:00,262,3,False,False,,,,Free
2023-08-06 13:15:00,1.6663710516935744,9.6,2.180887715437655,530,42,399.0,361.5,2,5.0,5537,2023-08-06 13:15:00,2023-08-06 13:15:00,28.005000000003943,-94.38000101773764,,2023-08-06,3726,0 days 00:00:00,263,6,False,False,,,,Free
2023-08-06 13:30:00,9.26872130386302,40.38095,67.47292366461454,531,56,212.7020057185669,393.49614969582416,64,5.0,5540,2023-08-06 13:30:00,2023-08-06 13:30:00,29.867979942818568,-94.06003952992268,,2023-08-06,3723,0 days 00:15:00,262,3,False,False,,,,Free
2023-08-06 13:30:00,6.206559937263393,50.742855,30.25462601607737,531,61,302.6124297399,484.6247657507717,28,5.0,5544,2023-08-06 13:30:00,2023-08-06 13:30:00,28.968875702605096,-93.1487533954142,,2023-08-06,3687,0 days 01:30:00,257,7,False,False,,,,Free
2023-08-06 13:30:00,6.43934099180636,44.159996,32.566623130907054,531,64,350.91470238412654,402.2233338862822,31,5.0,5547,2023-08-06 13:30:00,2023-08-06 13:30:00,28.48585297616276,-93.972767690512,,2023-08-06,3732,0 days 00:00:00,264,3,False,False,,,,Free
2023-08-06 13:30:00,8.737505257807626,122.705444,59.96043591788981,531,68,396.7739812763565,362.146405537625,55,5.0,5551,2023-08-06 13:30:00,2023-08-06 13:30:00,28.027260187240387,-94.37353696254615,,2023-08-06,3726,0 days 00:15:00,263,6,False,False,,,,Free
2023-08-06 13:30:00,1.6739601359479583,9.6,2.2007976019357463,531,71,499.0,234.5,2,5.0,5554,2023-08-06 13:30:00,2023-08-06 13:30:00,27.00500000000379,-95.65000098144606,,2023-08-06,3738,0 days 00:00:00,266,3,False,False,,,,Free
2023-08-06 13:45:00,7.74585282207565,12.436361,47.12250431535028,532,78,211.9199266591856,393.9217603835729,44,5.0,5557,2023-08-06 13:45:00,2023-08-06 13:45:00,29.875800733412383,-94.05578342316682,,2023-08-06,3723,0 days 00:30:00,262,3,False,False,,,,Free
2023-08-06 13:45:00,4.223410873995337,18.46154,14.00930365722519,532,82,275.05485714204747,396.5942857145971,13,5.0,5559,2023-08-06 13:45:00,2023-08-06 13:45:00,29.244451428583663,-94.02905817062026,,2023-08-06,3741,0 days 00:00:00,267,3,False,False,,,,Free
2023-08-06 13:45:00,7.51001983624663,32.312195,44.29676895760357,532,87,301.5756385063208,486.0387569011681,41,5.0,5562,2023-08-06 13:45:00,2023-08-06 13:45:00,28.97924361494089,-93.13461348431429,,2023-08-06,3687,0 days 01:45:00,257,7,False,False,,,,Free
2023-08-06 13:45:00,5.877867786406533,14.976,27.134980104362043,532,91,350.02806735234594,402.94306335238224,25,5.0,5564,2023-08-06 13:45:00,2023-08-06 13:45:00,28.494719326480563,-93.96557039605663,,2023-08-06,3732,0 days 00:15:00,264,3,False,False,,,,Free
2023-08-06 13:45:00,10.86125502740422,135.98117,92.65095579076664,532,95,395.5276914295388,363.3296208063677,85,5.0,5568,2023-08-06 13:45:00,2023-08-06 13:45:00,28.03972308570856,-94.36170481019684,,2023-08-06,3726,0 days 00:30:00,263,6,False,False,,,,Free
2023-08-06 13:45:00,5.003774299604086,16.000002,19.664608552969725,532,97,419.312121209494,386.8949495048745,18,5.0,5570,2023-08-06 13:45:00,2023-08-06 13:45:00,27.801878787908976,-94.1260515299458,,2023-08-06,3744,0 days 00:00:00,268,3,False,False,,,,Free
2023-08-06 13:45:00,3.925578076939351,28.8,12.10311390489541,532,99,497.6715049693461,234.19633309250568,11,5.0,5572,2023-08-06 13:45:00,2023-08-06 13:45:00,27.01828495031033,-95.6530376504342,,2023-08-06,3738,0 days 00:15:00,266,3,False,False,,,,Free
2023-08-06 14:00:00,4.365728398580676,15.085715,14.96936262228506,533,77,196.5736543838555,414.866855523888,14,5.0,5574,2023-08-06 14:00:00,2023-08-06 14:00:00,30.029263456165708,-93.84633247774894,,2023-08-06,3746,0 days 00:00:00,269,5,False,False,,,,Free
2023-08-06 14:00:00,5.36659894761385,9.600001,22.61976890650269,533,82,270.17391304347825,313.39130434782606,23,5.0,5577,2023-08-06 14:00:00,2023-08-06 14:00:00,29.29326086956937,-94.86108796051184,,2023-08-06,3749,0 days 00:00:00,270,4,False,False,,,,Free
2023-08-06 14:00:00,5.3673867369028985,30.171427,22.626410326796325,533,83,272.9440030127592,399.1199394489348,21,5.0,5578,2023-08-06 14:00:00,2023-08-06 14:00:00,29.265559969876552,-94.00380163399863,,2023-08-06,3741,0 days 00:15:00,267,3,False,False,,,,Free
2023-08-06 14:00:00,1.6585724913475317,9.6,2.160522519450136,533,88,300.0,487.5,2,5.0,5582,2023-08-06 14:00:00,2023-08-06 14:00:00,28.9950000000041,-93.12000105374352,,2023-08-06,3687,0 days 02:00:00,257,7,False,False,,,,Free
2023-08-06 14:00:00,8.71332786815673,24.960003,59.62906418665208,533,90,336.9794690352488,409.158938076574,62,5.0,5584,2023-08-06 14:00:00,2023-08-06 14:00:00,28.625205309651555,-93.903411650591,,2023-08-06,3753,0 days 00:00:00,271,6,False,False,,,,Free
2023-08-06 14:00:00,3.898748974998095,9.599999,11.938243383110118,533,91,348.54545454545456,404.0,11,5.0,5585,2023-08-06 14:00:00,2023-08-06 14:00:00,28.50954545454948,-93.95500102988252,,2023-08-06,3732,0 days 00:30:00,264,3,False,False,,,,Free
2023-08-06 14:00:00,14.379714866842328,177.8255,162.40164744073846,533,97,393.88304196540673,366.27156434138647,152,5.0,5590,2023-08-06 14:00:00,2023-08-06 14:00:00,28.056169580349888,-94.33228537568732,,2023-08-06,3726,0 days 00:45:00,263,6,False,False,,,,Free
2023-08-06 14:00:00,5.655859049967609,18.782606,25.123898896616705,533,98,417.8813880118211,386.7747634083067,23,5.0,5591,2023-08-06 14:00:00,2023-08-06 14:00:00,27.816186119885707,-94.12725339087712,,2023-08-06,3744,0 days 00:15:00,268,3,False,False,,,,Free
2023-08-06 14:00:00,,,,533,99,498.0071942372004,234.8417266100672,10,5.0,5592,2023-08-06 14:00:00,2023-08-06 14:00:00,27.01492805763179,-95.646583715443,,2023-08-06,3738,0 days 00:30:00,266,3,False,False,,,,Free
2023-08-06 14:15:00,2.020815732055086,9.6,3.207327513355512,534,74,195.0,415.0,3,5.0,5594,2023-08-06 14:15:00,2023-08-06 14:15:00,30.045000000004265,-93.84500103302588,,2023-08-06,3746,0 days 00:15:00,269,5,False,False,,,,Free
2023-08-06 14:15:00,2.3419819437878777,9.6,4.307814226873793,534,77,268.0,315.5,6,5.0,5597,2023-08-06 14:15:00,2023-08-06 14:15:00,29.31500000000415,-94.84000100459264,,2023-08-06,3749,0 days 00:15:00,270,4,False,False,,,,Free
2023-08-06 14:15:00,3.8845759153027504,12.218183,11.851603340586587,534,79,272.7002518949172,400.6523929416575,11,5.0,5599,2023-08-06 14:15:00,2023-08-06 14:15:00,29.267997481054973,-93.98847709950934,,2023-08-06,3741,0 days 00:30:00,267,3,False,False,,,,Free
2023-08-06 14:15:00,,,,534,87,323.3333333333333,362.0,3,5.0,5605,2023-08-06 14:15:00,2023-08-06 14:15:00,28.76166666667073,-94.37500101788056,,2023-08-06,3764,0 days 00:00:00,273,4,False,False,,,,Free
2023-08-06 14:15:00,8.947340677229057,40.717243,62.87497551063683,534,88,335.8173586492815,411.80011560120187,59,5.0,5606,2023-08-06 14:15:00,2023-08-06 14:15:00,28.63682641351123,-93.87699987609945,,2023-08-06,3753,0 days 00:15:00,271,6,False,False,,,,Free
2023-08-06 14:15:00,12.956295356253593,155.10744,131.84132557977915,534,94,392.0626024217848,367.0610183908269,125,5.0,5611,2023-08-06 14:15:00,2023-08-06 14:15:00,28.07437397578611,-94.32439083541853,,2023-08-06,3726,0 days 01:00:00,263,6,False,False,,,,Free
2023-08-06 14:15:00,3.120069762780423,9.599999,7.645721784930545,534,95,416.3,385.7,10,5.0,5612,2023-08-06 14:15:00,2023-08-06 14:15:00,27.83200000000392,-94.13800102465308,,2023-08-06,3744,0 days 00:30:00,268,3,False,False,,,,Free
2023-08-06 14:30:00,5.630394629462724,9.600002,24.8981771062386,535,84,321.7826086956522,364.0869565217391,23,5.0,5623,2023-08-06 14:30:00,2023-08-06 14:30:00,28.777173913047545,-94.35413145325953,,2023-08-06,3764,0 days 00:15:00,273,4,False,False,,,,Free
2023-08-06 14:30:00,8.222802376744772,78.759186,53.10428756834085,535,86,334.1416634205229,412.395661576907,49,5.0,5625,2023-08-06 14:30:00,2023-08-06 14:30:00,28.65358336579882,-93.87104441651258,,2023-08-06,3753,0 days 00:30:00,271,6,False,False,,,,Free
2023-08-06 14:30:00,2.8777692710730727,9.599999,6.50431885482714,535,88,336.5,335.5,6,5.0,5627,2023-08-06 14:30:00,2023-08-06 14:30:00,28.63000000000405,-94.64000101030786,,2023-08-06,3776,0 days 00:00:00,274,3,False,False,,,,Free
2023-08-06 14:30:00,11.479075797961825,57.802113,103.49127288750776,535,95,389.9515230513525,368.19596223002657,105,5.0,5633,2023-08-06 14:30:00,2023-08-06 14:30:00,28.09548476949044,-94.31304139735084,,2023-08-06,3726,0 days 01:15:00,263,6,False,False,,,,Free
2023-08-06 14:45:00,11.00601327457669,51.88315,95.13710809646126,536,133,193.55428269907867,411.2328044730932,89,5.0,5634,2023-08-06 14:45:00,2023-08-06 14:45:00,30.05945717301348,-93.88267298721844,,2023-08-06,3746,0 days 00:45:00,269,5,False,False,,,,Free
2023-08-06 14:45:00,1.655584650658887,9.6,2.1527453705244723,536,134,263.0,318.5,2,5.0,5635,2023-08-06 14:45:00,2023-08-06 14:45:00,29.36500000000416,-94.81000100544998,,2023-08-06,3749,0 days 00:45:00,270,4,False,False,,,,Free
2023-08-06 14:45:00,4.54631807200698,9.6,16.233400931759842,536,153,318.9375,366.625,16,5.0,5649,2023-08-06 14:45:00,2023-08-06 14:45:00,28.80562500000407,-94.32875101920216,,2023-08-06,3764,0 days 00:30:00,273,4,False,False,,,,Free
2023-08-06 14:45:00,8.387811413105462,20.89412,55.25698647418021,536,159,330.78263016051056,414.5697014713585,51,5.0,5652,2023-08-06 14:45:00,2023-08-06 14:45:00,28.687173698398947,-93.84930401818934,,2023-08-06,3753,0 days 00:45:00,271,6,False,False,,,,Free
2023-08-06 14:45:00,5.510389046891508,9.600002,23.848134134427774,536,161,336.04545454545456,335.1363636363636,22,5.0,5653,2023-08-06 14:45:00,2023-08-06 14:45:00,28.6345454545495,-94.64363737384036,,2023-08-06,3776,0 days 00:15:00,274,3,False,False,,,,Free
2023-08-06 15:00:00,7.560163588383305,90.74286,44.890275140649486,537,67,191.91936020863545,411.6156836929762,42,5.0,5664,2023-08-06 15:00:00,2023-08-06 15:00:00,30.07580639791792,-93.87884419512903,,2023-08-06,3746,0 days 01:00:00,269,5,False,False,,,,Free
2023-08-06 15:00:00,1.6597724080525966,9.6,2.1636497687524545,537,77,315.0,369.5,2,5.0,5671,2023-08-06 15:00:00,2023-08-06 15:00:00,28.84500000000408,-94.30000102002371,,2023-08-06,3764,0 days 00:45:00,273,4,False,False,,,,Free
2023-08-06 15:00:00,6.432400865621965,24.639996,32.4964623248962,537,78,328.63136455789856,417.27902239826113,30,5.0,5672,2023-08-06 15:00:00,2023-08-06 15:00:00,28.70868635442507,-93.82221080969452,,2023-08-06,3753,0 days 01:00:00,271,6,False,False,,,,Free
2023-08-06 15:00:00,1.6613621080561358,9.6,2.1677963628272647,537,82,335.0,334.5,2,5.0,5675,2023-08-06 15:00:00,2023-08-06 15:00:00,28.64500000000405,-94.65000101002217,,2023-08-06,3776,0 days 00:30:00,274,3,False,False,,,,Free
2023-08-06 15:15:00,2.608440283347878,59.52,5.343818246869799,538,43,191.59574468159545,411.96625091575993,5,5.0,5681,2023-08-06 15:15:00,2023-08-06 15:15:00,30.07904255318832,-93.87533852300136,,2023-08-06,3746,0 days 01:15:00,269,5,False,False,,,,Free
2023-08-06 15:15:00,2.341723680687338,9.6,4.30686418699984,538,45,266.25,315.0,4,5.0,5682,2023-08-06 15:15:00,2023-08-06 15:15:00,29.33250000000416,-94.84500100444978,,2023-08-06,3749,0 days 01:15:00,270,4,False,False,,,,Free
2023-08-06 15:15:00,3.522748002043812,13.866667,9.746597596043824,538,53,326.33649288778213,419.2274881463036,10,5.0,5686,2023-08-06 15:15:00,2023-08-06 15:15:00,28.73163507112624,-93.8027261527709,,2023-08-06,3753,0 days 01:15:00,271,6,False,False,,,,Free
2023-08-06 18:30:00,3.706649832529131,9.6,10.790784057721076,551,150,288.7,283.6,10,5.0,5698,2023-08-06 18:30:00,2023-08-06 18:30:00,29.10800000000412,-95.1590009954769,,2023-08-06,3814,0 days 00:00:00,275,4,False,False,,,,Free
2023-08-06 18:30:00,2.6227883025828747,9.6,5.402768480299134,551,154,302.8,323.6,5,5.0,5700,2023-08-06 18:30:00,2023-08-06 18:30:00,28.96700000000409,-94.75900100690734,,2023-08-06,3816,0 days 00:00:00,276,3,False,False,,,,Free
2023-08-06 18:45:00,2.870898153547356,9.599999,6.4732958084144245,552,129,286.8333333333333,284.1666666666667,6,5.0,5713,2023-08-06 18:45:00,2023-08-06 18:45:00,29.12666666667079,-95.15333432897216,,2023-08-06,3814,0 days 00:15:00,275,4,False,False,,,,Free
2023-08-06 18:45:00,2.62258551756491,9.6,5.4019330654482935,552,137,301.2,322.6,5,5.0,5717,2023-08-06 18:45:00,2023-08-06 18:45:00,28.9830000000041,-94.76900100662158,,2023-08-06,3816,0 days 00:15:00,276,3,False,False,,,,Free
2023-08-06 19:00:00,1.1720487656362195,9.6,1.0789001289738602,553,123,286.5,284.5,2,5.0,5726,2023-08-06 19:00:00,2023-08-06 19:00:00,29.130000000004124,-95.1500009957341,,2023-08-06,3814,0 days 00:30:00,275,4,False,False,,,,Free
2023-08-06 19:00:00,,,,553,126,299.22222222222223,321.1111111111111,9,5.0,5728,2023-08-06 19:00:00,2023-08-06 19:00:00,29.00277777778188,-94.783889895085,,2023-08-06,3816,0 days 00:30:00,276,3,False,False,,,,Free
2023-08-06 19:15:00,1.657607837454528,9.6,2.158010057221556,554,98,288.0,284.5,2,5.0,5749,2023-08-06 19:15:00,2023-08-06 19:15:00,29.11500000000412,-95.1500009957341,,2023-08-06,3814,0 days 00:45:00,275,4,False,False,,,,Free
2023-08-07 12:00:00,7.652066861112914,40.855812,45.98830399908908,621,43,198.22402386269533,404.0518874039731,43,5.0,5873,2023-08-07 12:00:00,2023-08-07 12:00:00,30.012759761377307,-93.9544821558576,,2023-08-07,3963,0 days 00:00:00,277,3,False,False,,,,Free
2023-08-07 12:15:00,10.305131680182994,52.184612,83.40593832875352,622,29,197.01505271471595,406.12389957653113,78,5.0,5880,2023-08-07 12:15:00,2023-08-07 12:15:00,30.024849472857102,-93.93376203472413,,2023-08-07,3963,0 days 00:15:00,277,3,False,False,,,,Free
2023-08-07 12:30:00,7.19242234911801,21.473682,40.629384676276615,623,19,195.649840262302,409.51980828685294,38,5.0,5884,2023-08-07 12:30:00,2023-08-07 12:30:00,30.038501597381245,-93.89980294859134,,2023-08-07,3963,0 days 00:30:00,277,3,False,False,,,,Free
2023-08-07 13:15:00,4.523860646132216,32.640003,16.073420928722907,626,37,217.4341534194765,243.15098888595875,15,5.0,5896,2023-08-07 13:15:00,2023-08-07 13:15:00,29.820658465809466,-95.56349109505857,,2023-08-07,3979,0 days 00:00:00,278,4,False,False,,,,Free
2023-08-07 13:30:00,7.921107290698602,44.45217,49.27897579854815,627,39,216.39817057057672,244.78554110534725,46,5.0,5906,2023-08-07 13:30:00,2023-08-07 13:30:00,29.831018294298463,-95.54714557333176,,2023-08-07,3979,0 days 00:15:00,278,4,False,False,,,,Free
2023-08-07 13:45:00,6.908819042583853,17.279999,37.48845279000316,628,69,213.1596091257973,245.52349929491783,35,5.0,5913,2023-08-07 13:45:00,2023-08-07 13:45:00,29.863403908746264,-95.53976599164696,,2023-08-07,3979,0 days 00:30:00,278,4,False,False,,,,Free
2023-08-07 14:00:00,3.302573691274279,13.200001,8.566332259626526,629,136,210.3506097627459,246.2926829197377,8,5.0,5928,2023-08-07 14:00:00,2023-08-07 14:00:00,29.891493902376784,-95.53207415561856,,2023-08-07,3979,0 days 00:45:00,278,4,False,False,,,,Free
2023-08-07 14:15:00,,,,630,121,393.5,401.5,4,5.0,5965,2023-08-07 14:15:00,2023-08-07 14:15:00,28.06000000000396,-93.98000102916808,,2023-08-07,4031,0 days 00:00:00,281,7,False,False,,,,Free
2023-08-07 14:30:00,7.249354206534512,13.389475,41.275136818603,631,90,358.24688684993185,421.7206280463877,49,5.0,5984,2023-08-07 14:30:00,2023-08-07 14:30:00,28.412531131504693,-93.7777947544825,,2023-08-07,4044,0 days 00:00:00,282,3,False,False,,,,Free
2023-08-07 14:30:00,9.349517689858578,37.638103,68.65438745947898,631,91,392.4214570367584,401.80925981674,63,5.0,5985,2023-08-07 14:30:00,2023-08-07 14:30:00,28.070785429636373,-93.9769084310891,,2023-08-07,4031,0 days 00:15:00,281,7,False,False,,,,Free
2023-08-07 14:45:00,2.345887507382632,9.6,4.322193902985141,632,121,303.0,347.6,5,5.0,6007,2023-08-07 14:45:00,2023-08-07 14:45:00,28.965000000004096,-94.5190010137656,,2023-08-07,4058,0 days 00:00:00,283,3,False,False,,,,Free
2023-08-07 14:45:00,7.976352130461841,14.81739,49.96875377630274,632,126,358.46953089318873,424.0035072259619,47,5.0,6011,2023-08-07 14:45:00,2023-08-07 14:45:00,28.41030469107212,-93.75496596333907,,2023-08-07,4044,0 days 00:15:00,282,3,False,False,,,,Free
2023-08-07 14:45:00,9.56844601719304,38.69091,71.90725387262543,632,127,389.6389638582604,401.2430293106714,66,5.0,6012,2023-08-07 14:45:00,2023-08-07 14:45:00,28.09861036142136,-93.98257073598796,,2023-08-07,4031,0 days 00:30:00,281,7,False,False,,,,Free
2023-08-07 15:00:00,7.249552408353716,22.231579,41.27739382489801,633,108,357.6722663425223,426.625229068248,38,5.0,6034,2023-08-07 15:00:00,2023-08-07 15:00:00,28.41827733657879,-93.72874874566544,,2023-08-07,4044,0 days 00:30:00,282,3,False,False,,,,Free
2023-08-07 15:00:00,9.122229404866967,39.520004,65.35696260700772,633,110,388.212176940403,402.1392904447216,81,5.0,6036,2023-08-07 15:00:00,2023-08-07 15:00:00,28.11287823059993,-93.9736081249036,,2023-08-07,4031,0 days 00:45:00,281,7,False,False,,,,Free
2023-08-07 15:15:00,1.6587328589407762,9.6,2.160940342064335,634,117,302.0,356.5,2,5.0,6052,2023-08-07 15:15:00,2023-08-07 15:15:00,28.975000000004098,-94.43000101630888,,2023-08-07,4058,0 days 00:30:00,283,3,False,False,,,,Free
2023-08-07 15:15:00,9.197240685690646,74.7541,66.4362307786459,634,121,385.57828437162914,405.3861809629734,61,5.0,6055,2023-08-07 15:15:00,2023-08-07 15:15:00,28.139217156287675,-93.94113922064888,,2023-08-07,4031,0 days 01:00:00,281,7,False,False,,,,Free
2023-08-07 15:15:00,1.6675278420296484,9.6,2.183916699290422,634,122,413.6666666666667,349.0,3,5.0,6056,2023-08-07 15:15:00,2023-08-07 15:15:00,27.858333333337256,-94.50500101416566,,2023-08-07,4087,0 days 00:00:00,284,3,False,False,,,,Free
2023-08-07 15:30:00,1.6584922638391046,9.6,2.1603135094160857,635,72,298.6666666666667,362.0,3,5.0,6059,2023-08-07 15:30:00,2023-08-07 15:30:00,29.00833333333744,-94.37500101788056,,2023-08-07,4058,0 days 00:45:00,283,3,False,False,,,,Free
2023-08-07 15:30:00,8.81154647207379,48.68572,60.9809454556849,635,86,384.2534614894215,406.7428733983295,58,5.0,6066,2023-08-07 15:30:00,2023-08-07 15:30:00,28.15246538510976,-93.92757229668302,,2023-08-07,4031,0 days 01:15:00,281,7,False,False,,,,Free
2023-08-07 15:30:00,4.084136889544235,14.400002,13.100578128843448,635,87,411.62588652392327,349.2446808564604,12,5.0,6067,2023-08-07 15:30:00,2023-08-07 15:30:00,27.87874113476469,-94.50255420567096,,2023-08-07,4087,0 days 00:15:00,284,3,False,False,,,,Free
2023-08-07 15:45:00,8.490423123314178,33.046154,56.61722109636677,636,28,382.7776734425948,407.8803166357813,59,5.0,6069,2023-08-07 15:45:00,2023-08-07 15:45:00,28.167223265578023,-93.91619786463356,,2023-08-07,4031,0 days 01:30:00,281,7,False,False,,,,Free
2023-08-07 15:45:00,6.125830733856764,37.68889,29.47269611208122,636,29,410.406299554852,349.10061183813724,27,5.0,6070,2023-08-07 15:45:00,2023-08-07 15:45:00,27.89093700445541,-94.50399489581304,,2023-08-07,4087,0 days 00:30:00,284,3,False,False,,,,Free
2023-08-08 03:00:00,,,,681,169,56.333333333333336,201.0,3,5.0,6123,2023-08-08 03:00:00,2023-08-08 03:00:00,31.43166666667115,-95.98500097187303,,2023-08-08,4144,0 days 00:00:00,285,3,False,False,,,,Free
2023-08-08 03:15:00,4.176510455814671,9.599999,13.699888335747149,682,126,56.66666666666666,197.28571428571428,21,5.0,6154,2023-08-08 03:15:00,2023-08-08 03:15:00,31.42833333333781,-96.0221438279545,,2023-08-08,4144,0 days 00:15:00,285,3,False,False,,,,Free
2023-08-08 03:30:00,2.5901639637594456,9.6,5.269196505009215,683,174,56.4,196.0,5,5.0,6179,2023-08-08 03:30:00,2023-08-08 03:30:00,31.43100000000448,-96.03500097044424,,2023-08-08,4144,0 days 00:30:00,285,3,False,False,,,,Free
2023-08-08 04:45:00,2.8461374247831968,9.599999,6.362116440890509,688,190,114.83333333333331,250.16666666666663,6,5.0,6349,2023-08-08 04:45:00,2023-08-08 04:45:00,30.84666666667106,-95.49333431925628,,2023-08-08,4352,0 days 00:00:00,286,4,False,False,,,,Free
2023-08-08 05:00:00,5.324562838688273,9.600001,22.266799315471463,689,114,114.47826086956522,253.08695652173915,23,5.0,6383,2023-08-08 05:00:00,2023-08-08 05:00:00,30.85021739130874,-95.46413142154006,,2023-08-08,4352,0 days 00:15:00,286,4,False,False,,,,Free
2023-08-08 05:15:00,13.197493907290465,9.599999,136.79581831492484,690,61,115.45038167938932,255.96946564885496,131,5.0,6398,2023-08-08 05:15:00,2023-08-08 05:15:00,30.840496183210497,-95.4353063310926,,2023-08-08,4352,0 days 00:30:00,286,4,False,False,,,,Free
2023-08-08 05:30:00,5.065393484357965,9.600001,20.15191191435473,691,41,117.0,257.22727272727275,22,5.0,6411,2023-08-08 05:30:00,2023-08-08 05:30:00,30.825000000004387,-95.42272826066784,,2023-08-08,4352,0 days 00:45:00,286,4,False,False,,,,Free
2023-08-08 09:45:00,8.007414919517169,23.373913,50.35870426616621,708,21,441.6330901460936,369.5323605305069,47,5.0,6471,2023-08-08 09:45:00,2023-08-08 09:45:00,27.578669098542942,-94.29967741472792,,2023-08-08,4455,0 days 00:00:00,287,4,False,False,,,,Free
2023-08-08 10:00:00,12.87968734741193,23.636982,130.2868316123403,709,11,443.03097344546967,371.4936664732714,138,5.0,6475,2023-08-08 10:00:00,2023-08-08 10:00:00,27.56469026554918,-94.28006435586076,,2023-08-08,4455,0 days 00:15:00,287,4,False,False,,,,Free
2023-08-08 10:15:00,9.87849706717288,25.37143,76.64284753772793,710,11,442.8943709999264,372.72631868016657,79,5.0,6477,2023-08-08 10:15:00,2023-08-08 10:15:00,27.566056290004614,-94.26773783414404,,2023-08-08,4455,0 days 00:30:00,287,4,False,False,,,,Free
2023-08-08 10:30:00,1.6695936568770764,19.2,2.189331136164158,711,15,441.0,374.5,2,5.0,6479,2023-08-08 10:30:00,2023-08-08 10:30:00,27.58500000000388,-94.2500010214526,,2023-08-08,4455,0 days 00:45:00,287,4,False,False,,,,Free
2023-08-08 12:00:00,14.25587830517372,44.968422,159.61652078140187,717,31,23.941532803064533,485.4640505885886,152,5.0,6498,2023-08-08 12:00:00,2023-08-08 12:00:00,31.75558467197389,-93.14036054727586,,2023-08-08,4476,0 days 00:00:00,288,3,False,False,,,,Free
2023-08-08 12:15:00,14.067181147091851,65.44865,155.4189753556996,718,38,24.952856287785707,486.218455509396,150,5.0,6504,2023-08-08 12:15:00,2023-08-08 12:15:00,31.745471437126675,-93.13281649828338,,2023-08-08,4476,0 days 00:15:00,288,3,False,False,,,,Free
2023-08-08 12:15:00,4.33279158046508,35.657143,14.744344815063013,718,46,50.48928238544065,467.73252562988495,14,5.0,6511,2023-08-08 12:15:00,2023-08-08 12:15:00,31.490107176150083,-93.31767579179592,,2023-08-08,4485,0 days 00:00:00,289,3,False,False,,,,Free
2023-08-08 12:30:00,4.006359631121265,10.4,12.606361120535848,719,33,27.21913579747256,486.9228395120778,12,5.0,6515,2023-08-08 12:30:00,2023-08-08 12:30:00,31.7228086420298,-93.12577265845783,,2023-08-08,4476,0 days 00:30:00,288,3,False,False,,,,Free
2023-08-08 12:30:00,8.81969242747678,66.537926,61.093746920553855,719,37,52.35514959894623,470.5152975234421,58,5.0,6518,2023-08-08 12:30:00,2023-08-08 12:30:00,31.471448504015022,-93.28984807365556,,2023-08-08,4485,0 days 00:15:00,289,3,False,False,,,,Free
2023-08-08 12:45:00,8.82026097352708,74.48276,61.10162377756408,720,16,53.28059553993547,474.6011414587054,58,5.0,6521,2023-08-08 12:45:00,2023-08-08 12:45:00,31.46219404460513,-93.24898963547048,,2023-08-08,4485,0 days 00:30:00,289,3,False,False,,,,Free
2023-08-08 14:00:00,3.721792889949934,9.6,10.879132974591268,725,16,374.1,418.1,10,5.0,6529,2023-08-08 14:00:00,2023-08-08 14:00:00,28.254000000003984,-93.81400103391172,,2023-08-08,4495,0 days 00:00:00,291,3,False,False,,,,Free
2023-08-08 14:15:00,1.6644285802452543,9.6,2.1758062025268528,726,19,373.6666666666667,417.0,3,5.0,6533,2023-08-08 14:15:00,2023-08-08 14:15:00,28.25833333333732,-93.8250010335974,,2023-08-08,4495,0 days 00:15:00,291,3,False,False,,,,Free
2023-08-08 14:30:00,4.24330843442031,11.815385,14.14161737598856,727,25,372.77878104930863,415.5327313704148,13,5.0,6540,2023-08-08 14:30:00,2023-08-08 14:30:00,28.2672121895109,-93.83967371947398,,2023-08-08,4495,0 days 00:30:00,291,3,False,False,,,,Free
2023-08-08 15:15:00,4.399057142856761,9.599999,15.198792580813448,730,76,351.7857142857143,438.2142857142857,14,5.0,6603,2023-08-08 15:15:00,2023-08-08 15:15:00,28.47714285714688,-93.61285818251672,,2023-08-08,4552,0 days 00:00:00,293,4,False,False,,,,Free
2023-08-08 15:15:00,8.482381842913922,30.092306,56.51002753292723,730,78,361.9709284715554,414.6494673128855,54,5.0,6605,2023-08-08 15:15:00,2023-08-08 15:15:00,28.37529071528845,-93.84850635979684,,2023-08-08,4554,0 days 00:00:00,294,3,False,False,,,,Free
2023-08-08 15:30:00,8.395105933769056,16.941177,55.35313753851715,731,67,350.0302134468015,438.5927750627328,51,5.0,6616,2023-08-08 15:30:00,2023-08-08 15:30:00,28.494697865536008,-93.60907328914044,,2023-08-08,4552,0 days 00:15:00,293,4,False,False,,,,Free
2023-08-08 15:30:00,8.642968662694045,17.244442,58.66995540092913,731,69,360.5429521897557,414.8133696542652,54,5.0,6618,2023-08-08 15:30:00,2023-08-08 15:30:00,28.38957047810645,-93.84686733642992,,2023-08-08,4554,0 days 00:15:00,294,3,False,False,,,,Free
2023-08-08 15:45:00,6.752258742874586,23.563635,35.808656995655724,732,55,346.8302009037544,440.9520414760668,34,5.0,6629,2023-08-08 15:45:00,2023-08-08 15:45:00,28.526697990966483,-93.58548062568129,,2023-08-08,4552,0 days 00:30:00,293,4,False,False,,,,Free
2023-08-08 16:00:00,6.852953003434858,29.92941,36.88462635446597,733,54,344.8998599276417,441.8169934723021,36,5.0,6640,2023-08-08 16:00:00,2023-08-08 16:00:00,28.54600140072761,-93.57683110596612,,2023-08-08,4552,0 days 00:45:00,293,4,False,False,,,,Free
2023-08-08 16:00:00,2.0364526972744823,9.6,3.2571558159538085,733,57,352.6666666666667,420.6666666666667,3,5.0,6643,2023-08-08 16:00:00,2023-08-08 16:00:00,28.468333333337352,-93.7883343679785,,2023-08-08,4554,0 days 00:45:00,294,3,False,False,,,,Free
2023-08-08 16:15:00,3.110613695658298,9.599999,7.599447883649882,734,44,351.85714285714283,356.7142857142857,7,5.0,6652,2023-08-08 16:15:00,2023-08-08 16:15:00,28.476428571432592,-94.42785815922724,,2023-08-08,4579,0 days 00:00:00,295,4,False,False,,,,Free
2023-08-08 16:30:00,,,,735,47,347.8,356.4,5,5.0,6659,2023-08-08 16:30:00,2023-08-08 16:30:00,28.517000000004025,-94.43100101628028,,2023-08-08,4579,0 days 00:15:00,295,4,False,False,,,,Free
2023-08-08 16:30:00,10.115224600458353,46.57297,80.36018763382047,735,49,355.18300612312106,393.1646079934873,74,5.0,6660,2023-08-08 16:30:00,2023-08-08 16:30:00,28.443169938772805,-94.06335494685128,,2023-08-08,4582,0 days 00:00:00,296,3,False,False,,,,Free
2023-08-08 16:45:00,3.716915477639047,11.5199995,10.85063743506832,736,32,346.3588957037268,356.58282207422394,10,5.0,6667,2023-08-08 16:45:00,2023-08-08 16:45:00,28.53141104296676,-94.42917279559032,,2023-08-08,4579,0 days 00:30:00,295,4,False,False,,,,Free
2023-08-08 16:45:00,10.903181966816671,37.39535,93.36764436282375,736,33,352.40021533376995,394.8683417510118,86,5.0,6668,2023-08-08 16:45:00,2023-08-08 16:45:00,28.47099784666632,-94.04631760976292,,2023-08-08,4582,0 days 00:15:00,296,3,False,False,,,,Free
2023-08-08 17:00:00,,,,737,51,349.9058986601771,395.1135531791614,75,5.0,6678,2023-08-08 17:00:00,2023-08-08 17:00:00,28.49594101340225,-94.04386549555149,,2023-08-08,4582,0 days 00:30:00,296,3,False,False,,,,Free
2023-08-08 17:00:00,1.6621131368320097,9.6,2.169756736705955,737,52,344.5,356.0,2,5.0,6679,2023-08-08 17:00:00,2023-08-08 17:00:00,28.55000000000404,-94.43500101616598,,2023-08-08,4579,0 days 00:45:00,295,4,False,False,,,,Free
2023-08-09 02:15:00,4.638897450984121,9.6,16.901273330481626,774,22,78.625,343.5625,16,5.0,6806,2023-08-09 02:15:00,2023-08-09 02:15:00,31.208750000004446,-94.55937601261184,,2023-08-09,4689,0 days 00:00:00,299,3,False,False,,,,Free
2023-08-09 02:45:00,1.640000390908687,9.6,2.112407907296101,776,25,77.5,345.0,2,5.0,6812,2023-08-09 02:45:00,2023-08-09 02:45:00,31.220000000004447,-94.5450010130226,,2023-08-09,4689,0 days 00:30:00,299,3,False,False,,,,Free
2023-08-09 03:00:00,3.2799790897225978,12.0,8.449519867257363,777,45,77.41785714164072,342.74642857507786,8,5.0,6818,2023-08-09 03:00:00,2023-08-09 03:00:00,31.22082142858804,-94.56753672662784,,2023-08-09,4689,0 days 00:45:00,299,3,False,False,,,,Free
2023-08-10 06:30:00,3.464537725610364,9.6,9.42715116083996,887,37,0.1111111111111111,337.44444444444446,9,5.0,6957,2023-08-10 06:30:00,2023-08-10 06:30:00,31.99388888889346,-94.62055656641913,,2023-08-10,4829,0 days 00:00:00,300,3,False,False,,,,Free
2023-08-10 06:45:00,1.6331888543011148,9.6,2.094897103096334,888,27,0.0,338.5,2,5.0,6964,2023-08-10 06:45:00,2023-08-10 06:45:00,31.99500000000457,-94.6100010111652,,2023-08-10,4829,0 days 00:15:00,300,3,False,False,,,,Free
2023-08-10 07:15:00,14.745691786901412,87.99019,170.77338445337003,890,19,1.283490999316981,340.3841116877798,164,5.0,6972,2023-08-10 07:15:00,2023-08-10 07:15:00,31.9821650900114,-94.59115989482576,,2023-08-10,4829,0 days 00:45:00,300,3,False,False,,,,Free
2023-08-11 02:30:00,2.338202128141618,9.6,4.293920350379302,967,63,235.75,386.25,4,5.0,7082,2023-08-11 02:30:00,2023-08-11 02:30:00,29.6375000000042,-94.13250102481028,,2023-08-11,4931,0 days 00:00:00,303,3,False,False,,,,Free
2023-08-11 02:45:00,6.716057589699886,16.581818,35.42572152638214,968,90,236.3014128676708,383.82679226821193,33,5.0,7093,2023-08-11 02:45:00,2023-08-11 02:45:00,29.63198587132749,-94.15673310143568,,2023-08-11,4931,0 days 00:15:00,303,3,False,False,,,,Free
2023-08-11 03:00:00,6.074958514277351,14.933335,28.98521421424061,969,54,236.5510812753064,383.321401950943,27,5.0,7111,2023-08-11 03:00:00,2023-08-11 03:00:00,29.62948918725113,-94.16178700446392,,2023-08-11,4931,0 days 00:30:00,303,3,False,False,,,,Free
2023-08-11 05:45:00,1.6358467073447138,9.6,2.1017211262372126,980,11,30.0,435.5,2,5.0,7148,2023-08-11 05:45:00,2023-08-11 05:45:00,31.695000000004523,-93.64000103888397,,2023-08-11,4977,0 days 00:00:00,304,3,False,False,,,,Free
2023-08-11 06:00:00,1.6358467073447138,9.6,2.1017211262372126,981,42,30.0,435.5,2,5.0,7151,2023-08-11 06:00:00,2023-08-11 06:00:00,31.695000000004523,-93.64000103888397,,2023-08-11,4977,0 days 00:15:00,304,3,False,False,,,,Free
2023-08-11 06:15:00,2.313405429219142,14.400001,4.203328982413753,982,40,29.877659571769826,435.6117021411509,4,5.0,7158,2023-08-11 06:15:00,2023-08-11 06:15:00,31.696223404286823,-93.63888401750438,,2023-08-11,4977,0 days 00:30:00,304,3,False,False,,,,Free
2023-08-12 07:30:00,4.418952626476858,15.085716,15.336581710638296,1082,25,449.3045325733117,160.70113314332792,14,5.0,7301,2023-08-12 07:30:00,2023-08-12 07:30:00,27.50195467427075,-96.38798962892388,,2023-08-12,5112,0 days 00:00:00,305,3,False,False,,,,Free
2023-08-12 07:45:00,4.57404953831219,17.280003,16.432044751866215,1083,28,449.2334419003305,160.768729639805,15,5.0,7306,2023-08-12 07:45:00,2023-08-12 07:45:00,27.502665581000564,-96.38731366397845,,2023-08-12,5112,0 days 00:15:00,305,3,False,False,,,,Free
2023-08-12 08:00:00,,,,1084,21,449.6543792915298,160.17879644391547,36,5.0,7312,2023-08-12 08:00:00,2023-08-12 08:00:00,27.49845620708857,-96.39321299576876,,2023-08-12,5112,0 days 00:30:00,305,3,False,False,,,,Free
2023-08-13 05:15:00,1.6459153889847569,19.2,2.1276730517039746,1168,42,146.1619718357155,184.0,2,5.0,7362,2023-08-13 05:15:00,2023-08-13 05:15:00,30.533380281647187,-96.1550009670151,,2023-08-13,5163,0 days 00:00:00,306,4,False,False,,,,Free
2023-08-13 05:30:00,1.6457459146167852,9.6,2.127234915595722,1169,15,144.0,184.66666666666663,3,5.0,7366,2023-08-13 05:30:00,2023-08-13 05:30:00,30.555000000004345,-96.14833430053892,,2023-08-13,5163,0 days 00:15:00,306,4,False,False,,,,Free
2023-08-13 05:45:00,2.015636171370332,9.6,3.190907156580282,1170,10,144.25,186.0,4,5.0,7367,2023-08-13 05:45:00,2023-08-13 05:45:00,30.552500000004343,-96.13500096758662,,2023-08-13,5163,0 days 00:30:00,306,4,False,False,,,,Free
2023-08-13 06:00:00,,,,1171,30,145.5,185.75,4,5.0,7372,2023-08-13 06:00:00,2023-08-13 06:00:00,30.54000000000434,-96.13750096751517,,2023-08-13,5163,0 days 00:45:00,306,4,False,False,,,,Free
2023-08-13 21:45:00,3.699850275444831,13.440001,10.75123068342691,1234,115,251.45023696093392,116.4407582975875,10,5.0,7402,2023-08-13 21:45:00,2023-08-13 21:45:00,29.48049763039484,-96.83059336473345,,2023-08-13,5197,0 days 00:00:00,307,3,False,False,,,,Free
2023-08-13 22:00:00,2.0264048121442264,12.8,3.2250934081185822,1235,161,250.84662577763945,115.71779140745352,5,5.0,7421,2023-08-13 22:00:00,2023-08-13 22:00:00,29.486533742227785,-96.83782303342817,,2023-08-13,5197,0 days 00:15:00,307,3,False,False,,,,Free
2023-08-13 22:15:00,2.0264048121493827,9.6,3.225093408134995,1236,98,251.2,113.4,5,5.0,7432,2023-08-13 22:15:00,2023-08-13 22:15:00,29.48300000000418,-96.86100094684036,,2023-08-13,5197,0 days 00:30:00,307,3,False,False,,,,Free
2023-08-14 03:15:00,1.647939904427299,19.2,2.1329104486530306,1256,125,169.6321839122459,169.45593869591804,3,5.0,7619,2023-08-14 03:15:00,2023-08-14 03:15:00,30.298678160881845,-96.3004415758998,,2023-08-14,5384,0 days 00:00:00,310,3,False,False,,,,Free
2023-08-14 03:15:00,4.05219239799285,9.599999,12.896444583620358,1256,136,247.28571428571428,131.78571428571428,14,5.0,7628,2023-08-14 03:15:00,2023-08-14 03:15:00,29.52214285714704,-96.67714380923718,,2023-08-14,5392,0 days 00:00:00,311,5,False,False,,,,Free
2023-08-14 03:30:00,,,,1257,135,143.8922413872836,186.0991379319204,8,5.0,7640,2023-08-14 03:30:00,2023-08-14 03:30:00,30.556077586131508,-96.13400958829573,,2023-08-14,5404,0 days 00:00:00,312,3,False,False,,,,Free
2023-08-14 03:45:00,4.507903704664364,10.240001,15.96022986762759,1258,229,146.88734834596195,188.1663778097028,23,5.0,7665,2023-08-14 03:45:00,2023-08-14 03:45:00,30.52612651654472,-96.11333719010868,,2023-08-14,5404,0 days 00:15:00,312,3,False,False,,,,Free
2023-08-14 03:45:00,1.6481498208607797,14.400001,2.133453868312297,1258,253,173.4233128888197,172.7055214813662,5,5.0,7676,2023-08-14 03:45:00,2023-08-14 03:45:00,30.2607668711161,-96.26794574897394,,2023-08-14,5384,0 days 00:30:00,310,3,False,False,,,,Free
2023-08-14 03:45:00,30.47677089787324,11.650073,729.5041755513909,1258,267,245.4596433650485,122.95366026893733,780,5.0,7683,2023-08-14 03:45:00,2023-08-14 03:45:00,29.5404035663537,-96.76546434688106,,2023-08-14,5436,0 days 00:00:00,313,3,False,False,,,,Free
2023-08-14 03:45:00,2.865344602343805,9.599999,6.448275757794281,1258,276,247.3333333333333,132.83333333333334,6,5.0,7688,2023-08-14 03:45:00,2023-08-14 03:45:00,29.52166666667085,-96.66666761906032,,2023-08-14,5392,0 days 00:30:00,311,5,False,False,,,,Free
2023-08-14 04:00:00,,,,1259,237,149.65217391304347,189.69565217391303,23,5.0,7707,2023-08-14 04:00:00,2023-08-14 04:00:00,30.498478260873902,-96.09804444690354,,2023-08-14,5404,0 days 00:30:00,312,3,False,False,,,,Free
2023-08-14 04:00:00,5.827872482794559,15.744,26.67533993595733,1259,247,175.98883096897742,175.9873417672081,25,5.0,7714,2023-08-14 04:00:00,2023-08-14 04:00:00,30.23511169031452,-96.23512754705332,,2023-08-14,5384,0 days 00:45:00,310,3,False,False,,,,Free
2023-08-14 04:00:00,2.8646123515572803,9.599999,6.444980411287338,1259,264,242.16666666666663,133.16666666666666,6,5.0,7725,2023-08-14 04:00:00,2023-08-14 04:00:00,29.573333333337526,-96.66333428582226,,2023-08-14,5468,0 days 00:00:00,314,3,False,False,,,,Free
2023-08-14 04:00:00,1.654075738435993,9.6,2.14882310229507,1259,267,244.5,120.0,2,5.0,7726,2023-08-14 04:00:00,2023-08-14 04:00:00,29.55000000000419,-96.7950009487264,,2023-08-14,5436,0 days 00:15:00,313,3,False,False,,,,Free
2023-08-14 04:00:00,2.3394477007472885,9.6,4.29849635692094,1259,268,246.5,133.0,4,5.0,7727,2023-08-14 04:00:00,2023-08-14 04:00:00,29.530000000004183,-96.66500095244128,,2023-08-14,5392,0 days 00:45:00,311,5,False,False,,,,Free
2023-08-14 04:00:00,2.340111995712433,9.6,4.300937851892022,1259,270,252.25,137.75,4,5.0,7728,2023-08-14 04:00:00,2023-08-14 04:00:00,29.47250000000417,-96.61750095379864,,2023-08-14,5469,0 days 00:00:00,315,3,False,False,,,,Free
2023-08-14 04:15:00,2.6147924771061617,9.6,5.369876961960933,1260,121,240.4,134.2,5,5.0,7748,2023-08-14 04:15:00,2023-08-14 04:15:00,29.5910000000042,-96.65300095278424,,2023-08-14,5468,0 days 00:15:00,314,3,False,False,,,,Free
2023-08-14 04:15:00,3.3082128258961494,9.6,8.595611208180173,1260,126,244.875,132.25,8,5.0,7752,2023-08-14 04:15:00,2023-08-14 04:15:00,29.546250000004186,-96.67250095222698,,2023-08-14,5392,0 days 01:00:00,311,5,False,False,,,,Free
2023-08-14 04:15:00,1.6547294671294028,9.6,2.150521966356217,1260,134,253.0,136.66666666666666,3,5.0,7755,2023-08-14 04:15:00,2023-08-14 04:15:00,29.46500000000417,-96.6283342868224,,2023-08-14,5469,0 days 00:15:00,315,3,False,False,,,,Free
2023-08-14 04:30:00,1.6460000820314504,9.6,2.127892022558164,1261,151,147.5,194.0,2,5.0,7765,2023-08-14 04:30:00,2023-08-14 04:30:00,30.520000000004337,-96.05500096987272,,2023-08-14,5495,0 days 00:00:00,316,3,False,False,,,,Free
2023-08-14 04:30:00,,,,1261,171,238.5,133.5,4,5.0,7777,2023-08-14 04:30:00,2023-08-14 04:30:00,29.6100000000042,-96.66000095258414,,2023-08-14,5468,0 days 00:30:00,314,3,False,False,,,,Free
2023-08-14 04:30:00,1.6537481723568486,9.6,2.147972099109189,1261,175,240.5,118.0,2,5.0,7780,2023-08-14 04:30:00,2023-08-14 04:30:00,29.5900000000042,-96.81500094815488,,2023-08-14,5436,0 days 00:45:00,313,3,False,False,,,,Free
2023-08-14 04:30:00,2.025636972717118,9.6,3.222649785113333,1261,176,242.66666666666663,133.33333333333334,3,5.0,7781,2023-08-14 04:30:00,2023-08-14 04:30:00,29.568333333337524,-96.66166761920324,,2023-08-14,5392,0 days 01:15:00,311,5,False,False,,,,Free
2023-08-14 04:30:00,2.026771288917803,9.6,3.226260034545162,1261,182,254.0,136.0,3,5.0,7782,2023-08-14 04:30:00,2023-08-14 04:30:00,29.455000000004173,-96.63500095329856,,2023-08-14,5469,0 days 00:30:00,315,3,False,False,,,,Free
2023-08-14 04:45:00,4.93752015328069,9.600001,19.14730449966026,1262,208,146.12,193.52,25,5.0,7792,2023-08-14 04:45:00,2023-08-14 04:45:00,30.53380000000434,-96.05980096973552,,2023-08-14,5495,0 days 00:15:00,316,3,False,False,,,,Free
2023-08-14 05:00:00,1.645661133279019,9.6,2.127015750322535,1263,156,143.5,195.0,2,5.0,7821,2023-08-14 05:00:00,2023-08-14 05:00:00,30.560000000004344,-96.04500097015848,,2023-08-14,5495,0 days 00:30:00,316,3,False,False,,,,Free
2023-08-14 05:00:00,3.131533426017368,9.599999,7.702008344630743,1263,203,497.8571428571428,298.57142857142856,7,5.0,7840,2023-08-14 05:00:00,2023-08-14 05:00:00,27.016428571432364,-95.00928671404084,,2023-08-14,5546,0 days 00:00:00,318,3,False,False,,,,Free
2023-08-14 05:15:00,5.292371938558983,9.600001,21.99837481632144,1264,223,494.1,297.05,20,5.0,7869,2023-08-14 05:15:00,2023-08-14 05:15:00,27.0540000000038,-95.02450099932037,,2023-08-14,5546,0 days 00:15:00,318,3,False,False,,,,Free
2023-08-14 05:30:00,10.583303604354333,17.16,87.96955423281095,1265,199,490.9875763726536,295.21466394338734,82,5.0,7888,2023-08-14 05:30:00,2023-08-14 05:30:00,27.085124236277267,-95.04285435936202,,2023-08-14,5546,0 days 00:30:00,318,3,False,False,,,,Free
2023-08-14 08:00:00,,,,1275,7,493.5,135.5,2,5.0,7916,2023-08-14 08:00:00,2023-08-14 08:00:00,27.0600000000038,-96.64000095315566,,2023-08-14,5599,0 days 00:00:00,319,3,False,False,,,,Free
2023-08-14 08:15:00,1.6357585427099943,9.6,2.1014945860837826,1276,21,29.0,413.5,2,5.0,7917,2023-08-14 08:15:00,2023-08-14 08:15:00,31.705000000004524,-93.8600010325972,,2023-08-14,5600,0 days 00:00:00,320,3,False,False,,,,Free
2023-08-14 08:15:00,7.389796222451998,21.90769,42.88987758444516,1276,23,492.5280557887137,135.65908400345248,39,5.0,7919,2023-08-14 08:15:00,2023-08-14 08:15:00,27.069719442116664,-96.63841011316664,,2023-08-14,5599,0 days 00:15:00,319,3,False,False,,,,Free
2023-08-14 08:30:00,5.041402973612057,9.600001,19.96147861369719,1277,90,26.96153846153846,415.34615384615387,26,5.0,7933,2023-08-14 08:30:00,2023-08-14 08:30:00,31.725384615389142,-93.84153949466328,,2023-08-14,5600,0 days 00:15:00,320,3,False,False,,,,Free
2023-08-14 08:30:00,6.899400554148897,16.376472,37.38630975092076,1277,95,490.9038262698591,134.56566700449122,34,5.0,7936,2023-08-14 08:30:00,2023-08-14 08:30:00,27.08596173730521,-96.6493442828438,,2023-08-14,5599,0 days 00:30:00,319,3,False,False,,,,Free
2023-08-14 08:45:00,13.924615496769253,9.599999,152.28471149409444,1278,104,24.266666666666666,418.02,150,5.0,7943,2023-08-14 08:45:00,2023-08-14 08:45:00,31.752333333337862,-93.8148010338889,,2023-08-14,5600,0 days 00:30:00,320,3,False,False,,,,Free
2023-08-14 11:00:00,6.246131142242211,16.457144,30.641645091382266,1287,27,438.3329176962464,282.6359102357074,28,5.0,7989,2023-08-14 11:00:00,2023-08-14 11:00:00,27.611670823041425,-95.16864189284432,,2023-08-14,5662,0 days 00:00:00,321,3,False,False,,,,Free
2023-08-14 11:15:00,5.278779027772799,15.360001,21.88551882422881,1288,18,435.9131161322287,282.43609022077163,27,5.0,7992,2023-08-14 11:15:00,2023-08-14 11:15:00,27.635868838681603,-95.1706400929366,,2023-08-14,5662,0 days 00:15:00,321,3,False,False,,,,Free
2023-08-14 11:30:00,8.751714364515175,15.534546,60.155612221416455,1289,19,432.0963065170303,280.1815671356805,55,5.0,7997,2023-08-14 11:30:00,2023-08-14 11:30:00,27.67403693483359,-95.1931853231432,,2023-08-14,5662,0 days 00:30:00,321,3,False,False,,,,Free
2023-08-14 12:00:00,4.991592118267828,21.866667,19.56897425797131,1291,16,366.812911724366,327.79776021492575,18,5.0,8001,2023-08-14 12:00:00,2023-08-14 12:00:00,28.32687088276033,-94.7170234059576,,2023-08-14,5667,0 days 00:00:00,323,4,False,False,,,,Free
2023-08-14 12:15:00,9.630085328006103,66.197014,72.83668168189698,1292,22,366.6347495142351,327.52987661075485,67,5.0,8005,2023-08-14 12:15:00,2023-08-14 12:15:00,28.328652504861644,-94.7197022419228,,2023-08-14,5667,0 days 00:15:00,323,4,False,False,,,,Free
2023-08-14 12:30:00,11.16143402736145,52.58667,97.8430257387698,1293,25,366.93452881284696,327.84309330882513,90,5.0,8010,2023-08-14 12:30:00,2023-08-14 12:30:00,28.32565471187553,-94.7165700750316,,2023-08-14,5667,0 days 00:30:00,323,4,False,False,,,,Free
2023-08-14 12:30:00,4.247336063682536,24.369232,14.168475769114286,1293,28,393.33836379474286,175.56552820606072,13,5.0,8013,2023-08-14 12:30:00,2023-08-14 12:30:00,28.06161636205653,-96.23934568254424,,2023-08-14,5673,0 days 00:00:00,324,3,False,False,,,,Free
2023-08-14 12:30:00,2.6353503795571034,9.6,5.454646497392885,1293,30,403.8,187.4,5,5.0,8015,2023-08-14 12:30:00,2023-08-14 12:30:00,27.957000000003937,-96.12100096798667,,2023-08-14,5674,0 days 00:00:00,325,3,False,False,,,,Free
2023-08-14 12:45:00,8.484371018567423,40.246155,56.53653460447602,1294,26,367.6386948865111,327.4959624386362,52,5.0,8017,2023-08-14 12:45:00,2023-08-14 12:45:00,28.31861305113889,-94.72004138363428,,2023-08-14,5667,0 days 00:45:00,323,4,False,False,,,,Free
2023-08-14 12:45:00,6.452388146207783,33.280003,32.698727400885545,1294,29,393.9646393370348,176.2253653886665,30,5.0,8020,2023-08-14 12:45:00,2023-08-14 12:45:00,28.05535360663361,-96.23274731090676,,2023-08-14,5673,0 days 00:15:00,324,3,False,False,,,,Free
2023-08-14 12:45:00,4.714192505936099,27.0,17.454383250126472,1294,31,403.73181817787736,187.0022727142188,16,5.0,8022,2023-08-14 12:45:00,2023-08-14 12:45:00,27.957681818225165,-96.12497824073084,,2023-08-14,5674,0 days 00:15:00,325,3,False,False,,,,Free
2023-08-14 13:00:00,6.767163471174738,14.254545,35.96691732907739,1295,14,393.692206941818,176.1650294581984,33,5.0,8024,2023-08-14 13:00:00,2023-08-14 13:00:00,28.05807793058577,-96.23335067019416,,2023-08-14,5673,0 days 00:30:00,324,3,False,False,,,,Free
2023-08-14 13:00:00,2.357096288867289,9.6,4.363595945449204,1295,15,403.5,186.5,4,5.0,8025,2023-08-14 13:00:00,2023-08-14 13:00:00,27.960000000003937,-96.13000096772952,,2023-08-14,5674,0 days 00:30:00,325,3,False,False,,,,Free
2023-08-14 13:30:00,2.638556814315519,9.6,5.467927925392052,1297,7,429.8333333333333,142.5,6,5.0,8027,2023-08-14 13:30:00,2023-08-14 13:30:00,27.696666666670566,-96.57000095515605,,2023-08-14,5679,0 days 00:00:00,326,3,False,False,,,,Free
2023-08-14 13:45:00,3.731414451129782,11.52,10.935455047460286,1298,7,429.7116564444098,142.0,10,5.0,8028,2023-08-14 13:45:00,2023-08-14 13:45:00,27.6978834355598,-96.57500095501314,,2023-08-14,5679,0 days 00:15:00,326,3,False,False,,,,Free
2023-08-14 14:15:00,1.6673739797163882,9.6,2.1835136991551285,1300,32,412.0,275.5,2,5.0,8029,2023-08-14 14:15:00,2023-08-14 14:15:00,27.87500000000393,-95.2400009931622,,2023-08-14,5680,0 days 00:00:00,327,3,False,False,,,,Free
2023-08-14 14:15:00,,,,1300,34,427.6363636363636,321.45454545454544,22,5.0,8031,2023-08-14 14:15:00,2023-08-14 14:15:00,27.718636363640265,-94.7804555517488,,2023-08-14,5682,0 days 00:00:00,328,5,False,False,,,,Free
2023-08-14 14:15:00,2.0437361818972475,16.0,3.2804962730439984,1300,35,429.4303030285516,141.86060605710313,3,5.0,8032,2023-08-14 14:15:00,2023-08-14 14:15:00,27.700696969718383,-96.57639489440226,,2023-08-14,5679,0 days 00:45:00,326,3,False,False,,,,Free
2023-08-14 14:15:00,5.7944233837233545,19.2,26.3700122170049,1300,38,481.8703051690488,188.1338028220252,24,5.0,8035,2023-08-14 14:15:00,2023-08-14 14:15:00,27.17629694831333,-96.11366293997612,,2023-08-14,5685,0 days 00:00:00,329,4,False,False,,,,Free
2023-08-14 14:30:00,6.238752362010722,10.97143,30.56929169019035,1301,46,411.9700956959632,274.97488038004605,28,5.0,8040,2023-08-14 14:30:00,2023-08-14 14:30:00,27.875299043044294,-95.24525218921173,,2023-08-14,5680,0 days 00:15:00,327,3,False,False,,,,Free
2023-08-14 14:30:00,8.088262258610223,20.425531,51.38073713981769,1301,48,426.16662069386666,321.0874482764564,47,5.0,8042,2023-08-14 14:30:00,2023-08-14 14:30:00,27.73333379306524,-94.7841265234248,,2023-08-14,5682,0 days 00:15:00,328,5,False,False,,,,Free
2023-08-14 14:30:00,3.128695662467615,9.599999,7.6880557070505935,1301,53,477.125,275.75,8,5.0,8047,2023-08-14 14:30:00,2023-08-14 14:30:00,27.223750000003825,-95.23750099323364,,2023-08-14,5694,0 days 00:00:00,331,4,False,False,,,,Free
2023-08-14 14:30:00,8.69088296263503,42.48889,59.32225949354296,1301,54,480.3436175576305,186.40680138058235,55,5.0,8048,2023-08-14 14:30:00,2023-08-14 14:30:00,27.191563824427515,-96.13093295389706,,2023-08-14,5685,0 days 00:15:00,329,4,False,False,,,,Free
2023-08-14 14:45:00,,,,1302,51,426.91321346356034,320.6239249428966,34,5.0,8055,2023-08-14 14:45:00,2023-08-14 14:45:00,27.7258678653683,-94.78876175662792,,2023-08-14,5682,0 days 00:30:00,328,5,False,False,,,,Free
2023-08-14 14:45:00,9.534019189186736,44.60308,71.39074675746723,1302,57,478.118328008658,185.0255613152416,65,5.0,8060,2023-08-14 14:45:00,2023-08-14 14:45:00,27.213816719917244,-96.14474535415576,,2023-08-14,5685,0 days 00:30:00,329,4,False,False,,,,Free
2023-08-14 14:45:00,8.769337220491542,20.77091,60.39812037309443,1302,58,476.2589347537095,274.56421487104205,55,5.0,8061,2023-08-14 14:45:00,2023-08-14 14:45:00,27.23241065246673,-95.24935884418436,,2023-08-14,5694,0 days 00:15:00,331,4,False,False,,,,Free
2023-08-14 15:00:00,4.250412358488943,9.599999,14.189007317514095,1303,62,409.0769230769231,273.46153846153845,13,5.0,8066,2023-08-14 15:00:00,2023-08-14 15:00:00,27.9042307692347,-95.26038560796434,,2023-08-14,5680,0 days 00:45:00,327,3,False,False,,,,Free
2023-08-14 15:00:00,8.90747928994061,22.063158,62.31599358408593,1303,66,427.3308656832952,318.87826446136404,57,5.0,8069,2023-08-14 15:00:00,2023-08-14 15:00:00,27.72169134317095,-94.8062183609444,,2023-08-14,5682,0 days 00:45:00,328,5,False,False,,,,Free
2023-08-14 15:00:00,7.840116574404893,25.963634,48.27640498162795,1303,71,466.5266089004041,418.75680696086863,48,5.0,8073,2023-08-14 15:00:00,2023-08-14 15:00:00,27.3297339109998,-93.80743296449072,,2023-08-14,5705,0 days 00:00:00,334,4,False,False,,,,Free
2023-08-14 15:00:00,9.750571538240104,67.34119,74.67066642366463,1303,72,475.9333836792616,272.58595960508416,68,5.0,8074,2023-08-14 15:00:00,2023-08-14 15:00:00,27.23566616321121,-95.26914139627866,,2023-08-14,5694,0 days 00:30:00,331,4,False,False,,,,Free
2023-08-14 15:00:00,6.792791879659099,24.145454,36.23985895753831,1303,73,476.1858182898184,183.43336497857464,33,5.0,8075,2023-08-14 15:00:00,2023-08-14 15:00:00,27.233141817105643,-96.1606673170674,,2023-08-14,5685,0 days 00:45:00,329,4,False,False,,,,Free
2023-08-14 15:15:00,8.08929587399253,22.468084,51.39387007540956,1304,85,428.35444581701006,315.06650424900687,47,5.0,8084,2023-08-14 15:15:00,2023-08-14 15:15:00,27.7114555418338,-94.84433596197874,,2023-08-14,5682,0 days 01:00:00,328,5,False,False,,,,Free
2023-08-14 15:15:00,5.787957503686674,17.6,26.311193524429108,1304,90,457.50132275316656,308.96031740500285,24,5.0,8089,2023-08-14 15:15:00,2023-08-14 15:15:00,27.41998677247219,-94.90539782867388,,2023-08-14,5713,0 days 00:00:00,335,3,False,False,,,,Free
2023-08-14 15:15:00,9.746486777140197,25.835293,74.60811666568814,1304,92,466.3191699552264,417.3594014175243,68,5.0,8091,2023-08-14 15:15:00,2023-08-14 15:15:00,27.331808300451577,-93.82140701952488,,2023-08-14,5705,0 days 00:15:00,334,4,False,False,,,,Free
2023-08-14 15:15:00,15.55217404765616,67.92139,189.9643461505112,1304,93,475.03051488189647,270.0679658016508,174,5.0,8092,2023-08-14 15:15:00,2023-08-14 15:15:00,27.244694851184864,-95.29432133359347,,2023-08-14,5694,0 days 00:45:00,331,4,False,False,,,,Free
2023-08-14 15:15:00,5.913450517358344,19.584,27.46450749652085,1304,96,481.3362588917964,238.0010970968481,25,5.0,8095,2023-08-14 15:15:00,2023-08-14 15:15:00,27.18163741108585,-95.61499001147804,,2023-08-14,5716,0 days 00:00:00,336,3,False,False,,,,Free
2023-08-14 15:15:00,3.347771334677762,10.8,8.80240717909946,1304,103,497.7931034553632,244.008620680796,8,5.0,8101,2023-08-14 15:15:00,2023-08-14 15:15:00,27.01706896545016,-95.55491477735524,,2023-08-14,5722,0 days 00:00:00,337,4,False,False,,,,Free
2023-08-14 15:30:00,6.786648733028991,20.072727,36.17434065410239,1305,55,456.0824286321774,307.7832730173665,33,5.0,8108,2023-08-14 15:30:00,2023-08-14 15:30:00,27.434175713682084,-94.91716827221389,,2023-08-14,5713,0 days 00:15:00,335,3,False,False,,,,Free
2023-08-14 15:30:00,7.750043958040072,11.6093025,47.17351232131792,1305,56,465.4201266608261,417.1914145022646,43,5.0,8109,2023-08-14 15:30:00,2023-08-14 15:30:00,27.34079873339558,-93.82308688862946,,2023-08-14,5705,0 days 00:30:00,334,4,False,False,,,,Free
2023-08-14 15:30:00,6.895787786839595,29.92941,37.3471664446434,1305,60,478.7272298530481,235.2366682301329,34,5.0,8113,2023-08-14 15:30:00,2023-08-14 15:30:00,27.207727701473345,-95.64263429935522,,2023-08-14,5716,0 days 00:15:00,336,3,False,False,,,,Free
2023-08-14 15:30:00,7.199256005759831,41.25406,40.706626848641925,1305,63,496.8260026850531,240.77441479506632,37,5.0,8116,2023-08-14 15:30:00,2023-08-14 15:30:00,27.026739973153266,-95.58725683528836,,2023-08-14,5722,0 days 00:15:00,337,4,False,False,,,,Free
2023-08-14 15:45:00,6.13832213254642,18.133335,29.59301630137993,1306,74,454.3329621473091,306.6063474509338,28,5.0,8124,2023-08-14 15:45:00,2023-08-14 15:45:00,27.451670378530768,-94.92893752754183,,2023-08-14,5713,0 days 00:30:00,335,3,False,False,,,,Free
2023-08-14 15:45:00,7.188884267033802,11.675676,40.58942185585016,1306,75,464.75951416513215,418.7392712515592,37,5.0,8125,2023-08-14 15:45:00,2023-08-14 15:45:00,27.34740485835252,-93.8076083215788,,2023-08-14,5705,0 days 00:45:00,334,4,False,False,,,,Free
2023-08-14 15:45:00,2.643140031555238,9.6,5.4869401875693145,1306,77,468.4,174.8,5,5.0,8127,2023-08-14 15:45:00,2023-08-14 15:45:00,27.31100000000384,-96.24700096438607,,2023-08-14,5735,0 days 00:00:00,338,3,False,False,,,,Free
2023-08-14 15:45:00,8.020204779790893,17.530432,50.51970383401829,1306,78,477.3469812706013,232.88861898965183,46,5.0,8128,2023-08-14 15:45:00,2023-08-14 15:45:00,27.22153018729781,-95.66611479108906,,2023-08-14,5716,0 days 00:30:00,336,3,False,False,,,,Free
2023-08-14 15:45:00,8.935015012585525,15.831579,62.70186439405202,1306,85,495.3155893503146,237.12642585067903,60,5.0,8135,2023-08-14 15:45:00,2023-08-14 15:45:00,27.04184410650065,-95.62373672368976,,2023-08-14,5722,0 days 00:30:00,337,4,False,False,,,,Free
2023-08-14 16:15:00,4.577364648056166,14.08,16.45587211606162,1307,87,464.9632892827319,173.54919236674084,15,5.0,8148,2023-08-14 16:15:00,2023-08-14 16:15:00,27.345367107176525,-96.25950904036124,,2023-08-14,5735,0 days 00:30:00,338,3,False,False,,,,Free
2023-08-14 16:15:00,5.292006246670849,16.800001,21.99533483750575,1307,95,492.3178542863611,233.9887910441664,23,5.0,8156,2023-08-14 16:15:00,2023-08-14 16:15:00,27.07182145714019,-95.6551130708583,,2023-08-14,5722,0 days 01:00:00,337,4,False,False,,,,Free
2023-08-14 16:30:00,1.671299071016782,9.6,2.1938060252146507,1308,55,463.5,173.0,2,5.0,8167,2023-08-14 16:30:00,2023-08-14 16:30:00,27.360000000003843,-96.26500096387171,,2023-08-14,5735,0 days 00:45:00,338,3,False,False,,,,Free
2023-08-14 17:00:00,11.37526903775528,97.88041,101.62796640771067,1310,37,2.161477861188565,26.505989804492767,140,5.0,8186,2023-08-14 17:00:00,2023-08-14 17:00:00,31.97338522139268,-97.72994102396456,,2023-08-14,5776,0 days 00:00:00,341,3,False,False,,,,Free
2023-08-14 17:15:00,17.479218076545195,217.99127,239.95725378681507,1311,61,3.0297406342411377,27.204654017330856,229,5.0,8197,2023-08-14 17:15:00,2023-08-14 17:15:00,31.96470259366216,-97.72295438203582,,2023-08-14,5776,0 days 00:15:00,341,3,False,False,,,,Free
2023-08-14 17:15:00,3.3247389284544533,9.6,8.68170407374498,1311,69,347.75,352.0,8,5.0,8205,2023-08-14 17:15:00,2023-08-14 17:15:00,28.517500000004027,-94.47500101502294,,2023-08-14,5788,0 days 00:00:00,342,4,False,False,,,,Free
2023-08-14 17:15:00,,,,1311,73,472.5,176.5,4,5.0,8209,2023-08-14 17:15:00,2023-08-14 17:15:00,27.27000000000384,-96.23000096487192,,2023-08-14,5791,0 days 00:00:00,343,8,False,False,,,,Free
2023-08-14 17:15:00,7.574287843839749,32.54634,45.05816409689952,1311,77,484.5911103110102,389.7357889375012,41,5.0,8213,2023-08-14 17:15:00,2023-08-14 17:15:00,27.14908889689371,-94.09764313643132,,2023-08-14,5795,0 days 00:00:00,344,3,False,False,,,,Free
2023-08-14 17:15:00,2.365700307903631,9.6,4.395510624812889,1311,78,483.5,175.5,4,5.0,8214,2023-08-14 17:15:00,2023-08-14 17:15:00,27.16000000000381,-96.2400009645861,,2023-08-14,5796,0 days 00:00:00,345,4,False,False,,,,Free
2023-08-14 17:15:00,3.550953038724608,20.266666,9.903295523114064,1311,79,498.68995633157465,149.39155748403516,9,5.0,8215,2023-08-14 17:15:00,2023-08-14 17:15:00,27.008100436688043,-96.501085382285,,2023-08-14,5797,0 days 00:00:00,346,4,False,False,,,,Free
2023-08-14 17:30:00,20.20538617327773,187.73334,320.6447931180161,1312,73,2.6614795925352768,28.226290714104465,307,5.0,8216,2023-08-14 17:30:00,2023-08-14 17:30:00,31.96838520407921,-97.71273801536,,2023-08-14,5776,0 days 00:30:00,341,3,False,False,,,,Free
2023-08-14 17:30:00,5.2923427791986,39.77143,21.99813240827475,1312,74,0.396877579431372,62.001095576128506,21,5.0,8217,2023-08-14 17:30:00,2023-08-14 17:30:00,31.991031224210257,-97.3749899763913,,2023-08-14,5798,0 days 00:00:00,347,4,False,False,,,,Free
2023-08-14 17:30:00,4.238200106892466,13.292308,14.10758896103838,1312,84,347.69758812419,351.1243042733984,13,5.0,8225,2023-08-14 17:30:00,2023-08-14 17:30:00,28.518024118762128,-94.48375797203867,,2023-08-14,5788,0 days 00:15:00,342,4,False,False,,,,Free
2023-08-14 17:30:00,3.740383364064668,26.88,10.988087644640176,1312,92,482.0964466930264,172.88776084289057,27,5.0,8233,2023-08-14 17:30:00,2023-08-14 17:30:00,27.17403553307356,-96.26612335541074,,2023-08-14,5796,0 days 00:15:00,345,4,False,False,,,,Free
2023-08-14 17:30:00,10.380110302206065,54.607796,84.62405234859088,1312,94,484.54934814145207,387.9835069827196,77,5.0,8235,2023-08-14 17:30:00,2023-08-14 17:30:00,27.14950651858929,-94.1151659554784,,2023-08-14,5795,0 days 00:15:00,344,3,False,False,,,,Free
2023-08-14 17:30:00,6.589886289438468,19.509672,34.10717290968366,1312,95,497.2841262784308,144.68963983446096,31,5.0,8236,2023-08-14 17:30:00,2023-08-14 17:30:00,27.022158737219485,-96.54810455743711,,2023-08-14,5797,0 days 00:15:00,346,4,False,False,,,,Free
2023-08-14 17:45:00,8.795916608445264,232.05516,60.764802116491,1313,92,1.6173495675047176,62.50924886007228,58,5.0,8238,2023-08-14 17:45:00,2023-08-14 17:45:00,31.97882650432952,-97.36990844369706,,2023-08-14,5798,0 days 00:15:00,347,4,False,False,,,,Free
2023-08-14 17:45:00,2.341723680687338,14.400001,4.3068641869998405,1313,101,266.1223404282302,207.25531914353965,4,5.0,8247,2023-08-14 17:45:00,2023-08-14 17:45:00,29.33377659572185,-95.92244778222516,,2023-08-14,5815,0 days 00:00:00,351,5,False,False,,,,Free
2023-08-14 17:45:00,4.552467506089165,35.2,16.277345829930653,1313,104,346.6913907512134,348.7501103525393,15,5.0,8249,2023-08-14 17:45:00,2023-08-14 17:45:00,28.528086092491893,-94.50749991056888,,2023-08-14,5788,0 days 00:30:00,342,4,False,False,,,,Free
2023-08-14 17:45:00,2.879706365267545,24.0,6.51307822196751,1313,106,350.7508771921019,453.1245614039491,6,5.0,8251,2023-08-14 17:45:00,2023-08-14 17:45:00,28.487491228083,-93.4637554298809,,2023-08-14,5817,0 days 00:00:00,352,3,False,False,,,,Free
2023-08-14 17:45:00,7.751425526304632,24.33488,47.19033267408043,1313,111,468.7483253690235,172.5488038274226,44,5.0,8256,2023-08-14 17:45:00,2023-08-14 17:45:00,27.307516746313603,-96.26951292546858,,2023-08-14,5791,0 days 00:30:00,343,8,False,False,,,,Free
2023-08-14 17:45:00,6.896097086603659,12.988236,37.350516817128295,1313,113,480.4565537470936,169.8873343069987,34,5.0,8258,2023-08-14 17:45:00,2023-08-14 17:45:00,27.19043446253288,-96.29612761991228,,2023-08-14,5796,0 days 00:30:00,345,4,False,False,,,,Free
2023-08-14 17:45:00,8.611078913959124,24.815094,58.23780793570545,1313,114,482.959055415231,384.9940963619933,53,5.0,8259,2023-08-14 17:45:00,2023-08-14 17:45:00,27.165409445851505,-94.14506006083144,,2023-08-14,5795,0 days 00:30:00,344,3,False,False,,,,Free
2023-08-14 17:45:00,7.1005710136701055,15.733333,39.59828999079605,1313,117,494.24016563012094,140.58902689835838,36,5.0,8262,2023-08-14 17:45:00,2023-08-14 17:45:00,27.052598343702588,-96.58911068562634,,2023-08-14,5797,0 days 00:30:00,346,4,False,False,,,,Free
2023-08-14 17:45:00,3.131095223046318,9.599999,7.699852974502672,1313,118,494.0,237.44444444444449,9,5.0,8263,2023-08-14 17:45:00,2023-08-14 17:45:00,27.0550000000038,-95.62055653784302,,2023-08-14,5822,0 days 00:00:00,353,5,False,False,,,,Free
2023-08-14 18:00:00,11.138787738739207,195.09677,97.44638611149507,1314,101,3.313682881334612,64.10182701991245,93,5.0,8266,2023-08-14 18:00:00,2023-08-14 18:00:00,31.96186317119122,-97.35398266255372,,2023-08-14,5798,0 days 00:30:00,347,4,False,False,,,,Free
2023-08-14 18:00:00,6.725576691534052,32.581818,35.52621501644829,1314,111,264.91782025195187,205.3379476926353,33,5.0,8274,2023-08-14 18:00:00,2023-08-14 18:00:00,29.34582179748464,-95.94162149618631,,2023-08-14,5815,0 days 00:15:00,351,5,False,False,,,,Free
2023-08-14 18:00:00,2.628418218644482,9.6,5.425987875313153,1314,114,347.3333333333333,346.5,6,5.0,8277,2023-08-14 18:00:00,2023-08-14 18:00:00,28.521666666670694,-94.53000101345128,,2023-08-14,5788,0 days 00:45:00,342,4,False,False,,,,Free
2023-08-14 18:00:00,8.144862649212074,18.800001,52.10236192304926,1314,115,350.35929951288983,454.6721014562914,48,5.0,8278,2023-08-14 18:00:00,2023-08-14 18:00:00,28.491407004875125,-93.44828002979972,,2023-08-14,5817,0 days 00:15:00,352,3,False,False,,,,Free
2023-08-14 18:00:00,9.674824675562602,45.850754,73.51502149765898,1314,122,466.34285715715305,169.59948848799303,67,5.0,8285,2023-08-14 18:00:00,2023-08-14 18:00:00,27.33157142843231,-96.29900607802006,,2023-08-14,5791,0 days 00:45:00,343,8,False,False,,,,Free
2023-08-14 18:00:00,3.344480400942047,9.6,8.785109760796898,1314,124,476.6,165.7,10,5.0,8287,2023-08-14 18:00:00,2023-08-14 18:00:00,27.229000000003825,-96.33800096178568,,2023-08-14,5796,0 days 00:45:00,345,4,False,False,,,,Free
2023-08-14 18:00:00,6.26152243343638,34.971428,30.79284125799136,1314,127,491.5107208119799,235.15830290797285,32,5.0,8290,2023-08-14 18:00:00,2023-08-14 18:00:00,27.079892791884003,-95.64341795255444,,2023-08-14,5822,0 days 00:15:00,353,5,False,False,,,,Free
2023-08-14 18:00:00,4.879035436636687,10.164707,18.69639290610318,1314,128,492.7012986999583,137.8549783498401,18,5.0,8291,2023-08-14 18:00:00,2023-08-14 18:00:00,27.067987013004217,-96.61645117033028,,2023-08-14,5797,0 days 00:45:00,346,4,False,False,,,,Free
2023-08-14 18:15:00,11.198888621470571,73.63404,98.50079419437895,1315,107,4.390476774992342,66.72409944955058,94,5.0,8296,2023-08-14 18:15:00,2023-08-14 18:15:00,31.95109523225464,-97.32775993900674,,2023-08-14,5798,0 days 00:45:00,347,4,False,False,,,,Free
2023-08-14 18:15:00,2.8341323536064773,9.599999,6.3085585355658536,1315,111,35.0,50.16666666666666,6,5.0,8300,2023-08-14 18:15:00,2023-08-14 18:15:00,31.645000000004515,-97.4933342621041,,2023-08-14,5841,0 days 00:00:00,354,3,False,False,,,,Free
2023-08-14 18:15:00,9.438555177492203,118.74461,69.96823512663919,1315,115,263.77674682077486,205.50737142410108,65,5.0,8304,2023-08-14 18:15:00,2023-08-14 18:15:00,29.35723253179641,-95.93992725892008,,2023-08-14,5815,0 days 00:30:00,351,5,False,False,,,,Free
2023-08-14 18:15:00,5.994244584908552,20.307692,28.22011638915852,1315,118,349.307537690441,455.8185929676778,26,5.0,8307,2023-08-14 18:15:00,2023-08-14 18:15:00,28.50192462309961,-93.43681511501347,,2023-08-14,5817,0 days 00:30:00,352,3,False,False,,,,Free
2023-08-14 18:15:00,7.718941477033171,14.734883,46.79563855225395,1315,121,377.7769985895965,414.8555399735753,45,5.0,8310,2023-08-14 18:15:00,2023-08-14 18:15:00,28.21723001410801,-93.84644563324883,,2023-08-14,5847,0 days 00:00:00,355,3,False,False,,,,Free
2023-08-14 18:15:00,8.440329836520267,34.07059,55.951111512227,1315,131,464.6226142027352,167.27023824581494,59,5.0,8319,2023-08-14 18:15:00,2023-08-14 18:15:00,27.34877385797649,-96.32229857977626,,2023-08-14,5791,0 days 01:00:00,343,8,False,False,,,,Free
2023-08-14 18:15:00,8.2827648726726,18.22041,53.88160791868039,1315,137,490.8087063180569,232.828326163381,50,5.0,8325,2023-08-14 18:15:00,2023-08-14 18:15:00,27.086912936823232,-95.66671771933454,,2023-08-14,5822,0 days 00:30:00,353,5,False,False,,,,Free
2023-08-14 18:30:00,11.15718969592676,113.96128,97.76862682723774,1316,137,33.779402765195506,51.68334416757626,93,5.0,8335,2023-08-14 18:30:00,2023-08-14 18:30:00,31.65720597235256,-97.47816748752842,,2023-08-14,5841,0 days 00:15:00,354,3,False,False,,,,Free
2023-08-14 18:30:00,9.438334169215526,96.443085,69.96495848572678,1316,142,262.3399845174815,206.100339846472,65,5.0,8340,2023-08-14 18:30:00,2023-08-14 18:30:00,29.371600154829345,-95.93399757486576,,2023-08-14,5815,0 days 00:45:00,351,5,False,False,,,,Free
2023-08-14 18:30:00,7.89619603369797,19.413332,48.96950621774515,1316,148,377.2419767107924,414.8205055161565,55,5.0,8345,2023-08-14 18:30:00,2023-08-14 18:30:00,28.222580232896057,-93.84679597781304,,2023-08-14,5847,0 days 00:15:00,355,3,False,False,,,,Free
2023-08-14 18:30:00,5.134995530519643,14.147369,20.709519436062887,1316,156,394.5166858425794,301.153049463978,19,5.0,8352,2023-08-14 18:30:00,2023-08-14 18:30:00,28.04983314157816,-94.98347050585306,,2023-08-14,5873,0 days 00:00:00,357,3,False,False,,,,Free
2023-08-14 18:30:00,8.68394662368873,22.755556,59.22760510769445,1316,162,462.0990822042821,164.55152273345536,54,5.0,8358,2023-08-14 18:30:00,2023-08-14 18:30:00,27.374009177961025,-96.34948573412294,,2023-08-14,5791,0 days 01:15:00,343,8,False,False,,,,Free
2023-08-14 18:30:00,11.03482253968399,54.73104,95.63582044386294,1316,166,489.5482264147395,229.8973199698596,89,5.0,8362,2023-08-14 18:30:00,2023-08-14 18:30:00,27.09951773585641,-95.6960277804322,,2023-08-14,5822,0 days 00:45:00,353,5,False,False,,,,Free
2023-08-14 18:45:00,11.138650822236016,142.96776,97.443990530082,1317,132,2.255256821513649,64.40350711844161,93,5.0,8366,2023-08-14 18:45:00,2023-08-14 18:45:00,31.97244743178943,-97.35096586165469,,2023-08-14,5881,0 days 00:00:00,358,3,False,False,,,,Free
2023-08-14 18:45:00,17.35358437159139,147.32799,236.52021474449268,1317,137,33.40018985024798,53.87185784753617,225,5.0,8369,2023-08-14 18:45:00,2023-08-14 18:45:00,31.66099810150204,-97.45628235135422,,2023-08-14,5841,0 days 00:30:00,354,3,False,False,,,,Free
2023-08-14 18:45:00,4.216463969501907,16.984617,13.96325497399295,1317,148,241.76123234547248,197.4557124506827,13,5.0,8376,2023-08-14 18:45:00,2023-08-14 18:45:00,29.577387676549467,-96.02044384635336,,2023-08-14,5887,0 days 00:00:00,359,5,False,False,,,,Free
2023-08-14 18:45:00,6.411946691394897,23.999996,32.29012210883035,1317,149,262.22877193153874,205.1873684134444,30,5.0,8377,2023-08-14 18:45:00,2023-08-14 18:45:00,29.372712280688773,-95.94312728893516,,2023-08-14,5815,0 days 01:00:00,351,5,False,False,,,,Free
2023-08-14 18:45:00,9.705744816272416,38.399998,73.98567129659253,1317,152,375.1799806764076,415.2064329521243,69,5.0,8380,2023-08-14 18:45:00,2023-08-14 18:45:00,28.243200193239907,-93.84293670356362,,2023-08-14,5847,0 days 00:30:00,355,3,False,False,,,,Free
2023-08-14 18:45:00,6.767173131983328,25.600002,35.96702002195702,1317,160,393.4589585197988,299.68843777268376,33,5.0,8388,2023-08-14 18:45:00,2023-08-14 18:45:00,28.06041041480597,-94.99811662234748,,2023-08-14,5873,0 days 00:15:00,357,3,False,False,,,,Free
2023-08-14 18:45:00,7.187611520829703,23.61081,40.57505093050629,1317,168,460.4151759966269,160.50548183039447,38,5.0,8395,2023-08-14 18:45:00,2023-08-14 18:45:00,27.39084824003758,-96.38994614199731,,2023-08-14,5791,0 days 01:30:00,343,8,False,False,,,,Free
2023-08-14 19:00:00,11.434857321964664,59.461227,102.69549238740184,1318,107,4.299220562512168,66.11616580344614,98,5.0,8400,2023-08-14 19:00:00,2023-08-14 19:00:00,31.95200779437944,-97.33383927529404,,2023-08-14,5881,0 days 00:15:00,358,3,False,False,,,,Free
2023-08-14 19:00:00,8.017437217073505,116.221275,50.48484379511291,1318,114,241.6675976591131,196.07808852614025,47,5.0,8407,2023-08-14 19:00:00,2023-08-14 19:00:00,29.57832402341306,-96.03422008520516,,2023-08-14,5887,0 days 00:15:00,359,5,False,False,,,,Free
2023-08-14 19:00:00,3.331754878765118,9.6,8.718383448013407,1318,123,392.625,299.625,8,5.0,8416,2023-08-14 19:00:00,2023-08-14 19:00:00,28.06875000000396,-94.9987510000562,,2023-08-14,5873,0 days 00:30:00,357,3,False,False,,,,Free
2023-08-14 19:00:00,7.089190033370604,22.666666,39.471453378158,1318,137,458.27786453014727,155.90352794341,37,5.0,8426,2023-08-14 19:00:00,2023-08-14 19:00:00,27.412221354702385,-96.43596567955213,,2023-08-14,5791,0 days 01:45:00,343,8,False,False,,,,Free
2023-08-14 19:00:00,6.585806899035477,14.864516,34.06495870374884,1318,138,483.4780902538857,225.0830608178471,31,5.0,8427,2023-08-14 19:00:00,2023-08-14 19:00:00,27.16021909746496,-95.74417037057655,,2023-08-14,5822,0 days 01:15:00,353,5,False,False,,,,Free
2023-08-14 19:15:00,7.397189552753046,10.770732,42.97574129363096,1319,112,6.307692313893454,69.22569736925372,41,5.0,8432,2023-08-14 19:15:00,2023-08-14 19:15:00,31.931923076865623,-97.30274396052454,,2023-08-14,5881,0 days 00:30:00,358,3,False,False,,,,Free
2023-08-14 19:15:00,8.269584314447016,77.184006,53.710258227938255,1319,123,242.5543610856726,195.47417711448867,50,5.0,8441,2023-08-14 19:15:00,2023-08-14 19:15:00,29.569456389147465,-96.04025919914908,,2023-08-14,5887,0 days 00:30:00,359,5,False,False,,,,Free
2023-08-14 19:15:00,5.787673496827123,18.800001,26.30861148193649,1319,141,456.7361524589285,153.00595590330468,25,5.0,8457,2023-08-14 19:15:00,2023-08-14 19:15:00,27.42763847541457,-96.46494139912517,,2023-08-14,5791,0 days 02:00:00,343,8,False,False,,,,Free
2023-08-14 19:30:00,7.016944570952881,23.733332,38.67105079748889,1320,109,241.87396205019485,194.0094899358784,36,5.0,8469,2023-08-14 19:30:00,2023-08-14 19:30:00,29.576260379502244,-96.0549060705166,,2023-08-14,5887,0 days 00:45:00,359,5,False,False,,,,Free
2023-08-14 19:45:00,3.307496332131268,9.6,8.591888331065968,1321,110,240.5,193.125,8,5.0,8499,2023-08-14 19:45:00,2023-08-14 19:45:00,29.5900000000042,-96.06375096962267,,2023-08-14,5887,0 days 01:00:00,359,5,False,False,,,,Free
2023-08-14 20:00:00,8.520593741955205,12.923076,57.02031327541536,1322,79,459.6533980640505,219.1398058217369,52,5.0,8536,2023-08-14 20:00:00,2023-08-14 20:00:00,27.398466019363347,-95.80360291883932,,2023-08-14,5981,0 days 00:00:00,363,3,False,False,,,,Free
2023-08-14 20:15:00,2.045477995432268,9.6,3.286090388174277,1323,96,448.0,195.0,3,5.0,8555,2023-08-14 20:15:00,2023-08-14 20:15:00,27.51500000000387,-96.04500097015848,,2023-08-14,5993,0 days 00:00:00,364,5,False,False,,,,Free
2023-08-14 20:15:00,10.094474298820208,35.901375,80.03082514275572,1323,98,457.00922067265776,217.4596151685465,73,5.0,8557,2023-08-14 20:15:00,2023-08-14 20:15:00,27.42490779327728,-95.82040482489111,,2023-08-14,5981,0 days 00:15:00,363,3,False,False,,,,Free
2023-08-14 20:30:00,16.370552805395143,111.215996,210.4827801354336,1324,73,42.78838277415627,1.4160054429462965,201,5.0,8559,2023-08-14 20:30:00,2023-08-14 20:30:00,31.56711617226294,-97.98084086041024,,2023-08-14,5996,0 days 00:00:00,365,5,False,False,,,,Free
2023-08-14 20:30:00,7.468613461112547,16.56,43.80965644851535,1324,90,446.45371972870527,193.0908304405317,40,5.0,8574,2023-08-14 20:30:00,2023-08-14 20:30:00,27.53046280271682,-96.06409266520755,,2023-08-14,5993,0 days 00:15:00,364,5,False,False,,,,Free
2023-08-14 20:30:00,10.565805925521596,22.8,87.6789095323048,1324,92,454.3560128985363,215.7068458022578,81,5.0,8575,2023-08-14 20:30:00,2023-08-14 20:30:00,27.451439871018497,-95.8379325180531,,2023-08-14,5981,0 days 00:30:00,363,3,False,False,,,,Free
2023-08-14 20:45:00,16.734833934704977,57.4622,219.95442097300344,1325,43,43.06758926863443,1.4973562425604303,210,5.0,8578,2023-08-14 20:45:00,2023-08-14 20:45:00,31.56432410731816,-97.9800273524374,,2023-08-14,5996,0 days 00:15:00,365,5,False,False,,,,Free
2023-08-14 20:45:00,3.339586707399381,9.6,8.759419562764567,1325,51,443.625,190.375,8,5.0,8585,2023-08-14 20:45:00,2023-08-14 20:45:00,27.55875000000388,-96.09125096883685,,2023-08-14,5993,0 days 00:30:00,364,5,False,False,,,,Free
2023-08-14 21:00:00,15.313455846951223,23.753141,184.1773851167195,1326,40,44.77518432004656,2.362301206330545,175,5.0,8590,2023-08-14 21:00:00,2023-08-14 21:00:00,31.547248156804034,-97.97137790304686,,2023-08-14,5996,0 days 00:30:00,365,5,False,False,,,,Free
2023-08-14 21:00:00,3.541527595767571,11.733334,9.8507918352411,1326,45,439.93069306151625,188.544554449213,9,5.0,8595,2023-08-14 21:00:00,2023-08-14 21:00:00,27.59569306938872,-96.10955542382165,,2023-08-14,5993,0 days 00:45:00,364,5,False,False,,,,Free
2023-08-14 21:00:00,10.091917358457428,27.353426,79.99028650270107,1326,49,452.05037383845416,271.0622625568409,73,5.0,8599,2023-08-14 21:00:00,2023-08-14 21:00:00,27.47449626161932,-95.28437836632573,,2023-08-14,6019,0 days 00:00:00,366,3,False,False,,,,Free
2023-08-14 21:15:00,,,,1327,73,48.80434782608695,2.0869565217391304,46,5.0,8602,2023-08-14 21:15:00,2023-08-14 21:15:00,31.506956521743625,-97.97413134981406,,2023-08-14,5996,0 days 00:45:00,365,5,False,False,,,,Free
2023-08-14 21:15:00,2.891447252084635,9.599999,6.566295593125632,1327,89,438.1666666666667,185.3333333333333,6,5.0,8614,2023-08-14 21:15:00,2023-08-14 21:15:00,27.613333333337216,-96.1416676340628,,2023-08-14,5993,0 days 01:00:00,364,5,False,False,,,,Free
2023-08-14 21:15:00,10.29681731239804,44.21052,83.271405764383,1327,95,451.0846308665797,269.77704697865704,76,5.0,8619,2023-08-14 21:15:00,2023-08-14 21:15:00,27.48415369133807,-95.29723052174025,,2023-08-14,6019,0 days 00:15:00,366,3,False,False,,,,Free
2023-08-14 21:30:00,13.893990702231264,21.133335,151.6156000902739,1328,73,50.5432172196742,2.962184868744077,146,5.0,8620,2023-08-14 21:30:00,2023-08-14 21:30:00,31.48956782780775,-97.9653790665941,,2023-08-14,5996,0 days 01:00:00,365,5,False,False,,,,Free
2023-08-14 21:30:00,7.086369555476093,13.866667,39.44005170466461,1328,95,449.5200501379305,267.8170426120125,36,5.0,8633,2023-08-14 21:30:00,2023-08-14 21:30:00,27.49979949862456,-95.3168305648466,,2023-08-14,6019,0 days 00:30:00,366,3,False,False,,,,Free
2023-08-15 02:30:00,4.836174364649149,9.6,18.36934972841617,1348,7,302.7647058823529,132.47058823529412,17,5.0,8651,2023-08-15 02:30:00,2023-08-15 02:30:00,28.967352941180568,-96.67029506993708,,2023-08-15,6060,0 days 00:00:00,367,3,False,False,,,,Free
2023-08-15 03:15:00,,,,1351,19,300.2,133.0,5,5.0,8652,2023-08-15 03:15:00,2023-08-15 03:15:00,28.993000000004105,-96.66500095244128,,2023-08-15,6060,0 days 00:45:00,367,3,False,False,,,,Free
2023-08-15 04:00:00,8.37679315423679,9.6,55.11191027566145,1354,25,303.4901960784314,127.17647058823528,51,5.0,8657,2023-08-15 04:00:00,2023-08-15 04:00:00,28.960098039219783,-96.7232362448948,,2023-08-15,6065,0 days 00:00:00,368,6,False,False,,,,Free
2023-08-15 04:30:00,,,,1356,24,305.73809523809524,126.52380952380952,42,5.0,8666,2023-08-15 04:30:00,2023-08-15 04:30:00,28.93761904762314,-96.72976285535252,,2023-08-15,6065,0 days 00:30:00,368,6,False,False,,,,Free
2023-08-15 04:30:00,3.3175057823335665,9.6,8.643970147900092,1356,25,302.25,131.25,8,5.0,8667,2023-08-15 04:30:00,2023-08-15 04:30:00,28.972500000004096,-96.68250095194122,,2023-08-15,6060,0 days 02:00:00,367,3,False,False,,,,Free
2023-08-15 04:45:00,4.54338747976072,9.6,16.212479322215945,1357,7,305.46666666666664,126.06666666666666,15,5.0,8670,2023-08-15 04:45:00,2023-08-15 04:45:00,28.940333333337424,-96.73433428379336,,2023-08-15,6065,0 days 00:45:00,368,6,False,False,,,,Free
2023-08-15 05:00:00,9.310621260962863,9.599997,68.08433544461187,1358,7,304.4925373134328,126.07462686567165,67,5.0,8671,2023-08-15 05:00:00,2023-08-15 05:00:00,28.950074626869764,-96.73425468180557,,2023-08-15,6065,0 days 01:00:00,368,6,False,False,,,,Free
2023-08-15 05:15:00,6.206913252160121,9.6,30.25807066639169,1359,7,305.36,127.38,50,5.0,8672,2023-08-15 05:15:00,2023-08-15 05:15:00,28.94140000000409,-96.72120095083534,,2023-08-15,6065,0 days 01:15:00,368,6,False,False,,,,Free
2023-08-15 08:45:00,1.6591332680533537,9.6,2.1619837465337093,1373,36,307.0,127.5,2,5.0,8679,2023-08-15 08:45:00,2023-08-15 08:45:00,28.92500000000409,-96.72000095086958,,2023-08-15,6065,0 days 04:45:00,368,6,False,False,,,,Free
2023-08-15 09:45:00,13.360477920611254,83.25,140.1954337699037,1377,36,448.93815896924383,430.3317292232628,128,5.0,8711,2023-08-15 09:45:00,2023-08-15 09:45:00,27.50561841031143,-93.69168374517449,,2023-08-15,6106,0 days 00:00:00,369,3,False,False,,,,Free
2023-08-15 09:45:00,14.82664964398147,71.17452,172.65371671369272,1377,41,491.5750817821949,353.5308254350253,158,5.0,8716,2023-08-15 09:45:00,2023-08-15 09:45:00,27.07924918218185,-94.45969276111016,,2023-08-15,6111,0 days 00:00:00,370,3,False,False,,,,Free
2023-08-15 10:00:00,16.321796693994706,60.967545,209.2308932923605,1378,40,448.2394324576071,432.9875501634304,207,5.0,8719,2023-08-15 10:00:00,2023-08-15 10:00:00,27.5126056754278,-93.66512553653172,,2023-08-15,6106,0 days 00:15:00,369,3,False,False,,,,Free
2023-08-15 10:00:00,8.111283699121987,18.587233,51.67364108324736,1378,47,488.84408769102976,210.55603579079784,49,5.0,8726,2023-08-15 10:00:00,2023-08-15 10:00:00,27.106559123093508,-95.88944061669582,,2023-08-15,6118,0 days 00:00:00,371,3,False,False,,,,Free
2023-08-15 10:00:00,15.609604563854695,129.10344,191.36992378806085,1378,51,492.7012040258812,355.0050569373227,174,5.0,8729,2023-08-15 10:00:00,2023-08-15 10:00:00,27.067987959744983,-94.4449504465084,,2023-08-15,6111,0 days 00:15:00,370,3,False,False,,,,Free
2023-08-15 10:15:00,6.242404700295507,13.371429,30.6050943857362,1379,43,424.6168942011113,202.2457337825638,28,5.0,8730,2023-08-15 10:15:00,2023-08-15 10:15:00,27.748831057992792,-95.9725436344034,,2023-08-15,6121,0 days 00:00:00,372,4,False,False,,,,Free
2023-08-15 10:15:00,19.224992559560302,45.60906,290.28342737503255,1379,45,449.7909644240213,434.8540908671265,268,5.0,8732,2023-08-15 10:15:00,2023-08-15 10:15:00,27.497090355763653,-93.64646013002812,,2023-08-15,6106,0 days 00:30:00,369,3,False,False,,,,Free
2023-08-15 10:15:00,5.419661898697606,27.885715,23.06929219851096,1379,49,479.9296712489915,137.65834373075091,21,5.0,8734,2023-08-15 10:15:00,2023-08-15 10:15:00,27.195703287513904,-96.61841751646494,,2023-08-15,6124,0 days 00:00:00,373,3,False,False,,,,Free
2023-08-15 10:15:00,19.11724482049648,146.4276,287.0387202769594,1379,51,493.3835989645351,356.3606394890963,262,5.0,8736,2023-08-15 10:15:00,2023-08-15 10:15:00,27.061164010358446,-94.4313946213781,,2023-08-15,6111,0 days 00:30:00,370,3,False,False,,,,Free
2023-08-15 10:15:00,8.854515874148232,15.085715,61.57714130835527,1379,52,491.3530453142512,211.86083569151583,56,5.0,8737,2023-08-15 10:15:00,2023-08-15 10:15:00,27.08146954686129,-95.87639261806146,,2023-08-15,6118,0 days 00:15:00,371,3,False,False,,,,Free
2023-08-15 10:15:00,6.149924205218436,15.28889,29.70498983190048,1379,55,497.3318934385392,495.1432685479088,27,5.0,8739,2023-08-15 10:15:00,2023-08-15 10:15:00,27.0216810656184,-93.0435683704486,,2023-08-15,6125,0 days 00:00:00,374,4,False,False,,,,Free
2023-08-15 10:30:00,9.728616805317904,40.517647,74.33478274852091,1380,40,425.7658165158773,202.68342168606705,68,5.0,8740,2023-08-15 10:30:00,2023-08-15 10:30:00,27.73734183484513,-95.96816675549344,,2023-08-15,6121,0 days 00:15:00,372,4,False,False,,,,Free
2023-08-15 10:30:00,7.1781975459806455,18.16216,40.468834181426736,1380,41,432.0907597501836,222.6455852107564,37,5.0,8741,2023-08-15 10:30:00,2023-08-15 10:30:00,27.67409240250206,-95.76854512595094,,2023-08-15,6126,0 days 00:00:00,375,5,False,False,,,,Free
2023-08-15 10:30:00,8.194230765496025,30.800001,52.73588785067777,1380,46,481.3385012936811,139.76647284694417,48,5.0,8746,2023-08-15 10:30:00,2023-08-15 10:30:00,27.181614987067007,-96.59733622590544,,2023-08-15,6124,0 days 00:15:00,373,3,False,False,,,,Free
2023-08-15 10:30:00,9.899499302742406,17.828568,76.9690879066921,1380,49,491.4151447370421,214.2363028988784,70,5.0,8749,2023-08-15 10:30:00,2023-08-15 10:30:00,27.08084855263338,-95.85263794666668,,2023-08-15,6118,0 days 00:30:00,371,3,False,False,,,,Free
2023-08-15 10:30:00,,,,1380,51,498.2307692307692,495.38461538461536,13,5.0,8750,2023-08-15 10:30:00,2023-08-15 10:30:00,27.0126923076961,-93.04115490215054,,2023-08-15,6125,0 days 00:15:00,374,4,False,False,,,,Free
2023-08-15 10:45:00,11.192714954727338,25.92,98.39222208876252,1381,52,426.9609092880537,204.24442318648784,90,5.0,8751,2023-08-15 10:45:00,2023-08-15 10:45:00,27.72539090712337,-95.95255674093528,,2023-08-15,6121,0 days 00:30:00,372,4,False,False,,,,Free
2023-08-15 10:45:00,5.40843169715308,11.885716,22.97378646753738,1381,53,434.4246196350052,225.3402489445939,21,5.0,8752,2023-08-15 10:45:00,2023-08-15 10:45:00,27.65075380365384,-95.74159848938255,,2023-08-15,6126,0 days 00:15:00,375,5,False,False,,,,Free
2023-08-15 10:45:00,6.997553788222533,27.154287,38.45761720293768,1381,62,482.79313902320285,141.1250967123377,35,5.0,8760,2023-08-15 10:45:00,2023-08-15 10:45:00,27.167068609771786,-96.58374998763976,,2023-08-15,6124,0 days 00:30:00,373,3,False,False,,,,Free
2023-08-15 10:45:00,3.3478644259975106,9.6,8.802896722148992,1381,67,498.625,497.0,8,5.0,8764,2023-08-15 10:45:00,2023-08-15 10:45:00,27.00875000000379,-93.02500105645828,,2023-08-15,6125,0 days 00:30:00,374,4,False,False,,,,Free
2023-08-15 11:00:00,10.68449001560085,85.58049,89.65974027866021,1382,43,428.1179853358336,208.26139594529272,82,5.0,8765,2023-08-15 11:00:00,2023-08-15 11:00:00,27.713820146645563,-95.91238701449517,,2023-08-15,6121,0 days 00:45:00,372,4,False,False,,,,Free
2023-08-15 11:00:00,6.464734364929587,16.320002,32.82398083056285,1382,46,435.2709069562984,228.1837455657728,30,5.0,8768,2023-08-15 11:00:00,2023-08-15 11:00:00,27.642290930440907,-95.71316352398338,,2023-08-15,6126,0 days 00:30:00,375,5,False,False,,,,Free
2023-08-15 11:00:00,5.421683718229721,9.600001,23.08650753274508,1382,52,488.3809523809524,217.0,21,5.0,8774,2023-08-15 11:00:00,2023-08-15 11:00:00,27.11119047619428,-95.8250009764452,,2023-08-15,6147,0 days 00:00:00,377,3,False,False,,,,Free
2023-08-15 11:00:00,1.6739601359500882,9.6,2.200797601941346,1382,55,499.0,498.5,2,5.0,8776,2023-08-15 11:00:00,2023-08-15 11:00:00,27.00500000000379,-93.01000105688696,,2023-08-15,6125,0 days 00:45:00,374,4,False,False,,,,Free
2023-08-15 11:15:00,4.088812666817667,14.400001,13.13059203467174,1383,40,437.2659574306189,230.75531914353965,12,5.0,8780,2023-08-15 11:15:00,2023-08-15 11:15:00,27.622340425697697,-95.68744778894056,,2023-08-15,6126,0 days 00:45:00,375,5,False,False,,,,Free
2023-08-15 11:15:00,1.6732515782236852,9.6,2.1989348788333567,1383,46,489.0,220.3333333333333,3,5.0,8786,2023-08-15 11:15:00,2023-08-15 11:15:00,27.105000000003805,-95.79166764406445,,2023-08-15,6147,0 days 00:15:00,377,3,False,False,,,,Free
2023-08-15 11:30:00,5.537013811698755,24.000002,24.079146832750816,1384,48,439.6502392319281,234.07272726816424,22,5.0,8790,2023-08-15 11:30:00,2023-08-15 11:30:00,27.598497607684603,-95.65427370864228,,2023-08-15,6126,0 days 01:00:00,375,5,False,False,,,,Free
2023-08-15 11:30:00,6.148340622625189,9.6,29.68969395282648,1384,59,491.037037037037,221.77777777777777,27,5.0,8800,2023-08-15 11:30:00,2023-08-15 11:30:00,27.08462962963344,-95.77722320003272,,2023-08-15,6147,0 days 00:30:00,377,3,False,False,,,,Free
2023-08-15 11:45:00,7.9392377350850145,9.6,49.50482104866493,1385,59,496.02222222222224,480.3555555555556,45,5.0,8811,2023-08-15 11:45:00,2023-08-15 11:45:00,27.03477777778157,-93.1914454961464,,2023-08-15,6173,0 days 00:00:00,378,4,False,False,,,,Free
2023-08-15 12:00:00,8.935608675282461,14.147368,62.71019677950011,1386,39,496.8408014539485,481.8794171142943,63,5.0,8819,2023-08-15 12:00:00,2023-08-15 12:00:00,27.026591985464307,-93.17620688099449,,2023-08-15,6173,0 days 00:15:00,378,4,False,False,,,,Free
2023-08-15 12:15:00,10.71730063003706,24.234146,90.21125150372552,1387,27,496.4804717251728,484.40185136088127,82,5.0,8825,2023-08-15 12:15:00,2023-08-15 12:15:00,27.030195282752064,-93.1509825392494,,2023-08-15,6173,0 days 00:30:00,378,4,False,False,,,,Free
2023-08-15 12:30:00,9.542054474707625,11.963077,71.511133921957,1388,38,496.3835616522063,484.5448519469188,65,5.0,8832,2023-08-15 12:30:00,2023-08-15 12:30:00,27.03116438348173,-93.14955253342988,,2023-08-15,6173,0 days 00:45:00,378,4,False,False,,,,Free
2023-08-15 12:45:00,13.175641247158596,149.80647,136.34317516421132,1389,26,489.83950878870274,153.1402684964654,125,5.0,8838,2023-08-15 12:45:00,2023-08-15 12:45:00,27.09660491211677,-96.46359827323192,,2023-08-15,6189,0 days 00:00:00,379,4,False,False,,,,Free
2023-08-15 13:00:00,16.309791684465843,115.55368,208.9232194292252,1390,18,490.7928512997161,153.49555345417346,190,5.0,8841,2023-08-15 13:00:00,2023-08-15 13:00:00,27.087071487006643,-96.4600454237564,,2023-08-15,6189,0 days 00:15:00,379,4,False,False,,,,Free
2023-08-15 13:15:00,15.473172437606864,70.45614,188.039294156322,1391,21,490.7161892053703,153.03004211049014,172,5.0,8845,2023-08-15 13:15:00,2023-08-15 13:15:00,27.0878381079501,-96.4647005370602,,2023-08-15,6189,0 days 00:30:00,379,4,False,False,,,,Free
2023-08-15 13:30:00,11.653542946238586,54.136086,106.6610472172186,1392,18,490.5897780285656,152.9009273456358,97,5.0,8849,2023-08-15 13:30:00,2023-08-15 13:30:00,27.089102219718143,-96.46599168467183,,2023-08-15,6189,0 days 00:45:00,379,4,False,False,,,,Free
2023-08-15 16:45:00,8.175378501196473,64.0653,52.493510678485656,1405,22,214.75675489852148,355.4954737148139,49,5.0,8892,2023-08-15 16:45:00,2023-08-15 16:45:00,29.84743245101902,-94.4400462788737,,2023-08-15,6224,0 days 00:00:00,382,3,False,False,,,,Free
2023-08-15 17:00:00,8.818553320036044,58.77895,61.0779668129884,1406,22,217.98414562952703,355.73523850408543,57,5.0,8898,2023-08-15 17:00:00,2023-08-15 17:00:00,29.81515854370896,-94.43764863104946,,2023-08-15,6224,0 days 00:15:00,382,3,False,False,,,,Free
2023-08-15 17:00:00,6.537059509250448,21.367743,33.56253519157726,1406,27,323.4722112737425,152.6188411550211,31,5.0,8903,2023-08-15 17:00:00,2023-08-15 17:00:00,28.76027788726664,-96.46881254649736,,2023-08-15,6229,0 days 00:00:00,384,3,False,False,,,,Free
2023-08-15 17:15:00,4.046843815317767,9.599999,12.862422419484393,1407,40,220.66666666666663,357.25,12,5.0,8904,2023-08-15 17:15:00,2023-08-15 17:15:00,29.78833333333756,-94.4225010165232,,2023-08-15,6224,0 days 00:30:00,382,3,False,False,,,,Free
2023-08-15 17:15:00,2.869639727902774,9.599999,6.467622060600368,1407,41,277.8333333333333,260.8333333333333,6,5.0,8905,2023-08-15 17:15:00,2023-08-15 17:15:00,29.216666666670804,-95.38666765563772,,2023-08-15,6230,0 days 00:00:00,385,3,False,False,,,,Free
2023-08-15 17:15:00,8.70790601129837,165.29453,59.55487906038815,1407,49,324.6086522717027,152.42064212135054,56,5.0,8912,2023-08-15 17:15:00,2023-08-15 17:15:00,28.74891347728704,-96.47079453677742,,2023-08-15,6229,0 days 00:15:00,384,3,False,False,,,,Free
2023-08-15 17:30:00,6.931300442580139,94.35429,37.7328257074396,1408,32,279.1668478574668,260.3939374438102,35,5.0,8916,2023-08-15 17:30:00,2023-08-15 17:30:00,29.203331521429465,-95.39106161440742,,2023-08-15,6230,0 days 00:15:00,385,3,False,False,,,,Free
2023-08-15 17:30:00,9.019635415360703,22.942375,63.89514319000425,1408,39,326.39182691854114,150.72318784134967,64,5.0,8923,2023-08-15 17:30:00,2023-08-15 17:30:00,28.731081730818648,-96.4877690790924,,2023-08-15,6229,0 days 00:30:00,384,3,False,False,,,,Free
2023-08-15 17:45:00,7.029981623772121,26.93333,38.81488117057607,1409,41,280.9399695829596,261.1238601946635,36,5.0,8926,2023-08-15 17:45:00,2023-08-15 17:45:00,29.18560030417453,-95.38376238710742,,2023-08-15,6230,0 days 00:30:00,385,3,False,False,,,,Free
2023-08-15 18:00:00,4.529999897752552,23.680004,16.117076443699784,1410,32,245.2905067640013,364.1684511108372,15,5.0,8934,2023-08-15 18:00:00,2023-08-15 18:00:00,29.54209493236417,-94.3533165073918,,2023-08-15,6245,0 days 00:00:00,387,4,False,False,,,,Free
2023-08-15 18:00:00,3.5279807298562584,11.733334,9.775574503402682,1410,39,357.2343234287076,63.15841583690974,9,5.0,8941,2023-08-15 18:00:00,2023-08-15 18:00:00,28.422656765716937,-97.36341677411416,,2023-08-15,6251,0 days 00:00:00,388,4,False,False,,,,Free
2023-08-15 18:15:00,8.354174643761086,154.54118,54.81469238608799,1411,37,247.637925173724,364.7315710916936,51,5.0,8944,2023-08-15 18:15:00,2023-08-15 18:15:00,29.518620748266944,-94.3476853077442,,2023-08-15,6245,0 days 00:15:00,387,4,False,False,,,,Free
2023-08-15 18:15:00,18.957576884628693,98.6115,282.2640270816927,1411,41,312.6933604685861,202.0979757005852,261,5.0,8947,2023-08-15 18:15:00,2023-08-15 18:15:00,28.86806639531822,-95.97402121518093,,2023-08-15,6255,0 days 00:00:00,389,3,False,False,,,,Free
2023-08-15 18:15:00,10.251988216063888,57.22105,82.54790924214859,1411,43,358.1625175993439,62.10678296459505,76,5.0,8949,2023-08-15 18:15:00,2023-08-15 18:15:00,28.41337482401057,-97.37393310253684,,2023-08-15,6251,0 days 00:15:00,388,4,False,False,,,,Free
2023-08-15 18:30:00,8.35515347451578,60.98824,54.82753804762911,1412,39,250.65377879528245,365.37451847253897,51,5.0,8952,2023-08-15 18:30:00,2023-08-15 18:30:00,29.48846221205136,-94.34125583411948,,2023-08-15,6245,0 days 00:30:00,387,4,False,False,,,,Free
2023-08-15 18:30:00,12.4758606508675,46.215927,122.2449456769261,1412,44,314.8754865389004,200.9431113560541,117,5.0,8956,2023-08-15 18:30:00,2023-08-15 18:30:00,28.846245134615074,-95.98556985829624,,2023-08-15,6255,0 days 00:15:00,389,3,False,False,,,,Free
2023-08-15 18:30:00,7.056942139677139,39.733334,39.113168114103445,1412,47,360.0380678315885,60.45937298984007,36,5.0,8959,2023-08-15 18:30:00,2023-08-15 18:30:00,28.39461932168812,-97.39040720181362,,2023-08-15,6251,0 days 00:30:00,388,4,False,False,,,,Free
2023-08-15 18:45:00,3.880919357198908,14.836365,11.829301971777843,1413,35,253.96118298973,367.82624768930106,11,5.0,8963,2023-08-15 18:45:00,2023-08-15 18:45:00,29.455388170106872,-94.31673854265244,,2023-08-15,6245,0 days 00:45:00,387,4,False,False,,,,Free
2023-08-15 18:45:00,8.21654935597136,12.146937,53.02355208670177,1413,36,317.63272120572447,200.7851975586364,51,5.0,8964,2023-08-15 18:45:00,2023-08-15 18:45:00,28.818672787946827,-95.9871489962253,,2023-08-15,6255,0 days 00:30:00,389,3,False,False,,,,Free
2023-08-15 18:45:00,1.6634897549674956,9.6,2.17335235645497,1413,38,362.0,60.5,2,5.0,8966,2023-08-15 18:45:00,2023-08-15 18:45:00,28.375000000004004,-97.39000093172363,,2023-08-15,6251,0 days 00:45:00,388,4,False,False,,,,Free
2023-08-15 19:15:00,3.307168415080849,16.800001,8.590184754262701,1415,26,238.7033898270839,358.101694913542,8,5.0,8974,2023-08-15 19:15:00,2023-08-15 19:15:00,29.60796610173336,-94.41398406763112,,2023-08-15,6267,0 days 00:00:00,390,3,False,False,,,,Free
2023-08-15 19:30:00,9.208282998462716,178.37418,66.59585474735987,1416,34,240.8851821479141,360.3116697018116,62,5.0,8982,2023-08-15 19:30:00,2023-08-15 19:30:00,29.58614817852505,-94.39188432037996,,2023-08-15,6267,0 days 00:15:00,390,3,False,False,,,,Free
2023-08-15 19:45:00,7.757814061787619,53.018177,47.26815096666517,1417,28,243.11264672715689,362.5066262787584,44,5.0,8989,2023-08-15 19:45:00,2023-08-15 19:45:00,29.56387353273262,-94.36993475523776,,2023-08-15,6267,0 days 00:30:00,390,3,False,False,,,,Free
2023-08-16 00:00:00,2.3443823155327546,31.2,4.316649183658469,1434,10,290.00381679007256,499.0,4,5.0,9003,2023-08-16 00:00:00,2023-08-16 00:00:00,29.09496183210339,-93.0050010570298,,2023-08-16,6290,0 days 00:00:00,391,4,False,False,,,,Free
2023-08-16 00:15:00,2.030343953613992,22.4,3.2376441550394537,1435,13,290.7356321658484,499.0,3,5.0,9005,2023-08-16 00:15:00,2023-08-16 00:15:00,29.087643678345632,-93.0050010570298,,2023-08-16,6290,0 days 00:15:00,391,4,False,False,,,,Free
2023-08-16 00:45:00,18.79715635433609,82.55253,277.50715760470024,1437,34,294.1780743647733,496.93228637362455,257,5.0,9016,2023-08-16 00:45:00,2023-08-16 00:45:00,29.05321925635637,-93.02567819270269,,2023-08-16,6290,0 days 00:45:00,391,4,False,False,,,,Free
2023-08-16 01:00:00,29.280973986341923,129.87692,673.3810940243526,1438,13,293.0422110583901,496.1600452485603,631,5.0,9018,2023-08-16 01:00:00,2023-08-16 01:00:00,29.06457788942021,-93.03340060373267,,2023-08-16,6290,0 days 01:00:00,391,4,False,False,,,,Free
2023-08-16 02:30:00,18.197872368231007,201.23848,260.09446541287593,1444,48,377.3870493146519,492.97747164674337,239,5.0,9059,2023-08-16 02:30:00,2023-08-16 02:30:00,28.221129506857466,-93.06522633884134,,2023-08-16,6337,0 days 00:00:00,393,3,False,False,,,,Free
2023-08-16 02:45:00,20.994682442072683,218.62642,346.1852034568702,1445,59,381.6678903143828,491.0371751717233,319,5.0,9073,2023-08-16 02:45:00,2023-08-16 02:45:00,28.178321096860145,-93.0846293030371,,2023-08-16,6337,0 days 00:15:00,393,3,False,False,,,,Free
2023-08-16 03:00:00,23.014502725778453,307.32562,415.9997526820737,1446,80,385.5136689154087,491.0549561788336,382,5.0,9088,2023-08-16 03:00:00,2023-08-16 03:00:00,28.13986331084988,-93.08445149297108,,2023-08-16,6337,0 days 00:30:00,393,3,False,False,,,,Free
2023-08-16 04:00:00,3.1162940856251105,12.342856,7.627228409813503,1450,99,391.0077820932259,236.634241247302,7,5.0,9152,2023-08-16 04:00:00,2023-08-16 04:00:00,28.0849221790717,-95.62865856958292,,2023-08-16,6415,0 days 00:00:00,395,4,False,False,,,,Free
2023-08-16 04:15:00,4.566502357169534,9.6,16.377863744698864,1451,79,414.5,326.90909090909093,22,5.0,9176,2023-08-16 04:15:00,2023-08-16 04:15:00,27.850000000003924,-94.72591009876204,,2023-08-16,6435,0 days 00:00:00,396,4,False,False,,,,Free
2023-08-16 04:30:00,22.903656172097204,266.92062,412.0021783950795,1452,118,393.6519261437684,235.08223139660177,378,5.0,9192,2023-08-16 04:30:00,2023-08-16 04:30:00,28.05848073856627,-95.64417866764636,,2023-08-16,6415,0 days 00:30:00,395,4,False,False,,,,Free
2023-08-16 04:30:00,4.86233585882376,16.376472,18.56862685561739,1452,131,416.7497414748844,325.7145811715607,17,5.0,9202,2023-08-16 04:30:00,2023-08-16 04:30:00,27.827502585255075,-94.737855195796,,2023-08-16,6435,0 days 00:15:00,396,4,False,False,,,,Free
2023-08-16 04:45:00,21.205093644584064,346.22223,353.1589937925695,1453,138,394.7288262528667,234.92039338230427,343,5.0,9219,2023-08-16 04:45:00,2023-08-16 04:45:00,28.04771173747529,-95.64579704774314,,2023-08-16,6415,0 days 00:45:00,395,4,False,False,,,,Free
2023-08-16 04:45:00,,,,1453,147,417.1666666666667,323.8333333333333,6,5.0,9226,2023-08-16 04:45:00,2023-08-16 04:45:00,27.82333333333725,-94.75666767364066,,2023-08-16,6435,0 days 00:30:00,396,4,False,False,,,,Free
2023-08-16 05:00:00,23.91446787350799,263.69708,449.1706026865533,1454,108,396.8203816436688,235.5481823851984,414,5.0,9236,2023-08-16 05:00:00,2023-08-16 05:00:00,28.02679618356726,-95.63951915789356,,2023-08-16,6415,0 days 01:00:00,395,4,False,False,,,,Free
2023-08-16 05:00:00,3.3357472115208613,18.0,8.739289872970202,1454,120,418.5461538454485,323.1846153817939,8,5.0,9247,2023-08-16 05:00:00,2023-08-16 05:00:00,27.80953846154943,-94.76315485297069,,2023-08-16,6435,0 days 00:45:00,396,4,False,False,,,,Free
2023-08-16 07:00:00,,,,1461,47,281.6666666666667,424.0,3,5.0,9385,2023-08-16 07:00:00,2023-08-16 07:00:00,29.178333333337463,-93.75500103559772,,2023-08-16,6616,0 days 00:00:00,397,3,False,False,,,,Free
2023-08-16 07:15:00,8.368153399643454,64.0,54.998284972785605,1462,65,281.7488201950574,426.51139911183645,51,5.0,9397,2023-08-16 07:15:00,2023-08-16 07:15:00,29.177511798053555,-93.72988704519702,,2023-08-16,6616,0 days 00:15:00,397,3,False,False,,,,Free
2023-08-16 07:30:00,6.932314190519787,19.74857,37.74386385876665,1463,64,281.69043007695234,429.0356450969536,35,5.0,9412,2023-08-16 07:30:00,2023-08-16 07:30:00,29.178095699234607,-93.70464458606716,,2023-08-16,6616,0 days 00:30:00,397,3,False,False,,,,Free
2023-08-16 07:45:00,8.199236055992426,17.6,52.80033296159499,1464,63,495.9175895523201,243.33094464023708,50,5.0,9441,2023-08-16 07:45:00,2023-08-16 07:45:00,27.0358241044806,-95.5616915375672,,2023-08-16,6664,0 days 00:00:00,399,3,False,False,,,,Free
2023-08-16 08:00:00,5.5351971713034,12.218184,24.063349156798324,1465,88,432.0239294766298,496.4130982354144,22,5.0,9451,2023-08-16 08:00:00,2023-08-16 08:00:00,27.674760705237595,-93.0308700739364,,2023-08-16,6674,0 days 00:00:00,400,3,False,False,,,,Free
2023-08-16 08:00:00,7.578362413243928,80.07805,45.10665499194361,1465,95,497.0993437480811,245.2296147168334,41,5.0,9458,2023-08-16 08:00:00,2023-08-16 08:00:00,27.02400656252298,-95.54270483734382,,2023-08-16,6664,0 days 00:15:00,399,3,False,False,,,,Free
2023-08-16 08:15:00,2.889948174235825,9.599999,6.559488734310537,1466,132,426.8333333333333,199.66666666666663,6,5.0,9466,2023-08-16 08:15:00,2023-08-16 08:15:00,27.72666666667057,-95.99833430482532,,2023-08-16,6686,0 days 00:00:00,401,3,False,False,,,,Free
2023-08-16 08:15:00,5.021619733819492,17.066668,19.8051221825116,1466,155,498.2016574524989,245.9079189738676,18,5.0,9483,2023-08-16 08:15:00,2023-08-16 08:15:00,27.0129834254788,-95.5359217949673,,2023-08-16,6664,0 days 00:30:00,399,3,False,False,,,,Free
2023-08-16 08:30:00,1.6685633817998125,9.6,2.1866299790918986,1467,125,427.5,200.0,2,5.0,9490,2023-08-16 08:30:00,2023-08-16 08:30:00,27.7200000000039,-95.99500097158727,,2023-08-16,6686,0 days 00:15:00,401,3,False,False,,,,Free
2023-08-16 08:30:00,2.8906323855852967,22.400002,6.562595093080118,1467,128,431.63218391224586,498.5,6,5.0,9492,2023-08-16 08:30:00,2023-08-16 08:30:00,27.67867816088144,-93.01000105688696,,2023-08-16,6674,0 days 00:30:00,400,3,False,False,,,,Free
2023-08-16 08:45:00,2.890764657144896,9.599999,6.563195698368156,1468,98,433.0,498.5,6,5.0,9522,2023-08-16 08:45:00,2023-08-16 08:45:00,27.665000000003893,-93.01000105688696,,2023-08-16,6674,0 days 00:45:00,400,3,False,False,,,,Free
2023-08-16 08:45:00,2.640484579758264,9.6,5.475920728955527,1468,106,446.2,253.2,5,5.0,9529,2023-08-16 08:45:00,2023-08-16 08:45:00,27.53300000000388,-95.46300098678978,,2023-08-16,6735,0 days 00:00:00,402,3,False,False,,,,Free
2023-08-16 09:00:00,5.143942676449548,9.600001,20.78175027473147,1469,144,432.10526315789474,199.8421052631579,19,5.0,9547,2023-08-16 09:00:00,2023-08-16 09:00:00,27.673947368424948,-95.99657991891058,,2023-08-16,6686,0 days 00:45:00,401,3,False,False,,,,Free
2023-08-16 09:00:00,2.045384996271189,9.6,3.285791585935616,1469,159,447.0,255.0,3,5.0,9560,2023-08-16 09:00:00,2023-08-16 09:00:00,27.52500000000387,-95.44500098730413,,2023-08-16,6735,0 days 00:15:00,402,3,False,False,,,,Free
2023-08-16 09:15:00,7.278418230979752,93.221054,41.6067598309456,1470,136,444.1285645896437,498.7513423116922,38,5.0,9593,2023-08-16 09:15:00,2023-08-16 09:15:00,27.55371435410744,-93.00748763384183,,2023-08-16,6795,0 days 00:00:00,403,4,False,False,,,,Free
2023-08-16 09:15:00,2.045384996271189,9.6,3.285791585935616,1470,150,447.0,255.0,3,5.0,9605,2023-08-16 09:15:00,2023-08-16 09:15:00,27.52500000000387,-95.44500098730413,,2023-08-16,6735,0 days 00:30:00,402,3,False,False,,,,Free
2023-08-16 09:30:00,5.784684740345434,61.599995,26.281446946533244,1471,175,446.6927267371956,498.89163721458976,24,5.0,9632,2023-08-16 09:30:00,2023-08-16 09:30:00,27.52807273263192,-93.00608468485296,,2023-08-16,6795,0 days 00:15:00,403,4,False,False,,,,Free
2023-08-16 09:45:00,5.663716811219584,20.869566,25.193757333670927,1472,47,447.9715069084375,498.4328766771525,23,5.0,9679,2023-08-16 09:45:00,2023-08-16 09:45:00,27.515284930919496,-93.01067229009624,,2023-08-16,6795,0 days 00:30:00,403,4,False,False,,,,Free
2023-08-16 10:00:00,2.04557095921196,9.6,3.286389090311906,1473,28,449.0,499.0,3,5.0,9686,2023-08-16 10:00:00,2023-08-16 10:00:00,27.505000000003868,-93.0050010570298,,2023-08-16,6795,0 days 00:45:00,403,4,False,False,,,,Free
2023-08-16 11:00:00,4.55614081926738,11.52,16.30362428722102,1477,7,364.0412186384523,422.08243727690456,18,5.0,9697,2023-08-16 11:00:00,2023-08-16 11:00:00,28.35458781361948,-93.7741766622807,,2023-08-16,6880,0 days 00:00:00,404,3,False,False,,,,Free
2023-08-16 11:15:00,6.757927911480025,24.727274,35.86881183953502,1478,7,364.6456076988024,423.3366425983458,36,5.0,9698,2023-08-16 11:15:00,2023-08-16 11:15:00,28.348543923015978,-93.76163460942472,,2023-08-16,6880,0 days 00:15:00,404,3,False,False,,,,Free
2023-08-16 11:30:00,3.1123138619762614,9.599999,7.607757405511943,1479,7,363.1111111111111,425.0,9,5.0,9699,2023-08-16 11:30:00,2023-08-16 11:30:00,28.36388888889289,-93.74500103588348,,2023-08-16,6880,0 days 00:30:00,404,3,False,False,,,,Free
2023-08-16 15:15:00,3.723204566160474,48.0,10.887387451009142,1494,41,382.22232558819536,16.454418597717037,10,5.0,9732,2023-08-16 15:15:00,2023-08-16 15:15:00,28.17277674412201,-97.83045673315996,,2023-08-16,6902,0 days 00:00:00,407,3,False,False,,,,Free
2023-08-16 15:15:00,4.079179067262735,56.0,13.068791282519877,1494,44,385.0846405460343,31.226470590563565,12,5.0,9734,2023-08-16 15:15:00,2023-08-16 15:15:00,28.144153594543624,-97.68273621745276,,2023-08-16,6903,0 days 00:00:00,408,3,False,False,,,,Free
2023-08-16 15:30:00,1.177424684452308,9.6,1.0888201621525797,1495,61,382.5,15.5,2,5.0,9747,2023-08-16 15:30:00,2023-08-16 15:30:00,28.170000000003974,-97.84000091886436,,2023-08-16,6902,0 days 00:15:00,407,3,False,False,,,,Free
2023-08-16 15:30:00,4.245814047843655,25.107693,14.1583231556134,1495,62,386.2777352633463,30.559296110450745,13,5.0,9748,2023-08-16 15:30:00,2023-08-16 15:30:00,28.132222647370504,-97.68940796206324,,2023-08-16,6903,0 days 00:15:00,408,3,False,False,,,,Free
2023-08-16 15:45:00,2.3553715275529634,14.400001,4.357212321708978,1496,61,387.8776595717698,29.255319143539644,4,5.0,9761,2023-08-16 15:45:00,2023-08-16 15:45:00,28.116223404286263,-97.70244773135973,,2023-08-16,6903,0 days 00:30:00,408,3,False,False,,,,Free
2023-08-16 16:00:00,5.888156882190769,62.207996,27.230061784251333,1497,49,386.4101524240264,14.427212954513308,25,5.0,9771,2023-08-16 16:00:00,2023-08-16 16:00:00,28.1308984757637,-97.85072878901268,,2023-08-16,6902,0 days 00:45:00,407,3,False,False,,,,Free
2023-08-16 17:00:00,11.462824086924108,77.40631,103.19844100907056,1501,22,357.29779317270385,2.150088694359515,95,5.0,9806,2023-08-16 17:00:00,2023-08-16 17:00:00,28.422022068276974,-97.97350002810587,,2023-08-16,6949,0 days 00:00:00,410,3,False,False,,,,Free
2023-08-16 17:15:00,10.58465091624979,162.13332,87.99195366035468,1502,19,358.79770266867934,1.465814994893125,81,5.0,9811,2023-08-16 17:15:00,2023-08-16 17:15:00,28.40702297331721,-97.980342764905,,2023-08-16,6949,0 days 00:15:00,410,3,False,False,,,,Free
2023-08-16 17:30:00,5.880891713845565,17.664,27.16290700597991,1503,16,360.6449778868663,1.4699936905681856,25,5.0,9815,2023-08-16 17:30:00,2023-08-16 17:30:00,28.388550221135343,-97.98030097794948,,2023-08-16,6949,0 days 00:30:00,410,3,False,False,,,,Free
2023-08-17 05:30:00,2.622230380344172,9.6,5.400470159784573,1551,11,298.4,473.6,5,5.0,9850,2023-08-17 05:30:00,2023-08-17 05:30:00,29.011000000004103,-93.25900104977148,,2023-08-17,6982,0 days 00:00:00,411,3,False,False,,,,Free
2023-08-17 05:45:00,2.8725001932818963,12.799999,6.480522376581396,1552,15,298.6068375998709,474.1068375998709,6,5.0,9852,2023-08-17 05:45:00,2023-08-17 05:45:00,29.008931624005395,-93.25393267391756,,2023-08-17,6982,0 days 00:15:00,411,3,False,False,,,,Free
2023-08-17 06:00:00,2.872639185050931,17.6,6.481149538287806,1553,15,299.12169312503033,473.55820106253947,6,5.0,9855,2023-08-17 06:00:00,2023-08-17 06:00:00,29.0037830687538,-93.25941903913412,,2023-08-17,6982,0 days 00:30:00,411,3,False,False,,,,Free
2023-08-17 13:30:00,6.482806268882431,28.799995,33.007753563453,1583,30,497.95658262596703,400.1089635847084,30,5.0,9885,2023-08-17 13:30:00,2023-08-17 13:30:00,27.01543417374412,-93.99391139292352,,2023-08-17,7010,0 days 00:00:00,413,3,False,False,,,,Free
2023-08-17 13:45:00,5.798413245313826,44.8,26.40633987724925,1584,27,497.7657035021315,401.5621859662643,24,5.0,9892,2023-08-17 13:45:00,2023-08-17 13:45:00,27.017342964982475,-93.9793791695232,,2023-08-17,7010,0 days 00:15:00,413,3,False,False,,,,Free
2023-08-17 14:00:00,4.100211377326204,9.599999,13.203904487786016,1585,15,498.25,401.0833333333333,12,5.0,9895,2023-08-17 14:00:00,2023-08-17 14:00:00,27.01250000000379,-93.98416769571573,,2023-08-17,7010,0 days 00:30:00,413,3,False,False,,,,Free
2023-08-18 08:00:00,1.6700498646086823,9.6,2.19052774618276,1656,24,447.3333333333333,392.0,3,5.0,10020,2023-08-18 08:00:00,2023-08-18 08:00:00,27.521666666670537,-94.07500102645338,,2023-08-18,7113,0 days 00:00:00,415,10,False,False,,,,Free
2023-08-18 08:15:00,5.66344817053685,25.460869,25.191367416277355,1657,18,446.4837414765791,391.0979526102207,29,5.0,10026,2023-08-18 08:15:00,2023-08-18 08:15:00,27.53016258523808,-94.0840215000934,,2023-08-18,7113,0 days 00:15:00,415,10,False,False,,,,Free
2023-08-18 08:30:00,6.135410313870502,13.511113,29.56494704802656,1658,13,444.63968667692166,392.5291557891223,27,5.0,10028,2023-08-18 08:30:00,2023-08-18 08:30:00,27.548603133234657,-94.06970946871336,,2023-08-18,7113,0 days 00:30:00,415,10,False,False,,,,Free
2023-08-18 08:45:00,4.72251230136246,13.200001,17.51604600150764,1659,16,441.63719512771314,393.6341463503279,16,5.0,10031,2023-08-18 08:45:00,2023-08-18 08:45:00,27.57862804872675,-94.05865956341704,,2023-08-18,7113,0 days 00:45:00,415,10,False,False,,,,Free
2023-08-18 09:00:00,8.093349062018328,25.123404,51.44538536406958,1660,13,440.2936640268381,392.7955398204557,50,5.0,10035,2023-08-18 09:00:00,2023-08-18 09:00:00,27.5920633597355,-94.06704562847614,,2023-08-18,7113,0 days 01:00:00,415,10,False,False,,,,Free
2023-08-18 09:15:00,4.256107579625874,9.599999,14.22705711918229,1661,13,438.07142857142856,393.5,14,5.0,10038,2023-08-18 09:15:00,2023-08-18 09:15:00,27.6142857142896,-94.060001026882,,2023-08-18,7113,0 days 01:15:00,415,10,False,False,,,,Free
2023-08-18 09:30:00,6.464458617799525,21.44,32.82118073856622,1662,13,434.0891719797213,396.0521496765186,32,5.0,10041,2023-08-18 09:30:00,2023-08-18 09:30:00,27.65410828020668,-94.03447953084611,,2023-08-18,7113,0 days 01:30:00,415,10,False,False,,,,Free
2023-08-18 09:45:00,6.463818043566503,31.999998,32.814676447256005,1663,16,432.0360913605284,399.098207650033,31,5.0,10044,2023-08-18 09:45:00,2023-08-18 09:45:00,27.67463908639861,-94.00401895198144,,2023-08-18,7113,0 days 01:45:00,415,10,False,False,,,,Free
2023-08-18 10:00:00,5.407536055557305,22.857143,22.96617813440169,1664,28,430.4922666676053,400.9333333631727,21,5.0,10048,2023-08-18 10:00:00,2023-08-18 10:00:00,27.69007733332785,-93.98566769537445,,2023-08-18,7113,0 days 02:00:00,415,10,False,False,,,,Free
2023-08-18 10:15:00,4.254041104500889,21.415386,14.213245098782524,1665,32,427.16827997745975,403.0156366363305,25,5.0,10056,2023-08-18 10:15:00,2023-08-18 10:15:00,27.723317200229303,-93.9648446632379,,2023-08-18,7113,0 days 02:15:00,415,10,False,False,,,,Free
2023-08-18 10:45:00,2.356987082306684,9.6,4.363191615538544,1667,37,402.5,408.0,4,5.0,10072,2023-08-18 10:45:00,2023-08-18 10:45:00,27.970000000003942,-93.91500103102555,,2023-08-18,7136,0 days 00:00:00,418,10,False,False,,,,Free
2023-08-18 11:00:00,6.770314816755576,28.800001,36.00042341405155,1668,37,403.48281129975646,407.6664120256777,33,5.0,10083,2023-08-18 11:00:00,2023-08-18 11:00:00,27.96017188700637,-93.91833691067347,,2023-08-18,7136,0 days 00:15:00,418,10,False,False,,,,Free
2023-08-18 11:15:00,8.333060756057664,139.58401,54.5379711549817,1669,44,402.4877296982695,408.5350029594261,52,5.0,10095,2023-08-18 11:15:00,2023-08-18 11:15:00,27.970122703021246,-93.90965100158417,,2023-08-18,7136,0 days 00:30:00,418,10,False,False,,,,Free
2023-08-18 11:30:00,7.545566947376438,134.40001,44.71710040170212,1670,34,401.15176988507625,411.4303162874122,41,5.0,10107,2023-08-18 11:30:00,2023-08-18 11:30:00,27.98348230115318,-93.88069786913168,,2023-08-18,7136,0 days 00:45:00,418,10,False,False,,,,Free
2023-08-18 11:30:00,3.548047032854354,20.266668,9.887092966441797,1670,43,480.798552474316,265.0856453559198,11,5.0,10116,2023-08-18 11:30:00,2023-08-18 11:30:00,27.187014475260657,-95.34414453662704,,2023-08-18,7155,0 days 00:00:00,421,3,False,False,,,,Free
2023-08-18 11:45:00,6.666150825313365,111.600006,34.901183370855165,1671,47,400.8322584277643,412.13162524286497,32,5.0,10118,2023-08-18 11:45:00,2023-08-18 11:45:00,27.9866774157263,-93.87368477977752,,2023-08-18,7136,0 days 01:00:00,418,10,False,False,,,,Free
2023-08-18 11:45:00,6.584988319044992,20.748388,34.05649105171205,1671,59,481.0733306219708,265.5604260511951,31,5.0,10130,2023-08-18 11:45:00,2023-08-18 11:45:00,27.18426669378411,-95.33939672980996,,2023-08-18,7155,0 days 00:15:00,421,3,False,False,,,,Free
2023-08-18 12:00:00,7.636423170904156,174.40002,45.80046157555651,1672,59,400.1531455832783,415.3772136637392,42,5.0,10132,2023-08-18 12:00:00,2023-08-18 12:00:00,27.99346854417116,-93.84122889649626,,2023-08-18,7136,0 days 01:15:00,418,10,False,False,,,,Free
2023-08-18 12:00:00,3.3449870516629,15.6,8.787771650714626,1672,74,479.4170212593269,265.84468085646034,10,5.0,10146,2023-08-18 12:00:00,2023-08-18 12:00:00,27.20082978741055,-95.3365541818385,,2023-08-18,7155,0 days 00:30:00,421,3,False,False,,,,Free
2023-08-18 12:15:00,8.331321110234951,43.776,54.515202366169184,1673,63,398.0093872679043,416.731895999103,50,5.0,10150,2023-08-18 12:15:00,2023-08-18 12:15:00,28.014906127324902,-93.8276820735298,,2023-08-18,7136,0 days 01:30:00,418,10,False,False,,,,Free
2023-08-18 12:30:00,9.643288428023403,48.0,73.03654060272915,1674,57,396.1163241143044,419.2660715453024,69,5.0,10169,2023-08-18 12:30:00,2023-08-18 12:30:00,28.033836758860907,-93.80234031879196,,2023-08-18,7136,0 days 01:45:00,418,10,False,False,,,,Free
2023-08-18 12:45:00,9.642826666095726,103.450745,73.02954616580631,1675,49,395.0425409080134,420.7365792084595,69,5.0,10183,2023-08-18 12:45:00,2023-08-18 12:45:00,28.04457459092382,-93.78763524258056,,2023-08-18,7136,0 days 02:00:00,418,10,False,False,,,,Free
2023-08-18 13:15:00,11.422060054173278,143.28511,102.46575863953208,1677,70,395.4712281235073,420.3668646368503,94,5.0,10213,2023-08-18 13:15:00,2023-08-18 13:15:00,28.04028771876888,-93.791332388191,,2023-08-18,7136,0 days 02:30:00,418,10,False,False,,,,Free
2023-08-18 13:30:00,4.087128805906958,14.400002,13.1197793417177,1678,62,426.7340425693811,220.24468085646035,12,5.0,10235,2023-08-18 13:30:00,2023-08-18 13:30:00,27.72765957431009,-95.79255416880778,,2023-08-18,7214,0 days 00:00:00,423,3,False,False,,,,Free
2023-08-18 13:30:00,1.6692889404102529,9.6,2.188532062248812,1678,64,437.0,498.5,2,5.0,10237,2023-08-18 13:30:00,2023-08-18 13:30:00,27.625000000003887,-93.01000105688696,,2023-08-18,7215,0 days 00:00:00,424,4,False,False,,,,Free
2023-08-18 13:45:00,5.005575275021417,17.600002,19.678766605633044,1679,60,426.3650793750911,220.4365079375091,18,5.0,10247,2023-08-18 13:45:00,2023-08-18 13:45:00,27.731349206253,-95.79063589805212,,2023-08-18,7214,0 days 00:15:00,423,3,False,False,,,,Free
2023-08-18 13:45:00,3.732472984730653,23.039999,10.941660302140482,1679,63,435.787139691923,498.5,10,5.0,10250,2023-08-18 13:45:00,2023-08-18 13:45:00,27.63712860308466,-93.01000105688696,,2023-08-18,7215,0 days 00:15:00,424,4,False,False,,,,Free
2023-08-18 14:00:00,4.253575727146909,14.030771,14.210135509368524,1680,56,425.6081771637581,221.0783645672484,13,5.0,10264,2023-08-18 14:00:00,2023-08-18 14:00:00,27.738918228366323,-95.78421733193818,,2023-08-18,7214,0 days 00:30:00,423,3,False,False,,,,Free
2023-08-18 14:00:00,3.1227090404653026,39.771427,7.658662340268446,1680,61,434.9589153819053,498.4905505334499,7,5.0,10269,2023-08-18 14:00:00,2023-08-18 14:00:00,27.64541084618484,-93.01009555154974,,2023-08-18,7215,0 days 00:30:00,424,4,False,False,,,,Free
2023-08-18 14:15:00,3.9143416353857305,42.76364,12.033925981855417,1681,73,433.5710158749302,498.5055368322809,11,5.0,10287,2023-08-18 14:15:00,2023-08-18 14:15:00,27.65928984125459,-93.00994568856572,,2023-08-18,7215,0 days 00:45:00,424,4,False,False,,,,Free
2023-08-18 14:30:00,9.196099920304244,33.678688,66.41975117243953,1682,67,383.1410792914809,424.3922389511625,65,5.0,10297,2023-08-18 14:30:00,2023-08-18 14:30:00,28.16358920708916,-93.7510786461982,,2023-08-18,7257,0 days 00:00:00,425,3,False,False,,,,Free
2023-08-18 14:45:00,6.865572563463927,29.082352,37.02059586438079,1683,68,383.3655481974532,423.3232514540338,40,5.0,10317,2023-08-18 14:45:00,2023-08-18 14:45:00,28.16134451802944,-93.761768520864,,2023-08-18,7257,0 days 00:15:00,425,3,False,False,,,,Free
2023-08-18 14:45:00,6.978962013662545,14.811429,38.25353287960886,1683,70,423.9172976126317,446.51543388762894,35,5.0,10319,2023-08-18 14:45:00,2023-08-18 14:45:00,27.75582702387759,-93.5298467031555,,2023-08-18,7274,0 days 00:00:00,428,4,False,False,,,,Free
2023-08-18 14:45:00,9.217222265027146,81.67869,66.72521807401411,1683,75,432.2077317433858,494.8927808719885,62,5.0,10322,2023-08-18 14:45:00,2023-08-18 14:45:00,27.67292268257004,-93.04607324713623,,2023-08-18,7276,0 days 00:00:00,429,3,False,False,,,,Free
2023-08-18 15:00:00,7.8246314068406,15.70909,48.08588996947251,1684,65,423.2347198594002,446.8344652008472,44,5.0,10337,2023-08-18 15:00:00,2023-08-18 15:00:00,27.762652801409907,-93.52665639011444,,2023-08-18,7274,0 days 00:15:00,428,4,False,False,,,,Free
2023-08-18 15:00:00,10.686572801164337,70.94634,89.69469940421925,1684,68,432.8100081315391,494.16106962090737,82,5.0,10340,2023-08-18 15:00:00,2023-08-18 15:00:00,27.666899918688504,-93.05339035943796,,2023-08-18,7276,0 days 00:15:00,429,3,False,False,,,,Free
2023-08-18 15:15:00,1.6650521426393603,9.6,2.177436798261392,1685,49,381.6666666666667,425.0,3,5.0,10352,2023-08-18 15:15:00,2023-08-18 15:15:00,28.178333333337303,-93.74500103588348,,2023-08-18,7257,0 days 00:45:00,425,3,False,False,,,,Free
2023-08-18 15:15:00,11.003198353431918,16.110346,95.08844938534313,1685,53,423.73537101888,449.1745425378639,91,5.0,10355,2023-08-18 15:15:00,2023-08-18 15:15:00,27.757646289815103,-93.503255617413,,2023-08-18,7274,0 days 00:30:00,428,4,False,False,,,,Free
2023-08-18 15:15:00,11.007946505951152,27.917244,95.1705331325433,1685,55,433.0583809951245,493.88785231145,87,5.0,10357,2023-08-18 15:15:00,2023-08-18 15:15:00,27.66441619005265,-93.05612253245442,,2023-08-18,7276,0 days 00:30:00,429,3,False,False,,,,Free
2023-08-18 15:30:00,6.978375654885104,29.348574,38.247105175187095,1686,51,422.42712979739736,449.62661344353967,35,5.0,10367,2023-08-18 15:30:00,2023-08-18 15:30:00,27.77072870202993,-93.4987349084854,,2023-08-18,7274,0 days 00:45:00,428,4,False,False,,,,Free
2023-08-18 15:30:00,4.257570048746396,9.599999,14.236836104358373,1686,58,445.7692307692308,456.6923076923077,13,5.0,10374,2023-08-18 15:30:00,2023-08-18 15:30:00,27.537307692311565,-93.42807796801684,,2023-08-18,7303,0 days 00:00:00,431,3,False,False,,,,Free
2023-08-18 15:45:00,6.8854971038251005,26.258825,37.235782192615815,1687,62,446.1721084752928,456.6624238892588,34,5.0,10389,2023-08-18 15:45:00,2023-08-18 15:45:00,27.533278915250943,-93.42837680603878,,2023-08-18,7303,0 days 00:15:00,431,3,False,False,,,,Free
2023-08-18 16:00:00,3.105426915411688,9.599999,7.574125675596462,1688,41,316.85714285714283,331.0,7,5.0,10395,2023-08-18 16:00:00,2023-08-18 16:00:00,28.826428571432647,-94.68500100902196,,2023-08-18,7315,0 days 00:00:00,432,3,False,False,,,,Free
2023-08-18 16:00:00,4.869081300097397,15.24706,18.6201825139585,1688,47,446.52353618254926,457.80252581339465,17,5.0,10401,2023-08-18 16:00:00,2023-08-18 16:00:00,27.52976463817837,-93.41697578712323,,2023-08-18,7303,0 days 00:30:00,431,3,False,False,,,,Free
2023-08-18 16:15:00,3.892936317921007,13.090909,11.90267239032435,1689,48,316.99185336879606,330.3665987926406,13,5.0,10407,2023-08-18 16:15:00,2023-08-18 16:15:00,28.82508146631612,-94.69133502091456,,2023-08-18,7315,0 days 00:15:00,432,3,False,False,,,,Free
2023-08-18 16:15:00,13.734075077900204,120.17778,148.14558582111428,1689,53,468.24094154253146,197.1627885843651,135,5.0,10412,2023-08-18 16:15:00,2023-08-18 16:15:00,27.312590584578523,-96.02337308493289,,2023-08-18,7324,0 days 00:00:00,433,3,False,False,,,,Free
2023-08-18 16:15:00,1.6729898793853406,9.6,2.198247099769395,1689,55,486.2,440.0,5,5.0,10414,2023-08-18 16:15:00,2023-08-18 16:15:00,27.13300000000381,-93.5950010401699,,2023-08-18,7326,0 days 00:00:00,434,5,False,False,,,,Free
2023-08-18 16:15:00,7.100535947456693,26.400002,39.59789887896681,1689,57,494.5576323752455,441.9732607036588,36,5.0,10416,2023-08-18 16:15:00,2023-08-18 16:15:00,27.04942367625134,-93.5752684336972,,2023-08-18,7327,0 days 00:00:00,435,4,False,False,,,,Free
2023-08-18 16:30:00,2.0329279830074083,9.6,3.2458905326838576,1690,48,316.3333333333333,329.6666666666667,3,5.0,10420,2023-08-18 16:30:00,2023-08-18 16:30:00,28.831666666670746,-94.69833434197426,,2023-08-18,7315,0 days 00:30:00,432,3,False,False,,,,Free
2023-08-18 16:30:00,3.3351325599770125,15.6,8.736069531152095,1690,51,414.6698113175718,459.50235848817886,8,5.0,10422,2023-08-18 16:30:00,2023-08-18 16:30:00,27.848301886828203,-93.39997746086112,,2023-08-18,7330,0 days 00:00:00,436,4,False,False,,,,Free
2023-08-18 16:30:00,12.564660724695903,45.026554,123.9913571483937,1690,54,466.8650103653192,194.7098539447177,115,5.0,10425,2023-08-18 16:30:00,2023-08-18 16:30:00,27.32634989635065,-96.04790243062835,,2023-08-18,7324,0 days 00:15:00,433,3,False,False,,,,Free
2023-08-18 16:30:00,8.199274195972801,61.2,52.80082418012633,1690,58,495.11347570563646,443.0810750976223,52,5.0,10429,2023-08-18 16:30:00,2023-08-18 16:30:00,27.04386524294743,-93.56419029007412,,2023-08-18,7327,0 days 00:15:00,435,4,False,False,,,,Free
2023-08-18 16:45:00,7.17310355981458,13.751352,40.41141739006155,1691,47,416.5392217387779,457.8011117933309,37,5.0,10432,2023-08-18 16:45:00,2023-08-18 16:45:00,27.82960778261614,-93.41698992732348,,2023-08-18,7330,0 days 00:15:00,436,4,False,False,,,,Free
2023-08-18 16:45:00,5.909686493562081,15.744001,27.42955526051812,1691,54,466.31571109464375,193.0871183922685,25,5.0,10439,2023-08-18 16:45:00,2023-08-18 16:45:00,27.3318428890574,-96.06412978568916,,2023-08-18,7324,0 days 00:30:00,433,3,False,False,,,,Free
2023-08-18 16:45:00,6.795652436775674,27.927273,36.27038779341471,1691,57,486.2859354801333,442.3950967778805,37,5.0,10441,2023-08-18 16:45:00,2023-08-18 16:45:00,27.13214064520248,-93.57105007307553,,2023-08-18,7326,0 days 00:30:00,434,5,False,False,,,,Free
2023-08-18 16:45:00,8.284551040515744,21.55102,53.9048494265755,1691,58,496.49781765146565,444.2383607916292,52,5.0,10442,2023-08-18 16:45:00,2023-08-18 16:45:00,27.030021823489136,-93.55261743346476,,2023-08-18,7327,0 days 00:30:00,435,4,False,False,,,,Free
2023-08-18 17:00:00,6.031988424012068,12.9230795,28.57662134188877,1692,37,486.0524271773645,443.1621359192288,26,5.0,10450,2023-08-18 17:00:00,2023-08-18 17:00:00,27.134475728230164,-93.56337968188126,,2023-08-18,7326,0 days 00:45:00,434,5,False,False,,,,Free
2023-08-18 17:00:00,1.6738856737121388,9.6,2.200601811532285,1692,39,497.6666666666667,444.0,9,5.0,10452,2023-08-18 17:00:00,2023-08-18 17:00:00,27.018333333337125,-93.55500104131296,,2023-08-18,7327,0 days 00:45:00,435,4,False,False,,,,Free
2023-08-18 17:15:00,13.54901196686822,20.290909,144.18003747796135,1693,31,416.01189569977777,459.6275218830672,148,5.0,10453,2023-08-18 17:15:00,2023-08-18 17:15:00,27.834881043006146,-93.398725826948,,2023-08-18,7330,0 days 00:45:00,436,4,False,False,,,,Free
2023-08-18 17:15:00,6.2596948531428245,16.457144,30.77486857558536,1693,37,485.25561098176127,443.208852849964,28,5.0,10459,2023-08-18 17:15:00,2023-08-18 17:15:00,27.1424438901862,-93.56291251258722,,2023-08-18,7326,0 days 01:00:00,434,5,False,False,,,,Free
2023-08-18 17:30:00,4.566572573251991,9.6,16.378367411699347,1694,22,413.3333333333333,460.73333333333335,15,5.0,10462,2023-08-18 17:30:00,2023-08-18 17:30:00,27.86166666667059,-93.38766771276136,,2023-08-18,7330,0 days 01:00:00,436,4,False,False,,,,Free
2023-08-18 17:30:00,6.146906297393595,19.91111,29.675843155496946,1694,27,485.4182811776631,442.4873323347784,27,5.0,10467,2023-08-18 17:30:00,2023-08-18 17:30:00,27.14081718822717,-93.5701277175329,,2023-08-18,7326,0 days 01:15:00,434,5,False,False,,,,Free
2023-08-18 18:00:00,1.6739601359479583,19.2,2.2007976019357463,1696,11,499.0,323.5,2,5.0,10470,2023-08-18 18:00:00,2023-08-18 18:00:00,27.00500000000379,-94.76000100687872,,2023-08-18,7356,0 days 00:00:00,437,3,False,False,,,,Free
2023-08-18 18:15:00,2.05017409141536,48.0,3.30119640290082,1697,7,499.0,323.4465116210987,3,5.0,10471,2023-08-18 18:15:00,2023-08-18 18:15:00,27.00500000000379,-94.76053589065248,,2023-08-18,7356,0 days 00:15:00,437,3,False,False,,,,Free
2023-08-18 18:30:00,1.6739601359479583,19.2,2.2007976019357463,1698,7,499.0,323.8380281642845,2,5.0,10472,2023-08-18 18:30:00,2023-08-18 18:30:00,27.00500000000379,-94.75662072533248,,2023-08-18,7356,0 days 00:30:00,437,3,False,False,,,,Free
2023-08-19 05:45:00,3.731585355215536,9.6,10.936456789170366,1743,17,430.54545454545456,211.27272727272728,11,5.0,10495,2023-08-19 05:45:00,2023-08-19 05:45:00,27.68954545454935,-95.8822737020813,,2023-08-19,7379,0 days 00:00:00,438,3,False,False,,,,Free
2023-08-19 06:00:00,5.276460385386964,19.68,21.86629712663296,1744,18,427.4509536791379,212.35831062320696,20,5.0,10500,2023-08-19 06:00:00,2023-08-19 06:00:00,27.720490463212524,-95.87141786888674,,2023-08-19,7379,0 days 00:15:00,438,3,False,False,,,,Free
2023-08-19 06:15:00,5.533121260147639,37.527275,24.045303184379097,1745,21,424.6114967711226,213.05276312282976,23,5.0,10503,2023-08-19 06:15:00,2023-08-19 06:15:00,27.74888503229268,-95.86447334408894,,2023-08-19,7379,0 days 00:30:00,438,3,False,False,,,,Free
2023-08-19 07:45:00,8.105632254035996,25.940424,51.60166011913705,1751,11,473.621265711034,338.0190644587248,48,5.0,10524,2023-08-19 07:45:00,2023-08-19 07:45:00,27.258787342893488,-94.61481036644052,,2023-08-19,7400,0 days 00:00:00,439,14,False,False,,,,Free
2023-08-19 08:00:00,6.143353813224934,13.866668,29.64155192204269,1752,7,472.45892575450057,339.34044231201074,30,5.0,10525,2023-08-19 08:00:00,2023-08-19 08:00:00,27.270410742458825,-94.60159658828525,,2023-08-19,7400,0 days 00:15:00,439,14,False,False,,,,Free
2023-08-19 08:15:00,3.921045711517311,20.07273,12.075182188129617,1753,25,471.7227171369212,340.8886414315394,14,5.0,10529,2023-08-19 08:15:00,2023-08-19 08:15:00,27.27777282863462,-94.58611459753234,,2023-08-19,7400,0 days 00:30:00,439,14,False,False,,,,Free
2023-08-19 08:15:00,5.155638571099704,28.800003,20.876361550127505,1753,27,483.1335691958396,265.0619195071904,19,5.0,10531,2023-08-19 08:15:00,2023-08-19 08:15:00,27.16366430804542,-95.34438179510757,,2023-08-19,7405,0 days 00:00:00,440,3,False,False,,,,Free
2023-08-19 08:30:00,8.688115477640943,17.066666,59.28448489127384,1754,25,472.1788816574631,343.8881650344185,60,5.0,10535,2023-08-19 08:30:00,2023-08-19 08:30:00,27.2732111834292,-94.55611936236072,,2023-08-19,7400,0 days 00:45:00,439,14,False,False,,,,Free
2023-08-19 08:30:00,6.477846694586346,24.96,32.957268702561045,1754,26,479.88711256133496,265.6675367070018,31,5.0,10536,2023-08-19 08:30:00,2023-08-19 08:30:00,27.19612887439047,-95.33832562328246,,2023-08-19,7405,0 days 00:15:00,440,3,False,False,,,,Free
2023-08-19 08:45:00,1.6700878317909456,9.6,2.190627346935208,1755,26,448.0,238.66666666666663,3,5.0,10539,2023-08-19 08:45:00,2023-08-19 08:45:00,27.51500000000387,-95.60833431597,,2023-08-19,7409,0 days 00:00:00,442,10,False,False,,,,Free
2023-08-19 08:45:00,3.918907676841469,17.454546,12.062017271700018,1755,27,460.5970802809956,250.27445255616723,11,5.0,10540,2023-08-19 08:45:00,2023-08-19 08:45:00,27.38902919719389,-95.49225646039208,,2023-08-19,7410,0 days 00:00:00,443,6,False,False,,,,Free
2023-08-19 08:45:00,10.169726014482949,36.583786,81.22849124291339,1755,29,472.2427618708064,344.6138263029827,81,5.0,10542,2023-08-19 08:45:00,2023-08-19 08:45:00,27.272572381295767,-94.54886274988246,,2023-08-19,7400,0 days 01:00:00,439,14,False,False,,,,Free
2023-08-19 08:45:00,,,,1755,30,476.5,266.5,4,5.0,10543,2023-08-19 08:45:00,2023-08-19 08:45:00,27.230000000003827,-95.3300009905904,,2023-08-19,7405,0 days 00:30:00,440,3,False,False,,,,Free
2023-08-19 09:00:00,6.020923368901384,14.03077,28.471875825788302,1756,37,445.0391822836242,241.44122657456373,26,5.0,10548,2023-08-19 09:00:00,2023-08-19 09:00:00,27.544608177167632,-95.5805887176839,,2023-08-19,7409,0 days 00:15:00,442,10,False,False,,,,Free
2023-08-19 09:00:00,6.990150497704236,69.394295,38.3762852658792,1756,40,459.159464033127,250.81755257276188,35,5.0,10551,2023-08-19 09:00:00,2023-08-19 09:00:00,27.403405359672583,-95.48682546038134,,2023-08-19,7410,0 days 00:15:00,443,6,False,False,,,,Free
2023-08-19 09:00:00,14.99933139087927,121.34161,176.69883338426524,1756,42,470.3665088557022,344.812026749855,162,5.0,10553,2023-08-19 09:00:00,2023-08-19 09:00:00,27.29133491144681,-94.54688074547032,,2023-08-19,7400,0 days 01:15:00,439,14,False,False,,,,Free
2023-08-19 09:15:00,6.135130892554832,24.533335,29.56225419201053,1757,23,443.4607508677948,242.78384526546932,27,5.0,10556,2023-08-19 09:15:00,2023-08-19 09:15:00,27.560392491325928,-95.56716253115854,,2023-08-19,7409,0 days 00:30:00,442,10,False,False,,,,Free
2023-08-19 09:15:00,6.02447712980317,43.93846,28.505495951330005,1757,24,458.2461477912801,251.4531805433845,26,5.0,10557,2023-08-19 09:15:00,2023-08-19 09:15:00,27.41253852209105,-95.48046918085674,,2023-08-19,7410,0 days 00:30:00,443,6,False,False,,,,Free
2023-08-19 09:15:00,14.718645428032442,233.37291,170.1474982708,1757,27,470.7311980070189,345.37924956835127,155,5.0,10560,2023-08-19 09:15:00,2023-08-19 09:15:00,27.287688019933643,-94.5412085174475,,2023-08-19,7400,0 days 01:30:00,439,14,False,False,,,,Free
2023-08-19 09:30:00,8.007160644119693,34.64348,50.355506036435045,1758,19,440.1163141630723,244.00164790647767,62,5.0,10561,2023-08-19 09:30:00,2023-08-19 09:30:00,27.59383685837316,-95.55498450509646,,2023-08-19,7409,0 days 00:45:00,442,10,False,False,,,,Free
2023-08-19 09:30:00,6.138836937119871,21.688889,29.597980282952907,1758,20,456.003106963286,252.51797603633685,27,5.0,10562,2023-08-19 09:30:00,2023-08-19 09:30:00,27.434968930371,-95.46982122623147,,2023-08-19,7410,0 days 00:45:00,443,6,False,False,,,,Free
2023-08-19 09:30:00,14.137387592056848,69.54966,156.97417564077895,1758,23,470.9913934656613,345.170103538903,152,5.0,10565,2023-08-19 09:30:00,2023-08-19 09:30:00,27.285086065347222,-94.54329997768218,,2023-08-19,7400,0 days 01:45:00,439,14,False,False,,,,Free
2023-08-19 09:45:00,9.144580474948969,116.00001,65.67762712727541,1759,29,439.3351051288142,244.3781081038172,60,5.0,10567,2023-08-19 09:45:00,2023-08-19 09:45:00,27.60164894871574,-95.55121990323062,,2023-08-19,7409,0 days 01:00:00,442,10,False,False,,,,Free
2023-08-19 09:45:00,2.3626918793316083,9.6,4.384338312254244,1759,31,455.25,253.0,4,5.0,10569,2023-08-19 09:45:00,2023-08-19 09:45:00,27.442500000003857,-95.4650009867326,,2023-08-19,7410,0 days 01:00:00,443,6,False,False,,,,Free
2023-08-19 09:45:00,10.171018104329448,37.491894,81.24913313159405,1759,34,473.316788215925,344.98392446049894,76,5.0,10572,2023-08-19 09:45:00,2023-08-19 09:45:00,27.26183211784458,-94.54516176841304,,2023-08-19,7400,0 days 02:00:00,439,14,False,False,,,,Free
2023-08-19 10:00:00,10.819685937059106,50.857147,91.94311020315078,1760,42,439.9104880613497,245.39745585364275,84,5.0,10574,2023-08-19 10:00:00,2023-08-19 10:00:00,27.595895119390384,-95.54102642602368,,2023-08-19,7409,0 days 01:15:00,442,10,False,False,,,,Free
2023-08-19 10:00:00,4.259310442275426,12.553848,14.248477844324269,1760,43,455.4460284954371,253.91038695964085,13,5.0,10575,2023-08-19 10:00:00,2023-08-19 10:00:00,27.44053971504949,-95.45589711739638,,2023-08-19,7410,0 days 01:15:00,443,6,False,False,,,,Free
2023-08-19 10:00:00,12.626428236951924,44.042103,125.2134295405175,1760,48,477.3191336589613,346.8241664469346,114,5.0,10579,2023-08-19 10:00:00,2023-08-19 10:00:00,27.22180866341421,-94.52675934907457,,2023-08-19,7400,0 days 02:15:00,439,14,False,False,,,,Free
2023-08-19 10:15:00,4.569988841623033,17.28,16.40288200199054,1761,34,429.7980455994016,246.85233441286985,15,5.0,10583,2023-08-19 10:15:00,2023-08-19 10:15:00,27.69701954400988,-95.52647764084712,,2023-08-19,7429,0 days 00:00:00,444,3,False,False,,,,Free
2023-08-19 10:15:00,9.370265041575914,82.74286,68.9594250449099,1761,35,441.7553733473163,247.04931538415872,76,5.0,10584,2023-08-19 10:15:00,2023-08-19 10:15:00,27.57744626653072,-95.52450783119052,,2023-08-19,7409,0 days 01:30:00,442,10,False,False,,,,Free
2023-08-19 10:30:00,5.900327305486533,30.72,27.34274352051432,1762,25,431.8401244197589,247.148678079588,25,5.0,10591,2023-08-19 10:30:00,2023-08-19 10:30:00,27.676598755806307,-95.52351420426464,,2023-08-19,7429,0 days 00:15:00,444,3,False,False,,,,Free
2023-08-19 10:30:00,9.221953445120532,49.25902,66.79373547234577,1762,26,442.568116190189,247.3967701295876,61,5.0,10592,2023-08-19 10:30:00,2023-08-19 10:30:00,27.56931883810199,-95.52103328383556,,2023-08-19,7409,0 days 01:45:00,442,10,False,False,,,,Free
2023-08-19 10:30:00,12.058668866954005,38.49231,114.20592098644862,1762,29,476.6769062895039,348.8384244444449,104,5.0,10595,2023-08-19 10:30:00,2023-08-19 10:30:00,27.228230937108787,-94.50661676967502,,2023-08-19,7400,0 days 02:45:00,439,14,False,False,,,,Free
2023-08-19 10:45:00,5.659292399420882,19.617392,25.15441072701272,1763,28,431.4134443733176,246.96252230334065,23,5.0,10598,2023-08-19 10:45:00,2023-08-19 10:45:00,27.68086555627072,-95.52537576197392,,2023-08-19,7429,0 days 00:30:00,444,3,False,False,,,,Free
2023-08-19 10:45:00,9.371160518154134,77.10478,68.97260599558066,1763,29,443.98583743613807,246.48231878219684,64,5.0,10599,2023-08-19 10:45:00,2023-08-19 10:45:00,27.55514162564249,-95.53017779704813,,2023-08-19,7409,0 days 02:00:00,442,10,False,False,,,,Free
2023-08-19 10:45:00,12.56989523959726,31.603542,124.09468979171136,1763,34,475.8321469052305,351.5308362898812,113,5.0,10603,2023-08-19 10:45:00,2023-08-19 10:45:00,27.23667853095152,-94.47969265199004,,2023-08-19,7400,0 days 03:00:00,439,14,False,False,,,,Free
2023-08-19 11:00:00,9.807774999580335,47.72174,75.54937391015557,1764,19,443.6960445030151,245.3815726850209,69,5.0,10605,2023-08-19 11:00:00,2023-08-19 11:00:00,27.558039554973725,-95.54118525770537,,2023-08-19,7409,0 days 02:15:00,442,10,False,False,,,,Free
2023-08-19 11:00:00,,,,1764,21,476.4084362102065,352.5709876302466,36,5.0,10607,2023-08-19 11:00:00,2023-08-19 11:00:00,27.23091563790176,-94.46929113888363,,2023-08-19,7400,0 days 03:15:00,439,14,False,False,,,,Free
2023-08-19 11:15:00,,,,1765,20,476.5660828107392,355.1592356574246,40,5.0,10611,2023-08-19 11:15:00,2023-08-19 11:15:00,27.229339171896434,-94.44340865935146,,2023-08-19,7400,0 days 03:30:00,439,14,False,False,,,,Free
2023-08-19 13:15:00,1.6737739231638162,9.6,2.20030799188374,1773,10,497.0,250.66666666666663,3,5.0,10623,2023-08-19 13:15:00,2023-08-19 13:15:00,27.0250000000038,-95.48833431939914,,2023-08-19,7448,0 days 00:00:00,445,5,False,False,,,,Free
2023-08-19 13:30:00,4.428671109696583,25.37143,15.404114550919592,1774,10,497.84922861227454,204.50210378470584,14,5.0,10625,2023-08-19 13:30:00,2023-08-19 13:30:00,27.016507713881047,-95.94997993502676,,2023-08-19,7450,0 days 00:00:00,446,4,False,False,,,,Free
2023-08-19 13:30:00,1.6737739231638162,19.2,2.20030799188374,1774,11,497.0,250.66666666666663,3,5.0,10626,2023-08-19 13:30:00,2023-08-19 13:30:00,27.0250000000038,-95.48833431939914,,2023-08-19,7448,0 days 00:15:00,445,5,False,False,,,,Free
2023-08-19 13:45:00,4.582053749928639,13.440002,16.489604532038125,1775,17,488.3823064649548,206.03001580492852,15,5.0,10627,2023-08-19 13:45:00,2023-08-19 13:45:00,27.11117693535426,-95.93470081526112,,2023-08-19,7451,0 days 00:00:00,447,3,False,False,,,,Free
2023-08-19 13:45:00,5.797843033586728,22.800003,26.401146572228207,1775,18,496.16385766582937,248.1788389465785,24,5.0,10628,2023-08-19 13:45:00,2023-08-19 13:45:00,27.0333614233455,-95.51321259588912,,2023-08-19,7448,0 days 00:30:00,445,5,False,False,,,,Free
2023-08-19 13:45:00,5.159141258553967,33.347366,20.90473755372573,1775,19,497.66505754579794,202.7846268319214,19,5.0,10629,2023-08-19 13:45:00,2023-08-19 13:45:00,27.01834942454581,-95.96715470406376,,2023-08-19,7450,0 days 00:15:00,446,4,False,False,,,,Free
2023-08-19 14:00:00,6.032838742502082,15.507692,28.58467869893594,1776,13,488.6852123031799,204.2291361589226,26,5.0,10630,2023-08-19 14:00:00,2023-08-19 14:00:00,27.10814787697201,-95.95270961120656,,2023-08-19,7451,0 days 00:15:00,447,3,False,False,,,,Free
2023-08-19 14:00:00,5.676202767450598,39.65217,25.30496165504781,1776,14,497.1016311264644,200.81455456548,23,5.0,10631,2023-08-19 14:00:00,2023-08-19 14:00:00,27.02398368873915,-95.98685542616522,,2023-08-19,7450,0 days 00:30:00,446,4,False,False,,,,Free
2023-08-19 14:00:00,3.131314386701173,13.714286,7.700930927652925,1776,15,496.35060976274593,246.7134146350328,8,5.0,10632,2023-08-19 14:00:00,2023-08-19 14:00:00,27.031493902376333,-95.5278668385858,,2023-08-19,7448,0 days 00:45:00,445,5,False,False,,,,Free
2023-08-19 14:15:00,3.3462602260942806,20.400002,8.794462555802607,1777,20,487.8068181826978,203.03733766346863,8,5.0,10634,2023-08-19 14:15:00,2023-08-19 14:15:00,27.11693181817683,-95.96462759582056,,2023-08-19,7451,0 days 00:30:00,447,3,False,False,,,,Free
2023-08-19 14:15:00,4.583798168152256,17.92,16.502162325414073,1777,21,495.8452012469217,245.27554178835285,15,5.0,10635,2023-08-19 14:15:00,2023-08-19 14:15:00,27.03654798753458,-95.54224556664172,,2023-08-19,7448,0 days 01:00:00,445,5,False,False,,,,Free
2023-08-19 14:15:00,5.0213962250415,27.733334,19.80335919750725,1777,23,496.8255131965493,200.11827956788767,18,5.0,10637,2023-08-19 14:15:00,2023-08-19 14:15:00,27.0267448680383,-95.99381817594218,,2023-08-19,7450,0 days 00:45:00,446,4,False,False,,,,Free
2023-08-19 14:30:00,5.154446253688499,27.789474,20.86670673403384,1778,14,476.8358209056297,4.583446402252573,21,5.0,10639,2023-08-19 14:30:00,2023-08-19 14:30:00,27.22664179094753,-97.9491664517223,,2023-08-19,7455,0 days 00:00:00,448,3,False,False,,,,Free
2023-08-19 14:45:00,6.476888017058068,26.559998,32.94751451835885,1779,20,476.6277056423736,3.245825596009275,30,5.0,10642,2023-08-19 14:45:00,2023-08-19 14:45:00,27.228722943580088,-97.96254265940252,,2023-08-19,7455,0 days 00:15:00,448,3,False,False,,,,Free
2023-08-19 15:00:00,2.364851668098828,9.6,4.392357616628274,1780,15,475.5,3.5,4,5.0,10647,2023-08-19 15:00:00,2023-08-19 15:00:00,27.240000000003825,-97.96000091543522,,2023-08-19,7455,0 days 00:30:00,448,3,False,False,,,,Free
2023-08-19 16:30:00,3.54158140954531,9.6,9.851091204558749,1786,7,440.0,246.66666666666663,9,5.0,10649,2023-08-19 16:30:00,2023-08-19 16:30:00,27.59500000000388,-95.5283343182561,,2023-08-19,7460,0 days 00:00:00,449,3,False,False,,,,Free
2023-08-19 16:45:00,5.146020809264954,12.631579,20.7985451589914,1787,7,440.7696551770404,245.12689655390136,19,5.0,10650,2023-08-19 16:45:00,2023-08-19 16:45:00,27.58730344823348,-95.5437320189438,,2023-08-19,7460,0 days 00:15:00,449,3,False,False,,,,Free
2023-08-19 17:00:00,5.145835534562729,18.694736,20.797047545578955,1788,18,439.6393328866285,241.86379430671045,25,5.0,10652,2023-08-19 17:00:00,2023-08-19 17:00:00,27.5986066711376,-95.57636304048322,,2023-08-19,7460,0 days 00:30:00,449,3,False,False,,,,Free
2023-08-19 17:00:00,6.139413538713705,15.644445,29.60354063396708,1788,19,458.03688240632255,226.83437717637824,27,5.0,10653,2023-08-19 17:00:00,2023-08-19 17:00:00,27.414631175940627,-95.72665720749173,,2023-08-19,7462,0 days 00:00:00,450,3,False,False,,,,Free
2023-08-19 17:15:00,4.259993123142827,20.676928,14.253045692983813,1789,50,457.2423945179172,225.7968596601401,13,5.0,10661,2023-08-19 17:15:00,2023-08-19 17:15:00,27.422576054824685,-95.7370323823576,,2023-08-19,7462,0 days 00:15:00,450,3,False,False,,,,Free
2023-08-19 17:30:00,3.125775122252269,9.599999,7.673709283765195,1790,10,456.8571428571428,225.7142857142857,7,5.0,10665,2023-08-19 17:30:00,2023-08-19 17:30:00,27.426428571432428,-95.73785812179256,,2023-08-19,7462,0 days 00:30:00,450,3,False,False,,,,Free
2023-08-20 03:15:00,1.6556659284326272,9.6,2.1529567455767773,1829,22,264.0,478.5,2,5.0,10715,2023-08-20 03:15:00,2023-08-20 03:15:00,29.35500000000416,-93.21000105117172,,2023-08-20,7514,0 days 00:00:00,452,5,False,False,,,,Free
2023-08-20 03:30:00,4.534227860456109,17.28,16.147175427867158,1830,28,264.1563517890013,478.2084690520017,15,5.0,10719,2023-08-20 03:30:00,2023-08-20 03:30:00,29.353436482114144,-93.2129163605684,,2023-08-20,7514,0 days 00:15:00,452,5,False,False,,,,Free
2023-08-20 03:45:00,3.5121020303932102,11.733334,9.687776917467476,1831,19,263.3036303671913,477.9933993466859,9,5.0,10725,2023-08-20 03:45:00,2023-08-20 03:45:00,29.361963696332246,-93.21506705756008,,2023-08-20,7514,0 days 00:30:00,452,5,False,False,,,,Free
2023-08-20 04:00:00,2.341407739388845,9.6,4.30570211610125,1832,21,263.2,475.8,5,5.0,10731,2023-08-20 04:00:00,2023-08-20 04:00:00,29.36300000000416,-93.23700105040012,,2023-08-20,7514,0 days 00:45:00,452,5,False,False,,,,Free
2023-08-20 04:15:00,2.0277019921085744,9.6,3.229223743326556,1833,17,263.3333333333333,474.6666666666667,3,5.0,10734,2023-08-20 04:15:00,2023-08-20 04:15:00,29.361666666670825,-93.2483343834096,,2023-08-20,7514,0 days 01:00:00,452,5,False,False,,,,Free
2023-08-20 05:15:00,,,,1837,38,245.3333333333333,437.5,6,5.0,10760,2023-08-20 05:15:00,2023-08-20 05:15:00,29.541666666670853,-93.62000103945547,,2023-08-20,7539,0 days 00:00:00,453,4,False,False,,,,Free
2023-08-20 05:15:00,5.232701053805713,14.880002,21.505113025840533,1837,41,252.5912961299321,464.7511825966809,23,5.0,10762,2023-08-20 05:15:00,2023-08-20 05:15:00,29.469087038704853,-93.34748922127602,,2023-08-20,7541,0 days 00:00:00,454,4,False,False,,,,Free
2023-08-20 05:30:00,3.6985159707655337,11.5199995,10.743477488246718,1838,44,243.78220859254648,438.07055214813664,10,5.0,10769,2023-08-20 05:30:00,2023-08-20 05:30:00,29.557177914078725,-93.61429551813715,,2023-08-20,7539,0 days 00:15:00,453,4,False,False,,,,Free
2023-08-20 05:30:00,5.850115435865753,18.432001,26.879349415803297,1838,47,251.9475878399749,464.548540801971,25,5.0,10772,2023-08-20 05:30:00,2023-08-20 05:30:00,29.475524121604423,-93.3495156391652,,2023-08-20,7541,0 days 00:15:00,454,4,False,False,,,,Free
2023-08-20 05:30:00,2.356495150348243,9.6,4.361370502963636,1838,54,398.0,459.5,4,5.0,10778,2023-08-20 05:30:00,2023-08-20 05:30:00,28.015000000003948,-93.4000010457422,,2023-08-20,7550,0 days 00:00:00,455,4,False,False,,,,Free
2023-08-20 05:45:00,2.338984801021339,9.6,4.296795463218812,1839,49,242.4,437.4,5,5.0,10780,2023-08-20 05:45:00,2023-08-20 05:45:00,29.57100000000419,-93.62100103942691,,2023-08-20,7539,0 days 00:30:00,453,4,False,False,,,,Free
2023-08-20 05:45:00,4.218420740108771,27.323078,13.976218076293923,1839,53,250.7856650635584,464.4431426655386,13,5.0,10781,2023-08-20 05:45:00,2023-08-20 05:45:00,29.4871433493686,-93.3505696204994,,2023-08-20,7541,0 days 00:30:00,454,4,False,False,,,,Free
2023-08-20 05:45:00,3.31248835925143,9.6,8.617843496573583,1839,58,271.125,410.125,8,5.0,10785,2023-08-20 05:45:00,2023-08-20 05:45:00,29.283750000004147,-93.8937510316328,,2023-08-20,7554,0 days 00:00:00,456,3,False,False,,,,Free
2023-08-20 05:45:00,4.983135271800946,16.0,19.502722201604048,1839,62,330.7090909143453,469.5,18,5.0,10789,2023-08-20 05:45:00,2023-08-20 05:45:00,28.6879090908606,-93.30000104859982,,2023-08-20,7558,0 days 00:00:00,457,3,False,False,,,,Free
2023-08-20 05:45:00,3.332510022167442,9.6,8.72233594516297,1839,63,397.5,459.5,8,5.0,10790,2023-08-20 05:45:00,2023-08-20 05:45:00,28.020000000003947,-93.4000010457422,,2023-08-20,7550,0 days 00:15:00,455,4,False,False,,,,Free
2023-08-20 06:00:00,2.614922048888531,9.6,5.370409166160226,1840,55,241.4,438.2,5,5.0,10794,2023-08-20 06:00:00,2023-08-20 06:00:00,29.58100000000419,-93.61300103965556,,2023-08-20,7539,0 days 00:45:00,453,4,False,False,,,,Free
2023-08-20 06:00:00,3.880380013158696,9.599999,11.826014286772288,1840,56,250.9090909090909,463.8181818181818,11,5.0,10795,2023-08-20 06:00:00,2023-08-20 06:00:00,29.485909090913268,-93.3568192287944,,2023-08-20,7541,0 days 00:45:00,454,4,False,False,,,,Free
2023-08-20 06:00:00,5.237676913294109,36.480003,21.546031586507382,1840,61,272.07936956583814,410.776808344015,23,5.0,10800,2023-08-20 06:00:00,2023-08-20 06:00:00,29.274206304345764,-93.88723294837888,,2023-08-20,7554,0 days 00:15:00,456,3,False,False,,,,Free
2023-08-20 06:00:00,6.4334763481833965,14.4,32.50732990015976,1840,64,332.0531914861238,468.2936170277524,30,5.0,10803,2023-08-20 06:00:00,2023-08-20 06:00:00,28.674468085142813,-93.3120648779776,,2023-08-20,7558,0 days 00:15:00,457,3,False,False,,,,Free
2023-08-20 06:00:00,4.563333217825851,12.160003,16.35513925326933,1840,65,398.0,459.050279322664,15,5.0,10804,2023-08-20 06:00:00,2023-08-20 06:00:00,28.015000000003948,-93.4044982523871,,2023-08-20,7550,0 days 00:30:00,455,4,False,False,,,,Free
2023-08-20 06:15:00,4.3823815233820085,19.2,15.083782070619526,1841,33,272.51911469285835,410.8782696204088,14,5.0,10807,2023-08-20 06:15:00,2023-08-20 06:15:00,29.26980885307556,-93.88621833564396,,2023-08-20,7554,0 days 00:30:00,456,3,False,False,,,,Free
2023-08-20 06:15:00,5.119967755870881,9.600001,20.588482292709585,1841,34,332.1578947368421,467.3157894736842,19,5.0,10808,2023-08-20 06:15:00,2023-08-20 06:15:00,28.67342105263563,-93.32184315323885,,2023-08-20,7558,0 days 00:30:00,457,3,False,False,,,,Free
2023-08-20 06:15:00,3.534997937761709,9.6,9.814500713279982,1841,35,399.55555555555554,459.22222222222223,9,5.0,10809,2023-08-20 06:15:00,2023-08-20 06:15:00,27.99944444444839,-93.40277882344066,,2023-08-20,7550,0 days 00:45:00,455,4,False,False,,,,Free
2023-08-20 21:45:00,1.6697838666621423,9.6,2.189830007161083,1903,84,444.0,293.6666666666667,3,5.0,10974,2023-08-20 21:45:00,2023-08-20 21:45:00,27.55500000000388,-95.05833433168686,,2023-08-20,7706,0 days 00:00:00,459,3,False,False,,,,Free
2023-08-20 22:00:00,3.1238490615286127,9.599999,7.66425532380317,1904,58,443.2857142857143,290.0,7,5.0,10986,2023-08-20 22:00:00,2023-08-20 22:00:00,27.562142857146736,-95.09500099730576,,2023-08-20,7706,0 days 00:15:00,459,3,False,False,,,,Free
2023-08-20 22:00:00,6.986954928542132,10.97143,38.34120560843354,1904,59,449.0459330128258,117.53971291211047,35,5.0,10987,2023-08-20 22:00:00,2023-08-20 22:00:00,27.50454066987561,-96.81960381890224,,2023-08-20,7713,0 days 00:00:00,460,4,False,False,,,,Free
2023-08-20 22:15:00,,,,1905,44,444.1538461538461,287.0,13,5.0,10993,2023-08-20 22:15:00,2023-08-20 22:15:00,27.553461538465413,-95.12500099644848,,2023-08-20,7706,0 days 00:30:00,459,3,False,False,,,,Free
2023-08-20 22:15:00,6.468388928792534,10.880002,32.86110261587003,1905,48,448.3786847967133,113.74829930795904,30,5.0,10997,2023-08-20 22:15:00,2023-08-20 22:15:00,27.51121315203673,-96.85751795386034,,2023-08-20,7713,0 days 00:15:00,460,4,False,False,,,,Free
2023-08-20 22:45:00,1.670049864610807,9.6,2.190527746188333,1907,45,447.0,108.5,2,5.0,11010,2023-08-20 22:45:00,2023-08-20 22:45:00,27.52500000000387,-96.91000094544016,,2023-08-20,7713,0 days 00:45:00,460,4,False,False,,,,Free
2023-08-20 23:00:00,3.124133539727111,9.599999,7.665651302149901,1908,34,445.2857142857143,107.0,7,5.0,11018,2023-08-20 23:00:00,2023-08-20 23:00:00,27.54214285714673,-96.9250009450115,,2023-08-20,7713,0 days 01:00:00,460,4,False,False,,,,Free
2023-08-21 00:00:00,2.896318257889153,9.599999,6.588437726167957,1912,122,475.3333333333333,116.83333333333331,6,5.0,11052,2023-08-21 00:00:00,2023-08-21 00:00:00,27.241666666670493,-96.82666761448814,,2023-08-21,7762,0 days 00:00:00,461,3,False,False,,,,Free
2023-08-21 00:15:00,3.1282339916483983,9.599999,7.685786973055378,1913,126,474.2857142857143,114.71428571428572,7,5.0,11072,2023-08-21 00:15:00,2023-08-21 00:15:00,27.252142857146687,-96.84785809007307,,2023-08-21,7762,0 days 00:15:00,461,3,False,False,,,,Free
2023-08-21 00:30:00,5.0160692592376455,10.666668,19.761364558232007,1914,110,473.0901960791647,111.31960784167065,18,5.0,11083,2023-08-21 00:30:00,2023-08-21 00:30:00,27.264098039212183,-96.88180486782916,,2023-08-21,7762,0 days 00:30:00,461,3,False,False,,,,Free
2023-08-21 03:30:00,3.536816600901898,12.8,9.824601914180397,1926,30,410.5299145333979,497.6666666666667,9,5.0,11158,2023-08-21 03:30:00,2023-08-21 03:30:00,27.88970085466995,-93.0183343899821,,2023-08-21,7849,0 days 00:00:00,462,3,False,False,,,,Free
2023-08-21 03:45:00,6.874889588798303,21.741175,37.121142721025336,1927,37,412.6697118732564,495.9114546617104,34,5.0,11164,2023-08-21 03:45:00,2023-08-21 03:45:00,27.86830288127136,-93.03588650953009,,2023-08-21,7849,0 days 00:15:00,462,3,False,False,,,,Free
2023-08-21 04:00:00,7.268346996912948,14.1473675,41.49169595460689,1928,22,413.3112773297911,492.5356732062309,38,5.0,11175,2023-08-21 04:00:00,2023-08-21 04:00:00,27.861887226706013,-93.06964432312026,,2023-08-21,7849,0 days 00:30:00,462,3,False,False,,,,Free
2023-08-21 04:45:00,7.9138879890501075,24.533337,49.189190959552455,1931,29,425.406598409136,496.11626847789466,45,5.0,11200,2023-08-21 04:45:00,2023-08-21 04:45:00,27.740934015912547,-93.03383837142678,,2023-08-21,7885,0 days 00:00:00,463,3,False,False,,,,Free
2023-08-21 05:00:00,12.869988394399993,40.416805,130.0906824304167,1932,38,426.6893655503488,492.6913111011441,119,5.0,11208,2023-08-21 05:00:00,2023-08-21 05:00:00,27.72810634450041,-93.06808794421556,,2023-08-21,7885,0 days 00:15:00,463,3,False,False,,,,Free
2023-08-21 05:00:00,9.891034975551465,56.64,76.83752306635417,1932,43,471.85116740953816,403.0469736140278,70,5.0,11212,2023-08-21 05:00:00,2023-08-21 05:00:00,27.27648832590845,-93.96453129346992,,2023-08-21,7895,0 days 00:00:00,464,3,False,False,,,,Free
2023-08-21 05:15:00,15.246971709621215,112.26824,182.5816259597436,1933,55,427.7549040479382,488.40014959018913,167,5.0,11219,2023-08-21 05:15:00,2023-08-21 05:15:00,27.71745095952452,-93.11099955809892,,2023-08-21,7885,0 days 00:30:00,463,3,False,False,,,,Free
2023-08-21 05:15:00,6.9945394474217615,10.148573,38.42449151366514,1933,58,472.9467258622112,399.54273029526166,35,5.0,11222,2023-08-21 05:15:00,2023-08-21 05:15:00,27.26553274138172,-93.9995737256562,,2023-08-21,7895,0 days 00:15:00,464,3,False,False,,,,Free
2023-08-21 05:30:00,16.166036246351705,176.65027,205.25652772803,1934,99,468.9763529045327,375.1747295673139,194,5.0,11243,2023-08-21 05:30:00,2023-08-21 05:30:00,27.30523647095851,-94.24325372597224,,2023-08-21,7921,0 days 00:00:00,465,4,False,False,,,,Free
2023-08-21 05:30:00,8.276567063786556,12.342857,53.8010012684651,1934,100,474.6164535791371,398.12395777359416,49,5.0,11244,2023-08-21 05:30:00,2023-08-21 05:30:00,27.24883546421246,-94.01376145046744,,2023-08-21,7895,0 days 00:30:00,464,3,False,False,,,,Free
2023-08-21 05:45:00,4.067789329606226,9.599999,12.995912747510586,1935,147,326.25,290.9166666666667,12,5.0,11266,2023-08-21 05:45:00,2023-08-21 05:45:00,28.73250000000406,-95.08583433090104,,2023-08-21,7939,0 days 00:00:00,466,3,False,False,,,,Free
2023-08-21 05:45:00,14.18637528304956,219.06667,158.06392795739058,1935,159,469.8698542839006,371.8262349948153,159,5.0,11274,2023-08-21 05:45:00,2023-08-21 05:45:00,27.29630145716483,-94.27673867074036,,2023-08-21,7921,0 days 00:15:00,465,4,False,False,,,,Free
2023-08-21 06:00:00,4.067789319277522,12.000001,12.995912681513587,1936,190,326.50714284984434,290.4380952445828,12,5.0,11300,2023-08-21 06:00:00,2023-08-21 06:00:00,28.729928571505617,-95.09062004498514,,2023-08-21,7939,0 days 00:15:00,466,3,False,False,,,,Free
2023-08-21 06:00:00,16.036620255247055,89.16522,201.98335048138392,1936,206,470.6447851110123,368.1922461444767,184,5.0,11316,2023-08-21 06:00:00,2023-08-21 06:00:00,27.28855214889371,-94.31307855820528,,2023-08-21,7921,0 days 00:30:00,465,4,False,False,,,,Free
2023-08-21 06:15:00,3.522841673737441,9.6,9.747115937089918,1937,157,326.44444444444446,289.77777777777777,9,5.0,11333,2023-08-21 06:15:00,2023-08-21 06:15:00,28.73055555555961,-95.09722321946448,,2023-08-21,7939,0 days 00:30:00,466,3,False,False,,,,Free
2023-08-21 06:15:00,11.643867633711393,21.872166,106.4840108304935,1937,180,472.4510570717207,364.4480019284383,97,5.0,11352,2023-08-21 06:15:00,2023-08-21 06:15:00,27.270489429286624,-94.35052099929572,,2023-08-21,7921,0 days 00:45:00,465,4,False,False,,,,Free
2023-08-21 06:15:00,8.932127313775922,64.67368,62.66134183422408,1937,184,488.7234762256785,340.68544762027256,63,5.0,11356,2023-08-21 06:15:00,2023-08-21 06:15:00,27.10776523774702,-94.58814653558692,,2023-08-21,8009,0 days 00:00:00,467,5,False,False,,,,Free
2023-08-21 06:30:00,11.714531322091736,67.004074,107.7803816757927,1938,257,492.2428082550116,337.108584034487,98,5.0,11399,2023-08-21 06:30:00,2023-08-21 06:30:00,27.072571917453683,-94.62391517042266,,2023-08-21,8009,0 days 00:15:00,467,5,False,False,,,,Free
2023-08-21 06:45:00,5.987596133690497,11.815385,28.15755103462684,1939,123,325.9954853319303,282.667042880036,26,5.0,11413,2023-08-21 06:45:00,2023-08-21 06:45:00,28.73504514668476,-95.1683305664099,,2023-08-21,8059,0 days 00:00:00,468,4,False,False,,,,Free
2023-08-21 06:45:00,3.3225855887700844,9.6,8.670461925527857,1939,127,334.125,279.875,8,5.0,11416,2023-08-21 06:45:00,2023-08-21 06:45:00,28.65375000000405,-95.19625099441242,,2023-08-21,8061,0 days 00:00:00,469,6,False,False,,,,Free
2023-08-21 06:45:00,14.875065578513896,103.10887,173.7831477823863,1939,142,494.6527623578376,333.2201119970936,158,5.0,11430,2023-08-21 06:45:00,2023-08-21 06:45:00,27.048472376425423,-94.66279988968546,,2023-08-21,8009,0 days 00:30:00,467,5,False,False,,,,Free
2023-08-21 07:15:00,3.1070642218555085,9.599999,7.582114550756121,1940,143,328.3,279.0,10,5.0,11440,2023-08-21 07:15:00,2023-08-21 07:15:00,28.712000000004057,-95.2050009941624,,2023-08-21,8059,0 days 00:30:00,468,4,False,False,,,,Free
2023-08-21 07:15:00,,,,1940,158,474.4977051568523,302.07395026801123,585,5.0,11454,2023-08-21 07:15:00,2023-08-21 07:15:00,27.250022948435305,-94.97426149807592,,2023-08-21,8095,0 days 00:00:00,470,4,False,False,,,,Free
2023-08-21 07:15:00,2.3641602304973235,9.6,4.389789508640919,1940,165,469.0,406.5,4,5.0,11461,2023-08-21 07:15:00,2023-08-21 07:15:00,27.30500000000384,-93.93000103059694,,2023-08-21,8102,0 days 00:00:00,471,3,False,False,,,,Free
2023-08-21 07:15:00,2.0484353085837066,9.6,3.295599190901051,1940,170,480.4,399.0,5,5.0,11465,2023-08-21 07:15:00,2023-08-21 07:15:00,27.19100000000381,-94.0050010284537,,2023-08-21,8106,0 days 00:00:00,473,3,False,False,,,,Free
2023-08-21 07:15:00,13.750813584483708,251.51999,148.5069129505806,1940,173,497.0810151395307,328.14275758474366,135,5.0,11467,2023-08-21 07:15:00,2023-08-21 07:15:00,27.024189848608486,-94.71357343235805,,2023-08-21,8009,0 days 01:00:00,467,5,False,False,,,,Free
2023-08-21 07:30:00,6.644229675600709,10.8,34.67202080290048,1941,159,330.9687500064229,276.0495689659602,32,5.0,11477,2023-08-21 07:30:00,2023-08-21 07:30:00,28.685312499939823,-95.23450530365966,,2023-08-21,8059,0 days 00:45:00,468,4,False,False,,,,Free
2023-08-21 07:30:00,4.070135641721819,9.599999,13.01090922797254,1941,164,338.3333333333333,274.5833333333333,12,5.0,11480,2023-08-21 07:30:00,2023-08-21 07:30:00,28.611666666670708,-95.24916765956692,,2023-08-21,8061,0 days 00:45:00,469,6,False,False,,,,Free
2023-08-21 07:30:00,34.53143139800202,199.83305,936.5242851006066,1941,177,476.4172207045074,297.2786790311094,853,5.0,11492,2023-08-21 07:30:00,2023-08-21 07:30:00,27.23082779295876,-95.0222142090746,,2023-08-21,8095,0 days 00:15:00,470,4,False,False,,,,Free
2023-08-21 07:30:00,11.339451144333362,25.773914,100.98897162471404,1941,184,471.4337758690569,403.9553359593691,99,5.0,11499,2023-08-21 07:30:00,2023-08-21 07:30:00,27.280662241313262,-93.95544767027604,,2023-08-21,8102,0 days 00:15:00,471,3,False,False,,,,Free
2023-08-21 07:30:00,7.756486998271207,23.88837,47.25198082570108,1941,191,483.31571632165634,395.0955029480219,54,5.0,11505,2023-08-21 07:30:00,2023-08-21 07:30:00,27.16184283678725,-94.04404599785772,,2023-08-21,8106,0 days 00:15:00,473,3,False,False,,,,Free
2023-08-21 07:30:00,9.468565022476222,46.35,70.41386984529163,1941,197,497.84272973170806,323.0541868334629,64,5.0,11510,2023-08-21 07:30:00,2023-08-21 07:30:00,27.016572702686712,-94.76445913841673,,2023-08-21,8009,0 days 01:15:00,467,5,False,False,,,,Free
2023-08-21 07:45:00,23.979462881434863,172.70792,451.6154422471358,1942,176,324.91552059253706,354.6314421245323,417,5.0,11514,2023-08-21 07:45:00,2023-08-21 07:45:00,28.745844794078693,-94.4486865945296,,2023-08-21,8141,0 days 00:00:00,476,3,False,False,,,,Free
2023-08-21 07:45:00,3.107742736985024,9.599999,7.585426449578327,1942,184,332.42857142857144,272.2857142857143,7,5.0,11518,2023-08-21 07:45:00,2023-08-21 07:45:00,28.670714285718336,-95.27214384938657,,2023-08-21,8059,0 days 01:00:00,468,4,False,False,,,,Free
2023-08-21 07:45:00,7.6146125695117,9.6,45.53921123760419,1942,188,338.72727272727275,272.09090909090907,44,5.0,11521,2023-08-21 07:45:00,2023-08-21 07:45:00,28.60772727273132,-95.27409190127896,,2023-08-21,8061,0 days 01:00:00,469,6,False,False,,,,Free
2023-08-21 07:45:00,35.924348223908694,227.33174,1013.60250759498,1942,202,477.6489916208827,292.2855034722104,923,5.0,11534,2023-08-21 07:45:00,2023-08-21 07:45:00,27.218510083795,-95.07214596323678,,2023-08-21,8095,0 days 00:30:00,470,4,False,False,,,,Free
2023-08-21 07:45:00,6.582929116865985,20.129026,34.035194662993106,1942,213,473.717697227616,399.3134328151832,31,5.0,11542,2023-08-21 07:45:00,2023-08-21 07:45:00,27.257823027727667,-94.00186670039142,,2023-08-21,8102,0 days 00:30:00,471,3,False,False,,,,Free
2023-08-21 07:45:00,,,,1942,218,484.8482017616604,392.6380196386073,43,5.0,11547,2023-08-21 07:45:00,2023-08-21 07:45:00,27.14651798238721,-94.06862083024964,,2023-08-21,8106,0 days 00:30:00,473,3,False,False,,,,Free
2023-08-21 08:00:00,28.041060569179933,141.55789,617.5594224164396,1943,147,327.4722064585701,349.3146123459889,570,5.0,11562,2023-08-21 08:00:00,2023-08-21 08:00:00,28.720277935418355,-94.5018548907957,,2023-08-21,8141,0 days 00:15:00,476,3,False,False,,,,Free
2023-08-21 08:00:00,7.431234715007107,10.559999,43.37223864737357,1943,151,339.31063122620964,270.536544852472,44,5.0,11565,2023-08-21 08:00:00,2023-08-21 08:00:00,28.601893687741946,-95.28963554321916,,2023-08-21,8061,0 days 01:15:00,469,6,False,False,,,,Free
2023-08-21 08:00:00,34.78094324371749,233.98471,950.1071639856436,1943,179,480.8198192895306,285.64533615853804,868,5.0,11592,2023-08-21 08:00:00,2023-08-21 08:00:00,27.186801807108512,-95.13854763447596,,2023-08-21,8095,0 days 00:45:00,470,4,False,False,,,,Free
2023-08-21 08:15:00,,,,1944,159,328.9954561494029,343.2437541801736,657,5.0,11610,2023-08-21 08:15:00,2023-08-21 08:15:00,28.705045438510027,-94.562563470719,,2023-08-21,8141,0 days 00:30:00,476,3,False,False,,,,Free
2023-08-21 08:15:00,1.6615995594869757,9.6,2.168416074966937,1944,162,338.0,268.5,2,5.0,11613,2023-08-21 08:15:00,2023-08-21 08:15:00,28.61500000000404,-95.31000099116191,,2023-08-21,8061,0 days 01:30:00,469,6,False,False,,,,Free
2023-08-21 08:15:00,6.244693805780655,23.314285,30.62754443121432,1944,182,433.04953201817233,498.15834630327936,28,5.0,11630,2023-08-21 08:15:00,2023-08-21 08:15:00,27.66450467982217,-93.01341759375651,,2023-08-21,8223,0 days 00:00:00,478,3,False,False,,,,Free
2023-08-21 08:30:00,,,,1945,180,337.6,267.8,5,5.0,11654,2023-08-21 08:30:00,2023-08-21 08:30:00,28.619000000004043,-95.31700099096184,,2023-08-21,8061,0 days 01:45:00,469,6,False,False,,,,Free
2023-08-21 08:30:00,11.684030532843916,35.167347,107.2198629526738,1945,203,433.985928850497,495.44615068403016,98,5.0,11675,2023-08-21 08:30:00,2023-08-21 08:30:00,27.65514071149892,-93.04053954917396,,2023-08-21,8223,0 days 00:15:00,478,3,False,False,,,,Free
2023-08-21 09:00:00,4.832674229246017,11.294118,18.34277006443154,1947,175,287.8710280358838,498.22616821530295,17,5.0,11743,2023-08-21 09:00:00,2023-08-21 09:00:00,29.11628971964528,-93.01273937465568,,2023-08-21,8314,0 days 00:00:00,480,3,False,False,,,,Free
2023-08-21 09:00:00,8.59424148069085,11.954716,58.01028324469024,1947,206,440.3906903636429,485.0376568902004,56,5.0,11772,2023-08-21 09:00:00,2023-08-21 09:00:00,27.59109309636745,-93.14462448413792,,2023-08-21,8223,0 days 00:45:00,478,3,False,False,,,,Free
2023-08-21 09:15:00,11.545833056550231,33.055676,104.6984925350054,1948,229,291.97574777762406,493.93260821576473,97,5.0,11792,2023-08-21 09:15:00,2023-08-21 09:15:00,29.07524252222787,-93.05567497342412,,2023-08-21,8314,0 days 00:15:00,480,3,False,False,,,,Free
2023-08-21 09:15:00,1.6645846448782544,9.6,2.1762142492525296,1948,248,376.0,407.5,2,5.0,11809,2023-08-21 09:15:00,2023-08-21 09:15:00,28.235000000003986,-93.92000103088264,,2023-08-21,8367,0 days 00:00:00,482,5,False,False,,,,Free
2023-08-21 09:30:00,17.510384452085937,53.639465,240.8137297711951,1949,170,295.2328656245352,487.9727656735243,223,5.0,11852,2023-08-21 09:30:00,2023-08-21 09:30:00,29.042671343758755,-93.11527339714344,,2023-08-21,8314,0 days 00:30:00,480,3,False,False,,,,Free
2023-08-21 09:30:00,4.228452317093338,21.415386,14.042769148872978,1949,171,299.73570758899035,358.44236176404354,13,5.0,11853,2023-08-21 09:30:00,2023-08-21 09:30:00,28.9976429241142,-94.41057739922348,,2023-08-21,8408,0 days 00:00:00,483,3,False,False,,,,Free
2023-08-21 09:30:00,9.010582203522524,22.942375,63.76694156426366,1949,172,305.5019837442842,430.09257510742987,59,5.0,11854,2023-08-21 09:30:00,2023-08-21 09:30:00,28.93998016256125,-93.69407528626448,,2023-08-21,8409,0 days 00:00:00,484,3,False,False,,,,Free
2023-08-21 09:30:00,7.063052159862299,14.666665,39.18092712342835,1949,186,378.06175202880615,402.4743896690189,47,5.0,11867,2023-08-21 09:30:00,2023-08-21 09:30:00,28.21438247971592,-93.9702571327564,,2023-08-21,8367,0 days 00:15:00,482,5,False,False,,,,Free
2023-08-21 09:30:00,1.6681421336279596,9.6,2.18552603827872,1949,197,421.6666666666667,449.0,3,5.0,11876,2023-08-21 09:30:00,2023-08-21 09:30:00,27.778333333337244,-93.50500104274175,,2023-08-21,8424,0 days 00:00:00,485,3,False,False,,,,Free
2023-08-21 09:30:00,17.631575739148786,109.27567,244.1586615266512,1949,218,493.1563924953192,241.7024578364801,224,5.0,11894,2023-08-21 09:30:00,2023-08-21 09:30:00,27.063436075050607,-95.5779764051394,,2023-08-21,8441,0 days 00:00:00,486,4,False,False,,,,Free
2023-08-21 09:45:00,9.160644089679913,54.452465,65.90857194530707,1950,159,302.2703561370278,354.9012312976246,62,5.0,11901,2023-08-21 09:45:00,2023-08-21 09:45:00,28.97229643863382,-94.44598870287577,,2023-08-21,8408,0 days 00:15:00,483,3,False,False,,,,Free
2023-08-21 09:45:00,6.941178068680898,20.845713,37.84044658396016,1950,162,308.3043635085776,424.6206274653924,35,5.0,11903,2023-08-21 09:45:00,2023-08-21 09:45:00,28.91195636491831,-93.74879476112112,,2023-08-21,8409,0 days 00:15:00,484,3,False,False,,,,Free
2023-08-21 09:45:00,7.2380139710723075,12.378949,41.14610362367824,1950,165,324.33380884402266,412.0641940110821,38,5.0,11906,2023-08-21 09:45:00,2023-08-21 09:45:00,28.75166191156384,-93.87435909207612,,2023-08-21,8450,0 days 00:00:00,487,3,False,False,,,,Free
2023-08-21 09:45:00,9.779396681367716,52.452175,75.11280956282157,1950,179,381.618609923905,396.0230672097148,81,5.0,11920,2023-08-21 09:45:00,2023-08-21 09:45:00,28.17881390076492,-94.03477035550588,,2023-08-21,8367,0 days 00:30:00,482,5,False,False,,,,Free
2023-08-21 09:45:00,5.658379292139593,14.608697,25.14629422727664,1950,187,426.6416289774744,441.20904975594783,23,5.0,11928,2023-08-21 09:45:00,2023-08-21 09:45:00,27.72858371022916,-93.58291054295591,,2023-08-21,8424,0 days 00:15:00,485,3,False,False,,,,Free
2023-08-21 09:45:00,17.946125308581028,59.269566,252.9480135321139,1950,203,494.3219355690884,234.64992787773457,230,5.0,11943,2023-08-21 09:45:00,2023-08-21 09:45:00,27.05178064431292,-95.64850170271154,,2023-08-21,8441,0 days 00:15:00,486,4,False,False,,,,Free
2023-08-21 10:00:00,5.625603798805166,39.65217,24.855824052899536,1951,169,304.1199498266318,352.338770350668,23,5.0,11951,2023-08-21 10:00:00,2023-08-21 10:00:00,28.953800501737778,-94.47161331161304,,2023-08-21,8408,0 days 00:30:00,483,3,False,False,,,,Free
2023-08-21 10:00:00,5.748167929760293,26.799997,25.950682010585403,1951,172,309.94724770750065,421.4403669639485,24,5.0,11953,2023-08-21 10:00:00,2023-08-21 10:00:00,28.89552752292908,-93.7805973652268,,2023-08-21,8409,0 days 00:30:00,484,3,False,False,,,,Free
2023-08-21 10:00:00,8.943446470031729,27.310345,62.82025648124222,1951,178,326.9485316844471,407.8888717091582,58,5.0,11959,2023-08-21 10:00:00,2023-08-21 10:00:00,28.725514683159588,-93.9161123139022,,2023-08-21,8450,0 days 00:15:00,487,3,False,False,,,,Free
2023-08-21 10:00:00,9.638509501959884,12.179104,72.96416907840745,1951,188,385.2162382632358,387.4014687867495,69,5.0,11969,2023-08-21 10:00:00,2023-08-21 10:00:00,28.142837617371608,-94.1209863372718,,2023-08-21,8367,0 days 00:45:00,482,5,False,False,,,,Free
2023-08-21 10:00:00,13.54459221185104,20.66565,144.0859883310451,1951,214,494.9792836197843,225.57589543035547,134,5.0,11990,2023-08-21 10:00:00,2023-08-21 10:00:00,27.04520716380595,-95.73924202459231,,2023-08-21,8441,0 days 00:30:00,486,4,False,False,,,,Free
2023-08-21 10:15:00,8.710155072369384,12.916361,59.58564647039972,1952,171,329.9021589353999,402.1869545203393,55,5.0,12005,2023-08-21 10:15:00,2023-08-21 10:15:00,28.695978410650056,-93.973131484161,,2023-08-21,8450,0 days 00:30:00,487,3,False,False,,,,Free
2023-08-21 10:15:00,6.119939078234413,12.8,29.416031316472463,1952,183,389.7704460868933,380.38475837098434,28,5.0,12017,2023-08-21 10:15:00,2023-08-21 10:15:00,28.09729553913503,-94.19115343942434,,2023-08-21,8367,0 days 01:00:00,482,5,False,False,,,,Free
2023-08-21 10:15:00,15.659658441799705,43.09091,192.59918805367937,1952,191,437.1990877444946,493.3801090866935,177,5.0,12025,2023-08-21 10:15:00,2023-08-21 10:15:00,27.62300912255894,-93.06119996455692,,2023-08-21,8534,0 days 00:00:00,488,3,False,False,,,,Free
2023-08-21 10:15:00,3.3384253653490354,9.6,8.75332844168302,1952,193,436.0,423.5,8,5.0,12027,2023-08-21 10:15:00,2023-08-21 10:15:00,27.63500000000389,-93.76000103545482,,2023-08-21,8424,0 days 00:45:00,485,3,False,False,,,,Free
2023-08-21 10:15:00,1.6738484286116302,9.6,2.2005038828325105,1952,210,497.0,217.3333333333333,3,5.0,12042,2023-08-21 10:15:00,2023-08-21 10:15:00,27.0250000000038,-95.82166764320716,,2023-08-21,8441,0 days 00:45:00,486,4,False,False,,,,Free
2023-08-21 10:30:00,22.39903724665031,33.280003,394.0475079111577,1953,111,441.3923234676792,484.19524134279806,367,5.0,12060,2023-08-21 10:30:00,2023-08-21 10:30:00,27.58107676532709,-93.1530486393712,,2023-08-21,8534,0 days 00:15:00,488,3,False,False,,,,Free
2023-08-21 10:45:00,25.897800164107128,29.059462,526.7634484911744,1954,151,446.4622225200736,475.5869984265234,488,5.0,12090,2023-08-21 10:45:00,2023-08-21 10:45:00,27.53037777480313,-93.23913106607404,,2023-08-21,8534,0 days 00:30:00,488,3,False,False,,,,Free
2023-08-21 11:00:00,14.197799826563534,90.47671,158.31861392358513,1955,137,339.5489759333892,460.35281583204,146,5.0,12109,2023-08-21 11:00:00,2023-08-21 11:00:00,28.59951024067015,-93.39147288766554,,2023-08-21,8609,0 days 00:00:00,490,7,False,False,,,,Free
2023-08-21 11:30:00,19.02177899354541,117.10533,284.17910641830304,1957,165,342.06692859418865,439.9206172222592,262,5.0,12183,2023-08-21 11:30:00,2023-08-21 11:30:00,28.57433071406215,-93.5957948679246,,2023-08-21,8609,0 days 00:30:00,490,7,False,False,,,,Free
2023-08-21 11:45:00,20.04727707923365,121.83093,315.6462740679027,1958,168,342.2425862862273,429.8802451824175,291,5.0,12226,2023-08-21 11:45:00,2023-08-21 11:45:00,28.57257413714176,-93.69619858545389,,2023-08-21,8609,0 days 00:45:00,490,7,False,False,,,,Free
2023-08-21 11:45:00,4.08509439862832,19.200003,13.106721602159809,1958,178,416.67771428365904,357.77600000784736,13,5.0,12236,2023-08-21 11:45:00,2023-08-21 11:45:00,27.82822285716733,-94.41724101659504,,2023-08-21,8722,0 days 00:00:00,491,3,False,False,,,,Free
2023-08-21 11:45:00,7.937499906573713,12.586666,49.48315109075778,1958,208,491.4104729703425,478.6565315060734,48,5.0,12264,2023-08-21 11:45:00,2023-08-21 11:45:00,27.080895270300378,-93.2084357361557,,2023-08-21,8746,0 days 00:00:00,492,3,False,False,,,,Free
2023-08-21 12:00:00,21.08861542321159,186.5739,349.28988995595694,1959,170,342.39943907244697,420.5934092533282,324,5.0,12277,2023-08-21 12:00:00,2023-08-21 12:00:00,28.571005609279563,-93.78906694209098,,2023-08-21,8609,0 days 01:00:00,490,7,False,False,,,,Free
2023-08-21 12:00:00,6.241288317344735,16.800001,30.594148619792005,1959,187,420.799031477976,351.3704600494046,28,5.0,12293,2023-08-21 12:00:00,2023-08-21 12:00:00,27.787009685224152,-94.481296414349,,2023-08-21,8722,0 days 00:15:00,491,3,False,False,,,,Free
2023-08-21 12:00:00,5.9171835512003454,9.6,27.49919394459173,1959,207,494.6,468.24,25,5.0,12307,2023-08-21 12:00:00,2023-08-21 12:00:00,27.0490000000038,-93.3126010482398,,2023-08-21,8746,0 days 00:15:00,492,3,False,False,,,,Free
2023-08-21 12:15:00,21.989098970659064,147.3737,379.7560918845112,1960,158,343.0868418903972,410.15255417239314,351,5.0,12318,2023-08-21 12:15:00,2023-08-21 12:15:00,28.56413158110006,-93.89347548991674,,2023-08-21,8609,0 days 01:15:00,490,7,False,False,,,,Free
2023-08-21 12:15:00,3.539277825064743,9.6,9.838280294381338,1960,174,425.5416666666667,347.2916666666667,24,5.0,12331,2023-08-21 12:15:00,2023-08-21 12:15:00,27.73958333333724,-94.52208434701085,,2023-08-21,8722,0 days 00:30:00,491,3,False,False,,,,Free
2023-08-21 12:15:00,7.101633956924058,20.266665,39.61014646982795,1960,193,498.1335516680596,458.7601892114757,36,5.0,12345,2023-08-21 12:15:00,2023-08-21 12:15:00,27.0136644833232,-93.40739915341608,,2023-08-21,8746,0 days 00:30:00,492,3,False,False,,,,Free
2023-08-21 12:30:00,24.87597166652885,87.40714,486.0153526590797,1961,125,344.5360145300229,398.9039178628442,448,5.0,12352,2023-08-21 12:30:00,2023-08-21 12:30:00,28.5496398547038,-94.0059618497978,,2023-08-21,8609,0 days 01:30:00,490,7,False,False,,,,Free
2023-08-21 12:45:00,10.68565109247712,21.39759,89.6792278737367,1962,106,302.7967670668974,429.8263042050031,83,5.0,12380,2023-08-21 12:45:00,2023-08-21 12:45:00,28.96703232933512,-93.69673799521264,,2023-08-21,8837,0 days 00:00:00,494,5,False,False,,,,Free
2023-08-21 12:45:00,,,,1962,109,347.37126439594294,388.5474512212771,436,5.0,12383,2023-08-21 12:45:00,2023-08-21 12:45:00,28.5212873560446,-94.10952651325402,,2023-08-21,8609,0 days 01:45:00,490,7,False,False,,,,Free
2023-08-21 13:00:00,9.743899672986908,34.643482,74.56851401594105,1963,136,304.33765853473426,420.4084878099857,70,5.0,12409,2023-08-21 13:00:00,2023-08-21 13:00:00,28.95162341465675,-93.79091615647155,,2023-08-21,8837,0 days 00:15:00,494,5,False,False,,,,Free
2023-08-21 13:15:00,12.07806199475891,99.98491,114.57355542596102,1964,158,306.1245282196595,412.46867427277977,106,5.0,12440,2023-08-21 13:15:00,2023-08-21 13:15:00,28.933754717807496,-93.87031428957472,,2023-08-21,8837,0 days 00:30:00,494,5,False,False,,,,Free
2023-08-21 13:15:00,3.3272146670571936,9.6,8.69463840206375,1964,170,363.5,298.5,8,5.0,12446,2023-08-21 13:15:00,2023-08-21 13:15:00,28.360000000004,-95.01000099973476,,2023-08-21,8893,0 days 00:00:00,495,3,False,False,,,,Free
2023-08-21 13:30:00,16.043761574144973,91.07166,202.1632822451733,1965,125,308.417349527551,403.4476270908668,190,5.0,12476,2023-08-21 13:30:00,2023-08-21 13:30:00,28.91082650472858,-93.960524758816,,2023-08-21,8837,0 days 00:45:00,494,5,False,False,,,,Free
2023-08-21 13:30:00,13.968859169981243,32.953194,153.25397904709004,1965,132,365.48023543144967,291.1272136684919,141,5.0,12482,2023-08-21 13:30:00,2023-08-21 13:30:00,28.340197645689504,-95.08372886094298,,2023-08-21,8893,0 days 00:15:00,495,3,False,False,,,,Free
2023-08-21 13:30:00,14.79438719278184,9.599998,171.90315311442333,1965,153,443.53125,384.475,160,5.0,12502,2023-08-21 13:30:00,2023-08-21 13:30:00,27.559687500003875,-94.15025102430305,,2023-08-21,8935,0 days 00:00:00,496,3,False,False,,,,Free
2023-08-21 13:30:00,14.985018164017347,10.077018,176.36176185733927,1965,155,448.4905798884243,337.57964280711155,161,5.0,12504,2023-08-21 13:30:00,2023-08-21 13:30:00,27.510094201119625,-94.61920458283106,,2023-08-21,8936,0 days 00:00:00,497,3,False,False,,,,Free
2023-08-21 13:45:00,17.443156414953513,76.23529,238.9681556582675,1966,148,310.9934612073554,394.69453155027423,223,5.0,12509,2023-08-21 13:45:00,2023-08-21 13:45:00,28.88506538793053,-94.04805571172062,,2023-08-21,8837,0 days 01:00:00,494,5,False,False,,,,Free
2023-08-21 13:45:00,27.17896295858469,59.51642,580.1705033107258,1966,151,321.9684955274814,364.2176323171663,543,5.0,12511,2023-08-21 13:45:00,2023-08-21 13:45:00,28.77531504472925,-94.35282469534258,,2023-08-21,8942,0 days 00:00:00,498,4,False,False,,,,Free
2023-08-21 13:45:00,17.842652800605826,84.18781,250.0395626882502,1966,165,366.05004831711386,284.34316004840525,232,5.0,12521,2023-08-21 13:45:00,2023-08-21 13:45:00,28.33449951683286,-95.15156939520524,,2023-08-21,8893,0 days 00:30:00,495,3,False,False,,,,Free
2023-08-21 13:45:00,11.309661309040273,67.51305,100.45905301488878,1966,176,414.4268674355273,270.3367297160968,92,5.0,12532,2023-08-21 13:45:00,2023-08-21 13:45:00,27.85073132564865,-95.2916336945258,,2023-08-21,8958,0 days 00:00:00,499,3,False,False,,,,Free
2023-08-21 13:45:00,15.307864181395518,9.599998,184.0429059598469,1966,184,449.1292134831461,374.1516853932585,178,5.0,12539,2023-08-21 13:45:00,2023-08-21 13:45:00,27.503707865172405,-94.25348416742042,,2023-08-21,8935,0 days 00:15:00,496,3,False,False,,,,Free
2023-08-21 13:45:00,,,,1966,185,450.4918032786885,327.42622950819674,61,5.0,12540,2023-08-21 13:45:00,2023-08-21 13:45:00,27.49008196721698,-94.72073871291876,,2023-08-21,8936,0 days 00:15:00,497,3,False,False,,,,Free
2023-08-21 14:00:00,22.94551059369056,90.67224,413.50934989588166,1967,160,321.7197064444801,354.10880684753386,383,5.0,12552,2023-08-21 14:00:00,2023-08-21 14:00:00,28.777802935559265,-94.45391294715024,,2023-08-21,8942,0 days 00:15:00,498,4,False,False,,,,Free
2023-08-21 14:00:00,13.5999032239361,108.848114,145.26517689874223,1967,183,417.41990181347296,325.8213121846045,133,5.0,12571,2023-08-21 14:00:00,2023-08-21 14:00:00,27.820800981869187,-94.73678788569606,,2023-08-21,8991,0 days 00:00:00,500,3,False,False,,,,Free
2023-08-21 14:00:00,13.184942819955408,49.459206,136.53575078180074,1967,184,417.1180408160505,264.99730082918217,125,5.0,12572,2023-08-21 14:00:00,2023-08-21 14:00:00,27.823819591843414,-95.34502798186912,,2023-08-21,8958,0 days 00:15:00,499,3,False,False,,,,Free
2023-08-21 14:00:00,4.0920704481706,9.599999,13.15152409617795,1967,196,454.0,317.0,12,5.0,12581,2023-08-21 14:00:00,2023-08-21 14:00:00,27.45500000000386,-94.8250010050213,,2023-08-21,8936,0 days 00:30:00,497,3,False,False,,,,Free
2023-08-21 14:15:00,23.06534172619208,88.88704,417.8396682272986,1968,143,322.0103628214171,344.7871298871352,387,5.0,12592,2023-08-21 14:15:00,2023-08-21 14:15:00,28.774896371789897,-94.54712971409045,,2023-08-21,8942,0 days 00:30:00,498,4,False,False,,,,Free
2023-08-21 14:15:00,27.35629444696472,148.4622,587.7659462930797,1968,156,380.9212749343199,264.10548392483645,540,5.0,12601,2023-08-21 14:15:00,2023-08-21 14:15:00,28.185787250660777,-95.35394615065776,,2023-08-21,9014,0 days 00:00:00,501,3,False,False,,,,Free
2023-08-21 14:15:00,16.513220761389263,36.734695,214.1674448001039,1968,165,420.75279744885023,315.17282955049615,196,5.0,12609,2023-08-21 14:15:00,2023-08-21 14:15:00,27.78747202551541,-94.84327270899422,,2023-08-21,8991,0 days 00:15:00,500,3,False,False,,,,Free
2023-08-21 14:15:00,7.174469072501103,17.9027,40.426804747869625,1968,168,420.8593360931321,257.83817425908114,38,5.0,12611,2023-08-21 14:15:00,2023-08-21 14:15:00,27.78640663907259,-95.41661924552436,,2023-08-21,8958,0 days 00:30:00,499,3,False,False,,,,Free
2023-08-21 14:15:00,1.6708835444798456,9.6,2.192715291288133,1968,176,458.0,353.5,2,5.0,12616,2023-08-21 14:15:00,2023-08-21 14:15:00,27.41500000000385,-94.46000101545155,,2023-08-21,8935,0 days 00:45:00,496,3,False,False,,,,Free
2023-08-21 14:30:00,23.6855212949163,71.021126,440.61144765074334,1969,162,322.94036137979066,337.9288117562571,408,5.0,12627,2023-08-21 14:30:00,2023-08-21 14:30:00,28.76559638620616,-94.61571289343937,,2023-08-21,8942,0 days 00:45:00,498,4,False,False,,,,Free
2023-08-21 14:30:00,28.743515378526286,170.4161,648.8878543961865,1969,183,385.4375319203006,254.9333001817524,596,5.0,12644,2023-08-21 14:30:00,2023-08-21 14:30:00,28.14062468080096,-95.44566798546754,,2023-08-21,9014,0 days 00:15:00,501,3,False,False,,,,Free
2023-08-21 14:30:00,11.971331784862,16.683493,112.55759789730428,1969,195,422.4178161853167,303.87136447844546,103,5.0,12655,2023-08-21 14:30:00,2023-08-21 14:30:00,27.77082183815074,-94.95628735648518,,2023-08-21,8991,0 days 00:30:00,500,3,False,False,,,,Free
2023-08-21 14:45:00,2.6140401570280547,13.44,5.366787397399428,1970,138,234.3270142244357,491.3364928877821,5,5.0,12662,2023-08-21 14:45:00,2023-08-21 14:45:00,29.651729857759847,-93.08163612596206,,2023-08-21,9064,0 days 00:00:00,502,3,False,False,,,,Free
2023-08-21 14:45:00,10.179852014939271,60.671993,81.3903302599813,1970,152,347.9149782044876,268.2091775598548,75,5.0,12674,2023-08-21 14:45:00,2023-08-21 14:45:00,28.515850217959148,-95.31290921548026,,2023-08-21,9075,0 days 00:00:00,503,3,False,False,,,,Free
2023-08-21 14:45:00,26.95531159913717,177.28856,570.6615274486398,1970,159,388.80496501287314,245.8659957043613,524,5.0,12681,2023-08-21 14:45:00,2023-08-21 14:45:00,28.10695034987523,-95.5363410276504,,2023-08-21,9014,0 days 00:30:00,501,3,False,False,,,,Free
2023-08-21 15:00:00,8.348903173382919,56.84706,54.74553825063768,1971,216,235.3905907204321,482.3717570798112,51,5.0,12702,2023-08-21 15:00:00,2023-08-21 15:00:00,29.64109409279988,-93.17128348147996,,2023-08-21,9064,0 days 00:15:00,502,3,False,False,,,,Free
2023-08-21 15:00:00,3.5254743023237687,9.6,9.761689469777286,1971,236,342.3,386.1,10,5.0,12720,2023-08-21 15:00:00,2023-08-21 15:00:00,28.572000000004035,-94.13400102476736,,2023-08-21,9115,0 days 00:00:00,504,3,False,False,,,,Free
2023-08-21 15:00:00,9.550418714556264,37.81818,71.63655731594366,1971,240,349.64203445280214,259.99944711845586,67,5.0,12724,2023-08-21 15:00:00,2023-08-21 15:00:00,28.498579655476004,-95.3950065175482,,2023-08-21,9075,0 days 00:15:00,503,3,False,False,,,,Free
2023-08-21 15:15:00,5.228638409660952,12.4800005,21.47173305449629,1972,250,236.6939040238807,472.1945525161879,21,5.0,12763,2023-08-21 15:15:00,2023-08-21 15:15:00,29.628060959765392,-93.27305552420796,,2023-08-21,9064,0 days 00:30:00,502,3,False,False,,,,Free
2023-08-21 15:15:00,18.276331551400105,93.26282,262.34206780483004,1972,266,337.54209463214164,348.16648744153275,268,5.0,12776,2023-08-21 15:15:00,2023-08-21 15:15:00,28.619579053682624,-94.51333613951216,,2023-08-21,9166,0 days 00:00:00,505,3,False,False,,,,Free
2023-08-21 15:15:00,2.350136184302963,9.6,4.337864078765256,1972,270,340.5,368.5,4,5.0,12779,2023-08-21 15:15:00,2023-08-21 15:15:00,28.59000000000404,-94.31000101973802,,2023-08-21,9169,0 days 00:00:00,506,3,False,False,,,,Free
2023-08-21 15:15:00,7.883940855450488,21.333332,48.81761933114487,1972,272,344.01197279017555,378.5657142819478,45,5.0,12781,2023-08-21 15:15:00,2023-08-21 15:15:00,28.55488027210228,-94.20934387979491,,2023-08-21,9115,0 days 00:15:00,504,3,False,False,,,,Free
2023-08-21 15:15:00,6.220943358453096,18.17143,30.39501594896773,1972,276,350.8844902387379,253.0601952058474,28,5.0,12784,2023-08-21 15:15:00,2023-08-21 15:15:00,28.48615509761664,-95.46439903469133,,2023-08-21,9075,0 days 00:30:00,503,3,False,False,,,,Free
2023-08-21 15:15:00,15.88740666279205,66.35604,198.2421073180154,1972,287,388.9513864233636,344.37447293342075,188,5.0,12793,2023-08-21 15:15:00,2023-08-21 15:15:00,28.105486135770327,-94.55125628350964,,2023-08-21,9178,0 days 00:00:00,507,3,False,False,,,,Free
2023-08-21 15:15:00,2.043611297515145,9.6,3.280095369799582,1972,300,428.0,427.0,3,5.0,12805,2023-08-21 15:15:00,2023-08-21 15:15:00,27.7150000000039,-93.725001036455,,2023-08-21,9190,0 days 00:00:00,508,3,False,False,,,,Free
2023-08-21 15:30:00,19.05544446170115,52.48974,285.18589854865445,1973,229,340.2571551866933,338.33551024917307,264,5.0,12843,2023-08-21 15:30:00,2023-08-21 15:30:00,28.592428448137102,-94.61164590862644,,2023-08-21,9166,0 days 00:15:00,505,3,False,False,,,,Free
2023-08-21 15:30:00,3.897857775267749,9.599999,11.932786174478654,1973,231,343.72727272727275,362.3636363636364,11,5.0,12844,2023-08-21 15:30:00,2023-08-21 15:30:00,28.557727272731302,-94.3713646543481,,2023-08-21,9169,0 days 00:15:00,506,3,False,False,,,,Free
2023-08-21 15:30:00,3.5259581026346405,9.6,9.764368843979664,1973,233,345.0,373.0,11,5.0,12846,2023-08-21 15:30:00,2023-08-21 15:30:00,28.54500000000403,-94.26500102102392,,2023-08-21,9115,0 days 00:30:00,504,3,False,False,,,,Free
2023-08-21 15:30:00,18.80945367613319,34.710594,277.8703732989937,1973,244,392.3977983416036,333.0866133167389,255,5.0,12857,2023-08-21 15:30:00,2023-08-21 15:30:00,28.07102201658792,-94.66413487645082,,2023-08-21,9178,0 days 00:15:00,507,3,False,False,,,,Free
2023-08-21 15:30:00,,,,1973,265,429.0,418.1666666666667,6,5.0,12874,2023-08-21 15:30:00,2023-08-21 15:30:00,27.7050000000039,-93.81333436726412,,2023-08-21,9190,0 days 00:15:00,508,3,False,False,,,,Free
2023-08-21 15:45:00,14.956938061659017,22.63704,175.7014201336611,1974,182,342.6986559874087,327.2465350119463,162,5.0,12895,2023-08-21 15:45:00,2023-08-21 15:45:00,28.568013440129945,-94.7225356578299,,2023-08-21,9166,0 days 00:30:00,505,3,False,False,,,,Free
2023-08-21 15:45:00,18.36536724256228,39.78272,264.9043656779732,1974,194,396.61659901794616,322.83799788052096,248,5.0,12904,2023-08-21 15:45:00,2023-08-21 15:45:00,28.02883400982449,-94.76662102788436,,2023-08-21,9178,0 days 00:30:00,507,3,False,False,,,,Free
2023-08-21 15:45:00,2.0437673940215304,9.6,3.280596473882204,1974,205,429.6666666666667,410.6666666666667,3,5.0,12913,2023-08-21 15:45:00,2023-08-21 15:45:00,27.69833333333723,-93.8883343651209,,2023-08-21,9190,0 days 00:30:00,508,3,False,False,,,,Free
2023-08-21 16:00:00,5.994506715697709,12.184616,28.222584597794068,1975,195,350.2462526804858,339.92826552129094,26,5.0,12937,2023-08-21 16:00:00,2023-08-21 16:00:00,28.492537473199164,-94.5957183563604,,2023-08-21,9169,0 days 00:45:00,506,3,False,False,,,,Free
2023-08-21 17:45:00,26.461038676366563,35.80438,549.9252444109469,1982,154,428.5013440598897,402.7023884737845,515,5.0,13225,2023-08-21 17:45:00,2023-08-21 17:45:00,27.709986559405003,-93.96797714477384,,2023-08-21,9564,0 days 00:00:00,509,3,False,False,,,,Free
2023-08-21 18:00:00,3.122035640973747,9.599999,7.655359577712283,1983,200,430.5,405.375,8,5.0,13266,2023-08-21 18:00:00,2023-08-21 18:00:00,27.6900000000039,-93.94125103027544,,2023-08-21,9564,0 days 00:15:00,509,3,False,False,,,,Free
2023-08-21 18:30:00,2.6386293172915405,9.6,5.468228427918183,1985,266,429.6666666666667,413.55555555555554,9,5.0,13356,2023-08-21 18:30:00,2023-08-21 18:30:00,27.69833333333723,-93.85944547705752,,2023-08-21,9564,0 days 00:45:00,509,3,False,False,,,,Free
2023-08-21 19:45:00,2.043923395595712,9.6,3.2810973114508943,1990,213,431.3333333333333,107.33333333333331,3,5.0,13549,2023-08-21 19:45:00,2023-08-21 19:45:00,27.68166666667056,-96.92166761177344,,2023-08-21,9876,0 days 00:00:00,510,3,False,False,,,,Free
2023-08-21 20:00:00,2.0438610067707965,9.6,3.280897009735145,1991,213,430.6666666666667,107.33333333333331,3,5.0,13582,2023-08-21 20:00:00,2023-08-21 20:00:00,27.68833333333723,-96.92166761177344,,2023-08-21,9876,0 days 00:15:00,510,3,False,False,,,,Free
2023-08-21 20:15:00,2.0438610067707965,9.6,3.280897009735145,1992,243,430.6666666666667,107.33333333333331,3,5.0,13631,2023-08-21 20:15:00,2023-08-21 20:15:00,27.68833333333723,-96.92166761177344,,2023-08-21,9876,0 days 00:30:00,510,3,False,False,,,,Free
2023-08-21 20:30:00,1.6696317107460006,9.6,2.189430937057849,1993,259,441.5,357.0,2,5.0,13674,2023-08-21 20:30:00,2023-08-21 20:30:00,27.58000000000388,-94.42500101645174,,2023-08-21,9995,0 days 00:00:00,511,3,False,False,,,,Free
2023-08-21 20:45:00,2.0450126561511963,9.6,3.284595409490249,1994,270,443.0,355.0,3,5.0,13734,2023-08-21 20:45:00,2023-08-21 20:45:00,27.56500000000388,-94.44500101588022,,2023-08-21,9995,0 days 00:15:00,511,3,False,False,,,,Free
2023-08-21 21:00:00,6.679125788860104,9.6,35.037178579538434,1995,207,443.6470588235294,353.9117647058824,34,5.0,13776,2023-08-21 21:00:00,2023-08-21 21:00:00,27.558529411768586,-94.4558833685104,,2023-08-21,9995,0 days 00:30:00,511,3,False,False,,,,Free
2023-08-21 22:45:00,,,,2002,117,469.1956288938832,369.34325907965547,10619,5.0,14015,2023-08-21 22:45:00,2023-08-21 22:45:00,27.303043711065005,-94.3015684291824,,2023-08-21,10313,0 days 00:00:00,512,4,False,False,,,,Free
2023-08-21 23:00:00,128.79682460380525,44.791637,13028.67327410401,2003,71,470.4626256955443,367.9759289879268,11926,5.0,14032,2023-08-21 23:00:00,2023-08-21 23:00:00,27.29037374304839,-94.315241729709,,2023-08-21,10313,0 days 00:15:00,512,4,False,False,,,,Free
2023-08-21 23:15:00,134.18749207589158,42.86654,14142.101621076205,2004,54,473.2312804159413,367.8276214316217,12905,5.0,14047,2023-08-21 23:15:00,2023-08-21 23:15:00,27.262687195844418,-94.31672480522964,,2023-08-21,10313,0 days 00:30:00,512,4,False,False,,,,Free
2023-08-21 23:30:00,139.41672664997677,41.90992,15265.802692169207,2005,69,474.3482663112829,367.7178919940837,13923,5.0,14059,2023-08-21 23:30:00,2023-08-21 23:30:00,27.251517336891,-94.31782209957368,,2023-08-21,10313,0 days 00:45:00,512,4,False,False,,,,Free
2023-08-22 03:30:00,5.894490959790621,32.256,27.28867778158777,2021,233,409.6886765264288,132.3892267478819,27,5.0,14611,2023-08-22 03:30:00,2023-08-22 03:30:00,27.89811323473964,-96.67110868478797,,2023-08-22,10885,0 days 00:00:00,513,3,False,False,,,,Free
2023-08-22 03:45:00,3.910075951711172,12.218183,12.007712147622714,2022,262,410.58942065370167,131.0,11,5.0,14673,2023-08-22 03:45:00,2023-08-22 03:45:00,27.88910579346691,-96.68500095186975,,2023-08-22,10885,0 days 00:15:00,513,3,False,False,,,,Free
2023-08-22 04:15:00,3.118980058552588,13.714286,7.640382083539642,2024,221,409.3081967207989,131.92459016239667,7,5.0,14767,2023-08-22 04:15:00,2023-08-22 04:15:00,27.90191803279594,-96.67575505051002,,2023-08-22,10885,0 days 00:45:00,513,3,False,False,,,,Free
2023-08-22 05:45:00,,,,2030,510,377.0,296.07142857142856,14,5.0,15186,2023-08-22 05:45:00,2023-08-22 05:45:00,28.22500000000398,-95.03428671332648,,2023-08-22,11432,0 days 00:00:00,514,3,False,False,,,,Free
2023-08-22 06:00:00,3.903663959172029,9.599999,11.968362410003769,2031,467,375.27272727272725,291.72727272727275,11,5.0,15287,2023-08-22 06:00:00,2023-08-22 06:00:00,28.24227272727671,-95.07772827052662,,2023-08-22,11432,0 days 00:15:00,514,3,False,False,,,,Free
2023-08-22 06:30:00,5.643799235470377,13.773915,25.01687128867916,2033,382,371.31695156666126,286.13817663324187,36,5.0,15446,2023-08-22 06:30:00,2023-08-22 06:30:00,28.281830484337377,-95.1336192298698,,2023-08-22,11432,0 days 00:45:00,514,3,False,False,,,,Free
2023-08-22 06:45:00,6.082098764655552,17.422224,29.053390256362952,2034,334,260.2811764687337,495.8652940986429,28,5.0,15480,2023-08-22 06:45:00,2023-08-22 06:45:00,29.392188235316823,-93.03634811514758,,2023-08-22,11698,0 days 00:00:00,515,3,False,False,,,,Free
2023-08-22 06:45:00,7.263675952686211,13.642106,41.43838334569349,2034,401,397.4732952548106,491.3100436490973,71,5.0,15523,2023-08-22 06:45:00,2023-08-22 06:45:00,28.02026704745584,-93.08190061834136,,2023-08-22,11739,0 days 00:00:00,516,3,False,False,,,,Free
2023-08-22 07:00:00,23.38317682572924,49.296,429.4344773724813,2035,283,235.99299397734683,382.9725174631521,402,5.0,15539,2023-08-22 07:00:00,2023-08-22 07:00:00,29.63507006023073,-94.16527584924216,,2023-08-22,11754,0 days 00:00:00,517,3,False,False,,,,Free
2023-08-22 07:00:00,5.967726813279481,12.553847,27.970984301577463,2035,290,257.59368635596115,494.06822810916987,26,5.0,15544,2023-08-22 07:00:00,2023-08-22 07:00:00,29.41906313644456,-93.05431877452878,,2023-08-22,11698,0 days 00:15:00,515,3,False,False,,,,Free
2023-08-22 07:00:00,21.84892851890126,36.19535,374.9299802994669,2035,348,395.9427835889004,492.0356155406466,344,5.0,15586,2023-08-22 07:00:00,2023-08-22 07:00:00,28.035572164114942,-93.0746448996332,,2023-08-22,11739,0 days 00:15:00,516,3,False,False,,,,Free
2023-08-22 07:15:00,17.058619439196,28.70986,228.54811443344207,2036,371,231.25828915102772,380.831051660726,214,5.0,15605,2023-08-22 07:15:00,2023-08-22 07:15:00,29.68241710849393,-94.18669050665449,,2023-08-22,11754,0 days 00:15:00,517,3,False,False,,,,Free
2023-08-22 07:30:00,4.048156301213014,9.599999,12.870766939978516,2037,301,227.16666666666663,380.25,12,5.0,15690,2023-08-22 07:30:00,2023-08-22 07:30:00,29.72333333333755,-94.1925010230957,,2023-08-22,11754,0 days 00:30:00,517,3,False,False,,,,Free
2023-08-22 07:30:00,4.21835670322729,11.076924,13.975793753220191,2037,310,250.4784580449829,491.909297037198,15,5.0,15697,2023-08-22 07:30:00,2023-08-22 07:30:00,29.49021541955435,-93.07590808463158,,2023-08-22,11698,0 days 00:45:00,515,3,False,False,,,,Free
2023-08-22 07:30:00,3.3320067349068667,13.200001,8.719701589047034,2037,359,394.432926824836,498.2987804745082,8,5.0,15734,2023-08-22 07:30:00,2023-08-22 07:30:00,28.05067073175559,-93.01201325208432,,2023-08-22,11739,0 days 00:45:00,516,3,False,False,,,,Free
2023-08-22 08:00:00,2.3592718219530813,9.6,4.371654613523324,2039,389,423.4,33.6,5,5.0,15871,2023-08-22 08:00:00,2023-08-22 08:00:00,27.761000000003907,-97.65900092403666,,2023-08-22,12068,0 days 00:00:00,518,3,False,False,,,,Free
2023-08-22 08:15:00,4.718381031634774,10.8,17.485413213678985,2040,458,423.1726078812677,29.6941838664262,19,5.0,15950,2023-08-22 08:15:00,2023-08-22 08:15:00,27.76327392119123,-97.69805908425629,,2023-08-22,12068,0 days 00:15:00,518,3,False,False,,,,Free
2023-08-22 08:30:00,2.0430485229130664,16.0,3.27828905741808,2041,340,422.0,28.29090908565469,3,5.0,16016,2023-08-22 08:30:00,2023-08-22 08:30:00,27.77500000000391,-97.71209183166296,,2023-08-22,12068,0 days 00:30:00,518,3,False,False,,,,Free
2023-08-22 09:00:00,3.095486317462389,13.714287,7.525713115979246,2043,303,251.0,272.84262295440783,7,5.0,16081,2023-08-22 09:00:00,2023-08-22 09:00:00,29.485000000004177,-95.2665747628588,,2023-08-22,12260,0 days 00:00:00,519,4,False,False,,,,Free
2023-08-22 09:15:00,2.8657220078230634,17.6,6.449974523709631,2044,234,250.1269841249818,268.81216931250304,6,5.0,16150,2023-08-22 09:15:00,2023-08-22 09:15:00,29.49373015875436,-95.30687929812608,,2023-08-22,12260,0 days 00:15:00,519,4,False,False,,,,Free
2023-08-22 09:15:00,,,,2044,255,305.6666666666667,362.0,3,5.0,16168,2023-08-22 09:15:00,2023-08-22 09:15:00,28.938333333337425,-94.37500101788056,,2023-08-22,12341,0 days 00:00:00,520,3,False,False,,,,Free
2023-08-22 09:30:00,1.6545253810385925,14.400001,2.14999152973237,2045,291,250.0,264.7553191435396,2,5.0,16212,2023-08-22 09:30:00,2023-08-22 09:30:00,29.49500000000418,-95.34744779865645,,2023-08-22,12260,0 days 00:30:00,519,4,False,False,,,,Free
2023-08-22 09:30:00,3.103205013666204,17.828571,7.563291131399872,2045,318,302.98821797959687,356.4035346201662,17,5.0,16230,2023-08-22 09:30:00,2023-08-22 09:30:00,28.96511782020813,-94.43096567007962,,2023-08-22,12341,0 days 00:15:00,520,3,False,False,,,,Free
2023-08-22 09:45:00,3.309356921125277,15.6,8.601557559758156,2046,363,251.83254717060703,260.778301886262,8,5.0,16275,2023-08-22 09:45:00,2023-08-22 09:45:00,29.476674528298105,-95.3872179700927,,2023-08-22,12260,0 days 00:45:00,519,4,False,False,,,,Free
2023-08-22 09:45:00,2.031393634824223,9.6,3.240992723378462,2046,404,300.6666666666667,349.6666666666667,3,5.0,16307,2023-08-22 09:45:00,2023-08-22 09:45:00,28.98833333333744,-94.49833434768948,,2023-08-22,12341,0 days 00:30:00,520,3,False,False,,,,Free
2023-08-22 10:00:00,16.200161323232518,24.888891,206.1239991987117,2047,357,399.59205987905887,348.24149462098114,191,5.0,16403,2023-08-22 10:00:00,2023-08-22 10:00:00,27.99907940121336,-94.51258606773912,,2023-08-22,12558,0 days 00:00:00,521,3,False,False,,,,Free
2023-08-22 10:00:00,2.8892183819551924,9.599999,6.556176245974279,2047,363,421.3333333333333,480.8333333333333,6,5.0,16408,2023-08-22 10:00:00,2023-08-22 10:00:00,27.78166666667057,-93.18666771850512,,2023-08-22,12562,0 days 00:00:00,522,3,False,False,,,,Free
2023-08-22 10:15:00,8.980169718667941,35.6339,63.33721608753105,2048,265,235.88015934974192,327.201172928424,59,5.0,16430,2023-08-22 10:15:00,2023-08-22 10:15:00,29.636198406506782,-94.72298927865216,,2023-08-22,12582,0 days 00:00:00,523,3,False,False,,,,Free
2023-08-22 10:30:00,8.669837292775977,26.88,59.035300147580514,2049,374,234.67558584650405,321.1347846874067,55,5.0,16496,2023-08-22 10:30:00,2023-08-22 10:30:00,29.648244141539163,-94.78365315932882,,2023-08-22,12582,0 days 00:15:00,523,3,False,False,,,,Free
2023-08-22 10:30:00,3.5129442133199484,21.333336,9.692423626745766,2049,381,268.28979591889697,228.41768707650692,9,5.0,16502,2023-08-22 10:30:00,2023-08-22 10:30:00,29.31210204081518,-95.71082410894286,,2023-08-22,12646,0 days 00:00:00,524,3,False,False,,,,Free
2023-08-22 10:30:00,7.812487667745309,13.963635,47.93674828201159,2049,437,389.2342799227389,342.99594320898814,44,5.0,16540,2023-08-22 10:30:00,2023-08-22 10:30:00,28.102657200776573,-94.56504158036006,,2023-08-22,12558,0 days 00:30:00,521,3,False,False,,,,Free
2023-08-22 10:30:00,2.042201969116616,9.6,3.2755728487299502,2049,446,413.0,466.0,3,5.0,16547,2023-08-22 10:30:00,2023-08-22 10:30:00,27.865000000003924,-93.33500104759968,,2023-08-22,12562,0 days 00:30:00,522,3,False,False,,,,Free
2023-08-22 10:30:00,4.584165482296042,9.6,16.504807171572406,2049,488,498.2,467.6,15,5.0,16579,2023-08-22 10:30:00,2023-08-22 10:30:00,27.013000000003792,-93.31900104805692,,2023-08-22,12720,0 days 00:00:00,525,4,False,False,,,,Free
2023-08-22 10:45:00,1.6532148824591877,14.400001,2.1465869944787506,2050,363,234.0,316.2446808564604,2,5.0,16586,2023-08-22 10:45:00,2023-08-22 10:45:00,29.655000000004204,-94.83255419624084,,2023-08-22,12582,0 days 00:30:00,523,3,False,False,,,,Free
2023-08-22 10:45:00,15.828275595528732,67.042625,196.76918562886945,2050,366,252.60776126803432,406.25580858318745,183,5.0,16589,2023-08-22 10:45:00,2023-08-22 10:45:00,29.46892238732384,-93.93244294469524,,2023-08-22,12728,0 days 00:00:00,526,6,False,False,,,,Free
2023-08-22 10:45:00,11.108160777148605,33.600002,96.91125001670316,2050,373,267.1997668966587,221.0775446704432,90,5.0,16596,2023-08-22 10:45:00,2023-08-22 10:45:00,29.323002331037564,-95.784225530906,,2023-08-22,12646,0 days 00:15:00,524,3,False,False,,,,Free
2023-08-22 10:45:00,6.118945735328869,9.955556,29.406482909456983,2050,428,386.1061285473047,336.42152465568654,27,5.0,16637,2023-08-22 10:45:00,2023-08-22 10:45:00,28.13393871453092,-94.63078576401438,,2023-08-22,12558,0 days 00:45:00,521,3,False,False,,,,Free
2023-08-22 10:45:00,14.959401932915526,15.204969,175.75931184030603,2050,433,411.726425360758,460.822781746139,163,5.0,16642,2023-08-22 10:45:00,2023-08-22 10:45:00,27.877735746396347,-93.38677322865884,,2023-08-22,12562,0 days 00:45:00,522,3,False,False,,,,Free
2023-08-22 11:00:00,15.91182641005146,54.227028,198.85199195275905,2051,361,248.7464807444645,397.5811354067971,185,5.0,16684,2023-08-22 11:00:00,2023-08-22 11:00:00,29.507535192559537,-94.01918967398028,,2023-08-22,12728,0 days 00:15:00,526,6,False,False,,,,Free
2023-08-22 11:00:00,16.447284517142016,32.11371,212.46054531245883,2051,380,283.0378947637498,409.9135733781713,213,5.0,16697,2023-08-22 11:00:00,2023-08-22 11:00:00,29.16462105236663,-93.89586529779068,,2023-08-22,12820,0 days 00:00:00,529,3,False,False,,,,Free
2023-08-22 11:00:00,10.489250976444191,34.920002,86.41295073011636,2051,401,297.96891712690194,437.4247994725894,80,5.0,16713,2023-08-22 11:00:00,2023-08-22 11:00:00,29.015310828735085,-93.62075304470812,,2023-08-22,12836,0 days 00:00:00,530,7,False,False,,,,Free
2023-08-22 11:00:00,3.116957002898152,9.599999,7.630473776980166,2051,432,395.375,450.25,8,5.0,16737,2023-08-22 11:00:00,2023-08-22 11:00:00,28.041250000003952,-93.49250104309895,,2023-08-22,12857,0 days 00:00:00,531,3,False,False,,,,Free
2023-08-22 11:00:00,5.158585130378799,9.600001,20.900230956069155,2051,456,495.05263157894734,458.3684210526316,19,5.0,16753,2023-08-22 11:00:00,2023-08-22 11:00:00,27.04447368421432,-93.41131683489256,,2023-08-22,12720,0 days 00:30:00,525,4,False,False,,,,Free
2023-08-22 11:15:00,17.625110857250323,42.629074,243.9796454758857,2052,429,245.96771175558595,388.9362429717033,227,5.0,16766,2023-08-22 11:15:00,2023-08-22 11:15:00,29.535322882448327,-94.10563859586084,,2023-08-22,12728,0 days 00:30:00,526,6,False,False,,,,Free
2023-08-22 11:15:00,24.19050019326952,68.0993,459.5995325626583,2052,438,263.44393490798967,207.989411004025,429,5.0,16774,2023-08-22 11:15:00,2023-08-22 11:15:00,29.36056065092426,-95.91510686383008,,2023-08-22,12646,0 days 00:45:00,524,3,False,False,,,,Free
2023-08-22 11:15:00,19.394321064743536,49.086132,295.41942136315987,2052,447,279.1059327726133,400.200896682942,276,5.0,16780,2023-08-22 11:15:00,2023-08-22 11:15:00,29.203940672278,-93.99299206196748,,2023-08-22,12820,0 days 00:15:00,529,3,False,False,,,,Free
2023-08-22 11:15:00,11.184289696598857,42.83077,98.244149370546,2052,467,293.3851159013098,427.0366002361866,91,5.0,16794,2023-08-22 11:15:00,2023-08-22 11:15:00,29.061148840991013,-93.72463503410358,,2023-08-22,12836,0 days 00:15:00,530,7,False,False,,,,Free
2023-08-22 11:15:00,,,,2052,469,293.5,26.5,4,5.0,16796,2023-08-22 11:15:00,2023-08-22 11:15:00,29.06000000000411,-97.73000092200778,,2023-08-22,12906,0 days 00:00:00,532,3,False,False,,,,Free
2023-08-22 11:15:00,2.035809485320846,9.6,3.255098600777751,2052,495,346.0,461.0,3,5.0,16817,2023-08-22 11:15:00,2023-08-22 11:15:00,28.53500000000403,-93.38500104617088,,2023-08-22,12924,0 days 00:00:00,533,3,False,False,,,,Free
2023-08-22 11:15:00,,,,2052,512,390.8333333333333,439.5,12,5.0,16828,2023-08-22 11:15:00,2023-08-22 11:15:00,28.086666666670627,-93.600001040027,,2023-08-22,12857,0 days 00:15:00,531,3,False,False,,,,Free
2023-08-22 11:15:00,17.227696751933106,29.479246,233.1010975929909,2052,542,489.8089641197144,448.8171342968947,212,5.0,16850,2023-08-22 11:15:00,2023-08-22 11:15:00,27.09691035880666,-93.50682969972053,,2023-08-22,12720,0 days 00:45:00,525,4,False,False,,,,Free
2023-08-22 11:15:00,7.850798696507679,13.527271,48.40804735287022,2052,547,496.7427184308707,34.70097085427964,52,5.0,16854,2023-08-22 11:15:00,2023-08-22 11:15:00,27.027572815695088,-97.64799121580847,,2023-08-22,12957,0 days 00:00:00,535,3,False,False,,,,Free
2023-08-22 11:30:00,5.222318422816786,12.4800005,21.41985757673304,2053,452,212.5,280.8676470344492,20,5.0,16860,2023-08-22 11:30:00,2023-08-22 11:30:00,29.87000000000424,-95.18632452435162,,2023-08-22,12963,0 days 00:00:00,536,3,False,False,,,,Free
2023-08-22 11:30:00,1.652474435622824,33.600002,2.144664585449204,2053,458,225.0,268.4160839166669,2,5.0,16866,2023-08-22 11:30:00,2023-08-22 11:30:00,29.74500000000421,-95.31084015197126,,2023-08-22,12969,0 days 00:00:00,537,3,False,False,,,,Free
2023-08-22 11:30:00,14.93310147928288,30.2135,175.14184248569237,2053,460,244.4581702632164,382.4182011988787,165,5.0,16868,2023-08-22 11:30:00,2023-08-22 11:30:00,29.550418297372023,-94.17081901172652,,2023-08-22,12728,0 days 00:45:00,526,6,False,False,,,,Free
2023-08-22 11:30:00,19.56730278207501,45.38495,300.7127289979361,2053,479,277.0652212225209,390.98518017706425,286,5.0,16884,2023-08-22 11:30:00,2023-08-22 11:30:00,29.224347787778928,-94.08514922439277,,2023-08-22,12820,0 days 00:30:00,529,3,False,False,,,,Free
2023-08-22 11:30:00,11.484743093388888,30.800003,103.5934867610314,2053,491,288.7488695157283,416.53827520310256,96,5.0,16893,2023-08-22 11:30:00,2023-08-22 11:30:00,29.107511304846835,-93.82961828143442,,2023-08-22,12836,0 days 00:30:00,530,7,False,False,,,,Free
2023-08-22 11:30:00,12.68224918767852,30.276922,126.32300427947166,2053,504,294.30807370923486,19.100904522142084,123,5.0,16904,2023-08-22 11:30:00,2023-08-22 11:30:00,29.05191926291176,-97.80399187467196,,2023-08-22,12906,0 days 00:15:00,532,3,False,False,,,,Free
2023-08-22 11:30:00,12.041843068705138,23.771431,113.88743390112312,2053,527,342.0221207601591,452.1934043284151,105,5.0,16924,2023-08-22 11:30:00,2023-08-22 11:30:00,28.574778792402444,-93.47306700037018,,2023-08-22,12924,0 days 00:15:00,533,3,False,False,,,,Free
2023-08-22 11:30:00,6.765416206307753,13.672728,35.94834658869479,2053,541,387.7480000020345,430.9519999852498,36,5.0,16935,2023-08-22 11:30:00,2023-08-22 11:30:00,28.117519999983617,-93.68548103773183,,2023-08-22,12857,0 days 00:30:00,531,3,False,False,,,,Free
2023-08-22 11:30:00,21.65292848153502,28.284184,368.2333884186676,2053,578,485.36055054386026,436.90348655204144,339,5.0,16962,2023-08-22 11:30:00,2023-08-22 11:30:00,27.14139449456521,-93.62596617376464,,2023-08-22,12720,0 days 01:00:00,525,4,False,False,,,,Free
2023-08-22 11:30:00,5.5506393150211,10.472729,24.19780074602253,2053,593,493.764119606592,90.0764119606592,22,5.0,16969,2023-08-22 11:30:00,2023-08-22 11:30:00,27.05735880393788,-97.09423682056882,,2023-08-22,13056,0 days 00:00:00,538,3,False,False,,,,Free
2023-08-22 11:45:00,5.476801888820132,18.763638,23.55829981358526,2054,590,211.21860767404368,270.5009759183908,23,5.0,16973,2023-08-22 11:45:00,2023-08-22 11:45:00,29.882813923263804,-95.28999123254977,,2023-08-22,12963,0 days 00:15:00,536,3,False,False,,,,Free
2023-08-22 11:45:00,2.336660283780854,9.6,4.288259270909241,2054,596,222.5,257.5,4,5.0,16977,2023-08-22 11:45:00,2023-08-22 11:45:00,29.770000000004224,-95.4200009880185,,2023-08-22,12969,0 days 00:15:00,537,3,False,False,,,,Free
2023-08-22 11:45:00,9.643649355523085,16.8,73.0420079056098,2054,601,241.86216351646647,375.6470588298216,68,5.0,16982,2023-08-22 11:45:00,2023-08-22 11:45:00,29.576378364839528,-94.23853043348214,,2023-08-22,12728,0 days 01:00:00,526,6,False,False,,,,Free
2023-08-22 11:45:00,13.963987851068554,37.31831,153.14711007138035,2054,644,283.2456201485847,404.05277606377183,142,5.0,17012,2023-08-22 11:45:00,2023-08-22 11:45:00,29.16254379851828,-93.95447326925988,,2023-08-22,12836,0 days 00:45:00,530,7,False,False,,,,Free
2023-08-22 11:45:00,15.990250984040808,41.90968,200.8169849812525,2054,649,293.7069619850664,11.579670969274838,244,5.0,17017,2023-08-22 11:45:00,2023-08-22 11:45:00,29.057930380153447,-97.87920420805136,,2023-08-22,12906,0 days 00:30:00,532,3,False,False,,,,Free
2023-08-22 11:45:00,5.245601891333019,22.080002,21.61128227295204,2054,670,303.3665105296779,497.06206087257095,20,5.0,17032,2023-08-22 11:45:00,2023-08-22 11:45:00,28.96133489470732,-93.02438044775032,,2023-08-22,13107,0 days 00:00:00,539,6,False,False,,,,Free
2023-08-22 11:45:00,14.148845786310831,70.70897,157.2287303772408,2054,699,338.8899431298197,442.9849283438791,145,5.0,17049,2023-08-22 11:45:00,2023-08-22 11:45:00,28.606100568705845,-93.56515175758408,,2023-08-22,12924,0 days 00:30:00,533,3,False,False,,,,Free
2023-08-22 11:45:00,5.798316456260644,9.6,26.40545831769319,2054,779,497.25,23.041666666666668,24,5.0,17107,2023-08-22 11:45:00,2023-08-22 11:45:00,27.02250000000379,-97.76458425435284,,2023-08-22,12957,0 days 00:30:00,535,3,False,False,,,,Free
2023-08-22 12:00:00,2.610779510492616,9.6,5.353407126406714,2055,476,209.6,258.2,5,5.0,17115,2023-08-22 12:00:00,2023-08-22 12:00:00,29.899000000004243,-95.41300098821858,,2023-08-22,12963,0 days 00:30:00,536,3,False,False,,,,Free
2023-08-22 12:00:00,11.326592402371384,56.06809,100.7600619851484,2055,480,220.81959837955,492.4347137560219,94,5.0,17119,2023-08-22 12:00:00,2023-08-22 12:00:00,29.786804016208727,-93.07065391759346,,2023-08-22,13180,0 days 00:00:00,540,5,False,False,,,,Free
2023-08-22 12:00:00,4.524086896335937,14.720001,16.075028717283352,2055,481,218.97119341213852,246.15775034652447,15,5.0,17120,2023-08-22 12:00:00,2023-08-22 12:00:00,29.80528806588284,-95.53342348131213,,2023-08-22,12969,0 days 00:30:00,537,3,False,False,,,,Free
2023-08-22 12:00:00,2.025369397833804,9.6,3.221798454692921,2055,488,240.0,368.0,3,5.0,17126,2023-08-22 12:00:00,2023-08-22 12:00:00,29.595000000004195,-94.31500101959512,,2023-08-22,12728,0 days 01:15:00,526,6,False,False,,,,Free
2023-08-22 12:00:00,13.51173225763488,62.00301,143.38771471316923,2055,513,278.7030055625585,391.58410234001735,134,5.0,17146,2023-08-22 12:00:00,2023-08-22 12:00:00,29.20796994437855,-94.07916000293436,,2023-08-22,12836,0 days 01:00:00,530,7,False,False,,,,Free
2023-08-22 12:00:00,11.298988778696982,26.322586,100.26954311073916,2055,515,279.92233988833766,267.2061523316514,93,5.0,17147,2023-08-22 12:00:00,2023-08-22 12:00:00,29.195776601120755,-95.32293946747563,,2023-08-22,13198,0 days 00:00:00,541,3,False,False,,,,Free
2023-08-22 12:00:00,12.293664343054754,57.076363,118.700509738827,2055,520,288.60631431743,461.82926908708896,111,5.0,17150,2023-08-22 12:00:00,2023-08-22 12:00:00,29.108936856829818,-93.37670835553696,,2023-08-22,13200,0 days 00:00:00,542,5,False,False,,,,Free
2023-08-22 12:00:00,8.866350066006282,60.463158,61.741848828078254,2055,554,328.1345606460343,494.0535205942005,57,5.0,17175,2023-08-22 12:00:00,2023-08-22 12:00:00,28.71365439354372,-93.05446584967429,,2023-08-22,13223,0 days 00:00:00,543,4,False,False,,,,Free
2023-08-22 12:00:00,5.26284196220064,14.400002,21.753569965391733,2055,571,371.47464503199546,408.5973630810062,22,5.0,17189,2023-08-22 12:00:00,2023-08-22 12:00:00,28.28025354968404,-93.9090274003862,,2023-08-22,13237,0 days 00:00:00,544,3,False,False,,,,Free
2023-08-22 12:00:00,4.406782749265526,17.828571,15.252223573737323,2055,578,389.4788418656205,362.0122494573986,14,5.0,17196,2023-08-22 12:00:00,2023-08-22 12:00:00,28.10021158134776,-94.37487852331007,,2023-08-22,13243,0 days 00:00:00,545,3,False,False,,,,Free
2023-08-22 12:00:00,4.427557944904017,16.457144,15.39637174838158,2055,624,491.6308724906672,76.03467560711049,18,5.0,17232,2023-08-22 12:00:00,2023-08-22 12:00:00,27.07869127509713,-97.2346541800917,,2023-08-22,13056,0 days 00:30:00,538,3,False,False,,,,Free
2023-08-22 12:15:00,11.854296388385048,89.28933,110.3675607977666,2056,524,216.8948605199745,485.3194499058319,103,5.0,17240,2023-08-22 12:15:00,2023-08-22 12:15:00,29.826051394804484,-93.1418065540621,,2023-08-22,13180,0 days 00:15:00,540,5,False,False,,,,Free
2023-08-22 12:15:00,26.18389911569748,85.13533,538.4662891880484,2056,534,247.77454491203832,233.31527754112352,503,5.0,17248,2023-08-22 12:15:00,2023-08-22 12:15:00,29.5172545508838,-95.66184820569624,,2023-08-22,13284,0 days 00:00:00,546,3,False,False,,,,Free
2023-08-22 12:15:00,10.409952781923748,58.32911,85.11133460312266,2056,555,272.69940659459485,273.46470446764573,79,5.0,17263,2023-08-22 12:15:00,2023-08-22 12:15:00,29.268005934058195,-95.26035394790416,,2023-08-22,13297,0 days 00:00:00,547,3,False,False,,,,Free
2023-08-22 12:15:00,2.028397969330689,9.6,3.2314408855724563,2056,557,270.3333333333333,120.66666666666669,3,5.0,17265,2023-08-22 12:15:00,2023-08-22 12:15:00,29.29166666667081,-96.78833428225022,,2023-08-22,13298,0 days 00:00:00,548,3,False,False,,,,Free
2023-08-22 12:15:00,13.66107770291046,106.44705,146.57496680546146,2056,559,275.7472665952121,381.194488344986,139,5.0,17267,2023-08-22 12:15:00,2023-08-22 12:15:00,29.23752733405201,-94.18305613991572,,2023-08-22,12836,0 days 01:15:00,530,7,False,False,,,,Free
2023-08-22 12:15:00,10.80056644977913,25.750595,91.61845162479504,2056,562,277.189137090497,252.8989680978117,85,5.0,17269,2023-08-22 12:15:00,2023-08-22 12:15:00,29.22310862909917,-95.4660113057256,,2023-08-22,13198,0 days 00:15:00,541,3,False,False,,,,Free
2023-08-22 12:15:00,15.547608178888291,75.818184,189.8528215556753,2056,568,285.4949782794387,452.3538155498521,218,5.0,17273,2023-08-22 12:15:00,2023-08-22 12:15:00,29.140050217209737,-93.47146288820164,,2023-08-22,13200,0 days 00:15:00,542,5,False,False,,,,Free
2023-08-22 12:15:00,15.951346106535553,41.6173,199.84098331112725,2056,574,298.5098166812544,479.88234778482257,185,5.0,17277,2023-08-22 12:15:00,2023-08-22 12:15:00,29.00990183319156,-93.1961775737185,,2023-08-22,13107,0 days 00:30:00,539,6,False,False,,,,Free
2023-08-22 12:15:00,12.31478519782475,84.74182,119.1087216036068,2056,591,324.2516758784464,484.29600079587294,110,5.0,17285,2023-08-22 12:15:00,2023-08-22 12:15:00,28.7524832412196,-93.15204104486924,,2023-08-22,13223,0 days 00:15:00,543,4,False,False,,,,Free
2023-08-22 12:15:00,10.974122589878633,17.21379,94.58657415697417,2056,618,367.0320955416682,400.7861541317099,89,5.0,17304,2023-08-22 12:15:00,2023-08-22 12:15:00,28.32467904458732,-93.98713948764704,,2023-08-22,13237,0 days 00:15:00,544,3,False,False,,,,Free
2023-08-22 12:15:00,10.528682073498514,30.960003,87.0638574360858,2056,626,377.7372003788525,358.7295302197129,82,5.0,17311,2023-08-22 12:15:00,2023-08-22 12:15:00,28.21762799621545,-94.40770571474884,,2023-08-22,13331,0 days 00:00:00,549,5,False,False,,,,Free
2023-08-22 12:15:00,4.855019793626057,20.329412,18.512790695174072,2056,630,384.9677666869124,352.32156558042334,17,5.0,17314,2023-08-22 12:15:00,2023-08-22 12:15:00,28.145322333134843,-94.47178535931062,,2023-08-22,13243,0 days 00:15:00,545,3,False,False,,,,Free
2023-08-22 12:15:00,26.66372922010944,39.116695,558.3823239414062,2056,655,465.0021997823936,468.8128001622776,509,5.0,17332,2023-08-22 12:15:00,2023-08-22 12:15:00,27.344978002179907,-93.30687304678072,,2023-08-22,13350,0 days 00:00:00,550,4,False,False,,,,Free
2023-08-22 12:15:00,15.898503914374976,25.829838,198.51914571815448,2056,657,461.77253649951706,346.1670689806456,190,5.0,17333,2023-08-22 12:15:00,2023-08-22 12:15:00,27.37727463500868,-94.53333032354963,,2023-08-22,13351,0 days 00:00:00,551,4,False,False,,,,Free
2023-08-22 12:15:00,1.67284017682027,9.6,2.197853710054336,2056,682,484.0,406.5,2,5.0,17349,2023-08-22 12:15:00,2023-08-22 12:15:00,27.155000000003813,-93.93000103059694,,2023-08-22,13366,0 days 00:00:00,552,4,False,False,,,,Free
2023-08-22 12:15:00,2.36609721057538,9.6,4.396985652104514,2056,683,487.25,69.75,4,5.0,17350,2023-08-22 12:15:00,2023-08-22 12:15:00,27.122500000003807,-97.2975009343669,,2023-08-22,13056,0 days 00:45:00,538,3,False,False,,,,Free
2023-08-22 12:15:00,5.422513569566703,9.600001,23.09357538706596,2056,684,491.8095238095238,14.952380952380953,21,5.0,17351,2023-08-22 12:15:00,2023-08-22 12:15:00,27.07690476190856,-97.84547710918406,,2023-08-22,12957,0 days 01:00:00,535,3,False,False,,,,Free
2023-08-22 12:30:00,1.6527626657536123,9.6,2.145412809870881,2057,523,228.5,119.0,2,5.0,17361,2023-08-22 12:30:00,2023-08-22 12:30:00,29.71000000000421,-96.80500094844064,,2023-08-22,13374,0 days 00:00:00,553,5,False,False,,,,Free
2023-08-22 12:30:00,27.12895791122392,139.12863,578.0376209584701,2057,526,245.3314679818747,219.6849760553401,583,5.0,17364,2023-08-22 12:30:00,2023-08-22 12:30:00,29.54168532018544,-95.79815121665904,,2023-08-22,13284,0 days 00:15:00,546,3,False,False,,,,Free
2023-08-22 12:30:00,11.047322351978265,30.417976,95.85260813895304,2057,556,268.8607729011628,109.7242809652623,90,5.0,17387,2023-08-22 12:30:00,2023-08-22 12:30:00,29.30639227099252,-96.89775813613738,,2023-08-22,13298,0 days 00:15:00,548,3,False,False,,,,Free
2023-08-22 12:30:00,12.55815017260768,48.417393,123.86289477882168,2057,557,269.7836571125883,259.320128144383,115,5.0,17388,2023-08-22 12:30:00,2023-08-22 12:30:00,29.297163428878264,-95.40179970709482,,2023-08-22,13297,0 days 00:15:00,547,3,False,False,,,,Free
2023-08-22 12:30:00,12.449888953491698,69.74867,121.73650716017856,2057,564,271.8687455729575,370.977628628096,114,5.0,17394,2023-08-22 12:30:00,2023-08-22 12:30:00,29.27631254427457,-94.28522473416508,,2023-08-22,12836,0 days 01:30:00,530,7,False,False,,,,Free
2023-08-22 12:30:00,2.342239991161223,9.6,4.308763577819951,2057,568,271.2,402.6,5,5.0,17397,2023-08-22 12:30:00,2023-08-22 12:30:00,29.283000000004147,-93.96900102948246,,2023-08-22,13400,0 days 00:00:00,554,3,False,False,,,,Free
2023-08-22 12:30:00,2.868868665676229,11.2,6.464146872386731,2057,570,272.2473118307136,237.8763440846432,6,5.0,17399,2023-08-22 12:30:00,2023-08-22 12:30:00,29.272526881697008,-95.61623754156444,,2023-08-22,13198,0 days 00:30:00,541,3,False,False,,,,Free
2023-08-22 12:30:00,18.63806098201962,83.440315,272.8295069108442,2057,578,281.92931360302646,441.9286282779824,253,5.0,17405,2023-08-22 12:30:00,2023-08-22 12:30:00,29.175706863973865,-93.57571475794124,,2023-08-22,13200,0 days 00:30:00,542,5,False,False,,,,Free
2023-08-22 12:30:00,14.069407998424015,45.800003,155.46818526382756,2057,587,294.289704097794,470.2765712295342,148,5.0,17409,2023-08-22 12:30:00,2023-08-22 12:30:00,29.05210295902617,-93.2922353365264,,2023-08-22,13107,0 days 00:45:00,539,6,False,False,,,,Free
2023-08-22 12:30:00,14.84937097911247,44.159996,173.18329405263094,2057,599,320.2587142663744,475.5475293680559,160,5.0,17417,2023-08-22 12:30:00,2023-08-22 12:30:00,28.792412857340324,-93.23952575664742,,2023-08-22,13223,0 days 00:30:00,543,4,False,False,,,,Free
2023-08-22 12:30:00,10.78034881318894,13.942857,91.2757705449664,2057,616,361.96745169569857,392.6311193398919,85,5.0,17429,2023-08-22 12:30:00,2023-08-22 12:30:00,28.375325483047018,-94.06868983323484,,2023-08-22,13237,0 days 00:30:00,544,3,False,False,,,,Free
2023-08-22 12:30:00,12.454680707580035,30.77143,121.83023388582512,2057,623,372.5400498915582,346.90070674448594,112,5.0,17435,2023-08-22 12:30:00,2023-08-22 12:30:00,28.269599501088404,-94.52599394612088,,2023-08-22,13331,0 days 00:15:00,549,5,False,False,,,,Free
2023-08-22 12:30:00,3.90490998508563,9.599999,11.976004087112411,2057,627,382.09090909090907,342.27272727272725,11,5.0,17439,2023-08-22 12:30:00,2023-08-22 12:30:00,28.174090909094883,-94.572273739516,,2023-08-22,13243,0 days 00:30:00,545,3,False,False,,,,Free
2023-08-22 12:30:00,25.85878034390687,59.30355,525.1773114017683,2057,658,458.383988164929,459.62605475384265,487,5.0,17451,2023-08-22 12:30:00,2023-08-22 12:30:00,27.41116011835456,-93.39874049823982,,2023-08-22,13350,0 days 00:15:00,550,4,False,False,,,,Free
2023-08-22 12:30:00,16.24253154747943,31.644444,207.20361079088207,2057,660,457.5327051300623,337.03816584784755,197,5.0,17452,2023-08-22 12:30:00,2023-08-22 12:30:00,27.41967294870323,-94.62461935226897,,2023-08-22,13351,0 days 00:15:00,551,4,False,False,,,,Free
2023-08-22 12:30:00,,,,2057,677,480.1333333333333,397.53333333333336,15,5.0,17463,2023-08-22 12:30:00,2023-08-22 12:30:00,27.193666666670484,-94.01966769470124,,2023-08-22,13366,0 days 00:15:00,552,4,False,False,,,,Free
2023-08-22 12:45:00,11.965146144964244,67.65715,112.4413099344408,2058,538,210.92080863408464,465.3551603955885,105,5.0,17474,2023-08-22 12:45:00,2023-08-22 12:45:00,29.8857919136634,-93.34144944345952,,2023-08-22,13180,0 days 00:45:00,540,5,False,False,,,,Free
2023-08-22 12:45:00,11.323465868322668,40.136173,100.7044430887031,2058,539,215.13473415983816,486.360179244107,94,5.0,17475,2023-08-22 12:45:00,2023-08-22 12:45:00,29.84365265840585,-93.13139926097676,,2023-08-22,13456,0 days 00:00:00,555,3,False,False,,,,Free
2023-08-22 12:45:00,11.147733646297365,22.153847,97.6029734252711,2058,541,227.21065406352733,108.892565147682,92,5.0,17477,2023-08-22 12:45:00,2023-08-22 12:45:00,29.72289345936894,-96.90607529407548,,2023-08-22,13374,0 days 00:15:00,553,5,False,False,,,,Free
2023-08-22 12:45:00,29.094761000394573,116.34765,664.8435647246225,2058,543,241.3608352533335,207.7000669932334,621,5.0,17479,2023-08-22 12:45:00,2023-08-22 12:45:00,29.58139164747086,-95.91800030385532,,2023-08-22,13284,0 days 00:30:00,546,3,False,False,,,,Free
2023-08-22 12:45:00,11.412309685471785,40.62316,102.29089482466829,2058,570,265.8041784893847,246.4671860721884,96,5.0,17502,2023-08-22 12:45:00,2023-08-22 12:45:00,29.336958215110307,-95.53032912414392,,2023-08-22,13297,0 days 00:30:00,547,3,False,False,,,,Free
2023-08-22 12:45:00,5.970815674725578,18.092308,27.99994703978825,2058,575,268.31231080638764,393.69727549650185,34,5.0,17506,2023-08-22 12:45:00,2023-08-22 12:45:00,29.31187689194028,-94.0580282719734,,2023-08-22,13400,0 days 00:15:00,554,3,False,False,,,,Free
2023-08-22 12:45:00,17.72866207639273,93.56856,246.8549302592563,2058,586,277.7388843541166,431.7386969768755,229,5.0,17512,2023-08-22 12:45:00,2023-08-22 12:45:00,29.21761115646297,-93.67761406804038,,2023-08-22,13200,0 days 00:45:00,542,5,False,False,,,,Free
2023-08-22 12:45:00,14.452347582819716,65.17894,164.04638979233124,2058,600,290.37418105592474,463.01295081103655,161,5.0,17520,2023-08-22 12:45:00,2023-08-22 12:45:00,29.09125818944487,-93.36487153863573,,2023-08-22,13107,0 days 01:00:00,539,6,False,False,,,,Free
2023-08-22 12:45:00,12.02679880799503,18.65143,113.60304521336322,2058,616,316.33082182166083,466.15571368288965,105,5.0,17528,2023-08-22 12:45:00,2023-08-22 12:45:00,28.831691781787463,-93.33344391081528,,2023-08-22,13223,0 days 00:45:00,543,4,False,False,,,,Free
2023-08-22 12:45:00,11.706798982257098,26.472727,107.63814474477576,2058,637,366.6146392332346,333.1420641817027,99,5.0,17545,2023-08-22 12:45:00,2023-08-22 12:45:00,28.32885360767165,-94.66358036781708,,2023-08-22,13331,0 days 00:30:00,549,5,False,False,,,,Free
2023-08-22 12:45:00,26.27832493109447,62.991516,542.3569854075005,2058,675,450.17574193568686,448.6756133313938,507,5.0,17570,2023-08-22 12:45:00,2023-08-22 12:45:00,27.493242580647,-93.50824490933512,,2023-08-22,13350,0 days 00:30:00,550,4,False,False,,,,Free
2023-08-22 12:45:00,2.0452919617170333,9.6,3.285492683573876,2058,680,446.0,134.0,3,5.0,17573,2023-08-22 12:45:00,2023-08-22 12:45:00,27.53500000000388,-96.65500095272704,,2023-08-22,13536,0 days 00:00:00,557,3,False,False,,,,Free
2023-08-22 12:45:00,13.415853300238595,18.306978,141.3599825089946,2058,682,452.5569148297223,327.68612372285054,129,5.0,17574,2023-08-22 12:45:00,2023-08-22 12:45:00,27.46943085170664,-94.7181397708465,,2023-08-22,13351,0 days 00:30:00,551,4,False,False,,,,Free
2023-08-22 12:45:00,2.0482208916264497,9.6,3.2949093029997463,2058,704,477.6666666666667,390.3333333333333,3,5.0,17586,2023-08-22 12:45:00,2023-08-22 12:45:00,27.21833333333716,-94.0916676926438,,2023-08-22,13366,0 days 00:30:00,552,4,False,False,,,,Free
2023-08-22 13:00:00,10.44249541174558,39.96,85.64430069363675,2059,594,208.35633581893973,456.23176487451,80,5.0,17600,2023-08-22 13:00:00,2023-08-22 13:00:00,29.91143664181485,-93.43268339606324,,2023-08-22,13180,0 days 01:00:00,540,5,False,False,,,,Free
2023-08-22 13:00:00,8.660026145631571,26.705454,58.90176216496777,2059,598,211.743991992472,477.5627503330336,56,5.0,17604,2023-08-22 13:00:00,2023-08-22 13:00:00,29.87756008007952,-93.21937354757353,,2023-08-22,13456,0 days 00:15:00,555,3,False,False,,,,Free
2023-08-22 13:00:00,6.290582949183371,11.917243,31.07933146137676,2059,604,219.11665004947125,108.55832502473562,29,5.0,17609,2023-08-22 13:00:00,2023-08-22 13:00:00,29.80383349950952,-96.90941769520948,,2023-08-22,13565,0 days 00:00:00,558,3,False,False,,,,Free
2023-08-22 13:00:00,11.685172092155073,21.023998,107.2408152793284,2059,606,225.6771093360568,96.303419865819,100,5.0,17610,2023-08-22 13:00:00,2023-08-22 13:00:00,29.73822890664365,-97.03196674329666,,2023-08-22,13374,0 days 00:30:00,553,5,False,False,,,,Free
2023-08-22 13:00:00,7.678364224132812,9.8232565,46.304937199155205,2059,643,267.6692381844176,87.64513018251137,43,5.0,17639,2023-08-22 13:00:00,2023-08-22 13:00:00,29.318307618159974,-97.11854963765552,,2023-08-22,13298,0 days 00:45:00,548,3,False,False,,,,Free
2023-08-22 13:00:00,6.827470321392781,19.482351,36.61082565511673,2059,644,266.05193413991,386.1518624503834,40,5.0,17640,2023-08-22 13:00:00,2023-08-22 13:00:00,29.33448065860505,-94.13348240027835,,2023-08-22,13400,0 days 00:30:00,554,3,False,False,,,,Free
2023-08-22 13:00:00,20.82429504280194,49.36709,340.58890632388113,2059,649,274.94003395646536,420.4388859152178,317,5.0,17644,2023-08-22 13:00:00,2023-08-22 13:00:00,29.245599660439485,-93.7906121754279,,2023-08-22,13200,0 days 01:00:00,542,5,False,False,,,,Free
2023-08-22 13:00:00,14.49734040599976,54.83922,165.06939304272848,2059,660,286.9212631334297,454.6022503171503,153,5.0,17651,2023-08-22 13:00:00,2023-08-22 13:00:00,29.125787368669823,-93.44897854117112,,2023-08-22,13107,0 days 01:15:00,539,6,False,False,,,,Free
2023-08-22 13:00:00,18.060108835422067,74.24811,256.1713799229617,2059,677,306.67733484923207,264.00506810009017,238,5.0,17664,2023-08-22 13:00:00,2023-08-22 13:00:00,28.92822665151177,-95.35495030887654,,2023-08-22,13603,0 days 00:00:00,559,4,False,False,,,,Free
2023-08-22 13:00:00,10.049829603665788,21.567125,79.32448805909915,2059,699,361.7664957747648,319.5974863268744,73,5.0,17683,2023-08-22 13:00:00,2023-08-22 13:00:00,28.377335042256355,-94.79902614249482,,2023-08-22,13331,0 days 00:45:00,549,5,False,False,,,,Free
2023-08-22 13:00:00,2.630307400280436,9.6,5.433790560918444,2059,700,362.5,411.1666666666667,6,5.0,17684,2023-08-22 13:00:00,2023-08-22 13:00:00,28.370000000004005,-93.8833343652638,,2023-08-22,13617,0 days 00:00:00,560,6,False,False,,,,Free
2023-08-22 13:00:00,22.399159149970128,133.39226,394.0517970089047,2059,709,380.1687594194132,340.3104737507465,362,5.0,17690,2023-08-22 13:00:00,2023-08-22 13:00:00,28.193312405809845,-94.59189627417504,,2023-08-22,13623,0 days 00:00:00,561,3,False,False,,,,Free
2023-08-22 13:00:00,26.45361790660499,42.79841,549.6168440905683,2059,736,442.78244867050665,438.4065444287728,512,5.0,17704,2023-08-22 13:00:00,2023-08-22 13:00:00,27.56717551329881,-93.61093559542684,,2023-08-22,13350,0 days 00:45:00,550,4,False,False,,,,Free
2023-08-22 13:00:00,2.892348010520508,11.2,6.570387362341952,2059,744,445.0,130.6290322539296,6,5.0,17711,2023-08-22 13:00:00,2023-08-22 13:00:00,27.54500000000388,-96.68871062922447,,2023-08-22,13536,0 days 00:15:00,557,3,False,False,,,,Free
2023-08-22 13:00:00,6.575050647799166,9.600001,33.95377656929158,2059,745,447.1818181818182,315.90909090909093,33,5.0,17712,2023-08-22 13:00:00,2023-08-22 13:00:00,27.523181818185687,-94.83591009561866,,2023-08-22,13351,0 days 00:45:00,551,4,False,False,,,,Free
2023-08-22 13:00:00,3.7391251969534265,9.6,10.980696677466216,2059,768,475.3,383.0,10,5.0,17726,2023-08-22 13:00:00,2023-08-22 13:00:00,27.242000000003827,-94.16500102388152,,2023-08-22,13366,0 days 00:45:00,552,4,False,False,,,,Free
2023-08-22 13:15:00,2.3347594185523723,19.199999,4.281285139987428,2060,578,206.0809859205773,445.0,4,5.0,17746,2023-08-22 13:15:00,2023-08-22 13:15:00,29.934190140798474,-93.54500104159872,,2023-08-22,13180,0 days 01:15:00,540,5,False,False,,,,Free
2023-08-22 13:15:00,10.313232498225195,185.96924,83.53711994122212,2060,580,213.09852928801985,441.7989883702558,78,5.0,17748,2023-08-22 13:15:00,2023-08-22 13:15:00,29.86401470712404,-93.57701115698144,,2023-08-22,13672,0 days 00:00:00,562,3,False,False,,,,Free
2023-08-22 13:15:00,3.5028376163513824,10.666667,9.636734436392642,2060,581,210.18039215832937,469.0901960791647,9,5.0,17749,2023-08-22 13:15:00,2023-08-22 13:15:00,29.893196078420942,-93.3040990876911,,2023-08-22,13456,0 days 00:30:00,555,3,False,False,,,,Free
2023-08-22 13:15:00,10.57739758752589,17.326828,87.87139873814569,2060,582,218.3045097999793,98.0501961068458,84,5.0,17750,2023-08-22 13:15:00,2023-08-22 13:15:00,29.81195490200444,-97.01449898138554,,2023-08-22,13565,0 days 00:15:00,558,3,False,False,,,,Free
2023-08-22 13:15:00,11.361063454541954,46.672337,101.37429626015616,2060,621,282.92908198482127,445.1716021298861,94,5.0,17773,2023-08-22 13:15:00,2023-08-22 13:15:00,29.165709180155915,-93.54328502034888,,2023-08-22,13107,0 days 01:30:00,539,6,False,False,,,,Free
2023-08-22 13:15:00,16.209296167486027,66.64712,206.3565205241313,2060,643,301.90228116878865,253.81383656482868,191,5.0,17787,2023-08-22 13:15:00,2023-08-22 13:15:00,28.97597718831621,-95.45686262131689,,2023-08-22,13603,0 days 00:15:00,559,4,False,False,,,,Free
2023-08-22 13:15:00,27.73976026865232,89.96129,604.3594097781174,2060,649,327.00642079120774,308.3500223308013,558,5.0,17792,2023-08-22 13:15:00,2023-08-22 13:15:00,28.72493579209198,-94.91150077924146,,2023-08-22,13706,0 days 00:00:00,564,3,False,False,,,,Free
2023-08-22 13:15:00,2.0349709369491613,9.6,3.2524176077873146,2060,659,338.2,396.6,5,5.0,17799,2023-08-22 13:15:00,2023-08-22 13:15:00,28.613000000004043,-94.02900102776788,,2023-08-22,13711,0 days 00:00:00,565,3,False,False,,,,Free
2023-08-22 13:15:00,11.09403063679514,15.6404505,96.66485484139564,2060,672,355.81231613007554,303.8917612864685,90,5.0,17809,2023-08-22 13:15:00,2023-08-22 13:15:00,28.43687683870326,-94.95608338841078,,2023-08-22,13331,0 days 01:00:00,549,5,False,False,,,,Free
2023-08-22 13:15:00,10.452535580676784,21.38734,85.80906909236751,2060,673,357.86935019883657,402.6720703828967,89,5.0,17810,2023-08-22 13:15:00,2023-08-22 13:15:00,28.416306498015643,-93.96828032567409,,2023-08-22,13617,0 days 00:15:00,560,6,False,False,,,,Free
2023-08-22 13:15:00,27.530036323446456,91.64752,595.2555456702589,2060,685,373.4562627935002,327.64347908544005,548,5.0,17817,2023-08-22 13:15:00,2023-08-22 13:15:00,28.260437372068985,-94.71856621720838,,2023-08-22,13623,0 days 00:15:00,561,3,False,False,,,,Free
2023-08-22 13:15:00,2.8822659243993325,9.599999,6.524661359525643,2060,690,369.5,469.0,6,5.0,17821,2023-08-22 13:15:00,2023-08-22 13:15:00,28.30000000000399,-93.30500104845696,,2023-08-22,13724,0 days 00:00:00,566,3,False,False,,,,Free
2023-08-22 13:15:00,,,,2060,711,426.7205770677768,295.04403947443785,51,5.0,17835,2023-08-22 13:15:00,2023-08-22 13:15:00,27.727794229326133,-95.04456060400275,,2023-08-22,13737,0 days 00:00:00,568,4,False,False,,,,Free
2023-08-22 13:15:00,26.99289528324945,35.31625,572.2539790609666,2060,712,436.3003778498309,424.1027331785052,531,5.0,17836,2023-08-22 13:15:00,2023-08-22 13:15:00,27.631996221505577,-93.753973703842,,2023-08-22,13738,0 days 00:00:00,569,4,False,False,,,,Free
2023-08-22 13:15:00,1.6698218907690443,9.6,2.189929741360241,2060,722,444.0,128.5,2,5.0,17844,2023-08-22 13:15:00,2023-08-22 13:15:00,27.55500000000388,-96.7100009511554,,2023-08-22,13536,0 days 00:30:00,557,3,False,False,,,,Free
2023-08-22 13:15:00,2.0474842995104696,9.6,3.292539863434626,2060,736,469.5,29.25,4,5.0,17855,2023-08-22 13:15:00,2023-08-22 13:15:00,27.30000000000384,-97.7025009227936,,2023-08-22,13756,0 days 00:00:00,570,3,False,False,,,,Free
2023-08-22 13:30:00,11.850354272845829,43.99224,110.29416811049909,2061,539,211.16323887812203,431.8723668994171,103,5.0,17882,2023-08-22 13:30:00,2023-08-22 13:30:00,29.88336761122302,-93.67627736885316,,2023-08-22,13672,0 days 00:15:00,562,3,False,False,,,,Free
2023-08-22 13:30:00,8.092195639920051,12.799999,51.43072295037919,2061,542,217.16720084991124,87.83653844978213,48,5.0,17885,2023-08-22 13:30:00,2023-08-22 13:30:00,29.82332799150512,-97.11663555503752,,2023-08-22,13565,0 days 00:30:00,558,3,False,False,,,,Free
2023-08-22 13:30:00,11.800179302243224,51.01176,109.3621637349102,2061,548,223.76566094823465,73.75649872380204,102,5.0,17891,2023-08-22 13:30:00,2023-08-22 13:30:00,29.757343390521875,-97.25743594827378,,2023-08-22,13374,0 days 01:00:00,553,5,False,False,,,,Free
2023-08-22 13:30:00,10.86433736529428,13.395348,92.70355046306764,2061,577,278.0612188337404,432.4855955693087,86,5.0,17910,2023-08-22 13:30:00,2023-08-22 13:30:00,29.21438781166673,-93.6701450823295,,2023-08-22,13800,0 days 00:00:00,571,6,False,False,,,,Free
2023-08-22 13:30:00,15.818823170837504,55.173626,196.5342401945858,2061,588,295.9970711828504,241.22635075268457,184,5.0,17918,2023-08-22 13:30:00,2023-08-22 13:30:00,29.035029288175604,-95.58273747584133,,2023-08-22,13603,0 days 00:30:00,559,4,False,False,,,,Free
2023-08-22 13:30:00,26.772108875896272,117.00923,562.9308456736073,2061,595,320.9885101211664,293.927354311326,525,5.0,17924,2023-08-22 13:30:00,2023-08-22 13:30:00,28.785114898792404,-95.0557274553148,,2023-08-22,13706,0 days 00:15:00,564,3,False,False,,,,Free
2023-08-22 13:30:00,6.645705700500208,12.6,34.68742738967276,2061,607,335.64967105688834,387.5789473663572,32,5.0,17935,2023-08-22 13:30:00,2023-08-22 13:30:00,28.63850328943516,-94.11921155152646,,2023-08-22,13711,0 days 00:15:00,565,3,False,False,,,,Free
2023-08-22 13:30:00,10.250056296304594,24.505264,82.51680095222535,2061,622,352.70485229826613,394.36866730293735,79,5.0,17943,2023-08-22 13:30:00,2023-08-22 13:30:00,28.46795147702136,-94.0513143541009,,2023-08-22,13617,0 days 00:30:00,560,6,False,False,,,,Free
2023-08-22 13:30:00,27.29366011906213,119.64312,585.077557302725,2061,625,367.6266759318343,315.06667357590663,539,5.0,17946,2023-08-22 13:30:00,2023-08-22 13:30:00,28.318733240685653,-94.84433426870976,,2023-08-22,13623,0 days 00:30:00,561,3,False,False,,,,Free
2023-08-22 13:30:00,9.263185374259557,18.89032,67.39234862183311,2061,626,365.2577798370094,460.3251277222544,62,5.0,17947,2023-08-22 13:30:00,2023-08-22 13:30:00,28.342422201633905,-93.39174976875546,,2023-08-22,13724,0 days 00:15:00,566,3,False,False,,,,Free
2023-08-22 13:30:00,23.450954012565887,30.233925,431.92755548121977,2061,651,428.0266565756045,411.4136959687846,404,5.0,17968,2023-08-22 13:30:00,2023-08-22 13:30:00,27.71473343424785,-93.88086407231322,,2023-08-22,13738,0 days 00:15:00,569,4,False,False,,,,Free
2023-08-22 13:30:00,13.906614484736313,16.023022,151.89123462804815,2061,652,421.8470173597845,283.1140843509635,139,5.0,17969,2023-08-22 13:30:00,2023-08-22 13:30:00,27.776529826406065,-95.16386015182836,,2023-08-22,13737,0 days 00:15:00,568,4,False,False,,,,Free
2023-08-22 13:30:00,5.416913392230223,12.800002,23.0458995875961,2061,680,468.8087885952792,29.4513064063068,22,5.0,17989,2023-08-22 13:30:00,2023-08-22 13:30:00,27.306912114051045,-97.70048785878804,,2023-08-22,13756,0 days 00:15:00,570,3,False,False,,,,Free
2023-08-22 13:45:00,6.604774540040879,20.1,34.26146077943716,2062,665,209.6291390711485,420.8290562956959,32,5.0,18018,2023-08-22 13:45:00,2023-08-22 13:45:00,29.89870860929276,-93.78671047173464,,2023-08-22,13672,0 days 00:30:00,562,3,False,False,,,,Free
2023-08-22 13:45:00,3.875044558319,12.218183,11.793515517993946,2062,682,222.994962221768,62.105793462983385,11,5.0,18030,2023-08-22 13:45:00,2023-08-22 13:45:00,29.76505037778654,-97.37394299755266,,2023-08-22,13374,0 days 01:15:00,553,5,False,False,,,,Free
2023-08-22 13:45:00,17.189324125404642,109.61858,232.0638446315906,2062,720,291.25671786610786,227.9979295698824,216,5.0,18057,2023-08-22 13:45:00,2023-08-22 13:45:00,29.08243282134304,-95.71502168388918,,2023-08-22,13603,0 days 00:45:00,559,4,False,False,,,,Free
2023-08-22 13:45:00,9.738810322693,28.66087,74.49063838267732,2062,724,293.94891584126367,418.6981501767954,69,5.0,18061,2023-08-22 13:45:00,2023-08-22 13:45:00,29.05551084159148,-93.80801953231467,,2023-08-22,13924,0 days 00:00:00,572,3,False,False,,,,Free
2023-08-22 13:45:00,25.118377485301377,159.51091,495.5335310649112,2062,728,316.23922507393314,278.409038221221,458,5.0,18065,2023-08-22 13:45:00,2023-08-22 13:45:00,28.832607749264746,-95.21091061178127,,2023-08-22,13706,0 days 00:30:00,564,3,False,False,,,,Free
2023-08-22 13:45:00,18.722240262655028,35.79212,275.2995552973424,2062,745,335.8744891409468,213.85472004459228,256,5.0,18078,2023-08-22 13:45:00,2023-08-22 13:45:00,28.63625510859457,-95.85645377510048,,2023-08-22,13939,0 days 00:00:00,573,3,False,False,,,,Free
2023-08-22 13:45:00,2.3490724978253525,9.6,4.333938278038033,2062,747,331.0,377.25,4,5.0,18080,2023-08-22 13:45:00,2023-08-22 13:45:00,28.68500000000405,-94.22250102223842,,2023-08-22,13711,0 days 00:30:00,565,3,False,False,,,,Free
2023-08-22 13:45:00,11.213007007732529,34.918682,98.7493097236556,2062,757,347.16551775909403,384.8420358064612,92,5.0,18088,2023-08-22 13:45:00,2023-08-22 13:45:00,28.523344822413087,-94.14658066634333,,2023-08-22,13617,0 days 00:45:00,560,6,False,False,,,,Free
2023-08-22 13:45:00,10.049797122312688,28.800001,79.32397530164076,2062,765,360.9953954262565,450.5403476290661,73,5.0,18094,2023-08-22 13:45:00,2023-08-22 13:45:00,28.38504604574144,-93.48959756689128,,2023-08-22,13724,0 days 00:30:00,566,3,False,False,,,,Free
2023-08-22 13:45:00,20.73424501929349,35.82136,337.6496734630708,2062,801,420.4697925186073,398.0168638498679,338,5.0,18118,2023-08-22 13:45:00,2023-08-22 13:45:00,27.79030207481784,-94.0148323896741,,2023-08-22,13738,0 days 00:30:00,569,4,False,False,,,,Free
2023-08-22 13:45:00,11.125076810240303,15.424718,97.20663683870306,2062,803,416.7251562792836,271.31817203689536,89,5.0,18120,2023-08-22 13:45:00,2023-08-22 13:45:00,27.82774843721108,-95.2818192715983,,2023-08-22,13737,0 days 00:30:00,568,4,False,False,,,,Free
2023-08-22 13:45:00,2.0474535590984817,9.6,3.2924409974534683,2062,847,469.3333333333333,30.33333333333333,3,5.0,18152,2023-08-22 13:45:00,2023-08-22 13:45:00,27.301666666670503,-97.69166758976984,,2023-08-22,13756,0 days 00:30:00,570,3,False,False,,,,Free
2023-08-22 14:00:00,9.937356576911892,21.866665,77.55889780915854,2063,665,270.9181488926457,404.99242421692566,72,5.0,18195,2023-08-22 14:00:00,2023-08-22 14:00:00,29.28581851107769,-93.94507678799688,,2023-08-22,13800,0 days 00:30:00,571,6,False,False,,,,Free
2023-08-22 14:00:00,8.034579254280262,23.080849,50.70095730237335,2063,686,285.1412097071661,493.6695693386046,47,5.0,18211,2023-08-22 14:00:00,2023-08-22 14:00:00,29.143587902932463,-93.0583053621205,,2023-08-22,14045,0 days 00:00:00,575,5,False,False,,,,Free
2023-08-22 14:00:00,12.2369464052638,59.361473,117.60776512517572,2063,687,287.6156208943089,426.0920781785776,109,5.0,18212,2023-08-22 14:00:00,2023-08-22 14:00:00,29.118843791061032,-93.73408025440978,,2023-08-22,14046,0 days 00:00:00,576,5,False,False,,,,Free
2023-08-22 14:00:00,12.011970800565686,25.69143,113.32309235152984,2063,688,290.5275706546467,408.7600110224134,105,5.0,18213,2023-08-22 14:00:00,2023-08-22 14:00:00,29.08972429345765,-93.90740092101862,,2023-08-22,13924,0 days 00:15:00,572,3,False,False,,,,Free
2023-08-22 14:00:00,27.09076218171981,167.84691,576.4110913937687,2063,690,311.6005856740088,265.613377296542,535,5.0,18215,2023-08-22 14:00:00,2023-08-22 14:00:00,28.878994143263995,-95.3388672173716,,2023-08-22,14048,0 days 00:00:00,577,3,False,False,,,,Free
2023-08-22 14:00:00,16.40120362064524,22.793848,211.27169770855585,2063,706,332.1665323086802,200.5501380803648,196,5.0,18226,2023-08-22 14:00:00,2023-08-22 14:00:00,28.67333467691725,-95.98949959094084,,2023-08-22,13939,0 days 00:15:00,573,3,False,False,,,,Free
2023-08-22 14:00:00,10.244858142203348,19.326317,82.4331279906183,2063,722,342.68864803829103,376.4538941643226,76,5.0,18237,2023-08-22 14:00:00,2023-08-22 14:00:00,28.568113519621125,-94.23046208036766,,2023-08-22,13617,0 days 01:00:00,560,6,False,False,,,,Free
2023-08-22 14:00:00,23.4631272848469,28.824244,432.37609471157,2063,756,413.5706007774861,385.24607180508576,401,5.0,18259,2023-08-22 14:00:00,2023-08-22 14:00:00,27.859293992229063,-94.14254030647254,,2023-08-22,13738,0 days 00:45:00,569,4,False,False,,,,Free
2023-08-22 14:00:00,6.011759622396967,11.076924,28.3852743240079,2063,765,412.12658226931256,261.616455697425,26,5.0,18267,2023-08-22 14:00:00,2023-08-22 14:00:00,27.8737341773108,-95.37883643222062,,2023-08-22,13737,0 days 00:45:00,568,4,False,False,,,,Free
2023-08-22 14:15:00,13.235119798121978,44.925,137.57693655915773,2064,725,248.2293362555448,381.5301737557148,128,5.0,18343,2023-08-22 14:15:00,2023-08-22 14:15:00,29.512706637448733,-94.17969928590436,,2023-08-22,14157,0 days 00:00:00,580,5,False,False,,,,Free
2023-08-22 14:15:00,8.683786692158025,11.170906,59.22542354791997,2064,737,267.4997053556817,397.7077194956867,55,5.0,18350,2023-08-22 14:15:00,2023-08-22 14:15:00,29.32000294644733,-94.01792383312755,,2023-08-22,13800,0 days 00:45:00,571,6,False,False,,,,Free
2023-08-22 14:15:00,11.420000497523604,48.303165,102.42880996173136,2064,750,281.2306869364562,485.6925470154208,95,5.0,18358,2023-08-22 14:15:00,2023-08-22 14:15:00,29.182693130639567,-93.13807558307286,,2023-08-22,14045,0 days 00:15:00,575,5,False,False,,,,Free
2023-08-22 14:15:00,11.48166572040729,81.200005,103.53797779866836,2064,757,282.9957075678846,417.11707129858775,96,5.0,18364,2023-08-22 14:15:00,2023-08-22 14:15:00,29.16504292432528,-93.82383032064496,,2023-08-22,14046,0 days 00:15:00,576,5,False,False,,,,Free
2023-08-22 14:15:00,6.312194059442617,13.90345,31.29324250791337,2064,758,288.05246113275564,399.4974093136235,40,5.0,18365,2023-08-22 14:15:00,2023-08-22 14:15:00,29.114475388676563,-94.00002693545964,,2023-08-22,13924,0 days 00:30:00,572,3,False,False,,,,Free
2023-08-22 14:15:00,11.48614370342174,30.199999,103.61875557603496,2064,761,291.990823390491,493.3299437160682,96,5.0,18367,2023-08-22 14:15:00,2023-08-22 14:15:00,29.0750917660992,-93.06170161824885,,2023-08-22,14173,0 days 00:00:00,581,5,False,False,,,,Free
2023-08-22 14:15:00,,,,2064,765,295.2703349358711,379.8253588598619,14,5.0,18370,2023-08-22 14:15:00,2023-08-22 14:15:00,29.0422966506454,-94.19674743437572,,2023-08-22,14176,0 days 00:00:00,582,3,False,False,,,,Free
2023-08-22 14:15:00,28.08311077636136,130.26178,619.4129880260883,2064,768,306.05275473923723,252.69487720278624,576,5.0,18372,2023-08-22 14:15:00,2023-08-22 14:15:00,28.93447245261172,-95.46805221461756,,2023-08-22,14048,0 days 00:15:00,577,3,False,False,,,,Free
2023-08-22 14:15:00,12.917586814227446,13.963637,131.05471770263856,2064,787,328.01993050157705,186.29694640268715,123,5.0,18388,2023-08-22 14:15:00,2023-08-22 14:15:00,28.714800694988288,-96.1320315036446,,2023-08-22,13939,0 days 00:30:00,573,3,False,False,,,,Free
2023-08-22 14:15:00,2.0351001179204427,9.6,3.252830551081627,2064,807,338.25,367.0,4,5.0,18404,2023-08-22 14:15:00,2023-08-22 14:15:00,28.61250000000404,-94.32500101930935,,2023-08-22,13617,0 days 01:15:00,560,6,False,False,,,,Free
2023-08-22 14:30:00,15.116026155840206,51.736534,179.45896173965653,2065,713,246.36579116440768,374.6929404305285,167,5.0,18511,2023-08-22 14:30:00,2023-08-22 14:30:00,29.53134208836011,-94.2480716172024,,2023-08-22,14157,0 days 00:15:00,580,5,False,False,,,,Free
2023-08-22 14:30:00,28.89701870113027,90.83684,655.8370679471495,2065,757,282.84610877321586,319.269214870188,608,5.0,18537,2023-08-22 14:30:00,2023-08-22 14:30:00,29.166538912271967,-94.8023088569679,,2023-08-22,14318,0 days 00:00:00,583,3,False,False,,,,Free
2023-08-22 14:30:00,12.398290737736124,55.885715,120.72953110281148,2065,758,277.28035513949067,475.2783899479296,112,5.0,18538,2023-08-22 14:30:00,2023-08-22 14:30:00,29.22219644860923,-93.2422171507718,,2023-08-22,14045,0 days 00:30:00,575,5,False,False,,,,Free
2023-08-22 14:30:00,13.046487899889112,81.677414,133.68328624866683,2065,760,279.27435845109267,408.07818679561774,124,5.0,18539,2023-08-22 14:30:00,2023-08-22 14:30:00,29.202256415493206,-93.91421916309172,,2023-08-22,14046,0 days 00:30:00,576,5,False,False,,,,Free
2023-08-22 14:30:00,13.919230781753768,41.804256,152.16695582292888,2065,767,289.9139014065202,485.7695686812665,141,5.0,18545,2023-08-22 14:30:00,2023-08-22 14:30:00,29.09586098593892,-93.1373053664364,,2023-08-22,14173,0 days 00:15:00,581,5,False,False,,,,Free
2023-08-22 14:30:00,30.81100760311913,89.98956,745.5927625283784,2065,770,300.40311855265765,238.28962462194136,690,5.0,18547,2023-08-22 14:30:00,2023-08-22 14:30:00,28.99096881447752,-95.61210473630956,,2023-08-22,14048,0 days 00:30:00,577,3,False,False,,,,Free
2023-08-22 14:30:00,8.850802687003386,19.536842,61.52550675023263,2065,771,291.41298576534905,369.3470915108573,57,5.0,18548,2023-08-22 14:30:00,2023-08-22 14:30:00,29.080870142350623,-94.30153010487152,,2023-08-22,14176,0 days 00:15:00,582,3,False,False,,,,Free
2023-08-22 14:30:00,19.530092969879533,55.513042,299.57012644582545,2065,806,346.5279369946373,465.4039111620476,280,5.0,18576,2023-08-22 14:30:00,2023-08-22 14:30:00,28.529720630057657,-93.34096193580888,,2023-08-22,14349,0 days 00:00:00,584,4,False,False,,,,Free
2023-08-22 14:30:00,2.6435447262041945,9.6,5.488620541467396,2065,889,471.8,167.0,5,5.0,18631,2023-08-22 14:30:00,2023-08-22 14:30:00,27.27700000000383,-96.32500096215716,,2023-08-22,14403,0 days 00:00:00,586,3,False,False,,,,Free
2023-08-22 14:45:00,12.266578174553745,30.109098,118.1780292126696,2066,719,244.30131853981,365.88385327714354,113,5.0,18663,2023-08-22 14:45:00,2023-08-22 14:45:00,29.55198681460609,-94.336162486219,,2023-08-22,14157,0 days 00:30:00,580,5,False,False,,,,Free
2023-08-22 14:45:00,9.580519370416877,40.97911,72.08883181995795,2066,736,259.0237285173321,377.9705467189451,67,5.0,18675,2023-08-22 14:45:00,2023-08-22 14:45:00,29.404762714830845,-94.21529555525484,,2023-08-22,13800,0 days 01:15:00,571,6,False,False,,,,Free
2023-08-22 14:45:00,24.15280547004513,73.25365,458.16831128598216,2066,745,277.52558970323923,307.5107798840073,425,5.0,18681,2023-08-22 14:45:00,2023-08-22 14:45:00,29.219744102971745,-94.9198932034696,,2023-08-22,14318,0 days 00:15:00,583,3,False,False,,,,Free
2023-08-22 14:45:00,11.295596178344525,35.716133,100.20933888820628,2066,747,273.50010501100445,465.22670303494215,93,5.0,18683,2023-08-22 14:45:00,2023-08-22 14:45:00,29.259998949894097,-93.34273401702929,,2023-08-22,14045,0 days 00:45:00,575,5,False,False,,,,Free
2023-08-22 14:45:00,15.408084033952784,35.237,186.4606346692856,2066,748,275.60145288360826,398.400879385856,173,5.0,18684,2023-08-22 14:45:00,2023-08-22 14:45:00,29.238985471168057,-94.01099223442397,,2023-08-22,14046,0 days 00:45:00,576,5,False,False,,,,Free
2023-08-22 14:45:00,13.66819212402536,59.929413,146.7276732895755,2066,760,287.0739451628213,475.9758780959144,136,5.0,18694,2023-08-22 14:45:00,2023-08-22 14:45:00,29.124260548375908,-93.23524226949128,,2023-08-22,14173,0 days 00:30:00,581,5,False,False,,,,Free
2023-08-22 14:45:00,11.4505610121714,33.751587,102.97775311458147,2066,798,335.8816317567298,202.866525562076,97,5.0,18719,2023-08-22 14:45:00,2023-08-22 14:45:00,28.636183682436748,-95.96633571678564,,2023-08-22,14472,0 days 00:00:00,587,3,False,False,,,,Free
2023-08-22 14:45:00,13.398003653954202,65.870766,140.98407691909065,2066,802,341.21611989916414,458.0723853808311,130,5.0,18722,2023-08-22 14:45:00,2023-08-22 14:45:00,28.5828388010124,-93.41427719152595,,2023-08-22,14349,0 days 00:15:00,584,4,False,False,,,,Free
2023-08-22 14:45:00,2.3544640214440595,9.6,4.353855369319051,2066,831,379.5,122.5,4,5.0,18736,2023-08-22 14:45:00,2023-08-22 14:45:00,28.20000000000397,-96.77000094944084,,2023-08-22,14486,0 days 00:00:00,589,3,False,False,,,,Free
2023-08-22 14:45:00,,,,2066,900,463.5,152.5,2,5.0,18782,2023-08-22 14:45:00,2023-08-22 14:45:00,27.360000000003843,-96.47000095801366,,2023-08-22,14403,0 days 00:15:00,586,3,False,False,,,,Free
2023-08-22 15:00:00,10.394020606388215,21.38734,84.85101237449751,2067,734,241.78306717840096,358.50105450184583,82,5.0,18826,2023-08-22 15:00:00,2023-08-22 15:00:00,29.577169328220183,-94.40999047186222,,2023-08-22,14157,0 days 00:45:00,580,5,False,False,,,,Free
2023-08-22 15:00:00,9.21471075212024,21.832258,66.68886039264673,2067,741,256.24434649623527,368.8911460167107,62,5.0,18831,2023-08-22 15:00:00,2023-08-22 15:00:00,29.43255653504181,-94.30608955968268,,2023-08-22,13800,0 days 01:30:00,571,6,False,False,,,,Free
2023-08-22 15:00:00,19.030714325144164,48.872726,284.44615094057514,2067,753,272.994163545715,294.98473544288623,264,5.0,18839,2023-08-22 15:00:00,2023-08-22 15:00:00,29.26505836454699,-95.04515364430137,,2023-08-22,14318,0 days 00:30:00,583,3,False,False,,,,Free
2023-08-22 15:00:00,10.343547942736706,13.661538,84.02895157167518,2067,757,270.9345614705234,388.3027220029398,83,5.0,18843,2023-08-22 15:00:00,2023-08-22 15:00:00,29.285654385298912,-94.11197380536744,,2023-08-22,14046,0 days 01:00:00,576,5,False,False,,,,Free
2023-08-22 15:00:00,4.684264988396151,16.8,17.233472344026247,2067,761,269.5201271235669,456.9957627161451,16,5.0,18846,2023-08-22 15:00:00,2023-08-22 15:00:00,29.29979872876848,-93.4250434178652,,2023-08-22,14045,0 days 01:00:00,575,5,False,False,,,,Free
2023-08-22 15:00:00,6.729468554857434,19.78182,35.567342546083545,2067,771,276.7900778600572,240.46822461855007,33,5.0,18854,2023-08-22 15:00:00,2023-08-22 15:00:00,29.227099221403567,-95.59031873696604,,2023-08-22,14582,0 days 00:00:00,590,4,False,False,,,,Free
2023-08-22 15:00:00,14.1108585053113,51.44276,156.38559812272638,2067,773,283.93703781584423,464.8559591365955,145,5.0,18856,2023-08-22 15:00:00,2023-08-22 15:00:00,29.155629621845684,-93.3464414559068,,2023-08-22,14173,0 days 00:45:00,581,5,False,False,,,,Free
2023-08-22 15:00:00,9.944283187088866,30.666666,77.66705685031751,2067,776,284.56095198174097,348.8413741263704,74,5.0,18858,2023-08-22 15:00:00,2023-08-22 15:00:00,29.14939048018672,-94.50658727285662,,2023-08-22,14176,0 days 00:45:00,582,3,False,False,,,,Free
2023-08-22 15:00:00,13.236126714628496,17.763783,137.5978708249618,2067,802,331.1684145476435,188.69919801336223,127,5.0,18880,2023-08-22 15:00:00,2023-08-22 15:00:00,28.683315854527617,-96.1080089882243,,2023-08-22,14472,0 days 00:15:00,587,3,False,False,,,,Free
2023-08-22 15:00:00,13.188108572291537,31.085716,136.60132410569028,2067,809,337.2526092224732,451.7759708265665,128,5.0,18886,2023-08-22 15:00:00,2023-08-22 15:00:00,28.62247390777931,-93.47724133526935,,2023-08-22,14349,0 days 00:30:00,584,4,False,False,,,,Free
2023-08-22 15:00:00,19.407465927338706,44.117645,295.8200091084641,2067,827,368.39283575042,458.2073294404924,276,5.0,18896,2023-08-22 15:00:00,2023-08-22 15:00:00,28.3110716424998,-93.41292775096792,,2023-08-22,14615,0 days 00:00:00,591,3,False,False,,,,Free
2023-08-22 15:00:00,,,,2067,831,372.52270500097217,108.90035939346087,35,5.0,18898,2023-08-22 15:00:00,2023-08-22 15:00:00,28.269772949994262,-96.90599735161992,,2023-08-22,14486,0 days 00:15:00,589,3,False,False,,,,Free
2023-08-22 15:00:00,1.6706186585662923,9.6,2.192020122128997,2067,902,454.5,138.0,2,5.0,18943,2023-08-22 15:00:00,2023-08-22 15:00:00,27.45000000000386,-96.6150009538701,,2023-08-22,14403,0 days 00:30:00,586,3,False,False,,,,Free
2023-08-22 15:00:00,10.91203367947294,12.988234,93.51930633502212,2067,922,497.53814432265705,481.7098674315537,85,5.0,18956,2023-08-22 15:00:00,2023-08-22 15:00:00,27.01961855677722,-93.17790237777342,,2023-08-22,14662,0 days 00:00:00,592,3,False,False,,,,Free
2023-08-22 15:15:00,2.017326955783821,9.6,3.1962626854937244,2068,688,161.0,290.0,3,5.0,18961,2023-08-22 15:15:00,2023-08-22 15:15:00,30.38500000000432,-95.09500099730576,,2023-08-22,14667,0 days 00:00:00,593,3,False,False,,,,Free
2023-08-22 15:15:00,,,,2068,729,239.7728054946081,349.8055077396164,19,5.0,18990,2023-08-22 15:15:00,2023-08-22 15:15:00,29.597271945058115,-94.49694593699968,,2023-08-22,14157,0 days 01:00:00,580,5,False,False,,,,Free
2023-08-22 15:15:00,4.053426031446592,10.4,12.904298064215723,2068,737,253.50308641657344,361.2191357974726,12,5.0,18996,2023-08-22 15:15:00,2023-08-22 15:15:00,29.45996913583844,-94.38280965968266,,2023-08-22,13800,0 days 01:45:00,571,6,False,False,,,,Free
2023-08-22 15:15:00,3.312609925516038,18.0,8.618476047183929,2068,763,271.67884615684403,230.08461539096385,8,5.0,19016,2023-08-22 15:15:00,2023-08-22 15:15:00,29.278211538435706,-95.69415482627466,,2023-08-22,14582,0 days 00:15:00,590,4,False,False,,,,Free
2023-08-22 15:15:00,13.35894243292331,40.83692,140.16321097164743,2068,769,279.77981455990266,454.58195242199633,130,5.0,19022,2023-08-22 15:15:00,2023-08-22 15:15:00,29.197201854405105,-93.4491815201169,,2023-08-22,14173,0 days 01:00:00,581,5,False,False,,,,Free
2023-08-22 15:15:00,10.61264757079269,31.024391,88.45805090453658,2068,780,285.8588565944289,403.4126522419146,82,5.0,19027,2023-08-22 15:15:00,2023-08-22 15:15:00,29.13641143405984,-93.9608745072955,,2023-08-22,14721,0 days 00:00:00,594,4,False,False,,,,Free
2023-08-22 15:15:00,11.8599724162144,15.811765,110.4732776286994,2068,815,327.7132133815563,175.62998128991964,229,5.0,19053,2023-08-22 15:15:00,2023-08-22 15:15:00,28.71786786618849,-96.23870115172406,,2023-08-22,14472,0 days 00:30:00,587,3,False,False,,,,Free
2023-08-22 15:15:00,5.253061878097167,11.040001,21.67279457288416,2068,823,332.5397350980307,444.2665562941356,20,5.0,19058,2023-08-22 15:15:00,2023-08-22 15:15:00,28.669602649023744,-93.5523354784478,,2023-08-22,14349,0 days 00:45:00,584,4,False,False,,,,Free
2023-08-22 15:15:00,18.897003277472425,33.15349,280.4631181503875,2068,834,364.0915248991773,448.8724323733812,258,5.0,19065,2023-08-22 15:15:00,2023-08-22 15:15:00,28.354084751012227,-93.50627671897148,,2023-08-22,14615,0 days 00:15:00,591,3,False,False,,,,Free
2023-08-22 15:15:00,22.10533389503149,22.088253,383.78150335604585,2068,906,490.6545660828257,467.8701459253999,358,5.0,19116,2023-08-22 15:15:00,2023-08-22 15:15:00,27.088454339175545,-93.3162995888801,,2023-08-22,14662,0 days 00:15:00,592,3,False,False,,,,Free
2023-08-22 15:15:00,2.0501132937034234,9.6,3.301000612491758,2068,910,498.3333333333333,335.6666666666667,3,5.0,19119,2023-08-22 15:15:00,2023-08-22 15:15:00,27.011666666670457,-94.63833434368884,,2023-08-22,14796,0 days 00:00:00,597,4,False,False,,,,Free
2023-08-22 15:30:00,9.743945082285205,34.422863,74.56920903783173,2069,655,159.610798208457,282.6736259423146,70,5.0,19121,2023-08-22 15:30:00,2023-08-22 15:30:00,30.39889201791975,-95.16826473578902,,2023-08-22,14667,0 days 00:15:00,593,3,False,False,,,,Free
2023-08-22 15:30:00,13.785368685381233,47.177143,149.2542315212316,2069,661,167.7133518349359,268.4038747427007,140,5.0,19125,2023-08-22 15:30:00,2023-08-22 15:30:00,30.31786648165495,-95.31096224370742,,2023-08-22,14800,0 days 00:00:00,598,3,False,False,,,,Free
2023-08-22 15:30:00,2.329974210161323,9.6,4.263753700130387,2069,664,165.75,389.0,4,5.0,19128,2023-08-22 15:30:00,2023-08-22 15:30:00,30.33750000000431,-94.1050010255961,,2023-08-22,14803,0 days 00:00:00,599,4,False,False,,,,Free
2023-08-22 15:30:00,10.480916346136528,19.2,86.27567994486134,2069,714,282.77801155831827,392.6149394516161,81,5.0,19172,2023-08-22 15:30:00,2023-08-22 15:30:00,29.167219884420945,-94.06885163211297,,2023-08-22,14721,0 days 00:15:00,594,4,False,False,,,,Free
2023-08-22 15:30:00,3.1106978018588656,9.599999,7.599858843924224,2069,778,352.42857142857144,58.42857142857143,7,5.0,19218,2023-08-22 15:30:00,2023-08-22 15:30:00,28.470714285718305,-97.41071521684596,,2023-08-22,14876,0 days 00:00:00,600,4,False,False,,,,Free
2023-08-22 15:30:00,16.634362735695177,16.512001,217.3212611616136,2069,783,361.1737317606898,438.9168693528227,200,5.0,19223,2023-08-22 15:30:00,2023-08-22 15:30:00,28.383262682397103,-93.60583234633214,,2023-08-22,14615,0 days 00:30:00,591,3,False,False,,,,Free
2023-08-22 15:30:00,6.333020001543695,18.868961,31.50007593291873,2069,784,357.0054699266545,81.33814027378305,29,5.0,19224,2023-08-22 15:30:00,2023-08-22 15:30:00,28.424945300737463,-97.18161953494052,,2023-08-22,14486,0 days 00:45:00,589,3,False,False,,,,Free
2023-08-22 15:30:00,11.97684409739547,21.902918,112.66127817539127,2069,847,432.01815048978034,351.08868469026464,103,5.0,19268,2023-08-22 15:30:00,2023-08-22 15:30:00,27.67481849510609,-94.4841141678599,,2023-08-22,14918,0 days 00:00:00,601,7,False,False,,,,Free
2023-08-22 15:30:00,14.052786888362654,32.476597,155.10107280779897,2069,869,495.0581797484229,325.59950438899267,141,5.0,19283,2023-08-22 15:30:00,2023-08-22 15:30:00,27.04441820251957,-94.7390059635888,,2023-08-22,14796,0 days 00:15:00,597,4,False,False,,,,Free
2023-08-22 15:45:00,9.88150797576199,21.2,76.6895752482759,2070,583,158.01789332334084,171.22602970686367,76,5.0,19286,2023-08-22 15:45:00,2023-08-22 15:45:00,30.41482106677092,-96.28274066629616,,2023-08-22,14934,0 days 00:00:00,602,3,False,False,,,,Free
2023-08-22 15:45:00,4.658131312994218,10.200001,17.041716477326755,2070,586,158.09448818528088,275.7775590501292,20,5.0,19289,2023-08-22 15:45:00,2023-08-22 15:45:00,30.41405511815152,-95.23722540274024,,2023-08-22,14667,0 days 00:30:00,593,3,False,False,,,,Free
2023-08-22 15:45:00,9.885060781631124,40.666668,76.74473123348254,2070,590,165.21962216973665,382.3185104561138,73,5.0,19293,2023-08-22 15:45:00,2023-08-22 15:45:00,30.342803778306944,-94.17181591912566,,2023-08-22,14803,0 days 00:15:00,599,4,False,False,,,,Free
2023-08-22 15:45:00,14.04755075216919,44.689655,154.98551152510356,2070,606,192.15554630752263,190.0227612001334,147,5.0,19307,2023-08-22 15:45:00,2023-08-22 15:45:00,30.07344453692904,-96.09477335673483,,2023-08-22,14950,0 days 00:00:00,603,3,False,False,,,,Free
2023-08-22 15:45:00,18.35048833835172,56.045345,264.4753091815298,2070,610,212.7119493432425,79.05550356385098,247,5.0,19310,2023-08-22 15:45:00,2023-08-22 15:45:00,29.86788050657181,-97.20444590138754,,2023-08-22,14951,0 days 00:00:00,604,3,False,False,,,,Free
2023-08-22 15:45:00,3.702417708953973,9.6,10.766157042685371,2070,625,265.3,206.6,10,5.0,19321,2023-08-22 15:45:00,2023-08-22 15:45:00,29.342000000004155,-95.92900097347332,,2023-08-22,14582,0 days 00:45:00,590,4,False,False,,,,Free
2023-08-22 15:45:00,10.07857643095781,11.1567545,79.7789412798883,2070,635,279.53731342596257,382.6527655527503,74,5.0,19330,2023-08-22 15:45:00,2023-08-22 15:45:00,29.199626865744506,-94.1684733682548,,2023-08-22,14721,0 days 00:30:00,594,4,False,False,,,,Free
2023-08-22 15:45:00,11.517835930867566,13.100001,104.19134802946895,2070,678,348.6949588516418,45.15560700305474,96,5.0,19356,2023-08-22 15:45:00,2023-08-22 15:45:00,28.50805041148761,-97.54344485730826,,2023-08-22,14876,0 days 00:15:00,600,4,False,False,,,,Free
2023-08-22 15:45:00,19.81566691579805,61.2507,308.3949575250806,2070,681,353.925806330501,232.794390444716,285,5.0,19358,2023-08-22 15:45:00,2023-08-22 15:45:00,28.45574193669901,-95.66705707651148,,2023-08-22,14986,0 days 00:00:00,605,5,False,False,,,,Free
2023-08-22 15:45:00,2.637224683347771,26.880001,5.462408122035984,2070,735,419.2175502740637,34.64533821526224,5,5.0,19397,2023-08-22 15:45:00,2023-08-22 15:45:00,27.80282449726328,-97.64854754218275,,2023-08-22,15019,0 days 00:00:00,606,4,False,False,,,,Free
2023-08-22 15:45:00,14.353933210937562,61.36216,161.819823674195,2070,737,427.77515106452665,341.5659106364356,148,5.0,19399,2023-08-22 15:45:00,2023-08-22 15:45:00,27.717248489358635,-94.57934190567693,,2023-08-22,14918,0 days 00:15:00,601,7,False,False,,,,Free
2023-08-22 15:45:00,11.70736432559544,10.579591,107.64854109266147,2070,765,478.9524606798944,446.5607633129469,109,5.0,19417,2023-08-22 15:45:00,2023-08-22 15:45:00,27.20547539320488,-93.52939340891528,,2023-08-22,14662,0 days 00:45:00,592,3,False,False,,,,Free
2023-08-22 15:45:00,16.649253264628275,33.11515,217.71051285356765,2070,770,490.2339585,317.31644749829,198,5.0,19419,2023-08-22 15:45:00,2023-08-22 15:45:00,27.0926604150038,-94.82183653012883,,2023-08-22,14796,0 days 00:30:00,597,4,False,False,,,,Free
2023-08-22 16:00:00,,,,2071,533,157.94073140020276,158.64754099814638,46,5.0,19425,2023-08-22 16:00:00,2023-08-22 16:00:00,30.41559268600229,-96.40852554978892,,2023-08-22,14934,0 days 00:15:00,602,3,False,False,,,,Free
2023-08-22 16:00:00,7.367102931749198,16.560001,42.62686140358357,2071,540,163.8538429021475,253.38765223896624,43,5.0,19431,2023-08-22 16:00:00,2023-08-22 16:00:00,30.35646157098284,-95.46112446445376,,2023-08-22,14800,0 days 00:30:00,598,3,False,False,,,,Free
2023-08-22 16:00:00,11.993116978264034,32.06038,112.96763083512542,2071,541,163.79521685418553,374.66001949339,106,5.0,19432,2023-08-22 16:00:00,2023-08-22 16:00:00,30.35704783146246,-94.24840082656436,,2023-08-22,14803,0 days 00:30:00,599,4,False,False,,,,Free
2023-08-22 16:00:00,13.19639026531419,21.000004,136.77294013885003,2071,552,189.5066406235481,179.8876952802575,128,5.0,19439,2023-08-22 16:00:00,2023-08-22 16:00:00,30.099933593768792,-96.19612401303738,,2023-08-22,14950,0 days 00:15:00,603,3,False,False,,,,Free
2023-08-22 16:00:00,15.357662691066636,26.635836,185.24228556036496,2071,557,211.70339296283387,66.555062745702,173,5.0,19442,2023-08-22 16:00:00,2023-08-22 16:00:00,29.8779660703759,-97.32945030599689,,2023-08-22,14951,0 days 00:15:00,604,3,False,False,,,,Free
2023-08-22 16:00:00,13.186886032207298,134.70236,136.57599934393676,2071,565,255.1565425299337,262.3811269386345,127,5.0,19448,2023-08-22 16:00:00,2023-08-22 16:00:00,29.443434574704835,-95.37118972002702,,2023-08-22,15057,0 days 00:00:00,607,4,False,False,,,,Free
2023-08-22 16:00:00,1.6552185360482703,9.6,2.151793363162981,2071,570,258.5,144.0,2,5.0,19451,2023-08-22 16:00:00,2023-08-22 16:00:00,29.410000000004167,-96.55500095558466,,2023-08-22,15060,0 days 00:00:00,608,3,False,False,,,,Free
2023-08-22 16:00:00,4.966686096498124,17.066668,19.374178946255377,2071,573,262.93830570546606,197.286372003566,18,5.0,19454,2023-08-22 16:00:00,2023-08-22 16:00:00,29.365616942949497,-96.02213725077615,,2023-08-22,14582,0 days 01:00:00,590,4,False,False,,,,Free
2023-08-22 16:00:00,,,,2071,588,291.2225321736049,365.18230312555954,135,5.0,19464,2023-08-22 16:00:00,2023-08-22 16:00:00,29.082774678268063,-94.34317798753432,,2023-08-22,15070,0 days 00:00:00,609,4,False,False,,,,Free
2023-08-22 16:00:00,19.774519242349943,52.37597,307.11550931871506,2071,610,347.8628931243145,220.0559625556348,288,5.0,19481,2023-08-22 16:00:00,2023-08-22 16:00:00,28.51637106876088,-95.79444135176216,,2023-08-22,14986,0 days 00:15:00,605,5,False,False,,,,Free
2023-08-22 16:00:00,13.193527879976989,19.73334,136.71361264225965,2071,612,346.22031888447145,29.968541255963583,126,5.0,19483,2023-08-22 16:00:00,2023-08-22 16:00:00,28.532796811159315,-97.69531551043929,,2023-08-22,14876,0 days 00:30:00,600,4,False,False,,,,Free
2023-08-22 16:00:00,15.360220851718394,27.55765,185.3040031541276,2071,639,393.8860436001778,178.09053930430937,170,5.0,19501,2023-08-22 16:00:00,2023-08-22 16:00:00,28.056139564002176,-96.21409557228333,,2023-08-22,15101,0 days 00:00:00,610,8,False,False,,,,Free
2023-08-22 16:00:00,2.358294858299302,33.600002,4.368034798854557,2071,665,413.6413551337183,22.11214953291853,8,5.0,19517,2023-08-22 16:00:00,2023-08-22 16:00:00,27.85858644866674,-97.7738794254247,,2023-08-22,15019,0 days 00:15:00,606,4,False,False,,,,Free
2023-08-22 16:00:00,16.38708631919324,45.8114,210.90815089987373,2071,673,423.5728359841792,332.2525709020776,193,5.0,19524,2023-08-22 16:00:00,2023-08-22 16:00:00,27.759271640162115,-94.67247530035912,,2023-08-22,14918,0 days 00:30:00,601,7,False,False,,,,Free
2023-08-22 16:00:00,9.7549819506129,10.588234,74.73823229121976,2071,703,485.4810526385268,310.20157892817605,68,5.0,19540,2023-08-22 16:00:00,2023-08-22 16:00:00,27.140189473618545,-94.8929852137968,,2023-08-22,14796,0 days 00:45:00,597,4,False,False,,,,Free
2023-08-22 16:15:00,3.493297628866319,9.6,9.584314573249708,2072,503,156.44444444444446,146.88888888888889,9,5.0,19548,2023-08-22 16:15:00,2023-08-22 16:15:00,30.43055555555988,-96.5261120675213,,2023-08-22,14934,0 days 00:30:00,602,3,False,False,,,,Free
2023-08-22 16:15:00,11.990952906193913,36.58868,112.92686611337338,2072,507,160.88098640056512,135.52215865530246,108,5.0,19551,2023-08-22 16:15:00,2023-08-22 16:15:00,30.386190135998667,-96.639779366609,,2023-08-22,15144,0 days 00:00:00,611,4,False,False,,,,Free
2023-08-22 16:15:00,35.12868559145249,153.57889,969.2006162436636,2072,510,168.5939455331525,45.70000161530485,927,5.0,19554,2023-08-22 16:15:00,2023-08-22 16:15:00,30.309060544672786,-97.53800091134131,,2023-08-22,15147,0 days 00:00:00,612,4,False,False,,,,Free
2023-08-22 16:15:00,6.891107619688836,11.794286,37.296488647790966,2072,513,162.84524810549482,366.6391925868149,35,5.0,19557,2023-08-22 16:15:00,2023-08-22 16:15:00,30.366547518949368,-94.32860909333812,,2023-08-22,14803,0 days 00:45:00,599,4,False,False,,,,Free
2023-08-22 16:15:00,3.6876596801450505,10.559999,10.68049918241904,2072,525,185.16546762713327,168.0,10,5.0,19566,2023-08-22 16:15:00,2023-08-22 16:15:00,30.143345323732948,-96.31500096244292,,2023-08-22,14950,0 days 00:30:00,603,3,False,False,,,,Free
2023-08-22 16:15:00,4.953401359628165,9.600001,19.27067465900122,2072,528,208.77777777777777,52.388888888888886,18,5.0,19568,2023-08-22 16:15:00,2023-08-22 16:15:00,29.907222222226466,-97.47111204051691,,2023-08-22,14951,0 days 00:30:00,604,3,False,False,,,,Free
2023-08-22 16:15:00,15.299302461282112,67.4807,183.8370923756376,2072,534,252.07646802753,249.3112820554473,171,5.0,19574,2023-08-22 16:15:00,2023-08-22 16:15:00,29.47423531972888,-95.50188816512406,,2023-08-22,15057,0 days 00:15:00,607,4,False,False,,,,Free
2023-08-22 16:15:00,6.521227648285291,18.890318,33.40016434190011,2072,553,273.04319853464443,360.70909926704826,32,5.0,19587,2023-08-22 16:15:00,2023-08-22 16:15:00,29.26456801465769,-94.38791002484118,,2023-08-22,14721,0 days 01:00:00,594,4,False,False,,,,Free
2023-08-22 16:15:00,16.281770654391636,47.104664,208.2059552252984,2072,557,285.83919660870635,354.14221793115286,195,5.0,19589,2023-08-22 16:15:00,2023-08-22 16:15:00,29.13660803391706,-94.45357883632356,,2023-08-22,15070,0 days 00:15:00,609,4,False,False,,,,Free
2023-08-22 16:15:00,20.724021058788832,26.577494,337.316768569623,2072,585,342.1752033240025,205.3388041389282,329,5.0,19607,2023-08-22 16:15:00,2023-08-22 16:15:00,28.573247966764008,-95.94161293172364,,2023-08-22,14986,0 days 00:30:00,605,5,False,False,,,,Free
2023-08-22 16:15:00,12.818993631353887,17.34454,129.06180804718247,2072,587,341.958338988295,14.485500296196037,119,5.0,19609,2023-08-22 16:15:00,2023-08-22 16:15:00,28.575416610121085,-97.85014591561252,,2023-08-22,14876,0 days 00:45:00,600,4,False,False,,,,Free
2023-08-22 16:15:00,18.207811633983564,58.323013,260.3786584146546,2072,621,389.7845294264189,165.88088698327795,239,5.0,19631,2023-08-22 16:15:00,2023-08-22 16:15:00,28.09715470573977,-96.33619209200458,,2023-08-22,15101,0 days 00:15:00,610,8,False,False,,,,Free
2023-08-22 16:15:00,6.668639093918015,31.500002,34.927243305329256,2072,643,408.4040094531794,12.22051890371596,32,5.0,19645,2023-08-22 16:15:00,2023-08-22 16:15:00,27.910959905472136,-97.87279572889008,,2023-08-22,15019,0 days 00:30:00,606,4,False,False,,,,Free
2023-08-22 16:15:00,15.734141486966278,44.65618,194.43568914863323,2072,650,419.2226123393774,321.44562115985934,179,5.0,19651,2023-08-22 16:15:00,2023-08-22 16:15:00,27.80277387661014,-94.78054479469309,,2023-08-22,14918,0 days 00:45:00,601,7,False,False,,,,Free
2023-08-22 16:30:00,38.74090929360914,126.457855,1178.7711582645147,2073,514,164.74452316699953,32.70829652306073,1110,5.0,19664,2023-08-22 16:30:00,2023-08-22 16:30:00,30.34755476833432,-97.66791795855124,,2023-08-22,15147,0 days 00:15:00,612,4,False,False,,,,Free
2023-08-22 16:30:00,10.610960499271473,16.771082,88.42992913836889,2073,516,161.31377342159786,122.69967405014576,84,5.0,19665,2023-08-22 16:30:00,2023-08-22 16:30:00,30.38186226578834,-96.7680042089964,,2023-08-22,15144,0 days 00:15:00,611,4,False,False,,,,Free
2023-08-22 16:30:00,10.286827868977904,29.661537,83.1099128546083,2073,520,161.95893117605397,242.9198378024688,78,5.0,19669,2023-08-22 16:30:00,2023-08-22 16:30:00,30.37541068824377,-95.5658026058274,,2023-08-22,14800,0 days 01:00:00,598,3,False,False,,,,Free
2023-08-22 16:30:00,15.298308875039757,26.94737,183.81321519887345,2073,529,250.39402475301452,235.953909950442,173,5.0,19675,2023-08-22 16:30:00,2023-08-22 16:30:00,29.49105975247404,-95.6354618823571,,2023-08-22,15057,0 days 00:30:00,607,4,False,False,,,,Free
2023-08-22 16:30:00,1.6548110516743448,9.6,2.150734029638661,2073,537,253.5,121.0,2,5.0,19682,2023-08-22 16:30:00,2023-08-22 16:30:00,29.46000000000417,-96.78500094901216,,2023-08-22,15060,0 days 00:30:00,608,3,False,False,,,,Free
2023-08-22 16:30:00,16.570854359616487,81.168,215.66500612006743,2073,557,281.47850805546403,344.8431887449451,200,5.0,19696,2023-08-22 16:30:00,2023-08-22 16:30:00,29.18021491944949,-94.54656912552838,,2023-08-22,15070,0 days 00:30:00,609,4,False,False,,,,Free
2023-08-22 16:30:00,16.655287540930697,14.232836,217.86835338104504,2073,586,335.8124059215515,193.1940442864017,202,5.0,19716,2023-08-22 16:30:00,2023-08-22 16:30:00,28.63687594078853,-96.06306052677836,,2023-08-22,14986,0 days 00:45:00,605,5,False,False,,,,Free
2023-08-22 16:30:00,6.21547482397235,18.514284,30.34160181968721,2073,587,332.666490480554,324.2891120505721,28,5.0,19717,2023-08-22 16:30:00,2023-08-22 16:30:00,28.66833509519851,-94.75210988659852,,2023-08-22,15270,0 days 00:00:00,614,3,False,False,,,,Free
2023-08-22 16:30:00,19.737423724486057,109.118866,305.9643386751201,2073,617,384.595090474308,153.02748708260827,281,5.0,19739,2023-08-22 16:30:00,2023-08-22 16:30:00,28.14904909526089,-96.4647260873383,,2023-08-22,15101,0 days 00:30:00,610,8,False,False,,,,Free
2023-08-22 16:30:00,14.893068643791311,19.08,174.2040565311029,2073,618,381.8927790103126,189.0377243257452,167,5.0,19740,2023-08-22 16:30:00,2023-08-22 16:30:00,28.17607220990085,-96.10462372519726,,2023-08-22,15290,0 days 00:00:00,615,5,False,False,,,,Free
2023-08-22 16:30:00,3.535307610605108,11.733334,9.816220328125368,2073,636,401.3036303671913,1.2277227753935047,9,5.0,19751,2023-08-22 16:30:00,2023-08-22 16:30:00,27.98196369633203,-97.98272368703198,,2023-08-22,15019,0 days 00:45:00,606,4,False,False,,,,Free
2023-08-22 16:30:00,14.632216125680683,34.659737,168.15512024735582,2073,644,414.02381994901816,309.9412382821652,154,5.0,19758,2023-08-22 16:30:00,2023-08-22 16:30:00,27.854761800513742,-94.89558862018254,,2023-08-22,14918,0 days 01:00:00,601,7,False,False,,,,Free
2023-08-22 16:30:00,6.571377162679645,9.600001,33.915847173258946,2073,653,434.9354838709677,325.80645161290323,31,5.0,19762,2023-08-22 16:30:00,2023-08-22 16:30:00,27.64564516129421,-94.7369364914088,,2023-08-22,15308,0 days 00:00:00,616,3,False,False,,,,Free
2023-08-22 16:30:00,2.045353995605747,12.8,3.2856919851720194,2073,660,446.80341879993546,128.80341879993546,3,5.0,19766,2023-08-22 16:30:00,2023-08-22 16:30:00,27.52696581200452,-96.70696676324268,,2023-08-22,15312,0 days 00:00:00,617,3,False,False,,,,Free
2023-08-22 16:30:00,2.3619682278243848,9.6,4.381653030115626,2073,661,448.5,131.5,4,5.0,19767,2023-08-22 16:30:00,2023-08-22 16:30:00,27.51000000000387,-96.68000095201262,,2023-08-22,15313,0 days 00:00:00,618,4,False,False,,,,Free
2023-08-22 16:45:00,16.17459076531759,91.473564,205.47381481142588,2074,565,153.0383610832227,57.52030668827969,194,5.0,19778,2023-08-22 16:45:00,2023-08-22 16:45:00,30.464616389172104,-97.41979786398934,,2023-08-22,15323,0 days 00:00:00,619,3,False,False,,,,Free
2023-08-22 16:45:00,32.59139613805103,91.23065,834.2492240517929,2074,567,160.81283650401153,18.729252902397608,786,5.0,19780,2023-08-22 16:45:00,2023-08-22 16:45:00,30.3868716349642,-97.8077083907632,,2023-08-22,15147,0 days 00:30:00,612,4,False,False,,,,Free
2023-08-22 16:45:00,12.047039245968165,85.95141,113.98574226979794,2074,570,159.54392852091635,110.76381354955753,107,5.0,19783,2023-08-22 16:45:00,2023-08-22 16:45:00,30.39956071479516,-96.88736281059148,,2023-08-22,15144,0 days 00:30:00,611,4,False,False,,,,Free
2023-08-22 16:45:00,11.930317316974351,25.569233,111.78766153803652,2074,584,248.64173523393984,107.15697458794342,104,5.0,19795,2023-08-22 16:45:00,2023-08-22 16:45:00,29.50858264766478,-96.92343119917696,,2023-08-22,15060,0 days 00:45:00,608,3,False,False,,,,Free
2023-08-22 16:45:00,6.2999981537484455,22.179306,31.172434834710888,2074,585,249.0746688129533,224.7876354704701,29,5.0,19796,2023-08-22 16:45:00,2023-08-22 16:45:00,29.50425331187465,-95.74712462396592,,2023-08-22,15057,0 days 00:45:00,607,4,False,False,,,,Free
2023-08-22 16:45:00,3.0969892256930143,9.599999,7.53302259870796,2074,592,260.85714285714283,338.85714285714283,7,5.0,19802,2023-08-22 16:45:00,2023-08-22 16:45:00,29.38642857143273,-94.6064295826958,,2023-08-22,15341,0 days 00:00:00,620,4,False,False,,,,Free
2023-08-22 16:45:00,15.229725748664444,89.35385,182.1688207365393,2074,598,277.46132802977905,335.0019781105662,169,5.0,19807,2023-08-22 16:45:00,2023-08-22 16:45:00,29.220386719706344,-94.64498122905992,,2023-08-22,15070,0 days 00:45:00,609,4,False,False,,,,Free
2023-08-22 16:45:00,3.1071066684637323,9.599999,7.582321715604484,2074,637,328.6363636363636,179.63636363636363,11,5.0,19833,2023-08-22 16:45:00,2023-08-22 16:45:00,28.70863636364042,-96.1986373294045,,2023-08-22,14986,0 days 01:00:00,605,5,False,False,,,,Free
2023-08-22 16:45:00,11.868623382646293,56.470596,110.63450046110408,2074,650,342.2301333256363,433.6894094700721,102,5.0,19841,2023-08-22 16:45:00,2023-08-22 16:45:00,28.57269866674768,-93.65810694366589,,2023-08-22,15374,0 days 00:00:00,621,3,False,False,,,,Free
2023-08-22 16:45:00,21.79985106777445,95.7761,373.2475232506204,2074,678,378.021736749574,139.23646507255896,345,5.0,19860,2023-08-22 16:45:00,2023-08-22 16:45:00,28.21478263250824,-96.60263630349785,,2023-08-22,15101,0 days 00:45:00,610,8,False,False,,,,Free
2023-08-22 16:45:00,14.4148104279743,29.888,163.19533942660945,2074,681,374.8138326355074,175.40088932360186,150,5.0,19862,2023-08-22 16:45:00,2023-08-22 16:45:00,28.246861673648908,-96.24099207132178,,2023-08-22,15290,0 days 00:15:00,615,5,False,False,,,,Free
2023-08-22 16:45:00,10.674369563936866,14.400001,89.48996758595177,2074,701,408.338868698096,300.52594704784303,82,5.0,19874,2023-08-22 16:45:00,2023-08-22 16:45:00,27.911611313022973,-94.9897415298352,,2023-08-22,14918,0 days 01:15:00,601,7,False,False,,,,Free
2023-08-22 16:45:00,5.004694667056246,11.733334,19.671843223869608,2074,710,423.1138613876968,284.2970297138773,18,5.0,19882,2023-08-22 16:45:00,2023-08-22 16:45:00,27.76386138612694,-95.15203069853732,,2023-08-22,15409,0 days 00:00:00,623,4,False,False,,,,Free
2023-08-22 16:45:00,2.3598672283412743,9.6,4.3738614296318366,2074,720,428.57142857142856,313.0,7,5.0,19889,2023-08-22 16:45:00,2023-08-22 16:45:00,27.709285714289614,-94.86500100387826,,2023-08-22,15308,0 days 00:15:00,616,3,False,False,,,,Free
2023-08-22 16:45:00,,,,2074,727,439.5,115.5,2,5.0,19895,2023-08-22 16:45:00,2023-08-22 16:45:00,27.60000000000388,-96.84000094744044,,2023-08-22,15312,0 days 00:15:00,617,3,False,False,,,,Free
2023-08-22 16:45:00,,,,2074,728,441.5679012382018,118.92283951207789,12,5.0,19896,2023-08-22 16:45:00,2023-08-22 16:45:00,27.579320987621863,-96.8057725532978,,2023-08-22,15313,0 days 00:15:00,618,4,False,False,,,,Free
2023-08-22 17:00:00,16.98836344361486,45.881695,226.6694383517441,2075,562,150.46002433031038,44.00220490445034,213,5.0,19918,2023-08-22 17:00:00,2023-08-22 17:00:00,30.49039975670123,-97.55497887796469,,2023-08-22,15323,0 days 00:15:00,619,3,False,False,,,,Free
2023-08-22 17:00:00,25.80863252466385,70.87576,523.1423384133768,2075,564,156.89747417713517,6.5599876753778,491,5.0,19920,2023-08-22 17:00:00,2023-08-22 17:00:00,30.42602525823297,-97.9294010395559,,2023-08-22,15147,0 days 00:45:00,612,4,False,False,,,,Free
2023-08-22 17:00:00,14.730237940163844,77.4,170.41562263051983,2075,573,159.06647097674775,100.10593926543368,160,5.0,19927,2023-08-22 17:00:00,2023-08-22 17:00:00,30.404335290236844,-96.99394155038708,,2023-08-22,15144,0 days 00:45:00,611,4,False,False,,,,Free
2023-08-22 17:00:00,4.533084396839163,49.279995,16.139032308441923,2075,592,259.0006022276539,330.61216500607543,15,5.0,19944,2023-08-22 17:00:00,2023-08-22 17:00:00,29.404993977727624,-94.6888793588504,,2023-08-22,15341,0 days 00:15:00,620,4,False,False,,,,Free
2023-08-22 17:00:00,12.450950135503067,79.94337,121.75726077454638,2075,601,272.5714285628378,268.05762460991315,113,5.0,19950,2023-08-22 17:00:00,2023-08-22 17:00:00,29.26928571437577,-95.31442474493632,,2023-08-22,15466,0 days 00:00:00,625,4,False,False,,,,Free
2023-08-22 17:00:00,9.939307638225108,23.200003,77.5893560137802,2075,605,274.7225274761863,415.1140109739177,72,5.0,19953,2023-08-22 17:00:00,2023-08-22 17:00:00,29.24777472524228,-93.84386092331933,,2023-08-22,15469,0 days 00:00:00,626,3,False,False,,,,Free
2023-08-22 17:00:00,14.423434372959116,27.846355,163.39066750737027,2075,631,318.5701779505306,307.31161227835577,151,5.0,19967,2023-08-22 17:00:00,2023-08-22 17:00:00,28.809298220498764,-94.9218848794692,,2023-08-22,15482,0 days 00:00:00,627,3,False,False,,,,Free
2023-08-22 17:00:00,7.519316643501239,22.946342,44.40650859378957,2075,648,327.0766512660928,303.892905693203,41,5.0,19975,2023-08-22 17:00:00,2023-08-22 17:00:00,28.72423348734313,-94.95607194434376,,2023-08-22,15270,0 days 00:30:00,614,3,False,False,,,,Free
2023-08-22 17:00:00,10.76893863845277,16.571428,91.0826559529166,2075,655,339.34241244706817,424.5060413789946,85,5.0,19980,2023-08-22 17:00:00,2023-08-22 17:00:00,28.60157587553336,-93.74994062195236,,2023-08-22,15374,0 days 00:15:00,621,3,False,False,,,,Free
2023-08-22 17:00:00,23.35790854764701,64.129944,428.506869721617,2075,671,370.8711261725912,123.33037446710266,394,5.0,19991,2023-08-22 17:00:00,2023-08-22 17:00:00,28.28628873827808,-96.76169720500708,,2023-08-22,15101,0 days 01:00:00,610,8,False,False,,,,Free
2023-08-22 17:00:00,15.113495154655109,35.840004,179.39887017669946,2075,672,368.1875711082529,163.00109853071623,167,5.0,19992,2023-08-22 17:00:00,2023-08-22 17:00:00,28.313124288921465,-96.36498997570726,,2023-08-22,15290,0 days 00:30:00,615,5,False,False,,,,Free
2023-08-22 17:00:00,3.535671729714268,9.6,9.818242476046342,2075,704,403.6666666666667,292.0,9,5.0,20011,2023-08-22 17:00:00,2023-08-22 17:00:00,27.958333333337272,-95.07500099787728,,2023-08-22,14918,0 days 01:30:00,601,7,False,False,,,,Free
2023-08-22 17:00:00,7.551944989235286,12.878049,44.792728403906686,2075,711,420.9103614685085,174.66168677123056,61,5.0,20016,2023-08-22 17:00:00,2023-08-22 17:00:00,27.785896385318825,-96.24838409663424,,2023-08-22,15518,0 days 00:00:00,628,3,False,False,,,,Free
2023-08-22 17:00:00,11.556457696598187,33.900005,104.8912712815895,2075,712,419.4892589375607,275.37507208277424,96,5.0,20017,2023-08-22 17:00:00,2023-08-22 17:00:00,27.800107410628307,-95.24125027229876,,2023-08-22,15409,0 days 00:15:00,623,4,False,False,,,,Free
2023-08-22 17:00:00,8.82717390486681,14.571428,61.197438823633874,2075,718,422.6078358182864,302.4276119336463,56,5.0,20021,2023-08-22 17:00:00,2023-08-22 17:00:00,27.768921641821045,-94.9707248815206,,2023-08-22,15308,0 days 00:30:00,616,3,False,False,,,,Free
2023-08-22 17:00:00,3.73255828280952,19.2,10.942160406640406,2075,728,436.2705735546977,107.82543641478972,14,5.0,20026,2023-08-22 17:00:00,2023-08-22 17:00:00,27.63229426445691,-96.91674658109946,,2023-08-22,15313,0 days 00:30:00,618,4,False,False,,,,Free
2023-08-22 17:15:00,16.33626040455275,24.02437,209.6018813654334,2076,505,148.32438321852408,29.47825390991053,200,5.0,20042,2023-08-22 17:15:00,2023-08-22 17:15:00,30.511756167819097,-97.7002183837597,,2023-08-22,15323,0 days 00:30:00,619,3,False,False,,,,Free
2023-08-22 17:15:00,14.2276693734736,76.929726,158.9854608568445,2076,523,242.9898549553008,79.4622003310771,148,5.0,20058,2023-08-22 17:15:00,2023-08-22 17:15:00,29.56510145045118,-97.20037893383152,,2023-08-22,15552,0 days 00:00:00,629,3,False,False,,,,Free
2023-08-22 17:15:00,7.401405912909848,75.840004,43.02474716103121,2076,526,256.5508893074127,323.1261292436351,40,5.0,20061,2023-08-22 17:15:00,2023-08-22 17:15:00,29.42949110693004,-94.76373971433554,,2023-08-22,15341,0 days 00:30:00,620,4,False,False,,,,Free
2023-08-22 17:15:00,10.924473586376138,31.779314,93.73265512598716,2076,537,273.0235213208785,406.4026096943088,87,5.0,20071,2023-08-22 17:15:00,2023-08-22 17:15:00,29.26476478679536,-93.93097493362598,,2023-08-22,15469,0 days 00:15:00,626,3,False,False,,,,Free
2023-08-22 17:15:00,11.379576423615116,30.331924,101.7049463444306,2076,562,317.30127664442387,295.7253485343301,94,5.0,20081,2023-08-22 17:15:00,2023-08-22 17:15:00,28.821987233559835,-95.03774751359856,,2023-08-22,15482,0 days 00:15:00,627,3,False,False,,,,Free
2023-08-22 17:15:00,9.244648136800748,16.87742,67.12289099615593,2076,566,323.089353606086,293.04807168398014,62,5.0,20084,2023-08-22 17:15:00,2023-08-22 17:15:00,28.764106463943204,-95.06452028133695,,2023-08-22,15270,0 days 00:45:00,614,3,False,False,,,,Free
2023-08-22 17:15:00,4.550318864629878,12.800002,16.261984522412334,2076,577,336.5753803649948,415.10926693052096,21,5.0,20093,2023-08-22 17:15:00,2023-08-22 17:15:00,28.629246196354096,-93.8439083637519,,2023-08-22,15374,0 days 00:30:00,621,3,False,False,,,,Free
2023-08-22 17:15:00,1.1757650590096729,9.6,1.0857528575077104,2076,587,352.5,43.5,2,5.0,20101,2023-08-22 17:15:00,2023-08-22 17:15:00,28.47000000000402,-97.56000092686564,,2023-08-22,15588,0 days 00:00:00,630,3,False,False,,,,Free
2023-08-22 17:15:00,23.11260185908669,36.559586,419.5537021336949,2076,588,364.1256462244613,109.9533750024909,387,5.0,20102,2023-08-22 17:15:00,2023-08-22 17:15:00,28.35374353775939,-96.89546719583058,,2023-08-22,15101,0 days 01:15:00,610,8,False,False,,,,Free
2023-08-22 17:15:00,13.81817147763642,23.304348,149.96538850439262,2076,591,362.8564767179499,152.48676203948727,139,5.0,20104,2023-08-22 17:15:00,2023-08-22 17:15:00,28.366435232824504,-96.47013333761498,,2023-08-22,15290,0 days 00:45:00,615,5,False,False,,,,Free
2023-08-22 17:15:00,12.644569198676429,51.422604,125.57348762944146,2076,627,414.5931517408765,265.4041509232029,115,5.0,20126,2023-08-22 17:15:00,2023-08-22 17:15:00,27.84906848259516,-95.34095948104522,,2023-08-22,15409,0 days 00:30:00,623,4,False,False,,,,Free
2023-08-22 17:15:00,9.795711907923003,12.3826065,75.36364400540484,2076,630,416.60384766560895,166.19945033615895,69,5.0,20128,2023-08-22 17:15:00,2023-08-22 17:15:00,27.82896152334783,-96.3330064585668,,2023-08-22,15518,0 days 00:15:00,628,3,False,False,,,,Free
2023-08-22 17:15:00,1.6687545736287643,9.6,2.1871311164672886,2076,640,430.0,94.5,2,5.0,20134,2023-08-22 17:15:00,2023-08-22 17:15:00,27.695000000003898,-97.05000094143952,,2023-08-22,15312,0 days 00:45:00,617,3,False,False,,,,Free
2023-08-22 17:15:00,2.043954584107448,12.8,3.2811974456564923,2076,641,431.80341879993546,96.80341879993544,3,5.0,20135,2023-08-22 17:15:00,2023-08-22 17:15:00,27.67696581200454,-97.02696675409834,,2023-08-22,15313,0 days 00:45:00,618,4,False,False,,,,Free
2023-08-22 17:30:00,15.019371771643112,58.414547,177.17131811339675,2077,446,239.41060202561945,65.35906684539354,165,5.0,20166,2023-08-22 17:30:00,2023-08-22 17:30:00,29.600893979748,-97.34141026465824,,2023-08-22,15552,0 days 00:15:00,629,3,False,False,,,,Free
2023-08-22 17:30:00,6.61899939154015,19.5,34.40919905949176,2077,448,253.23103447490584,313.5043103240971,32,5.0,20168,2023-08-22 17:30:00,2023-08-22 17:30:00,29.462689655255115,-94.8599579007814,,2023-08-22,15341,0 days 00:45:00,620,4,False,False,,,,Free
2023-08-22 17:30:00,14.57793264190902,52.52129,166.909770428345,2077,455,269.0934779242036,246.381206752341,157,5.0,20174,2023-08-22 17:30:00,2023-08-22 17:30:00,29.304065220762112,-95.53118891731782,,2023-08-22,15466,0 days 00:30:00,625,4,False,False,,,,Free
2023-08-22 17:30:00,10.669251841648997,23.016869,89.40417797360203,2077,461,271.05221307940747,397.723032098169,86,5.0,20178,2023-08-22 17:30:00,2023-08-22 17:30:00,29.284477869210072,-94.0177707071071,,2023-08-22,15469,0 days 00:30:00,626,3,False,False,,,,Free
2023-08-22 17:30:00,14.373929719660223,26.112,162.2710011168455,2077,486,315.51308568111523,281.75348425429894,151,5.0,20196,2023-08-22 17:30:00,2023-08-22 17:30:00,28.839869143192924,-95.17746615240624,,2023-08-22,15482,0 days 00:30:00,627,3,False,False,,,,Free
2023-08-22 17:30:00,3.109961094904065,9.599999,7.59625951912188,2077,499,347.25,26.25,8,5.0,20206,2023-08-22 17:30:00,2023-08-22 17:30:00,28.522500000004023,-97.73250092193632,,2023-08-22,15588,0 days 00:15:00,630,3,False,False,,,,Free
2023-08-22 17:30:00,18.1028335380824,15.959496,257.3848601094824,2077,500,355.3224571193015,96.68880206599565,240,5.0,20207,2023-08-22 17:30:00,2023-08-22 17:30:00,28.441775428811,-97.028112921405,,2023-08-22,15101,0 days 01:30:00,610,8,False,False,,,,Free
2023-08-22 17:30:00,6.333257119837188,9.931036,31.50243480248758,2077,504,358.382113813784,143.13550134415732,30,5.0,20209,2023-08-22 17:30:00,2023-08-22 17:30:00,28.41117886186617,-96.56364594189604,,2023-08-22,15290,0 days 01:00:00,615,5,False,False,,,,Free
2023-08-22 17:30:00,13.17996088006483,35.404804,136.43259001680764,2077,534,409.8609166839798,254.0203126228893,125,5.0,20233,2023-08-22 17:30:00,2023-08-22 17:30:00,27.89639083316413,-95.45479786079528,,2023-08-22,15409,0 days 00:45:00,623,4,False,False,,,,Free
2023-08-22 17:30:00,,,,2077,537,412.6666666666667,156.66666666666666,15,5.0,20236,2023-08-22 17:30:00,2023-08-22 17:30:00,27.86833333333725,-96.4283342925376,,2023-08-22,15518,0 days 00:30:00,628,3,False,False,,,,Free
2023-08-22 17:45:00,14.364975695351438,28.03709,162.06889550462353,2078,430,236.10619209319623,49.81918009912861,151,5.0,20272,2023-08-22 17:45:00,2023-08-22 17:45:00,29.63393807907224,-97.4968091276802,,2023-08-22,15552,0 days 00:30:00,629,3,False,False,,,,Free
2023-08-22 17:45:00,12.77329525605913,43.885708,128.14326445727838,2078,445,267.92544408683693,237.17335866231068,119,5.0,20283,2023-08-22 17:45:00,2023-08-22 17:45:00,29.31574555913578,-95.62326739558688,,2023-08-22,15466,0 days 00:45:00,625,4,False,False,,,,Free
2023-08-22 17:45:00,2.6276695650579107,11.5199995,5.422897342202655,2078,479,341.71779140745355,8.14110429627324,5,5.0,20309,2023-08-22 17:45:00,2023-08-22 17:45:00,28.5778220859295,-97.91358987379874,,2023-08-22,15588,0 days 00:30:00,630,3,False,False,,,,Free
2023-08-22 17:45:00,6.54437204931918,11.458066,33.63766519584391,2078,482,346.7512487440153,83.58041958141894,31,5.0,20312,2023-08-22 17:45:00,2023-08-22 17:45:00,28.52748751256388,-97.15919674250488,,2023-08-22,15101,0 days 01:45:00,610,8,False,False,,,,Free
2023-08-22 17:45:00,24.31579243033332,81.46479,464.3727599884109,2078,502,396.56701169465344,25.04269696546163,435,5.0,20324,2023-08-22 17:45:00,2023-08-22 17:45:00,28.02932988305741,-97.74457395193669,,2023-08-22,15750,0 days 00:00:00,632,3,False,False,,,,Free
2023-08-22 18:00:00,9.725353822706612,26.713043,74.28492726913187,2079,377,265.36443732191674,226.47029768706665,69,5.0,20373,2023-08-22 18:00:00,2023-08-22 18:00:00,29.34135562678499,-95.7302980022808,,2023-08-22,15466,0 days 01:00:00,625,4,False,False,,,,Free
2023-08-22 18:00:00,24.95461239645424,84.26192,489.0931030474691,2079,418,389.99507790041895,15.793811729558298,455,5.0,20403,2023-08-22 18:00:00,2023-08-22 18:00:00,28.09504922099977,-97.83706280165272,,2023-08-22,15750,0 days 00:15:00,632,3,False,False,,,,Free
2023-08-22 18:00:00,5.27381797940865,9.600001,21.844401703466687,2079,442,416.9130434782609,291.3478260869565,23,5.0,20419,2023-08-22 18:00:00,2023-08-22 18:00:00,27.82586956522131,-95.08152273682134,,2023-08-22,15829,0 days 00:00:00,633,3,False,False,,,,Free
2023-08-22 18:15:00,6.473774966518943,15.174194,32.9158503522954,2080,326,127.8027901110208,393.9733671495623,31,5.0,20434,2023-08-22 18:15:00,2023-08-22 18:15:00,30.71697209889416,-94.05526735552166,,2023-08-22,15842,0 days 00:00:00,634,4,False,False,,,,Free
2023-08-22 18:15:00,18.0481561866715,109.11318,255.83241039394727,2080,388,383.35061502488384,6.704165014141157,239,5.0,20484,2023-08-22 18:15:00,2023-08-22 18:15:00,28.16149384975513,-97.92795926620948,,2023-08-22,15750,0 days 00:30:00,632,3,False,False,,,,Free
2023-08-22 18:15:00,7.074476606789167,14.399999,39.30777948812243,2080,407,413.6329787153095,284.8882978588491,36,5.0,20501,2023-08-22 18:15:00,2023-08-22 18:15:00,27.85867021285083,-95.14611801725653,,2023-08-22,15829,0 days 00:15:00,633,3,False,False,,,,Free
2023-08-22 18:30:00,10.96778204278838,80.251686,94.47730667455224,2081,349,125.48499418194018,388.1137157685955,89,5.0,20523,2023-08-22 18:30:00,2023-08-22 18:30:00,30.740150058184973,-94.1138638676569,,2023-08-22,15842,0 days 00:15:00,634,4,False,False,,,,Free
2023-08-22 18:30:00,7.166488929521775,15.157895,40.33692150807402,2081,350,125.22990271277357,372.7209421422722,39,5.0,20524,2023-08-22 18:30:00,2023-08-22 18:30:00,30.74270097287664,-94.26779159952144,,2023-08-22,15918,0 days 00:00:00,636,3,False,False,,,,Free
2023-08-22 18:30:00,4.3839562187407415,12.342856,15.094623951405186,2081,386,279.9965812000645,335.4034187999354,15,5.0,20546,2023-08-22 18:30:00,2023-08-22 18:30:00,29.195034188003486,-94.64096682228092,,2023-08-22,15938,0 days 00:00:00,637,3,False,False,,,,Free
2023-08-22 18:30:00,6.533181838885126,45.832256,33.522729573103625,2081,400,310.99004580835776,497.7569915866743,31,5.0,20558,2023-08-22 18:30:00,2023-08-22 18:30:00,28.885099541920507,-93.01743114080784,,2023-08-22,15948,0 days 00:00:00,638,3,False,False,,,,Free
2023-08-22 18:30:00,5.752275470731971,13.599999,25.987783075075047,2081,403,324.6598837201244,455.8401162798757,24,5.0,20560,2023-08-22 18:30:00,2023-08-22 18:30:00,28.748401162802818,-93.43659988189762,,2023-08-22,15950,0 days 00:00:00,639,3,False,False,,,,Free
2023-08-22 18:30:00,2.042013456135704,9.6,3.274968148987717,2081,430,410.5,276.5,6,5.0,20579,2023-08-22 18:30:00,2023-08-22 18:30:00,27.89000000000393,-95.23000099344802,,2023-08-22,15829,0 days 00:30:00,633,3,False,False,,,,Free
2023-08-22 18:45:00,10.780487387789352,53.134884,91.27811714523769,2082,262,123.85240121087205,365.4105227552408,86,5.0,20607,2023-08-22 18:45:00,2023-08-22 18:45:00,30.75647598789565,-94.34089579130271,,2023-08-22,15918,0 days 00:15:00,636,3,False,False,,,,Free
2023-08-22 18:45:00,10.654495297526882,51.54286,89.15704080541622,2082,263,124.17321464177836,384.1027214984788,84,5.0,20608,2023-08-22 18:45:00,2023-08-22 18:45:00,30.7532678535866,-94.15397380921183,,2023-08-22,15842,0 days 00:30:00,634,4,False,False,,,,Free
2023-08-22 18:45:00,8.858306522660548,35.873684,61.629875363109534,2082,295,309.02568474910186,490.95738153389215,57,5.0,20636,2023-08-22 18:45:00,2023-08-22 18:45:00,28.904743152513067,-93.08542723939264,,2023-08-22,15948,0 days 00:15:00,638,3,False,False,,,,Free
2023-08-22 18:45:00,6.641718208963738,25.8,34.64581425363755,2082,300,323.3437500106565,450.1890024351276,32,5.0,20638,2023-08-22 18:45:00,2023-08-22 18:45:00,28.7615624998975,-93.49311101873025,,2023-08-22,15950,0 days 00:15:00,639,3,False,False,,,,Free
2023-08-22 19:00:00,12.520222519685673,55.696556,123.1158524651776,2083,217,124.12807781272404,359.97456126438163,116,5.0,20672,2023-08-22 19:00:00,2023-08-22 19:00:00,30.75371922187713,-94.39525540465792,,2023-08-22,15918,0 days 00:30:00,636,3,False,False,,,,Free
2023-08-22 19:00:00,1.6439166296081162,9.6,2.122508601210802,2083,219,123.0,379.5,2,5.0,20673,2023-08-22 19:00:00,2023-08-22 19:00:00,30.765000000004378,-94.20000102288134,,2023-08-22,15842,0 days 00:45:00,634,4,False,False,,,,Free
2023-08-22 19:00:00,11.517331808408072,46.218555,104.18222755762716,2083,227,241.23030363776925,235.2785753843056,97,5.0,20681,2023-08-22 19:00:00,2023-08-22 19:00:00,29.5826969636265,-95.64221522782545,,2023-08-22,16035,0 days 00:00:00,640,3,False,False,,,,Free
2023-08-22 19:00:00,9.659455928543217,29.223528,73.28164540701283,2083,229,275.29176785411374,317.37943181587974,68,5.0,20683,2023-08-22 19:00:00,2023-08-22 19:00:00,29.242082321463,-94.82120668697092,,2023-08-22,15938,0 days 00:30:00,637,3,False,False,,,,Free
2023-08-22 19:00:00,7.419771034721081,12.960001,43.23852682343221,2083,237,306.9616834111778,482.2562813856624,40,5.0,20689,2023-08-22 19:00:00,2023-08-22 19:00:00,28.92538316589232,-93.17243823838844,,2023-08-22,15948,0 days 00:30:00,638,3,False,False,,,,Free
2023-08-22 19:00:00,7.427257091156687,14.159999,43.32582044458223,2083,240,327.745190053719,391.73345847305785,53,5.0,20692,2023-08-22 19:00:00,2023-08-22 19:00:00,28.717548099466867,-94.0776664416466,,2023-08-22,16041,0 days 00:00:00,641,3,False,False,,,,Free
2023-08-22 19:00:00,16.159968451898543,43.834927,205.10247380093344,2083,244,346.6182184916878,427.9815254124495,189,5.0,20695,2023-08-22 19:00:00,2023-08-22 19:00:00,28.52881781508715,-93.715185782611,,2023-08-22,16044,0 days 00:00:00,642,4,False,False,,,,Free
2023-08-22 19:00:00,72.34466362795945,125.32071,4110.57791684536,2083,245,409.8682052900252,57.83919759788447,4013,5.0,20696,2023-08-22 19:00:00,2023-08-22 19:00:00,27.896317947103675,-97.41660895498444,,2023-08-22,16045,0 days 00:00:00,643,3,False,False,,,,Free
2023-08-22 19:00:00,10.065811040787716,28.010958,79.5769753836218,2083,259,395.64689165315633,238.6701006503905,75,5.0,20709,2023-08-22 19:00:00,2023-08-22 19:00:00,28.03853108347239,-95.60829997613376,,2023-08-22,16054,0 days 00:00:00,644,3,False,False,,,,Free
2023-08-22 19:00:00,16.962258929479155,57.971016,225.9733678398604,2083,265,412.3149110462936,272.302051982088,207,5.0,20715,2023-08-22 19:00:00,2023-08-22 19:00:00,27.87185088954099,-95.27198047242751,,2023-08-22,16058,0 days 00:00:00,645,4,False,False,,,,Free
2023-08-22 19:00:00,11.87231405504326,16.253464,110.70331706583627,2083,273,454.9343656552655,270.6297730419373,101,5.0,20720,2023-08-22 19:00:00,2023-08-22 19:00:00,27.445656343451205,-95.28870326135116,,2023-08-22,16062,0 days 00:00:00,646,3,False,False,,,,Free
2023-08-22 19:15:00,11.574737699053664,20.375511,105.22336771260213,2084,186,238.5475717604349,224.7618101345336,99,5.0,20733,2023-08-22 19:15:00,2023-08-22 19:15:00,29.60952428239985,-95.74738287731788,,2023-08-22,16035,0 days 00:15:00,640,3,False,False,,,,Free
2023-08-22 19:15:00,10.343917734873097,52.8,84.0349599164215,2084,189,272.4821371261737,307.23699176477425,78,5.0,20736,2023-08-22 19:15:00,2023-08-22 19:15:00,29.270178628742407,-94.92263108458366,,2023-08-22,15938,0 days 00:45:00,637,3,False,False,,,,Free
2023-08-22 19:15:00,5.869252624804132,20.352001,27.0554951864423,2084,192,318.71495570719753,434.2626367990199,25,5.0,20739,2023-08-22 19:15:00,2023-08-22 19:15:00,28.807850442932097,-93.6523746705402,,2023-08-22,15950,0 days 00:45:00,639,3,False,False,,,,Free
2023-08-22 19:15:00,8.708080454851729,17.279999,59.557265183704025,2084,193,324.9010956471979,384.5747704943472,55,5.0,20740,2023-08-22 19:15:00,2023-08-22 19:15:00,28.745989043532084,-94.1492533193881,,2023-08-22,16041,0 days 00:15:00,641,3,False,False,,,,Free
2023-08-22 19:15:00,19.168274407216035,53.66616,288.573148131963,2084,195,344.07618651008835,418.38331096944086,267,5.0,20741,2023-08-22 19:15:00,2023-08-22 19:15:00,28.554238134903148,-93.81116792429827,,2023-08-22,16044,0 days 00:15:00,642,4,False,False,,,,Free
2023-08-22 19:15:00,73.21197676520288,135.06773,4209.729083605787,2084,196,402.6837560067376,50.89347441911045,3864,5.0,20742,2023-08-22 19:15:00,2023-08-22 19:15:00,27.968162439936563,-97.48606618478732,,2023-08-22,16045,0 days 00:15:00,643,3,False,False,,,,Free
2023-08-22 19:15:00,17.919317463622633,65.33793,252.192872652947,2084,198,364.56033551017214,400.5733797945949,232,5.0,20744,2023-08-22 19:15:00,2023-08-22 19:15:00,28.34939664490228,-93.98926723095737,,2023-08-22,16077,0 days 00:00:00,647,5,False,False,,,,Free
2023-08-22 19:15:00,15.82844945083838,23.549173,196.7735082166795,2084,199,366.1222374566011,445.3925061178813,181,5.0,20745,2023-08-22 19:15:00,2023-08-22 19:15:00,28.333777625437985,-93.54107598053209,,2023-08-22,16078,0 days 00:00:00,648,3,False,False,,,,Free
2023-08-22 19:15:00,11.775884957326824,51.36,108.91231512687604,2084,202,386.1243312944152,426.5740292949312,100,5.0,20747,2023-08-22 19:15:00,2023-08-22 19:15:00,28.13375668705981,-93.72926074338396,,2023-08-22,16080,0 days 00:00:00,649,7,False,False,,,,Free
2023-08-22 19:15:00,10.534842162720132,23.16,87.1657653521204,2084,205,390.78854625862976,229.49545704110955,80,5.0,20749,2023-08-22 19:15:00,2023-08-22 19:15:00,28.087114537417666,-95.70004640960484,,2023-08-22,16054,0 days 00:15:00,644,3,False,False,,,,Free
2023-08-22 19:15:00,17.992108879952404,61.88498,254.2459376844096,2084,211,407.6741784413353,262.894739238253,236,5.0,20755,2023-08-22 19:15:00,2023-08-22 19:15:00,27.91825821559058,-95.3660535971776,,2023-08-22,16058,0 days 00:15:00,645,4,False,False,,,,Free
2023-08-22 19:15:00,10.56437398646282,19.800001,87.65514563802421,2084,218,451.14222973610873,261.4371621531355,80,5.0,20761,2023-08-22 19:15:00,2023-08-22 19:15:00,27.483577702642776,-95.38062936761224,,2023-08-22,16062,0 days 00:15:00,646,3,False,False,,,,Free
2023-08-22 19:30:00,10.922679074730429,41.158623,93.70186361465052,2085,201,269.06879013160005,299.7991607252501,87,5.0,20780,2023-08-22 19:30:00,2023-08-22 19:30:00,29.304312098688147,-94.9970093928535,,2023-08-22,16106,0 days 00:00:00,650,3,False,False,,,,Free
2023-08-22 19:30:00,,,,2085,205,322.5,376.5,2,5.0,20783,2023-08-22 19:30:00,2023-08-22 19:30:00,28.770000000004067,-94.23000102202413,,2023-08-22,16041,0 days 00:30:00,641,3,False,False,,,,Free
2023-08-22 19:30:00,19.629024611651325,48.48172,302.6128184582554,2085,206,341.5989910440439,409.10188435069,279,5.0,20784,2023-08-22 19:30:00,2023-08-22 19:30:00,28.5790100895636,-93.90398218783356,,2023-08-22,16044,0 days 00:30:00,642,4,False,False,,,,Free
2023-08-22 19:30:00,60.539052888634416,157.84363,2878.4661455163964,2085,207,396.7796742544857,44.09110436758,3575,5.0,20785,2023-08-22 19:30:00,2023-08-22 19:30:00,28.02720325745909,-97.5540898833588,,2023-08-22,16045,0 days 00:30:00,643,3,False,False,,,,Free
2023-08-22 19:30:00,19.04040985333816,36.5313,284.7360568419241,2085,208,362.8721691974011,436.3000362268078,265,5.0,20786,2023-08-22 19:30:00,2023-08-22 19:30:00,28.36627830802999,-93.63200067684454,,2023-08-22,16078,0 days 00:15:00,648,3,False,False,,,,Free
2023-08-22 19:30:00,16.340621512798496,69.18964,209.7138064307239,2085,210,360.8263887789871,391.3104466815269,193,5.0,20788,2023-08-22 19:30:00,2023-08-22 19:30:00,28.38673611221413,-94.08189655944108,,2023-08-22,16077,0 days 00:15:00,647,5,False,False,,,,Free
2023-08-22 19:30:00,13.629423661673066,52.298508,145.8964969455237,2085,218,382.9160934125792,418.5121805232159,134,5.0,20794,2023-08-22 19:30:00,2023-08-22 19:30:00,28.165839065878178,-93.80987922879734,,2023-08-22,16080,0 days 00:15:00,649,7,False,False,,,,Free
2023-08-22 19:30:00,7.065436877968142,9.600001,39.20738912247324,2085,220,385.69444444444446,220.77777777777777,36,5.0,20796,2023-08-22 19:30:00,2023-08-22 19:30:00,28.13805555555952,-95.78722319974696,,2023-08-22,16054,0 days 00:30:00,644,3,False,False,,,,Free
2023-08-22 19:30:00,16.497690297907795,38.59592,213.76479099405748,2085,225,402.7237880642536,254.5048596699392,196,5.0,20800,2023-08-22 19:30:00,2023-08-22 19:30:00,27.967762119361403,-95.44995239046324,,2023-08-22,16058,0 days 00:30:00,645,4,False,False,,,,Free
2023-08-22 19:30:00,2.3618071593713585,9.6,4.381055458985193,2085,238,447.2,254.6,5,5.0,20809,2023-08-22 19:30:00,2023-08-22 19:30:00,27.523000000003872,-95.44900098718983,,2023-08-22,16062,0 days 00:30:00,646,3,False,False,,,,Free
2023-08-22 19:30:00,3.129036605647504,9.599999,7.689731378488235,2085,244,480.0,85.0,7,5.0,20813,2023-08-22 19:30:00,2023-08-22 19:30:00,27.19500000000382,-97.14500093872476,,2023-08-22,16126,0 days 00:00:00,651,3,False,False,,,,Free
2023-08-22 19:45:00,11.630246889874742,28.99394,106.2350311681343,2086,170,232.2363391335322,199.2812999338569,99,5.0,20824,2023-08-22 19:45:00,2023-08-22 19:45:00,29.672636608668885,-96.00218797204332,,2023-08-22,16035,0 days 00:45:00,640,3,False,False,,,,Free
2023-08-22 19:45:00,6.30520661494414,22.510342,31.22399914574176,2086,173,265.981094919261,290.8936589062884,29,5.0,20827,2023-08-22 19:45:00,2023-08-22 19:45:00,29.335189050811543,-95.08606440849826,,2023-08-22,16106,0 days 00:15:00,650,3,False,False,,,,Free
2023-08-22 19:45:00,18.90948979183679,46.183784,280.8338820971469,2086,175,337.94748094566535,399.4020400479119,259,5.0,20829,2023-08-22 19:45:00,2023-08-22 19:45:00,28.615525190547388,-94.00098062808944,,2023-08-22,16044,0 days 00:45:00,642,4,False,False,,,,Free
2023-08-22 19:45:00,18.745874889327457,37.568504,275.9950606461971,2086,178,360.3134519647187,427.601784262716,254,5.0,20832,2023-08-22 19:45:00,2023-08-22 19:45:00,28.39186548035682,-93.7189831939998,,2023-08-22,16078,0 days 00:30:00,648,3,False,False,,,,Free
2023-08-22 19:45:00,13.865223518075055,50.00288,150.98841690953685,2086,181,358.57523959979056,380.97281147390817,140,5.0,20834,2023-08-22 19:45:00,2023-08-22 19:45:00,28.409247604006104,-94.18527290856316,,2023-08-22,16077,0 days 00:30:00,647,5,False,False,,,,Free
2023-08-22 19:45:00,14.657213708200048,63.607742,168.7301612459213,2086,187,380.2471544006386,408.0054380420892,155,5.0,20837,2023-08-22 19:45:00,2023-08-22 19:45:00,28.19252845599759,-93.91494665060624,,2023-08-22,16080,0 days 00:30:00,649,7,False,False,,,,Free
2023-08-22 19:45:00,9.857886756630048,11.382856,76.32336877092158,2086,190,397.81842105048514,244.75570174331443,72,5.0,20840,2023-08-22 19:45:00,2023-08-22 19:45:00,28.01681578949909,-95.54744396694356,,2023-08-22,16058,0 days 00:45:00,645,4,False,False,,,,Free
2023-08-22 19:45:00,2.6402202227807896,9.6,5.474824320061924,2086,208,444.0,105.8,5,5.0,20853,2023-08-22 19:45:00,2023-08-22 19:45:00,27.55500000000388,-96.93700094466855,,2023-08-22,16154,0 days 00:00:00,652,3,False,False,,,,Free
2023-08-22 19:45:00,2.896470047839044,9.599999,6.589128316599494,2086,210,476.5,78.0,6,5.0,20855,2023-08-22 19:45:00,2023-08-22 19:45:00,27.230000000003827,-97.21500093672444,,2023-08-22,16126,0 days 00:15:00,651,3,False,False,,,,Free
2023-08-22 20:00:00,9.717863809352092,49.09715,74.17054976623295,2087,187,107.81877673188716,52.3212388456293,70,5.0,20868,2023-08-22 20:00:00,2023-08-22 20:00:00,30.91681223268553,-97.47178854093016,,2023-08-22,16167,0 days 00:00:00,653,3,False,False,,,,Free
2023-08-22 20:00:00,12.597081387390611,84.73044,124.63205383206206,2087,192,333.7339295552474,385.27222161892536,115,5.0,20872,2023-08-22 20:00:00,2023-08-22 20:00:00,28.657660704451573,-94.1422788083416,,2023-08-22,16170,0 days 00:00:00,654,5,False,False,,,,Free
2023-08-22 20:00:00,11.155329770444633,25.173334,97.7360330991388,2087,196,355.23287067646714,370.2953293486774,90,5.0,20876,2023-08-22 20:00:00,2023-08-22 20:00:00,28.442671293239343,-94.29204772676428,,2023-08-22,16077,0 days 00:45:00,647,5,False,False,,,,Free
2023-08-22 20:00:00,15.749443176217758,91.65587,194.81405630745323,2087,201,377.3533659124338,398.12621685216726,179,5.0,20881,2023-08-22 20:00:00,2023-08-22 20:00:00,28.22146634087964,-94.01373885968236,,2023-08-22,16080,0 days 00:45:00,649,7,False,False,,,,Free
2023-08-22 20:00:00,6.868294752108884,20.329412,37.04995889964968,2087,206,391.5801995453997,299.51957023045816,34,5.0,20884,2023-08-22 20:00:00,2023-08-22 20:00:00,28.07919800454996,-94.99980529772148,,2023-08-22,16180,0 days 00:00:00,656,7,False,False,,,,Free
2023-08-22 20:00:00,4.572287095497209,12.160001,16.419384215716267,2087,224,440.564245811048,101.38919925727068,15,5.0,20897,2023-08-22 20:00:00,2023-08-22 20:00:00,27.589357541893403,-96.98110895083543,,2023-08-22,16154,0 days 00:15:00,652,3,False,False,,,,Free
2023-08-22 20:00:00,,,,2087,238,473.5,73.5,2,5.0,20908,2023-08-22 20:00:00,2023-08-22 20:00:00,27.260000000003828,-97.26000093543848,,2023-08-22,16126,0 days 00:30:00,651,3,False,False,,,,Free
2023-08-22 20:15:00,11.437920407590568,37.70722,102.75051838543776,2088,163,105.8355784835123,44.31367236383988,98,5.0,20916,2023-08-22 20:15:00,2023-08-22 20:15:00,30.93664421516928,-97.5518642034598,,2023-08-22,16167,0 days 00:15:00,653,3,False,False,,,,Free
2023-08-22 20:15:00,1.6550963705918478,9.6,2.151475743330056,2088,165,257.0,270.5,2,5.0,20917,2023-08-22 20:15:00,2023-08-22 20:15:00,29.425000000004168,-95.29000099173344,,2023-08-22,16106,0 days 00:45:00,650,3,False,False,,,,Free
2023-08-22 20:15:00,12.649892125291812,70.344826,125.67923407908631,2088,167,330.5972559573394,376.0729287625092,116,5.0,20918,2023-08-22 20:15:00,2023-08-22 20:15:00,28.68902744043066,-94.23427173427694,,2023-08-22,16170,0 days 00:15:00,654,5,False,False,,,,Free
2023-08-22 20:15:00,10.24937982687272,17.052635,82.50590964589942,2088,171,351.5462882087668,357.85480349089926,76,5.0,20922,2023-08-22 20:15:00,2023-08-22 20:15:00,28.47953711791635,-94.41645298178702,,2023-08-22,16077,0 days 01:00:00,647,5,False,False,,,,Free
2023-08-22 20:15:00,13.775393908709864,109.03358,149.0383157865174,2088,174,374.136798986291,389.0519849943036,139,5.0,20924,2023-08-22 20:15:00,2023-08-22 20:15:00,28.253632010141075,-94.1044811756679,,2023-08-22,16080,0 days 01:00:00,649,7,False,False,,,,Free
2023-08-22 20:15:00,10.985067113722865,70.289665,94.77533115584752,2088,179,388.6130417664743,290.84359695376725,87,5.0,20929,2023-08-22 20:15:00,2023-08-22 20:15:00,28.10886958233922,-95.08656502800916,,2023-08-22,16180,0 days 00:15:00,656,7,False,False,,,,Free
2023-08-22 20:15:00,1.6689837614382272,9.6,2.187731921665916,2088,193,433.0,68.5,2,5.0,20942,2023-08-22 20:15:00,2023-08-22 20:15:00,27.665000000003893,-97.31000093400974,,2023-08-22,16217,0 days 00:00:00,657,3,False,False,,,,Free
2023-08-22 20:30:00,,,,2089,221,101.5,36.5,2,5.0,20962,2023-08-22 20:30:00,2023-08-22 20:30:00,30.98000000000441,-97.6300009248654,,2023-08-22,16167,0 days 00:30:00,653,3,False,False,,,,Free
2023-08-22 20:30:00,15.130675447549498,33.021687,179.8069659756733,2089,232,327.3559125711252,366.0359949815947,167,5.0,20967,2023-08-22 20:30:00,2023-08-22 20:30:00,28.721440874292806,-94.33464106921792,,2023-08-22,16170,0 days 00:30:00,654,5,False,False,,,,Free
2023-08-22 20:30:00,15.50668722573772,33.820694,188.8547600576396,2089,233,348.34705274941047,397.1578926158844,174,5.0,20968,2023-08-22 20:30:00,2023-08-22 20:30:00,28.51152947250992,-94.02342210176846,,2023-08-22,16237,0 days 00:00:00,658,3,False,False,,,,Free
2023-08-22 20:30:00,7.246439460713712,10.610527,41.24195252568222,2089,235,348.87429643040446,348.5168855360987,38,5.0,20970,2023-08-22 20:30:00,2023-08-22 20:30:00,28.50625703569998,-94.5098321586666,,2023-08-22,16238,0 days 00:00:00,659,3,False,False,,,,Free
2023-08-22 20:30:00,15.610474904836137,36.654545,191.3912647169676,2089,243,370.1622367737298,380.263962078891,177,5.0,20974,2023-08-22 20:30:00,2023-08-22 20:30:00,28.293377632266694,-94.19236140231078,,2023-08-22,16080,0 days 01:15:00,649,7,False,False,,,,Free
2023-08-22 20:30:00,13.373408878935376,66.8279,140.4669418121069,2089,248,384.5408109260774,281.95940214452924,129,5.0,20979,2023-08-22 20:30:00,2023-08-22 20:30:00,28.1495918907432,-95.17540697356276,,2023-08-22,16180,0 days 00:30:00,656,7,False,False,,,,Free
2023-08-22 20:30:00,2.639039856626177,9.6,5.469930142886157,2089,274,433.8333333333333,89.16666666666667,6,5.0,20999,2023-08-22 20:30:00,2023-08-22 20:30:00,27.65666666667056,-97.10333427324878,,2023-08-22,16154,0 days 00:45:00,652,3,False,False,,,,Free
2023-08-22 20:45:00,13.336484100558907,21.80465,139.69233747091656,2090,158,325.1018833350606,355.8663297910048,131,5.0,21016,2023-08-22 20:45:00,2023-08-22 20:45:00,28.74398116665345,-94.43633771821771,,2023-08-22,16170,0 days 00:45:00,654,5,False,False,,,,Free
2023-08-22 20:45:00,13.555105887745206,45.545864,144.3097619672215,2090,159,344.90309790417086,386.5193803883144,134,5.0,21017,2023-08-22 20:45:00,2023-08-22 20:45:00,28.54596902096232,-94.12980722100411,,2023-08-22,16237,0 days 00:15:00,658,3,False,False,,,,Free
2023-08-22 20:45:00,2.879160444723533,9.599999,6.510609021482177,2090,162,346.6666666666667,337.8333333333333,6,5.0,21020,2023-08-22 20:45:00,2023-08-22 20:45:00,28.52833333333736,-94.61666767764132,,2023-08-22,16238,0 days 00:15:00,659,3,False,False,,,,Free
2023-08-22 20:45:00,12.506576280759692,16.736284,122.8476219680999,2090,171,367.444394326462,369.9779080209922,114,5.0,21024,2023-08-22 20:45:00,2023-08-22 20:45:00,28.32055605673937,-94.2952219399504,,2023-08-22,16080,0 days 01:30:00,649,7,False,False,,,,Free
2023-08-22 20:45:00,15.838803696612814,100.77348,197.0310328305244,2090,178,380.5031093165081,274.74757426668094,181,5.0,21029,2023-08-22 20:45:00,2023-08-22 20:45:00,28.18996890683889,-95.24752525028038,,2023-08-22,16180,0 days 00:45:00,656,7,False,False,,,,Free
2023-08-22 20:45:00,4.71785235596425,30.0,17.481495092352926,2090,191,420.48770167770857,55.45146792668773,35,5.0,21039,2023-08-22 20:45:00,2023-08-22 20:45:00,27.790122983226823,-97.44048625101408,,2023-08-22,16217,0 days 00:30:00,657,3,False,False,,,,Free
2023-08-22 20:45:00,2.646574968049631,9.6,5.501210742683798,2090,207,497.4,73.8,5,5.0,21048,2023-08-22 20:45:00,2023-08-22 20:45:00,27.02100000000379,-97.25700093552422,,2023-08-22,16296,0 days 00:00:00,660,3,False,False,,,,Free
2023-08-22 21:00:00,2.625564532486147,9.6,5.414212229547964,2091,158,324.8,345.6,5,5.0,21050,2023-08-22 21:00:00,2023-08-22 21:00:00,28.74700000000406,-94.53900101319408,,2023-08-22,16170,0 days 01:00:00,654,5,False,False,,,,Free
2023-08-22 21:00:00,8.794001575212514,29.485714,60.738345761108114,2091,160,341.9305717699428,327.8574971100233,56,5.0,21052,2023-08-22 21:00:00,2023-08-22 21:00:00,28.575694282304607,-94.71642603702372,,2023-08-22,16238,0 days 00:30:00,659,3,False,False,,,,Free
2023-08-22 21:00:00,6.546372743908189,22.296774,33.65823523106015,2091,165,353.2778813843762,327.83215215621664,31,5.0,21056,2023-08-22 21:00:00,2023-08-22 21:00:00,28.462221186160257,-94.71667948655454,,2023-08-22,16302,0 days 00:00:00,661,3,False,False,,,,Free
2023-08-22 21:00:00,18.273407878578784,111.69461,262.2581405656552,2091,174,376.61098882781886,266.490009118644,241,5.0,21063,2023-08-22 21:00:00,2023-08-22 21:00:00,28.2288901117258,-95.33010089940107,,2023-08-22,16180,0 days 01:00:00,656,7,False,False,,,,Free
2023-08-22 21:00:00,2.3616459900109708,9.6,4.380457554273502,2091,192,445.5,149.0,4,5.0,21078,2023-08-22 21:00:00,2023-08-22 21:00:00,27.54000000000387,-96.50500095701346,,2023-08-22,16320,0 days 00:00:00,662,3,False,False,,,,Free
2023-08-22 21:00:00,5.013620400300091,12.266667,19.742074162119813,2091,195,462.6162079418171,290.3807339573289,18,5.0,21080,2023-08-22 21:00:00,2023-08-22 21:00:00,27.36883792058568,-95.09119365784125,,2023-08-22,16322,0 days 00:00:00,663,3,False,False,,,,Free
2023-08-22 21:00:00,14.827626350966565,43.903183,172.6764646236378,2091,199,492.7378106807324,274.59373262331115,157,5.0,21084,2023-08-22 21:00:00,2023-08-22 21:00:00,27.06762189319648,-95.24906366667012,,2023-08-22,16325,0 days 00:00:00,664,3,False,False,,,,Free
2023-08-22 21:00:00,4.733343375643699,11.4,17.596484184294077,2091,204,492.60934579372616,67.26168224215768,17,5.0,21088,2023-08-22 21:00:00,2023-08-22 21:00:00,27.06890654206654,-97.32238411123429,,2023-08-22,16296,0 days 00:15:00,660,3,False,False,,,,Free
2023-08-22 21:15:00,12.04346023135354,14.81143,113.91802504403358,2092,152,345.31605512803026,365.15006795072594,105,5.0,21093,2023-08-22 21:15:00,2023-08-22 21:15:00,28.541839448723728,-94.34350033927348,,2023-08-22,16237,0 days 00:45:00,658,3,False,False,,,,Free
2023-08-22 21:15:00,5.759003442296598,14.8,26.048610244259034,2092,157,349.3639455771832,317.2644557718313,24,5.0,21097,2023-08-22 21:15:00,2023-08-22 21:15:00,28.501360544232192,-94.82235644737858,,2023-08-22,16302,0 days 00:15:00,661,3,False,False,,,,Free
2023-08-22 21:15:00,5.878535903772814,21.887999,27.14114913791344,2092,158,351.9208905732908,237.7081951665168,25,5.0,21098,2023-08-22 21:15:00,2023-08-22 21:15:00,28.47579109427112,-95.61791903069764,,2023-08-22,16336,0 days 00:00:00,665,4,False,False,,,,Free
2023-08-22 21:15:00,18.45800320640556,109.03414,267.583491084974,2092,162,372.4250029321676,256.3885533308247,247,5.0,21102,2023-08-22 21:15:00,2023-08-22 21:15:00,28.27074997068231,-95.43111545439268,,2023-08-22,16180,0 days 01:15:00,656,7,False,False,,,,Free
2023-08-22 21:15:00,,,,2092,175,416.42035398300106,43.65597345325295,8,5.0,21114,2023-08-22 21:15:00,2023-08-22 21:15:00,27.830796460173907,-97.5584411923777,,2023-08-22,16217,0 days 01:00:00,657,3,False,False,,,,Free
2023-08-22 21:15:00,8.51311102958552,16.615383,56.920207750164735,2092,181,441.0180742553034,141.86822214250876,53,5.0,21116,2023-08-22 21:15:00,2023-08-22 21:15:00,27.58481925745085,-96.5763187335504,,2023-08-22,16320,0 days 00:15:00,662,3,False,False,,,,Free
2023-08-22 21:15:00,10.095062644093268,18.279453,80.0401544309284,2092,184,458.477615024956,282.2366412237772,73,5.0,21119,2023-08-22 21:15:00,2023-08-22 21:15:00,27.41022384975429,-95.17263458284953,,2023-08-22,16322,0 days 00:15:00,663,3,False,False,,,,Free
2023-08-22 21:15:00,15.425951321548927,31.171766,186.8933266789899,2092,191,488.8826484750172,265.15126500989413,172,5.0,21123,2023-08-22 21:15:00,2023-08-22 21:15:00,27.10617351525364,-95.34348834010603,,2023-08-22,16325,0 days 00:15:00,664,3,False,False,,,,Free
2023-08-22 21:15:00,8.023962045138036,10.852174,50.56704935692821,2092,192,487.8164933072048,61.34621099412109,46,5.0,21124,2023-08-22 21:15:00,2023-08-22 21:15:00,27.11683506693176,-97.3815388220242,,2023-08-22,16296,0 days 00:30:00,660,3,False,False,,,,Free
2023-08-22 21:15:00,5.798488525792706,20.000002,26.40702554580429,2092,194,497.8944444441796,133.45611111797226,24,5.0,21126,2023-08-22 21:15:00,2023-08-22 21:15:00,27.016055555561994,-96.6604398413919,,2023-08-22,16354,0 days 00:00:00,666,6,False,False,,,,Free
2023-08-22 21:30:00,8.394700272400346,12.423529,55.34778821065961,2093,188,347.97147385494225,229.7316428915625,51,5.0,21135,2023-08-22 21:30:00,2023-08-22 21:30:00,28.515285261454604,-95.6976845511678,,2023-08-22,16336,0 days 00:15:00,665,4,False,False,,,,Free
2023-08-22 21:30:00,,,,2093,189,344.5,304.5,6,5.0,21136,2023-08-22 21:30:00,2023-08-22 21:30:00,28.55000000000404,-94.95000100144932,,2023-08-22,16302,0 days 00:30:00,661,3,False,False,,,,Free
2023-08-22 21:30:00,21.04832174340601,80.1,347.95639991380415,2093,196,368.377771316629,246.4444740340894,320,5.0,21141,2023-08-22 21:30:00,2023-08-22 21:30:00,28.311222286837705,-95.53055624451838,,2023-08-22,16180,0 days 01:30:00,656,7,False,False,,,,Free
2023-08-22 21:30:00,1.6674124529811392,9.6,2.183614465834771,2093,215,412.5,187.0,2,5.0,21157,2023-08-22 21:30:00,2023-08-22 21:30:00,27.870000000003927,-96.12500096787238,,2023-08-22,16378,0 days 00:00:00,668,3,False,False,,,,Free
2023-08-22 21:30:00,7.371017508530745,13.046155,42.67217377572731,2093,223,436.16771356178106,133.92902009790618,40,5.0,21162,2023-08-22 21:30:00,2023-08-22 21:30:00,27.63332286438608,-96.65571075172772,,2023-08-22,16320,0 days 00:30:00,662,3,False,False,,,,Free
2023-08-22 21:30:00,8.840469073486272,10.971429,61.38192436956037,2093,227,455.7308612351496,274.2027512019033,56,5.0,21164,2023-08-22 21:30:00,2023-08-22 21:30:00,27.43769138765236,-95.25297348077248,,2023-08-22,16322,0 days 00:30:00,663,3,False,False,,,,Free
2023-08-22 21:30:00,8.529983824459123,9.969232,57.14606049301485,2093,239,484.3753869965041,255.83668730918671,52,5.0,21170,2023-08-22 21:30:00,2023-08-22 21:30:00,27.15124613003877,-95.43663411445137,,2023-08-22,16325,0 days 00:30:00,664,3,False,False,,,,Free
2023-08-22 21:30:00,13.544283456924948,39.425953,144.07941939918965,2093,240,493.09336869539095,126.8849690418518,132,5.0,21171,2023-08-22 21:30:00,2023-08-22 21:30:00,27.06406631304989,-96.72615126027534,,2023-08-22,16354,0 days 00:15:00,666,6,False,False,,,,Free
2023-08-22 21:45:00,7.883541308793439,34.346664,48.81267144461805,2094,144,343.08344690886867,220.52142964184392,45,5.0,21176,2023-08-22 21:45:00,2023-08-22 21:45:00,28.564165530915343,-95.78978668103304,,2023-08-22,16336,0 days 00:30:00,665,4,False,False,,,,Free
2023-08-22 21:45:00,1.6669502581071511,9.6,2.182404068812895,2094,163,406.5,177.0,2,5.0,21194,2023-08-22 21:45:00,2023-08-22 21:45:00,27.930000000003936,-96.22500096501476,,2023-08-22,16378,0 days 00:15:00,668,3,False,False,,,,Free
2023-08-22 21:45:00,6.786741905860837,12.800001,36.1753339245744,2094,175,457.7473275051541,179.1963071026651,54,5.0,21205,2023-08-22 21:45:00,2023-08-22 21:45:00,27.41752672495232,-96.20303789461576,,2023-08-22,16412,0 days 00:00:00,669,9,False,False,,,,Free
2023-08-22 21:45:00,14.68145198969735,36.21818,169.28867267519738,2094,184,486.6400542553489,119.03209108973412,167,5.0,21210,2023-08-22 21:45:00,2023-08-22 21:45:00,27.12859945745032,-96.80468003755249,,2023-08-22,16354,0 days 00:30:00,666,6,False,False,,,,Free
2023-08-22 22:00:00,5.511438675992549,13.963638,23.85722027314568,2095,120,340.1693711940079,212.84279917902768,22,5.0,21216,2023-08-22 22:00:00,2023-08-22 22:00:00,28.59330628806396,-95.866572983467,,2023-08-22,16336,0 days 00:45:00,665,4,False,False,,,,Free
2023-08-22 22:00:00,5.886209554491652,37.247997,27.212053743269163,2095,129,379.7161994713025,63.75787648383299,25,5.0,21223,2023-08-22 22:00:00,2023-08-22 22:00:00,28.19783800529095,-97.35742216781624,,2023-08-22,16428,0 days 00:00:00,670,3,False,False,,,,Free
2023-08-22 22:00:00,2.040974088863216,9.6,3.271635136244125,2095,134,398.5,166.5,6,5.0,21228,2023-08-22 22:00:00,2023-08-22 22:00:00,28.01000000000395,-96.33000096201432,,2023-08-22,16378,0 days 00:30:00,668,3,False,False,,,,Free
2023-08-22 22:00:00,11.513017745759086,30.821058,104.10419481727162,2095,143,452.8363443926715,168.86726884865436,96,5.0,21234,2023-08-22 22:00:00,2023-08-22 22:00:00,27.466636556077148,-96.3063282742042,,2023-08-22,16412,0 days 00:15:00,669,9,False,False,,,,Free
2023-08-22 22:00:00,13.328056813139176,29.177956,139.51585084581595,2095,149,480.2408597894658,109.8381713045281,129,5.0,21239,2023-08-22 22:00:00,2023-08-22 22:00:00,27.19259140210916,-96.89661923277724,,2023-08-22,16354,0 days 00:45:00,666,6,False,False,,,,Free
2023-08-22 22:15:00,13.768025516558891,30.621899,148.87891866730035,2096,108,361.5709646431238,235.3676714350244,137,5.0,21248,2023-08-22 22:15:00,2023-08-22 22:15:00,28.379290353572767,-95.64132426734376,,2023-08-22,16443,0 days 00:00:00,672,5,False,False,,,,Free
2023-08-22 22:15:00,8.568193099018782,53.977364,57.65916813190354,2096,110,374.7412743786443,54.09438323591,53,5.0,21250,2023-08-22 22:15:00,2023-08-22 22:15:00,28.247587256217543,-97.45405709753402,,2023-08-22,16428,0 days 00:15:00,670,3,False,False,,,,Free
2023-08-22 22:15:00,9.639342081437183,26.507463,72.97677498878869,2096,114,386.4423317156547,392.8263705836224,67,5.0,21253,2023-08-22 22:15:00,2023-08-22 22:15:00,28.13057668284742,-94.06673732085328,,2023-08-22,16444,0 days 00:00:00,673,3,False,False,,,,Free
2023-08-22 22:15:00,10.062621804286872,18.279453,79.52655727259176,2096,115,388.59768929506026,145.32102331558866,73,5.0,21254,2023-08-22 22:15:00,2023-08-22 22:15:00,28.10902310705336,-96.5417907228063,,2023-08-22,16445,0 days 00:00:00,674,4,False,False,,,,Free
2023-08-22 22:15:00,1.669288940408129,19.2,2.188532062243244,2096,129,437.0,30.5,2,5.0,21268,2023-08-22 22:15:00,2023-08-22 22:15:00,27.625000000003887,-97.69000092315082,,2023-08-22,16456,0 days 00:00:00,676,3,False,False,,,,Free
2023-08-22 22:15:00,15.214559311651072,41.75422,181.8061777965728,2096,130,447.43676654257087,157.99518129256705,166,5.0,21269,2023-08-22 22:15:00,2023-08-22 22:15:00,27.520632334578163,-96.41504914665823,,2023-08-22,16412,0 days 00:30:00,669,9,False,False,,,,Free
2023-08-22 22:15:00,10.37529914517414,19.200003,84.54562442469698,2096,132,474.9198542755835,101.09544626771503,78,5.0,21271,2023-08-22 22:15:00,2023-08-22 22:15:00,27.245801457248,-96.98404648064708,,2023-08-22,16354,0 days 01:00:00,666,6,False,False,,,,Free
2023-08-22 22:30:00,13.356384598334142,57.004646,140.10954205457364,2097,128,356.2517663868769,226.00667799290065,129,5.0,21279,2023-08-22 22:30:00,2023-08-22 22:30:00,28.432482336135244,-95.73493419908992,,2023-08-22,16443,0 days 00:15:00,672,5,False,False,,,,Free
2023-08-22 22:30:00,13.207343503334013,27.580954,137.0000822990004,2097,132,369.29433640431137,43.217769626472425,127,5.0,21283,2023-08-22 22:30:00,2023-08-22 22:30:00,28.30205663596088,-97.56282323052034,,2023-08-22,16428,0 days 00:30:00,670,3,False,False,,,,Free
2023-08-22 22:30:00,12.790434527822253,60.528816,128.48738172402267,2097,140,383.21265491417626,385.6967217833826,118,5.0,21289,2023-08-22 22:30:00,2023-08-22 22:30:00,28.162873450862207,-94.13803380681831,,2023-08-22,16444,0 days 00:15:00,673,3,False,False,,,,Free
2023-08-22 22:30:00,9.99105170793685,18.266666,78.39931978505342,2097,141,383.9001875326232,134.69285266104512,73,5.0,21290,2023-08-22 22:30:00,2023-08-22 22:30:00,28.155998124677737,-96.64807242631456,,2023-08-22,16445,0 days 00:15:00,674,4,False,False,,,,Free
2023-08-22 22:30:00,5.406981636280187,45.257145,22.961469062094064,2097,153,428.9292642320764,18.890229446685066,21,5.0,21300,2023-08-22 22:30:00,2023-08-22 22:30:00,27.70570735768313,-97.8060986253663,,2023-08-22,16456,0 days 00:15:00,676,3,False,False,,,,Free
2023-08-22 22:30:00,15.705930380852148,43.335594,193.7390730190397,2097,154,441.3126418339465,147.389129601066,177,5.0,21301,2023-08-22 22:30:00,2023-08-22 22:30:00,27.58187358166441,-96.52110966054248,,2023-08-22,16412,0 days 00:45:00,669,9,False,False,,,,Free
2023-08-22 22:30:00,2.044079302256445,44.8,3.2815978824960905,2097,155,432.5571095407867,24.08508158616977,6,5.0,21302,2023-08-22 22:30:00,2023-08-22 22:30:00,27.669428904596028,-97.75415010545596,,2023-08-22,16476,0 days 00:00:00,677,3,False,False,,,,Free
2023-08-22 22:30:00,5.286458606286015,10.560001,21.94924333880036,2097,158,469.08290155141714,92.95682211035265,21,5.0,21305,2023-08-22 22:30:00,2023-08-22 22:30:00,27.304170984489662,-97.065432719895,,2023-08-22,16354,0 days 01:15:00,666,6,False,False,,,,Free
2023-08-22 22:45:00,12.498207890703906,73.99646,122.68327756953582,2098,176,352.46238105290945,218.62737605538257,113,5.0,21317,2023-08-22 22:45:00,2023-08-22 22:45:00,28.470376189474923,-95.80872721635644,,2023-08-22,16443,0 days 00:30:00,672,5,False,False,,,,Free
2023-08-22 22:45:00,1.6636465160895977,9.6,2.173761993131268,2098,184,364.0,357.5,2,5.0,21323,2023-08-22 22:45:00,2023-08-22 22:45:00,28.355000000004,-94.4200010165946,,2023-08-22,16490,0 days 00:00:00,678,4,False,False,,,,Free
2023-08-22 22:45:00,20.0110823929763,61.08789,314.5075254647226,2098,186,378.98537896343504,93.5608018440011,292,5.0,21325,2023-08-22 22:45:00,2023-08-22 22:45:00,28.205146210369627,-97.05939292273108,,2023-08-22,16491,0 days 00:00:00,679,5,False,False,,,,Free
2023-08-22 22:45:00,9.04219987859458,26.033895,64.21523662419892,2098,192,378.8818694662445,122.46559228279092,59,5.0,21329,2023-08-22 22:45:00,2023-08-22 22:45:00,28.20618130534153,-96.77034502660308,,2023-08-22,16445,0 days 00:30:00,674,4,False,False,,,,Free
2023-08-22 22:45:00,11.948269888190625,35.69709,112.12434762284852,2098,193,381.0670739405331,378.3572238095015,106,5.0,21330,2023-08-22 22:45:00,2023-08-22 22:45:00,28.184329260598645,-94.21142878445976,,2023-08-22,16444,0 days 00:30:00,673,3,False,False,,,,Free
2023-08-22 22:45:00,2.637588534819717,15.360001,5.463915496325141,2098,207,422.2741312727096,6.451737454580803,5,5.0,21341,2023-08-22 22:45:00,2023-08-22 22:45:00,27.77225868727681,-97.93048354173294,,2023-08-22,16456,0 days 00:30:00,676,3,False,False,,,,Free
2023-08-22 22:45:00,5.658040795501237,33.391308,25.143285704509868,2098,208,425.5902208961013,14.085629187589332,27,5.0,21342,2023-08-22 22:45:00,2023-08-22 22:45:00,27.73909779104289,-97.85414462658429,,2023-08-22,16476,0 days 00:15:00,677,3,False,False,,,,Free
2023-08-22 22:45:00,15.835048972056304,67.94667,196.937628103263,2098,209,434.5177222509238,136.48824402035183,180,5.0,21343,2023-08-22 22:45:00,2023-08-22 22:45:00,27.64982277749465,-96.63011851323456,,2023-08-22,16412,0 days 01:00:00,669,9,False,False,,,,Free
2023-08-22 22:45:00,16.061277755856832,53.08541,202.60495695210187,2098,212,446.0770527121308,232.01325787078144,186,5.0,21346,2023-08-22 22:45:00,2023-08-22 22:45:00,27.534229472882565,-95.67486840202758,,2023-08-22,16500,0 days 00:00:00,680,4,False,False,,,,Free
2023-08-22 22:45:00,3.917261306604322,10.472728,12.051884665121044,2098,213,450.3754152918655,167.617940196704,11,5.0,21347,2023-08-22 22:45:00,2023-08-22 22:45:00,27.49124584708521,-96.3188215603667,,2023-08-22,16501,0 days 00:00:00,681,3,False,False,,,,Free
2023-08-22 23:00:00,12.272077427895542,41.218357,118.2840142053468,2099,119,347.63625310889955,209.26232331521047,109,5.0,21361,2023-08-22 23:00:00,2023-08-22 23:00:00,28.51863746891503,-95.90237774108198,,2023-08-22,16443,0 days 00:45:00,672,5,False,False,,,,Free
2023-08-22 23:00:00,18.19290492124448,68.84686,259.95248957044186,2099,121,371.9778039721488,82.09562367613009,240,5.0,21363,2023-08-22 23:00:00,2023-08-22 23:00:00,28.2752219602825,-97.17404470113348,,2023-08-22,16491,0 days 00:15:00,679,5,False,False,,,,Free
2023-08-22 23:00:00,8.88528767523202,16.16842,62.00587893934091,2099,122,373.49387369594257,109.889412536528,57,5.0,21364,2023-08-22 23:00:00,2023-08-22 23:00:00,28.26006126304456,-96.89610682047191,,2023-08-22,16445,0 days 00:45:00,674,4,False,False,,,,Free
2023-08-22 23:00:00,2.0427979879830938,22.4,3.2774850867326584,2099,133,419.272030652041,4.727969347959018,3,5.0,21374,2023-08-22 23:00:00,2023-08-22 23:00:00,27.802279693483506,-97.94772122230654,,2023-08-22,16476,0 days 00:30:00,677,3,False,False,,,,Free
2023-08-22 23:00:00,15.202287232180902,85.70602,181.5130059739088,2099,134,428.922939109703,127.45101960031889,166,5.0,21375,2023-08-22 23:00:00,2023-08-22 23:00:00,27.70577060890687,-96.7204907548524,,2023-08-22,16412,0 days 01:15:00,669,9,False,False,,,,Free
2023-08-22 23:00:00,16.654630692361465,49.109547,217.851169205276,2099,137,441.8468636765646,223.7750689226881,199,5.0,21378,2023-08-22 23:00:00,2023-08-22 23:00:00,27.57653136323823,-95.7572502891544,,2023-08-22,16500,0 days 00:15:00,680,4,False,False,,,,Free
2023-08-22 23:00:00,7.374465036608925,18.953846,42.71209985665285,2099,138,445.56741983578814,157.50583091880662,40,5.0,21379,2023-08-22 23:00:00,2023-08-22 23:00:00,27.53932580164599,-96.41994265025602,,2023-08-22,16501,0 days 00:15:00,681,3,False,False,,,,Free
2023-08-22 23:15:00,9.027058081488654,12.528812,64.00035087153951,2100,138,343.51648840735425,200.02762922658,60,5.0,21394,2023-08-22 23:15:00,2023-08-22 23:15:00,28.55983511593049,-95.99472467932937,,2023-08-22,16443,0 days 01:00:00,672,5,False,False,,,,Free
2023-08-22 23:15:00,8.480265770303582,15.876923,56.48183629887264,2100,139,357.5762890152832,345.4808838904598,53,5.0,21395,2023-08-22 23:15:00,2023-08-22 23:15:00,28.41923710985117,-94.54019217425542,,2023-08-22,16490,0 days 00:30:00,678,4,False,False,,,,Free
2023-08-22 23:15:00,17.841571781781564,50.83826,250.0092657039457,2100,140,364.80773611294205,71.54425771623916,230,5.0,21396,2023-08-22 23:15:00,2023-08-22 23:15:00,28.346922638874577,-97.27955835771724,,2023-08-22,16491,0 days 00:30:00,679,5,False,False,,,,Free
2023-08-22 23:15:00,8.803604121028416,32.57143,60.87106376821611,2100,141,364.9129533817139,93.45518136707716,56,5.0,21397,2023-08-22 23:15:00,2023-08-22 23:15:00,28.34587046618686,-97.06044912747018,,2023-08-22,16530,0 days 00:00:00,682,3,False,False,,,,Free
2023-08-22 23:15:00,14.686084100243493,137.37291,169.39551327263163,2100,152,423.33928587920127,118.80648996257231,155,5.0,21407,2023-08-22 23:15:00,2023-08-22 23:15:00,27.761607141211897,-96.8069360487596,,2023-08-22,16412,0 days 01:30:00,669,9,False,False,,,,Free
2023-08-22 23:15:00,5.531525702696348,9.600002,24.03143754536366,2100,153,417.77272727272725,195.63636363636363,22,5.0,21408,2023-08-22 23:15:00,2023-08-22 23:15:00,27.817272727276645,-96.03863733397668,,2023-08-22,16537,0 days 00:00:00,683,3,False,False,,,,Free
2023-08-22 23:15:00,15.252668531137084,41.044315,182.7180896813333,2100,157,436.46502972493954,214.0489085207872,167,5.0,21411,2023-08-22 23:15:00,2023-08-22 23:15:00,27.630349702754494,-95.854511890394,,2023-08-22,16500,0 days 00:30:00,680,4,False,False,,,,Free
2023-08-22 23:15:00,11.20028566341019,42.88,98.525371333864,2100,158,441.17948420515313,149.75703116879268,94,5.0,21412,2023-08-22 23:15:00,2023-08-22 23:15:00,27.58320515795235,-96.49743064554184,,2023-08-22,16501,0 days 00:30:00,681,3,False,False,,,,Free
2023-08-22 23:30:00,15.995200276254709,29.111355,200.94131770837785,2101,138,355.78061454598173,60.34627789493416,186,5.0,21433,2023-08-22 23:30:00,2023-08-22 23:30:00,28.4371938545442,-97.39153815273032,,2023-08-22,16491,0 days 00:45:00,679,5,False,False,,,,Free
2023-08-22 23:30:00,6.956089022732355,14.262858,38.00319797814812,2101,139,353.75879086316985,339.4725478038638,35,5.0,21434,2023-08-22 23:30:00,2023-08-22 23:30:00,28.45741209137232,-94.60027553340444,,2023-08-22,16490,0 days 00:45:00,678,4,False,False,,,,Free
2023-08-22 23:30:00,11.993673932450235,38.76923,112.97812339614156,2101,141,358.2492596959352,83.70130978974787,104,5.0,21435,2023-08-22 23:30:00,2023-08-22 23:30:00,28.412507403044657,-97.15798784045614,,2023-08-22,16530,0 days 00:15:00,682,3,False,False,,,,Free
2023-08-22 23:30:00,6.3495951267576265,10.924139,31.66517914123561,2101,156,412.4911092083385,187.17612191073843,43,5.0,21448,2023-08-22 23:30:00,2023-08-22 23:30:00,27.87008890792054,-96.12323974881532,,2023-08-22,16537,0 days 00:15:00,683,3,False,False,,,,Free
2023-08-22 23:30:00,17.089886126888093,97.874275,229.38669242381425,2101,157,417.8261859512776,110.77625668601004,210,5.0,21449,2023-08-22 23:30:00,2023-08-22 23:30:00,27.81673814049114,-96.8872383792305,,2023-08-22,16412,0 days 01:45:00,669,9,False,False,,,,Free
2023-08-22 23:30:00,2.042484462331652,9.6,3.2764791166880944,2101,159,416.0,192.0,3,5.0,21451,2023-08-22 23:30:00,2023-08-22 23:30:00,27.83500000000392,-96.0750009693012,,2023-08-22,16561,0 days 00:00:00,684,3,False,False,,,,Free
2023-08-22 23:30:00,13.245033485378384,14.09524,137.78311611055466,2101,160,430.0772160541188,205.4097991449904,128,5.0,21452,2023-08-22 23:30:00,2023-08-22 23:30:00,27.69422783946271,-95.94090298168328,,2023-08-22,16500,0 days 00:45:00,680,4,False,False,,,,Free
2023-08-22 23:45:00,4.846236471993344,12.988235,18.445867503560493,2102,167,346.31369660925264,27.821796765836385,17,5.0,21469,2023-08-22 23:45:00,2023-08-22 23:45:00,28.531863033911502,-97.71678295472708,,2023-08-22,16575,0 days 00:00:00,685,3,False,False,,,,Free
2023-08-22 23:45:00,3.32497533351022,24.0,8.682938740133904,2102,169,349.02937420379465,33.33333334551308,9,5.0,21471,2023-08-22 23:45:00,2023-08-22 23:45:00,28.50470625796608,-97.66166759050532,,2023-08-22,16577,0 days 00:00:00,686,3,False,False,,,,Free
2023-08-22 23:45:00,4.398610804193498,9.599999,15.195708526938796,2102,170,349.6428571428572,331.2142857142857,14,5.0,21472,2023-08-22 23:45:00,2023-08-22 23:45:00,28.498571428575453,-94.68285815194032,,2023-08-22,16490,0 days 01:00:00,678,4,False,False,,,,Free
2023-08-22 23:45:00,17.958311577031495,55.03448,253.2916575135313,2102,178,412.54636456278223,103.372381121213,232,5.0,21480,2023-08-22 23:45:00,2023-08-22 23:45:00,27.869536354376105,-96.96127713276276,,2023-08-22,16412,0 days 02:00:00,669,9,False,False,,,,Free
2023-08-22 23:45:00,4.714629122326303,10.200001,17.457616560056433,2102,181,405.442307694512,177.442307694512,16,5.0,21483,2023-08-22 23:45:00,2023-08-22 23:45:00,27.940576923058817,-96.22057788819605,,2023-08-22,16537,0 days 00:30:00,683,3,False,False,,,,Free
2023-08-22 23:45:00,4.860752906827456,12.423531,18.55653864893587,2102,182,409.7321711656363,183.4437400958057,17,5.0,21484,2023-08-22 23:45:00,2023-08-22 23:45:00,27.897678288347567,-96.16056356589807,,2023-08-22,16561,0 days 00:15:00,684,3,False,False,,,,Free
2023-08-22 23:45:00,7.364978057864321,18.953842,42.60227544543126,2102,185,418.6166850342134,195.9694964955625,39,5.0,21486,2023-08-22 23:45:00,2023-08-22 23:45:00,27.80883314966178,-96.03530600547988,,2023-08-22,16586,0 days 00:00:00,687,6,False,False,,,,Free
2023-08-23 00:00:00,8.949286393989743,15.55862,62.90232446268296,2103,172,341.30470279858145,38.73709992434173,58,5.0,21517,2023-08-23 00:00:00,2023-08-23 00:00:00,28.58195297201822,-97.6076299262612,,2023-08-23,16491,0 days 01:15:00,679,5,False,False,,,,Free
2023-08-23 00:00:00,5.384746935831001,19.200003,22.77301210352565,2103,173,341.0442655756855,17.70892019214765,21,5.0,21518,2023-08-23 00:00:00,2023-08-23 00:00:00,28.58455734424718,-97.81791171757412,,2023-08-23,16575,0 days 00:15:00,685,3,False,False,,,,Free
2023-08-23 00:00:00,9.254083786025022,15.174193,67.25998031783105,2103,176,344.7748546885148,62.11043132881291,67,5.0,21520,2023-08-23 00:00:00,2023-08-23 00:00:00,28.54725145311888,-97.37389661889569,,2023-08-23,16530,0 days 00:45:00,682,3,False,False,,,,Free
2023-08-23 00:00:00,4.39725456240606,31.54286,15.186339260789152,2103,178,343.56727662504665,22.883207732682774,14,5.0,21521,2023-08-23 00:00:00,2023-08-23 00:00:00,28.559327233753567,-97.7661688436474,,2023-08-23,16577,0 days 00:15:00,686,3,False,False,,,,Free
2023-08-23 00:00:00,11.666098509610224,17.436735,106.89100491631262,2103,182,401.4286183186366,247.6355431690577,98,5.0,21525,2023-08-23 00:00:00,2023-08-23 00:00:00,27.980713816817577,-95.51864555350907,,2023-08-23,16616,0 days 00:00:00,688,4,False,False,,,,Free
2023-08-23 00:00:00,2.887019827159313,9.599999,6.54620217921732,2103,186,404.8333333333333,173.33333333333334,6,5.0,21529,2023-08-23 00:00:00,2023-08-23 00:00:00,27.946666666670605,-96.26166763063368,,2023-08-23,16561,0 days 00:30:00,684,3,False,False,,,,Free
2023-08-23 00:00:00,10.073929875566042,24.32877,79.70539680255612,2103,190,413.5105598562248,186.79688161459453,73,5.0,21533,2023-08-23 00:00:00,2023-08-23 00:00:00,27.859894401441675,-96.1270321516684,,2023-08-23,16586,0 days 00:15:00,687,6,False,False,,,,Free
2023-08-23 00:15:00,1.661401698298303,9.6,2.1678996811889206,2104,142,335.5,10.0,2,5.0,21567,2023-08-23 00:15:00,2023-08-23 00:15:00,28.640000000004044,-97.89500091729268,,2023-08-23,16575,0 days 00:30:00,685,3,False,False,,,,Free
2023-08-23 00:15:00,3.108673818333727,9.599999,7.589972325909576,2104,145,338.875,12.25,8,5.0,21568,2023-08-23 00:15:00,2023-08-23 00:15:00,28.60625000000404,-97.87250091793568,,2023-08-23,16577,0 days 00:30:00,686,3,False,False,,,,Free
2023-08-23 00:15:00,10.405331332347268,34.461544,85.03578182410948,2104,149,396.49295039145335,238.7253263949868,78,5.0,21572,2023-08-23 00:15:00,2023-08-23 00:15:00,28.03007049608941,-95.6077477187036,,2023-08-23,16616,0 days 00:15:00,688,4,False,False,,,,Free
2023-08-23 00:15:00,8.581521980483759,13.403773,57.83869956445919,2104,152,407.5177368637581,178.20745397708072,53,5.0,21575,2023-08-23 00:15:00,2023-08-23 00:15:00,27.91982263136635,-96.212926425589,,2023-08-23,16586,0 days 00:30:00,687,6,False,False,,,,Free
2023-08-23 00:15:00,2.3635471296639627,9.6,4.38751298390181,2104,168,462.6666666666667,56.333333333333336,6,5.0,21589,2023-08-23 00:15:00,2023-08-23 00:15:00,27.36833333333718,-97.43166759719963,,2023-08-23,16655,0 days 00:00:00,689,3,False,False,,,,Free
2023-08-23 00:30:00,3.7223685218532654,9.6,10.882498481749682,2105,129,377.4,387.3,10,5.0,21604,2023-08-23 00:30:00,2023-08-23 00:30:00,28.22100000000398,-94.12200102511032,,2023-08-23,16666,0 days 00:00:00,690,3,False,False,,,,Free
2023-08-23 00:30:00,9.423838020590903,30.750002,69.7502079679807,2105,132,392.6758495189135,230.8358009869841,64,5.0,21607,2023-08-23 00:30:00,2023-08-23 00:30:00,28.06824150481482,-95.68664297052908,,2023-08-23,16616,0 days 00:30:00,688,4,False,False,,,,Free
2023-08-23 00:30:00,7.992319578847411,17.321737,50.16901376850833,2105,133,400.8754410684592,168.52152433733318,46,5.0,21608,2023-08-23 00:30:00,2023-08-23 00:30:00,27.98624558931935,-96.3097857192186,,2023-08-23,16586,0 days 00:45:00,687,6,False,False,,,,Free
2023-08-23 00:30:00,6.251428717408371,41.485718,30.69364376125067,2105,142,457.28504302714055,49.82654654044829,28,5.0,21617,2023-08-23 00:30:00,2023-08-23 00:30:00,27.42214956973245,-97.49673546326908,,2023-08-23,16655,0 days 00:15:00,689,3,False,False,,,,Free
2023-08-23 00:45:00,6.662064594901876,11.4,34.858408891059774,2106,116,387.9785046726473,224.1327102780415,34,5.0,21636,2023-08-23 00:45:00,2023-08-23 00:45:00,28.11521495327749,-95.75367387570304,,2023-08-23,16616,0 days 00:45:00,688,4,False,False,,,,Free
2023-08-23 00:45:00,6.869046631497232,20.047058,37.058071138921335,2106,118,394.3557466539556,158.8115714708029,34,5.0,21638,2023-08-23 00:45:00,2023-08-23 00:45:00,28.0514425334644,-96.4068852451092,,2023-08-23,16586,0 days 01:00:00,687,6,False,False,,,,Free
2023-08-23 00:45:00,4.869849172358665,26.541178,18.626055921358656,2106,129,451.49918077244325,42.370289449361394,17,5.0,21648,2023-08-23 00:45:00,2023-08-23 00:45:00,27.48000819227943,-97.57129803204924,,2023-08-23,16655,0 days 00:30:00,689,3,False,False,,,,Free
2023-08-23 00:45:00,4.424232298523706,16.457144,15.373251256794546,2106,136,474.7169811422607,184.2240565957103,16,5.0,21655,2023-08-23 00:45:00,2023-08-23 00:45:00,27.247830188581226,-96.152760401122,,2023-08-23,16700,0 days 00:00:00,692,5,False,False,,,,Free
2023-08-23 00:45:00,2.899255018215134,12.8,6.60180536757837,2106,146,498.0,92.5085469998386,6,5.0,21665,2023-08-23 00:45:00,2023-08-23 00:45:00,27.01500000000379,-97.06991547087205,,2023-08-23,16708,0 days 00:00:00,693,3,False,False,,,,Free
2023-08-23 01:00:00,5.261395157905527,21.12,21.741611091249705,2107,145,365.98514556840456,372.3618538133618,21,5.0,21667,2023-08-23 01:00:00,2023-08-23 01:00:00,28.33514854431996,-94.27138248270796,,2023-08-23,16666,0 days 00:30:00,690,3,False,False,,,,Free
2023-08-23 01:00:00,2.355563668732335,12.0,4.357923236358385,2107,150,389.3285714334371,150.0,4,5.0,21672,2023-08-23 01:00:00,2023-08-23 01:00:00,28.10171428566959,-96.49500095729924,,2023-08-23,16586,0 days 01:15:00,687,6,False,False,,,,Free
2023-08-23 01:00:00,13.003257920211931,44.50909,132.7988258287441,2107,174,469.0782078910288,177.16297132622097,123,5.0,21693,2023-08-23 01:00:00,2023-08-23 01:00:00,27.30421792109355,-96.22337125179912,,2023-08-23,16700,0 days 00:15:00,692,5,False,False,,,,Free
2023-08-23 01:00:00,8.776722367808803,26.88,60.49989245159519,2107,189,494.4464018813019,87.49692539895494,55,5.0,21704,2023-08-23 01:00:00,2023-08-23 01:00:00,27.050535981190777,-97.12003168544874,,2023-08-23,16708,0 days 00:15:00,693,3,False,False,,,,Free
2023-08-23 01:15:00,5.126774369170439,11.621053,20.64326036767108,2108,109,359.9229629712308,366.74962963883934,21,5.0,21707,2023-08-23 01:15:00,2023-08-23 01:15:00,28.3957703702917,-94.32750472284944,,2023-08-23,16666,0 days 00:45:00,690,3,False,False,,,,Free
2023-08-23 01:15:00,15.271805481908205,58.28982,183.1768763714871,2108,129,462.4396027104215,170.2154752094111,167,5.0,21724,2023-08-23 01:15:00,2023-08-23 01:15:00,27.37060397289964,-96.2928462109819,,2023-08-23,16700,0 days 00:30:00,692,5,False,False,,,,Free
2023-08-23 01:15:00,16.049469185934765,74.86957,202.30714810530645,2108,134,490.0539981415232,173.65088673786002,184,5.0,21729,2023-08-23 01:15:00,2023-08-23 01:15:00,27.09446001858857,-96.2584920966791,,2023-08-23,16752,0 days 00:00:00,696,5,False,False,,,,Free
2023-08-23 01:15:00,13.2275551982467,52.7616,137.4197159098268,2108,135,488.6190747333279,57.094368672954936,125,5.0,21730,2023-08-23 01:15:00,2023-08-23 01:15:00,27.10880925267053,-97.4240572440209,,2023-08-23,16753,0 days 00:00:00,697,3,False,False,,,,Free
2023-08-23 01:15:00,9.68449162745628,67.48657,73.66200529200437,2108,136,489.6553288969754,81.67878469423529,67,5.0,21731,2023-08-23 01:15:00,2023-08-23 01:15:00,27.09844671103405,-97.17821309083332,,2023-08-23,16708,0 days 00:30:00,693,3,False,False,,,,Free
2023-08-23 01:30:00,7.812007474422594,160.58182,47.93085561376304,2109,127,389.8495967963216,13.75362274511496,44,5.0,21742,2023-08-23 01:30:00,2023-08-23 01:30:00,28.096504032040745,-97.85746469091418,,2023-08-23,16762,0 days 00:00:00,698,3,False,False,,,,Free
2023-08-23 01:30:00,15.13000814306455,89.79513,179.79110635997014,2109,149,456.60277574914807,162.7363331822829,165,5.0,21757,2023-08-23 01:30:00,2023-08-23 01:30:00,27.428972242512376,-96.36763762911596,,2023-08-23,16700,0 days 00:45:00,692,5,False,False,,,,Free
2023-08-23 01:30:00,15.780210944767807,51.343822,195.5759687884698,2109,153,481.5574401952515,51.40984755502362,179,5.0,21761,2023-08-23 01:30:00,2023-08-23 01:30:00,27.179425598051303,-97.48090245357577,,2023-08-23,16753,0 days 00:15:00,697,3,False,False,,,,Free
2023-08-23 01:30:00,18.964027947853864,46.468483,282.4561627025081,2109,155,483.8146264923488,164.71803627712734,257,5.0,21763,2023-08-23 01:30:00,2023-08-23 01:30:00,27.156853735080325,-96.3478205987338,,2023-08-23,16752,0 days 00:15:00,696,5,False,False,,,,Free
2023-08-23 01:30:00,1.6739601359479583,9.6,2.2007976019357463,2109,163,499.0,17.5,2,5.0,21770,2023-08-23 01:30:00,2023-08-23 01:30:00,27.00500000000379,-97.82000091943588,,2023-08-23,16781,0 days 00:00:00,699,3,False,False,,,,Free
2023-08-23 01:45:00,3.898412874149352,10.472727,11.93618514298859,2110,179,346.77076411802244,26.68770764593276,11,5.0,21772,2023-08-23 01:45:00,2023-08-23 01:45:00,28.527292358823804,-97.72812384560206,,2023-08-23,16783,0 days 00:00:00,700,3,False,False,,,,Free
2023-08-23 01:45:00,10.918606879178403,96.66976,93.6320087410097,2110,183,383.9331777028836,7.774468467922528,86,5.0,21775,2023-08-23 01:45:00,2023-08-23 01:45:00,28.15566822297513,-97.91725623197748,,2023-08-23,16762,0 days 00:15:00,698,3,False,False,,,,Free
2023-08-23 01:45:00,14.270599081184516,68.054794,159.94633451183302,2110,209,449.2400173926326,154.84247229947513,146,5.0,21797,2023-08-23 01:45:00,2023-08-23 01:45:00,27.502599826077542,-96.44657623568828,,2023-08-23,16700,0 days 01:00:00,692,5,False,False,,,,Free
2023-08-23 01:45:00,18.31630700119245,53.2,263.4909538815133,2110,217,472.8822614376452,44.39600626774873,240,5.0,21802,2023-08-23 01:45:00,2023-08-23 01:45:00,27.26617738562738,-97.55104086444425,,2023-08-23,16753,0 days 00:30:00,697,3,False,False,,,,Free
2023-08-23 01:45:00,9.082533556566537,70.291534,64.78939186837447,2110,219,475.1325376316975,203.3813878856053,63,5.0,21804,2023-08-23 01:45:00,2023-08-23 01:45:00,27.243674623686854,-95.9611870936975,,2023-08-23,16807,0 days 00:00:00,701,8,False,False,,,,Free
2023-08-23 01:45:00,17.014598839610137,57.600006,227.3700772725205,2110,221,478.3790525676091,155.4143384522844,207,5.0,21806,2023-08-23 01:45:00,2023-08-23 01:45:00,27.21120947432773,-96.44085757432362,,2023-08-23,16752,0 days 00:30:00,696,5,False,False,,,,Free
2023-08-23 01:45:00,10.517715622173576,27.706333,86.8825841659857,2110,226,494.509309751141,14.757275006646028,79,5.0,21809,2023-08-23 01:45:00,2023-08-23 01:45:00,27.049906902492385,-97.84742816858568,,2023-08-23,16781,0 days 00:15:00,699,3,False,False,,,,Free
2023-08-23 02:00:00,10.704897247932594,15.151807,90.00256515959128,2111,155,340.2858828997107,18.523843244507542,84,5.0,21818,2023-08-23 02:00:00,2023-08-23 02:00:00,28.59214117100693,-97.80976248728342,,2023-08-23,16783,0 days 00:15:00,700,3,False,False,,,,Free
2023-08-23 02:00:00,8.65033537327931,41.6,58.77001101609029,2111,158,378.797647929943,3.3493132507408987,69,5.0,21821,2023-08-23 02:00:00,2023-08-23 02:00:00,28.207023520704546,-97.96150778288478,,2023-08-23,16762,0 days 00:30:00,698,3,False,False,,,,Free
2023-08-23 02:00:00,13.88571058848033,38.95652,151.43494352206946,2111,183,468.596463782251,196.1664062260745,160,5.0,21844,2023-08-23 02:00:00,2023-08-23 02:00:00,27.309035362181326,-96.03333690823104,,2023-08-23,16807,0 days 00:15:00,701,8,False,False,,,,Free
2023-08-23 02:00:00,16.927548812339218,41.303417,225.0494889033064,2111,188,472.3553250416329,146.92383971040442,205,5.0,21849,2023-08-23 02:00:00,2023-08-23 02:00:00,27.2714467495875,-96.52576255931616,,2023-08-23,16752,0 days 00:45:00,696,5,False,False,,,,Free
2023-08-23 02:00:00,2.047515039466145,9.6,3.2926387294325385,2111,189,470.0,26.0,3,5.0,21850,2023-08-23 02:00:00,2023-08-23 02:00:00,27.295000000003835,-97.73500092186488,,2023-08-23,16838,0 days 00:00:00,702,3,False,False,,,,Free
2023-08-23 02:00:00,6.481198414865188,12.480001,32.99138254584167,2111,199,491.74331551483937,11.324420686452518,30,5.0,21858,2023-08-23 02:00:00,2023-08-23 02:00:00,27.077566844855408,-97.88175671080666,,2023-08-23,16781,0 days 00:30:00,699,3,False,False,,,,Free
2023-08-23 02:15:00,4.395521014197,10.971429,15.1743676719263,2112,136,334.77511961995395,12.55980860807365,14,5.0,21866,2023-08-23 02:15:00,2023-08-23 02:15:00,28.64724880380451,-97.86940283194345,,2023-08-23,16783,0 days 00:30:00,700,3,False,False,,,,Free
2023-08-23 02:15:00,14.7152189867688,50.415485,170.06828818971485,2112,161,464.1816581934884,138.322260061746,156,5.0,21888,2023-08-23 02:15:00,2023-08-23 02:15:00,27.35318341806896,-96.61177835334472,,2023-08-23,16752,0 days 01:00:00,696,5,False,False,,,,Free
2023-08-23 02:15:00,5.016582805115142,21.333336,19.76541110794004,2112,165,474.450770280091,20.5807099902471,19,5.0,21892,2023-08-23 02:15:00,2023-08-23 02:15:00,27.25049229720292,-97.7891938204138,,2023-08-23,16868,0 days 00:00:00,703,3,False,False,,,,Free
2023-08-23 02:15:00,12.524818910365852,57.171425,123.20626498455766,2112,173,494.98329679829857,50.95119111019977,112,5.0,21899,2023-08-23 02:15:00,2023-08-23 02:15:00,27.04516703202081,-97.48548901789292,,2023-08-23,16874,0 days 00:00:00,704,4,False,False,,,,Free
2023-08-23 02:30:00,2.3622900799779845,9.6,4.382847238005896,2113,153,451.5,179.5,4,5.0,21918,2023-08-23 02:30:00,2023-08-23 02:30:00,27.480000000003862,-96.20000096572916,,2023-08-23,16807,0 days 00:45:00,701,8,False,False,,,,Free
2023-08-23 02:30:00,2.046282513219949,25.6,3.288675835764052,2113,156,456.770226536218,12.61488673189099,3,5.0,21921,2023-08-23 02:30:00,2023-08-23 02:30:00,27.42729773464168,-97.868852050721,,2023-08-23,16838,0 days 00:30:00,702,3,False,False,,,,Free
2023-08-23 02:30:00,2.364000417617777,21.599998,4.389196045320324,2113,160,467.42771084423873,14.427710844238709,4,5.0,21925,2023-08-23 02:30:00,2023-08-23 02:30:00,27.32072289156145,-97.8507238101156,,2023-08-23,16868,0 days 00:15:00,703,3,False,False,,,,Free
2023-08-23 02:30:00,10.971325857850715,38.28838,94.53836992172675,2113,167,487.89828142200855,43.67842669228226,86,5.0,21931,2023-08-23 02:30:00,2023-08-23 02:30:00,27.11601718578372,-97.55821665999385,,2023-08-23,16874,0 days 00:15:00,704,4,False,False,,,,Free
2023-08-23 02:45:00,27.58191945325689,149.13408,597.5012980642159,2114,128,436.2410251008072,13.007527564152618,546,5.0,21946,2023-08-23 02:45:00,2023-08-23 02:45:00,27.632589748995816,-97.86492564251064,,2023-08-23,16906,0 days 00:00:00,705,5,False,False,,,,Free
2023-08-23 02:45:00,1.670353425273811,38.4,2.191324151736347,2114,135,451.0,7.5,2,5.0,21953,2023-08-23 02:45:00,2023-08-23 02:45:00,27.485000000003865,-97.92000091657826,,2023-08-23,16838,0 days 00:45:00,702,3,False,False,,,,Free
2023-08-23 02:45:00,2.363173279165097,21.599998,4.386125117188007,2114,141,459.78614457788063,6.641566266358063,4,5.0,21958,2023-08-23 02:45:00,2023-08-23 02:45:00,27.397138554225045,-97.92858525366938,,2023-08-23,16868,0 days 00:30:00,703,3,False,False,,,,Free
2023-08-23 02:45:00,18.35785159167473,90.26389,264.6875966549199,2114,143,478.318328274248,35.63025217143526,241,5.0,21959,2023-08-23 02:45:00,2023-08-23 02:45:00,27.211816717261343,-97.63869840290248,,2023-08-23,16874,0 days 00:30:00,704,4,False,False,,,,Free
2023-08-23 03:00:00,,,,2115,110,338.604348467557,35.366218035111736,79,5.0,21968,2023-08-23 03:00:00,2023-08-23 03:00:00,28.608956515328472,-97.64133874419024,,2023-08-23,16921,0 days 00:00:00,706,4,False,False,,,,Free
2023-08-23 03:00:00,26.625474493826623,134.04166,556.7812395968809,2115,121,430.7643676776676,9.375552968356812,519,5.0,21977,2023-08-23 03:00:00,2023-08-23 03:00:00,27.68735632322722,-97.90124538743066,,2023-08-23,16906,0 days 00:15:00,705,5,False,False,,,,Free
2023-08-23 03:00:00,2.0445775280853846,9.6,3.283197797018828,2115,127,438.0,165.0,4,5.0,21982,2023-08-23 03:00:00,2023-08-23 03:00:00,27.615000000003885,-96.34500096158564,,2023-08-23,16807,0 days 01:15:00,701,8,False,False,,,,Free
2023-08-23 03:15:00,13.026393237612114,25.443903,133.27179593389238,2116,104,331.5422356267349,29.19093363545355,124,5.0,21997,2023-08-23 03:15:00,2023-08-23 03:15:00,28.679577643736703,-97.70309158642216,,2023-08-23,16921,0 days 00:15:00,706,4,False,False,,,,Free
2023-08-23 03:15:00,24.437787170417263,101.012596,469.0440571501656,2116,113,426.75992850686407,7.501226030930095,429,5.0,22002,2023-08-23 03:15:00,2023-08-23 03:15:00,27.72740071493526,-97.91998865626933,,2023-08-23,16906,0 days 00:30:00,705,5,False,False,,,,Free
2023-08-23 03:15:00,5.006645652917472,17.066668,19.687183607772187,2116,121,432.35911600507006,158.524861871127,18,5.0,22008,2023-08-23 03:15:00,2023-08-23 03:15:00,27.671408839953195,-96.40975234102405,,2023-08-23,16807,0 days 01:30:00,701,8,False,False,,,,Free
2023-08-23 03:15:00,20.50609263736345,97.27575,330.25979831595373,2116,124,466.5741983488388,23.48341229210709,302,5.0,22011,2023-08-23 03:15:00,2023-08-23 03:15:00,27.329258016515453,-97.76016679822465,,2023-08-23,16874,0 days 01:00:00,704,4,False,False,,,,Free
2023-08-23 03:30:00,12.861426200718642,14.960001,129.91764558407505,2117,133,323.35022500997724,20.988998167850085,121,5.0,22022,2023-08-23 03:30:00,2023-08-23 03:30:00,28.761497749904294,-97.78511093875444,,2023-08-23,16921,0 days 00:30:00,706,4,False,False,,,,Free
2023-08-23 03:30:00,20.08770138185678,76.8662,316.92052644389327,2117,141,422.328660927216,3.156808577153845,291,5.0,22029,2023-08-23 03:30:00,2023-08-23 03:30:00,27.77171339073175,-97.96343282956563,,2023-08-23,16906,0 days 00:45:00,705,5,False,False,,,,Free
2023-08-23 03:30:00,4.412314289395885,59.65714,15.290537800926236,2117,145,416.168583384176,13.113957144539016,14,5.0,22032,2023-08-23 03:30:00,2023-08-23 03:30:00,27.83331416616216,-97.86386134673717,,2023-08-23,16962,0 days 00:00:00,708,6,False,False,,,,Free
2023-08-23 03:30:00,9.94093526286445,35.560562,77.6147695923293,2117,147,425.3428887607714,153.04230806453867,71,5.0,22033,2023-08-23 03:30:00,2023-08-23 03:30:00,27.74157111239619,-96.4645778775232,,2023-08-23,16807,0 days 01:45:00,701,8,False,False,,,,Free
2023-08-23 03:30:00,10.317611402131927,33.221054,83.60807319061499,2117,172,496.076880245088,203.04837515477925,78,5.0,22054,2023-08-23 03:30:00,2023-08-23 03:30:00,27.03423119755292,-95.96451722091058,,2023-08-23,16980,0 days 00:00:00,710,5,False,False,,,,Free
2023-08-23 03:30:00,1.6739601359500882,19.2,2.200797601941346,2117,175,499.0,150.5,2,5.0,22057,2023-08-23 03:30:00,2023-08-23 03:30:00,27.00500000000379,-96.49000095744212,,2023-08-23,16983,0 days 00:00:00,711,3,False,False,,,,Free
2023-08-23 03:45:00,9.534256374801975,21.672728,71.394298893976,2118,136,314.04791507811035,10.678544376727498,101,5.0,22058,2023-08-23 03:45:00,2023-08-23 03:45:00,28.85452084922297,-97.8882154737193,,2023-08-23,16921,0 days 00:45:00,706,4,False,False,,,,Free
2023-08-23 03:45:00,11.527103570800165,21.800003,104.35908724433472,2118,139,366.18597748878,98.71460366725768,97,5.0,22060,2023-08-23 03:45:00,2023-08-23 03:45:00,28.3331402251162,-97.00785490597129,,2023-08-23,16985,0 days 00:00:00,712,3,False,False,,,,Free
2023-08-23 03:45:00,11.3066517892779,78.886955,100.40559548484045,2118,147,410.3863338592823,8.798679484321228,94,5.0,22068,2023-08-23 03:45:00,2023-08-23 03:45:00,27.891136661411107,-97.9070141221062,,2023-08-23,16962,0 days 00:15:00,708,6,False,False,,,,Free
2023-08-23 03:45:00,9.653943538987152,41.122387,73.19802957685967,2118,150,420.3873309135062,147.70546023190587,68,5.0,22071,2023-08-23 03:45:00,2023-08-23 03:45:00,27.79112669086885,-96.51794635432448,,2023-08-23,16807,0 days 02:00:00,701,8,False,False,,,,Free
2023-08-23 03:45:00,2.042484462331652,16.0,3.276479116688095,2118,151,416.2909090856547,0.0,3,5.0,22072,2023-08-23 03:45:00,2023-08-23 03:45:00,27.83209090914737,-97.99500091443508,,2023-08-23,16906,0 days 01:00:00,705,5,False,False,,,,Free
2023-08-23 03:45:00,14.346826323133058,40.555107,161.65962359341984,2118,176,490.8467072722547,195.7290781630799,147,5.0,22096,2023-08-23 03:45:00,2023-08-23 03:45:00,27.08653292728125,-96.037710188736,,2023-08-23,16980,0 days 00:15:00,710,5,False,False,,,,Free
2023-08-23 04:00:00,8.400040079720759,14.494117,55.41822325004203,2119,126,360.75760034897286,94.91203892333168,53,5.0,22101,2023-08-23 04:00:00,2023-08-23 04:00:00,28.38742399651428,-97.04588055232392,,2023-08-23,16985,0 days 00:15:00,712,3,False,False,,,,Free
2023-08-23 04:00:00,12.134752958281949,72.5434,115.6516304943712,2119,134,404.9362254916129,4.315017625100321,106,5.0,22107,2023-08-23 04:00:00,2023-08-23 04:00:00,27.945637745087808,-97.95185073941713,,2023-08-23,16962,0 days 00:30:00,708,6,False,False,,,,Free
2023-08-23 04:00:00,6.976715477549257,11.52,38.22890912864302,2119,137,416.9659918990199,141.71417004336206,37,5.0,22110,2023-08-23 04:00:00,2023-08-23 04:00:00,27.82534008101372,-96.57785925449788,,2023-08-23,16807,0 days 02:15:00,701,8,False,False,,,,Free
2023-08-23 04:00:00,17.0638444870266,42.23077,228.6881442548921,2119,153,487.5485318361283,189.2538606002331,211,5.0,22124,2023-08-23 04:00:00,2023-08-23 04:00:00,27.119514681642524,-96.10246236251412,,2023-08-23,16980,0 days 00:30:00,710,5,False,False,,,,Free
2023-08-23 04:00:00,,,,2119,158,488.5,136.5,2,5.0,22129,2023-08-23 04:00:00,2023-08-23 04:00:00,27.110000000003808,-96.63000095344148,,2023-08-23,16983,0 days 00:30:00,711,3,False,False,,,,Free
2023-08-23 04:15:00,2.036741628297005,9.6,3.258080129219359,2120,170,355.6666666666667,90.33333333333331,3,5.0,22137,2023-08-23 04:15:00,2023-08-23 04:15:00,28.438333333337347,-97.09166760691552,,2023-08-23,16985,0 days 00:30:00,712,3,False,False,,,,Free
2023-08-23 04:15:00,8.895870357283005,102.56842,62.15366915111568,2120,174,397.8492106283835,1.8862156879143723,57,5.0,22140,2023-08-23 04:15:00,2023-08-23 04:15:00,28.01650789372012,-97.97613875809492,,2023-08-23,16962,0 days 00:45:00,708,6,False,False,,,,Free
2023-08-23 04:15:00,17.100508991869347,65.86794,229.6719489982776,2120,202,483.0448378133375,182.6005471112278,209,5.0,22162,2023-08-23 04:15:00,2023-08-23 04:15:00,27.16455162187044,-96.16899549550288,,2023-08-23,16980,0 days 00:45:00,710,5,False,False,,,,Free
2023-08-23 04:15:00,1.1829295709099903,9.6,1.0990252191894945,2120,210,484.8405315672512,131.98671097713907,11,5.0,22168,2023-08-23 04:15:00,2023-08-23 04:15:00,27.1465946843313,-96.67513384238032,,2023-08-23,16983,0 days 00:45:00,711,3,False,False,,,,Free
2023-08-23 04:30:00,5.649500628484463,54.260868,25.067441145087223,2121,177,392.3454545617687,0.5390997314252836,23,5.0,22181,2023-08-23 04:30:00,2023-08-23 04:30:00,28.07154545438627,-97.98960991727488,,2023-08-23,16962,0 days 01:00:00,708,6,False,False,,,,Free
2023-08-23 04:30:00,19.3592378116332,35.24776,294.35159330157603,2121,201,477.6790437052453,176.09858872692527,268,5.0,22201,2023-08-23 04:30:00,2023-08-23 04:30:00,27.21820956295137,-96.23401507748792,,2023-08-23,16980,0 days 01:00:00,710,5,False,False,,,,Free
2023-08-23 04:45:00,3.5248035850593564,25.6,9.75797552363296,2122,202,338.1786064844235,72.70363102819937,13,5.0,22219,2023-08-23 04:45:00,2023-08-23 04:45:00,28.61321393515981,-97.26796462492894,,2023-08-23,17096,0 days 00:00:00,713,3,False,False,,,,Free
2023-08-23 04:45:00,8.3109203920421,17.664,54.24854894624578,2122,204,344.5388503116869,39.61433988072089,50,5.0,22221,2023-08-23 04:45:00,2023-08-23 04:45:00,28.549611496887163,-97.59885752694812,,2023-08-23,17098,0 days 00:00:00,714,3,False,False,,,,Free
2023-08-23 04:45:00,2.6288168258359867,11.5199995,5.427633733474587,2122,206,350.8588957037268,66.71779140745352,5,5.0,22223,2023-08-23 04:45:00,2023-08-23 04:45:00,28.48641104296676,-97.32782301942586,,2023-08-23,17099,0 days 00:00:00,715,3,False,False,,,,Free
2023-08-23 04:45:00,2.3554538705633106,105.600006,4.357516980440404,2122,211,388.3807157427896,0.0,4,5.0,22228,2023-08-23 04:45:00,2023-08-23 04:45:00,28.111192842576067,-97.99500091443508,,2023-08-23,16962,0 days 01:15:00,708,6,False,False,,,,Free
2023-08-23 05:00:00,10.635846240004284,29.619516,88.8452025455609,2123,149,332.04586336469816,66.2817040160269,83,5.0,22276,2023-08-23 05:00:00,2023-08-23 05:00:00,28.67454136635707,-97.33218389321551,,2023-08-23,17096,0 days 00:15:00,713,3,False,False,,,,Free
2023-08-23 05:00:00,8.871025029188953,17.347368,61.80697528120341,2123,152,339.1438127008607,34.412486051118336,60,5.0,22278,2023-08-23 05:00:00,2023-08-23 05:00:00,28.60356187299543,-97.65087606375766,,2023-08-23,17098,0 days 00:15:00,714,3,False,False,,,,Free
2023-08-23 05:00:00,1.6619947304212346,9.6,2.169447607380513,2123,153,343.0,59.5,2,5.0,22279,2023-08-23 05:00:00,2023-08-23 05:00:00,28.56500000000404,-97.40000093143784,,2023-08-23,17099,0 days 00:15:00,715,3,False,False,,,,Free
2023-08-23 05:00:00,12.69813850963199,46.17931,126.63973741354214,2123,161,411.6380317062798,106.4800031835049,141,5.0,22284,2023-08-23 05:00:00,2023-08-23 05:00:00,27.878619682941128,-96.93020091302787,,2023-08-23,17141,0 days 00:00:00,717,4,False,False,,,,Free
2023-08-23 05:00:00,12.057485945600966,40.430767,114.18351552896894,2123,177,474.1897671899476,159.80378992740393,106,5.0,22298,2023-08-23 05:00:00,2023-08-23 05:00:00,27.25310232810435,-96.39696306082676,,2023-08-23,17150,0 days 00:00:00,718,3,False,False,,,,Free
2023-08-23 05:00:00,13.8014566031383,139.6941,149.60280267444114,2123,193,495.5670910155859,83.28201153725433,136,5.0,22313,2023-08-23 05:00:00,2023-08-23 05:00:00,27.039329089847936,-97.16218082286127,,2023-08-23,17163,0 days 00:00:00,719,3,False,False,,,,Free
2023-08-23 05:15:00,9.095823887503109,19.039997,64.97914122646974,2124,139,326.3905507961127,60.87298194702311,60,5.0,22319,2023-08-23 05:15:00,2023-08-23 05:15:00,28.73109449204293,-97.38627111235996,,2023-08-23,17096,0 days 00:30:00,713,3,False,False,,,,Free
2023-08-23 05:15:00,6.849154623292075,10.44706,36.84374966811199,2124,140,332.5777537768615,28.273218144383705,34,5.0,22320,2023-08-23 05:15:00,2023-08-23 05:15:00,28.669222462235435,-97.7122687410706,,2023-08-23,17098,0 days 00:30:00,714,3,False,False,,,,Free
2023-08-23 05:15:00,11.4272241667026,57.395752,102.55843269715064,2124,148,404.714569979843,98.7944855110518,94,5.0,22327,2023-08-23 05:15:00,2023-08-23 05:15:00,27.947854300205503,-97.00705608755618,,2023-08-23,17141,0 days 00:15:00,717,4,False,False,,,,Free
2023-08-23 05:15:00,12.39775502289076,25.920006,120.71909818005535,2124,160,468.3889275336308,154.4321223457925,110,5.0,22335,2023-08-23 05:15:00,2023-08-23 05:15:00,27.31111072466753,-96.45067973510784,,2023-08-23,17150,0 days 00:15:00,718,3,False,False,,,,Free
2023-08-23 05:15:00,15.42763303132389,126.43764,186.9340784563073,2124,173,490.6132500360713,78.42959949917083,171,5.0,22346,2023-08-23 05:15:00,2023-08-23 05:15:00,27.08886749964309,-97.21070494185552,,2023-08-23,17163,0 days 00:15:00,719,3,False,False,,,,Free
2023-08-23 05:30:00,3.5237209023523635,10.666667,9.75198190239814,2125,154,331.72941176250595,49.54117647498811,9,5.0,22359,2023-08-23 05:30:00,2023-08-23 05:30:00,28.67770588237899,-97.49958916384212,,2023-08-23,17099,0 days 00:45:00,715,3,False,False,,,,Free
2023-08-23 05:30:00,9.12736498105908,50.24,65.43057183696887,2125,161,399.0657476741077,93.1133804708786,64,5.0,22365,2023-08-23 05:30:00,2023-08-23 05:30:00,28.004342523262867,-97.06386713633448,,2023-08-23,17141,0 days 00:30:00,717,4,False,False,,,,Free
2023-08-23 05:30:00,1.1783022706239863,19.2,1.0904438577160531,2125,162,398.5,25.5,2,5.0,22366,2023-08-23 05:30:00,2023-08-23 05:30:00,28.01000000000395,-97.74000092172196,,2023-08-23,17201,0 days 00:00:00,721,3,False,False,,,,Free
2023-08-23 05:30:00,6.253549455360183,12.685716,30.71447234916819,2125,178,463.9572490698906,150.6171003631806,28,5.0,22379,2023-08-23 05:30:00,2023-08-23 05:30:00,27.35542750930494,-96.48882995384378,,2023-08-23,17150,0 days 00:30:00,718,3,False,False,,,,Free
2023-08-23 05:30:00,20.145146724854108,63.52552,318.73573063607074,2125,185,484.82577290415406,74.90616914769927,292,5.0,22385,2023-08-23 05:30:00,2023-08-23 05:30:00,27.14674227096227,-97.24593924436334,,2023-08-23,17163,0 days 00:30:00,719,3,False,False,,,,Free
2023-08-23 05:45:00,6.232287426300545,43.885715,30.505969379157943,2126,135,389.98842762487806,93.26800148087892,28,5.0,22400,2023-08-23 05:45:00,2023-08-23 05:45:00,28.09511572375518,-97.06232092627864,,2023-08-23,17225,0 days 00:00:00,723,3,False,False,,,,Free
2023-08-23 05:45:00,5.889846893390996,67.2,27.24569510194034,2126,136,393.629967841452,21.133633433726967,25,5.0,22401,2023-08-23 05:45:00,2023-08-23 05:45:00,28.05870032158944,-97.78366458613698,,2023-08-23,17201,0 days 00:15:00,721,3,False,False,,,,Free
2023-08-23 05:45:00,2.0404369942909377,102.4,3.2699134619927555,2126,138,394.5414100193817,88.59000687206857,3,5.0,22403,2023-08-23 05:45:00,2023-08-23 05:45:00,28.049585899810136,-97.10910087102997,,2023-08-23,17141,0 days 00:45:00,717,4,False,False,,,,Free
2023-08-23 05:45:00,14.856580760021023,21.205063,173.35150545056058,2126,152,463.3813078141697,214.8092353148569,169,5.0,22416,2023-08-23 05:45:00,2023-08-23 05:45:00,27.36118692186215,-95.84690862267058,,2023-08-23,17235,0 days 00:00:00,724,3,False,False,,,,Free
2023-08-23 05:45:00,17.137481637260006,65.325714,230.66616025385292,2126,158,477.2705279016094,65.39818513386257,211,5.0,22421,2023-08-23 05:45:00,2023-08-23 05:45:00,27.22229472098773,-97.34101908178468,,2023-08-23,17240,0 days 00:00:00,725,3,False,False,,,,Free
2023-08-23 06:00:00,14.836786632554524,17.220001,172.88988430353555,2127,145,302.96642514282826,43.53648331549845,161,5.0,22431,2023-08-23 06:00:00,2023-08-23 06:00:00,28.96533574857581,-97.55963609372112,,2023-08-23,17248,0 days 00:00:00,726,12,False,False,,,,Free
2023-08-23 06:00:00,8.968038384514493,31.448278,63.16620686082607,2127,155,384.9405737720236,88.10950306837616,64,5.0,22438,2023-08-23 06:00:00,2023-08-23 06:00:00,28.145594262283733,-97.11390590892957,,2023-08-23,17225,0 days 00:15:00,723,3,False,False,,,,Free
2023-08-23 06:00:00,5.648677695783249,26.295654,25.06013879538749,2127,158,390.0845243111629,18.28909758471883,23,5.0,22440,2023-08-23 06:00:00,2023-08-23 06:00:00,28.09415475689233,-97.81210994381422,,2023-08-23,17201,0 days 00:30:00,721,3,False,False,,,,Free
2023-08-23 06:00:00,9.81421822807363,16.0,75.64867100344992,2127,171,457.7895140645942,208.6434782874236,74,5.0,22451,2023-08-23 06:00:00,2023-08-23 06:00:00,27.41710485935792,-95.908566191183,,2023-08-23,17235,0 days 00:15:00,724,3,False,False,,,,Free
2023-08-23 06:00:00,15.185488939399187,52.654545,181.112089458846,2127,174,470.30338057849934,60.934203307517166,186,5.0,22453,2023-08-23 06:00:00,2023-08-23 06:00:00,27.29196619421884,-97.38565889877252,,2023-08-23,17240,0 days 00:15:00,725,3,False,False,,,,Free
2023-08-23 06:15:00,17.471058229327454,44.929733,239.73326693685183,2128,122,296.0604891457815,38.57630523324109,222,5.0,22470,2023-08-23 06:15:00,2023-08-23 06:15:00,29.03439510854629,-97.60923787312628,,2023-08-23,17248,0 days 00:15:00,726,12,False,False,,,,Free
2023-08-23 06:15:00,9.343978394181926,46.32381,68.57306042053487,2128,128,379.1783821352804,81.49020514145955,63,5.0,22476,2023-08-23 06:15:00,2023-08-23 06:15:00,28.20321617865117,-97.18009888630718,,2023-08-23,17225,0 days 00:30:00,723,3,False,False,,,,Free
2023-08-23 06:15:00,6.663344813062191,20.7,34.871807336928235,2128,132,392.21855095383467,204.63017516114752,32,5.0,22480,2023-08-23 06:15:00,2023-08-23 06:15:00,28.07281449046561,-95.94869922129892,,2023-08-23,17284,0 days 00:00:00,728,3,False,False,,,,Free
2023-08-23 06:15:00,16.993740367419385,78.784615,226.81294566241868,2128,133,398.4178612513925,148.0112463661908,208,5.0,22481,2023-08-23 06:15:00,2023-08-23 06:15:00,28.010821387490022,-96.514888493069,,2023-08-23,17285,0 days 00:00:00,729,6,False,False,,,,Free
2023-08-23 06:15:00,12.332903613598551,36.814682,119.4594624171444,2128,145,452.7737470727764,151.49068576612945,109,5.0,22492,2023-08-23 06:15:00,2023-08-23 06:15:00,27.4672625292761,-96.48009410006392,,2023-08-23,17293,0 days 00:00:00,731,4,False,False,,,,Free
2023-08-23 06:15:00,8.51850942433219,19.93846,56.99241993581817,2128,147,454.1233264704634,201.6828012344081,52,5.0,22494,2023-08-23 06:15:00,2023-08-23 06:15:00,27.453766735299222,-95.97817295972408,,2023-08-23,17235,0 days 00:30:00,724,3,False,False,,,,Free
2023-08-23 06:15:00,13.42331931629762,59.68372,141.51736192325689,2128,152,464.3918270771789,55.870209420831685,134,5.0,22499,2023-08-23 06:15:00,2023-08-23 06:15:00,27.351081729232053,-97.4362988361923,,2023-08-23,17240,0 days 00:30:00,725,3,False,False,,,,Free
2023-08-23 06:30:00,2.026604771973457,9.6,3.225729925502652,2129,127,252.3333333333333,13.666666666666666,3,5.0,22506,2023-08-23 06:30:00,2023-08-23 06:30:00,29.47166666667084,-97.8583342516738,,2023-08-23,17301,0 days 00:00:00,732,3,False,False,,,,Free
2023-08-23 06:30:00,18.93924589673497,62.93333,281.71842181637703,2129,128,291.099687947505,34.667561445852066,262,5.0,22507,2023-08-23 06:30:00,2023-08-23 06:30:00,29.084003120529065,-97.6483253098832,,2023-08-23,17248,0 days 00:30:00,726,12,False,False,,,,Free
2023-08-23 06:30:00,18.62688723953353,61.516804,272.5024758058908,2129,135,393.7678000389316,142.8796676606402,250,5.0,22514,2023-08-23 06:30:00,2023-08-23 06:30:00,28.05732199961464,-96.56620427865812,,2023-08-23,17285,0 days 00:15:00,729,6,False,False,,,,Free
2023-08-23 06:30:00,7.0662698803073685,16.266665,39.21663462920886,2129,137,387.78303748309,199.43786982651991,36,5.0,22516,2023-08-23 06:30:00,2023-08-23 06:30:00,28.117169625173062,-96.0006222731614,,2023-08-23,17284,0 days 00:15:00,728,3,False,False,,,,Free
2023-08-23 06:30:00,1.1791202449195346,38.4,1.0919583496507677,2129,145,414.48728814843537,37.38983051874828,4,5.0,22522,2023-08-23 06:30:00,2023-08-23 06:30:00,27.85012711851957,-97.62110261993216,,2023-08-23,17310,0 days 00:00:00,733,5,False,False,,,,Free
2023-08-23 06:30:00,11.630708751191229,49.97938,106.24346896417944,2129,150,446.7203300484647,144.68952555269263,97,5.0,22527,2023-08-23 06:30:00,2023-08-23 06:30:00,27.527796699519225,-96.54810570025478,,2023-08-23,17293,0 days 00:15:00,731,4,False,False,,,,Free
2023-08-23 06:45:00,2.025904286035279,16.0,3.223500395622583,2130,146,245.78632480025823,10.982906000322782,6,5.0,22544,2023-08-23 06:45:00,2023-08-23 06:45:00,29.537136752001604,-97.88517185757036,,2023-08-23,17301,0 days 00:15:00,732,3,False,False,,,,Free
2023-08-23 06:45:00,19.751347618032845,72.270424,306.396179997313,2130,147,286.1958774706111,30.56291612912118,284,5.0,22545,2023-08-23 06:45:00,2023-08-23 06:45:00,29.13304122529801,-97.68937176187757,,2023-08-23,17248,0 days 00:45:00,726,12,False,False,,,,Free
2023-08-23 06:45:00,4.550044291290489,10.880001,16.260022034590065,2130,150,335.7823129325256,57.42176870674744,15,5.0,22546,2023-08-23 06:45:00,2023-08-23 06:45:00,28.63717687067879,-97.4207832437765,,2023-08-23,17328,0 days 00:00:00,734,3,False,False,,,,Free
2023-08-23 06:45:00,14.391704024445556,31.744001,162.67256666955325,2130,151,340.8528766434778,85.21153657723313,150,5.0,22547,2023-08-23 06:45:00,2023-08-23 06:45:00,28.58647123356926,-97.1428855730129,,2023-08-23,17329,0 days 00:00:00,735,6,False,False,,,,Free
2023-08-23 06:45:00,16.86245905078478,39.71122,223.3220970988123,2130,160,387.9125330074752,136.77582721174034,206,5.0,22556,2023-08-23 06:45:00,2023-08-23 06:45:00,28.11587466992921,-96.62724268140288,,2023-08-23,17285,0 days 00:30:00,729,6,False,False,,,,Free
2023-08-23 06:45:00,1.177589631528725,9.6,1.0891252522104151,2130,162,385.5,195.5,2,5.0,22558,2023-08-23 06:45:00,2023-08-23 06:45:00,28.140000000003965,-96.04000097030132,,2023-08-23,17284,0 days 00:30:00,728,3,False,False,,,,Free
2023-08-23 06:45:00,5.001403102308975,38.400005,19.645975570911784,2130,168,409.4637391556272,32.495675283789645,18,5.0,22564,2023-08-23 06:45:00,2023-08-23 06:45:00,27.90036260844765,-97.67004417088316,,2023-08-23,17310,0 days 00:15:00,733,5,False,False,,,,Free
2023-08-23 06:45:00,10.559839939574609,46.8,87.57992163417256,2130,175,442.4816387481725,139.61955740080077,80,5.0,22570,2023-08-23 06:45:00,2023-08-23 06:45:00,27.57018361252216,-96.5988053803249,,2023-08-23,17293,0 days 00:30:00,731,4,False,False,,,,Free
2023-08-23 06:45:00,2.6448978175452287,13.44,5.49424065108706,2130,189,483.5,125.90170939996771,6,5.0,22580,2023-08-23 06:45:00,2023-08-23 06:45:00,27.16000000000381,-96.7359838564132,,2023-08-23,17348,0 days 00:00:00,736,3,False,False,,,,Free
2023-08-23 07:00:00,20.226475605369973,85.530205,321.3144903535986,2131,171,280.3953488562197,25.32112356778763,299,5.0,22585,2023-08-23 07:00:00,2023-08-23 07:00:00,29.19104651144193,-97.741789685993,,2023-08-23,17248,0 days 01:00:00,726,12,False,False,,,,Free
2023-08-23 07:00:00,3.520871355986296,9.6,9.736215904276904,2131,174,314.77777777777777,63.0,9,5.0,22587,2023-08-23 07:00:00,2023-08-23 07:00:00,28.8472222222263,-97.36500093243802,,2023-08-23,17353,0 days 00:00:00,737,4,False,False,,,,Free
2023-08-23 07:00:00,15.271268433614733,44.705326,183.1639934023777,2131,176,334.36261213637164,77.85174806606196,169,5.0,22589,2023-08-23 07:00:00,2023-08-23 07:00:00,28.65137387864033,-97.21648345602148,,2023-08-23,17329,0 days 00:15:00,735,6,False,False,,,,Free
2023-08-23 07:00:00,3.714138805739753,9.6,10.834431843829734,2131,177,330.6,51.1,10,5.0,22590,2023-08-23 07:00:00,2023-08-23 07:00:00,28.689000000004054,-97.48400092903744,,2023-08-23,17328,0 days 00:15:00,734,3,False,False,,,,Free
2023-08-23 07:00:00,2.62659361420626,9.6,5.418457228034111,2131,178,333.0,54.0,5,5.0,22591,2023-08-23 07:00:00,2023-08-23 07:00:00,28.66500000000405,-97.45500092986616,,2023-08-23,17355,0 days 00:00:00,738,3,False,False,,,,Free
2023-08-23 07:00:00,13.109915628792272,24.154844,134.98629421677387,2131,187,380.9053702042206,129.51878310581796,125,5.0,22599,2023-08-23 07:00:00,2023-08-23 07:00:00,28.185946297961767,-96.69981312038834,,2023-08-23,17285,0 days 00:45:00,729,6,False,False,,,,Free
2023-08-23 07:00:00,4.564898855838562,38.4,16.366363776716213,2131,191,402.8901415107631,26.171024210192176,31,5.0,22603,2023-08-23 07:00:00,2023-08-23 07:00:00,27.966098584896308,-97.73329067981184,,2023-08-23,17310,0 days 00:30:00,733,5,False,False,,,,Free
2023-08-23 07:00:00,7.0826510671759655,17.066668,39.3986711666288,2131,204,438.755524856299,134.10174953563265,36,5.0,22612,2023-08-23 07:00:00,2023-08-23 07:00:00,27.60744475144089,-96.65398345739982,,2023-08-23,17293,0 days 00:45:00,731,4,False,False,,,,Free
2023-08-23 07:00:00,16.984133520447894,48.885437,226.55657580946595,2131,215,494.4201295441872,129.2051292945143,214,5.0,22622,2023-08-23 07:00:00,2023-08-23 07:00:00,27.050798704561924,-96.70294965841174,,2023-08-23,17374,0 days 00:00:00,739,3,False,False,,,,Free
2023-08-23 07:15:00,1.168941361931543,9.6,1.073186827478399,2132,145,232.5,0.5,2,5.0,22631,2023-08-23 07:15:00,2023-08-23 07:15:00,29.670000000004208,-97.990000914578,,2023-08-23,17301,0 days 00:45:00,732,3,False,False,,,,Free
2023-08-23 07:15:00,20.356317370193988,87.544365,325.4530214597235,2132,147,275.9609152141732,22.30395096403168,308,5.0,22633,2023-08-23 07:15:00,2023-08-23 07:15:00,29.235390847862405,-97.77196141116838,,2023-08-23,17248,0 days 01:15:00,726,12,False,False,,,,Free
2023-08-23 07:15:00,7.326905260327285,19.938461,42.16295426559183,2132,150,307.93528610353115,57.10660762799287,40,5.0,22634,2023-08-23 07:15:00,2023-08-23 07:15:00,28.915647138968776,-97.423934854474,,2023-08-23,17353,0 days 00:15:00,737,4,False,False,,,,Free
2023-08-23 07:15:00,15.88710169268425,64.89181,198.2344965936404,2132,154,329.05392237648897,69.29380855104931,183,5.0,22637,2023-08-23 07:15:00,2023-08-23 07:15:00,28.704460776239166,-97.30206284872604,,2023-08-23,17329,0 days 00:30:00,735,6,False,False,,,,Free
2023-08-23 07:15:00,3.713961403707699,15.360001,10.833396877489813,2132,155,329.8223938181288,49.314671818226,10,5.0,22638,2023-08-23 07:15:00,2023-08-23 07:15:00,28.696776061822767,-97.50185421034502,,2023-08-23,17355,0 days 00:15:00,738,3,False,False,,,,Free
2023-08-23 07:15:00,10.722615010955897,28.22169,90.3007396751031,2132,161,374.331327192634,124.69326551941444,83,5.0,22643,2023-08-23 07:15:00,2023-08-23 07:15:00,28.251686728077644,-96.7480682948734,,2023-08-23,17285,0 days 01:00:00,729,6,False,False,,,,Free
2023-08-23 07:15:00,7.903688165665527,53.333332,49.06247758199726,2132,164,397.4752183896608,20.86887357130601,45,5.0,22646,2023-08-23 07:15:00,2023-08-23 07:15:00,28.02024781610734,-97.78631218468551,,2023-08-23,17310,0 days 00:45:00,733,5,False,False,,,,Free
2023-08-23 07:15:00,7.381823286851802,48.246155,42.7973787521985,2132,180,467.7905413718285,107.22526244851466,41,5.0,22662,2023-08-23 07:15:00,2023-08-23 07:15:00,27.31709458628556,-96.92274832059076,,2023-08-23,17348,0 days 00:30:00,736,3,False,False,,,,Free
2023-08-23 07:15:00,16.224753427749533,57.600002,206.75027325358909,2132,184,488.7472399703141,121.45297463934403,243,5.0,22665,2023-08-23 07:15:00,2023-08-23 07:15:00,27.107527600300664,-96.78047120274816,,2023-08-23,17374,0 days 00:15:00,739,3,False,False,,,,Free
2023-08-23 07:30:00,18.700900708299407,108.61176,274.6723417033177,2133,122,270.15216306623245,17.78532182378179,256,5.0,22674,2023-08-23 07:30:00,2023-08-23 07:30:00,29.293478369341823,-97.81714770127962,,2023-08-23,17248,0 days 01:30:00,726,12,False,False,,,,Free
2023-08-23 07:30:00,8.376531303480746,9.976471,55.10846483548986,2133,124,302.7793538244535,51.21907013304583,51,5.0,22676,2023-08-23 07:30:00,2023-08-23 07:30:00,28.967206461759563,-97.48281022774104,,2023-08-23,17353,0 days 00:30:00,737,4,False,False,,,,Free
2023-08-23 07:30:00,11.503413150903905,18.500002,103.93057195526671,2133,126,322.9175925792803,42.183950595351696,96,5.0,22678,2023-08-23 07:30:00,2023-08-23 07:30:00,28.765824074211263,-97.57316142053612,,2023-08-23,17328,0 days 00:45:00,734,3,False,False,,,,Free
2023-08-23 07:30:00,17.532806636796867,64.53094,241.4308523752678,2133,128,323.4850626045733,62.61210963828975,223,5.0,22680,2023-08-23 07:30:00,2023-08-23 07:30:00,28.76014937395833,-97.36887983594426,,2023-08-23,17329,0 days 00:45:00,735,6,False,False,,,,Free
2023-08-23 07:30:00,12.704327790426428,37.169228,126.76322006647447,2133,129,329.8543148313517,34.00350281655573,118,5.0,22681,2023-08-23 07:30:00,2023-08-23 07:30:00,28.69645685169053,-97.65496589598638,,2023-08-23,17411,0 days 00:00:00,740,8,False,False,,,,Free
2023-08-23 07:30:00,8.656191799847386,31.822226,58.84961458005193,2133,134,392.3124569970344,15.17329663046828,55,5.0,22686,2023-08-23 07:30:00,2023-08-23 07:30:00,28.07187543003361,-97.84326795246636,,2023-08-23,17310,0 days 01:00:00,733,5,False,False,,,,Free
2023-08-23 07:30:00,10.831290036032897,54.17143,92.14043369118552,2133,145,463.0139453977272,101.50828007496524,84,5.0,22695,2023-08-23 07:30:00,2023-08-23 07:30:00,27.364860546026573,-96.97991814269255,,2023-08-23,17348,0 days 00:45:00,736,3,False,False,,,,Free
2023-08-23 07:30:00,16.47435336127855,62.74639,213.1604534233365,2133,148,483.8086978097441,115.5142673219735,195,5.0,22698,2023-08-23 07:30:00,2023-08-23 07:30:00,27.156913021906373,-96.8398582742248,,2023-08-23,17374,0 days 00:30:00,739,3,False,False,,,,Free
2023-08-23 07:45:00,19.414950124006285,117.12,296.0482101551883,2134,103,264.26657800361943,12.352161622349234,275,5.0,22710,2023-08-23 07:45:00,2023-08-23 07:45:00,29.35233421996796,-97.87147930174136,,2023-08-23,17248,0 days 01:45:00,726,12,False,False,,,,Free
2023-08-23 07:45:00,4.388018661954985,12.342857,15.122612125332822,2134,104,299.45914396417896,46.089494164868015,14,5.0,22711,2023-08-23 07:45:00,2023-08-23 07:45:00,29.00040856036232,-97.53410598595696,,2023-08-23,17353,0 days 00:45:00,737,4,False,False,,,,Free
2023-08-23 07:45:00,10.432655390750764,16.6481,85.48297054722728,2134,106,317.83481850844,36.940665065401774,79,5.0,22713,2023-08-23 07:45:00,2023-08-23 07:45:00,28.81665181491968,-97.62559427433727,,2023-08-23,17355,0 days 00:45:00,738,3,False,False,,,,Free
2023-08-23 07:45:00,17.83939230364794,53.984413,249.9481885238248,2134,107,317.7599731316722,57.06949821225528,231,5.0,22714,2023-08-23 07:45:00,2023-08-23 07:45:00,28.81740026868735,-97.42430594862076,,2023-08-23,17329,0 days 01:00:00,735,6,False,False,,,,Free
2023-08-23 07:45:00,10.30276294520177,33.787018,83.36759939945274,2134,109,323.426057936074,27.14815484468874,77,5.0,22715,2023-08-23 07:45:00,2023-08-23 07:45:00,28.76073942064333,-97.72351937374606,,2023-08-23,17411,0 days 00:15:00,740,8,False,False,,,,Free
2023-08-23 07:45:00,5.763662195725569,17.199999,26.09077140574196,2134,110,366.6345628359458,115.37636611476786,24,5.0,22716,2023-08-23 07:45:00,2023-08-23 07:45:00,28.32865437164454,-96.84123728625748,,2023-08-23,17285,0 days 01:30:00,729,6,False,False,,,,Free
2023-08-23 08:00:00,18.94598998286896,136.96489,281.91909206341336,2135,125,258.60940426294167,8.601356987737987,300,5.0,22733,2023-08-23 08:00:00,2023-08-23 08:00:00,29.40890595737475,-97.90898734701562,,2023-08-23,17248,0 days 02:00:00,726,12,False,False,,,,Free
2023-08-23 08:00:00,17.601672330351306,30.165335,243.33117056107287,2135,129,311.2723583150836,51.87103839639845,226,5.0,22737,2023-08-23 08:00:00,2023-08-23 08:00:00,28.882276416853248,-97.4762905452938,,2023-08-23,17329,0 days 01:15:00,735,6,False,False,,,,Free
2023-08-23 08:00:00,9.96044757274884,19.466667,77.91975693789365,2135,131,318.8139400945002,21.940476184176088,72,5.0,22738,2023-08-23 08:00:00,2023-08-23 08:00:00,28.80686059905907,-97.77559615886304,,2023-08-23,17411,0 days 00:30:00,740,8,False,False,,,,Free
2023-08-23 08:15:00,16.714650430280724,103.952934,219.424176826518,2136,132,255.13918285461068,6.4145464589293,204,5.0,22763,2023-08-23 08:15:00,2023-08-23 08:15:00,29.443608171458063,-97.93085545167884,,2023-08-23,17248,0 days 02:15:00,726,12,False,False,,,,Free
2023-08-23 08:15:00,9.090495943862258,17.279999,64.9030395317834,2136,137,314.0295763435845,17.60911269637711,63,5.0,22767,2023-08-23 08:15:00,2023-08-23 08:15:00,28.854704236568235,-97.81890979250328,,2023-08-23,17411,0 days 00:45:00,740,8,False,False,,,,Free
2023-08-23 08:30:00,15.389302554850396,49.109825,186.00634429241384,2137,88,251.8206001997461,5.797221892588119,173,5.0,22794,2023-08-23 08:30:00,2023-08-23 08:30:00,29.47679399800672,-97.93702869716584,,2023-08-23,17248,0 days 02:30:00,726,12,False,False,,,,Free
2023-08-23 08:30:00,8.213574710429329,22.138775,52.98516669762773,2137,91,309.9116532508655,13.797726202004998,50,5.0,22797,2023-08-23 08:30:00,2023-08-23 08:30:00,28.89588346749543,-97.85702365635792,,2023-08-23,17411,0 days 01:00:00,740,8,False,False,,,,Free
2023-08-23 08:45:00,9.286130787742596,24.076187,67.72663114622115,2138,115,246.79630232934417,5.068872326379808,87,5.0,22818,2023-08-23 08:45:00,2023-08-23 08:45:00,29.527036976710743,-97.94431219261976,,2023-08-23,17248,0 days 02:45:00,726,12,False,False,,,,Free
2023-08-23 08:45:00,6.940384472672562,15.085714,37.83179436084328,2138,118,306.2271954668864,9.61303116177922,35,5.0,22819,2023-08-23 08:45:00,2023-08-23 08:45:00,28.932728045335228,-97.8988706055643,,2023-08-23,17411,0 days 01:15:00,740,8,False,False,,,,Free
2023-08-23 08:45:00,10.710449544246108,26.458534,90.09595241852344,2138,145,482.1444646467615,113.63650830468684,82,5.0,22836,2023-08-23 08:45:00,2023-08-23 08:45:00,27.1735553535362,-96.85863586386108,,2023-08-23,17511,0 days 00:00:00,742,8,False,False,,,,Free
2023-08-23 09:00:00,6.634740868350127,16.8,34.573059383976045,2139,81,301.8448093146497,4.298728814843535,32,5.0,22842,2023-08-23 09:00:00,2023-08-23 09:00:00,28.9765519068576,-97.95201362751504,,2023-08-23,17411,0 days 01:30:00,740,8,False,False,,,,Free
2023-08-23 09:00:00,6.563900385929866,29.419355,33.83871358266052,2139,84,410.84200789674566,19.4398943060797,31,5.0,22845,2023-08-23 09:00:00,2023-08-23 09:00:00,27.88657992103647,-97.80060197692944,,2023-08-23,17516,0 days 00:00:00,743,4,False,False,,,,Free
2023-08-23 09:00:00,30.78322918468539,93.536285,744.248953745755,2139,93,469.6814787020115,66.23640502707084,680,5.0,22851,2023-08-23 09:00:00,2023-08-23 09:00:00,27.29818521298372,-97.33263688309216,,2023-08-23,17522,0 days 00:00:00,745,11,False,False,,,,Free
2023-08-23 09:00:00,10.708446834240103,33.717075,90.06226210606638,2139,98,478.0357567437644,105.3839817039878,82,5.0,22855,2023-08-23 09:00:00,2023-08-23 09:00:00,27.21464243256618,-96.94116112750982,,2023-08-23,17511,0 days 00:15:00,742,8,False,False,,,,Free
2023-08-23 09:15:00,5.1114778057458015,12.631579,20.52025910337748,2140,96,297.5793103461884,0.7986206976383671,19,5.0,22863,2023-08-23 09:15:00,2023-08-23 09:15:00,29.019206896542222,-97.98701470768692,,2023-08-23,17411,0 days 01:45:00,740,8,False,False,,,,Free
2023-08-23 09:15:00,8.661838449895715,71.28889,58.92641776822735,2140,99,405.7536037936488,14.727511458965926,54,5.0,22866,2023-08-23 09:15:00,2023-08-23 09:15:00,27.937463962067447,-97.847725804054,,2023-08-23,17516,0 days 00:15:00,743,4,False,False,,,,Free
2023-08-23 09:15:00,3.9107321720250328,9.599999,12.011742946998076,2140,100,414.1818181818182,174.0,11,5.0,22867,2023-08-23 09:15:00,2023-08-23 09:15:00,27.85318181818574,-96.25500096415747,,2023-08-23,17530,0 days 00:00:00,746,9,False,False,,,,Free
2023-08-23 09:15:00,9.87415042098396,107.79429,76.57541500291502,2140,105,433.4389349086144,57.7310856631121,70,5.0,22871,2023-08-23 09:15:00,2023-08-23 09:15:00,27.66061065091775,-97.41769007430128,,2023-08-23,17533,0 days 00:00:00,747,5,False,False,,,,Free
2023-08-23 09:15:00,9.373374857320195,88.53333,69.00520532773552,2140,107,447.6536679871426,62.35464765455023,64,5.0,22873,2023-08-23 09:15:00,2023-08-23 09:15:00,27.518463320132444,-97.37145445570808,,2023-08-23,17535,0 days 00:00:00,748,3,False,False,,,,Free
2023-08-23 09:15:00,28.75856420901855,102.064865,649.5674900957247,2140,108,464.7659178487053,60.06934065341585,593,5.0,22874,2023-08-23 09:15:00,2023-08-23 09:15:00,27.34734082151679,-97.39430752506638,,2023-08-23,17522,0 days 00:15:00,745,11,False,False,,,,Free
2023-08-23 09:15:00,13.103502267259769,63.297565,134.85425612019947,2140,109,457.3536460501425,112.38738062515988,129,5.0,22875,2023-08-23 09:15:00,2023-08-23 09:15:00,27.42146353950243,-96.8711271402994,,2023-08-23,17536,0 days 00:00:00,749,4,False,False,,,,Free
2023-08-23 09:15:00,10.964643742287398,97.00465,94.42324729262867,2140,117,474.3438906019459,98.16475407631587,86,5.0,22881,2023-08-23 09:15:00,2023-08-23 09:15:00,27.25156109398437,-97.01335340172358,,2023-08-23,17511,0 days 00:30:00,742,8,False,False,,,,Free
2023-08-23 09:30:00,10.273385310375875,67.57895,82.89284304109482,2141,117,401.4758200295409,9.29617324863368,76,5.0,22890,2023-08-23 09:30:00,2023-08-23 09:30:00,27.980241799708534,-97.9020391846052,,2023-08-23,17516,0 days 00:30:00,743,4,False,False,,,,Free
2023-08-23 09:30:00,7.074340528397425,24.0,39.30626732311877,2141,118,412.9175438715615,170.4248538114227,36,5.0,22891,2023-08-23 09:30:00,2023-08-23 09:30:00,27.86582456128831,-96.29075242502164,,2023-08-23,17530,0 days 00:15:00,746,9,False,False,,,,Free
2023-08-23 09:30:00,13.607854054740502,165.29323,145.43507758678206,2141,120,428.3606267019978,52.61897840150496,133,5.0,22892,2023-08-23 09:30:00,2023-08-23 09:30:00,27.71139373298392,-97.46881114545648,,2023-08-23,17533,0 days 00:15:00,747,5,False,False,,,,Free
2023-08-23 09:30:00,11.325680541675556,74.92174,100.74383902266328,2141,123,444.9611055711251,57.46611116072869,92,5.0,22894,2023-08-23 09:30:00,2023-08-23 09:30:00,27.545388944292625,-97.42033981924936,,2023-08-23,17535,0 days 00:15:00,748,3,False,False,,,,Free
2023-08-23 09:30:00,12.61220642810864,49.93684,124.93151947955825,2141,124,453.7913640956456,107.17876943204948,114,5.0,22895,2023-08-23 09:30:00,2023-08-23 09:30:00,27.457086359047405,-96.9232132507421,,2023-08-23,17536,0 days 00:15:00,749,4,False,False,,,,Free
2023-08-23 09:30:00,27.78797287390028,74.14394,606.4620280084305,2141,125,460.1250456001961,52.26009045970317,566,5.0,22896,2023-08-23 09:30:00,2023-08-23 09:30:00,27.39374954400189,-97.47240002477196,,2023-08-23,17522,0 days 00:30:00,745,11,False,False,,,,Free
2023-08-23 09:30:00,11.939598769822974,96.282364,111.96166453816028,2141,131,471.0297042458411,91.9907401491259,111,5.0,22901,2023-08-23 09:30:00,2023-08-23 09:30:00,27.284702957545424,-97.0750935392312,,2023-08-23,17511,0 days 00:45:00,742,8,False,False,,,,Free
2023-08-23 09:30:00,2.897768258024923,14.399999,6.595036190902637,2141,140,486.9864559957909,69.77878104930862,13,5.0,22909,2023-08-23 09:30:00,2023-08-23 09:30:00,27.1251354400459,-97.29721312388205,,2023-08-23,17556,0 days 00:00:00,750,5,False,False,,,,Free
2023-08-23 09:45:00,9.927797758614256,76.664795,77.40976059335888,2142,103,396.6650288781545,3.275696702129416,71,5.0,22921,2023-08-23 09:45:00,2023-08-23 09:45:00,28.028349711222404,-97.96224394834984,,2023-08-23,17516,0 days 00:45:00,743,4,False,False,,,,Free
2023-08-23 09:45:00,4.407764643438736,28.114288,15.259021157711349,2142,104,393.68912237352623,160.46971569614178,14,5.0,22922,2023-08-23 09:45:00,2023-08-23 09:45:00,28.058108776268693,-96.39030380332964,,2023-08-23,17568,0 days 00:00:00,751,4,False,False,,,,Free
2023-08-23 09:45:00,7.908497141039612,27.520002,49.12219958015921,2142,107,410.23248468813074,166.65502267317794,45,5.0,22925,2023-08-23 09:45:00,2023-08-23 09:45:00,27.89267515312262,-96.32845073532678,,2023-08-23,17530,0 days 00:30:00,746,9,False,False,,,,Free
2023-08-23 09:45:00,13.13719666926345,201.83226,135.54867741938145,2142,109,425.22918646889457,48.78133503518878,124,5.0,22927,2023-08-23 09:45:00,2023-08-23 09:45:00,27.74270813531496,-97.50718757802298,,2023-08-23,17533,0 days 00:30:00,747,5,False,False,,,,Free
2023-08-23 09:45:00,6.984675038471853,49.37143,38.316187707788586,2142,112,441.9825372265782,51.5183615728873,36,5.0,22929,2023-08-23 09:45:00,2023-08-23 09:45:00,27.575174627738097,-97.47981731342816,,2023-08-23,17535,0 days 00:30:00,748,3,False,False,,,,Free
2023-08-23 09:45:00,12.10193841861589,23.497143,115.0269908703116,2142,113,449.59760303812953,99.842563986068,122,5.0,22930,2023-08-23 09:45:00,2023-08-23 09:45:00,27.49902396962257,-96.99657530310547,,2023-08-23,17536,0 days 00:30:00,749,4,False,False,,,,Free
2023-08-23 09:45:00,20.4971649180011,85.31561,329.97229108456884,2142,114,455.5986829320891,43.73047443283317,304,5.0,22931,2023-08-23 09:45:00,2023-08-23 09:45:00,27.43901317068297,-97.5576961826032,,2023-08-23,17522,0 days 00:45:00,745,11,False,False,,,,Free
2023-08-23 09:45:00,11.459647149271731,62.910645,103.14124575287786,2142,118,466.7584686499335,84.80116098800661,94,5.0,22935,2023-08-23 09:45:00,2023-08-23 09:45:00,27.327415313504503,-97.14698932878788,,2023-08-23,17511,0 days 01:00:00,742,8,False,False,,,,Free
2023-08-23 09:45:00,2.047484299515679,9.6,3.2925398634513807,2142,120,469.6666666666667,167.33333333333334,3,5.0,22937,2023-08-23 09:45:00,2023-08-23 09:45:00,27.29833333333717,-96.3216676289191,,2023-08-23,17575,0 days 00:00:00,752,4,False,False,,,,Free
2023-08-23 09:45:00,2.8975738430271667,11.2,6.594151281675438,2142,122,485.0,66.87634408464321,6,5.0,22939,2023-08-23 09:45:00,2023-08-23 09:45:00,27.14500000000381,-97.3262374926993,,2023-08-23,17556,0 days 00:15:00,750,5,False,False,,,,Free
2023-08-23 10:00:00,5.889715351907329,15.360002,27.24447812662638,2143,126,392.72119816931456,156.7407833974804,40,5.0,22951,2023-08-23 10:00:00,2023-08-23 10:00:00,28.06778801831081,-96.42759312525068,,2023-08-23,17568,0 days 00:15:00,751,4,False,False,,,,Free
2023-08-23 10:00:00,7.170007663587864,12.713515,40.37654195432794,2143,132,406.6285914615546,160.54660127236986,37,5.0,22957,2023-08-23 10:00:00,2023-08-23 10:00:00,27.92871408538839,-96.38953494758933,,2023-08-23,17530,0 days 00:45:00,746,9,False,False,,,,Free
2023-08-23 10:00:00,14.34967310914912,120.84325,161.72378496323554,2143,134,421.0685036738197,43.95281427118641,151,5.0,22958,2023-08-23 10:00:00,2023-08-23 10:00:00,27.784314963265714,-97.5554727842832,,2023-08-23,17533,0 days 00:45:00,747,5,False,False,,,,Free
2023-08-23 10:00:00,,,,2143,137,443.8033707991586,92.4646067374193,44,5.0,22959,2023-08-23 10:00:00,2023-08-23 10:00:00,27.55696629201229,-97.07035487348368,,2023-08-23,17536,0 days 00:45:00,749,4,False,False,,,,Free
2023-08-23 10:00:00,16.912602351584606,60.269264,224.65224198037416,2143,140,450.5283048973542,35.65714634606943,205,5.0,22961,2023-08-23 10:00:00,2023-08-23 10:00:00,27.489716951030324,-97.6384294611638,,2023-08-23,17522,0 days 01:00:00,745,11,False,False,,,,Free
2023-08-23 10:00:00,10.89515129916013,57.37411,93.23015635387092,2143,147,462.12027648257,77.7079705792664,86,5.0,22967,2023-08-23 10:00:00,2023-08-23 10:00:00,27.37379723517815,-97.21792123084832,,2023-08-23,17511,0 days 01:15:00,742,8,False,False,,,,Free
2023-08-23 10:00:00,5.286363374352558,12.480001,21.94845254473222,2143,149,468.5895721967746,163.43048129058135,20,5.0,22969,2023-08-23 10:00:00,2023-08-23 10:00:00,27.30910427803609,-96.36069614823134,,2023-08-23,17575,0 days 00:15:00,752,4,False,False,,,,Free
2023-08-23 10:15:00,5.1272197080101325,24.757898,20.64684688981724,2144,151,362.2557272217225,95.6196057545122,19,5.0,22982,2023-08-23 10:15:00,2023-08-23 10:15:00,28.37244272778678,-97.0388048842143,,2023-08-23,17602,0 days 00:00:00,755,3,False,False,,,,Free
2023-08-23 10:15:00,3.53340947521086,10.666667,9.805682340872313,2144,158,389.9098039208353,154.4588235250119,9,5.0,22988,2023-08-23 10:15:00,2023-08-23 10:15:00,28.095901960795608,-96.45041272332328,,2023-08-23,17568,0 days 00:30:00,751,4,False,False,,,,Free
2023-08-23 10:15:00,4.5644620731294205,10.240001,16.363231964626518,2144,165,403.5974026000834,155.80519479983317,18,5.0,22992,2023-08-23 10:15:00,2023-08-23 10:15:00,27.959025974003104,-96.43694901095978,,2023-08-23,17530,0 days 01:00:00,746,9,False,False,,,,Free
2023-08-23 10:15:00,13.803907772366456,84.85839,149.65594697079055,2144,166,416.3745245615589,39.143460376057256,169,5.0,22993,2023-08-23 10:15:00,2023-08-23 10:15:00,27.83125475438833,-97.60356632186016,,2023-08-23,17533,0 days 01:00:00,747,5,False,False,,,,Free
2023-08-23 10:15:00,14.22028198754863,97.39034,158.82040472396858,2144,172,445.9921024923572,28.731887202295347,145,5.0,22998,2023-08-23 10:15:00,2023-08-23 10:15:00,27.5350789750803,-97.70768205062257,,2023-08-23,17522,0 days 01:15:00,745,11,False,False,,,,Free
2023-08-23 10:15:00,8.841741593601618,37.885715,61.39959658909729,2144,175,457.7145960155977,72.73132058228005,56,5.0,23001,2023-08-23 10:15:00,2023-08-23 10:15:00,27.41785403984788,-97.26768772939609,,2023-08-23,17511,0 days 01:30:00,742,8,False,False,,,,Free
2023-08-23 10:15:00,8.357422872075453,30.911999,54.85732622074519,2144,176,466.47452916446406,160.12102498381094,50,5.0,23002,2023-08-23 10:15:00,2023-08-23 10:15:00,27.3302547083592,-96.3937907103533,,2023-08-23,17575,0 days 00:30:00,752,4,False,False,,,,Free
2023-08-23 10:15:00,5.155456315328955,22.736843,20.874885585487885,2144,179,481.00890208266,59.85519288872072,19,5.0,23005,2023-08-23 10:15:00,2023-08-23 10:15:00,27.18491097917721,-97.39644900265216,,2023-08-23,17556,0 days 00:45:00,750,5,False,False,,,,Free
2023-08-23 10:30:00,4.391164010385361,10.971429,15.144299786977175,2145,117,314.2607709775085,123.8390022707611,15,5.0,23014,2023-08-23 10:30:00,2023-08-23 10:30:00,28.852392290228995,-96.75661092711584,,2023-08-23,17620,0 days 00:00:00,756,3,False,False,,,,Free
2023-08-23 10:30:00,7.154128233728822,19.45946,40.19789598608625,2145,129,359.72747662817983,92.70317756032031,37,5.0,23024,2023-08-23 10:30:00,2023-08-23 10:30:00,28.39772523372221,-97.06796916532284,,2023-08-23,17602,0 days 00:15:00,755,3,False,False,,,,Free
2023-08-23 10:30:00,1.665479762009924,9.6,2.1785553622917013,2145,136,387.5,151.0,2,5.0,23030,2023-08-23 10:30:00,2023-08-23 10:30:00,28.12000000000396,-96.485000957585,,2023-08-23,17568,0 days 00:45:00,751,4,False,False,,,,Free
2023-08-23 10:30:00,1.6656738491490508,9.6,2.1790631489662946,2145,137,390.0,57.5,2,5.0,23031,2023-08-23 10:30:00,2023-08-23 10:30:00,28.09500000000396,-97.42000093086632,,2023-08-23,17632,0 days 00:00:00,757,3,False,False,,,,Free
2023-08-23 10:30:00,2.634763959110732,9.6,5.452219222167508,2145,138,398.2857142857143,150.0,7,5.0,23032,2023-08-23 10:30:00,2023-08-23 10:30:00,28.01214285714681,-96.49500095729924,,2023-08-23,17530,0 days 01:15:00,746,9,False,False,,,,Free
2023-08-23 10:30:00,15.348603449656244,108.44022,185.0238070510139,2145,144,441.7433958485374,20.93993616979825,169,5.0,23037,2023-08-23 10:30:00,2023-08-23 10:30:00,27.577566041518505,-97.78560155872094,,2023-08-23,17522,0 days 01:30:00,745,11,False,False,,,,Free
2023-08-23 10:30:00,5.906641282691233,21.504002,27.401294113629824,2145,147,454.6752302501594,66.6480853197772,25,5.0,23040,2023-08-23 10:30:00,2023-08-23 10:30:00,27.448247697502264,-97.32852008028271,,2023-08-23,17511,0 days 01:45:00,742,8,False,False,,,,Free
2023-08-23 10:30:00,6.5799253092947945,14.245162,34.004141054936966,2145,148,463.8757850592586,156.6852756487963,31,5.0,23041,2023-08-23 10:30:00,2023-08-23 10:30:00,27.35624214941126,-96.42814820272169,,2023-08-23,17575,0 days 00:45:00,752,4,False,False,,,,Free
2023-08-23 10:30:00,9.606687000792654,23.127272,72.48316745486788,2145,149,477.0690404586636,55.245235673193,66,5.0,23042,2023-08-23 10:30:00,2023-08-23 10:30:00,27.22430959541719,-97.44254857349006,,2023-08-23,17556,0 days 01:00:00,750,5,False,False,,,,Free
2023-08-23 10:45:00,6.097274134569461,10.666668,29.198552641421955,2146,110,311.21307189444707,120.78954248194908,27,5.0,23046,2023-08-23 10:45:00,2023-08-23 10:45:00,28.88286928105961,-96.78710552413251,,2023-08-23,17620,0 days 00:15:00,756,3,False,False,,,,Free
2023-08-23 10:45:00,4.848666355602842,10.729412,18.46436950938796,2146,128,356.81108829407947,90.33470225731952,17,5.0,23061,2023-08-23 10:45:00,2023-08-23 10:45:00,28.42688911706322,-97.091653917676,,2023-08-23,17602,0 days 00:30:00,755,3,False,False,,,,Free
2023-08-23 10:45:00,3.904229191407135,41.018185,11.971828586431624,2146,132,377.876829890281,50.253912143198654,11,5.0,23065,2023-08-23 10:45:00,2023-08-23 10:45:00,28.21623170110117,-97.49246180736372,,2023-08-23,17653,0 days 00:00:00,758,4,False,False,,,,Free
2023-08-23 10:45:00,4.855552911268338,50.823532,18.516856605353382,2146,135,386.9741182358695,53.234712002962645,19,5.0,23068,2023-08-23 10:45:00,2023-08-23 10:45:00,28.12525881764527,-97.46265380961783,,2023-08-23,17632,0 days 00:15:00,757,3,False,False,,,,Free
2023-08-23 10:45:00,5.398715835320757,27.428574,22.89131906958292,2146,136,394.9876857771652,145.62505307976855,21,5.0,23069,2023-08-23 10:45:00,2023-08-23 10:45:00,28.0451231422323,-96.53875042525137,,2023-08-23,17530,0 days 01:30:00,746,9,False,False,,,,Free
2023-08-23 10:45:00,14.263592232459676,118.882195,159.78930611694295,2146,141,438.2819838498508,15.261260827342126,151,5.0,23072,2023-08-23 10:45:00,2023-08-23 10:45:00,27.61218016150538,-97.84238831052272,,2023-08-23,17522,0 days 01:45:00,745,11,False,False,,,,Free
2023-08-23 10:45:00,7.0940146023978805,23.733332,39.52519648571086,2146,142,473.4255634650216,51.67289441794964,36,5.0,23073,2023-08-23 10:45:00,2023-08-23 10:45:00,27.260744365353613,-97.4782719850217,,2023-08-23,17556,0 days 01:15:00,750,5,False,False,,,,Free
2023-08-23 11:00:00,1.659373163966105,9.6,2.162608998971691,2147,112,310.0,119.5,2,5.0,23078,2023-08-23 11:00:00,2023-08-23 11:00:00,28.895000000004085,-96.80000094858347,,2023-08-23,17620,0 days 00:30:00,756,3,False,False,,,,Free
2023-08-23 11:00:00,6.86336217286658,46.305885,36.996761929613164,2147,130,376.0565366245772,47.24850471486829,34,5.0,23095,2023-08-23 11:00:00,2023-08-23 11:00:00,28.23443463375821,-97.52251588078816,,2023-08-23,17653,0 days 00:15:00,758,4,False,False,,,,Free
2023-08-23 11:00:00,6.966017154786574,36.754288,38.11175611174898,2147,134,383.728810528512,48.423609872300354,35,5.0,23099,2023-08-23 11:00:00,2023-08-23 11:00:00,28.15771189471885,-97.51076482954966,,2023-08-23,17632,0 days 00:30:00,757,3,False,False,,,,Free
2023-08-23 11:00:00,6.120561968394584,26.311111,29.422019575075502,2147,135,391.7191518965742,141.73444560658788,27,5.0,23100,2023-08-23 11:00:00,2023-08-23 11:00:00,28.07780848103821,-96.57765649887136,,2023-08-23,17530,0 days 01:45:00,746,9,False,False,,,,Free
2023-08-23 11:00:00,16.224810988669866,123.17461,206.7517402413212,2147,143,432.9760107751686,8.758576172170834,189,5.0,23107,2023-08-23 11:00:00,2023-08-23 11:00:00,27.66523989225221,-97.90741515521626,,2023-08-23,17522,0 days 02:00:00,745,11,False,False,,,,Free
2023-08-23 11:15:00,6.115150365654507,41.244442,29.370014581460964,2148,102,372.9521765905413,43.152258316510526,27,5.0,23119,2023-08-23 11:15:00,2023-08-23 11:15:00,28.265478234098573,-97.56347834360122,,2023-08-23,17653,0 days 00:30:00,758,4,False,False,,,,Free
2023-08-23 11:15:00,4.080035124773467,11.200001,13.074277097518044,2148,111,389.9381720423216,138.5,12,5.0,23127,2023-08-23 11:15:00,2023-08-23 11:15:00,28.095618279580744,-96.610000954013,,2023-08-23,17530,0 days 02:00:00,746,9,False,False,,,,Free
2023-08-23 11:15:00,13.45306050479009,137.79694,142.14515853981612,2148,116,428.32080216338375,4.3431729101316,130,5.0,23132,2023-08-23 11:15:00,2023-08-23 11:15:00,27.711791978370066,-97.95156918657489,,2023-08-23,17522,0 days 02:15:00,745,11,False,False,,,,Free
2023-08-23 11:30:00,6.445053467092316,36.159996,32.62442983760675,2149,103,370.2217400290892,39.070262449068544,33,5.0,23143,2023-08-23 11:30:00,2023-08-23 11:30:00,28.2927825997131,-97.60429830110915,,2023-08-23,17653,0 days 00:45:00,758,4,False,False,,,,Free
2023-08-23 11:30:00,8.828078735724585,89.314285,61.20998557295303,2149,115,424.2585564200317,1.6583361827457563,56,5.0,23154,2023-08-23 11:30:00,2023-08-23 11:30:00,27.75241443580359,-97.9784175530815,,2023-08-23,17522,0 days 02:30:00,745,11,False,False,,,,Free
2023-08-23 12:30:00,4.425451863928889,15.77143,15.381727877471269,2153,52,481.8,154.67636364582157,15,5.0,23203,2023-08-23 12:30:00,2023-08-23 12:30:00,27.17700000000381,-96.4482373221773,,2023-08-23,17739,0 days 00:00:00,760,4,False,False,,,,Free
2023-08-23 12:45:00,9.53506550969396,36.923077,71.40641731565637,2154,36,480.2295903676495,150.9080481867254,65,5.0,23212,2023-08-23 12:45:00,2023-08-23 12:45:00,27.19270409632733,-96.48592047569144,,2023-08-23,17739,0 days 00:15:00,760,4,False,False,,,,Free
2023-08-23 13:00:00,5.392473055346666,32.45714,22.83840913744811,2155,38,370.62920568506985,30.56399583777236,21,5.0,23216,2023-08-23 13:00:00,2023-08-23 13:00:00,28.28870794315329,-97.68936096479138,,2023-08-23,17749,0 days 00:00:00,761,4,False,False,,,,Free
2023-08-23 13:00:00,10.838814144706593,52.114292,92.26849146279682,2155,41,478.449363265652,146.03436427213555,84,5.0,23219,2023-08-23 13:00:00,2023-08-23 13:00:00,27.2105063673473,-96.53465731344464,,2023-08-23,17739,0 days 00:30:00,760,4,False,False,,,,Free
2023-08-23 13:15:00,6.961216640064614,53.211426,38.05924604705235,2156,31,369.33222708355737,27.586701423184227,35,5.0,23224,2023-08-23 13:15:00,2023-08-23 13:15:00,28.30167772916841,-97.71913390808646,,2023-08-23,17749,0 days 00:15:00,761,4,False,False,,,,Free
2023-08-23 13:15:00,3.1128998808348727,9.599999,7.610622610780868,2156,32,367.4285714285714,17.714285714285715,7,5.0,23225,2023-08-23 13:15:00,2023-08-23 13:15:00,28.32071428571828,-97.81785806235428,,2023-08-23,17755,0 days 00:00:00,763,3,False,False,,,,Free
2023-08-23 13:15:00,9.679003746390894,37.25373,73.57854530204314,2156,36,476.1456685726117,139.87401139357323,70,5.0,23229,2023-08-23 13:15:00,2023-08-23 13:15:00,27.233543314277707,-96.59626084046988,,2023-08-23,17739,0 days 00:45:00,760,4,False,False,,,,Free
2023-08-23 13:30:00,7.441383847930243,30.48,43.490789931249815,2157,57,367.8697017100312,23.65482732242868,40,5.0,23235,2023-08-23 13:30:00,2023-08-23 13:30:00,28.31630298290368,-97.75845264797044,,2023-08-23,17749,0 days 00:30:00,761,4,False,False,,,,Free
2023-08-23 13:30:00,1.6638814400609938,9.6,2.174375951506676,2157,58,367.0,16.5,2,5.0,23236,2023-08-23 13:30:00,2023-08-23 13:30:00,28.325000000004,-97.83000091915017,,2023-08-23,17755,0 days 00:15:00,763,3,False,False,,,,Free
2023-08-23 13:45:00,3.720499479217693,17.28,10.8715727783481,2158,57,366.574918568799,19.5,10,5.0,23251,2023-08-23 13:45:00,2023-08-23 13:45:00,28.32925081431601,-97.8000009200074,,2023-08-23,17749,0 days 00:45:00,761,4,False,False,,,,Free
2023-08-23 13:45:00,8.189706438156191,191.0,52.67766919470599,2158,64,470.0967293671541,6.033826130336759,48,5.0,23258,2023-08-23 13:45:00,2023-08-23 13:45:00,27.29403270633229,-97.93466265485596,,2023-08-23,17776,0 days 00:00:00,765,3,False,False,,,,Free
2023-08-23 14:00:00,8.065197279712972,23.285105,51.08811411777158,2159,66,365.5555555374044,10.424999957780043,48,5.0,23268,2023-08-23 14:00:00,2023-08-23 14:00:00,28.339444444629954,-97.89075091783631,,2023-08-23,17755,0 days 00:45:00,763,3,False,False,,,,Free
2023-08-23 14:00:00,10.44117408185614,76.8,85.62262824651779,2159,78,470.659031851576,3.013393659188412,79,5.0,23275,2023-08-23 14:00:00,2023-08-23 14:00:00,27.28840968148808,-97.96486697870432,,2023-08-23,17776,0 days 00:15:00,765,3,False,False,,,,Free
2023-08-23 14:15:00,3.896307027383261,20.945456,11.923293236068885,2160,55,335.15963512226824,16.078677311425867,11,5.0,23281,2023-08-23 14:15:00,2023-08-23 14:15:00,28.64340364878136,-97.8342141459155,,2023-08-23,17793,0 days 00:00:00,766,3,False,False,,,,Free
2023-08-23 14:15:00,3.5354532806968115,9.6,9.817029286967175,2160,60,402.3333333333333,148.22222222222223,9,5.0,23285,2023-08-23 14:15:00,2023-08-23 14:15:00,27.971666666670608,-96.512778734569,,2023-08-23,17796,0 days 00:00:00,767,4,False,False,,,,Free
2023-08-23 14:15:00,6.47514118070927,50.24,32.92974482569819,2160,69,471.0064839199517,1.1003536859790497,30,5.0,23294,2023-08-23 14:15:00,2023-08-23 14:15:00,27.28493516080432,-97.98399737788976,,2023-08-23,17776,0 days 00:30:00,765,3,False,False,,,,Free
2023-08-23 14:30:00,5.383147364934766,11.428572,22.75948439744045,2161,40,334.13037447851315,11.73092927619233,23,5.0,23297,2023-08-23 14:30:00,2023-08-23 14:30:00,28.653696255218915,-97.87769162502542,,2023-08-23,17793,0 days 00:15:00,766,3,False,False,,,,Free
2023-08-23 14:30:00,6.008422071270507,12.923079,28.353765743303008,2161,43,400.09708737234826,144.3669902878462,26,5.0,23300,2023-08-23 14:30:00,2023-08-23 14:30:00,27.994029126280463,-96.55133105281108,,2023-08-23,17796,0 days 00:15:00,767,4,False,False,,,,Free
2023-08-23 14:45:00,3.322209136270758,10.8,8.668497291620517,2162,64,331.8017241361592,6.693965523442813,8,5.0,23312,2023-08-23 14:45:00,2023-08-23 14:45:00,28.67698275864246,-97.92806126111356,,2023-08-23,17793,0 days 00:30:00,766,3,False,False,,,,Free
2023-08-23 14:45:00,3.534797403877628,9.6,9.813387227977566,2162,70,398.3333333333333,139.88888888888889,9,5.0,23316,2023-08-23 14:45:00,2023-08-23 14:45:00,28.01166666667061,-96.59611206552096,,2023-08-23,17796,0 days 00:30:00,767,4,False,False,,,,Free
2023-08-23 15:15:00,5.650208937336198,32.556522,25.073727224042752,2164,35,396.1271694702188,128.63048282031892,23,5.0,23343,2023-08-23 15:15:00,2023-08-23 15:15:00,28.033728305301764,-96.70869612298948,,2023-08-23,17796,0 days 01:00:00,767,4,False,False,,,,Free
2023-08-23 16:30:00,2.328154712173303,24.000002,4.257097092395283,2169,29,150.5,455.0,4,5.0,23393,2023-08-23 16:30:00,2023-08-23 16:30:00,30.490000000004336,-93.44500104445632,,2023-08-23,17865,0 days 00:00:00,769,3,False,False,,,,Free
2023-08-23 16:45:00,4.508938503001441,28.160002,15.9675581141942,2170,29,152.47841104073925,453.83246979143394,15,5.0,23400,2023-08-23 16:45:00,2023-08-23 16:45:00,30.47021588959694,-93.45667634620833,,2023-08-23,17865,0 days 00:15:00,769,3,False,False,,,,Free
2023-08-23 17:00:00,3.4926206971335683,14.933334,9.580600433348208,2171,36,153.06040267668843,452.37360178445897,9,5.0,23408,2023-08-23 17:00:00,2023-08-23 17:00:00,30.464395973237448,-93.4712650258612,,2023-08-23,17865,0 days 00:30:00,769,3,False,False,,,,Free
2023-08-23 17:30:00,3.863084631893345,40.14546,11.720828916191609,2173,44,162.2234867849233,443.6663217585707,11,5.0,23428,2023-08-23 17:30:00,2023-08-23 17:30:00,30.372765132155084,-93.55833782363192,,2023-08-23,17893,0 days 00:00:00,770,3,False,False,,,,Free
2023-08-23 17:30:00,7.217430139074719,32.08421,40.912409630867415,2173,45,265.28973959765864,92.55829770932364,38,5.0,23429,2023-08-23 17:30:00,2023-08-23 17:30:00,29.34210260402757,-97.0694179637914,,2023-08-23,17894,0 days 00:00:00,771,3,False,False,,,,Free
2023-08-23 17:45:00,7.549120525370609,56.228573,44.75922927639333,2174,34,163.4887525570403,439.5446179461283,42,5.0,23436,2023-08-23 17:45:00,2023-08-23 17:45:00,30.36011247443391,-93.59955486057852,,2023-08-23,17893,0 days 00:15:00,770,3,False,False,,,,Free
2023-08-23 17:45:00,6.826918899943499,18.917648,36.60491213858748,2174,37,265.09627459939713,87.84177479173275,35,5.0,23439,2023-08-23 17:45:00,2023-08-23 17:45:00,29.344037254010185,-97.1165831916195,,2023-08-23,17894,0 days 00:15:00,771,3,False,False,,,,Free
2023-08-23 17:45:00,8.022737529726301,16.486954,50.55161672995855,2174,38,484.123391375855,149.73542771103226,46,5.0,23440,2023-08-23 17:45:00,2023-08-23 17:45:00,27.153766086245263,-96.49764668011328,,2023-08-23,17902,0 days 00:00:00,772,4,False,False,,,,Free
2023-08-23 17:45:00,3.347491943213269,9.6,8.800938013756529,2174,42,496.125,155.0,8,5.0,23442,2023-08-23 17:45:00,2023-08-23 17:45:00,27.0337500000038,-96.44500095872804,,2023-08-23,17904,0 days 00:00:00,773,3,False,False,,,,Free
2023-08-23 18:00:00,1.6473932734889627,9.6,2.1314956865412,2175,37,164.0,434.5,2,5.0,23444,2023-08-23 18:00:00,2023-08-23 18:00:00,30.35500000000432,-93.65000103859823,,2023-08-23,17893,0 days 00:30:00,770,3,False,False,,,,Free
2023-08-23 18:00:00,2.027901021563187,9.6,3.229857704515771,2175,41,265.3333333333333,82.66666666666667,3,5.0,23448,2023-08-23 18:00:00,2023-08-23 18:00:00,29.34166666667082,-97.1683342713913,,2023-08-23,17894,0 days 00:30:00,771,3,False,False,,,,Free
2023-08-23 18:00:00,7.573617883477694,12.409757,45.05019348646143,2175,42,482.77626458783,143.79571985181806,42,5.0,23449,2023-08-23 18:00:00,2023-08-23 18:00:00,27.167237354125515,-96.5570437570081,,2023-08-23,17902,0 days 00:15:00,772,4,False,False,,,,Free
2023-08-23 18:00:00,7.76088590396101,22.32558,47.30559168018064,2175,47,496.2612080536295,150.97154362715426,43,5.0,23452,2023-08-23 18:00:00,2023-08-23 18:00:00,27.0323879194675,-96.48528552130529,,2023-08-23,17904,0 days 00:15:00,773,3,False,False,,,,Free
2023-08-23 18:15:00,5.547426369216103,13.963638,24.16979542390448,2176,40,480.7641229045489,137.30921707558215,23,5.0,23457,2023-08-23 18:15:00,2023-08-23 18:15:00,27.18735877095833,-96.62190878291688,,2023-08-23,17902,0 days 00:30:00,772,4,False,False,,,,Free
2023-08-23 18:15:00,6.149619934302636,15.28889,29.70205056287233,2176,43,495.5219582504338,146.3527717598498,27,5.0,23459,2023-08-23 18:15:00,2023-08-23 18:15:00,27.039780417499458,-96.53147323865852,,2023-08-23,17904,0 days 00:30:00,773,3,False,False,,,,Free
2023-08-23 18:30:00,5.288954148059716,22.560001,21.969971083561145,2177,21,479.9015151407249,132.19426405482116,24,5.0,23461,2023-08-23 18:30:00,2023-08-23 18:30:00,27.19598484859657,-96.67305831166284,,2023-08-23,17902,0 days 00:45:00,772,4,False,False,,,,Free
2023-08-23 18:30:00,6.896578992557608,27.388235,37.3557371802178,2177,22,482.0091960060201,32.364424585935595,34,5.0,23462,2023-08-23 18:30:00,2023-08-23 18:30:00,27.174908039943617,-97.67135667782424,,2023-08-23,17913,0 days 00:00:00,774,5,False,False,,,,Free
2023-08-23 18:45:00,9.60824800922916,40.0,72.50672521804101,2178,7,480.2961038952825,27.52320347812661,66,5.0,23464,2023-08-23 18:45:00,2023-08-23 18:45:00,27.192038961051,-97.71976888751884,,2023-08-23,17913,0 days 00:15:00,774,5,False,False,,,,Free
2023-08-23 19:00:00,9.53399960767213,32.344616,71.39045350496019,2179,25,477.9259592601114,20.58287384893621,65,5.0,23468,2023-08-23 19:00:00,2023-08-23 19:00:00,27.21574040740271,-97.7891721818275,,2023-08-23,17913,0 days 00:30:00,774,5,False,False,,,,Free
2023-08-23 19:15:00,7.571107407838008,45.892685,45.02033228393218,2180,27,475.2253369931872,14.657521173006172,41,5.0,23475,2023-08-23 19:15:00,2023-08-23 19:15:00,27.24274663007196,-97.84842570689358,,2023-08-23,17913,0 days 00:45:00,774,5,False,False,,,,Free
2023-08-23 19:30:00,2.6324816390833488,9.6,5.442777526637696,2181,43,380.4,373.8,5,5.0,23481,2023-08-23 19:30:00,2023-08-23 19:30:00,28.19100000000397,-94.2570010212525,,2023-08-23,17928,0 days 00:00:00,775,5,False,False,,,,Free
2023-08-23 19:30:00,2.8961013141124603,9.599999,6.587450771762294,2181,47,473.6666666666667,10.166666666666666,6,5.0,23484,2023-08-23 19:30:00,2023-08-23 19:30:00,27.258333333337163,-97.89333425067366,,2023-08-23,17913,0 days 01:00:00,774,5,False,False,,,,Free
2023-08-23 19:45:00,3.9045614017159145,9.599999,11.973866035507776,2182,33,380.1818181818182,370.45454545454544,11,5.0,23489,2023-08-23 19:45:00,2023-08-23 19:45:00,28.193181818185792,-94.29045556575107,,2023-08-23,17928,0 days 00:15:00,775,5,False,False,,,,Free
2023-08-23 19:45:00,3.118980072131226,9.599999,7.640382150065222,2182,35,408.77777777777777,262.0,9,5.0,23491,2023-08-23 19:45:00,2023-08-23 19:45:00,27.90722222222616,-95.37500098930444,,2023-08-23,17936,0 days 00:00:00,776,3,False,False,,,,Free
2023-08-23 20:00:00,2.619171450448428,9.6,5.387877807605348,2183,47,274.8333333333333,301.8333333333333,6,5.0,23495,2023-08-23 20:00:00,2023-08-23 20:00:00,29.24666666667081,-94.97666766735392,,2023-08-23,17940,0 days 00:00:00,777,4,False,False,,,,Free
2023-08-23 20:00:00,3.32965651171293,9.6,8.707405084797585,2183,50,379.125,366.875,8,5.0,23498,2023-08-23 20:00:00,2023-08-23 20:00:00,28.20375000000398,-94.32625101927364,,2023-08-23,17928,0 days 00:30:00,775,5,False,False,,,,Free
2023-08-23 20:00:00,3.334574759790614,9.6,8.73314756411017,2183,54,410.875,259.75,8,5.0,23502,2023-08-23 20:00:00,2023-08-23 20:00:00,27.88625000000393,-95.39750098866148,,2023-08-23,17936,0 days 00:15:00,776,3,False,False,,,,Free
2023-08-23 20:15:00,2.619529702244228,9.6,5.389351822533156,2184,47,275.77777777777777,301.55555555555554,9,5.0,23507,2023-08-23 20:15:00,2023-08-23 20:15:00,29.23722222222636,-94.9794454450523,,2023-08-23,17940,0 days 00:15:00,777,4,False,False,,,,Free
2023-08-23 20:15:00,3.3182465179997145,19.2,8.647830645652384,2184,48,307.2130281642845,318.9595070410711,8,5.0,23508,2023-08-23 20:15:00,2023-08-23 20:15:00,28.922869718361245,-94.80540593517054,,2023-08-23,17949,0 days 00:00:00,778,8,False,False,,,,Free
2023-08-23 20:15:00,3.3291497730262263,9.6,8.704754935604768,2184,51,376.5833333333333,365.25,12,5.0,23511,2023-08-23 20:15:00,2023-08-23 20:15:00,28.229166666670647,-94.34250101880929,,2023-08-23,17928,0 days 00:45:00,775,5,False,False,,,,Free
2023-08-23 20:15:00,2.888043085729036,9.599999,6.550843397470977,2184,53,412.5,258.0,6,5.0,23513,2023-08-23 20:15:00,2023-08-23 20:15:00,27.870000000003927,-95.4150009881614,,2023-08-23,17936,0 days 00:30:00,776,3,False,False,,,,Free
2023-08-23 20:30:00,4.057920101410438,17.6,12.932928149711229,2185,49,276.06349206249087,301.18518518752126,12,5.0,23519,2023-08-23 20:30:00,2023-08-23 20:30:00,29.23436507937923,-94.98314914862686,,2023-08-23,17940,0 days 00:30:00,777,4,False,False,,,,Free
2023-08-23 20:30:00,5.982400610612938,11.076924,28.108706813144327,2185,52,308.17974683208126,317.9784810045594,26,5.0,23520,2023-08-23 20:30:00,2023-08-23 20:30:00,28.913202531683275,-94.81521619525536,,2023-08-23,17949,0 days 00:15:00,778,8,False,False,,,,Free
2023-08-23 20:30:00,4.077271521955196,11.2,13.0565714303232,2185,56,375.309139788392,363.572580634824,12,5.0,23524,2023-08-23 20:30:00,2023-08-23 20:30:00,28.241908602120063,-94.3592752119817,,2023-08-23,17928,0 days 01:00:00,775,5,False,False,,,,Free
2023-08-23 20:45:00,2.619325027127501,13.44,5.388509668982645,2186,67,275.78199051704286,300.4454976292608,5,5.0,23534,2023-08-23 20:45:00,2023-08-23 20:45:00,29.23718009483371,-94.99054602399808,,2023-08-23,17940,0 days 00:45:00,777,4,False,False,,,,Free
2023-08-23 20:45:00,5.626771987101152,13.773915,24.866148028265744,2186,71,308.5381565873584,317.21704657290445,23,5.0,23536,2023-08-23 20:45:00,2023-08-23 20:45:00,28.909618434130504,-94.8228305393543,,2023-08-23,17949,0 days 00:30:00,778,8,False,False,,,,Free
2023-08-23 21:00:00,,,,2187,56,307.27295703613146,314.6411120532695,37,5.0,23547,2023-08-23 21:00:00,2023-08-23 21:00:00,28.922270429642776,-94.84858988381455,,2023-08-23,17949,0 days 00:45:00,778,8,False,False,,,,Free
2023-08-23 21:15:00,2.031066047909188,9.6,3.239947508720761,2188,66,297.3333333333333,320.3333333333333,3,5.0,23558,2023-08-23 21:15:00,2023-08-23 21:15:00,29.02166666667077,-94.79166767264051,,2023-08-23,17985,0 days 00:00:00,779,5,False,False,,,,Free
2023-08-23 21:15:00,6.095772373044021,13.866668,29.18417117785624,2188,67,307.24160206801923,313.03940569090327,36,5.0,23559,2023-08-23 21:15:00,2023-08-23 21:15:00,28.922583979323896,-94.86460694698047,,2023-08-23,17949,0 days 01:00:00,778,8,False,False,,,,Free
2023-08-23 21:30:00,3.3166433518480987,9.6,8.639476498231325,2189,63,296.875,319.125,8,5.0,23569,2023-08-23 21:30:00,2023-08-23 21:30:00,29.026250000004104,-94.80375100562856,,2023-08-23,17985,0 days 00:15:00,779,5,False,False,,,,Free
2023-08-23 21:30:00,4.543650464890344,10.240001,16.214356232072895,2189,65,307.9707692241104,312.39846153270565,22,5.0,23570,2023-08-23 21:30:00,2023-08-23 21:30:00,28.915292307762986,-94.8710163883793,,2023-08-23,17949,0 days 01:15:00,778,8,False,False,,,,Free
2023-08-23 21:45:00,5.243787649502428,11.52,21.596335918700767,2190,48,295.8972392593169,317.32055214813664,20,5.0,23583,2023-08-23 21:45:00,2023-08-23 21:45:00,29.036027607410936,-94.82179548363156,,2023-08-23,17985,0 days 00:30:00,779,5,False,False,,,,Free
2023-08-23 21:45:00,2.6235476581979635,11.5199995,5.405897376732594,2190,49,308.8588957037268,309.57668711118026,5,5.0,23584,2023-08-23 21:45:00,2023-08-23 21:45:00,28.90641104296682,-94.8992341317882,,2023-08-23,17949,0 days 01:30:00,778,8,False,False,,,,Free
2023-08-23 22:00:00,3.101917671083224,10.971428,7.557017277671619,2191,69,293.4051724084776,315.2068965446368,8,5.0,23595,2023-08-23 22:00:00,2023-08-23 22:00:00,29.060948275919337,-94.84293203906252,,2023-08-23,17985,0 days 00:45:00,779,5,False,False,,,,Free
2023-08-23 22:00:00,3.1042533677764608,9.599999,7.568402199882895,2191,75,309.0,308.85714285714283,7,5.0,23601,2023-08-23 22:00:00,2023-08-23 22:00:00,28.905000000004087,-94.90642957412297,,2023-08-23,17949,0 days 01:45:00,778,8,False,False,,,,Free
2023-08-23 22:15:00,1.6580102867412696,9.6,2.159058067515226,2192,40,293.0,313.5,2,5.0,23609,2023-08-23 22:15:00,2023-08-23 22:15:00,29.06500000000411,-94.86000100402111,,2023-08-23,17985,0 days 01:00:00,779,5,False,False,,,,Free
2023-08-23 22:45:00,2.624002486956927,9.6,5.407771915369088,2194,25,312.4,305.4,5,5.0,23625,2023-08-23 22:45:00,2023-08-23 22:45:00,28.87100000000408,-94.94100100170648,,2023-08-23,18034,0 days 00:00:00,780,3,False,False,,,,Free
2023-08-23 23:00:00,3.892136994773985,13.090911,11.897785023036844,2195,47,312.7842696682189,304.62921348555403,11,5.0,23632,2023-08-23 23:00:00,2023-08-23 23:00:00,28.867157303321893,-94.94870886663068,,2023-08-23,18034,0 days 00:15:00,780,3,False,False,,,,Free
2023-08-23 23:15:00,3.5207020808742007,17.066668,9.735279738621529,2196,26,313.56169429453394,303.91160221140024,9,5.0,23638,2023-08-23 23:15:00,2023-08-23 23:15:00,28.85938305705874,-94.95588497916714,,2023-08-23,18034,0 days 00:30:00,780,3,False,False,,,,Free
2023-08-24 00:30:00,3.7297361786626735,9.6,10.925620414435643,2201,40,419.8181818181818,208.54545454545453,11,5.0,23677,2023-08-24 00:30:00,2023-08-24 00:30:00,27.796818181822097,-95.90954642857469,,2023-08-24,18077,0 days 00:00:00,782,3,False,False,,,,Free
2023-08-24 00:45:00,5.274825376222696,10.560001,21.852747870339147,2202,19,420.7931654660834,205.2446043220997,20,5.0,23684,2023-08-24 00:45:00,2023-08-24 00:45:00,27.78706834534308,-95.94255492986495,,2023-08-24,18077,0 days 00:15:00,782,3,False,False,,,,Free
2023-08-24 01:00:00,8.341308200531312,19.2,54.64597984248376,2203,46,421.26562806192254,201.47978704233697,89,5.0,23693,2023-08-24 01:00:00,2023-08-24 01:00:00,27.782343719384684,-95.98020310158677,,2023-08-24,18077,0 days 00:30:00,782,3,False,False,,,,Free
2023-08-24 11:15:00,3.1068307280940424,9.599999,7.580975012079981,2244,24,326.2857142857143,160.14285714285714,7,5.0,23739,2023-08-24 11:15:00,2023-08-24 11:15:00,28.73214285714692,-96.39357238876909,,2023-08-24,18123,0 days 00:00:00,783,6,False,False,,,,Free
2023-08-24 11:30:00,,,,2245,19,326.9230769230769,158.84615384615384,13,5.0,23743,2023-08-24 11:30:00,2023-08-24 11:30:00,28.725769230773288,-96.40653942136557,,2023-08-24,18123,0 days 00:15:00,783,6,False,False,,,,Free
2023-08-24 11:30:00,7.335398380846093,23.876923,42.26075888721451,2245,21,332.48030425427254,194.52268404430987,39,5.0,23745,2023-08-24 11:30:00,2023-08-24 11:30:00,28.670196957461325,-96.04977412957896,,2023-08-24,18128,0 days 00:00:00,784,3,False,False,,,,Free
2023-08-24 11:45:00,6.101719082695356,12.08889,29.24113998664155,2246,43,326.97603306270395,166.75289255901973,38,5.0,23752,2023-08-24 11:45:00,2023-08-24 11:45:00,28.72523966937701,-96.32747203649636,,2023-08-24,18135,0 days 00:00:00,786,3,False,False,,,,Free
2023-08-24 11:45:00,12.206758902377254,26.044449,117.02822419936685,2246,46,331.9642079575493,191.8258294708231,109,5.0,23755,2023-08-24 11:45:00,2023-08-24 11:45:00,28.67535792042856,-96.0767426745432,,2023-08-24,18128,0 days 00:15:00,784,3,False,False,,,,Free
2023-08-24 12:00:00,7.045561493766869,14.400001,38.987115164394055,2247,39,326.12588652392327,163.55791961935094,36,5.0,23762,2023-08-24 12:00:00,2023-08-24 12:00:00,28.733741134764827,-96.35942176498004,,2023-08-24,18135,0 days 00:15:00,786,3,False,False,,,,Free
2023-08-24 12:00:00,,,,2247,40,325.5,157.5,4,5.0,23763,2023-08-24 12:00:00,2023-08-24 12:00:00,28.74000000000406,-96.4200009594424,,2023-08-24,18123,0 days 00:45:00,783,6,False,False,,,,Free
2023-08-24 12:00:00,3.714298389050695,14.4,10.835362897697458,2247,42,331.3468085138762,191.751063828708,10,5.0,23765,2023-08-24 12:00:00,2023-08-24 12:00:00,28.68153191486529,-96.07749033094296,,2023-08-24,18128,0 days 00:30:00,784,3,False,False,,,,Free
2023-08-24 12:15:00,7.699997304478602,16.297674,46.56622450515406,2248,51,326.1404515828283,155.38384998444758,51,5.0,23772,2023-08-24 12:15:00,2023-08-24 12:15:00,28.733595484175776,-96.44116245899323,,2023-08-24,18123,0 days 01:00:00,783,6,False,False,,,,Free
2023-08-24 12:30:00,3.321296353963864,9.6,8.66373457882832,2249,56,326.0,158.75,8,5.0,23785,2023-08-24 12:30:00,2023-08-24 12:30:00,28.73500000000406,-96.40750095979962,,2023-08-24,18135,0 days 00:45:00,786,3,False,False,,,,Free
2023-08-24 12:45:00,4.981706100708332,11.200001,19.49153698253749,2250,49,324.92082616094245,152.42512910303572,19,5.0,23797,2023-08-24 12:45:00,2023-08-24 12:45:00,28.74579173839464,-96.47074966696186,,2023-08-24,18123,0 days 01:30:00,783,6,False,False,,,,Free
2023-08-24 12:45:00,6.245203226003608,9.6,30.632541610383697,2250,55,434.5357142857143,498.5357142857143,28,5.0,23803,2023-08-24 12:45:00,2023-08-24 12:45:00,27.64964285714675,-93.00964391404,,2023-08-24,18168,0 days 00:00:00,787,3,False,False,,,,Free
2023-08-24 13:00:00,2.348342581033532,9.6,4.331245365963171,2251,51,324.2,148.6,5,5.0,23808,2023-08-24 13:00:00,2023-08-24 13:00:00,28.753000000004064,-96.50900095689916,,2023-08-24,18123,0 days 01:45:00,783,6,False,False,,,,Free
2023-08-24 13:00:00,3.338043836440172,9.6,8.751327823637384,2251,56,433.5,498.5,8,5.0,23813,2023-08-24 13:00:00,2023-08-24 13:00:00,27.66000000000389,-93.01000105688696,,2023-08-24,18168,0 days 00:15:00,787,3,False,False,,,,Free
2023-08-24 13:15:00,10.687120377512096,11.004877,89.70389149136204,2252,46,432.767262423844,496.6478472624455,82,5.0,23824,2023-08-24 13:15:00,2023-08-24 13:15:00,27.667327375765453,-93.0285225837332,,2023-08-24,18168,0 days 00:30:00,787,3,False,False,,,,Free
2023-08-24 13:30:00,11.304157425703218,35.71613,100.36129935915606,2253,35,289.4526360035558,47.717706360962005,93,5.0,23827,2023-08-24 13:30:00,2023-08-24 13:30:00,29.10047363996856,-97.51782386446132,,2023-08-24,18186,0 days 00:00:00,788,3,False,False,,,,Free
2023-08-24 13:45:00,11.05828102187452,21.24944,96.04286928127569,2254,35,289.1094568439776,42.46112492599296,90,5.0,23836,2023-08-24 13:45:00,2023-08-24 13:45:00,29.103905431564343,-97.57038967730888,,2023-08-24,18186,0 days 00:15:00,788,3,False,False,,,,Free
2023-08-24 13:45:00,5.410888182422935,15.542858,22.99466038715757,2254,41,443.7795844702546,428.2294489442688,21,5.0,23841,2023-08-24 13:45:00,2023-08-24 13:45:00,27.55720415530133,-93.71270654736368,,2023-08-24,18198,0 days 00:00:00,790,3,False,False,,,,Free
2023-08-24 14:00:00,1.657728645618857,28.800001,2.158324624669849,2255,48,289.5,36.0,2,5.0,23846,2023-08-24 14:00:00,2023-08-24 14:00:00,29.100000000004115,-97.63500092472248,,2023-08-24,18186,0 days 00:30:00,788,3,False,False,,,,Free
2023-08-24 14:00:00,7.832855513212936,35.127274,48.187024778304384,2255,56,445.86270367278775,425.8515389425981,44,5.0,23852,2023-08-24 14:00:00,2023-08-24 14:00:00,27.536372963276,-93.73648564670084,,2023-08-24,18198,0 days 00:15:00,790,3,False,False,,,,Free
2023-08-24 14:15:00,7.086387418180925,11.733335,39.44025053902812,2256,44,449.7438650369563,421.7177914074536,40,5.0,23860,2023-08-24 14:15:00,2023-08-24 14:15:00,27.497561349634303,-93.777823120871,,2023-08-24,18198,0 days 00:30:00,790,3,False,False,,,,Free
2023-08-24 15:15:00,2.891359268654102,9.599999,6.565895989486313,2260,51,437.7142857142857,170.28571428571428,7,5.0,23901,2023-08-24 15:15:00,2023-08-24 15:15:00,27.617857142861027,-96.29214382023896,,2023-08-24,18244,0 days 00:00:00,792,4,False,False,,,,Free
2023-08-24 15:30:00,2.32659600828391,9.6,4.251398731798384,2261,89,137.5,195.0,4,5.0,23912,2023-08-24 15:30:00,2023-08-24 15:30:00,30.62000000000436,-96.04500097015848,,2023-08-24,18254,0 days 00:00:00,793,3,False,False,,,,Free
2023-08-24 15:30:00,7.465687550638767,13.2,43.77533735441435,2261,104,438.0103658576476,166.08414634305902,40,5.0,23927,2023-08-24 15:30:00,2023-08-24 15:30:00,27.61489634142741,-96.33415949846489,,2023-08-24,18244,0 days 00:15:00,792,4,False,False,,,,Free
2023-08-24 15:45:00,6.264858184546159,12.910347,30.825659032321987,2262,132,138.1351351430002,192.66695728649327,29,5.0,23944,2023-08-24 15:45:00,2023-08-24 15:45:00,30.61364864857435,-96.06833139662685,,2023-08-24,18254,0 days 00:15:00,793,3,False,False,,,,Free
2023-08-24 15:45:00,8.429692063399129,14.494116,55.81016437760333,2262,150,437.281734976732,162.12057302123074,55,5.0,23961,2023-08-24 15:45:00,2023-08-24 15:45:00,27.622182650236567,-96.37379523055051,,2023-08-24,18244,0 days 00:30:00,792,4,False,False,,,,Free
2023-08-24 16:00:00,5.9318912267976085,19.2,27.636067126612453,2263,186,138.14030335562435,352.6321776840033,26,5.0,23986,2023-08-24 16:00:00,2023-08-24 16:00:00,30.61359696644811,-94.46867923836356,,2023-08-24,18303,0 days 00:00:00,797,3,False,False,,,,Free
2023-08-24 16:00:00,7.171537651893384,29.305256,40.3937754723305,2263,188,138.87158943955097,192.5459072863652,38,5.0,23988,2023-08-24 16:00:00,2023-08-24 16:00:00,30.606284105608843,-96.06954189659352,,2023-08-24,18254,0 days 00:30:00,793,3,False,False,,,,Free
2023-08-24 16:00:00,6.694919399016657,38.4,35.20307387927748,2263,198,173.03302486217845,391.7127562923344,33,5.0,23998,2023-08-24 16:00:00,2023-08-24 16:00:00,30.26466975138252,-94.07787346344792,,2023-08-24,18313,0 days 00:00:00,799,3,False,False,,,,Free
2023-08-24 16:00:00,5.536336049879688,9.600002,24.07325234590709,2263,205,436.7391304347826,158.2173913043478,23,5.0,24004,2023-08-24 16:00:00,2023-08-24 16:00:00,27.62760869565606,-96.41282704660398,,2023-08-24,18244,0 days 00:45:00,792,4,False,False,,,,Free
2023-08-24 16:15:00,6.014482726298744,23.822222,28.410995098703324,2264,149,42.581660765614735,152.53325462386684,27,5.0,24014,2023-08-24 16:15:00,2023-08-24 16:15:00,31.56918339234836,-96.46966841178448,,2023-08-24,18325,0 days 00:00:00,800,3,False,False,,,,Free
2023-08-24 16:15:00,4.337457604063816,50.74286,14.776118559029118,2264,153,70.78419736661992,116.34478451547449,14,5.0,24018,2023-08-24 16:15:00,2023-08-24 16:15:00,31.28715802633826,-96.83155310252717,,2023-08-24,18329,0 days 00:00:00,801,5,False,False,,,,Free
2023-08-24 16:15:00,8.935293050571211,64.27118,62.70576674257552,2264,167,137.93003198105504,351.6088074074213,60,5.0,24032,2023-08-24 16:15:00,2023-08-24 16:15:00,30.615699680193803,-94.47891294083696,,2023-08-24,18303,0 days 00:15:00,797,3,False,False,,,,Free
2023-08-24 16:15:00,8.643634312438758,87.97091,58.67899283846784,2264,184,174.30801595961856,389.4684665025797,55,5.0,24049,2023-08-24 16:15:00,2023-08-24 16:15:00,30.25191984040811,-94.10031636070414,,2023-08-24,18313,0 days 00:15:00,799,3,False,False,,,,Free
2023-08-24 16:15:00,20.937021844733536,24.81278,344.286262188023,2264,195,494.80940759795766,448.458660963439,319,5.0,24058,2023-08-24 16:15:00,2023-08-24 16:15:00,27.04690592402422,-93.51041443295264,,2023-08-24,18350,0 days 00:00:00,802,3,False,False,,,,Free
2023-08-24 16:30:00,6.648718025251782,34.03636,34.718880325463665,2265,201,41.07498961026936,149.78915662269907,34,5.0,24061,2023-08-24 16:30:00,2023-08-24 16:30:00,31.58425010390181,-96.49710939101196,,2023-08-24,18325,0 days 00:15:00,800,3,False,False,,,,Free
2023-08-24 16:30:00,3.839025995220066,9.599999,11.575292844867606,2265,202,42.72727272727273,297.8181818181818,11,5.0,24062,2023-08-24 16:30:00,2023-08-24 16:30:00,31.567727272731776,-95.01681918135807,,2023-08-24,18353,0 days 00:00:00,803,3,False,False,,,,Free
2023-08-24 16:30:00,5.306847877356728,44.342857,22.11888132901457,2265,207,51.28249817816696,470.64173323173645,21,5.0,24066,2023-08-24 16:30:00,2023-08-24 16:30:00,31.48217501822282,-93.28858371660874,,2023-08-24,18356,0 days 00:00:00,804,3,False,False,,,,Free
2023-08-24 16:30:00,6.858418734776441,46.079998,36.943486193178586,2265,212,71.97259700516314,113.03505358663304,35,5.0,24071,2023-08-24 16:30:00,2023-08-24 16:30:00,31.275274029952826,-96.86465041086971,,2023-08-24,18329,0 days 00:15:00,801,5,False,False,,,,Free
2023-08-24 16:30:00,7.25541586370068,56.369236,41.34419133690116,2265,221,113.00389336468314,147.63841470500483,39,5.0,24079,2023-08-24 16:30:00,2023-08-24 16:30:00,30.86496106635756,-96.51861680957433,,2023-08-24,18365,0 days 00:00:00,806,3,False,False,,,,Free
2023-08-24 16:30:00,5.579225486862913,14.191307,24.44768320460496,2265,231,138.31031220516286,349.0236518433928,23,5.0,24089,2023-08-24 16:30:00,2023-08-24 16:30:00,30.611896877952724,-94.50476449573848,,2023-08-24,18303,0 days 00:30:00,797,3,False,False,,,,Free
2023-08-24 16:30:00,2.3311620747214703,9.6,4.26810229158415,2265,244,175.75,385.75,4,5.0,24100,2023-08-24 16:30:00,2023-08-24 16:30:00,30.237500000004296,-94.13750102466736,,2023-08-24,18313,0 days 00:30:00,799,3,False,False,,,,Free
2023-08-24 16:30:00,9.319486464280653,28.645163,68.2140515640173,2265,260,497.4046598787696,443.5474022563527,68,5.0,24114,2023-08-24 16:30:00,2023-08-24 16:30:00,27.020953401216097,-93.55952701862007,,2023-08-24,18350,0 days 00:15:00,802,3,False,False,,,,Free
2023-08-24 16:45:00,4.62920689798966,21.6,16.83073432097372,2266,228,39.35692771105968,145.17168675390968,16,5.0,24122,2023-08-24 16:45:00,2023-08-24 16:45:00,31.601430722893912,-96.5432840883804,,2023-08-24,18325,0 days 00:30:00,800,3,False,False,,,,Free
2023-08-24 16:45:00,6.125536953308087,30.514284,29.46986929639201,2266,230,43.788073922669824,294.92329232888926,28,5.0,24124,2023-08-24 16:45:00,2023-08-24 16:45:00,31.557119260777803,-95.04576807542378,,2023-08-24,18353,0 days 00:15:00,803,3,False,False,,,,Free
2023-08-24 16:45:00,6.448052712339131,102.812904,32.654800860549955,2266,232,52.26845194890263,469.4918540932263,31,5.0,24126,2023-08-24 16:45:00,2023-08-24 16:45:00,31.472315480515466,-93.30008250766524,,2023-08-24,18356,0 days 00:15:00,804,3,False,False,,,,Free
2023-08-24 16:45:00,5.560033404777228,52.17391,24.279776409763365,2266,239,72.68368662923218,110.17161290242056,23,5.0,24133,2023-08-24 16:45:00,2023-08-24 16:45:00,31.268163133712136,-96.89328481689364,,2023-08-24,18329,0 days 00:30:00,801,5,False,False,,,,Free
2023-08-24 16:45:00,7.3478681473707805,53.039997,42.40456286046032,2266,251,112.70909659587302,146.15403830451555,40,5.0,24144,2023-08-24 16:45:00,2023-08-24 16:45:00,30.867909034045663,-96.53346057315504,,2023-08-24,18365,0 days 00:15:00,806,3,False,False,,,,Free
2023-08-24 16:45:00,3.347864425994316,9.6,8.802896722132195,2266,295,498.625,436.375,8,5.0,24184,2023-08-24 16:45:00,2023-08-24 16:45:00,27.00875000000379,-93.63125103913404,,2023-08-24,18350,0 days 00:30:00,802,3,False,False,,,,Free
2023-08-24 17:00:00,7.409721748434202,33.717075,43.12148221930931,2267,206,38.15253662880049,199.0517444689632,43,5.0,24189,2023-08-24 17:00:00,2023-08-24 17:00:00,31.613474633716507,-96.00448352662664,,2023-08-24,18438,0 days 00:00:00,810,3,False,False,,,,Free
2023-08-24 17:00:00,1.157526834954316,9.6,1.0523301598506765,2267,207,42.5,291.5,2,5.0,24190,2023-08-24 17:00:00,2023-08-24 17:00:00,31.570000000004505,-95.08000099773436,,2023-08-24,18353,0 days 00:30:00,803,3,False,False,,,,Free
2023-08-24 17:00:00,6.018297675674927,48.000004,28.44704836792362,2267,209,54.12299741195473,466.56485788849454,27,5.0,24192,2023-08-24 17:00:00,2023-08-24 17:00:00,31.45377002588494,-93.32935246887617,,2023-08-24,18356,0 days 00:30:00,804,3,False,False,,,,Free
2023-08-24 17:00:00,4.780242740521834,18.070591,17.946914037346136,2267,216,73.04320431977531,109.42844284134844,17,5.0,24199,2023-08-24 17:00:00,2023-08-24 17:00:00,31.2645679568067,-96.90071651729198,,2023-08-24,18329,0 days 00:45:00,801,5,False,False,,,,Free
2023-08-24 17:00:00,2.5976638172150164,9.6,5.299754735996409,2267,228,111.2,144.4,5,5.0,24210,2023-08-24 17:00:00,2023-08-24 17:00:00,30.8830000000044,-96.55100095569895,,2023-08-24,18365,0 days 00:30:00,806,3,False,False,,,,Free
2023-08-24 17:00:00,7.634336578341535,31.255812,45.77543576336736,2267,240,152.87688220336642,316.5108945894078,43,5.0,24222,2023-08-24 17:00:00,2023-08-24 17:00:00,30.466231177970663,-94.82989205898748,,2023-08-24,18454,0 days 00:00:00,811,3,False,False,,,,Free
2023-08-24 17:00:00,3.687098805923784,13.440001,10.67725053063155,2267,250,182.2227488146304,187.39099525852143,10,5.0,24231,2023-08-24 17:00:00,2023-08-24 17:00:00,30.172772511857985,-96.12109101539892,,2023-08-24,18460,0 days 00:00:00,812,3,False,False,,,,Free
2023-08-24 17:15:00,6.647722983435202,18.327272,34.7084891034269,2268,216,37.88654012201847,195.79853322594144,34,5.0,24249,2023-08-24 17:15:00,2023-08-24 17:15:00,31.616134598784328,-96.03701563812724,,2023-08-24,18438,0 days 00:15:00,810,3,False,False,,,,Free
2023-08-24 17:15:00,8.818977102418772,160.55173,61.08383725166491,2268,221,50.09412547502532,266.8991576348491,58,5.0,24253,2023-08-24 17:15:00,2023-08-24 17:15:00,31.49405874525424,-95.32600941435597,,2023-08-24,18480,0 days 00:00:00,813,3,False,False,,,,Free
2023-08-24 17:15:00,1.6396966122353014,9.6,2.111625413531404,2268,227,74.0,109.5,2,5.0,24256,2023-08-24 17:15:00,2023-08-24 17:15:00,31.25500000000445,-96.90000094572588,,2023-08-24,18329,0 days 01:00:00,801,5,False,False,,,,Free
2023-08-24 17:15:00,10.21596686111198,62.462345,81.96884815500022,2268,241,152.78140395714,313.2600913072852,77,5.0,24270,2023-08-24 17:15:00,2023-08-24 17:15:00,30.46718596043293,-94.86240009087976,,2023-08-24,18454,0 days 00:15:00,811,3,False,False,,,,Free
2023-08-24 17:15:00,12.50189303046044,115.19998,122.75563541154824,2268,251,180.15265522998945,364.92697864093856,115,5.0,24280,2023-08-24 17:15:00,2023-08-24 17:15:00,30.193473447704395,-94.34573123230756,,2023-08-24,18495,0 days 00:00:00,814,4,False,False,,,,Free
2023-08-24 17:15:00,7.821491067632511,29.226665,48.04730011254863,2268,254,182.0693450739228,184.50247660865824,45,5.0,24283,2023-08-24 17:15:00,2023-08-24 17:15:00,30.17430654926505,-96.14997620107208,,2023-08-24,18460,0 days 00:15:00,812,3,False,False,,,,Free
2023-08-24 17:30:00,6.00785389925867,36.266663,28.348403585238405,2269,229,21.77896233444485,127.69083153455998,27,5.0,24305,2023-08-24 17:30:00,2023-08-24 17:30:00,31.777210376660086,-96.71809263557856,,2023-08-24,18514,0 days 00:00:00,816,3,False,False,,,,Free
2023-08-24 17:30:00,3.8365321068148943,13.090909,11.560258764726882,2269,232,30.685393257222984,324.15955056011217,11,5.0,24307,2023-08-24 17:30:00,2023-08-24 17:30:00,31.68814606743229,-94.75340550146608,,2023-08-24,18515,0 days 00:00:00,817,3,False,False,,,,Free
2023-08-24 17:30:00,4.482055859465123,16.640001,15.77772604568622,2269,234,38.49888392969994,194.13281249875268,16,5.0,24309,2023-08-24 17:30:00,2023-08-24 17:30:00,31.61001116070751,-96.05367284492314,,2023-08-24,18438,0 days 00:30:00,810,3,False,False,,,,Free
2023-08-24 17:30:00,9.548615806922582,180.0,71.60951307648605,2269,237,50.12260503292069,263.6864369800488,68,5.0,24312,2023-08-24 17:30:00,2023-08-24 17:30:00,31.493773949675283,-95.35813661998588,,2023-08-24,18480,0 days 00:15:00,813,3,False,False,,,,Free
2023-08-24 17:30:00,8.518884274000841,35.377777,56.997435850858615,2269,243,71.23518654568497,286.42087297616683,54,5.0,24315,2023-08-24 17:30:00,2023-08-24 17:30:00,31.28264813454761,-95.13079226652133,,2023-08-24,18520,0 days 00:00:00,818,3,False,False,,,,Free
2023-08-24 17:30:00,10.606807612064417,38.862656,88.36072378096678,2269,263,152.8304988410197,308.6244218534501,83,5.0,24334,2023-08-24 17:30:00,2023-08-24 17:30:00,30.466695011594133,-94.90875678409338,,2023-08-24,18454,0 days 00:30:00,811,3,False,False,,,,Free
2023-08-24 17:30:00,15.067225563392912,133.76765,178.30210121645402,2269,275,182.078942709459,359.54875793883343,167,5.0,24346,2023-08-24 17:30:00,2023-08-24 17:30:00,30.174210572909693,-94.39951343779175,,2023-08-24,18495,0 days 00:15:00,814,4,False,False,,,,Free
2023-08-24 17:30:00,7.645427514678271,36.167442,45.908534748155226,2269,277,181.54171019249625,183.03850169327,43,5.0,24348,2023-08-24 17:30:00,2023-08-24 17:30:00,30.179582898079325,-96.16461594980764,,2023-08-24,18460,0 days 00:30:00,812,3,False,False,,,,Free
2023-08-24 17:45:00,7.75608732458675,80.64001,47.24711138242887,2270,214,21.73388566532917,126.26969855364568,45,5.0,24371,2023-08-24 17:45:00,2023-08-24 17:45:00,31.77766114335125,-96.73230396498155,,2023-08-24,18514,0 days 00:15:00,816,3,False,False,,,,Free
2023-08-24 17:45:00,4.769573968124848,19.764706,17.86689388613517,2270,215,30.9784860582776,322.6055776920283,17,5.0,24372,2023-08-24 17:45:00,2023-08-24 17:45:00,31.685215139421743,-94.76894522970288,,2023-08-24,18515,0 days 00:15:00,817,3,False,False,,,,Free
2023-08-24 17:45:00,4.483018032812014,22.399998,15.784500855020196,2270,217,42.63524904060002,312.6957854261821,15,5.0,24374,2023-08-24 17:45:00,2023-08-24 17:45:00,31.568647509598502,-94.86804314952953,,2023-08-24,18562,0 days 00:00:00,819,3,False,False,,,,Free
2023-08-24 17:45:00,6.850357628612605,30.994284,36.856693490188405,2270,219,49.48779949401173,260.6194768114217,35,5.0,24376,2023-08-24 17:45:00,2023-08-24 17:45:00,31.500122005064377,-95.38880622079574,,2023-08-24,18480,0 days 00:30:00,813,3,False,False,,,,Free
2023-08-24 17:45:00,10.498095268655138,136.27316,86.558734941494,2270,227,72.69376834373061,284.6729032750127,82,5.0,24383,2023-08-24 17:45:00,2023-08-24 17:45:00,31.26806231656715,-95.14827196303338,,2023-08-24,18520,0 days 00:15:00,818,3,False,False,,,,Free
2023-08-24 17:45:00,5.934185505469763,31.015385,27.657448874361,2270,245,145.7468953206541,158.6067415467362,26,5.0,24399,2023-08-24 17:45:00,2023-08-24 17:45:00,30.537531046797803,-96.40893354429136,,2023-08-24,18577,0 days 00:00:00,821,3,False,False,,,,Free
2023-08-24 17:45:00,19.684945116752584,120.7579,304.33948258350847,2270,262,183.56545715116863,352.7789594308187,288,5.0,24415,2023-08-24 17:45:00,2023-08-24 17:45:00,30.1593454284926,-94.46721142093736,,2023-08-24,18495,0 days 00:30:00,814,4,False,False,,,,Free
2023-08-24 17:45:00,8.257921884389994,144.0,53.55887203681816,2270,272,213.87191365752045,283.99870504694417,50,5.0,24421,2023-08-24 17:45:00,2023-08-24 17:45:00,29.85628086342903,-95.15501394512135,,2023-08-24,18594,0 days 00:00:00,822,5,False,False,,,,Free
2023-08-24 17:45:00,13.3188009697241,113.05846,139.32214091577038,2270,273,218.7170904450212,301.9721945390253,130,5.0,24422,2023-08-24 17:45:00,2023-08-24 17:45:00,29.807829095554016,-94.97527905533669,,2023-08-24,18595,0 days 00:00:00,823,3,False,False,,,,Free
2023-08-24 17:45:00,2.3580773050667174,14.4,4.367228931636206,2270,278,412.5,94.75531914353964,4,5.0,24425,2023-08-24 17:45:00,2023-08-24 17:45:00,27.870000000003927,-97.04744775007708,,2023-08-24,18598,0 days 00:00:00,824,3,False,False,,,,Free
2023-08-24 18:00:00,7.755891615901049,37.76,47.2447270478992,2271,221,21.508886174283244,124.39234839855366,45,5.0,24431,2023-08-24 18:00:00,2023-08-24 18:00:00,31.779911138261703,-96.75107746599603,,2023-08-24,18514,0 days 00:30:00,816,3,False,False,,,,Free
2023-08-24 18:00:00,2.588586122318067,9.6,5.262778823015168,2271,224,44.57142857142857,311.2857142857143,7,5.0,24434,2023-08-24 18:00:00,2023-08-24 18:00:00,31.54928571429021,-94.88214386053124,,2023-08-24,18562,0 days 00:15:00,819,3,False,False,,,,Free
2023-08-24 18:00:00,8.519385966230159,54.044456,57.0041494090542,2271,232,72.59832350581996,281.64552181657626,54,5.0,24441,2023-08-24 18:00:00,2023-08-24 18:00:00,31.26901676494625,-95.17854577675264,,2023-08-24,18520,0 days 00:30:00,818,3,False,False,,,,Free
2023-08-24 18:00:00,13.915103947629923,81.9021,152.07673895615727,2271,253,142.82797127156735,308.6216967942179,143,5.0,24461,2023-08-24 18:00:00,2023-08-24 18:00:00,30.566720287288675,-94.90878403468491,,2023-08-24,18622,0 days 00:00:00,825,3,False,False,,,,Free
2023-08-24 18:00:00,6.982877686265706,32.000004,38.29647059186324,2271,255,146.2413580184532,156.42777777897695,36,5.0,24463,2023-08-24 18:00:00,2023-08-24 18:00:00,30.532586419819808,-96.43072318134624,,2023-08-24,18577,0 days 00:15:00,821,3,False,False,,,,Free
2023-08-24 18:00:00,,,,2271,267,185.22587134555283,344.555200674772,318,5.0,24472,2023-08-24 18:00:00,2023-08-24 18:00:00,30.142741286548752,-94.54944900614775,,2023-08-24,18495,0 days 00:45:00,814,4,False,False,,,,Free
2023-08-24 18:00:00,11.9111549377775,206.40001,111.42884505778666,2271,280,215.7975231133888,281.7054465080452,104,5.0,24482,2023-08-24 18:00:00,2023-08-24 18:00:00,29.837024768870343,-95.17794652985503,,2023-08-24,18594,0 days 00:15:00,822,5,False,False,,,,Free
2023-08-24 18:00:00,12.364206146101209,31.971432,120.0666396636974,2271,281,221.80687235850093,297.18246821172005,112,5.0,24483,2023-08-24 18:00:00,2023-08-24 18:00:00,29.77693127641921,-95.02317631724104,,2023-08-24,18595,0 days 00:15:00,823,3,False,False,,,,Free
2023-08-24 18:00:00,10.011524954888994,36.558907,78.72095422799116,2271,283,281.1919437857948,147.64198278349045,73,5.0,24485,2023-08-24 18:00:00,2023-08-24 18:00:00,29.18308056214618,-96.51858112879052,,2023-08-24,18636,0 days 00:00:00,827,3,False,False,,,,Free
2023-08-24 18:00:00,3.335113331639902,22.800001,8.735968797761318,2271,285,414.3665730338019,91.63623595214028,8,5.0,24487,2023-08-24 18:00:00,2023-08-24 18:00:00,27.8513342696659,-97.07863858109972,,2023-08-24,18598,0 days 00:15:00,824,3,False,False,,,,Free
2023-08-24 18:15:00,1.6364630292750373,9.6,2.10330511431065,2272,242,36.66666666666666,318.0,3,5.0,24496,2023-08-24 18:15:00,2023-08-24 18:15:00,31.62833333333785,-94.81500100530708,,2023-08-24,18515,0 days 00:45:00,817,3,False,False,,,,Free
2023-08-24 18:15:00,1.1577129169116755,9.6,1.0526685284998163,2272,243,45.5,307.5,2,5.0,24497,2023-08-24 18:15:00,2023-08-24 18:15:00,31.540000000004497,-94.92000100230656,,2023-08-24,18562,0 days 00:30:00,819,3,False,False,,,,Free
2023-08-24 18:15:00,7.447901429677657,33.95122,43.56700664503211,2272,267,135.51946081462157,236.65021060262225,41,5.0,24520,2023-08-24 18:15:00,2023-08-24 18:15:00,30.639805391858143,-95.62849887603426,,2023-08-24,18658,0 days 00:00:00,828,6,False,False,,,,Free
2023-08-24 18:15:00,13.915866004444888,95.328674,152.0933962932677,2272,270,144.86527831787555,306.3243012867868,143,5.0,24523,2023-08-24 18:15:00,2023-08-24 18:15:00,30.546347216825588,-94.93175798910272,,2023-08-24,18622,0 days 00:15:00,825,3,False,False,,,,Free
2023-08-24 18:15:00,5.333499512677567,24.685715,22.34160662803536,2272,271,146.86411483205558,154.9081339722525,22,5.0,24524,2023-08-24 18:15:00,2023-08-24 18:15:00,30.526358851683785,-96.44591961897925,,2023-08-24,18577,0 days 00:30:00,821,3,False,False,,,,Free
2023-08-24 18:15:00,12.602758521022974,190.35898,124.74441513851517,2272,282,168.2520127473709,299.1827269774642,117,5.0,24530,2023-08-24 18:15:00,2023-08-24 18:15:00,30.3124798725306,-95.0031737301552,,2023-08-24,18664,0 days 00:00:00,829,7,False,False,,,,Free
2023-08-24 18:15:00,10.61456057560375,87.20964,88.48994415783473,2272,283,167.78984084928004,314.629803325717,83,5.0,24531,2023-08-24 18:15:00,2023-08-24 18:15:00,30.317101591511506,-94.84870297108682,,2023-08-24,18665,0 days 00:00:00,830,3,False,False,,,,Free
2023-08-24 18:15:00,6.275504387521042,25.82069,30.930515377597228,2272,286,171.31268632403436,169.19642265372238,29,5.0,24532,2023-08-24 18:15:00,2023-08-24 18:15:00,30.28187313676396,-96.30303673624758,,2023-08-24,18666,0 days 00:00:00,831,3,False,False,,,,Free
2023-08-24 18:15:00,14.959386627591584,159.51218,175.7589521933309,2272,299,218.32002367265352,277.15631412593274,164,5.0,24545,2023-08-24 18:15:00,2023-08-24 18:15:00,29.81179976327769,-95.2234378523762,,2023-08-24,18594,0 days 00:30:00,822,5,False,False,,,,Free
2023-08-24 18:15:00,4.817650499753625,14.682354,18.228900000591832,2272,300,224.39611179009063,291.5103280720565,17,5.0,24546,2023-08-24 18:15:00,2023-08-24 18:15:00,29.751038882103312,-95.07989771701676,,2023-08-24,18595,0 days 00:30:00,823,3,False,False,,,,Free
2023-08-24 18:15:00,13.665418571885208,149.01176,146.66813131669448,2272,304,282.94682828682755,144.05659260092017,136,5.0,24550,2023-08-24 18:15:00,2023-08-24 18:15:00,29.165531717135853,-96.55443502959162,,2023-08-24,18636,0 days 00:15:00,827,3,False,False,,,,Free
2023-08-24 18:15:00,2.3582948582978016,16.8,4.368034798849,2272,305,414.3983050864581,88.60169491354195,4,5.0,24551,2023-08-24 18:15:00,2023-08-24 18:15:00,27.851016949139343,-97.10898399061858,,2023-08-24,18598,0 days 00:30:00,824,3,False,False,,,,Free
2023-08-24 18:30:00,2.830433799910498,14.400002,6.292103892627813,2273,250,10.918439714513214,496.911347523127,6,5.0,24559,2023-08-24 18:30:00,2023-08-24 18:30:00,31.88581560285942,-93.02588758120169,,2023-08-24,18686,0 days 00:00:00,832,4,False,False,,,,Free
2023-08-24 18:30:00,11.218037399618987,185.60004,98.83793165207284,2273,273,137.2153401075368,234.84917025624668,94,5.0,24581,2023-08-24 18:30:00,2023-08-24 18:30:00,30.622846598928987,-95.64650927898332,,2023-08-24,18658,0 days 00:15:00,828,6,False,False,,,,Free
2023-08-24 18:30:00,11.223680376236082,67.09678,98.93739297431983,2273,280,146.5301471813147,302.3480865687155,93,5.0,24587,2023-08-24 18:30:00,2023-08-24 18:30:00,30.5296985281912,-94.97152013514722,,2023-08-24,18622,0 days 00:30:00,825,3,False,False,,,,Free
2023-08-24 18:30:00,15.014012490356684,139.37349,177.04490250298863,2273,292,171.91720613679166,296.422989350406,166,5.0,24593,2023-08-24 18:30:00,2023-08-24 18:30:00,30.275827938636382,-95.03077110563714,,2023-08-24,18664,0 days 00:15:00,829,7,False,False,,,,Free
2023-08-24 18:30:00,8.072846345979254,26.400002,51.18506442504996,2273,296,169.77024921959884,311.71728971318794,48,5.0,24597,2023-08-24 18:30:00,2023-08-24 18:30:00,30.29729750780832,-94.8778281063798,,2023-08-24,18665,0 days 00:15:00,830,3,False,False,,,,Free
2023-08-24 18:30:00,6.0551977541148885,17.777779,28.79695340366175,2273,297,171.14666667072095,168.2881159415803,27,5.0,24598,2023-08-24 18:30:00,2023-08-24 18:30:00,30.283533333297093,-96.31211980310944,,2023-08-24,18666,0 days 00:15:00,831,3,False,False,,,,Free
2023-08-24 18:30:00,5.466345100367026,20.07273,23.4684265658132,2273,300,173.51869722113238,241.34137515227584,22,5.0,24600,2023-08-24 18:30:00,2023-08-24 18:30:00,30.259813027792976,-95.58158723187825,,2023-08-24,18710,0 days 00:00:00,833,4,False,False,,,,Free
2023-08-24 18:30:00,15.629639963695777,95.14189,191.8614972374017,2273,319,220.4992253178509,272.80188900999576,179,5.0,24613,2023-08-24 18:30:00,2023-08-24 18:30:00,29.790007746825715,-95.26698210229124,,2023-08-24,18594,0 days 00:45:00,822,5,False,False,,,,Free
2023-08-24 18:30:00,12.40132934605464,73.2,120.78871582747246,2273,324,282.35426270770233,140.49012882915454,112,5.0,24617,2023-08-24 18:30:00,2023-08-24 18:30:00,29.171457372927105,-96.59009966629014,,2023-08-24,18636,0 days 00:30:00,827,3,False,False,,,,Free
2023-08-24 18:45:00,6.837035576336074,28.8,36.71348071568752,2274,169,12.848259311333411,496.396878757554,35,5.0,24621,2023-08-24 18:45:00,2023-08-24 18:45:00,31.866517406891216,-93.03103226871042,,2023-08-24,18686,0 days 00:15:00,832,4,False,False,,,,Free
2023-08-24 18:45:00,4.502752326057178,12.160001,15.92377380489744,2274,189,126.08938547238,201.21042831251071,15,5.0,24637,2023-08-24 18:45:00,2023-08-24 18:45:00,30.73410614528057,-95.98289668880808,,2023-08-24,18735,0 days 00:00:00,834,7,False,False,,,,Free
2023-08-24 18:45:00,11.03499983739784,69.013336,95.63889365115432,2274,191,134.55794737184314,358.23966560509643,153,5.0,24638,2023-08-24 18:45:00,2023-08-24 18:45:00,30.64942052628593,-94.41260436075504,,2023-08-24,18736,0 days 00:00:00,835,3,False,False,,,,Free
2023-08-24 18:45:00,11.863693857091356,154.70769,110.54261746485652,2274,193,138.48364762205196,231.69264464128207,104,5.0,24640,2023-08-24 18:45:00,2023-08-24 18:45:00,30.610163523783832,-95.67807453423096,,2023-08-24,18658,0 days 00:30:00,828,6,False,False,,,,Free
2023-08-24 18:45:00,31.79168299103473,344.5305,793.8106474792828,2274,196,158.8630878197423,380.3162319837609,746,5.0,24642,2023-08-24 18:45:00,2023-08-24 18:45:00,30.406369121806897,-94.19183870327704,,2023-08-24,18739,0 days 00:00:00,837,4,False,False,,,,Free
2023-08-24 18:45:00,18.35611357920654,222.54193,264.6374809249399,2274,203,176.05077997420878,292.33556747106894,248,5.0,24646,2023-08-24 18:45:00,2023-08-24 18:45:00,30.234492200262206,-95.07164532326247,,2023-08-24,18664,0 days 00:30:00,829,7,False,False,,,,Free
2023-08-24 18:45:00,4.3603248112924415,16.457144,14.9323295357804,2274,206,171.55486284689604,165.1197007460539,14,5.0,24649,2023-08-24 18:45:00,2023-08-24 18:45:00,30.27945137153534,-96.34380395415928,,2023-08-24,18666,0 days 00:30:00,831,3,False,False,,,,Free
2023-08-24 18:45:00,10.358881309641998,117.99492,84.27826674953796,2274,207,173.66374654733704,237.6238657696549,79,5.0,24650,2023-08-24 18:45:00,2023-08-24 18:45:00,30.258362534530928,-95.61876232464216,,2023-08-24,18710,0 days 00:15:00,833,4,False,False,,,,Free
2023-08-24 18:45:00,2.018357386185828,9.6,3.199528757346477,2274,208,171.0,308.0,3,5.0,24651,2023-08-24 18:45:00,2023-08-24 18:45:00,30.285000000004302,-94.91500100244946,,2023-08-24,18665,0 days 00:30:00,830,3,False,False,,,,Free
2023-08-24 18:45:00,14.116980522007353,50.893154,156.5213238017891,2274,218,222.15402068161484,267.7366127396673,146,5.0,24659,2023-08-24 18:45:00,2023-08-24 18:45:00,29.773459793188074,-95.31763486354708,,2023-08-24,18594,0 days 01:00:00,822,5,False,False,,,,Free
2023-08-24 19:00:00,7.752915345451625,42.88,47.20847432227834,2275,172,14.350463446551068,495.2252727905748,45,5.0,24664,2023-08-24 19:00:00,2023-08-24 19:00:00,31.85149536553904,-93.04274832804538,,2023-08-24,18686,0 days 00:30:00,832,4,False,False,,,,Free
2023-08-24 19:00:00,30.35021446604607,272.58945,723.4581441833797,2275,180,88.8567468984397,468.6799035514268,688,5.0,24671,2023-08-24 19:00:00,2023-08-24 19:00:00,31.10643253102004,-93.3082020128512,,2023-08-24,18751,0 days 00:00:00,838,3,False,False,,,,Free
2023-08-24 19:00:00,8.383869194445026,54.46154,55.20505780723661,2275,189,126.460964232376,197.16384139057496,52,5.0,24680,2023-08-24 19:00:00,2023-08-24 19:00:00,30.73039035768061,-96.02336255687106,,2023-08-24,18735,0 days 00:15:00,834,7,False,False,,,,Free
2023-08-24 19:00:00,13.265670433544058,51.10154,138.21280746350752,2275,192,140.7935576297993,226.8061956256661,131,5.0,24683,2023-08-24 19:00:00,2023-08-24 19:00:00,30.587064423706355,-95.7269390229908,,2023-08-24,18658,0 days 00:45:00,828,6,False,False,,,,Free
2023-08-24 19:00:00,36.15278621236563,332.79004,1026.5342105666998,2275,194,162.27018090677166,376.5455490424021,963,5.0,24685,2023-08-24 19:00:00,2023-08-24 19:00:00,30.3722981909366,-94.2295455316131,,2023-08-24,18739,0 days 00:15:00,837,4,False,False,,,,Free
2023-08-24 19:00:00,11.655092390596597,145.152,106.689412212372,2275,204,174.5088475408988,234.98651463853656,100,5.0,24693,2023-08-24 19:00:00,2023-08-24 19:00:00,30.24991152459531,-95.64513583519972,,2023-08-24,18710,0 days 00:30:00,833,4,False,False,,,,Free
2023-08-24 19:00:00,17.602437021847194,198.82106,243.3523137019323,2275,205,178.8710467139983,287.7738735562237,228,5.0,24694,2023-08-24 19:00:00,2023-08-24 19:00:00,30.206289532864307,-95.11726226110738,,2023-08-24,18664,0 days 00:45:00,829,7,False,False,,,,Free
2023-08-24 19:15:00,6.115782430465736,38.057137,29.37608629220928,2276,157,15.109550557896387,493.89174590753066,28,5.0,24708,2023-08-24 19:15:00,2023-08-24 19:15:00,31.843904494425583,-93.05608359649476,,2023-08-24,18686,0 days 00:45:00,832,4,False,False,,,,Free
2023-08-24 19:15:00,33.86852359459075,197.62254,900.9120830565668,2276,160,89.61981299550662,464.7989133350103,861,5.0,24711,2023-08-24 19:15:00,2023-08-24 19:15:00,31.098801870049364,-93.3470119139064,,2023-08-24,18751,0 days 00:15:00,838,3,False,False,,,,Free
2023-08-24 19:15:00,13.119850379933789,119.924995,135.1909581379302,2276,162,77.8687730996125,232.3240700646534,128,5.0,24713,2023-08-24 19:15:00,2023-08-24 19:15:00,31.216312269008323,-95.6717602801777,,2023-08-24,18778,0 days 00:00:00,839,3,False,False,,,,Free
2023-08-24 19:15:00,10.464482395959417,48.355553,86.00533361388953,2276,172,128.3940998662691,191.51944875130707,81,5.0,24723,2023-08-24 19:15:00,2023-08-24 19:15:00,30.71105900134168,-96.0798064816508,,2023-08-24,18735,0 days 00:30:00,834,7,False,False,,,,Free
2023-08-24 19:15:00,9.307712418881389,50.1,68.04180001385272,2276,175,140.82152229498809,347.8532255794754,66,5.0,24726,2023-08-24 19:15:00,2023-08-24 19:15:00,30.58678477705447,-94.51646875804316,,2023-08-24,18736,0 days 00:30:00,835,3,False,False,,,,Free
2023-08-24 19:15:00,11.28113741359095,24.306389,99.95296004633032,2276,178,142.45095878432707,221.5238042259861,94,5.0,24729,2023-08-24 19:15:00,2023-08-24 19:15:00,30.57049041216108,-95.77976293547806,,2023-08-24,18658,0 days 01:00:00,828,6,False,False,,,,Free
2023-08-24 19:15:00,36.04522642304594,287.90973,1020.435120210548,2276,181,165.96951650313358,373.3340471022375,961,5.0,24731,2023-08-24 19:15:00,2023-08-24 19:15:00,30.335304834972973,-94.26166055009702,,2023-08-24,18739,0 days 00:30:00,837,4,False,False,,,,Free
2023-08-24 19:15:00,10.094383333900156,121.343994,80.0293827764484,2276,194,175.4612020618918,230.9919404606116,77,5.0,24742,2023-08-24 19:15:00,2023-08-24 19:15:00,30.24038797938538,-95.68508157583744,,2023-08-24,18710,0 days 00:45:00,833,4,False,False,,,,Free
2023-08-24 19:15:00,20.79280096867993,184.66414,339.5594913077138,2276,195,183.0729033231864,283.9848774434436,318,5.0,24743,2023-08-24 19:15:00,2023-08-24 19:15:00,30.16427096677242,-95.15515222115243,,2023-08-24,18664,0 days 01:00:00,829,7,False,False,,,,Free
2023-08-24 19:15:00,8.57355471890201,69.51112,57.73135214182837,2276,198,195.08984957804748,188.685957045347,54,5.0,24746,2023-08-24 19:15:00,2023-08-24 19:15:00,30.04410150422379,-96.10814139790068,,2023-08-24,18801,0 days 00:00:00,841,11,False,False,,,,Free
2023-08-24 19:30:00,32.1960851163634,107.98129,814.1342303625431,2277,182,88.29177911168756,461.77106424210206,770,5.0,24758,2023-08-24 19:30:00,2023-08-24 19:30:00,31.11208220888756,-93.37729040397022,,2023-08-24,18751,0 days 00:30:00,838,3,False,False,,,,Free
2023-08-24 19:30:00,10.565538049870604,97.61928,87.67446372904087,2277,186,79.44583982901109,229.07316692980143,84,5.0,24760,2023-08-24 19:30:00,2023-08-24 19:30:00,31.20054160171433,-95.70426931059724,,2023-08-24,18778,0 days 00:15:00,839,3,False,False,,,,Free
2023-08-24 19:30:00,12.118453170710524,375.4569,115.3411452369323,2277,192,95.1906844737639,276.37912026661894,109,5.0,24765,2023-08-24 19:30:00,2023-08-24 19:30:00,31.04309315526678,-95.23120979074724,,2023-08-24,18815,0 days 00:00:00,843,4,False,False,,,,Free
2023-08-24 19:30:00,13.510061885258622,49.208893,143.35226462156638,2277,196,128.0440333843175,186.7161288024804,135,5.0,24769,2023-08-24 19:30:00,2023-08-24 19:30:00,30.7145596661612,-96.12783967976644,,2023-08-24,18735,0 days 00:45:00,834,7,False,False,,,,Free
2023-08-24 19:30:00,8.784953380526748,12.294737,60.61342205176404,2277,200,142.35690235960524,215.3939393932444,57,5.0,24773,2023-08-24 19:30:00,2023-08-24 19:30:00,30.57143097640829,-95.84106158205384,,2023-08-24,18658,0 days 01:15:00,828,6,False,False,,,,Free
2023-08-24 19:30:00,4.195487710193024,9.599999,13.824670462966177,2277,202,142.85714285714286,345.5,14,5.0,24774,2023-08-24 19:30:00,2023-08-24 19:30:00,30.56642857143292,-94.54000101316548,,2023-08-24,18736,0 days 00:45:00,835,3,False,False,,,,Free
2023-08-24 19:30:00,35.17092218876058,289.26456,971.532633213296,2277,205,170.18053229247312,368.42489405561406,913,5.0,24776,2023-08-24 19:30:00,2023-08-24 19:30:00,30.293194677079573,-94.3107520791604,,2023-08-24,18739,0 days 00:45:00,837,4,False,False,,,,Free
2023-08-24 19:30:00,19.303456309145982,124.37956,292.6577540101574,2277,215,187.009813513004,281.6276367921982,274,5.0,24784,2023-08-24 19:30:00,2023-08-24 19:30:00,30.12490186487424,-95.17872462699133,,2023-08-24,18664,0 days 01:15:00,829,7,False,False,,,,Free
2023-08-24 19:30:00,10.694037621173234,141.0286,89.82005084271566,2277,217,196.56868305577103,185.85067909880755,84,5.0,24785,2023-08-24 19:30:00,2023-08-24 19:30:00,30.02931316944656,-96.13649417655586,,2023-08-24,18801,0 days 00:15:00,841,11,False,False,,,,Free
2023-08-24 19:45:00,11.723912142816475,208.47061,107.95306861213584,2278,206,97.06441169145997,271.8544184480729,102,5.0,24813,2023-08-24 19:45:00,2023-08-24 19:45:00,31.02435588308981,-95.2764568076397,,2023-08-24,18815,0 days 00:15:00,843,4,False,False,,,,Free
2023-08-24 19:45:00,15.987054689254888,52.469845,200.73671030252933,2278,214,129.12428146156776,181.92560492742828,190,5.0,24819,2023-08-24 19:45:00,2023-08-24 19:45:00,30.70375718538869,-96.17574491714804,,2023-08-24,18735,0 days 01:00:00,834,7,False,False,,,,Free
2023-08-24 19:45:00,11.689549312286168,136.6812,107.3211743142903,2278,216,135.7245522454512,220.8608400179953,101,5.0,24820,2023-08-24 19:45:00,2023-08-24 19:45:00,30.637754477549844,-95.78639257736852,,2023-08-24,18849,0 days 00:00:00,844,7,False,False,,,,Free
2023-08-24 19:45:00,18.14466346816962,48.436363,258.57570457537884,2278,232,188.57022718598964,279.7777883309129,242,5.0,24830,2023-08-24 19:45:00,2023-08-24 19:45:00,30.10929772814438,-95.19722311107552,,2023-08-24,18664,0 days 01:30:00,829,7,False,False,,,,Free
2023-08-24 19:45:00,13.954855904685989,147.69232,152.9468701516457,2278,233,199.15280064948467,181.2386425724069,144,5.0,24831,2023-08-24 19:45:00,2023-08-24 19:45:00,30.00347199350941,-96.18261454050196,,2023-08-24,18801,0 days 00:30:00,841,11,False,False,,,,Free
2023-08-24 20:00:00,2.009377828978769,9.6,3.171123043018006,2279,145,85.0,220.0,3,5.0,24851,2023-08-24 20:00:00,2023-08-24 20:00:00,31.14500000000444,-95.7950009773025,,2023-08-24,18778,0 days 00:45:00,839,3,False,False,,,,Free
2023-08-24 20:00:00,11.013844509259082,68.26666,95.272544255895,2279,148,98.7407797792058,267.33523003664925,90,5.0,24854,2023-08-24 20:00:00,2023-08-24 20:00:00,31.00759220221236,-95.32164869046257,,2023-08-24,18815,0 days 00:30:00,843,4,False,False,,,,Free
2023-08-24 20:00:00,5.5705510182154345,27.130432,24.371720761308552,2279,151,108.74145382789769,427.6039292766403,23,5.0,24857,2023-08-24 20:00:00,2023-08-24 20:00:00,30.90758546172542,-93.7189617438612,,2023-08-24,18870,0 days 00:00:00,846,3,False,False,,,,Free
2023-08-24 20:00:00,15.645929252532223,55.902763,192.261623657127,2279,154,130.73651423996495,177.75027677194757,181,5.0,24860,2023-08-24 20:00:00,2023-08-24 20:00:00,30.68763485760472,-96.21749819750973,,2023-08-24,18735,0 days 01:15:00,834,7,False,False,,,,Free
2023-08-24 20:00:00,13.861941408081424,159.8197,150.91694284522933,2279,157,137.36125966061238,217.55837150750867,144,5.0,24862,2023-08-24 20:00:00,2023-08-24 20:00:00,30.62138740339823,-95.81941726152968,,2023-08-24,18849,0 days 00:15:00,844,7,False,False,,,,Free
2023-08-24 20:00:00,18.92077855186453,44.1673,281.16929174011864,2279,165,199.26478976073545,272.2174740496488,263,5.0,24869,2023-08-24 20:00:00,2023-08-24 20:00:00,30.002352102396905,-95.27282625172774,,2023-08-24,18878,0 days 00:00:00,847,3,False,False,,,,Free
2023-08-24 20:00:00,15.217005500526543,202.10823,181.8646439003116,2279,167,201.63062692878145,177.26939993086813,171,5.0,24870,2023-08-24 20:00:00,2023-08-24 20:00:00,29.97869373071644,-96.22230696578303,,2023-08-24,18801,0 days 00:45:00,841,11,False,False,,,,Free
2023-08-24 20:00:00,,,,2279,179,425.6,89.4,5,5.0,24879,2023-08-24 20:00:00,2023-08-24 20:00:00,27.739000000003905,-97.1010009399821,,2023-08-24,18887,0 days 00:00:00,848,3,False,False,,,,Free
2023-08-24 20:15:00,5.80539431023952,17.28,26.46996257438079,2280,131,100.64364821278366,262.2859934890576,25,5.0,24890,2023-08-24 20:15:00,2023-08-24 20:15:00,30.98856351787657,-95.3721410544956,,2023-08-24,18815,0 days 00:45:00,843,4,False,False,,,,Free
2023-08-24 20:15:00,4.188193212831368,102.64615,13.776639643764202,2280,132,109.2035607028104,427.0710571649898,13,5.0,24891,2023-08-24 20:15:00,2023-08-24 20:15:00,30.90296439297629,-93.7242904648254,,2023-08-24,18870,0 days 00:15:00,846,3,False,False,,,,Free
2023-08-24 20:15:00,14.3860916647049,32.941177,162.5457159582174,2280,133,131.64247958398263,172.71578947550643,153,5.0,24892,2023-08-24 20:15:00,2023-08-24 20:15:00,30.67857520416453,-96.26784306903544,,2023-08-24,18735,0 days 01:30:00,834,7,False,False,,,,Free
2023-08-24 20:15:00,15.823707838488298,99.73621,196.6556338853878,2280,135,139.81197292647016,212.29407402183668,185,5.0,24894,2023-08-24 20:15:00,2023-08-24 20:15:00,30.59688027073965,-95.8720602348821,,2023-08-24,18849,0 days 00:30:00,844,7,False,False,,,,Free
2023-08-24 20:15:00,18.74561145614658,68.94884,275.98730366005526,2280,146,202.92704921530407,267.767983117248,258,5.0,24902,2023-08-24 20:15:00,2023-08-24 20:15:00,29.96572950785121,-95.31732115978024,,2023-08-24,18878,0 days 00:15:00,847,3,False,False,,,,Free
2023-08-24 20:15:00,17.194836197565046,243.71614,232.2126995533992,2280,147,205.30503035628016,173.5896365794144,217,5.0,24903,2023-08-24 20:15:00,2023-08-24 20:15:00,29.941949696441448,-96.2591045982461,,2023-08-24,18801,0 days 01:00:00,841,11,False,False,,,,Free
2023-08-24 20:30:00,4.188193212831368,76.799995,13.776639643764204,2281,216,109.19455753941612,427.05549605597736,13,5.0,24925,2023-08-24 20:30:00,2023-08-24 20:30:00,30.90305442461024,-93.72444607591108,,2023-08-24,18870,0 days 00:30:00,846,3,False,False,,,,Free
2023-08-24 20:30:00,17.413488286207794,65.01429,238.15595073821603,2281,218,141.91876936056047,206.60378480514603,224,5.0,24927,2023-08-24 20:30:00,2023-08-24 20:30:00,30.575812306398745,-95.92896312542292,,2023-08-24,18849,0 days 00:45:00,844,7,False,False,,,,Free
2023-08-24 20:30:00,3.0829346737395125,13.714287,7.464806007515509,2281,222,170.1573770455922,253.92459016239667,7,5.0,24930,2023-08-24 20:30:00,2023-08-24 20:30:00,30.29342622954838,-95.45575508537286,,2023-08-24,18914,0 days 00:00:00,850,3,False,False,,,,Free
2023-08-24 20:30:00,1.649739163937745,24.0,2.1375705147424693,2281,230,191.89201877618967,343.0,3,5.0,24936,2023-08-24 20:30:00,2023-08-24 20:30:00,30.076079812242373,-94.56500101245108,,2023-08-24,18918,0 days 00:00:00,851,3,False,False,,,,Free
2023-08-24 20:30:00,20.22013091244712,185.792,321.11294045736105,2281,234,207.9518861800254,168.13639565863596,301,5.0,24938,2023-08-24 20:30:00,2023-08-24 20:30:00,29.91548113820399,-96.31363700589554,,2023-08-24,18801,0 days 01:15:00,841,11,False,False,,,,Free
2023-08-24 20:30:00,6.398366057406494,27.519997,32.15348468703661,2281,244,219.94434578203692,327.66933096197243,30,5.0,24946,2023-08-24 20:30:00,2023-08-24 20:30:00,29.795556542183856,-94.71830769845047,,2023-08-24,18926,0 days 00:00:00,852,4,False,False,,,,Free
2023-08-24 20:30:00,3.540737036198744,9.6,9.846394428565407,2281,258,434.77777777777777,82.77777777777777,9,5.0,24957,2023-08-24 20:30:00,2023-08-24 20:30:00,27.647222222226112,-97.16722316031196,,2023-08-24,18887,0 days 00:30:00,848,3,False,False,,,,Free
2023-08-24 20:45:00,6.455469835093904,42.425804,32.729968970980586,2282,176,73.81146978325859,298.296016483422,32,5.0,24962,2023-08-24 20:45:00,2023-08-24 20:45:00,31.25688530217187,-95.0120408348422,,2023-08-24,18940,0 days 00:00:00,853,3,False,False,,,,Free
2023-08-24 20:45:00,18.176830722205064,39.265568,259.4933345181494,2282,185,143.2014400453638,202.5097837062924,244,5.0,24969,2023-08-24 20:45:00,2023-08-24 20:45:00,30.562985599550707,-95.96990313524157,,2023-08-24,18849,0 days 01:00:00,844,7,False,False,,,,Free
2023-08-24 20:45:00,10.552278463826031,87.10244,87.45454163637991,2282,188,171.8974214098777,250.9851761644714,82,5.0,24972,2023-08-24 20:45:00,2023-08-24 20:45:00,30.276025785905524,-95.48514922451216,,2023-08-24,18914,0 days 00:15:00,850,3,False,False,,,,Free
2023-08-24 20:45:00,11.84378614771033,132.81554,110.17193967367136,2282,199,200.7619141488831,225.5620508988109,103,5.0,24979,2023-08-24 20:45:00,2023-08-24 20:45:00,29.987380858515422,-95.73938046990378,,2023-08-24,18951,0 days 00:00:00,854,5,False,False,,,,Free
2023-08-24 20:45:00,1.650072412392795,9.6,2.138434183416849,2282,200,196.0,334.5,2,5.0,24980,2023-08-24 20:45:00,2023-08-24 20:45:00,30.035000000004263,-94.65000101002217,,2023-08-24,18918,0 days 00:15:00,851,3,False,False,,,,Free
2023-08-24 20:45:00,21.844029644562216,140.736,374.7618687194983,2282,203,210.75526024009807,161.31090929192084,352,5.0,24982,2023-08-24 20:45:00,2023-08-24 20:45:00,29.88744739760326,-96.38189186761224,,2023-08-24,18801,0 days 01:30:00,841,11,False,False,,,,Free
2023-08-24 20:45:00,12.734410559098274,18.151264,127.3642598976962,2282,204,206.8136741002308,256.701597459364,119,5.0,24983,2023-08-24 20:45:00,2023-08-24 20:45:00,29.92686325900194,-95.42798501319676,,2023-08-24,18878,0 days 00:45:00,847,3,False,False,,,,Free
2023-08-24 20:45:00,9.704896200860423,159.30434,73.97273408521554,2282,209,222.41542219248004,324.4914060402887,69,5.0,24988,2023-08-24 20:45:00,2023-08-24 20:45:00,29.770845778079423,-94.75008694675915,,2023-08-24,18926,0 days 00:15:00,852,4,False,False,,,,Free
2023-08-24 20:45:00,4.089590316388742,9.599999,13.135587113247704,2282,225,441.4375,78.8125,16,5.0,24997,2023-08-24 20:45:00,2023-08-24 20:45:00,27.58062500000388,-97.20687593695664,,2023-08-24,18887,0 days 00:45:00,848,3,False,False,,,,Free
2023-08-24 21:00:00,3.834687967855803,15.709091,11.549147897284884,2283,131,21.767973857482264,497.4330065258901,12,5.0,25004,2023-08-24 21:00:00,2023-08-24 21:00:00,31.777320261429715,-93.02067099132312,,2023-08-24,18971,0 days 00:00:00,855,3,False,False,,,,Free
2023-08-24 21:00:00,10.305892594337855,119.817696,83.41825590102931,2283,133,74.0590699802789,295.6808149382296,79,5.0,25006,2023-08-24 21:00:00,2023-08-24 21:00:00,31.254409300201665,-95.03819284954682,,2023-08-24,18940,0 days 00:15:00,853,3,False,False,,,,Free
2023-08-24 21:00:00,5.926052403039984,14.03077,27.581688951453845,2283,138,119.09795570906049,208.6388415684676,26,5.0,25011,2023-08-24 21:00:00,2023-08-24 21:00:00,30.80402044291377,-95.90861255837126,,2023-08-24,18975,0 days 00:00:00,856,3,False,False,,,,Free
2023-08-24 21:00:00,18.3639369481494,40.250603,264.86310579188967,2283,142,144.21726253645042,196.53765352026085,249,5.0,25013,2023-08-24 21:00:00,2023-08-24 21:00:00,30.55282737463984,-96.02962443539523,,2023-08-24,18849,0 days 01:15:00,844,7,False,False,,,,Free
2023-08-24 21:00:00,9.680730811366445,52.869568,73.60480549764335,2283,144,173.90063577611068,247.8432334021853,69,5.0,25015,2023-08-24 21:00:00,2023-08-24 21:00:00,30.25599364224319,-95.51656865123716,,2023-08-24,18914,0 days 00:30:00,850,3,False,False,,,,Free
2023-08-24 21:00:00,29.004666288978463,111.92233,660.732436416739,2283,145,197.8418452979694,196.372177963803,620,5.0,25016,2023-08-24 21:00:00,2023-08-24 21:00:00,30.01658154702457,-96.03127919091251,,2023-08-24,18977,0 days 00:00:00,857,3,False,False,,,,Free
2023-08-24 21:00:00,12.571624825189256,135.31033,124.12884236814112,2283,151,204.3509261522266,221.2969965753153,116,5.0,25020,2023-08-24 21:00:00,2023-08-24 21:00:00,29.951490738481983,-95.78203101191995,,2023-08-24,18951,0 days 00:15:00,854,5,False,False,,,,Free
2023-08-24 21:00:00,20.26142645418881,85.3794,322.4258967262069,2283,153,213.5081408889928,155.6244855264695,302,5.0,25021,2023-08-24 21:00:00,2023-08-24 21:00:00,29.859918591114308,-96.43875610364177,,2023-08-24,18801,0 days 01:45:00,841,11,False,False,,,,Free
2023-08-24 21:00:00,13.324405017458751,93.2677,139.4394085570196,2283,156,227.16720120015043,320.22590369984266,130,5.0,25023,2023-08-24 21:00:00,2023-08-24 21:00:00,29.723327988002712,-94.79274196894472,,2023-08-24,18926,0 days 00:30:00,852,4,False,False,,,,Free
2023-08-24 21:15:00,10.658393723763227,28.574121,89.22229696720953,2284,113,20.45663235038005,495.9757460893455,85,5.0,25035,2023-08-24 21:15:00,2023-08-24 21:15:00,31.790433676500736,-93.0352435952721,,2023-08-24,18971,0 days 00:15:00,855,3,False,False,,,,Free
2023-08-24 21:15:00,8.361619530016121,20.492308,54.91243297763727,2284,114,75.67552135073309,291.1395233362697,52,5.0,25036,2023-08-24 21:15:00,2023-08-24 21:15:00,31.23824478649712,-95.08360576426868,,2023-08-24,18940,0 days 00:30:00,853,3,False,False,,,,Free
2023-08-24 21:15:00,7.069888564597808,23.610811,39.25681111815257,2284,118,120.64827186035627,204.41620679720137,37,5.0,25040,2023-08-24 21:15:00,2023-08-24 21:15:00,30.78851728140081,-95.95083890487724,,2023-08-24,18975,0 days 00:15:00,856,3,False,False,,,,Free
2023-08-24 21:15:00,17.99258352369354,33.700424,254.25935221358955,2284,122,145.65717119266097,190.61897545312817,239,5.0,25043,2023-08-24 21:15:00,2023-08-24 21:15:00,30.53842828807773,-96.08881121437526,,2023-08-24,18849,0 days 01:30:00,844,7,False,False,,,,Free
2023-08-24 21:15:00,8.798562632332851,34.863163,60.801366651855325,2284,125,172.81330041395918,158.3766890313057,57,5.0,25046,2023-08-24 21:15:00,2023-08-24 21:15:00,30.266866995864707,-96.41123406937989,,2023-08-24,18993,0 days 00:00:00,858,3,False,False,,,,Free
2023-08-24 21:15:00,23.71756725887577,64.27118,441.8045284607481,2284,127,201.0401568572399,192.2104660976505,413,5.0,25048,2023-08-24 21:15:00,2023-08-24 21:15:00,29.984598431431856,-96.07289630838484,,2023-08-24,18977,0 days 00:15:00,857,3,False,False,,,,Free
2023-08-24 21:15:00,14.394400037118764,105.09474,162.7335196156687,2284,129,209.1602955074587,215.824850132076,152,5.0,25050,2023-08-24 21:15:00,2023-08-24 21:15:00,29.90339704492965,-95.83675247478864,,2023-08-24,18951,0 days 00:30:00,854,5,False,False,,,,Free
2023-08-24 21:15:00,2.859113276625137,9.599999,6.420259850061796,2284,130,203.66666666666663,326.3333333333333,6,5.0,25051,2023-08-24 21:15:00,2023-08-24 21:15:00,29.958333333337585,-94.7316676743551,,2023-08-24,18918,0 days 00:45:00,851,3,False,False,,,,Free
2023-08-24 21:15:00,19.57920738867552,64.29608,301.0787432371987,2284,131,216.6514147831092,151.19324647887302,282,5.0,25052,2023-08-24 21:15:00,2023-08-24 21:15:00,29.82848585217313,-96.48306849285149,,2023-08-24,18801,0 days 02:00:00,841,11,False,False,,,,Free
2023-08-24 21:15:00,13.429302671428292,101.67273,141.64355088291228,2284,134,233.91806152593747,315.38253089197207,132,5.0,25055,2023-08-24 21:15:00,2023-08-24 21:15:00,29.65581938474483,-94.84117569563938,,2023-08-24,18926,0 days 00:45:00,852,4,False,False,,,,Free
2023-08-24 21:30:00,3.4676560273175725,10.666667,9.444128855024722,2285,121,16.729411762505944,495.27058823749405,9,5.0,25063,2023-08-24 21:30:00,2023-08-24 21:30:00,31.827705882379483,-93.04229517358914,,2023-08-24,18971,0 days 00:30:00,855,3,False,False,,,,Free
2023-08-24 21:30:00,5.574288662460785,12.521742,24.404436872012216,2285,128,121.10404624691697,199.0092485454814,23,5.0,25069,2023-08-24 21:30:00,2023-08-24 21:30:00,30.78395953753521,-96.00490848584934,,2023-08-24,18975,0 days 00:30:00,856,3,False,False,,,,Free
2023-08-24 21:30:00,10.210931949228163,32.789616,81.88807181091403,2285,129,143.14169547593056,133.78474626797382,77,5.0,25070,2023-08-24 21:30:00,2023-08-24 21:30:00,30.56358304524504,-96.65715348998576,,2023-08-24,19006,0 days 00:00:00,859,7,False,False,,,,Free
2023-08-24 21:30:00,10.093081933659132,50.816,80.00874881776127,2285,134,173.40112764725555,153.76441525174673,76,5.0,25075,2023-08-24 21:30:00,2023-08-24 21:30:00,30.260988723531742,-96.4573568058575,,2023-08-24,18993,0 days 00:15:00,858,3,False,False,,,,Free
2023-08-24 21:30:00,20.18292498279419,32.68495,319.9323038194104,2285,136,203.5594481582852,188.12037015246813,299,5.0,25077,2023-08-24 21:30:00,2023-08-24 21:30:00,29.9594055184214,-96.11379726666786,,2023-08-24,18977,0 days 00:30:00,857,3,False,False,,,,Free
2023-08-24 21:30:00,13.867367616738813,104.374466,151.0351177929963,2285,137,213.77940022767595,210.1659743780544,141,5.0,25078,2023-08-24 21:30:00,2023-08-24 21:30:00,29.85720599772748,-95.89334123071175,,2023-08-24,18951,0 days 00:45:00,854,5,False,False,,,,Free
2023-08-24 21:30:00,16.101544835412078,60.328423,203.62212841945,2285,138,220.2019342090809,147.50344852281407,193,5.0,25079,2023-08-24 21:30:00,2023-08-24 21:30:00,29.79298065791341,-96.51996647135768,,2023-08-24,18801,0 days 02:15:00,841,11,False,False,,,,Free
2023-08-24 21:45:00,7.893161815292246,26.713041,48.93187907963272,2286,108,145.57609130892374,128.1834201025434,46,5.0,25098,2023-08-24 21:45:00,2023-08-24 21:45:00,30.539239086915103,-96.71316675003948,,2023-08-24,19006,0 days 00:15:00,859,7,False,False,,,,Free
2023-08-24 21:45:00,6.993041284618891,16.53333,38.40803296645653,2286,113,174.29190751803563,148.5452793836067,36,5.0,25102,2023-08-24 21:45:00,2023-08-24 21:45:00,30.25208092482394,-96.50954816304744,,2023-08-24,18993,0 days 00:30:00,858,3,False,False,,,,Free
2023-08-24 21:45:00,15.802422442563127,107.12131,196.12692370873896,2286,119,219.49751179964125,205.05576778838665,183,5.0,25107,2023-08-24 21:45:00,2023-08-24 21:45:00,29.80002488200781,-95.94444329514818,,2023-08-24,18951,0 days 01:00:00,854,5,False,False,,,,Free
2023-08-24 21:45:00,11.266631737689476,26.116133,99.6960793729628,2286,120,222.3964641336591,143.24781545433032,94,5.0,25108,2023-08-24 21:45:00,2023-08-24 21:45:00,29.771035358667632,-96.5625228008264,,2023-08-24,18801,0 days 02:30:00,841,11,False,False,,,,Free
2023-08-24 21:45:00,,,,2286,129,429.09090909090907,76.45454545454545,22,5.0,25116,2023-08-24 21:45:00,2023-08-24 21:45:00,27.70409090909481,-97.23045548173737,,2023-08-24,19039,0 days 00:00:00,860,3,False,False,,,,Free
2023-08-24 22:00:00,8.392745492451681,38.95385,55.32201477116336,2287,58,147.09005435731802,121.18226099269086,52,5.0,25124,2023-08-24 22:00:00,2023-08-24 22:00:00,30.52409945643116,-96.78317833913736,,2023-08-24,19006,0 days 00:30:00,859,7,False,False,,,,Free
2023-08-24 22:00:00,2.3601644619500672,14.400001,4.374963305597537,2287,68,431.7725118536964,74.44549762926071,5,5.0,25134,2023-08-24 22:00:00,2023-08-24 22:00:00,27.67727488146693,-97.25054595941612,,2023-08-24,19039,0 days 00:15:00,860,3,False,False,,,,Free
2023-08-24 22:15:00,5.935594428054739,29.16923,27.67058355989301,2288,54,150.4557606690816,114.00732016040826,26,5.0,25139,2023-08-24 22:15:00,2023-08-24 22:15:00,30.49044239331352,-96.85492774540984,,2023-08-24,19006,0 days 00:45:00,859,7,False,False,,,,Free
2023-08-24 22:15:00,2.639063995970825,9.6,5.47003021044101,2288,62,434.4,72.8,5,5.0,25145,2023-08-24 22:15:00,2023-08-24 22:15:00,27.65100000000389,-97.26700093523846,,2023-08-24,19039,0 days 00:30:00,860,3,False,False,,,,Free
2023-08-24 22:30:00,3.0802320605910447,46.628574,7.451723900914848,2289,18,153.0830473433925,109.24365135975046,7,5.0,25153,2023-08-24 22:30:00,2023-08-24 22:30:00,30.464169526570405,-96.90256443205516,,2023-08-24,19006,0 days 01:00:00,859,7,False,False,,,,Free
2023-08-24 22:45:00,4.356505136355379,37.714287,14.906179345096056,2290,31,155.0293772064551,103.54054054124724,15,5.0,25158,2023-08-24 22:45:00,2023-08-24 22:45:00,30.444706227939776,-96.95959553861049,,2023-08-24,19006,0 days 01:15:00,859,7,False,False,,,,Free
2023-08-24 23:00:00,4.5104029893629365,52.479996,15.97793220496122,2291,26,158.73743333117656,96.86632968121516,15,5.0,25161,2023-08-24 23:00:00,2023-08-24 23:00:00,30.40762566669256,-97.02633764530356,,2023-08-24,19006,0 days 01:30:00,859,7,False,False,,,,Free
2023-08-25 03:30:00,3.337700195587558,9.6,8.749526074406072,2309,45,431.25,497.0,8,5.0,25208,2023-08-25 03:30:00,2023-08-25 03:30:00,27.68250000000389,-93.02500105645828,,2023-08-25,19114,0 days 00:00:00,861,4,False,False,,,,Free
2023-08-25 03:30:00,1.6739601359479583,14.400001,2.2007976019357463,2309,51,499.0,281.7553191435396,2,5.0,25214,2023-08-25 03:30:00,2023-08-25 03:30:00,27.00500000000379,-95.17744780351438,,2023-08-25,19119,0 days 00:00:00,862,3,False,False,,,,Free
2023-08-25 03:45:00,10.144754985191362,23.481083,80.83007956760551,2310,49,417.6697864749073,388.0878911648048,74,5.0,25218,2023-08-25 03:45:00,2023-08-25 03:45:00,27.818302135254843,-94.11412211368742,,2023-08-25,19123,0 days 00:00:00,863,3,False,False,,,,Free
2023-08-25 03:45:00,10.8148771774274,38.51429,91.86140098025965,2310,52,429.92874395789386,494.9638391279999,84,5.0,25221,2023-08-25 03:45:00,2023-08-25 03:45:00,27.69571256042496,-93.04536266459644,,2023-08-25,19114,0 days 00:15:00,861,4,False,False,,,,Free
2023-08-25 03:45:00,2.05017409141536,22.400002,3.30119640290082,2310,58,498.76942355410495,279.91478693447146,9,5.0,25224,2023-08-25 03:45:00,2023-08-25 03:45:00,27.00730576446274,-95.19585312507913,,2023-08-25,19119,0 days 00:15:00,862,3,False,False,,,,Free
2023-08-25 04:00:00,11.96782904223677,45.01748,112.49174012577336,2311,35,415.9339608904879,385.1185404195163,103,5.0,25227,2023-08-25 04:00:00,2023-08-25 04:00:00,27.83566039109904,-94.14381562029178,,2023-08-25,19123,0 days 00:15:00,863,3,False,False,,,,Free
2023-08-25 04:00:00,13.453302924584689,185.72307,142.15028140544098,2311,37,428.49742061915134,492.12835616303,130,5.0,25228,2023-08-25 04:00:00,2023-08-25 04:00:00,27.710025793812388,-93.07371749343588,,2023-08-25,19114,0 days 00:30:00,861,4,False,False,,,,Free
2023-08-25 04:00:00,5.021756296848221,16.533333,19.806199398385928,2311,42,498.6859344852426,277.2090558721275,18,5.0,25233,2023-08-25 04:00:00,2023-08-25 04:00:00,27.008140655151365,-95.22291043492936,,2023-08-25,19119,0 days 00:30:00,862,3,False,False,,,,Free
2023-08-25 04:15:00,12.083230313211976,38.58286,114.67163064943456,2312,47,415.37462752695546,382.4167309628493,118,5.0,25236,2023-08-25 04:15:00,2023-08-25 04:15:00,27.841253724734365,-94.17083371408636,,2023-08-25,19123,0 days 00:30:00,863,3,False,False,,,,Free
2023-08-25 04:15:00,17.05740516057,101.37416,228.5155782467937,2312,49,427.3704064176756,489.1748468329237,209,5.0,25237,2023-08-25 04:15:00,2023-08-25 04:15:00,27.721295935827147,-93.1032525858929,,2023-08-25,19114,0 days 00:45:00,861,4,False,False,,,,Free
2023-08-25 04:45:00,4.869471890812687,11.858824,18.623170002426363,2314,63,449.3174846666148,370.958588962888,20,5.0,25266,2023-08-25 04:45:00,2023-08-25 04:45:00,27.50182515333772,-94.28541513081166,,2023-08-25,19158,0 days 00:00:00,865,5,False,False,,,,Free
2023-08-25 05:00:00,10.227687216481703,50.048004,82.15703496700733,2315,62,448.36832834081486,368.2044507177236,81,5.0,25280,2023-08-25 05:00:00,2023-08-25 05:00:00,27.51131671659572,-94.31295651247632,,2023-08-25,19158,0 days 00:15:00,865,5,False,False,,,,Free
2023-08-25 05:15:00,11.809249996577996,67.104,109.5303598276828,2316,55,447.0960968726907,366.3737601478172,100,5.0,25294,2023-08-25 05:15:00,2023-08-25 05:15:00,27.524039031276963,-94.33126341765222,,2023-08-25,19158,0 days 00:30:00,865,5,False,False,,,,Free
2023-08-25 05:30:00,2.6346416724156403,9.6,5.451713128712869,2317,57,397.57142857142856,494.0,7,5.0,25303,2023-08-25 05:30:00,2023-08-25 05:30:00,28.019285714289666,-93.055001055601,,2023-08-25,19187,0 days 00:00:00,867,3,False,False,,,,Free
2023-08-25 05:30:00,12.608553858475736,45.05263,124.85916814274786,2317,61,446.1455077733038,364.4416892334584,123,5.0,25307,2023-08-25 05:30:00,2023-08-25 05:30:00,27.533544922270835,-94.35058412624367,,2023-08-25,19158,0 days 00:45:00,865,5,False,False,,,,Free
2023-08-25 05:30:00,6.24993069479305,22.285711,30.678935359207102,2317,63,450.6887573992991,406.4619329348417,33,5.0,25309,2023-08-25 05:30:00,2023-08-25 05:30:00,27.48811242601088,-93.9303817012376,,2023-08-25,19190,0 days 00:00:00,868,3,False,False,,,,Free
2023-08-25 05:30:00,32.44921163852017,221.61485,826.9860454110303,2317,64,458.5984542624976,307.2132390432155,756,5.0,25310,2023-08-25 05:30:00,2023-08-25 05:30:00,27.40901545737888,-94.92286861179248,,2023-08-25,19191,0 days 00:00:00,869,4,False,False,,,,Free
2023-08-25 05:45:00,11.421472064704664,27.982983,102.45520936279355,2318,50,394.8188298365727,492.3765043543,94,5.0,25319,2023-08-25 05:45:00,2023-08-25 05:45:00,28.046811701638227,-93.07123601159408,,2023-08-25,19187,0 days 00:15:00,867,3,False,False,,,,Free
2023-08-25 05:45:00,12.15721197483086,29.886793,116.0801230311404,2318,55,444.4752843238208,361.6477634085468,106,5.0,25324,2023-08-25 05:45:00,2023-08-25 05:45:00,27.550247156765668,-94.3785233836944,,2023-08-25,19158,0 days 01:00:00,865,5,False,False,,,,Free
2023-08-25 05:45:00,11.079493529502944,24.545458,96.41169046146068,2318,56,450.1425581319068,402.12813950477954,88,5.0,25325,2023-08-25 05:45:00,2023-08-25 05:45:00,27.4935744186848,-93.9737196342998,,2023-08-25,19190,0 days 00:15:00,868,3,False,False,,,,Free
2023-08-25 05:45:00,29.65991134345527,205.27238,690.9228860658807,2318,58,458.15635984726697,306.60341066562086,642,5.0,25327,2023-08-25 05:45:00,2023-08-25 05:45:00,27.413436401531182,-94.92896689539418,,2023-08-25,19191,0 days 00:15:00,869,4,False,False,,,,Free
2023-08-25 06:00:00,10.731737260618123,22.66988,90.45445148728484,2319,60,392.5149325039076,491.36942585544017,83,5.0,25334,2023-08-25 06:00:00,2023-08-25 06:00:00,28.06985067496488,-93.08130679629488,,2023-08-25,19187,0 days 00:30:00,867,3,False,False,,,,Free
2023-08-25 06:00:00,10.888638775987236,21.232943,93.11873392888856,2319,68,449.8879769587133,396.77350611227007,87,5.0,25339,2023-08-25 06:00:00,2023-08-25 06:00:00,27.49612023041673,-94.02726596669476,,2023-08-25,19190,0 days 00:30:00,868,3,False,False,,,,Free
2023-08-25 06:00:00,31.64363879423706,101.31548,786.43479169383,2319,71,459.3746728038205,305.2088197637312,720,5.0,25342,2023-08-25 06:00:00,2023-08-25 06:00:00,27.401253271965647,-94.94291280401455,,2023-08-25,19191,0 days 00:30:00,869,4,False,False,,,,Free
2023-08-25 06:15:00,28.777441211642884,44.211807,650.420516794283,2320,47,460.06552389326254,303.9738695217784,593,5.0,25354,2023-08-25 06:15:00,2023-08-25 06:15:00,27.394344761071224,-94.95526230608118,,2023-08-25,19191,0 days 00:45:00,869,4,False,False,,,,Free
2023-08-25 06:30:00,5.000850753146423,14.400001,19.64163645297945,2321,50,406.1879432690071,388.6323877134515,18,5.0,25361,2023-08-25 06:30:00,2023-08-25 06:30:00,27.933120567313864,-94.10867714835656,,2023-08-25,19222,0 days 00:00:00,870,9,False,False,,,,Free
2023-08-25 06:45:00,4.408861802536782,19.885714,15.26661850414884,2322,70,399.3791887094518,414.8783068718994,18,5.0,25376,2023-08-25 06:45:00,2023-08-25 06:45:00,28.001208112909428,-93.84621796427211,,2023-08-25,19233,0 days 00:00:00,871,3,False,False,,,,Free
2023-08-25 06:45:00,7.169738873632611,67.200005,40.37351473148836,2322,72,406.3099852250431,386.7730077252816,37,5.0,25378,2023-08-25 06:45:00,2023-08-25 06:45:00,27.931900147753502,-94.1272709477069,,2023-08-25,19222,0 days 00:15:00,870,9,False,False,,,,Free
2023-08-25 06:45:00,1.667988734348525,9.6,2.185124102858662,2322,76,420.3333333333333,390.0,3,5.0,25382,2023-08-25 06:45:00,2023-08-25 06:45:00,27.79166666667058,-94.09500102588186,,2023-08-25,19238,0 days 00:00:00,872,6,False,False,,,,Free
2023-08-25 06:45:00,15.972333201623638,78.05901,200.3671885299113,2322,78,443.8752801929362,385.2274724232568,186,5.0,25384,2023-08-25 06:45:00,2023-08-25 06:45:00,27.556247198074512,-94.14272630028546,,2023-08-25,19240,0 days 00:00:00,873,4,False,False,,,,Free
2023-08-25 07:00:00,20.09512763976199,106.78763,317.1548955796223,2323,50,392.3579573529185,471.6885423455452,296,5.0,25393,2023-08-25 07:00:00,2023-08-25 07:00:00,28.07142042647477,-93.27811562576984,,2023-08-25,19246,0 days 00:00:00,874,3,False,False,,,,Free
2023-08-25 07:00:00,7.358302529245111,42.584618,42.52508205214222,2323,53,398.3218720224516,412.96356936830927,39,5.0,25396,2023-08-25 07:00:00,2023-08-25 07:00:00,28.01178127977943,-93.86536533876084,,2023-08-25,19233,0 days 00:15:00,871,3,False,False,,,,Free
2023-08-25 07:00:00,11.057093233004094,212.94545,96.02223813176896,2323,55,405.6906422122049,384.66967951746,88,5.0,25398,2023-08-25 07:00:00,2023-08-25 07:00:00,27.938093577881887,-94.14830422918408,,2023-08-25,19222,0 days 00:30:00,870,9,False,False,,,,Free
2023-08-25 07:00:00,16.059566545535017,94.391365,202.5617871333971,2323,57,442.3033735016437,381.44151670259527,187,5.0,25400,2023-08-25 07:00:00,2023-08-25 07:00:00,27.57196626498744,-94.18058585641025,,2023-08-25,19240,0 days 00:15:00,873,4,False,False,,,,Free
2023-08-25 07:15:00,23.109831988699987,102.13403,419.45314748846266,2324,41,391.8874015761072,469.2925880524038,385,5.0,25404,2023-08-25 07:15:00,2023-08-25 07:15:00,28.07612598424289,-93.30207516801651,,2023-08-25,19246,0 days 00:15:00,874,3,False,False,,,,Free
2023-08-25 07:15:00,13.692703261217542,32.711113,147.2543979450119,2324,42,403.0002138290212,382.75354183696527,135,5.0,25405,2023-08-25 07:15:00,2023-08-25 07:15:00,27.964997861713726,-94.16746560544146,,2023-08-25,19222,0 days 00:45:00,870,9,False,False,,,,Free
2023-08-25 07:15:00,,,,2324,43,396.5,412.5,4,5.0,25406,2023-08-25 07:15:00,2023-08-25 07:15:00,28.03000000000395,-93.8700010323115,,2023-08-25,19233,0 days 00:30:00,871,3,False,False,,,,Free
2023-08-25 07:15:00,3.335843162408891,9.6,8.739792641693967,2324,46,418.9,382.7,10,5.0,25409,2023-08-25 07:15:00,2023-08-25 07:15:00,27.80600000000392,-94.1680010237958,,2023-08-25,19238,0 days 00:30:00,872,6,False,False,,,,Free
2023-08-25 07:15:00,17.02773969028659,195.32307,227.7214214395693,2324,49,440.5080632359804,378.6101165605857,220,5.0,25412,2023-08-25 07:15:00,2023-08-25 07:15:00,27.58991936764408,-94.2088998570212,,2023-08-25,19240,0 days 00:30:00,873,4,False,False,,,,Free
2023-08-25 07:30:00,24.30862502854718,44.93521,464.09904029600415,2325,56,391.5021160878028,464.33078230467424,426,5.0,25415,2023-08-25 07:30:00,2023-08-25 07:30:00,28.07997883912593,-93.35169322407596,,2023-08-25,19246,0 days 00:30:00,874,3,False,False,,,,Free
2023-08-25 07:30:00,8.579085774140601,15.396224,57.80586459507963,2325,59,401.84791287522734,380.6134301290207,53,5.0,25418,2023-08-25 07:30:00,2023-08-25 07:30:00,27.97652087125167,-94.18886672190932,,2023-08-25,19222,0 days 01:00:00,870,9,False,False,,,,Free
2023-08-25 07:30:00,4.412604625207579,9.599999,15.292550140243527,2325,61,417.6428571428572,383.0,14,5.0,25420,2023-08-25 07:30:00,2023-08-25 07:30:00,27.818571428575343,-94.16500102388152,,2023-08-25,19238,0 days 00:45:00,872,6,False,False,,,,Free
2023-08-25 07:30:00,18.814927624380463,97.17165,278.03212912642334,2325,64,440.0211650674421,374.9431130092044,257,5.0,25423,2023-08-25 07:30:00,2023-08-25 07:30:00,27.594788349329463,-94.24556989148716,,2023-08-25,19240,0 days 00:45:00,873,4,False,False,,,,Free
2023-08-25 07:30:00,4.255868425527764,13.292311,14.225458304604889,2325,65,437.0,290.7755102113034,13,5.0,25424,2023-08-25 07:30:00,2023-08-25 07:30:00,27.625000000003887,-95.08724589541436,,2023-08-25,19261,0 days 00:00:00,875,3,False,False,,,,Free
2023-08-25 07:45:00,8.332365298672151,82.175995,54.52886831672915,2326,52,401.6605797709877,376.7879913676232,54,5.0,25434,2023-08-25 07:45:00,2023-08-25 07:45:00,27.978394202294066,-94.22712110843014,,2023-08-25,19222,0 days 01:15:00,870,9,False,False,,,,Free
2023-08-25 07:45:00,6.00915079254039,14.03077,28.360643837055616,2326,54,402.3577512799665,434.45741056481,26,5.0,25436,2023-08-25 07:45:00,2023-08-25 07:45:00,27.97142248720428,-93.65042693293792,,2023-08-25,19271,0 days 00:00:00,876,6,False,False,,,,Free
2023-08-25 07:45:00,6.465610357409153,12.4800005,32.8328769450307,2326,60,438.64616755759135,289.0980392006867,30,5.0,25442,2023-08-25 07:45:00,2023-08-25 07:45:00,27.60853832442797,-95.10402060504116,,2023-08-25,19261,0 days 00:15:00,875,3,False,False,,,,Free
2023-08-25 08:00:00,14.286556455027956,155.23267,160.30423826111644,2327,48,399.9770514572601,374.0068827567301,147,5.0,25448,2023-08-25 08:00:00,2023-08-25 08:00:00,27.995229485431345,-94.25493219374437,,2023-08-25,19222,0 days 01:30:00,870,9,False,False,,,,Free
2023-08-25 08:00:00,10.73540833999992,36.318073,90.51634682813122,2327,49,399.95298913235314,429.7524813430774,83,5.0,25449,2023-08-25 08:00:00,2023-08-25 08:00:00,27.99547010868041,-93.69747622381078,,2023-08-25,19271,0 days 00:15:00,876,6,False,False,,,,Free
2023-08-25 08:00:00,5.274425057851666,9.600001,21.84943108775348,2327,50,419.1,375.85,20,5.0,25450,2023-08-25 08:00:00,2023-08-25 08:00:00,27.80400000000392,-94.23650102183836,,2023-08-25,19238,0 days 01:15:00,872,6,False,False,,,,Free
2023-08-25 08:00:00,14.79191538734796,123.33248,171.84571570306707,2327,53,439.33637274800446,286.9278401558722,157,5.0,25453,2023-08-25 08:00:00,2023-08-25 08:00:00,27.60163627252384,-95.12572259486916,,2023-08-25,19261,0 days 00:30:00,875,3,False,False,,,,Free
2023-08-25 08:00:00,20.819767320232444,146.22968,340.4408173316517,2327,58,476.06419416858967,230.4542079942947,313,5.0,25457,2023-08-25 08:00:00,2023-08-25 08:00:00,27.23435805831793,-95.69045890034693,,2023-08-25,19283,0 days 00:00:00,878,5,False,False,,,,Free
2023-08-25 08:15:00,14.764136627731196,135.43948,171.2008798844323,2328,71,399.96717280757713,370.6740103776333,159,5.0,25460,2023-08-25 08:15:00,2023-08-25 08:15:00,27.995328271928173,-94.28826091658289,,2023-08-25,19222,0 days 01:45:00,870,9,False,False,,,,Free
2023-08-25 08:15:00,5.656424957289194,12.939132,25.12892678345074,2328,76,420.2102957231052,374.5377875143776,23,5.0,25465,2023-08-25 08:15:00,2023-08-25 08:15:00,27.79289704277286,-94.2496231463196,,2023-08-25,19238,0 days 01:30:00,872,6,False,False,,,,Free
2023-08-25 08:15:00,5.899657154161803,11.136001,27.33653276838199,2328,78,428.7275902233846,436.1525028925251,29,5.0,25467,2023-08-25 08:15:00,2023-08-25 08:15:00,27.70772409777005,-93.63347601014522,,2023-08-25,19290,0 days 00:00:00,879,6,False,False,,,,Free
2023-08-25 08:15:00,21.47853918886702,295.16373,362.3258856475855,2328,80,440.5293655878156,276.9555914627925,334,5.0,25469,2023-08-25 08:15:00,2023-08-25 08:15:00,27.589706344125727,-95.22544507895026,,2023-08-25,19292,0 days 00:00:00,880,3,False,False,,,,Free
2023-08-25 08:15:00,23.679527668441587,350.69928,440.3884822137864,2328,88,476.84110126614473,226.75936448563164,401,5.0,25476,2023-08-25 08:15:00,2023-08-25 08:15:00,27.22658898734237,-95.72740733437774,,2023-08-25,19283,0 days 00:15:00,878,5,False,False,,,,Free
2023-08-25 08:30:00,11.605741401095209,14.944331,105.7878181886912,2329,68,400.92466584609735,365.63244226591615,102,5.0,25481,2023-08-25 08:30:00,2023-08-25 08:30:00,27.98575334154297,-94.3386765962594,,2023-08-25,19222,0 days 02:00:00,870,9,False,False,,,,Free
2023-08-25 08:30:00,9.204695577378011,38.242626,66.54397518718729,2329,69,403.1493243976384,425.37498764557176,61,5.0,25482,2023-08-25 08:30:00,2023-08-25 08:30:00,27.96350675602756,-93.74125115953495,,2023-08-25,19271,0 days 00:45:00,876,6,False,False,,,,Free
2023-08-25 08:30:00,,,,2329,70,420.5,374.5,4,5.0,25483,2023-08-25 08:30:00,2023-08-25 08:30:00,27.790000000003914,-94.2500010214526,,2023-08-25,19238,0 days 01:45:00,872,6,False,False,,,,Free
2023-08-25 08:30:00,10.012023779004185,52.666668,78.7287989646878,2329,71,428.8675407952416,434.1122960300166,72,5.0,25484,2023-08-25 08:30:00,2023-08-25 08:30:00,27.706324592051484,-93.65387807818728,,2023-08-25,19290,0 days 00:15:00,879,6,False,False,,,,Free
2023-08-25 08:30:00,26.663543231769417,236.16,558.3745341653797,2329,73,441.790539793712,270.9568060868117,510,5.0,25486,2023-08-25 08:30:00,2023-08-25 08:30:00,27.57709460206676,-95.28543293099584,,2023-08-25,19292,0 days 00:15:00,880,3,False,False,,,,Free
2023-08-25 08:30:00,26.52218359315048,393.04654,552.4696632754169,2329,82,477.37920889160887,223.81193664568576,503,5.0,25494,2023-08-25 08:30:00,2023-08-25 08:30:00,27.22120791108773,-95.75688161193494,,2023-08-25,19283,0 days 00:30:00,878,5,False,False,,,,Free
2023-08-25 08:30:00,5.797929166160125,14.400001,26.401931007257907,2329,85,495.4216354327516,337.86115843153243,26,5.0,25497,2023-08-25 08:30:00,2023-08-25 08:30:00,27.04078364567628,-94.6163894266673,,2023-08-25,19308,0 days 00:00:00,882,3,False,False,,,,Free
2023-08-25 08:30:00,10.452422082749589,45.907696,85.80720560220753,2329,86,497.2492164521535,298.41375205912937,78,5.0,25498,2023-08-25 08:30:00,2023-08-25 08:30:00,27.02250783548226,-95.01086347911875,,2023-08-25,19309,0 days 00:00:00,883,5,False,False,,,,Free
2023-08-25 08:45:00,10.92931139053585,53.023254,93.81569082206173,2330,66,403.762221569404,421.6314241226023,90,5.0,25502,2023-08-25 08:45:00,2023-08-25 08:45:00,27.95737778430989,-93.77868679369487,,2023-08-25,19271,0 days 01:00:00,876,6,False,False,,,,Free
2023-08-25 08:45:00,10.878514564005693,55.00236,92.94565159292117,2330,68,429.5926742272361,432.005815592045,86,5.0,25504,2023-08-25 08:45:00,2023-08-25 08:45:00,27.699073257731538,-93.67494288196502,,2023-08-25,19290,0 days 00:30:00,879,6,False,False,,,,Free
2023-08-25 08:45:00,26.612834418676485,202.86613,556.2527167212734,2330,71,443.2348223069337,265.7072525921135,508,5.0,25507,2023-08-25 08:45:00,2023-08-25 08:45:00,27.56265177693454,-95.33792846444273,,2023-08-25,19292,0 days 00:30:00,880,3,False,False,,,,Free
2023-08-25 08:45:00,28.846739824973056,421.30286,653.5568283050561,2330,77,477.4588054701546,220.7920073329632,595,5.0,25511,2023-08-25 08:45:00,2023-08-25 08:45:00,27.22041194530228,-95.78708090419916,,2023-08-25,19283,0 days 00:45:00,878,5,False,False,,,,Free
2023-08-25 08:45:00,12.46891174556039,164.5838,122.10880565362338,2330,80,497.2489820667139,295.7732712529192,115,5.0,25514,2023-08-25 08:45:00,2023-08-25 08:45:00,27.022510179336653,-95.03726828642635,,2023-08-25,19309,0 days 00:15:00,883,5,False,False,,,,Free
2023-08-25 08:45:00,11.535352374830742,29.305264,104.50849956846962,2330,81,495.9867474909633,333.6522303748281,95,5.0,25515,2023-08-25 08:45:00,2023-08-25 08:45:00,27.035132525094163,-94.6584787060316,,2023-08-25,19308,0 days 00:15:00,882,3,False,False,,,,Free
2023-08-25 08:45:00,9.167705167722296,40.16,66.01021652980789,2330,83,498.3079256535572,377.2858362308959,60,5.0,25517,2023-08-25 08:45:00,2023-08-25 08:45:00,27.01192074346822,-94.22214265993966,,2023-08-25,19318,0 days 00:00:00,884,5,False,False,,,,Free
2023-08-25 09:00:00,6.766581542108643,17.745453,35.9607317847869,2331,90,391.6714217842167,370.90442224789376,33,5.0,25520,2023-08-25 09:00:00,2023-08-25 09:00:00,28.07828578216179,-94.28595679794614,,2023-08-25,19321,0 days 00:00:00,885,3,False,False,,,,Free
2023-08-25 09:00:00,10.47559158874706,35.118996,86.18803868289683,2331,91,404.7427852384451,418.82466441278126,80,5.0,25521,2023-08-25 09:00:00,2023-08-25 09:00:00,27.94757214761949,-93.806754389991,,2023-08-25,19271,0 days 01:15:00,876,6,False,False,,,,Free
2023-08-25 09:00:00,12.431792298599714,114.50809,121.38286184605576,2331,95,430.0278572181414,430.0844920017103,114,5.0,25525,2023-08-25 09:00:00,2023-08-25 09:00:00,27.694721427822483,-93.69415611731932,,2023-08-25,19290,0 days 00:45:00,879,6,False,False,,,,Free
2023-08-25 09:00:00,33.82362033011914,242.58191,898.5247881803825,2331,103,477.0008816593465,219.39780887303732,832,5.0,25532,2023-08-25 09:00:00,2023-08-25 09:00:00,27.22499118341036,-95.80102288840004,,2023-08-25,19283,0 days 01:00:00,878,5,False,False,,,,Free
2023-08-25 09:00:00,12.746994011412584,112.137924,127.61609313727826,2331,112,497.3560447507844,294.2726337267049,118,5.0,25540,2023-08-25 09:00:00,2023-08-25 09:00:00,27.02143955249595,-95.05227466125967,,2023-08-25,19309,0 days 00:30:00,883,5,False,False,,,,Free
2023-08-25 09:00:00,7.485844248965188,143.28,44.01203556037934,2331,113,498.00694244486886,372.4039629623048,40,5.0,25541,2023-08-25 09:00:00,2023-08-25 09:00:00,27.014930575555105,-94.27096139123056,,2023-08-25,19318,0 days 00:15:00,884,5,False,False,,,,Free
2023-08-25 09:15:00,9.34913091836488,57.904766,68.64870737808168,2332,59,391.6412241211559,368.8299429996396,63,5.0,25545,2023-08-25 09:15:00,2023-08-25 09:15:00,28.0785877587924,-94.30670158983588,,2023-08-25,19321,0 days 00:15:00,885,3,False,False,,,,Free
2023-08-25 09:15:00,5.274704132794442,14.880002,21.851743298081367,2332,62,420.16497975879474,290.28137652261506,20,5.0,25548,2023-08-25 09:15:00,2023-08-25 09:15:00,27.793350202415965,-95.09218723216004,,2023-08-25,19341,0 days 00:00:00,886,6,False,False,,,,Free
2023-08-25 09:15:00,13.350480129761268,54.450005,139.98569274112822,2332,65,431.5220866981704,427.750568752906,128,5.0,25551,2023-08-25 09:15:00,2023-08-25 09:15:00,27.67977913302219,-93.71749534914044,,2023-08-25,19290,0 days 01:00:00,879,6,False,False,,,,Free
2023-08-25 09:15:00,16.69459167577513,149.69246,218.89784398648453,2332,71,493.9200174920941,323.4948912671663,199,5.0,25556,2023-08-25 09:15:00,2023-08-25 09:15:00,27.055799825082858,-94.7600520942056,,2023-08-25,19308,0 days 00:45:00,882,3,False,False,,,,Free
2023-08-25 09:15:00,10.65208064232195,113.303696,89.1166336136154,2332,73,496.904748900193,293.1947654677878,81,5.0,25558,2023-08-25 09:15:00,2023-08-25 09:15:00,27.02595251100186,-95.06305334354084,,2023-08-25,19309,0 days 00:45:00,883,5,False,False,,,,Free
2023-08-25 09:15:00,8.777767083083468,137.01819,60.51429621665585,2332,74,497.6892714521208,368.57925905268144,55,5.0,25559,2023-08-25 09:15:00,2023-08-25 09:15:00,27.018107285482586,-94.30920842923382,,2023-08-25,19318,0 days 00:30:00,884,5,False,False,,,,Free
2023-08-25 09:30:00,5.397723312435946,29.714283,22.88290296832928,2333,46,391.51560693692176,365.6273602814226,21,5.0,25561,2023-08-25 09:30:00,2023-08-25 09:30:00,28.07984393063474,-94.33872741610288,,2023-08-25,19321,0 days 00:30:00,885,3,False,False,,,,Free
2023-08-25 09:30:00,8.082140727931423,20.629787,51.30299244646444,2333,47,409.99373808846735,414.9354750887854,47,5.0,25562,2023-08-25 09:30:00,2023-08-25 09:30:00,27.89506261911925,-93.84564628211956,,2023-08-25,19271,0 days 01:45:00,876,6,False,False,,,,Free
2023-08-25 09:30:00,7.366264039395422,13.538463,42.61715411091538,2333,48,421.6576576620438,287.493693678626,39,5.0,25563,2023-08-25 09:30:00,2023-08-25 09:30:00,27.778423423383472,-95.12006405980328,,2023-08-25,19341,0 days 00:15:00,886,6,False,False,,,,Free
2023-08-25 09:30:00,8.987511331006985,32.44138,63.440819332846296,2333,51,432.6435026934742,425.604298917783,68,5.0,25566,2023-08-25 09:30:00,2023-08-25 09:30:00,27.668564973069152,-93.73895804687834,,2023-08-25,19290,0 days 01:15:00,879,6,False,False,,,,Free
2023-08-25 09:30:00,9.972843395777089,76.25916,78.11382061447212,2333,57,497.21085503783615,292.20532077272776,71,5.0,25571,2023-08-25 09:30:00,2023-08-25 09:30:00,27.02289144962543,-95.07294779020869,,2023-08-25,19309,0 days 01:00:00,883,5,False,False,,,,Free
2023-08-25 09:30:00,8.200118609120926,22.800001,52.81170026621959,2333,58,497.6470037276453,362.9119850726759,48,5.0,25572,2023-08-25 09:30:00,2023-08-25 09:30:00,27.01852996272734,-94.3658811674144,,2023-08-25,19318,0 days 00:45:00,884,5,False,False,,,,Free
2023-08-25 09:45:00,4.560415996720367,12.160001,16.33423510064552,2334,64,384.0819366904147,317.3426443255894,15,5.0,25574,2023-08-25 09:45:00,2023-08-25 09:45:00,28.154180633099823,-94.82157456186332,,2023-08-25,19351,0 days 00:00:00,887,3,False,False,,,,Free
2023-08-25 09:45:00,4.40965040227588,13.714287,15.272080380079968,2334,65,403.3728278016083,336.3270142244357,15,5.0,25575,2023-08-25 09:45:00,2023-08-25 09:45:00,27.961271721987856,-94.63173086829988,,2023-08-25,19352,0 days 00:00:00,888,4,False,False,,,,Free
2023-08-25 09:45:00,5.405894976101079,11.428573,22.952240694592543,2334,66,423.7155555643466,284.5733333465199,21,5.0,25576,2023-08-25 09:45:00,2023-08-25 09:45:00,27.75784444436044,-95.14926766228984,,2023-08-25,19341,0 days 00:30:00,886,6,False,False,,,,Free
2023-08-25 09:45:00,2.646716277537847,9.6,5.501798214444304,2334,82,498.6,355.8,5,5.0,25590,2023-08-25 09:45:00,2023-08-25 09:45:00,27.00900000000379,-94.4370010161088,,2023-08-25,19318,0 days 01:00:00,884,5,False,False,,,,Free
2023-08-25 10:00:00,6.5559787885871925,45.212906,33.75708683737539,2335,64,384.1801700635518,313.8578533529084,31,5.0,25592,2023-08-25 10:00:00,2023-08-25 10:00:00,28.15319829936845,-94.85642247059434,,2023-08-25,19351,0 days 00:15:00,887,3,False,False,,,,Free
2023-08-25 10:00:00,4.409723360693921,37.02857,15.272585742610152,2335,66,403.4759844203709,334.6875811507793,17,5.0,25593,2023-08-25 10:00:00,2023-08-25 10:00:00,27.96024015580023,-94.64812519856793,,2023-08-25,19352,0 days 00:15:00,888,4,False,False,,,,Free
2023-08-25 10:00:00,3.7306446037444703,9.6,10.930943212530096,2335,68,425.3,282.3,10,5.0,25594,2023-08-25 10:00:00,2023-08-25 10:00:00,27.742000000003905,-95.1720009951054,,2023-08-25,19341,0 days 00:45:00,886,6,False,False,,,,Free
2023-08-25 10:00:00,8.933624602359037,15.6631565,62.68235138147182,2335,79,492.0121750531084,463.1405067368112,57,5.0,25603,2023-08-25 10:00:00,2023-08-25 10:00:00,27.07487824947272,-93.36359597941448,,2023-08-25,19373,0 days 00:00:00,889,3,False,False,,,,Free
2023-08-25 10:00:00,14.349558822588508,39.11837,161.72120890712475,2335,80,497.35379030403607,315.26394702138714,147,5.0,25604,2023-08-25 10:00:00,2023-08-25 10:00:00,27.021462096963432,-94.84236153431137,,2023-08-25,19374,0 days 00:00:00,890,3,False,False,,,,Free
2023-08-25 10:00:00,11.102885769552774,80.07272,96.81923006670269,2335,82,498.2440594879381,185.3320635815517,90,5.0,25606,2023-08-25 10:00:00,2023-08-25 10:00:00,27.01255940512441,-96.14168033158025,,2023-08-25,19376,0 days 00:00:00,891,3,False,False,,,,Free
2023-08-25 10:15:00,7.353543140928433,38.646145,42.47008895466191,2336,58,384.3882030235412,312.06873951980293,39,5.0,25608,2023-08-25 10:15:00,2023-08-25 10:15:00,28.15111796976856,-94.87431360841413,,2023-08-25,19351,0 days 00:30:00,887,3,False,False,,,,Free
2023-08-25 10:15:00,5.652067098411494,24.626087,25.090221723823817,2336,59,403.39034116491047,333.77226403525015,23,5.0,25609,2023-08-25 10:15:00,2023-08-25 10:15:00,27.961096588354835,-94.65727836946166,,2023-08-25,19352,0 days 00:30:00,888,4,False,False,,,,Free
2023-08-25 10:15:00,5.533640997694195,22.69091,24.04982064685345,2336,60,425.949640288616,281.91058586146903,22,5.0,25610,2023-08-25 10:15:00,2023-08-25 10:15:00,27.735503597117745,-95.17589513637944,,2023-08-25,19341,0 days 01:00:00,886,6,False,False,,,,Free
2023-08-25 10:15:00,7.849232507066064,18.545456,48.38873502220491,2336,70,491.7214765188195,462.15838926208863,44,5.0,25619,2023-08-25 10:15:00,2023-08-25 10:15:00,27.077785234815607,-93.373417153881,,2023-08-25,19373,0 days 00:15:00,889,3,False,False,,,,Free
2023-08-25 10:15:00,12.46948208767204,36.497303,122.11997669858408,2336,71,498.04216002102544,314.69372454419323,111,5.0,25620,2023-08-25 10:15:00,2023-08-25 10:15:00,27.01457839979353,-94.84806375892032,,2023-08-25,19374,0 days 00:15:00,890,3,False,False,,,,Free
2023-08-25 10:15:00,8.285333892700567,22.922447,53.91503743139824,2336,74,498.4857663254216,179.85060344082817,49,5.0,25623,2023-08-25 10:15:00,2023-08-25 10:15:00,27.01014233674957,-96.19649493142106,,2023-08-25,19376,0 days 00:15:00,891,3,False,False,,,,Free
2023-08-25 10:30:00,2.038277188442164,9.6,3.2629947083428474,2337,56,371.25,486.0,4,5.0,25626,2023-08-25 10:30:00,2023-08-25 10:30:00,28.28250000000399,-93.13500105331492,,2023-08-25,19386,0 days 00:00:00,892,5,False,False,,,,Free
2023-08-25 10:30:00,3.333360326075665,12.0,8.726787594212245,2337,58,403.1714285665629,333.7392857252335,8,5.0,25628,2023-08-25 10:30:00,2023-08-25 10:30:00,27.963285714338312,-94.65760815255244,,2023-08-25,19352,0 days 00:45:00,888,4,False,False,,,,Free
2023-08-25 10:30:00,3.121361022660027,17.828571,7.652051551546648,2337,60,426.1275415925814,282.2439926233913,11,5.0,25630,2023-08-25 10:30:00,2023-08-25 10:30:00,27.73372458407809,-95.17256106885549,,2023-08-25,19341,0 days 01:15:00,886,6,False,False,,,,Free
2023-08-25 10:30:00,3.741754813661922,9.6,10.99614691002576,2337,67,491.0,461.8,10,5.0,25635,2023-08-25 10:30:00,2023-08-25 10:30:00,27.0850000000038,-93.37700104639949,,2023-08-25,19373,0 days 00:30:00,889,3,False,False,,,,Free
2023-08-25 10:30:00,8.616817650293754,30.611324,58.31545739011593,2337,69,498.1881538091085,314.0657137743767,53,5.0,25637,2023-08-25 10:30:00,2023-08-25 10:30:00,27.013118461912708,-94.85434386643902,,2023-08-25,19374,0 days 00:30:00,890,3,False,False,,,,Free
2023-08-25 10:30:00,2.6467162775365,11.5199995,5.501798214438704,2337,70,498.7177914074536,175.15337422236055,5,5.0,25638,2023-08-25 10:30:00,2023-08-25 10:30:00,27.007822085929256,-96.24346722226346,,2023-08-25,19376,0 days 00:30:00,891,3,False,False,,,,Free
2023-08-25 10:45:00,4.706803470536779,12.0,17.39971005602497,2338,64,369.9178571416407,483.0892857082036,16,5.0,25640,2023-08-25 10:45:00,2023-08-25 10:45:00,28.295821428587583,-93.16410819540113,,2023-08-25,19386,0 days 00:15:00,892,5,False,False,,,,Free
2023-08-25 10:45:00,5.519531493405801,34.909092,23.92733404540567,2338,65,371.2036474111006,333.56686928322443,22,5.0,25641,2023-08-25 10:45:00,2023-08-25 10:45:00,28.282963525892985,-94.6593323169232,,2023-08-25,19394,0 days 00:00:00,893,3,False,False,,,,Free
2023-08-25 11:00:00,5.883306612443306,13.056,27.1852196541844,2339,43,369.55009275764905,479.4925788572718,26,5.0,25659,2023-08-25 11:00:00,2023-08-25 11:00:00,28.2994990724275,-93.20007526288263,,2023-08-25,19386,0 days 00:30:00,892,5,False,False,,,,Free
2023-08-25 11:00:00,6.962169563366713,16.457144,38.06966664639064,2339,44,372.310224434514,331.39750622504334,35,5.0,25660,2023-08-25 11:00:00,2023-08-25 11:00:00,28.27189775565885,-94.68102594688514,,2023-08-25,19394,0 days 00:15:00,893,3,False,False,,,,Free
2023-08-25 11:00:00,12.407724154946363,95.82701,120.9133185831593,2339,47,388.95405580778106,294.7906326399825,111,5.0,25663,2023-08-25 11:00:00,2023-08-25 11:00:00,28.10545944192615,-95.04709467227492,,2023-08-25,19410,0 days 00:00:00,894,7,False,False,,,,Free
2023-08-25 11:00:00,12.910367423440364,40.416805,130.90827071578238,2339,54,495.9911927764989,315.7275438696083,121,5.0,25670,2023-08-25 11:00:00,2023-08-25 11:00:00,27.035088072238807,-94.8377255659616,,2023-08-25,19416,0 days 00:00:00,895,3,False,False,,,,Free
2023-08-25 11:15:00,7.626142551373662,18.285715,45.67722582475163,2340,63,370.40430107776814,474.0032258117443,42,5.0,25674,2023-08-25 11:15:00,2023-08-25 11:15:00,28.29095698922631,-93.25496879176929,,2023-08-25,19386,0 days 00:45:00,892,5,False,False,,,,Free
2023-08-25 11:15:00,6.962328253088143,21.942856,38.07140212082568,2340,65,372.0988195757341,329.1396289647988,35,5.0,25676,2023-08-25 11:15:00,2023-08-25 11:15:00,28.274011804246648,-94.70360471884236,,2023-08-25,19394,0 days 00:30:00,893,3,False,False,,,,Free
2023-08-25 11:15:00,13.167246854804782,77.2608,136.16949807463698,2340,66,389.5382060342855,291.0202820830238,125,5.0,25677,2023-08-25 11:15:00,2023-08-25 11:15:00,28.099617939661105,-95.0847981767671,,2023-08-25,19410,0 days 00:15:00,894,7,False,False,,,,Free
2023-08-25 11:15:00,6.66569680913727,11.400001,34.89642945435272,2340,68,399.6347656266371,279.3144531288199,32,5.0,25679,2023-08-25 11:15:00,2023-08-25 11:15:00,27.99865234373757,-95.20185646296405,,2023-08-25,19422,0 days 00:00:00,896,5,False,False,,,,Free
2023-08-25 11:15:00,4.85842383189599,24.84706,18.538759833480245,2340,69,399.9047893818909,332.8730525000161,19,5.0,25680,2023-08-25 11:15:00,2023-08-25 11:15:00,27.99595210618504,-94.66627048455706,,2023-08-25,19423,0 days 00:00:00,897,4,False,False,,,,Free
2023-08-25 11:15:00,12.580899159562025,33.2177,124.31205448931522,2340,79,495.99987452749485,312.6202721896892,113,5.0,25689,2023-08-25 11:15:00,2023-08-25 11:15:00,27.035001254728847,-94.86879828187284,,2023-08-25,19416,0 days 00:15:00,895,3,False,False,,,,Free
2023-08-25 11:30:00,5.1291249104531405,9.600001,20.66219389416079,2341,57,369.89473684210526,470.05263157894734,19,5.0,25692,2023-08-25 11:30:00,2023-08-25 11:30:00,28.29605263158294,-93.2944747329683,,2023-08-25,19386,0 days 01:00:00,892,5,False,False,,,,Free
2023-08-25 11:30:00,12.182955385530583,53.472904,116.57225267591052,2341,59,389.7187753326052,286.9537654933844,107,5.0,25694,2023-08-25 11:30:00,2023-08-25 11:30:00,28.097812246677908,-95.12546334150142,,2023-08-25,19410,0 days 00:30:00,894,7,False,False,,,,Free
2023-08-25 11:30:00,8.579175885882492,36.588684,57.80707894696838,2341,60,401.4381794376635,446.17572572082815,53,5.0,25695,2023-08-25 11:30:00,2023-08-25 11:30:00,27.98061820562731,-93.53324378472638,,2023-08-25,19432,0 days 00:00:00,898,3,False,False,,,,Free
2023-08-25 11:30:00,6.454276438819723,25.28,32.71786877886228,2341,61,400.6814595553095,276.3747534624976,30,5.0,25696,2023-08-25 11:30:00,2023-08-25 11:30:00,27.98818540445085,-95.2312534587872,,2023-08-25,19422,0 days 00:15:00,896,5,False,False,,,,Free
2023-08-25 11:30:00,7.0703693513316495,51.733326,39.26215060705486,2341,62,400.7987398987373,329.7539229648843,36,5.0,25697,2023-08-25 11:30:00,2023-08-25 11:30:00,27.98701260101657,-94.69746177901705,,2023-08-25,19423,0 days 00:15:00,897,4,False,False,,,,Free
2023-08-25 11:30:00,7.756527529595587,15.851162,47.252474655025296,2341,68,483.4354770913833,261.4775115571871,45,5.0,25702,2023-08-25 11:30:00,2023-08-25 11:30:00,27.16064522908998,-95.3802258735833,,2023-08-25,19437,0 days 00:00:00,899,6,False,False,,,,Free
2023-08-25 11:30:00,9.013423608769,25.986206,63.80716455677856,2341,70,496.1993098833103,311.8654288422732,58,5.0,25704,2023-08-25 11:30:00,2023-08-25 11:30:00,27.03300690117069,-94.87634671513132,,2023-08-25,19416,0 days 00:30:00,895,3,False,False,,,,Free
2023-08-25 11:45:00,12.685067429031118,59.25517,126.37915335290346,2342,57,390.6213296055009,281.5377526350221,116,5.0,25710,2023-08-25 11:45:00,2023-08-25 11:45:00,28.08878670394895,-95.1796234685374,,2023-08-25,19410,0 days 00:45:00,894,7,False,False,,,,Free
2023-08-25 11:45:00,6.235423437336916,18.514286,30.53667756681071,2342,59,400.2716701936317,272.4270613087042,28,5.0,25712,2023-08-25 11:45:00,2023-08-25 11:45:00,27.992283298067623,-95.27073037919706,,2023-08-25,19422,0 days 00:30:00,896,5,False,False,,,,Free
2023-08-25 11:45:00,7.264119373090166,37.894733,41.44344281851506,2342,60,400.6099066369291,326.9400221844659,41,5.0,25713,2023-08-25 11:45:00,2023-08-25 11:45:00,27.988900933634653,-94.72560078601714,,2023-08-25,19423,0 days 00:30:00,897,4,False,False,,,,Free
2023-08-25 11:45:00,10.13817807694274,31.394594,80.72530824604688,2342,61,402.8721073266328,442.78732334405777,74,5.0,25714,2023-08-25 11:45:00,2023-08-25 11:45:00,27.96627892673761,-93.56712780752582,,2023-08-25,19432,0 days 00:15:00,898,3,False,False,,,,Free
2023-08-25 11:45:00,36.06112345645585,180.2701,1021.3354041027984,2342,62,436.9150964703894,252.6219014463174,935,5.0,25715,2023-08-25 11:45:00,2023-08-25 11:45:00,27.6258490353,-95.46878197216137,,2023-08-25,19443,0 days 00:00:00,900,6,False,False,,,,Free
2023-08-25 11:45:00,11.2221820330589,55.893337,98.91097877368028,2342,66,484.2764387779821,259.32123829411955,90,5.0,25716,2023-08-25 11:45:00,2023-08-25 11:45:00,27.152235612224,-95.40178860559774,,2023-08-25,19437,0 days 00:15:00,899,6,False,False,,,,Free
2023-08-25 12:00:00,13.67207450337978,100.55112,146.8110396028019,2343,49,370.98954987415,321.8378064546389,135,5.0,25718,2023-08-25 12:00:00,2023-08-25 12:00:00,28.28510450126249,-94.7766229418574,,2023-08-25,19445,0 days 00:00:00,901,3,False,False,,,,Free
2023-08-25 12:00:00,13.167772298785914,47.616,136.18036608244,2343,52,389.471559969238,276.6829359879161,125,5.0,25721,2023-08-25 12:00:00,2023-08-25 12:00:00,28.10028440031158,-95.22817163362112,,2023-08-25,19410,0 days 01:00:00,894,7,False,False,,,,Free
2023-08-25 12:00:00,6.123195748476486,35.2,29.447346596479825,2343,54,401.076772153073,266.8027962404582,27,5.0,25723,2023-08-25 12:00:00,2023-08-25 12:00:00,27.98423227847321,-95.32697302827232,,2023-08-25,19422,0 days 00:45:00,896,5,False,False,,,,Free
2023-08-25 12:00:00,2.040974099216109,9.6,3.2716351694350325,2343,55,400.0,323.0,3,5.0,25724,2023-08-25 12:00:00,2023-08-25 12:00:00,27.995000000003945,-94.76500100673589,,2023-08-25,19423,0 days 00:45:00,897,4,False,False,,,,Free
2023-08-25 12:00:00,2.357314579114962,9.6,4.364404206487166,2343,56,405.5,439.0,4,5.0,25725,2023-08-25 12:00:00,2023-08-25 12:00:00,27.94000000000393,-93.60500103988414,,2023-08-25,19432,0 days 00:30:00,898,3,False,False,,,,Free
2023-08-25 12:00:00,29.22661206856784,326.60358,670.8830687349019,2343,57,434.8122712589108,249.21311970303947,616,5.0,25726,2023-08-25 12:00:00,2023-08-25 12:00:00,27.64687728741478,-95.50286978862005,,2023-08-25,19443,0 days 00:15:00,900,6,False,False,,,,Free
2023-08-25 12:00:00,14.34303014225466,101.4204,161.5740843993473,2343,62,485.9745163876676,256.4734510143264,147,5.0,25729,2023-08-25 12:00:00,2023-08-25 12:00:00,27.13525483612713,-95.43026647758194,,2023-08-25,19437,0 days 00:30:00,899,6,False,False,,,,Free
2023-08-25 12:15:00,13.923740484013562,113.9657,152.26557317341553,2344,37,370.28548953245786,317.0817163915377,140,5.0,25731,2023-08-25 12:15:00,2023-08-25 12:15:00,28.292145104679413,-94.8241838411293,,2023-08-25,19445,0 days 00:15:00,901,3,False,False,,,,Free
2023-08-25 12:15:00,10.401483339096464,76.06154,84.97289932665836,2344,39,389.2641985866695,271.8036732860582,78,5.0,25733,2023-08-25 12:15:00,2023-08-25 12:15:00,28.102358014137263,-95.2769642592454,,2023-08-25,19410,0 days 01:15:00,894,7,False,False,,,,Free
2023-08-25 12:15:00,2.8865071271623903,14.399999,6.543877332126327,2344,40,401.0,261.7340425693811,6,5.0,25734,2023-08-25 12:15:00,2023-08-25 12:15:00,27.985000000003943,-95.37766056353462,,2023-08-25,19422,0 days 01:00:00,896,5,False,False,,,,Free
2023-08-25 12:15:00,29.29703098077068,351.5065,674.1198290905812,2344,41,433.9762755866688,245.74478555870235,624,5.0,25735,2023-08-25 12:15:00,2023-08-25 12:15:00,27.655237244137204,-95.53755312907232,,2023-08-25,19443,0 days 00:30:00,900,6,False,False,,,,Free
2023-08-25 12:15:00,16.646191609044344,226.90909,217.63045000511275,2344,44,485.801315474171,254.6021530554966,198,5.0,25738,2023-08-25 12:15:00,2023-08-25 12:15:00,27.1369868452621,-95.44897945663548,,2023-08-25,19437,0 days 00:45:00,899,6,False,False,,,,Free
2023-08-25 12:30:00,13.468494167280486,61.26412,142.47149005397898,2345,35,369.7284617330128,312.06951939257885,131,5.0,25743,2023-08-25 12:30:00,2023-08-25 12:30:00,28.297715382673864,-94.87430580968658,,2023-08-25,19445,0 days 00:30:00,901,3,False,False,,,,Free
2023-08-25 12:30:00,8.734667388832005,17.454546,59.92149294215864,2345,38,389.3114849296661,268.1421113451605,56,5.0,25746,2023-08-25 12:30:00,2023-08-25 12:30:00,28.1018851507073,-95.31357987760803,,2023-08-25,19410,0 days 01:30:00,894,7,False,False,,,,Free
2023-08-25 12:30:00,31.56113749582407,235.63637,782.3393517340877,2345,40,432.8725666419714,240.88497740115685,715,5.0,25748,2023-08-25 12:30:00,2023-08-25 12:30:00,27.66627433358418,-95.586151209259,,2023-08-25,19443,0 days 00:45:00,900,6,False,False,,,,Free
2023-08-25 12:30:00,17.745818339693734,174.89066,247.3329310635836,2345,42,486.8305524516403,251.36723746611145,225,5.0,25750,2023-08-25 12:30:00,2023-08-25 12:30:00,27.126694475487405,-95.48132861160492,,2023-08-25,19437,0 days 01:00:00,899,6,False,False,,,,Free
2023-08-25 12:45:00,32.01901287185794,111.49565,805.2036944088571,2346,50,430.534854215664,236.1094665498165,741,5.0,25756,2023-08-25 12:45:00,2023-08-25 12:45:00,27.68965145784725,-95.63390631640776,,2023-08-25,19443,0 days 01:00:00,900,6,False,False,,,,Free
2023-08-25 12:45:00,20.627901299557728,142.67368,334.1950175705568,2346,55,487.6104346644654,247.1177794247701,304,5.0,25760,2023-08-25 12:45:00,2023-08-25 12:45:00,27.11889565335916,-95.52382319080397,,2023-08-25,19437,0 days 01:15:00,899,6,False,False,,,,Free
2023-08-25 13:00:00,32.70324637168076,29.612503,839.9851604273805,2347,51,429.8079715617143,230.5702343839153,768,5.0,25766,2023-08-25 13:00:00,2023-08-25 13:00:00,27.69692028438676,-95.6892986364839,,2023-08-25,19443,0 days 01:15:00,900,6,False,False,,,,Free
2023-08-25 13:15:00,5.540952144575792,9.600002,24.1134127473752,2348,94,455.04545454545456,450.5,22,5.0,25787,2023-08-25 13:15:00,2023-08-25 13:15:00,27.44454545454932,-93.49000104317042,,2023-08-25,19486,0 days 00:00:00,903,4,False,False,,,,Free
2023-08-25 13:15:00,15.415527335234689,76.63059,186.6408281191088,2348,100,472.5782577334307,285.1796877495293,174,5.0,25793,2023-08-25 13:15:00,2023-08-25 13:15:00,27.269217422669524,-95.143204118433,,2023-08-25,19491,0 days 00:00:00,904,3,False,False,,,,Free
2023-08-25 13:30:00,2.0461280093780463,9.6,3.288179233886582,2349,79,455.0,443.0,3,5.0,25809,2023-08-25 13:30:00,2023-08-25 13:30:00,27.44500000000386,-93.5650010410272,,2023-08-25,19486,0 days 00:15:00,903,4,False,False,,,,Free
2023-08-25 13:30:00,21.73560877272781,102.10651,371.0509076431099,2349,82,472.31987692224334,276.5119675935965,338,5.0,25812,2023-08-25 13:30:00,2023-08-25 13:30:00,27.2718012307814,-95.22988131751544,,2023-08-25,19491,0 days 00:15:00,904,3,False,False,,,,Free
2023-08-25 13:30:00,17.14978291673226,395.06287,230.99742331064525,2349,85,496.73795920636087,219.45887598017072,210,5.0,25815,2023-08-25 13:30:00,2023-08-25 13:30:00,27.027620407940184,-95.80041221734616,,2023-08-25,19508,0 days 00:00:00,906,5,False,False,,,,Free
2023-08-25 13:45:00,3.105895387562533,9.599999,7.576411051927181,2350,92,320.0,304.0,7,5.0,25818,2023-08-25 13:45:00,2023-08-25 13:45:00,28.79500000000407,-94.9550010013064,,2023-08-25,19511,0 days 00:00:00,907,5,False,False,,,,Free
2023-08-25 13:45:00,10.19663783649692,44.416,81.6589648025006,2350,97,382.5064610033704,248.33373925215403,75,5.0,25823,2023-08-25 13:45:00,2023-08-25 13:45:00,28.169935389970263,-95.51166359287764,,2023-08-25,19516,0 days 00:00:00,908,4,False,False,,,,Free
2023-08-25 13:45:00,6.460320347705196,13.440001,32.77917275468768,2350,102,420.68325434635534,238.81674565364463,30,5.0,25826,2023-08-25 13:45:00,2023-08-25 13:45:00,27.78816745654036,-95.60683352614312,,2023-08-25,19518,0 days 00:00:00,909,3,False,False,,,,Free
2023-08-25 13:45:00,14.97934496477026,49.490685,176.2282490371912,2350,104,440.48426634074576,430.1135278260458,161,5.0,25828,2023-08-25 13:45:00,2023-08-25 13:45:00,27.590157336596423,-93.6938657590843,,2023-08-25,19520,0 days 00:00:00,911,5,False,False,,,,Free
2023-08-25 13:45:00,1.6723153095932808,9.6,2.19647473742404,2350,114,477.3333333333333,470.0,3,5.0,25837,2023-08-25 13:45:00,2023-08-25 13:45:00,27.22166666667049,-93.29500104874272,,2023-08-25,19527,0 days 00:00:00,912,5,False,False,,,,Free
2023-08-25 13:45:00,16.483689455696613,281.81442,213.4021199666404,2350,117,495.837659712829,212.86210572256684,194,5.0,25840,2023-08-25 13:45:00,2023-08-25 13:45:00,27.036623402875502,-95.86637991803708,,2023-08-25,19508,0 days 00:15:00,906,5,False,False,,,,Free
2023-08-25 14:00:00,8.047993469087121,39.829784,50.87039524203698,2351,92,320.02321319665805,296.5954795283845,47,5.0,25846,2023-08-25 14:00:00,2023-08-25 14:00:00,28.79476786803749,-95.02904620390666,,2023-08-25,19511,0 days 00:15:00,907,5,False,False,,,,Free
2023-08-25 14:00:00,7.24776713275003,18.694735,41.25706637669505,2351,93,352.62759415895107,276.52843964067256,38,5.0,25847,2023-08-25 14:00:00,2023-08-25 14:00:00,28.46872405841451,-95.2297165970494,,2023-08-25,19535,0 days 00:00:00,913,4,False,False,,,,Free
2023-08-25 14:00:00,9.49229849788397,66.90461,70.76730466431758,2351,95,381.37395393089486,243.0562674806676,96,5.0,25849,2023-08-25 14:00:00,2023-08-25 14:00:00,28.181260460695025,-95.56443830908438,,2023-08-25,19516,0 days 00:15:00,908,4,False,False,,,,Free
2023-08-25 14:00:00,10.614532623581828,17.066668,88.48947810564447,2351,101,418.9064866000588,229.2651933834809,81,5.0,25853,2023-08-25 14:00:00,2023-08-25 14:00:00,27.805935134003327,-95.70234904611532,,2023-08-25,19518,0 days 00:15:00,909,3,False,False,,,,Free
2023-08-25 14:00:00,9.295500452260264,63.019356,67.86337183388656,2351,103,439.8664008897626,426.2689220221334,85,5.0,25855,2023-08-25 14:00:00,2023-08-25 14:00:00,27.59633599110625,-93.73231181602478,,2023-08-25,19520,0 days 00:15:00,911,5,False,False,,,,Free
2023-08-25 14:00:00,3.340858473731449,9.6,8.766092278279666,2351,105,452.0,434.5,8,5.0,25857,2023-08-25 14:00:00,2023-08-25 14:00:00,27.475000000003863,-93.65000103859823,,2023-08-25,19486,0 days 00:45:00,903,4,False,False,,,,Free
2023-08-25 14:00:00,20.57890469088177,65.58416,332.6093035890456,2351,109,471.17561522601255,260.99253352919766,307,5.0,25861,2023-08-25 14:00:00,2023-08-25 14:00:00,27.28324384774371,-95.38507565372458,,2023-08-25,19491,0 days 00:45:00,904,3,False,False,,,,Free
2023-08-25 14:00:00,7.663486778095325,19.428572,46.125671984416456,2351,110,476.78054372990096,467.6973468644499,43,5.0,25862,2023-08-25 14:00:00,2023-08-25 14:00:00,27.227194562704813,-93.31802757944024,,2023-08-25,19527,0 days 00:15:00,912,5,False,False,,,,Free
2023-08-25 14:00:00,15.385174001205074,78.61775,185.90655625339656,2351,114,495.2595367100487,204.9979102068648,169,5.0,25866,2023-08-25 14:00:00,2023-08-25 14:00:00,27.04240463290331,-95.94502187094685,,2023-08-25,19508,0 days 00:30:00,906,5,False,False,,,,Free
2023-08-25 14:00:00,2.899341015154792,9.599999,6.602197015414976,2351,115,497.8,432.9,10,5.0,25867,2023-08-25 14:00:00,2023-08-25 14:00:00,27.01700000000379,-93.66600103814102,,2023-08-25,19544,0 days 00:00:00,914,5,False,False,,,,Free
2023-08-25 14:15:00,8.546848152573439,58.867924,57.37224675843877,2352,130,321.6977232877154,290.7653940560615,53,5.0,25876,2023-08-25 14:15:00,2023-08-25 14:15:00,28.77802276712692,-95.08734705696388,,2023-08-25,19511,0 days 00:30:00,907,5,False,False,,,,Free
2023-08-25 14:15:00,6.75390729756961,36.654545,35.82614439897257,2352,131,351.6651349850461,270.0289105896443,33,5.0,25877,2023-08-25 14:15:00,2023-08-25 14:15:00,28.47834865015356,-95.29471188570238,,2023-08-25,19535,0 days 00:15:00,913,4,False,False,,,,Free
2023-08-25 14:15:00,4.559094091792844,9.6,16.324767027357627,2352,138,378.06666666666666,239.0,15,5.0,25883,2023-08-25 14:15:00,2023-08-25 14:15:00,28.21433333333731,-95.60500098273197,,2023-08-25,19516,0 days 00:30:00,908,4,False,False,,,,Free
2023-08-25 14:15:00,2.6369818735494284,17.279999,5.461402318347437,2352,141,417.3876221468016,217.5374592843995,5,5.0,25886,2023-08-25 14:15:00,2023-08-25 14:15:00,27.821123778535902,-95.81962638375478,,2023-08-25,19518,0 days 00:30:00,909,3,False,False,,,,Free
2023-08-25 14:15:00,4.570449269972024,18.560001,16.40618736337849,2352,143,431.68269230681057,408.86730768860446,16,5.0,25888,2023-08-25 14:15:00,2023-08-25 14:15:00,27.67817307693579,-93.90632795438734,,2023-08-25,19558,0 days 00:00:00,915,3,False,False,,,,Free
2023-08-25 14:15:00,13.355830109785323,282.75,140.09790903765204,2352,145,439.2887094899157,423.44345745917167,128,5.0,25890,2023-08-25 14:15:00,2023-08-25 14:15:00,27.602112905104725,-93.76056646084696,,2023-08-25,19520,0 days 00:30:00,911,5,False,False,,,,Free
2023-08-25 14:15:00,9.812079001245952,54.539127,75.61569598179389,2352,147,453.6409806442276,429.2603709105841,69,5.0,25892,2023-08-25 14:15:00,2023-08-25 14:15:00,27.458590193561584,-93.70239732799509,,2023-08-25,19486,0 days 01:00:00,903,4,False,False,,,,Free
2023-08-25 14:15:00,18.00836150002075,213.14484,254.70547569498007,2352,150,469.9742792531741,249.676705998134,235,5.0,25895,2023-08-25 14:15:00,2023-08-25 14:15:00,27.29525720747209,-95.49823392580156,,2023-08-25,19559,0 days 00:00:00,916,3,False,False,,,,Free
2023-08-25 14:15:00,6.257471605382753,11.657144,30.753011916792094,2352,153,477.5922746860166,463.1223175737299,28,5.0,25897,2023-08-25 14:15:00,2023-08-25 14:15:00,27.219077253143656,-93.36377787104004,,2023-08-25,19527,0 days 00:30:00,912,5,False,False,,,,Free
2023-08-25 14:15:00,12.355510306420111,44.91743,119.8978115023965,2352,156,493.454700092492,198.3750402109833,109,5.0,25900,2023-08-25 14:15:00,2023-08-25 14:15:00,27.06045299907888,-96.0112505690131,,2023-08-25,19508,0 days 00:45:00,906,5,False,False,,,,Free
2023-08-25 14:15:00,3.9244014766090656,10.472727,12.09585974084307,2352,157,492.335042719716,458.8871795206197,15,5.0,25901,2023-08-25 14:15:00,2023-08-25 14:15:00,27.07164957280664,-93.40612925036096,,2023-08-25,19562,0 days 00:00:00,917,3,False,False,,,,Free
2023-08-25 14:15:00,8.369279306889949,99.264015,55.013085641559925,2352,159,497.6973606201304,430.7090723714631,50,5.0,25903,2023-08-25 14:15:00,2023-08-25 14:15:00,27.018026393802486,-93.68791031380027,,2023-08-25,19544,0 days 00:15:00,914,5,False,False,,,,Free
2023-08-25 14:30:00,11.736076384404804,164.03883,108.17720001716842,2353,136,24.304401442689183,396.9194798826804,103,5.0,25912,2023-08-25 14:30:00,2023-08-25 14:30:00,31.75195598557764,-94.02580622903236,,2023-08-25,19571,0 days 00:00:00,918,4,False,False,,,,Free
2023-08-25 14:30:00,6.845745348333247,11.294119,36.807079679554064,2353,141,322.01962617039004,285.4766355156846,34,5.0,25916,2023-08-25 14:30:00,2023-08-25 14:30:00,28.774803738300164,-95.1402346408563,,2023-08-25,19511,0 days 00:45:00,907,5,False,False,,,,Free
2023-08-25 14:30:00,4.39901257372101,15.085716,15.1984846086293,2353,142,351.32861190280033,263.75212466062504,14,5.0,25917,2023-08-25 14:30:00,2023-08-25 14:30:00,28.481713880976017,-95.3574797431989,,2023-08-25,19535,0 days 00:30:00,913,4,False,False,,,,Free
2023-08-25 14:30:00,4.404224368582907,9.599999,15.234519198705978,2353,145,376.625,233.5,16,5.0,25920,2023-08-25 14:30:00,2023-08-25 14:30:00,28.22875000000398,-95.66000098116024,,2023-08-25,19516,0 days 00:45:00,908,4,False,False,,,,Free
2023-08-25 14:30:00,7.274283095160443,22.98947,41.55949661423962,2353,150,431.6173200736597,404.8522527657258,38,5.0,25925,2023-08-25 14:30:00,2023-08-25 14:30:00,27.6788267992673,-93.94647850246878,,2023-08-25,19558,0 days 00:15:00,915,3,False,False,,,,Free
2023-08-25 14:30:00,15.163432101485409,253.73091,180.5863429604554,2353,152,437.7688143007932,419.1423858109992,165,5.0,25927,2023-08-25 14:30:00,2023-08-25 14:30:00,27.61731185699596,-93.80357717609962,,2023-08-25,19520,0 days 00:45:00,911,5,False,False,,,,Free
2023-08-25 14:30:00,19.063222396751826,196.91077,285.4187569422451,2353,158,470.3084126062674,244.63111058997697,260,5.0,25932,2023-08-25 14:30:00,2023-08-25 14:30:00,27.29191587394116,-95.54868987844134,,2023-08-25,19559,0 days 00:15:00,916,3,False,False,,,,Free
2023-08-25 14:30:00,7.385712812450704,16.492304,42.84249100929768,2353,160,479.9263721624887,460.3632306928589,39,5.0,25934,2023-08-25 14:30:00,2023-08-25 14:30:00,27.19573627837893,-93.39136873906034,,2023-08-25,19527,0 days 00:45:00,912,5,False,False,,,,Free
2023-08-25 14:30:00,10.179403485333818,30.356756,81.3831582169242,2353,163,493.1028565210303,455.72244723663306,74,5.0,25937,2023-08-25 14:30:00,2023-08-25 14:30:00,27.063971434793498,-93.43777657229646,,2023-08-25,19562,0 days 00:15:00,917,3,False,False,,,,Free
2023-08-25 14:30:00,7.485594365600187,139.68001,44.00909729673887,2353,166,497.03723173121807,426.2416044951615,60,5.0,25940,2023-08-25 14:30:00,2023-08-25 14:30:00,27.02462768269161,-93.73258499128669,,2023-08-25,19544,0 days 00:30:00,914,5,False,False,,,,Free
2023-08-25 14:45:00,16.64122789041875,124.24348,217.5006791502484,2354,134,26.61053177018776,393.8840516527784,207,5.0,25947,2023-08-25 14:45:00,2023-08-25 14:45:00,31.72889468230265,-94.056160510464,,2023-08-25,19571,0 days 00:15:00,918,4,False,False,,,,Free
2023-08-25 14:45:00,,,,2354,144,322.6,279.2,5,5.0,25955,2023-08-25 14:45:00,2023-08-25 14:45:00,28.769000000004063,-95.20300099421956,,2023-08-25,19511,0 days 01:00:00,907,5,False,False,,,,Free
2023-08-25 14:45:00,1.662704207144987,9.6,2.1713002018270493,2354,146,352.0,256.5,2,5.0,25956,2023-08-25 14:45:00,2023-08-25 14:45:00,28.47500000000402,-95.4300009877328,,2023-08-25,19535,0 days 00:45:00,913,4,False,False,,,,Free
2023-08-25 14:45:00,6.981293856494183,21.12,38.27910004229499,2354,155,431.2183622830042,401.045373985933,35,5.0,25965,2023-08-25 14:45:00,2023-08-25 14:45:00,27.68281637717385,-93.98454728917886,,2023-08-25,19558,0 days 00:30:00,915,3,False,False,,,,Free
2023-08-25 14:45:00,12.822561987397863,88.677956,129.13367056539232,2354,156,437.6527243352527,415.1189386394307,118,5.0,25966,2023-08-25 14:45:00,2023-08-25 14:45:00,27.61847275665136,-93.8438116466656,,2023-08-25,19520,0 days 01:00:00,911,5,False,False,,,,Free
2023-08-25 14:45:00,18.730199186226432,89.077286,275.5336676482892,2354,160,471.9028687000772,240.08348419477176,251,5.0,25969,2023-08-25 14:45:00,2023-08-25 14:45:00,27.275971313003065,-95.59416614109388,,2023-08-25,19559,0 days 00:30:00,916,3,False,False,,,,Free
2023-08-25 14:45:00,6.2579127635162,14.742857,30.757348307089103,2354,161,479.8005865026776,456.7338709753539,28,5.0,25970,2023-08-25 14:45:00,2023-08-25 14:45:00,27.196994134977043,-93.42766233519824,,2023-08-25,19527,0 days 01:00:00,912,5,False,False,,,,Free
2023-08-25 14:45:00,8.367183790930051,94.464005,54.9855405298182,2354,163,491.9117503547597,454.33679585876655,57,5.0,25972,2023-08-25 14:45:00,2023-08-25 14:45:00,27.0758824964562,-93.45163308567912,,2023-08-25,19562,0 days 00:30:00,917,3,False,False,,,,Free
2023-08-25 14:45:00,6.26177174160639,11.657144,30.79529339637033,2354,165,493.09656652711845,188.60729612987325,28,5.0,25974,2023-08-25 14:45:00,2023-08-25 14:45:00,27.06403433473261,-96.10892800703294,,2023-08-25,19508,0 days 01:15:00,906,5,False,False,,,,Free
2023-08-25 14:45:00,9.68770221671988,26.220894,73.71085403992906,2354,167,497.0782107113967,423.91672529022384,67,5.0,25976,2023-08-25 14:45:00,2023-08-25 14:45:00,27.024217892889823,-93.75583378267169,,2023-08-25,19544,0 days 00:45:00,914,5,False,False,,,,Free
2023-08-25 15:00:00,18.069540728636348,157.33769,256.4390208377972,2355,119,30.35670856709337,392.5790413558421,244,5.0,25983,2023-08-25 15:00:00,2023-08-25 15:00:00,31.69143291433359,-94.06921061306042,,2023-08-25,19571,0 days 00:30:00,918,4,False,False,,,,Free
2023-08-25 15:00:00,13.650519034898808,47.068657,146.3484783304411,2355,133,415.79511104990127,217.86840981384384,134,5.0,25997,2023-08-25 15:00:00,2023-08-25 15:00:00,27.837048889504903,-95.81631687855491,,2023-08-25,19622,0 days 00:00:00,920,7,False,False,,,,Free
2023-08-25 15:00:00,3.742705591590892,9.6,11.001735850294686,2355,147,496.7,422.5,10,5.0,26011,2023-08-25 15:00:00,2023-08-25 15:00:00,27.0280000000038,-93.77000103516912,,2023-08-25,19544,0 days 01:00:00,914,5,False,False,,,,Free
2023-08-25 15:15:00,16.113582079314213,213.27835,203.9266911716943,2356,137,32.61703706632682,390.1011037960972,194,5.0,26019,2023-08-25 15:15:00,2023-08-25 15:15:00,31.66882962934125,-94.09398998794978,,2023-08-25,19571,0 days 00:45:00,918,4,False,False,,,,Free
2023-08-25 15:15:00,4.921330045695921,84.26666,19.02194250784689,2356,150,82.58045976681903,17.419259865763213,18,5.0,26026,2023-08-25 15:15:00,2023-08-25 15:15:00,31.16919540233625,-97.8208083207552,,2023-08-25,19645,0 days 00:00:00,922,3,False,False,,,,Free
2023-08-25 15:15:00,15.555298831888448,159.99998,190.04069010413903,2356,156,415.7723858801765,213.4917144521128,175,5.0,26031,2023-08-25 15:15:00,2023-08-25 15:15:00,27.83727614120216,-95.86008383092155,,2023-08-25,19622,0 days 00:15:00,920,7,False,False,,,,Free
2023-08-25 15:30:00,7.694888274757064,48.21819,46.50445063996961,2357,149,83.76819522230832,15.223180451489965,44,5.0,26065,2023-08-25 15:30:00,2023-08-25 15:30:00,31.15731804778136,-97.84276911427035,,2023-08-25,19645,0 days 00:15:00,922,3,False,False,,,,Free
2023-08-25 15:30:00,15.776637516783037,111.92849,195.48740248068435,2357,154,414.9268555534912,208.6032852160257,179,5.0,26070,2023-08-25 15:30:00,2023-08-25 15:30:00,27.84573144446901,-95.9089681218855,,2023-08-25,19622,0 days 00:30:00,920,7,False,False,,,,Free
2023-08-25 15:30:00,13.349944975911832,80.47499,139.97447031614468,2357,156,429.5139739784327,451.8530142499502,128,5.0,26072,2023-08-25 15:30:00,2023-08-25 15:30:00,27.699860260219573,-93.47647090105755,,2023-08-25,19678,0 days 00:00:00,923,3,False,False,,,,Free
2023-08-25 15:45:00,2.833674860433718,11.200001,6.306522011397511,2358,165,32.0,365.7634408464321,6,5.0,26095,2023-08-25 15:45:00,2023-08-25 15:45:00,31.67500000000452,-94.3373666104917,,2023-08-25,19695,0 days 00:00:00,925,3,False,False,,,,Free
2023-08-25 15:45:00,5.182190644847202,19.2,21.091946123247205,2358,174,63.08239437441248,135.27887322901262,20,5.0,26102,2023-08-25 15:45:00,2023-08-25 15:45:00,31.364176056260348,-96.64221222080238,,2023-08-25,19698,0 days 00:00:00,926,3,False,False,,,,Free
2023-08-25 15:45:00,4.921834997491148,34.133335,19.02584619107745,2358,181,84.39893212119462,12.41952705974464,18,5.0,26108,2023-08-25 15:45:00,2023-08-25 15:45:00,31.15101067879249,-97.87080564738665,,2023-08-25,19645,0 days 00:30:00,922,3,False,False,,,,Free
2023-08-25 15:45:00,4.028062899243693,25.600004,12.743313532284615,2358,184,129.28883495553896,93.34627831465508,12,5.0,26111,2023-08-25 15:45:00,2023-08-25 15:45:00,30.702111650448977,-97.06153815796324,,2023-08-25,19705,0 days 00:00:00,927,3,False,False,,,,Free
2023-08-25 15:45:00,6.881345834077753,125.62286,37.19089678292138,2358,187,134.96897057749456,473.4670993606349,35,5.0,26114,2023-08-25 15:45:00,2023-08-25 15:45:00,30.64531029422941,-93.26033005612716,,2023-08-25,19708,0 days 00:00:00,928,3,False,False,,,,Free
2023-08-25 15:45:00,15.239242817339193,74.73054,182.3965667781152,2358,189,415.0966938682324,204.6894804700354,167,5.0,26116,2023-08-25 15:45:00,2023-08-25 15:45:00,27.8440330613216,-95.948106168227,,2023-08-25,19622,0 days 00:45:00,920,7,False,False,,,,Free
2023-08-25 15:45:00,8.829561475632161,13.714286,61.23054862247756,2358,191,427.9356240310244,447.83807266500656,60,5.0,26118,2023-08-25 15:45:00,2023-08-25 15:45:00,27.715643759693656,-93.51662031575968,,2023-08-25,19678,0 days 00:15:00,923,3,False,False,,,,Free
2023-08-25 16:00:00,8.180731001810168,41.664005,52.56226921376247,2359,169,33.003054777104495,364.1070259576876,50,5.0,26142,2023-08-25 16:00:00,2023-08-25 16:00:00,31.664969452233475,-94.3539307589058,,2023-08-25,19695,0 days 00:15:00,925,3,False,False,,,,Free
2023-08-25 16:00:00,7.1433197824942525,51.536842,40.0765258399098,2359,174,63.50237502701138,132.84912915187297,38,5.0,26147,2023-08-25 16:00:00,2023-08-25 16:00:00,31.359976249734355,-96.66650966087946,,2023-08-25,19698,0 days 00:15:00,926,3,False,False,,,,Free
2023-08-25 16:00:00,7.430459375119627,12.409756,43.36318861097528,2359,183,90.4972842586108,369.074230533225,47,5.0,26154,2023-08-25 16:00:00,2023-08-25 16:00:00,31.09002715741832,-94.3042587145698,,2023-08-25,19733,0 days 00:00:00,930,4,False,False,,,,Free
2023-08-25 16:00:00,4.350845459851404,36.342857,14.867474305038993,2359,188,129.2379216030957,91.71741113993032,14,5.0,26159,2023-08-25 16:00:00,2023-08-25 16:00:00,30.70262078397341,-97.07782682924504,,2023-08-25,19705,0 days 00:15:00,927,3,False,False,,,,Free
2023-08-25 16:00:00,9.084381621380714,92.69509,64.81576054099494,2359,189,134.60025421312812,470.6834411543446,61,5.0,26160,2023-08-25 16:00:00,2023-08-25 16:00:00,30.64899745787308,-93.28816663739455,,2023-08-25,19708,0 days 00:15:00,928,3,False,False,,,,Free
2023-08-25 16:00:00,12.534996549790336,35.511505,123.40658060219008,2359,191,414.3782121866392,202.44416728794585,113,5.0,26162,2023-08-25 16:00:00,2023-08-25 16:00:00,27.85121787813753,-95.97055929940626,,2023-08-25,19622,0 days 01:00:00,920,7,False,False,,,,Free
2023-08-25 16:00:00,3.5397467439361034,9.6,9.840887414325856,2359,194,427.5,445.6428571428572,14,5.0,26165,2023-08-25 16:00:00,2023-08-25 16:00:00,27.7200000000039,-93.5385724703538,,2023-08-25,19678,0 days 00:30:00,923,3,False,False,,,,Free
2023-08-25 16:15:00,2.587224864724189,11.5199995,5.257245212282039,2360,210,35.14110429627324,361.0,5,5.0,26193,2023-08-25 16:15:00,2023-08-25 16:15:00,31.643588957041786,-94.3850010175948,,2023-08-25,19695,0 days 00:30:00,925,3,False,False,,,,Free
2023-08-25 16:15:00,9.5565393239011,47.435295,71.72840666699872,2360,219,64.4982672723734,129.96215689552326,68,5.0,26199,2023-08-25 16:15:00,2023-08-25 16:15:00,31.35001732728073,-96.69537938261794,,2023-08-25,19698,0 days 00:30:00,926,3,False,False,,,,Free
2023-08-25 16:15:00,12.658820704613191,170.21849,125.85671116967644,2360,227,89.89307765969656,367.87312954258095,119,5.0,26205,2023-08-25 16:15:00,2023-08-25 16:15:00,31.096069223407465,-94.31626972413306,,2023-08-25,19733,0 days 00:15:00,930,4,False,False,,,,Free
2023-08-25 16:15:00,2.014144502914732,12.8,3.18618605226046,2360,233,130.19658120006454,89.19658120006456,3,5.0,26211,2023-08-25 16:15:00,2023-08-25 16:15:00,30.69303418800372,-97.10303512792336,,2023-08-25,19705,0 days 00:30:00,927,3,False,False,,,,Free
2023-08-25 16:15:00,6.476175601712051,155.76775,32.94026689450198,2360,235,135.0902049777031,468.85784589838727,31,5.0,26212,2023-08-25 16:15:00,2023-08-25 16:15:00,30.644097950227327,-93.30642258943249,,2023-08-25,19708,0 days 00:30:00,928,3,False,False,,,,Free
2023-08-25 16:15:00,10.870915765395624,25.97647,92.81584919898808,2360,237,414.23757712050514,200.7123948433964,85,5.0,26214,2023-08-25 16:15:00,2023-08-25 16:15:00,27.85262422879887,-95.98787702335687,,2023-08-25,19622,0 days 01:15:00,920,7,False,False,,,,Free
2023-08-25 16:30:00,13.628590292054303,47.791306,145.87865584029666,2361,219,86.92551351250063,315.05665171470974,139,5.0,26253,2023-08-25 16:30:00,2023-08-25 16:30:00,31.125744864879422,-94.84443448731888,,2023-08-25,19794,0 days 00:00:00,933,3,False,False,,,,Free
2023-08-25 16:30:00,14.7243961561734,156.93913,170.2804810457176,2361,224,88.55822452991434,366.3239365430956,161,5.0,26258,2023-08-25 16:30:00,2023-08-25 16:30:00,31.109417754705287,-94.3317616536852,,2023-08-25,19733,0 days 00:30:00,930,4,False,False,,,,Free
2023-08-25 16:30:00,5.805150856173243,35.712,26.467742540888946,2361,226,99.53737954244616,297.18338112954007,25,5.0,26260,2023-08-25 16:30:00,2023-08-25 16:30:00,30.99962620457996,-95.0231671880631,,2023-08-25,19800,0 days 00:00:00,934,4,False,False,,,,Free
2023-08-25 16:30:00,9.209348596193324,20.459015,66.61126880397757,2361,236,414.5450535573933,198.04998950778028,63,5.0,26268,2023-08-25 16:30:00,2023-08-25 16:30:00,27.849549464429987,-96.01450107595224,,2023-08-25,19622,0 days 01:30:00,920,7,False,False,,,,Free
2023-08-25 16:45:00,12.389309809657716,57.936844,120.55468917406918,2362,197,87.36988798333007,365.29422679526266,114,5.0,26304,2023-08-25 16:45:00,2023-08-25 16:45:00,31.12130112017113,-94.34205875086928,,2023-08-25,19733,0 days 00:45:00,930,4,False,False,,,,Free
2023-08-25 16:45:00,10.69762022439916,41.33647,89.8802420476797,2362,198,87.89237842422584,314.9102505769924,85,5.0,26305,2023-08-25 16:45:00,2023-08-25 16:45:00,31.11607621576217,-94.8458984986542,,2023-08-25,19794,0 days 00:15:00,933,3,False,False,,,,Free
2023-08-25 16:45:00,9.141597085058368,109.6258,65.63477988969483,2362,200,98.80487805425432,295.56594238616805,87,5.0,26307,2023-08-25 16:45:00,2023-08-25 16:45:00,31.00695121946187,-95.0393415750346,,2023-08-25,19800,0 days 00:15:00,934,4,False,False,,,,Free
2023-08-25 17:00:00,2.0098014160327207,9.6,3.1724601616322827,2363,195,89.0,313.0,3,5.0,26352,2023-08-25 17:00:00,2023-08-25 17:00:00,31.10500000000443,-94.86500100387826,,2023-08-25,19794,0 days 00:30:00,933,3,False,False,,,,Free
2023-08-25 17:00:00,15.31445199521748,174.56549,184.20134756543715,2363,196,98.50755137161568,292.3861119227066,174,5.0,26353,2023-08-25 17:00:00,2023-08-25 17:00:00,31.00992448628826,-95.07113987876056,,2023-08-25,19800,0 days 00:30:00,934,4,False,False,,,,Free
2023-08-25 17:15:00,16.906167957582205,188.60378,224.4813367538237,2364,163,99.5715805259059,289.98943068606843,212,5.0,26386,2023-08-25 17:15:00,2023-08-25 17:15:00,30.99928419474536,-95.09510669044204,,2023-08-25,19800,0 days 00:45:00,934,4,False,False,,,,Free
2023-08-25 17:15:00,14.178196951833383,79.248314,157.88173532325405,2364,170,106.5761367241695,464.9567747931248,149,5.0,26391,2023-08-25 17:15:00,2023-08-25 17:15:00,30.929238632762708,-93.34543329937031,,2023-08-25,19882,0 days 00:00:00,935,3,False,False,,,,Free
2023-08-25 17:15:00,1.6434464813407017,9.6,2.121294730594416,2364,174,117.5,211.0,2,5.0,26395,2023-08-25 17:15:00,2023-08-25 17:15:00,30.820000000004384,-95.88500097473064,,2023-08-25,19886,0 days 00:00:00,936,3,False,False,,,,Free
2023-08-25 17:30:00,5.903881284412655,29.169233,27.37569247245468,2365,147,47.6015276915144,221.7581158380265,26,5.0,26412,2023-08-25 17:30:00,2023-08-25 17:30:00,31.51898472308935,-95.7774198194246,,2023-08-25,19897,0 days 00:00:00,937,3,False,False,,,,Free
2023-08-25 17:30:00,28.46484695906496,248.56346,636.3669081386595,2365,158,84.36155038843633,411.4599509732457,602,5.0,26419,2023-08-25 17:30:00,2023-08-25 17:30:00,31.15138449612008,-93.88040152228184,,2023-08-25,19904,0 days 00:00:00,938,4,False,False,,,,Free
2023-08-25 17:30:00,10.646029224321596,18.057142,89.0154085409624,2365,167,108.30996914717392,461.9705828892316,85,5.0,26427,2023-08-25 17:30:00,2023-08-25 17:30:00,30.911900308532665,-93.3752952175559,,2023-08-25,19882,0 days 00:15:00,935,3,False,False,,,,Free
2023-08-25 17:30:00,4.930681550838662,15.466668,19.09430213372585,2365,169,118.87579617753792,208.5031847101516,18,5.0,26429,2023-08-25 17:30:00,2023-08-25 17:30:00,30.806242038229005,-95.90996912691566,,2023-08-25,19886,0 days 00:15:00,936,3,False,False,,,,Free
2023-08-25 17:45:00,9.892598269133774,51.94521,76.86181356770882,2366,118,48.34325234803598,219.8755666740281,74,5.0,26443,2023-08-25 17:45:00,2023-08-25 17:45:00,31.51156747652413,-95.79624531052669,,2023-08-25,19897,0 days 00:15:00,937,3,False,False,,,,Free
2023-08-25 17:45:00,23.89008398058816,182.01509,448.25509462028987,2366,125,86.37844440214894,407.9785249013804,426,5.0,26448,2023-08-25 17:45:00,2023-08-25 17:45:00,31.131215555982944,-93.9152157820056,,2023-08-25,19904,0 days 00:15:00,938,4,False,False,,,,Free
2023-08-25 17:45:00,1.642889708417247,9.6,2.1198576537965788,2366,138,111.0,457.5,2,5.0,26458,2023-08-25 17:45:00,2023-08-25 17:45:00,30.8850000000044,-93.4200010451707,,2023-08-25,19882,0 days 00:30:00,935,3,False,False,,,,Free
2023-08-25 18:00:00,6.0164993337244494,11.7333355,28.430050246543416,2367,151,48.16611662533816,217.2387238642503,27,5.0,26478,2023-08-25 18:00:00,2023-08-25 18:00:00,31.51333883375112,-95.82261373787094,,2023-08-25,19897,0 days 00:30:00,937,3,False,False,,,,Free
2023-08-25 18:00:00,9.372267791823663,40.024616,68.98890623125128,2367,172,123.74259862034437,207.80119476094453,65,5.0,26491,2023-08-25 18:00:00,2023-08-25 18:00:00,30.757574013800934,-95.91698902620708,,2023-08-25,19886,0 days 00:45:00,936,3,False,False,,,,Free
2023-08-25 18:15:00,11.009737959130783,12.799998,95.20151210347318,2368,125,91.64358974672476,399.26381766672046,90,5.0,26514,2023-08-25 18:15:00,2023-08-25 18:15:00,31.07856410253718,-94.0023628518619,,2023-08-25,19904,0 days 00:45:00,938,4,False,False,,,,Free
2023-08-25 18:45:00,5.567508312842151,9.600002,24.34510374873248,2370,103,97.95652173913044,393.7826086956522,23,5.0,26549,2023-08-25 18:45:00,2023-08-25 18:45:00,31.01543478261312,-94.05717494000623,,2023-08-25,19904,0 days 01:15:00,938,4,False,False,,,,Free
2023-08-25 19:15:00,13.054359065971896,45.088524,133.84464166856338,2372,48,465.97570948425954,444.4489245567936,122,5.0,26582,2023-08-25 19:15:00,2023-08-25 19:15:00,27.335242905161245,-93.55051179587332,,2023-08-25,20021,0 days 00:00:00,940,4,False,False,,,,Free
2023-08-25 19:30:00,14.379201445617078,70.24866,162.39005069281225,2373,57,467.1492212809029,440.1396736032897,148,5.0,26593,2023-08-25 19:30:00,2023-08-25 19:30:00,27.32350778719481,-93.59360430417696,,2023-08-25,20021,0 days 00:15:00,940,4,False,False,,,,Free
2023-08-25 19:30:00,5.287885852963727,17.28,21.961096723389968,2373,58,474.3626373704521,197.13265305816915,22,5.0,26594,2023-08-25 19:30:00,2023-08-25 19:30:00,27.25137362629931,-96.0236744401862,,2023-08-25,20030,0 days 00:00:00,941,3,False,False,,,,Free
2023-08-25 19:45:00,1.6440020147382537,9.6,2.122729093389582,2374,95,124.0,422.5,2,5.0,26607,2023-08-25 19:45:00,2023-08-25 19:45:00,30.755000000004376,-93.77000103516912,,2023-08-25,20040,0 days 00:00:00,942,3,False,False,,,,Free
2023-08-25 19:45:00,2.63500844324312,9.6,5.453231110102497,2374,98,401.0,476.0,5,5.0,26610,2023-08-25 19:45:00,2023-08-25 19:45:00,27.985000000003943,-93.2350010504573,,2023-08-25,20043,0 days 00:00:00,943,3,False,False,,,,Free
2023-08-25 19:45:00,13.88579782247785,77.28696,151.43684624312914,2374,101,469.05032278144415,435.8871446200205,138,5.0,26613,2023-08-25 19:45:00,2023-08-25 19:45:00,27.304496772189395,-93.63612959279442,,2023-08-25,20021,0 days 00:30:00,940,4,False,False,,,,Free
2023-08-25 19:45:00,5.670188643848446,13.773913,25.25136718363188,2374,102,473.2279484685093,194.0971258630268,23,5.0,26614,2023-08-25 19:45:00,2023-08-25 19:45:00,27.262720515318737,-96.05402971127018,,2023-08-25,20030,0 days 00:15:00,941,3,False,False,,,,Free
2023-08-25 20:00:00,3.2714950249074155,9.6,8.405864978235622,2375,41,28.875,2.5,8,5.0,26616,2023-08-25 20:00:00,2023-08-25 20:00:00,31.706250000004523,-97.97000091514953,,2023-08-25,20046,0 days 00:00:00,944,4,False,False,,,,Free
2023-08-25 20:00:00,2.356932468153273,9.6,4.362989417353166,2375,44,402.0,471.5,4,5.0,26618,2023-08-25 20:00:00,2023-08-25 20:00:00,27.97500000000394,-93.28000104917136,,2023-08-25,20043,0 days 00:15:00,943,3,False,False,,,,Free
2023-08-25 20:00:00,10.030878220613152,15.333333,79.02559914418947,2375,46,470.6091370413262,429.6203579885811,73,5.0,26620,2023-08-25 20:00:00,2023-08-25 20:00:00,27.288908629590573,-93.698797457318,,2023-08-25,20021,0 days 00:45:00,940,4,False,False,,,,Free
2023-08-25 20:00:00,5.6701332478720206,9.600002,25.25087379006209,2375,47,473.2173913043478,191.8260869565217,23,5.0,26621,2023-08-25 20:00:00,2023-08-25 20:00:00,27.262826086960352,-96.07674009968628,,2023-08-25,20030,0 days 00:30:00,941,3,False,False,,,,Free
2023-08-25 20:15:00,2.313592391717429,12.0,4.204008410786639,2376,37,31.16428571671856,0.4928571501556703,4,5.0,26625,2023-08-25 20:15:00,2023-08-25 20:15:00,31.68335714283733,-97.99007234307436,,2023-08-25,20046,0 days 00:15:00,944,4,False,False,,,,Free
2023-08-25 20:15:00,23.480712485175783,33.01177,433.0244541110063,2376,38,123.7396048115037,413.0649764474992,410,5.0,26626,2023-08-25 20:15:00,2023-08-25 20:15:00,30.75760395188934,-93.86435126799796,,2023-08-25,20040,0 days 00:30:00,942,3,False,False,,,,Free
2023-08-25 20:30:00,2.3137169721398085,16.8,4.204461170958448,2377,25,32.50423728385488,0.0974576296870716,4,5.0,26634,2023-08-25 20:30:00,2023-08-25 20:30:00,31.66995762716597,-97.99402633816608,,2023-08-25,20046,0 days 00:30:00,944,4,False,False,,,,Free
2023-08-25 20:30:00,20.69952626344736,18.079494,336.51985543715574,2377,26,126.56890235931616,409.1724968977165,318,5.0,26635,2023-08-25 20:30:00,2023-08-25 20:30:00,30.72931097641121,-93.90327606238344,,2023-08-25,20040,0 days 00:45:00,942,3,False,False,,,,Free
2023-08-25 20:30:00,7.359597828518936,14.523074,42.54005494999516,2377,29,402.5508885157662,458.5993537950438,39,5.0,26638,2023-08-25 20:30:00,2023-08-25 20:30:00,27.96949111484628,-93.40900750753444,,2023-08-25,20043,0 days 00:45:00,943,3,False,False,,,,Free
2023-08-25 20:45:00,1.6363310795060346,9.6,2.102965944491088,2378,22,35.5,0.0,2,5.0,26641,2023-08-25 20:45:00,2023-08-25 20:45:00,31.64000000000452,-97.99500091443508,,2023-08-25,20046,0 days 00:45:00,944,4,False,False,,,,Free
2023-08-25 21:30:00,2.022814796942796,92.799995,3.2136762635516667,2381,43,214.61807135337608,100.45482154414717,3,5.0,26656,2023-08-25 21:30:00,2023-08-25 21:30:00,29.84881928647048,-96.99045272769968,,2023-08-25,20075,0 days 00:00:00,945,4,False,False,,,,Free
2023-08-25 22:00:00,2.6118521856880106,26.880001,5.357807074160727,2383,22,217.95795246657303,104.5191956149813,5,5.0,26663,2023-08-25 22:00:00,2023-08-25 22:00:00,29.8154204753385,-96.94980898815275,,2023-08-25,20075,0 days 00:30:00,945,4,False,False,,,,Free
2023-08-25 22:15:00,2.02308478679996,16.0,3.214534194689002,2384,27,217.13939394289687,105.43030302855156,3,5.0,26667,2023-08-25 22:15:00,2023-08-25 22:15:00,29.823606060575266,-96.94069791427744,,2023-08-25,20075,0 days 00:45:00,945,4,False,False,,,,Free
2023-08-25 22:45:00,2.023084786798244,9.6,3.214534194683549,2386,29,217.0,104.25,4,5.0,26672,2023-08-25 22:45:00,2023-08-25 22:45:00,29.82500000000423,-96.95250094422568,,2023-08-25,20075,0 days 01:15:00,945,4,False,False,,,,Free
2023-08-25 22:45:00,2.646716277539193,9.6,5.501798214449903,2386,35,498.3333333333333,374.0,6,5.0,26678,2023-08-25 22:45:00,2023-08-25 22:45:00,27.011666666670457,-94.25500102130968,,2023-08-25,20088,0 days 00:00:00,947,3,False,False,,,,Free
2023-08-25 23:00:00,6.695291145056929,46.8,35.20698340107073,2387,15,497.75642941349696,371.4769736903036,32,5.0,26681,2023-08-25 23:00:00,2023-08-25 23:00:00,27.017435705868824,-94.28023128368568,,2023-08-25,20088,0 days 00:15:00,947,3,False,False,,,,Free
2023-08-25 23:15:00,9.167677891926148,18.879997,66.00982374262755,2388,15,496.981239977052,368.721116441653,69,5.0,26684,2023-08-25 23:15:00,2023-08-25 23:15:00,27.02518760023328,-94.30778985538468,,2023-08-25,20088,0 days 00:30:00,947,3,False,False,,,,Free
2023-08-26 02:30:00,3.3470631454149644,9.6,8.798683441555639,2401,75,494.0,239.3636363636364,11,5.0,26761,2023-08-26 02:30:00,2023-08-26 02:30:00,27.0550000000038,-95.6013646191995,,2023-08-26,20158,0 days 00:00:00,949,3,False,False,,,,Free
2023-08-26 02:45:00,7.294938734114036,23.242105,41.79585165613624,2402,60,494.2494305292345,238.81862185892868,40,5.0,26777,2023-08-26 02:45:00,2023-08-26 02:45:00,27.052505694711453,-95.6068147640908,,2023-08-26,20158,0 days 00:15:00,949,3,False,False,,,,Free
2023-08-26 03:00:00,8.929434940321995,19.705263,62.62357203964187,2403,93,481.1679790068054,177.11715579818116,57,5.0,26798,2023-08-26 03:00:00,2023-08-26 03:00:00,27.183320209935765,-96.22382940706645,,2023-08-26,20189,0 days 00:00:00,952,3,False,False,,,,Free
2023-08-26 03:00:00,15.293158967733586,90.48144,183.68948104028453,2403,97,495.238718345784,240.3544419094668,167,5.0,26802,2023-08-26 03:00:00,2023-08-26 03:00:00,27.042612816545955,-95.59145656402433,,2023-08-26,20158,0 days 00:30:00,949,3,False,False,,,,Free
2023-08-26 03:15:00,5.412949706020771,16.914288,23.0121854454378,2404,69,452.3741007227151,295.6746602764138,21,5.0,26807,2023-08-26 03:15:00,2023-08-26 03:15:00,27.47125899277671,-95.0382543961632,,2023-08-26,20195,0 days 00:00:00,953,3,False,False,,,,Free
2023-08-26 03:15:00,6.368991739770396,22.841375,31.85893491055603,2404,81,480.5229996231973,173.0823347456634,29,5.0,26819,2023-08-26 03:15:00,2023-08-26 03:15:00,27.189770003771844,-96.26417761643864,,2023-08-26,20189,0 days 00:15:00,952,3,False,False,,,,Free
2023-08-26 03:15:00,4.425593483012754,17.828573,15.382712355952528,2404,82,482.6625835142004,166.48106903486573,14,5.0,26820,2023-08-26 03:15:00,2023-08-26 03:15:00,27.16837416486181,-96.33019027166024,,2023-08-26,20203,0 days 00:00:00,954,4,False,False,,,,Free
2023-08-26 03:30:00,3.542388392165157,27.733334,9.855581043515716,2405,73,443.8913971860441,465.6247712149103,17,5.0,26826,2023-08-26 03:30:00,2023-08-26 03:30:00,27.55608602814344,-93.33875333534336,,2023-08-26,20208,0 days 00:00:00,955,5,False,False,,,,Free
2023-08-26 03:30:00,9.149697947978748,17.920002,65.7511564775188,2405,75,452.90841073148897,293.8805469648733,60,5.0,26828,2023-08-26 03:30:00,2023-08-26 03:30:00,27.46591589268897,-95.05619552876595,,2023-08-26,20195,0 days 00:15:00,953,3,False,False,,,,Free
2023-08-26 03:30:00,7.845245422941251,12.872726,48.33958857206465,2405,86,481.3709401597934,162.54188034675704,45,5.0,26836,2023-08-26 03:30:00,2023-08-26 03:30:00,27.181290598405884,-96.3695821574156,,2023-08-26,20203,0 days 00:15:00,954,4,False,False,,,,Free
2023-08-26 03:45:00,9.296293355059213,22.60645,67.87494976940407,2406,79,442.8421820691998,463.8427294671051,63,5.0,26845,2023-08-26 03:45:00,2023-08-26 03:45:00,27.56657817931188,-93.35657375231216,,2023-08-26,20208,0 days 00:15:00,955,5,False,False,,,,Free
2023-08-26 03:45:00,8.010867848344764,13.773911,50.40214463099499,2406,80,451.11807938135,292.6878980909577,47,5.0,26846,2023-08-26 03:45:00,2023-08-26 03:45:00,27.483819206190365,-95.06812201716428,,2023-08-26,20195,0 days 00:30:00,953,3,False,False,,,,Free
2023-08-26 03:45:00,7.095793384575779,32.800003,39.54502038896568,2406,91,479.4576339099992,160.99080733822342,36,5.0,26857,2023-08-26 03:45:00,2023-08-26 03:45:00,27.200423660903827,-96.38509288705774,,2023-08-26,20203,0 days 00:30:00,954,4,False,False,,,,Free
2023-08-26 03:45:00,,,,2406,92,478.5,166.5,2,5.0,26858,2023-08-26 03:45:00,2023-08-26 03:45:00,27.210000000003824,-96.33000096201432,,2023-08-26,20189,0 days 00:45:00,952,3,False,False,,,,Free
2023-08-26 04:00:00,8.179654469904516,31.4,52.5484364067138,2407,67,441.13144216409694,460.3162037739633,59,5.0,26870,2023-08-26 04:00:00,2023-08-26 04:00:00,27.58368557836291,-93.39183900823588,,2023-08-26,20208,0 days 00:30:00,955,5,False,False,,,,Free
2023-08-26 04:00:00,3.736141513123928,9.6,10.963179288459353,2407,70,456.89473684210526,431.7368421052632,19,5.0,26873,2023-08-26 04:00:00,2023-08-26 04:00:00,27.4260526315828,-93.677632616756,,2023-08-26,20237,0 days 00:00:00,957,4,False,False,,,,Free
2023-08-26 04:00:00,6.1446829356406285,16.0,29.65437928446271,2407,82,477.2774410858092,158.86329965707222,27,5.0,26884,2023-08-26 04:00:00,2023-08-26 04:00:00,27.222225589145733,-96.40636796326127,,2023-08-26,20203,0 days 00:45:00,954,4,False,False,,,,Free
2023-08-26 04:15:00,10.290818166243907,30.189476,83.17440262407442,2408,52,437.9120351584128,456.2554324955368,76,5.0,26890,2023-08-26 04:15:00,2023-08-26 04:15:00,27.61587964841976,-93.43244671985968,,2023-08-26,20208,0 days 00:45:00,955,5,False,False,,,,Free
2023-08-26 04:15:00,8.840068505787222,34.8,61.3763619816457,2408,54,453.7725311549017,428.5500958894139,56,5.0,26892,2023-08-26 04:15:00,2023-08-26 04:15:00,27.457274688454845,-93.70950007800384,,2023-08-26,20237,0 days 00:15:00,957,4,False,False,,,,Free
2023-08-26 04:30:00,6.132985534954968,9.6,29.54158290755145,2409,46,435.6666666666667,452.8148148148149,27,5.0,26906,2023-08-26 04:30:00,2023-08-26 04:30:00,27.638333333337226,-93.46685289568376,,2023-08-26,20208,0 days 01:00:00,955,5,False,False,,,,Free
2023-08-26 04:30:00,8.098042203285548,22.672337,51.50506658182245,2409,48,452.989405241369,425.64916928953886,47,5.0,26908,2023-08-26 04:30:00,2023-08-26 04:30:00,27.46510594759017,-93.73850934317365,,2023-08-26,20237,0 days 00:30:00,957,4,False,False,,,,Free
2023-08-26 04:45:00,4.72447288198889,9.6,17.530592813382313,2410,60,451.0,420.5,16,5.0,26922,2023-08-26 04:45:00,2023-08-26 04:45:00,27.485000000003865,-93.7900010345976,,2023-08-26,20237,0 days 00:45:00,957,4,False,False,,,,Free
2023-08-26 05:00:00,5.293032125368492,26.88,22.003863448971288,2411,70,496.8034734961519,30.51599633644372,20,5.0,26952,2023-08-26 05:00:00,2023-08-26 05:00:00,27.026965265042275,-97.6898409597909,,2023-08-26,20284,0 days 00:00:00,958,3,False,False,,,,Free
2023-08-26 05:15:00,5.91793203111254,18.048,27.506151273484395,2412,59,497.361128143445,28.03065603755477,25,5.0,26966,2023-08-26 05:15:00,2023-08-26 05:15:00,27.02138871856934,-97.71469436206962,,2023-08-26,20284,0 days 00:15:00,958,3,False,False,,,,Free
2023-08-26 05:30:00,7.2862174386858305,19.199997,41.6959752650882,2413,73,467.2739065983928,207.795774634072,38,5.0,26975,2023-08-26 05:30:00,2023-08-26 05:30:00,27.322260934019912,-95.91704322747428,,2023-08-26,20297,0 days 00:00:00,959,3,False,False,,,,Free
2023-08-26 05:30:00,3.5504964846190616,25.600002,9.900749108381175,2413,83,495.69147788648496,26.927723835684084,9,5.0,26985,2023-08-26 05:30:00,2023-08-26 05:30:00,27.038085221138942,-97.72572368377314,,2023-08-26,20284,0 days 00:30:00,958,3,False,False,,,,Free
2023-08-26 05:45:00,9.306719945868515,99.25161,68.02729031546303,2414,75,466.80032857392985,207.63566980855524,62,5.0,26994,2023-08-26 05:45:00,2023-08-26 05:45:00,27.326996714264546,-95.91864427568368,,2023-08-26,20297,0 days 00:15:00,959,3,False,False,,,,Free
2023-08-26 06:00:00,10.703602047060402,38.63415,89.9807873982314,2415,63,467.6568450219679,205.74538475472,83,5.0,27014,2023-08-26 06:00:00,2023-08-26 06:00:00,27.31843154978416,-95.93754712568187,,2023-08-26,20297,0 days 00:30:00,959,3,False,False,,,,Free
2023-08-26 06:00:00,8.109671421879764,26.14468,51.65310081892956,2415,71,484.9973837733642,303.01207485998094,47,5.0,27022,2023-08-26 06:00:00,2023-08-26 06:00:00,27.14502616227017,-94.96488025242428,,2023-08-26,20324,0 days 00:00:00,961,3,False,False,,,,Free
2023-08-26 06:15:00,12.90610781262384,75.26723,130.8219019428246,2416,67,486.62563085878486,301.5255327116949,119,5.0,27034,2023-08-26 06:15:00,2023-08-26 06:15:00,27.12874369141596,-94.97974567348234,,2023-08-26,20324,0 days 00:15:00,961,3,False,False,,,,Free
2023-08-26 06:15:00,3.925689244598648,11.345455,12.10379940591858,2416,70,498.46704871021024,152.46704871021024,11,5.0,27037,2023-08-26 06:15:00,2023-08-26 06:15:00,27.010329512901688,-96.47033047090213,,2023-08-26,20332,0 days 00:00:00,962,4,False,False,,,,Free
2023-08-26 06:30:00,5.009959671625355,17.066668,19.713255070579223,2417,79,446.0635359133003,287.87292817339943,18,5.0,27042,2023-08-26 06:30:00,2023-08-26 06:30:00,27.53436464087087,-95.11627171496394,,2023-08-26,20336,0 days 00:00:00,963,3,False,False,,,,Free
2023-08-26 06:30:00,1.6703155022834284,9.6,2.191224651091606,2417,83,451.0,172.33333333333334,3,5.0,27046,2023-08-26 06:30:00,2023-08-26 06:30:00,27.485000000003865,-96.2716676303479,,2023-08-26,20339,0 days 00:00:00,964,3,False,False,,,,Free
2023-08-26 06:30:00,12.520113446999,98.65715,123.1137073725826,2417,92,486.8858869544813,301.6157337194227,112,5.0,27054,2023-08-26 06:30:00,2023-08-26 06:30:00,27.126141130459,-94.97884366343084,,2023-08-26,20324,0 days 00:30:00,961,3,False,False,,,,Free
2023-08-26 06:30:00,5.676378523613697,93.49565,25.306528749108978,2417,98,498.5522256199413,151.51871869842546,23,5.0,27060,2023-08-26 06:30:00,2023-08-26 06:30:00,27.00947774380438,-96.479813770749,,2023-08-26,20332,0 days 00:15:00,962,4,False,False,,,,Free
2023-08-26 06:45:00,4.573356388202269,21.12,16.42706491484366,2418,78,445.8047973523037,285.9718775736239,15,5.0,27067,2023-08-26 06:45:00,2023-08-26 06:45:00,27.53695202648084,-95.13528222041845,,2023-08-26,20336,0 days 00:15:00,963,3,False,False,,,,Free
2023-08-26 06:45:00,5.021731475980231,42.66667,19.80600360798247,2418,94,498.5646017694186,150.3601769913695,18,5.0,27081,2023-08-26 06:45:00,2023-08-26 06:45:00,27.009353982309605,-96.49139918748848,,2023-08-26,20332,0 days 00:30:00,962,4,False,False,,,,Free
2023-08-26 07:00:00,3.731568289032798,9.6,10.936356754935316,2419,81,430.7,270.4,10,5.0,27085,2023-08-26 07:00:00,2023-08-26 07:00:00,27.688000000003896,-95.29100099170483,,2023-08-26,20364,0 days 00:00:00,966,4,False,False,,,,Free
2023-08-26 07:00:00,2.361592273433281,9.6,4.380258286039825,2419,84,445.0,282.5,4,5.0,27088,2023-08-26 07:00:00,2023-08-26 07:00:00,27.54500000000388,-95.17000099516258,,2023-08-26,20336,0 days 00:30:00,963,3,False,False,,,,Free
2023-08-26 07:00:00,5.413031523503786,14.628573,23.01288111542309,2419,86,453.06866537668543,168.52514506524528,22,5.0,27090,2023-08-26 07:00:00,2023-08-26 07:00:00,27.46431334623701,-96.30974951194054,,2023-08-26,20339,0 days 00:30:00,964,3,False,False,,,,Free
2023-08-26 07:00:00,4.584233471072582,19.200003,16.50529674812558,2419,102,498.71361502095175,149.55305164571493,15,5.0,27105,2023-08-26 07:00:00,2023-08-26 07:00:00,27.00786384979428,-96.49947044071432,,2023-08-26,20332,0 days 00:45:00,962,4,False,False,,,,Free
2023-08-26 07:15:00,7.07996200975572,17.333332,39.368760000311305,2420,82,430.6468468336652,268.55090088668595,36,5.0,27108,2023-08-26 07:15:00,2023-08-26 07:15:00,27.688531531667245,-95.30949198230957,,2023-08-26,20364,0 days 00:15:00,966,4,False,False,,,,Free
2023-08-26 07:15:00,3.3409721643414887,9.6,8.76668891494915,2420,85,453.1,166.9,10,5.0,27111,2023-08-26 07:15:00,2023-08-26 07:15:00,27.46400000000386,-96.3260009621286,,2023-08-26,20339,0 days 00:45:00,964,3,False,False,,,,Free
2023-08-26 07:30:00,8.830254971521141,31.2,61.2401674017221,2421,49,430.4606052390031,265.9736913691731,56,5.0,27126,2023-08-26 07:30:00,2023-08-26 07:30:00,27.690393947613867,-95.33526407674827,,2023-08-26,20364,0 days 00:30:00,966,4,False,False,,,,Free
2023-08-26 07:45:00,2.043798605665687,9.6,3.2806966747092803,2422,65,430.0,262.0,3,5.0,27142,2023-08-26 07:45:00,2023-08-26 07:45:00,27.695000000003898,-95.37500098930444,,2023-08-26,20364,0 days 00:45:00,966,4,False,False,,,,Free
2023-08-26 07:45:00,22.150919540154263,120.627266,385.3660047736323,2422,67,442.8175936808225,254.69600582796988,355,5.0,27144,2023-08-26 07:45:00,2023-08-26 07:45:00,27.566824063195654,-95.44804092893752,,2023-08-26,20397,0 days 00:00:00,967,3,False,False,,,,Free
2023-08-26 08:00:00,22.647014411838803,82.95652,402.8207134241314,2423,69,441.479148096849,248.98232708107685,368,5.0,27159,2023-08-26 08:00:00,2023-08-26 08:00:00,27.580208519035388,-95.50517771477377,,2023-08-26,20397,0 days 00:15:00,967,3,False,False,,,,Free
2023-08-26 08:15:00,22.768041737598715,78.47742,407.1376252085088,2424,50,438.87595035860136,241.1619035878272,383,5.0,27175,2023-08-26 08:15:00,2023-08-26 08:15:00,27.606240496417872,-95.58338194747148,,2023-08-26,20397,0 days 00:30:00,967,3,False,False,,,,Free
2023-08-26 08:30:00,2.0478835606622887,9.6,3.29382408469192,2425,60,474.0,243.0,3,5.0,27197,2023-08-26 08:30:00,2023-08-26 08:30:00,27.25500000000383,-95.565000983875,,2023-08-26,20438,0 days 00:00:00,968,3,False,False,,,,Free
2023-08-26 08:45:00,13.428368917223857,147.12558,141.62385430352867,2426,74,473.53070216869,182.36600451284625,129,5.0,27210,2023-08-26 08:45:00,2023-08-26 08:45:00,27.25969297831693,-96.1713409214197,,2023-08-26,20450,0 days 00:00:00,970,5,False,False,,,,Free
2023-08-26 08:45:00,8.926545308600465,100.88421,62.58304768806981,2426,77,474.3845280803749,242.3907856676685,57,5.0,27213,2023-08-26 08:45:00,2023-08-26 08:45:00,27.25115471920008,-95.5710931270242,,2023-08-26,20438,0 days 00:15:00,968,3,False,False,,,,Free
2023-08-26 09:00:00,19.75079308697902,37.61143,306.37897572196334,2427,56,434.5680437498235,228.7723934388585,282,5.0,27220,2023-08-26 09:00:00,2023-08-26 09:00:00,27.649319562505656,-95.70727704542072,,2023-08-26,20458,0 days 00:00:00,971,18,False,False,,,,Free
2023-08-26 09:00:00,9.803338778649064,19.617393,75.48104487200382,2427,58,432.9200872710872,175.12214951617264,69,5.0,27222,2023-08-26 09:00:00,2023-08-26 09:00:00,27.66579912729302,-96.24377946931644,,2023-08-26,20459,0 days 00:00:00,972,3,False,False,,,,Free
2023-08-26 09:00:00,14.720149329371893,74.0129,170.18227023735614,2427,66,474.52278119966354,179.20119181319015,157,5.0,27229,2023-08-26 09:00:00,2023-08-26 09:00:00,27.249772188007192,-96.20298904751188,,2023-08-26,20450,0 days 00:15:00,970,5,False,False,,,,Free
2023-08-26 09:00:00,12.173725198176692,88.845276,116.39568203291084,2427,67,475.04403885994026,240.6752553993973,106,5.0,27230,2023-08-26 09:00:00,2023-08-26 09:00:00,27.244559611404423,-95.58824842921672,,2023-08-26,20438,0 days 00:30:00,968,3,False,False,,,,Free
2023-08-26 09:00:00,13.947910429479451,148.00577,152.79466158054916,2427,68,488.62942580439966,201.7936290691646,139,5.0,27231,2023-08-26 09:00:00,2023-08-26 09:00:00,27.10870574195981,-95.9770646814082,,2023-08-26,20465,0 days 00:00:00,974,4,False,False,,,,Free
2023-08-26 09:15:00,17.977602650626363,58.88276,253.83612879462777,2428,57,433.26735892838303,225.9447554656552,232,5.0,27237,2023-08-26 09:15:00,2023-08-26 09:15:00,27.662326410720063,-95.73555342434474,,2023-08-26,20458,0 days 00:15:00,971,18,False,False,,,,Free
2023-08-26 09:15:00,7.369729972167362,28.553846,42.657267508887486,2428,58,432.02003046998726,172.15262355757903,39,5.0,27238,2023-08-26 09:15:00,2023-08-26 09:15:00,27.67479969530402,-96.27347472805376,,2023-08-26,20459,0 days 00:15:00,972,3,False,False,,,,Free
2023-08-26 09:15:00,13.37726362469767,34.05,140.54792974709392,2428,66,474.2519363260732,174.08170181678645,128,5.0,27246,2023-08-26 09:15:00,2023-08-26 09:15:00,27.252480636743098,-96.25418394601296,,2023-08-26,20450,0 days 00:30:00,970,5,False,False,,,,Free
2023-08-26 09:15:00,14.492304611368226,86.336,164.95473598596948,2428,67,491.3197272204616,199.98722992399732,150,5.0,27247,2023-08-26 09:15:00,2023-08-26 09:15:00,27.081802727799182,-95.99512867234364,,2023-08-26,20465,0 days 00:15:00,974,4,False,False,,,,Free
2023-08-26 09:30:00,13.913946944271505,111.81583,152.05145046627592,2429,60,433.2984899648336,224.4092568197764,139,5.0,27254,2023-08-26 09:30:00,2023-08-26 09:30:00,27.66201510035556,-95.75090841036472,,2023-08-26,20458,0 days 00:30:00,971,18,False,False,,,,Free
2023-08-26 09:30:00,6.017352256141401,14.4,28.43811152756921,2429,61,432.23404254987054,170.91243861648712,26,5.0,27255,2023-08-26 09:30:00,2023-08-26 09:30:00,27.67265957450519,-96.28587657711029,,2023-08-26,20459,0 days 00:30:00,972,3,False,False,,,,Free
2023-08-26 09:30:00,9.96334409696406,79.23381,77.96508206565063,2429,70,475.6166142757641,168.39622713683883,73,5.0,27264,2023-08-26 09:30:00,2023-08-26 09:30:00,27.238833857246185,-96.31103869118778,,2023-08-26,20450,0 days 00:45:00,970,5,False,False,,,,Free
2023-08-26 09:30:00,14.96884146116508,89.21999,175.98119349654746,2429,72,494.8409374332995,198.26527250574927,160,5.0,27266,2023-08-26 09:30:00,2023-08-26 09:30:00,27.0465906256708,-96.01234824603404,,2023-08-26,20465,0 days 00:30:00,974,4,False,False,,,,Free
2023-08-26 09:45:00,16.139479186683996,142.87057,204.58270361967672,2430,44,435.193842188469,221.10138161055147,187,5.0,27271,2023-08-26 09:45:00,2023-08-26 09:45:00,27.6430615781192,-95.78398716151172,,2023-08-26,20458,0 days 00:45:00,971,18,False,False,,,,Free
2023-08-26 09:45:00,10.172382871969178,53.18919,81.27093893824629,2430,52,476.9803701799521,164.51884464121682,74,5.0,27279,2023-08-26 09:45:00,2023-08-26 09:45:00,27.225196298204303,-96.34981251503598,,2023-08-26,20450,0 days 01:00:00,970,5,False,False,,,,Free
2023-08-26 10:00:00,16.939698295611677,125.49903,225.37265633391576,2431,65,434.668065406852,217.9692412763385,208,5.0,27283,2023-08-26 10:00:00,2023-08-26 10:00:00,27.64831934593537,-95.8153085639588,,2023-08-26,20458,0 days 01:00:00,971,18,False,False,,,,Free
2023-08-26 10:00:00,5.783048467103695,12.8,26.266580951840275,2431,66,439.26282049975794,270.6153845997095,24,5.0,27284,2023-08-26 10:00:00,2023-08-26 10:00:00,27.602371795006302,-95.2888471457693,,2023-08-26,20494,0 days 00:00:00,975,3,False,False,,,,Free
2023-08-26 10:00:00,8.777731583080714,21.992727,60.513806740615294,2431,83,497.9957200841303,191.53177831364897,55,5.0,27299,2023-08-26 10:00:00,2023-08-26 10:00:00,27.01504279916249,-96.07968318603088,,2023-08-26,20465,0 days 01:00:00,974,4,False,False,,,,Free
2023-08-26 10:15:00,14.88177979108213,81.14716,173.94006545431816,2432,37,435.0558336110191,214.6972430015641,159,5.0,27300,2023-08-26 10:15:00,2023-08-26 10:15:00,27.64444166389369,-95.84802854577153,,2023-08-26,20458,0 days 01:15:00,971,18,False,False,,,,Free
2023-08-26 10:15:00,5.409455408964464,26.057144,22.982484280019364,2432,41,438.408864772101,269.4495703509731,21,5.0,27303,2023-08-26 10:15:00,2023-08-26 10:15:00,27.61091135228288,-95.3005052879235,,2023-08-26,20494,0 days 00:15:00,975,3,False,False,,,,Free
2023-08-26 10:30:00,15.701709833694377,101.64067,193.63496265961209,2433,16,435.03511172637735,212.7220292819,177,5.0,27310,2023-08-26 10:30:00,2023-08-26 10:30:00,27.64464888274012,-95.86778068240376,,2023-08-26,20458,0 days 01:30:00,971,18,False,False,,,,Free
2023-08-26 10:30:00,3.7328991657597546,9.6,10.944159124925932,2433,17,438.5,267.0,10,5.0,27311,2023-08-26 10:30:00,2023-08-26 10:30:00,27.61000000000389,-95.32500099073326,,2023-08-26,20494,0 days 00:30:00,975,3,False,False,,,,Free
2023-08-26 10:45:00,15.388477398517663,71.435295,185.9863979436369,2434,17,434.8444483598852,208.36713294874696,170,5.0,27315,2023-08-26 10:45:00,2023-08-26 10:45:00,27.64655551640504,-95.91132964449082,,2023-08-26,20458,0 days 01:45:00,971,18,False,False,,,,Free
2023-08-26 11:00:00,15.252506491064452,160.26825,182.7142074104781,2435,29,435.4001292570947,204.8898114110318,192,5.0,27319,2023-08-26 11:00:00,2023-08-26 11:00:00,27.640998707432946,-95.94610285887428,,2023-08-26,20458,0 days 02:00:00,971,18,False,False,,,,Free
2023-08-26 11:15:00,16.650083280397624,188.71962,217.732220453332,2436,32,435.731489426085,202.93768632320703,199,5.0,27326,2023-08-26 11:15:00,2023-08-26 11:15:00,27.63768510574304,-95.96562410919466,,2023-08-26,20458,0 days 02:15:00,971,18,False,False,,,,Free
2023-08-26 11:30:00,15.344274011590302,185.52425,184.91944105595547,2437,37,435.31745148445,201.38863794728465,169,5.0,27333,2023-08-26 11:30:00,2023-08-26 11:30:00,27.64182548515939,-95.98111459251125,,2023-08-26,20458,0 days 02:30:00,971,18,False,False,,,,Free
2023-08-26 11:30:00,4.096564308097163,20.800001,13.180425631428418,2437,45,478.1830986007382,126.31287726320504,14,5.0,27340,2023-08-26 11:30:00,2023-08-26 11:30:00,27.21316901399644,-96.73187217789832,,2023-08-26,20528,0 days 00:00:00,978,4,False,False,,,,Free
2023-08-26 11:45:00,15.069027414511988,98.35583,178.3447491544462,2438,42,435.075817340065,199.3293061811213,173,5.0,27345,2023-08-26 11:45:00,2023-08-26 11:45:00,27.64424182660324,-96.0017079095844,,2023-08-26,20458,0 days 02:45:00,971,18,False,False,,,,Free
2023-08-26 11:45:00,7.290718347393199,41.178944,41.74750481227954,2438,48,481.0112016152141,124.70482979160926,38,5.0,27351,2023-08-26 11:45:00,2023-08-26 11:45:00,27.18488798385168,-96.74795265215477,,2023-08-26,20528,0 days 00:15:00,978,4,False,False,,,,Free
2023-08-26 11:45:00,3.5486475089427243,11.733334,9.890439858545834,2438,50,483.7590759179784,139.46864685741517,9,5.0,27353,2023-08-26 11:45:00,2023-08-26 11:45:00,27.15740924082403,-96.6003144857156,,2023-08-26,20534,0 days 00:00:00,979,3,False,False,,,,Free
2023-08-26 12:00:00,15.83526727039583,76.0,196.9430580142932,2439,39,434.2750966055576,195.94559078207868,181,5.0,27357,2023-08-26 12:00:00,2023-08-26 12:00:00,27.65224903394832,-96.03554506260792,,2023-08-26,20458,0 days 03:00:00,971,18,False,False,,,,Free
2023-08-26 12:00:00,8.447020628344582,49.12941,56.03985345155168,2439,45,482.3946503096127,123.47018574666626,51,5.0,27363,2023-08-26 12:00:00,2023-08-26 12:00:00,27.17105349690769,-96.7602990922514,,2023-08-26,20528,0 days 00:30:00,978,4,False,False,,,,Free
2023-08-26 12:00:00,8.852509866080288,73.02857,61.54924362276965,2439,46,485.8307958899377,138.9914951642364,56,5.0,27364,2023-08-26 12:00:00,2023-08-26 12:00:00,27.136692041104432,-96.60508600251109,,2023-08-26,20534,0 days 00:15:00,979,3,False,False,,,,Free
2023-08-26 12:15:00,13.089558549754138,87.88293,134.56740621662053,2440,35,434.7702901699335,191.38785238297507,123,5.0,27367,2023-08-26 12:15:00,2023-08-26 12:15:00,27.64729709830456,-96.0811224452965,,2023-08-26,20458,0 days 03:15:00,971,18,False,False,,,,Free
2023-08-26 12:15:00,10.313784257800814,73.01052,83.54605867868013,2440,42,488.3528478573385,136.08524223394073,76,5.0,27374,2023-08-26 12:15:00,2023-08-26 12:15:00,27.11147152143042,-96.63414853098352,,2023-08-26,20534,0 days 00:30:00,979,3,False,False,,,,Free
2023-08-26 12:30:00,11.97873146824425,86.86601,112.6967884257407,2441,37,435.390882567206,187.20177414081985,103,5.0,27376,2023-08-26 12:30:00,2023-08-26 12:30:00,27.64109117433183,-96.12298322652184,,2023-08-26,20458,0 days 03:30:00,971,18,False,False,,,,Free
2023-08-26 12:30:00,22.229632703546017,78.75808,388.10966261446777,2441,46,488.8977900417253,119.23728136795346,353,5.0,27383,2023-08-26 12:30:00,2023-08-26 12:30:00,27.10602209958656,-96.80262813482892,,2023-08-26,20528,0 days 01:00:00,978,4,False,False,,,,Free
2023-08-26 12:45:00,10.49017702913279,37.54937,86.42820948938926,2442,40,434.50579450859874,184.24756942080973,79,5.0,27385,2023-08-26 12:45:00,2023-08-26 12:45:00,27.649942054917904,-96.15252527287775,,2023-08-26,20458,0 days 03:45:00,971,18,False,False,,,,Free
2023-08-26 13:00:00,2.360488358793176,9.6,4.376164182959831,2443,61,434.75,179.75,4,5.0,27401,2023-08-26 13:00:00,2023-08-26 13:00:00,27.64750000000389,-96.1975009658006,,2023-08-26,20458,0 days 04:00:00,971,18,False,False,,,,Free
2023-08-26 13:00:00,11.149336694043232,65.90562,97.63104612258586,2443,66,464.6747961518304,36.0392945967499,89,5.0,27406,2023-08-26 13:00:00,2023-08-26 13:00:00,27.34825203848554,-97.6346079787662,,2023-08-26,20565,0 days 00:00:00,980,7,False,False,,,,Free
2023-08-26 13:00:00,19.622846376572028,98.51345,302.42235368101024,2443,68,492.1839307524386,109.72502156256571,275,5.0,27408,2023-08-26 13:00:00,2023-08-26 13:00:00,27.073160692479416,-96.89775073016456,,2023-08-26,20567,0 days 00:00:00,981,3,False,False,,,,Free
2023-08-26 13:15:00,6.133244941421174,23.11111,29.54408199699201,2444,47,436.8376278091729,173.4012269906824,27,5.0,27415,2023-08-26 13:15:00,2023-08-26 13:15:00,27.62662372191216,-96.26098869407956,,2023-08-26,20458,0 days 04:15:00,971,18,False,False,,,,Free
2023-08-26 13:15:00,11.08594413943189,97.74545,96.52398715605976,2444,50,462.6569055069352,32.242746528554186,88,5.0,27418,2023-08-26 13:15:00,2023-08-26 13:15:00,27.36843094493449,-97.67257345836327,,2023-08-26,20565,0 days 00:15:00,980,7,False,False,,,,Free
2023-08-26 13:15:00,,,,2444,53,487.5,196.5,2,5.0,27421,2023-08-26 13:15:00,2023-08-26 13:15:00,27.12000000000381,-96.03000097058714,,2023-08-26,20575,0 days 00:00:00,983,3,False,False,,,,Free
2023-08-26 13:15:00,19.08189470839228,107.11384,285.97816268572365,2444,54,494.6525219522992,103.86213235679377,262,5.0,27422,2023-08-26 13:15:00,2023-08-26 13:15:00,27.04847478048081,-96.9563796205469,,2023-08-26,20567,0 days 00:15:00,981,3,False,False,,,,Free
2023-08-26 13:30:00,12.782305512823584,134.72821,128.32411222127504,2445,83,462.1275645269623,29.65980157512591,117,5.0,27436,2023-08-26 13:30:00,2023-08-26 13:30:00,27.373724354734225,-97.69840290715943,,2023-08-26,20565,0 days 00:30:00,980,7,False,False,,,,Free
2023-08-26 13:30:00,3.545476326814778,34.13333,9.87277094556366,2445,85,464.1815408081491,43.14797862329221,9,5.0,27438,2023-08-26 13:30:00,2023-08-26 13:30:00,27.35318459192236,-97.56352114053216,,2023-08-26,20587,0 days 00:00:00,984,3,False,False,,,,Free
2023-08-26 13:30:00,7.759091694332583,14.065115,47.28372140969229,2445,87,491.1339148267111,190.32888660487683,43,5.0,27439,2023-08-26 13:30:00,2023-08-26 13:30:00,27.08366085173669,-96.09171210277486,,2023-08-26,20575,0 days 00:15:00,983,3,False,False,,,,Free
2023-08-26 13:30:00,16.52556693510181,147.88924,214.48781076253383,2445,88,496.361298828193,97.11782389226332,198,5.0,27440,2023-08-26 13:30:00,2023-08-26 13:30:00,27.031387011721865,-97.02382270326495,,2023-08-26,20567,0 days 00:30:00,981,3,False,False,,,,Free
2023-08-26 13:45:00,12.83622300797047,79.81017,129.4089724055993,2446,57,461.0768667413208,25.83159879099373,127,5.0,27452,2023-08-26 13:45:00,2023-08-26 13:45:00,27.38423133259064,-97.73668493390682,,2023-08-26,20565,0 days 00:45:00,980,7,False,False,,,,Free
2023-08-26 13:45:00,2.363093097652172,57.6,4.385827483337292,2446,58,459.3650190100281,38.15874524749298,4,5.0,27453,2023-08-26 13:45:00,2023-08-26 13:45:00,27.40134980990357,-97.6134134728644,,2023-08-26,20587,0 days 00:15:00,984,3,False,False,,,,Free
2023-08-26 13:45:00,5.67537833348876,14.191305,25.297611405034875,2446,62,494.2071901535343,186.03973510411785,23,5.0,27457,2023-08-26 13:45:00,2023-08-26 13:45:00,27.052928098468453,-96.13460361655676,,2023-08-26,20575,0 days 00:30:00,983,3,False,False,,,,Free
2023-08-26 14:00:00,4.013060494901711,16.800001,12.64856609452118,2447,68,57.75847458454723,498.4364406748269,12,5.0,27466,2023-08-26 14:00:00,2023-08-26 14:00:00,31.417415254159007,-93.01063665012047,,2023-08-26,20607,0 days 00:00:00,985,4,False,False,,,,Free
2023-08-26 14:00:00,4.7226602266881255,12.0,17.517143344288073,2447,71,441.9933993466859,221.5973597544116,18,5.0,27468,2023-08-26 14:00:00,2023-08-26 14:00:00,27.57506600653702,-95.7790273802148,,2023-08-26,20609,0 days 00:00:00,986,6,False,False,,,,Free
2023-08-26 14:00:00,14.030888358793945,72.91916,154.61805985446995,2447,75,460.526011307022,20.876490638406423,141,5.0,27471,2023-08-26 14:00:00,2023-08-26 14:00:00,27.38973988693363,-97.78623601401672,,2023-08-26,20565,0 days 01:00:00,980,7,False,False,,,,Free
2023-08-26 14:15:00,6.535345469963226,51.0,33.54493707674843,2448,118,7.041168485441032,431.0513587065083,32,5.0,27482,2023-08-26 14:15:00,2023-08-26 14:15:00,31.92458831515015,-93.68448745054764,,2023-08-26,20619,0 days 00:00:00,987,4,False,False,,,,Free
2023-08-26 14:15:00,2.001147173974314,9.6,3.145197640510254,2448,119,8.333333333333334,498.6666666666667,3,5.0,27483,2023-08-26 14:15:00,2023-08-26 14:15:00,31.911666666671223,-93.00833439026786,,2023-08-26,20620,0 days 00:00:00,988,4,False,False,,,,Free
2023-08-26 14:15:00,7.596640804840839,79.03257,45.3245045336512,2448,128,58.332286247635125,497.52949676376704,43,5.0,27491,2023-08-26 14:15:00,2023-08-26 14:15:00,31.411677137528127,-93.01970608897192,,2023-08-26,20607,0 days 00:15:00,985,4,False,False,,,,Free
2023-08-26 14:15:00,12.7158205114484,95.75172,126.9926715267112,2448,130,442.3360627518289,220.37907512161155,116,5.0,27493,2023-08-26 14:15:00,2023-08-26 14:15:00,27.57163937248559,-95.79121022619472,,2023-08-26,20609,0 days 00:15:00,986,6,False,False,,,,Free
2023-08-26 14:15:00,14.37479209054531,99.37298,162.29047275576454,2448,135,460.30445616429006,13.340211348121423,148,5.0,27498,2023-08-26 14:15:00,2023-08-26 14:15:00,27.39195543836095,-97.861598804766,,2023-08-26,20565,0 days 01:15:00,980,7,False,False,,,,Free
2023-08-26 14:15:00,6.024466703558536,36.55385,28.5053972855004,2448,138,458.333252062552,26.938078990382262,26,5.0,27500,2023-08-26 14:15:00,2023-08-26 14:15:00,27.41166747937833,-97.7256201322291,,2023-08-26,20587,0 days 00:45:00,984,3,False,False,,,,Free
2023-08-26 14:15:00,8.443930247503523,45.364708,55.9988560829184,2448,142,474.7493442152652,320.7961721557397,51,5.0,27504,2023-08-26 14:15:00,2023-08-26 14:15:00,27.24750655785117,-94.78703928454873,,2023-08-26,20634,0 days 00:00:00,989,3,False,False,,,,Free
2023-08-26 14:30:00,4.0016414918693535,111.19999,12.57668652820641,2449,112,4.645323326561532,5.8677024723485065,12,5.0,27513,2023-08-26 14:30:00,2023-08-26 14:30:00,31.948546766738943,-97.93632389138838,,2023-08-26,20640,0 days 00:00:00,990,5,False,False,,,,Free
2023-08-26 14:30:00,10.138634886205272,103.97922,80.73258310333082,2449,113,8.707770221350765,428.460545309271,77,5.0,27514,2023-08-26 14:30:00,2023-08-26 14:30:00,31.90792229779105,-93.71039558377964,,2023-08-26,20619,0 days 00:15:00,987,4,False,False,,,,Free
2023-08-26 14:30:00,8.648142589069922,20.4,58.74021942700626,2449,114,10.807710019784102,497.6147314989908,58,5.0,27515,2023-08-26 14:30:00,2023-08-26 14:30:00,31.88692289980672,-93.01885374164402,,2023-08-26,20620,0 days 00:15:00,988,4,False,False,,,,Free
2023-08-26 14:30:00,15.516302805829586,133.81332,189.0890475069818,2449,120,26.61136699126829,459.3015820608949,180,5.0,27521,2023-08-26 14:30:00,2023-08-26 14:30:00,31.728886330091846,-93.4019852250766,,2023-08-26,20646,0 days 00:00:00,991,3,False,False,,,,Free
2023-08-26 14:30:00,9.966564566383315,19.45946,78.01549179541766,2449,125,59.88542056076233,494.3650467218037,74,5.0,27525,2023-08-26 14:30:00,2023-08-26 14:30:00,31.39614579439685,-93.05135058848724,,2023-08-26,20607,0 days 00:30:00,985,4,False,False,,,,Free
2023-08-26 14:30:00,11.865077043670338,131.73862,110.56839526729868,2449,127,441.6213458875182,217.98965673645063,101,5.0,27527,2023-08-26 14:30:00,2023-08-26 14:30:00,27.578786541128697,-95.81510440936351,,2023-08-26,20609,0 days 00:30:00,986,6,False,False,,,,Free
2023-08-26 14:30:00,14.75849899066574,70.46154,171.07015985965737,2449,131,460.82250293147735,6.522581286823369,156,5.0,27531,2023-08-26 14:30:00,2023-08-26 14:30:00,27.386774970689075,-97.92977510343076,,2023-08-26,20565,0 days 01:30:00,980,7,False,False,,,,Free
2023-08-26 14:30:00,5.670332809044347,20.86957,25.25265123776265,2449,138,474.3682191734722,318.25917806969323,23,5.0,27538,2023-08-26 14:30:00,2023-08-26 14:30:00,27.251317808269107,-94.8124092246842,,2023-08-26,20634,0 days 00:15:00,989,3,False,False,,,,Free
2023-08-26 14:45:00,11.553450217656458,130.08,104.83668409751655,2450,94,6.677823321341614,5.45686764024256,144,5.0,27543,2023-08-26 14:45:00,2023-08-26 14:45:00,31.928221766791143,-97.94043223959204,,2023-08-26,20640,0 days 00:15:00,990,5,False,False,,,,Free
2023-08-26 14:45:00,8.33394198376528,33.600002,54.54950663130113,2450,96,12.831632024313349,496.6993151169376,61,5.0,27545,2023-08-26 14:45:00,2023-08-26 14:45:00,31.86668367976141,-93.02800790520295,,2023-08-26,20620,0 days 00:30:00,988,4,False,False,,,,Free
2023-08-26 14:45:00,15.90188381751358,123.68254,198.60356206443305,2450,97,29.70625483187968,459.6873039700192,287,5.0,27546,2023-08-26 14:45:00,2023-08-26 14:45:00,31.697937451685725,-93.3981280060956,,2023-08-26,20646,0 days 00:15:00,991,3,False,False,,,,Free
2023-08-26 14:45:00,7.418514220806671,17.092682,43.223879961848105,2450,102,60.28116174762062,492.1214199282917,41,5.0,27551,2023-08-26 14:45:00,2023-08-26 14:45:00,31.392188382528268,-93.07378685578124,,2023-08-26,20607,0 days 00:45:00,985,4,False,False,,,,Free
2023-08-26 14:45:00,,,,2450,105,160.0,441.3333333333333,3,5.0,27553,2023-08-26 14:45:00,2023-08-26 14:45:00,30.39500000000432,-93.5816677072176,,2023-08-26,20666,0 days 00:00:00,993,5,False,False,,,,Free
2023-08-26 14:45:00,5.588949880070998,32.556522,24.532980373652208,2450,106,172.156831817406,405.0643735992871,23,5.0,27554,2023-08-26 14:45:00,2023-08-26 14:45:00,30.27343168183024,-93.94435729419382,,2023-08-26,20667,0 days 00:00:00,994,6,False,False,,,,Free
2023-08-26 14:45:00,9.73363456043474,52.2353,74.41148222881857,2450,107,437.9914072123362,195.73717308271705,68,5.0,27555,2023-08-26 14:45:00,2023-08-26 14:45:00,27.615085927880525,-96.03762923954196,,2023-08-26,20668,0 days 00:00:00,995,6,False,False,,,,Free
2023-08-26 14:45:00,10.35981930681391,39.646755,84.2935302423067,2450,108,440.793462783677,213.54839193586827,77,5.0,27556,2023-08-26 14:45:00,2023-08-26 14:45:00,27.58706537216711,-95.85951705610016,,2023-08-26,20609,0 days 00:45:00,986,6,False,False,,,,Free
2023-08-26 14:45:00,2.047791491156773,9.6,3.29352792143,2450,116,473.0,316.0,3,5.0,27563,2023-08-26 14:45:00,2023-08-26 14:45:00,27.26500000000383,-94.83500100473556,,2023-08-26,20634,0 days 00:30:00,989,3,False,False,,,,Free
2023-08-26 15:00:00,11.260892474914558,189.37263,99.59453415968449,2451,118,8.303698900360942,3.9068567352134216,108,5.0,27571,2023-08-26 15:00:00,2023-08-26 15:00:00,31.911963011000942,-97.95593234819938,,2023-08-26,20640,0 days 00:30:00,990,5,False,False,,,,Free
2023-08-26 15:00:00,15.763369728311076,72.72258,195.1587399393248,2451,120,15.535036916306316,428.1332592299209,187,5.0,27573,2023-08-26 15:00:00,2023-08-26 15:00:00,31.83964963084148,-93.71366844447964,,2023-08-26,20619,0 days 00:45:00,987,4,False,False,,,,Free
2023-08-26 15:00:00,2.311279921142927,9.6,4.195608670785989,2451,122,13.0,496.8333333333333,6,5.0,27575,2023-08-26 15:00:00,2023-08-26 15:00:00,31.86500000000455,-93.02666772307732,,2023-08-26,20620,0 days 00:45:00,988,4,False,False,,,,Free
2023-08-26 15:00:00,22.61196070093021,40.66178,401.57468314162696,2451,125,32.600290597074924,459.2471785043496,383,5.0,27578,2023-08-26 15:00:00,2023-08-26 15:00:00,31.66899709403377,-93.40252926062652,,2023-08-26,20646,0 days 00:30:00,991,3,False,False,,,,Free
2023-08-26 15:00:00,4.172161195748928,17.72308,13.671370101007836,2451,130,36.91414752031024,37.08101573667492,13,5.0,27582,2023-08-26 15:00:00,2023-08-26 15:00:00,31.62585852480141,-97.62419076766464,,2023-08-26,20686,0 days 00:00:00,996,3,False,False,,,,Free
2023-08-26 15:00:00,10.108803637127249,114.18945,80.25819760039923,2451,131,75.48937146078892,412.7600742051565,76,5.0,27583,2023-08-26 15:00:00,2023-08-26 15:00:00,31.240106285396564,-93.86740029033422,,2023-08-26,20687,0 days 00:00:00,997,3,False,False,,,,Free
2023-08-26 15:00:00,6.988245283212841,82.4,38.35536866592096,2451,133,161.17212173741746,439.9517657083614,36,5.0,27585,2023-08-26 15:00:00,2023-08-26 15:00:00,30.383278782630143,-93.59548338307252,,2023-08-26,20666,0 days 00:15:00,993,5,False,False,,,,Free
2023-08-26 15:00:00,3.683946817597046,14.4,10.659003021859728,2451,134,165.09361702775243,409.0574468009555,10,5.0,27586,2023-08-26 15:00:00,2023-08-26 15:00:00,30.34406382972679,-93.90442656331815,,2023-08-26,20689,0 days 00:00:00,998,3,False,False,,,,Free
2023-08-26 15:00:00,6.592725024519052,67.2,34.13656403356556,2451,136,173.0422025774175,404.3860530501722,32,5.0,27588,2023-08-26 15:00:00,2023-08-26 15:00:00,30.264577974230125,-93.95114049949107,,2023-08-26,20667,0 days 00:15:00,994,6,False,False,,,,Free
2023-08-26 15:00:00,11.260274061628104,84.60659,99.5835956142472,2451,142,437.7949532190784,192.1085282216841,91,5.0,27592,2023-08-26 15:00:00,2023-08-26 15:00:00,27.6170504678131,-96.07391568711536,,2023-08-26,20668,0 days 00:15:00,995,6,False,False,,,,Free
2023-08-26 15:00:00,7.919674126220795,24.746666,49.26114533976189,2451,143,441.4402430769165,210.2631104924351,45,5.0,27593,2023-08-26 15:00:00,2023-08-26 15:00:00,27.580597569234715,-95.89236986959573,,2023-08-26,20609,0 days 01:00:00,986,6,False,False,,,,Free
2023-08-26 15:15:00,9.599075408913713,75.4087,72.36835290501269,2452,136,11.743114737321427,2.4130748074090254,69,5.0,27606,2023-08-26 15:15:00,2023-08-26 15:15:00,31.87756885263133,-97.97087016705058,,2023-08-26,20640,0 days 00:45:00,990,5,False,False,,,,Free
2023-08-26 15:15:00,14.30000510450849,113.9451,160.6061850926122,2452,139,19.947506093256266,428.6790852262173,153,5.0,27609,2023-08-26 15:15:00,2023-08-26 15:15:00,31.79552493907197,-93.70821018467268,,2023-08-26,20619,0 days 01:00:00,987,4,False,False,,,,Free
2023-08-26 15:15:00,6.747832264203184,50.541172,35.76172327831091,2452,146,38.32355979690014,35.957375343454245,34,5.0,27616,2023-08-26 15:15:00,2023-08-26 15:15:00,31.611764402035508,-97.63542717127577,,2023-08-26,20686,0 days 00:15:00,996,3,False,False,,,,Free
2023-08-26 15:15:00,10.816725896478085,73.93104,91.8928096471244,2452,150,76.90718693411777,410.8780723570407,87,5.0,27619,2023-08-26 15:15:00,2023-08-26 15:15:00,31.22592813066327,-93.8862203082776,,2023-08-26,20687,0 days 00:15:00,997,3,False,False,,,,Free
2023-08-26 15:15:00,10.548009630463184,112.74146,87.38379798554448,2452,153,163.93799518978545,437.3020781650968,82,5.0,27622,2023-08-26 15:15:00,2023-08-26 15:15:00,30.35562004810646,-93.62198025774796,,2023-08-26,20666,0 days 00:30:00,993,5,False,False,,,,Free
2023-08-26 15:15:00,6.27358391402322,32.44138,30.91158713145172,2452,154,165.57501884890883,407.18270921090425,29,5.0,27623,2023-08-26 15:15:00,2023-08-26 15:15:00,30.339249811515224,-93.92317393868296,,2023-08-26,20689,0 days 00:15:00,998,3,False,False,,,,Free
2023-08-26 15:15:00,7.371190864199335,32.4,42.67418097492208,2452,156,174.09069344012337,401.4625912496837,40,5.0,27625,2023-08-26 15:15:00,2023-08-26 15:15:00,30.254093065603065,-93.98037511666058,,2023-08-26,20667,0 days 00:30:00,994,6,False,False,,,,Free
2023-08-26 15:15:00,11.198111894513817,106.13333,98.48713112985736,2452,169,437.49395736194,187.75748188840768,90,5.0,27635,2023-08-26 15:15:00,2023-08-26 15:15:00,27.620060426384487,-96.1174261492048,,2023-08-26,20668,0 days 00:30:00,995,6,False,False,,,,Free
2023-08-26 15:15:00,4.722485366932447,9.6,17.51584619964811,2452,170,441.75,208.5,16,5.0,27636,2023-08-26 15:15:00,2023-08-26 15:15:00,27.57750000000388,-95.91000097401628,,2023-08-26,20609,0 days 01:15:00,986,6,False,False,,,,Free
2023-08-26 15:30:00,6.639325149859949,20.363636,34.62085247653199,2453,143,14.58816568552206,1.3743589898122306,33,5.0,27646,2023-08-26 15:30:00,2023-08-26 15:30:00,31.849118343149325,-97.98125732492969,,2023-08-26,20640,0 days 01:00:00,990,5,False,False,,,,Free
2023-08-26 15:30:00,19.556977293055013,227.61397,300.3954459493523,2453,145,26.16124056637228,438.38275984852953,286,5.0,27648,2023-08-26 15:30:00,2023-08-26 15:30:00,31.733387594340805,-93.61117344122248,,2023-08-26,20727,0 days 00:00:00,999,4,False,False,,,,Free
2023-08-26 15:30:00,4.330488030235455,10.97143,14.728671173901729,2453,158,40.38516746793555,35.055023923990795,14,5.0,27655,2023-08-26 15:30:00,2023-08-26 15:30:00,31.59114832532515,-97.64445068521252,,2023-08-26,20686,0 days 00:30:00,996,3,False,False,,,,Free
2023-08-26 15:30:00,4.920694747628767,9.600001,19.017031712110192,2453,163,80.16666666666667,408.0,18,5.0,27659,2023-08-26 15:30:00,2023-08-26 15:30:00,31.193333333337776,-93.91500103102555,,2023-08-26,20687,0 days 00:30:00,997,3,False,False,,,,Free
2023-08-26 15:30:00,3.0790558716811187,21.942858,7.446034094790829,2453,167,145.27824620749635,498.8414839782723,7,5.0,27662,2023-08-26 15:30:00,2023-08-26 15:30:00,30.54221753792938,-93.0065862172018,,2023-08-26,20734,0 days 00:00:00,1000,4,False,False,,,,Free
2023-08-26 15:30:00,12.38371496240764,109.2531,120.44583197583408,2453,168,165.50909121159,434.2558274034556,113,5.0,27663,2023-08-26 15:30:00,2023-08-26 15:30:00,30.33990908788841,-93.65244276449393,,2023-08-26,20666,0 days 00:45:00,993,5,False,False,,,,Free
2023-08-26 15:30:00,6.590162127378738,59.4,34.11002826979479,2453,169,165.41084560800675,402.98552388911895,32,5.0,27664,2023-08-26 15:30:00,2023-08-26 15:30:00,30.340891543924243,-93.9651457907014,,2023-08-26,20689,0 days 00:30:00,998,3,False,False,,,,Free
2023-08-26 15:30:00,10.153956764054392,114.68108,80.97677957978567,2453,179,436.7874180575234,184.3826573265272,74,5.0,27672,2023-08-26 15:30:00,2023-08-26 15:30:00,27.62712581942865,-96.15117439385916,,2023-08-26,20668,0 days 00:45:00,995,6,False,False,,,,Free
2023-08-26 15:30:00,4.870901702330071,36.70588,18.63410816281,2453,182,455.6994434197626,23.90241186916335,17,5.0,27674,2023-08-26 15:30:00,2023-08-26 15:30:00,27.43800556580624,-97.7559768025738,,2023-08-26,20741,0 days 00:00:00,1001,3,False,False,,,,Free
2023-08-26 15:30:00,3.739645668671898,11.5199995,10.983753830961478,2453,185,478.42944785186336,1.4938650369563398,10,5.0,27677,2023-08-26 15:30:00,2023-08-26 15:30:00,27.21070552148519,-97.9800622644924,,2023-08-26,20743,0 days 00:00:00,1002,3,False,False,,,,Free
2023-08-26 15:45:00,18.143130630941563,225.2878,258.5320181520744,2454,77,30.40402323341003,437.2181808691553,247,5.0,27681,2023-08-26 15:45:00,2023-08-26 15:45:00,31.69095976767042,-93.62281923068343,,2023-08-26,20727,0 days 00:15:00,999,4,False,False,,,,Free
2023-08-26 15:45:00,8.632023572117728,97.39636,58.52145517919392,2454,83,147.25424069013988,496.7326143825151,55,5.0,27687,2023-08-26 15:45:00,2023-08-26 15:45:00,30.522457593102946,-93.02767491255672,,2023-08-26,20734,0 days 00:15:00,1000,4,False,False,,,,Free
2023-08-26 15:45:00,10.15683833671055,24.505264,81.02274660306043,2454,86,166.68780358360976,433.60240145738,76,5.0,27690,2023-08-26 15:45:00,2023-08-26 15:45:00,30.32812196416821,-93.65897702376792,,2023-08-26,20666,0 days 01:00:00,993,5,False,False,,,,Free
2023-08-26 15:45:00,11.301231128349956,127.55745,100.30934520098626,2454,87,176.28521578942755,393.6569910681153,94,5.0,27691,2023-08-26 15:45:00,2023-08-26 15:45:00,30.23214784211002,-94.05843111624574,,2023-08-26,20667,0 days 01:00:00,994,6,False,False,,,,Free
2023-08-26 15:45:00,8.833399432953957,50.57143,61.283790520613714,2454,93,437.4494514099528,181.38197490996947,56,5.0,27696,2023-08-26 15:45:00,2023-08-26 15:45:00,27.62050548590436,-96.18118121716724,,2023-08-26,20668,0 days 01:00:00,995,6,False,False,,,,Free
2023-08-26 15:45:00,,,,2454,95,453.9714211076617,21.4202009418031,41,5.0,27698,2023-08-26 15:45:00,2023-08-26 15:45:00,27.45528578892724,-97.7807989111381,,2023-08-26,20741,0 days 00:15:00,1001,3,False,False,,,,Free
2023-08-26 15:45:00,5.913174776372918,72.192,27.46194624610552,2454,97,479.6016192504681,0.8065245843063663,25,5.0,27700,2023-08-26 15:45:00,2023-08-26 15:45:00,27.19898380749914,-97.98693566882248,,2023-08-26,20743,0 days 00:15:00,1002,3,False,False,,,,Free
2023-08-26 15:45:00,3.5477287725586155,9.6,9.88531929885846,2454,98,478.3333333333333,236.22222222222223,9,5.0,27701,2023-08-26 15:45:00,2023-08-26 15:45:00,27.21166666667049,-95.63277875971596,,2023-08-26,20756,0 days 00:00:00,1003,3,False,False,,,,Free
2023-08-26 16:00:00,17.00348442618113,123.2,227.07312526294623,2455,115,32.44348092803155,437.1464090600365,216,5.0,27703,2023-08-26 16:00:00,2023-08-26 16:00:00,31.670565190724204,-93.62353694875412,,2023-08-26,20727,0 days 00:30:00,999,4,False,False,,,,Free
2023-08-26 16:00:00,6.441968052845001,45.52258,32.59320099306805,2455,116,34.44738100056464,411.2139786713789,31,5.0,27704,2023-08-26 16:00:00,2023-08-26 16:00:00,31.65052618999887,-93.88286124523016,,2023-08-26,20757,0 days 00:00:00,1004,4,False,False,,,,Free
2023-08-26 16:00:00,11.928064312317751,157.89714,111.74544399528745,2455,124,150.4858790991525,495.5929040377157,105,5.0,27710,2023-08-26 16:00:00,2023-08-26 16:00:00,30.49014120901281,-93.03907201567904,,2023-08-26,20734,0 days 00:30:00,1000,4,False,False,,,,Free
2023-08-26 16:00:00,11.302202970661652,42.48511,100.32659802174403,2455,127,178.1236235517509,391.7495174749274,94,5.0,27713,2023-08-26 16:00:00,2023-08-26 16:00:00,30.21376376448678,-94.07750585163252,,2023-08-26,20667,0 days 01:15:00,994,6,False,False,,,,Free
2023-08-26 16:00:00,3.5414557988353854,9.6,9.850392431624895,2455,145,438.5833333333333,177.66666666666666,12,5.0,27723,2023-08-26 16:00:00,2023-08-26 16:00:00,27.60916666667055,-96.2183342985386,,2023-08-26,20668,0 days 01:15:00,995,6,False,False,,,,Free
2023-08-26 16:00:00,4.574728049618425,33.28,16.43692014947486,2455,146,452.8010372415067,19.595473842980645,15,5.0,27724,2023-08-26 16:00:00,2023-08-26 16:00:00,27.466989627588795,-97.79904618160492,,2023-08-26,20741,0 days 00:30:00,1001,3,False,False,,,,Free
2023-08-26 16:00:00,5.5469175117462735,35.34545,24.16536150588801,2455,149,479.44637507137736,233.91312163088244,22,5.0,27727,2023-08-26 16:00:00,2023-08-26 16:00:00,27.20053624929005,-95.65586976496952,,2023-08-26,20756,0 days 00:15:00,1003,3,False,False,,,,Free
2023-08-26 16:00:00,,,,2455,150,481.4102563998063,0.1965812000645564,3,5.0,27728,2023-08-26 16:00:00,2023-08-26 16:00:00,27.18089743600576,-97.99303510249064,,2023-08-26,20743,0 days 00:30:00,1002,3,False,False,,,,Free
2023-08-26 16:15:00,15.697632279021596,24.313042,193.5344061424325,2456,118,36.75928639288459,435.7714992634321,184,5.0,27730,2023-08-26 16:15:00,2023-08-26 16:15:00,31.627407136075668,-93.63728604632723,,2023-08-26,20727,0 days 00:45:00,999,4,False,False,,,,Free
2023-08-26 16:15:00,9.258087371923516,92.40001,67.31819015564587,2456,120,38.1716962048405,409.9939573821979,64,5.0,27732,2023-08-26 16:15:00,2023-08-26 16:15:00,31.613283037956105,-93.89506145777337,,2023-08-26,20757,0 days 00:15:00,1004,4,False,False,,,,Free
2023-08-26 16:15:00,13.72631913657628,73.277695,147.97831077288004,2456,124,153.9278864949374,495.7235369659825,139,5.0,27736,2023-08-26 16:15:00,2023-08-26 16:15:00,30.455721135054954,-93.03776568643372,,2023-08-26,20734,0 days 00:45:00,1000,4,False,False,,,,Free
2023-08-26 16:15:00,4.663863838218082,11.4,17.083687033898006,2456,131,182.48411214353527,390.3046728968631,17,5.0,27742,2023-08-26 16:15:00,2023-08-26 16:15:00,30.17015887856893,-94.09195429700031,,2023-08-26,20667,0 days 01:30:00,994,6,False,False,,,,Free
2023-08-26 16:30:00,8.661706062627418,43.714287,58.9246165229356,2457,58,42.17849581362696,407.5248089740208,57,5.0,27760,2023-08-26 16:30:00,2023-08-26 16:30:00,31.573215041868234,-93.91975294114955,,2023-08-26,20757,0 days 00:30:00,1004,4,False,False,,,,Free
2023-08-26 16:30:00,16.55417430282418,84.8792,215.23105214681783,2457,65,164.5298346307351,495.67075286396056,202,5.0,27767,2023-08-26 16:30:00,2023-08-26 16:30:00,30.34970165369696,-93.03829352743884,,2023-08-26,20795,0 days 00:00:00,1006,3,False,False,,,,Free
2023-08-26 16:30:00,1.672877610079102,9.6,2.1979520741998853,2457,71,484.0,228.2,5,5.0,27771,2023-08-26 16:30:00,2023-08-26 16:30:00,27.155000000003813,-95.71300097964576,,2023-08-26,20756,0 days 00:45:00,1003,3,False,False,,,,Free
2023-08-26 16:45:00,5.552092636835151,14.191305,24.210473807119257,2458,43,45.717592592388186,404.01759259680335,24,5.0,27772,2023-08-26 16:45:00,2023-08-26 16:45:00,31.537824074080618,-93.95482510391952,,2023-08-26,20757,0 days 00:45:00,1004,4,False,False,,,,Free
2023-08-26 16:45:00,14.267347138557264,139.648,159.87344660618328,2458,47,166.3538849687359,495.98662299888827,167,5.0,27776,2023-08-26 16:45:00,2023-08-26 16:45:00,30.33146115031695,-93.0351348261798,,2023-08-26,20795,0 days 00:15:00,1006,3,False,False,,,,Free
2023-08-26 17:00:00,17.162410500956177,100.999084,231.3377207150739,2459,66,170.12578837830603,494.9125084090426,259,5.0,27790,2023-08-26 17:00:00,2023-08-26 17:00:00,30.29374211622124,-93.04587597177137,,2023-08-26,20795,0 days 00:30:00,1006,3,False,False,,,,Free
2023-08-26 17:15:00,3.0554879509396407,12.342856,7.332482451508556,2460,79,0.2684824946040405,418.9922179067741,7,5.0,27797,2023-08-26 17:15:00,2023-08-26 17:15:00,31.99231517505853,-93.80507885509894,,2023-08-26,20819,0 days 00:00:00,1007,3,False,False,,,,Free
2023-08-26 17:15:00,8.394687356279073,136.24615,55.34761789410952,2460,86,151.33621498968333,466.3921580114183,52,5.0,27804,2023-08-26 17:15:00,2023-08-26 17:15:00,30.4816378501075,-93.3310794675976,,2023-08-26,20823,0 days 00:00:00,1008,4,False,False,,,,Free
2023-08-26 17:30:00,7.485192231978266,52.800007,44.004368998232586,2461,61,1.7855150468296077,417.2701733515391,42,5.0,27815,2023-08-26 17:30:00,2023-08-26 17:30:00,31.97714484953627,-93.82229930015922,,2023-08-26,20819,0 days 00:15:00,1007,3,False,False,,,,Free
2023-08-26 17:30:00,8.942315576145164,118.61695,62.80437031195206,2461,67,152.4511442102129,465.768475685004,59,5.0,27820,2023-08-26 17:30:00,2023-08-26 17:30:00,30.470488557902204,-93.33731629068348,,2023-08-26,20823,0 days 00:15:00,1008,4,False,False,,,,Free
2023-08-26 17:45:00,3.465376528265002,9.6,9.431716547217256,2462,61,4.555555555555555,415.1111111111111,9,5.0,27832,2023-08-26 17:45:00,2023-08-26 17:45:00,31.949444444449007,-93.84388992194653,,2023-08-26,20819,0 days 00:30:00,1007,3,False,False,,,,Free
2023-08-26 17:45:00,10.607437100069673,78.766266,88.37121207646632,2462,64,154.59206874101426,466.2099434916082,83,5.0,27834,2023-08-26 17:45:00,2023-08-26 17:45:00,30.449079312594183,-93.33290161274364,,2023-08-26,20823,0 days 00:30:00,1008,4,False,False,,,,Free
2023-08-26 18:00:00,4.498784542873032,12.160002,15.895722408938449,2463,44,109.04283054069867,422.3929236482533,15,5.0,27846,2023-08-26 18:00:00,2023-08-26 18:00:00,30.90457169459741,-93.77107179865595,,2023-08-26,20854,0 days 00:00:00,1009,4,False,False,,,,Free
2023-08-26 18:00:00,6.9868638143079815,13.866668,38.34020562865897,2463,45,157.2334774536002,464.7998764641352,37,5.0,27847,2023-08-26 18:00:00,2023-08-26 18:00:00,30.42266522546832,-93.3470022826154,,2023-08-26,20823,0 days 00:45:00,1008,4,False,False,,,,Free
2023-08-26 18:15:00,8.693573656844823,42.51429,59.35899747969794,2464,85,111.21896076033622,422.2248503753484,57,5.0,27856,2023-08-26 18:15:00,2023-08-26 18:15:00,30.88281039240104,-93.772752531337,,2023-08-26,20854,0 days 00:15:00,1009,4,False,False,,,,Free
2023-08-26 18:30:00,9.720451442138923,24.96,74.21005468270646,2465,64,112.82192957229884,421.6278270678003,70,5.0,27878,2023-08-26 18:30:00,2023-08-26 18:30:00,30.866780704281407,-93.77872276424188,,2023-08-26,20854,0 days 00:30:00,1009,4,False,False,,,,Free
2023-08-26 18:30:00,2.600339149921172,9.6,5.31067678707641,2465,65,131.16666666666666,429.6666666666667,6,5.0,27879,2023-08-26 18:30:00,2023-08-26 18:30:00,30.6833333333377,-93.69833437055036,,2023-08-26,20881,0 days 00:00:00,1012,4,False,False,,,,Free
2023-08-26 18:45:00,,,,2466,97,116.125,420.25,8,5.0,27892,2023-08-26 18:45:00,2023-08-26 18:45:00,30.83375000000439,-93.79250103452614,,2023-08-26,20854,0 days 00:45:00,1009,4,False,False,,,,Free
2023-08-26 18:45:00,7.802380971238466,30.720001,47.8128008763714,2466,98,134.24174874938356,427.6841195729043,45,5.0,27893,2023-08-26 18:45:00,2023-08-26 18:45:00,30.652582512510524,-93.71815984092149,,2023-08-26,20881,0 days 00:15:00,1012,4,False,False,,,,Free
2023-08-26 19:00:00,9.52175836034425,31.665676,71.20724662352832,2467,92,136.80118661829798,426.4449792931345,67,5.0,27912,2023-08-26 19:00:00,2023-08-26 19:00:00,30.62698813382137,-93.73055124336508,,2023-08-26,20881,0 days 00:30:00,1012,4,False,False,,,,Free
2023-08-26 19:15:00,3.2663999655993363,22.800001,8.379702609289126,2468,91,0.0997191014057788,2.997191014057788,8,5.0,27926,2023-08-26 19:15:00,2023-08-26 19:15:00,31.994002808990512,-97.965029005151,,2023-08-26,20911,0 days 00:00:00,1013,3,False,False,,,,Free
2023-08-26 19:15:00,6.683897726429721,14.836364,35.087261467884126,2468,94,140.7455329718479,424.53111520922704,33,5.0,27929,2023-08-26 19:15:00,2023-08-26 19:15:00,30.587544670285872,-93.74968988365724,,2023-08-26,20881,0 days 00:45:00,1012,4,False,False,,,,Free
2023-08-26 19:15:00,3.31563840358304,9.6,8.634241740898297,2468,114,290.625,286.25,8,5.0,27943,2023-08-26 19:15:00,2023-08-26 19:15:00,29.088750000004115,-95.13250099623416,,2023-08-26,20922,0 days 00:00:00,1014,4,False,False,,,,Free
2023-08-26 19:30:00,5.164835905911032,44.16,20.95091221859309,2469,43,0.3695097178086203,1.5600102501968238,20,5.0,27947,2023-08-26 19:30:00,2023-08-26 19:30:00,31.99130490282648,-97.97940081237893,,2023-08-26,20911,0 days 00:15:00,1013,3,False,False,,,,Free
2023-08-26 19:30:00,13.444995288661431,265.88443,141.9747753355621,2469,44,36.9122812995181,19.174994456155,135,5.0,27948,2023-08-26 19:30:00,2023-08-26 19:30:00,31.62587718700933,-97.80325097535302,,2023-08-26,20925,0 days 00:00:00,1015,6,False,False,,,,Free
2023-08-26 19:30:00,5.242249095310182,9.600001,21.583664826398856,2469,52,289.7,288.6,20,5.0,27952,2023-08-26 19:30:00,2023-08-26 19:30:00,29.09800000000412,-95.1090009969057,,2023-08-26,20922,0 days 00:15:00,1014,4,False,False,,,,Free
2023-08-26 19:45:00,5.292631137232976,36.11428,22.00052964945775,2470,73,0.9146005647555904,0.7600245057223859,21,5.0,27955,2023-08-26 19:45:00,2023-08-26 19:45:00,31.98585399435701,-97.98740066959505,,2023-08-26,20911,0 days 00:30:00,1013,3,False,False,,,,Free
2023-08-26 19:45:00,5.167772330459162,24.0,20.974741924948777,2470,74,11.35052632203987,24.263684210661044,20,5.0,27956,2023-08-26 19:45:00,2023-08-26 19:45:00,31.881494736784152,-97.75236407926208,,2023-08-26,20930,0 days 00:00:00,1016,10,False,False,,,,Free
2023-08-26 19:45:00,12.83497261493078,159.29756,129.38376184372177,2470,75,38.99942069521612,17.153951472296885,125,5.0,27957,2023-08-26 19:45:00,2023-08-26 19:45:00,31.60500579305235,-97.82346140461402,,2023-08-26,20925,0 days 00:15:00,1015,6,False,False,,,,Free
2023-08-26 19:45:00,1.6572046591163387,9.6,2.1569604035257512,2470,91,283.3333333333333,322.0,3,5.0,27965,2023-08-26 19:45:00,2023-08-26 19:45:00,29.1616666666708,-94.77500100645013,,2023-08-26,20938,0 days 00:00:00,1017,4,False,False,,,,Free
2023-08-26 19:45:00,5.742865744781581,10.400001,25.902829596331568,2470,92,289.0317612991008,290.0086621891707,41,5.0,27966,2023-08-26 19:45:00,2023-08-26 19:45:00,29.10468238701311,-95.09491437541652,,2023-08-26,20922,0 days 00:30:00,1014,4,False,False,,,,Free
2023-08-26 20:00:00,10.84106390045876,47.454544,92.30679881080538,2471,122,12.339186305900142,22.1214132718772,88,5.0,27970,2023-08-26 20:00:00,2023-08-26 20:00:00,31.87160813694555,-97.77378678803774,,2023-08-26,20930,0 days 00:15:00,1016,10,False,False,,,,Free
2023-08-26 20:00:00,14.641786993789948,140.34,168.37517123779602,2471,123,42.73403094673552,14.139029489250028,160,5.0,27971,2023-08-26 20:00:00,2023-08-26 20:00:00,31.56765969053715,-97.85361062358294,,2023-08-26,20925,0 days 00:30:00,1015,6,False,False,,,,Free
2023-08-26 20:00:00,8.288046749982033,11.135999,53.95034988814757,2471,150,287.7482057292094,291.016746422809,56,5.0,27989,2023-08-26 20:00:00,2023-08-26 20:00:00,29.117517942712027,-95.08483353336824,,2023-08-26,20922,0 days 00:45:00,1014,4,False,False,,,,Free
2023-08-26 20:15:00,13.025150571736107,70.3748,133.24636995286386,2472,200,14.50615470570816,17.643774219791005,127,5.0,27996,2023-08-26 20:15:00,2023-08-26 20:15:00,31.849938452947463,-97.81856317727907,,2023-08-26,20930,0 days 00:30:00,1016,10,False,False,,,,Free
2023-08-26 20:15:00,14.552274004485884,93.20506,166.32273131736892,2472,201,45.87310925986996,12.069616246717686,158,5.0,27997,2023-08-26 20:15:00,2023-08-26 20:15:00,31.5362689074058,-97.87430475541692,,2023-08-26,20925,0 days 00:45:00,1015,6,False,False,,,,Free
2023-08-26 20:15:00,1.657325686032033,9.6,2.157275463944905,2472,242,284.5,319.0,2,5.0,28018,2023-08-26 20:15:00,2023-08-26 20:15:00,29.150000000004127,-94.80500100559284,,2023-08-26,20938,0 days 00:30:00,1017,4,False,False,,,,Free
2023-08-26 20:30:00,3.266422222441669,12.0,8.379816806176922,2473,166,0.1642857167185567,36.49285715015567,8,5.0,28028,2023-08-26 20:30:00,2023-08-26 20:30:00,31.993357142837382,-97.63007235336175,,2023-08-26,20985,0 days 00:00:00,1018,3,False,False,,,,Free
2023-08-26 20:30:00,16.91010732532876,97.25608,224.58596336922287,2473,169,17.40835139911866,14.758625935066112,214,5.0,28031,2023-08-26 20:30:00,2023-08-26 20:30:00,31.82091648601336,-97.84741465930188,,2023-08-26,20930,0 days 00:45:00,1016,10,False,False,,,,Free
2023-08-26 20:30:00,11.636473104495826,26.803963,106.34880676740202,2473,170,49.48124600720345,8.156116609534337,101,5.0,28032,2023-08-26 20:30:00,2023-08-26 20:30:00,31.50018753993246,-97.91343975067042,,2023-08-26,20925,0 days 01:00:00,1015,6,False,False,,,,Free
2023-08-26 20:30:00,1.1720487656362195,9.6,1.0789001289738602,2473,202,286.5,320.5,2,5.0,28049,2023-08-26 20:30:00,2023-08-26 20:30:00,29.130000000004124,-94.7900010060215,,2023-08-26,20938,0 days 00:45:00,1017,4,False,False,,,,Free
2023-08-26 20:45:00,14.610137259734628,41.82,167.64803734766622,2474,145,2.795050252207077,33.90293992127168,160,5.0,28060,2023-08-26 20:45:00,2023-08-26 20:45:00,31.96704949748249,-97.65597152491053,,2023-08-26,20985,0 days 00:15:00,1018,3,False,False,,,,Free
2023-08-26 20:45:00,15.89437219835453,160.8635,198.4159764943315,2474,146,20.42226613552221,10.686973411266996,189,5.0,28061,2023-08-26 20:45:00,2023-08-26 20:45:00,31.79077733864932,-97.88813118337634,,2023-08-26,20930,0 days 01:00:00,1016,10,False,False,,,,Free
2023-08-26 20:45:00,5.048711035186792,9.600001,20.01939322589825,2474,147,54.73684210526316,5.2105263157894735,19,5.0,28062,2023-08-26 20:45:00,2023-08-26 20:45:00,31.447631578951853,-97.94289565276614,,2023-08-26,20925,0 days 01:15:00,1015,6,False,False,,,,Free
2023-08-26 20:45:00,9.59466199651058,9.743282,72.30182192183844,2474,170,289.3329886249692,319.91468459357264,82,5.0,28077,2023-08-26 20:45:00,2023-08-26 20:45:00,29.101670113754427,-94.79585415991846,,2023-08-26,20938,0 days 01:00:00,1017,4,False,False,,,,Free
2023-08-26 21:00:00,16.859179501798604,38.26479,223.23523852928028,2475,97,6.403687285514405,31.75423557281032,215,5.0,28084,2023-08-26 21:00:00,2023-08-26 21:00:00,31.93096312714941,-97.67745856778112,,2023-08-26,20985,0 days 00:30:00,1018,3,False,False,,,,Free
2023-08-26 21:00:00,16.876723198715844,96.94648,223.7000783582462,2475,99,24.039878277807905,9.15873698962804,213,5.0,28085,2023-08-26 21:00:00,2023-08-26 21:00:00,31.75460121722645,-97.903413547156,,2023-08-26,20930,0 days 01:15:00,1016,10,False,False,,,,Free
2023-08-26 21:15:00,15.560211581432265,99.55359,190.16074819550192,2476,228,29.00813358799554,9.481950660026468,181,5.0,28102,2023-08-26 21:15:00,2023-08-26 21:15:00,31.70491866412457,-97.9001814105444,,2023-08-26,20930,0 days 01:30:00,1016,10,False,False,,,,Free
2023-08-26 21:30:00,14.121663147228356,79.1839,156.62517777459362,2477,118,33.36044491232246,7.990775892299952,150,5.0,28138,2023-08-26 21:30:00,2023-08-26 21:30:00,31.66139555088129,-97.91509315779552,,2023-08-26,20930,0 days 01:45:00,1016,10,False,False,,,,Free
2023-08-26 21:45:00,12.300552252039047,42.647785,118.83355832826769,2478,130,36.87269052377561,5.558083768324035,113,5.0,28157,2023-08-26 21:45:00,2023-08-26 21:45:00,31.62627309476676,-97.9394200783401,,2023-08-26,20930,0 days 02:00:00,1016,10,False,False,,,,Free
2023-08-26 21:45:00,2.6222049927314544,9.6,5.400365588971701,2478,165,298.2,301.4,5,5.0,28177,2023-08-26 21:45:00,2023-08-26 21:45:00,29.013000000004105,-94.98100100056342,,2023-08-26,21106,0 days 00:00:00,1019,3,False,False,,,,Free
2023-08-26 22:00:00,6.338561356985231,11.200002,31.555224814057635,2479,157,38.59784946457087,1.838709688997086,30,5.0,28182,2023-08-26 22:00:00,2023-08-26 22:00:00,31.6090215053588,-97.97661381807052,,2023-08-26,20930,0 days 02:15:00,1016,10,False,False,,,,Free
2023-08-26 22:00:00,1.658090689130317,9.6,2.159267472290538,2479,193,294.0,308.5,2,5.0,28198,2023-08-26 22:00:00,2023-08-26 22:00:00,29.05500000000411,-94.91000100259237,,2023-08-26,21106,0 days 00:15:00,1019,3,False,False,,,,Free
2023-08-26 22:00:00,2.031491833569073,9.6,3.241306073882784,2479,203,301.6666666666667,283.6666666666667,3,5.0,28205,2023-08-26 22:00:00,2023-08-26 22:00:00,28.97833333333743,-95.15833432882926,,2023-08-26,21129,0 days 00:00:00,1020,3,False,False,,,,Free
2023-08-26 22:15:00,2.0310660479160787,9.6,3.239947508742746,2480,146,297.3333333333333,287.3333333333333,3,5.0,28224,2023-08-26 22:15:00,2023-08-26 22:15:00,29.02166666667077,-95.12166766321042,,2023-08-26,21129,0 days 00:15:00,1020,3,False,False,,,,Free
2023-08-26 22:30:00,1.6575272601211692,9.6,2.1578002579367395,2481,110,286.6666666666667,316.0,3,5.0,28239,2023-08-26 22:30:00,2023-08-26 22:30:00,29.12833333333745,-94.83500100473556,,2023-08-26,21106,0 days 00:45:00,1019,3,False,False,,,,Free
2023-08-26 22:30:00,1.6578896253372786,9.6,2.158743828815573,2481,117,291.5,289.0,2,5.0,28240,2023-08-26 22:30:00,2023-08-26 22:30:00,29.080000000004112,-95.10500099702,,2023-08-26,21129,0 days 00:30:00,1020,3,False,False,,,,Free
2023-08-26 22:30:00,2.030672420071044,9.6,3.238691803665989,2481,120,293.3333333333333,316.6666666666667,3,5.0,28241,2023-08-26 22:30:00,2023-08-26 22:30:00,29.06166666667077,-94.82833433825937,,2023-08-26,21160,0 days 00:00:00,1021,3,False,False,,,,Free
2023-08-26 22:45:00,,,,2482,132,289.0,319.6666666666667,3,5.0,28257,2023-08-26 22:45:00,2023-08-26 22:45:00,29.10500000000412,-94.79833433911664,,2023-08-26,21160,0 days 00:15:00,1021,3,False,False,,,,Free
2023-08-26 23:00:00,1.6571642980157844,9.6,2.156855339573484,2483,185,282.5,322.0,2,5.0,28279,2023-08-26 23:00:00,2023-08-26 23:00:00,29.17000000000413,-94.77500100645013,,2023-08-26,21160,0 days 00:30:00,1021,3,False,False,,,,Free
2023-08-27 03:30:00,2.346198993946077,9.6,4.323341779600922,2501,56,305.5,328.0,4,5.0,28362,2023-08-27 03:30:00,2023-08-27 03:30:00,28.94000000000409,-94.71500100816468,,2023-08-27,21264,0 days 00:00:00,1022,3,False,False,,,,Free
2023-08-27 04:00:00,1.173014567328856,9.6,1.0806789506776653,2503,65,304.0,328.0,5,5.0,28370,2023-08-27 04:00:00,2023-08-27 04:00:00,28.95500000000409,-94.71500100816468,,2023-08-27,21264,0 days 00:30:00,1022,3,False,False,,,,Free
2023-08-27 04:15:00,2.031655418850359,9.6,3.241828105333145,2504,107,303.3333333333333,329.3333333333333,3,5.0,28383,2023-08-27 04:15:00,2023-08-27 04:15:00,28.96166666667076,-94.70166767521238,,2023-08-27,21264,0 days 00:45:00,1022,3,False,False,,,,Free
2023-08-27 07:45:00,1.6599717539695455,9.6,2.164169527541561,2518,121,317.5,300.0,2,5.0,28445,2023-08-27 07:45:00,2023-08-27 07:45:00,28.82000000000407,-94.99500100016336,,2023-08-27,21333,0 days 00:00:00,1023,5,False,False,,,,Free
2023-08-27 08:00:00,1.654280232798515,9.6,2.14935445568268,2519,110,247.0,474.5,2,5.0,28456,2023-08-27 08:00:00,2023-08-27 08:00:00,29.525000000004184,-93.25000105002869,,2023-08-27,21344,0 days 00:00:00,1024,3,False,False,,,,Free
2023-08-27 08:00:00,5.116615634946581,15.663159,20.561531931703605,2519,123,318.48864758116247,300.323790722444,19,5.0,28465,2023-08-27 08:00:00,2023-08-27 08:00:00,28.81011352419245,-94.99176309303148,,2023-08-27,21333,0 days 00:15:00,1023,5,False,False,,,,Free
2023-08-27 08:00:00,2.876625078520767,9.599999,6.499147687166617,2519,131,327.44444444444446,291.0,9,5.0,28471,2023-08-27 08:00:00,2023-08-27 08:00:00,28.720555555559613,-95.08500099759152,,2023-08-27,21356,0 days 00:00:00,1025,4,False,False,,,,Free
2023-08-27 08:15:00,,,,2520,229,250.5276595762813,476.166382979017,98,5.0,28480,2023-08-27 08:15:00,2023-08-27 08:15:00,29.489723404241364,-93.2333372207147,,2023-08-27,21344,0 days 00:15:00,1024,3,False,False,,,,Free
2023-08-27 08:15:00,13.590573766721246,12.752237,145.06594306816834,2520,241,323.48963578686494,321.1684406788908,141,5.0,28489,2023-08-27 08:15:00,2023-08-27 08:15:00,28.760103642135416,-94.7833165994236,,2023-08-27,21370,0 days 00:00:00,1026,3,False,False,,,,Free
2023-08-27 08:15:00,5.250160541512695,16.800001,21.6488608334815,2520,250,320.89915254322904,300.0796610172916,20,5.0,28492,2023-08-27 08:15:00,2023-08-27 08:15:00,28.786008474571776,-94.99420439001324,,2023-08-27,21333,0 days 00:30:00,1023,5,False,False,,,,Free
2023-08-27 08:15:00,9.82763217254836,10.148569,75.85560354159202,2520,265,332.5686378082693,289.29514254031125,74,5.0,28499,2023-08-27 08:15:00,2023-08-27 08:15:00,28.66931362192136,-95.10204957170124,,2023-08-27,21356,0 days 00:15:00,1025,4,False,False,,,,Free
2023-08-27 08:30:00,5.966358980982349,9.6,27.95816359705753,2521,131,253.0344827586207,480.2758620689655,29,5.0,28515,2023-08-27 08:30:00,2023-08-27 08:30:00,29.464655172417967,-93.1922424309895,,2023-08-27,21344,0 days 00:30:00,1024,3,False,False,,,,Free
2023-08-27 08:30:00,3.893988898977864,19.2,11.909109804248825,2521,145,322.84763124285735,300.05633803246866,11,5.0,28523,2023-08-27 08:30:00,2023-08-27 08:30:00,28.766523687575493,-94.9944376198548,,2023-08-27,21333,0 days 00:45:00,1023,5,False,False,,,,Free
2023-08-27 08:30:00,3.894802288617855,9.599999,11.914085554559312,2521,148,327.27272727272725,321.90909090909093,11,5.0,28526,2023-08-27 08:30:00,2023-08-27 08:30:00,28.722272727276785,-94.77591009733322,,2023-08-27,21370,0 days 00:15:00,1026,3,False,False,,,,Free
2023-08-27 08:45:00,2.6256650649442443,9.6,5.414626856176273,2522,80,325.6,299.6,5,5.0,28544,2023-08-27 08:45:00,2023-08-27 08:45:00,28.73900000000406,-94.99900100004908,,2023-08-27,21333,0 days 01:00:00,1023,5,False,False,,,,Free
2023-08-27 08:45:00,3.3217529820083387,9.6,8.666117007680908,2522,83,328.875,322.125,8,5.0,28545,2023-08-27 08:45:00,2023-08-27 08:45:00,28.70625000000405,-94.77375100648584,,2023-08-27,21370,0 days 00:30:00,1026,3,False,False,,,,Free
2023-08-27 08:45:00,4.843932805086584,14.682353,18.428335121396568,2522,90,336.2588092328183,289.13730255727233,17,5.0,28548,2023-08-27 08:45:00,2023-08-27 08:45:00,28.632411907675863,-95.1036279714865,,2023-08-27,21356,0 days 00:45:00,1025,4,False,False,,,,Free
2023-08-27 09:00:00,5.634408219472832,17.113043,24.9336867637632,2523,13,337.0567121261668,290.3675520513256,23,5.0,28552,2023-08-27 09:00:00,2023-08-27 09:00:00,28.62443287874237,-95.09132547689752,,2023-08-27,21356,0 days 01:00:00,1025,4,False,False,,,,Free
2023-08-27 10:00:00,3.719237639079575,10.56,10.86419964973948,2527,49,359.41366906783315,278.6546762713327,10,5.0,28573,2023-08-27 10:00:00,2023-08-27 10:00:00,28.400863309325675,-95.2084542313504,,2023-08-27,21434,0 days 00:00:00,1027,4,False,False,,,,Free
2023-08-27 10:15:00,3.528757677774772,9.6,9.77988062022098,2528,25,361.77777777777777,278.55555555555554,9,5.0,28582,2023-08-27 10:15:00,2023-08-27 10:15:00,28.377222222226223,-95.2094454384798,,2023-08-27,21434,0 days 00:15:00,1027,4,False,False,,,,Free
2023-08-27 10:30:00,3.7198865043926186,9.6,10.867990758518722,2529,45,363.2,276.7,10,5.0,28589,2023-08-27 10:30:00,2023-08-27 10:30:00,28.363000000004003,-95.22800099350512,,2023-08-27,21434,0 days 00:30:00,1027,4,False,False,,,,Free
2023-08-27 10:45:00,3.901780619301488,9.599999,11.956816817469582,2530,30,365.0,276.0,11,5.0,28600,2023-08-27 10:45:00,2023-08-27 10:45:00,28.345000000004,-95.2350009933051,,2023-08-27,21434,0 days 00:45:00,1027,4,False,False,,,,Free
2023-08-27 13:00:00,7.576352008048132,14.282927,45.08272617451146,2539,14,491.57540723156205,326.8486600137488,41,5.0,28626,2023-08-27 13:00:00,2023-08-27 13:00:00,27.07924592768818,-94.72651440769818,,2023-08-27,21476,0 days 00:00:00,1028,3,False,False,,,,Free
2023-08-27 13:15:00,4.764160076335868,18.07059,17.82635587058652,2540,28,10.103174604175774,62.77336860414339,18,5.0,28628,2023-08-27 13:15:00,2023-08-27 13:15:00,31.8939682539628,-97.36726724633183,,2023-08-27,21478,0 days 00:00:00,1029,3,False,False,,,,Free
2023-08-27 13:15:00,7.099726913182159,15.466666,39.58887583266797,2540,34,491.9023354541112,324.2314224988057,36,5.0,28633,2023-08-27 13:15:00,2023-08-27 13:15:00,27.07597664546269,-94.75268678209972,,2023-08-27,21476,0 days 00:15:00,1028,3,False,False,,,,Free
2023-08-27 13:30:00,9.874182541337696,139.26576,76.57591319938017,2541,25,12.629542693587425,63.59191543363541,73,5.0,28635,2023-08-27 13:30:00,2023-08-27 13:30:00,31.86870457306868,-97.35908177827082,,2023-08-27,21478,0 days 00:15:00,1029,3,False,False,,,,Free
2023-08-27 13:30:00,6.261362839936467,9.6,30.79127158392801,2541,31,492.1612903225807,322.5483870967742,31,5.0,28640,2023-08-27 13:30:00,2023-08-27 13:30:00,27.073387096777992,-94.76951713563908,,2023-08-27,21476,0 days 00:30:00,1028,3,False,False,,,,Free
2023-08-27 13:45:00,10.843307774258928,51.709095,92.34501392411627,2542,22,16.68275593895189,64.36288439381416,88,5.0,28641,2023-08-27 13:45:00,2023-08-27 13:45:00,31.828172440615024,-97.35137208888932,,2023-08-27,21478,0 days 00:30:00,1029,3,False,False,,,,Free
2023-08-27 14:00:00,2.01011870854092,12.8,3.173461929559112,2543,44,92.41025639980631,325.0,3,5.0,28651,2023-08-27 14:00:00,2023-08-27 14:00:00,31.07089743600636,-94.7450010073074,,2023-08-27,21496,0 days 00:00:00,1030,3,False,False,,,,Free
2023-08-27 14:15:00,10.051142728549898,37.76,79.34521871192356,2544,102,92.90793650453068,325.1522181322873,75,5.0,28674,2023-08-27 14:15:00,2023-08-27 14:15:00,31.06592063495912,-94.74347882602802,,2023-08-27,21496,0 days 00:15:00,1030,3,False,False,,,,Free
2023-08-27 14:30:00,2.321054636474412,9.6,4.231171304548145,2545,176,91.75,324.25,4,5.0,28710,2023-08-27 14:30:00,2023-08-27 14:30:00,31.077500000004427,-94.75250100709307,,2023-08-27,21496,0 days 00:30:00,1030,3,False,False,,,,Free
2023-08-27 15:00:00,18.112271677866165,79.386116,257.6533117348857,2547,300,35.426015460779944,459.4818834464685,249,5.0,28809,2023-08-27 15:00:00,2023-08-27 15:00:00,31.64073984539672,-93.4001822112724,,2023-08-27,21623,0 days 00:00:00,1036,3,False,False,,,,Free
2023-08-27 15:00:00,8.297077367097394,55.15294,54.0679820386187,2547,346,113.18179687116768,284.7909922730637,51,5.0,28853,2023-08-27 15:00:00,2023-08-27 15:00:00,30.86318203129272,-95.1470910730866,,2023-08-27,21657,0 days 00:00:00,1038,3,False,False,,,,Free
2023-08-27 15:00:00,3.2880893737256054,15.6,8.491357163946768,2547,356,124.55660377252394,400.00943395271554,8,5.0,28863,2023-08-27 15:00:00,2023-08-27 15:00:00,30.74943396227913,-93.994906689215,,2023-08-27,21662,0 days 00:00:00,1039,4,False,False,,,,Free
2023-08-27 15:15:00,20.44314304584519,82.36923,328.23524789266384,2548,385,41.28947109476566,461.8899383836298,312,5.0,28901,2023-08-27 15:15:00,2023-08-27 15:15:00,31.582105289056848,-93.3761016625889,,2023-08-27,21623,0 days 00:15:00,1036,3,False,False,,,,Free
2023-08-27 15:15:00,4.328343351794995,9.599999,14.71408600879167,2548,390,31.285714285714285,410.2142857142857,14,5.0,28906,2023-08-27 15:15:00,2023-08-27 15:15:00,31.68214285714738,-93.89285817451542,,2023-08-27,21699,0 days 00:00:00,1041,3,False,False,,,,Free
2023-08-27 15:15:00,3.6660650798074848,9.6,10.555777367234873,2548,425,71.9,222.2,10,5.0,28937,2023-08-27 15:15:00,2023-08-27 15:15:00,31.27600000000446,-95.7730009779312,,2023-08-27,21720,0 days 00:00:00,1042,5,False,False,,,,Free
2023-08-27 15:15:00,7.795348024952075,31.786665,47.7266442763243,2548,449,116.56197112425866,285.7098058867128,45,5.0,28959,2023-08-27 15:15:00,2023-08-27 15:15:00,30.8293802887618,-95.13790293721269,,2023-08-27,21657,0 days 00:15:00,1038,3,False,False,,,,Free
2023-08-27 15:15:00,9.516897071118272,143.99998,71.1345561302831,2548,460,126.84260711223855,401.10505745956135,67,5.0,28969,2023-08-27 15:15:00,2023-08-27 15:15:00,30.726573928881987,-93.98395045445966,,2023-08-27,21662,0 days 00:15:00,1039,4,False,False,,,,Free
2023-08-27 15:30:00,3.8343486245861818,14.836364,11.547103948867727,2549,382,20.04251386419379,321.73382625306584,11,5.0,29008,2023-08-27 15:30:00,2023-08-27 15:30:00,31.7945748613626,-94.7776627438434,,2023-08-27,21766,0 days 00:00:00,1043,3,False,False,,,,Free
2023-08-27 15:30:00,9.327591989084606,56.418465,68.33276006435409,2549,392,33.419723542300915,412.0529591147637,65,5.0,29016,2023-08-27 15:30:00,2023-08-27 15:30:00,31.660802764581508,-93.87447144103612,,2023-08-27,21699,0 days 00:15:00,1041,3,False,False,,,,Free
2023-08-27 15:30:00,14.416762312752898,177.32129,163.23953842137706,2549,402,49.77115910687589,464.5903514369738,157,5.0,29026,2023-08-27 15:30:00,2023-08-27 15:30:00,31.49728840893573,-93.3490975328271,,2023-08-27,21623,0 days 00:30:00,1036,3,False,False,,,,Free
2023-08-27 15:30:00,11.709246296060964,120.94118,107.68315309460164,2549,423,74.30142057734182,222.78435650337588,102,5.0,29043,2023-08-27 15:30:00,2023-08-27 15:30:00,31.25198579423104,-95.7671574130644,,2023-08-27,21720,0 days 00:15:00,1042,5,False,False,,,,Free
2023-08-27 15:30:00,6.775947667587055,26.258825,36.06035249512186,2549,449,117.27836193053894,224.39734366037493,34,5.0,29066,2023-08-27 15:30:00,2023-08-27 15:30:00,30.822216380699,-95.75102754195537,,2023-08-27,21810,0 days 00:00:00,1045,3,False,False,,,,Free
2023-08-27 15:30:00,5.926467346394939,11.815386,27.5855516372539,2549,454,120.52595936831028,285.2855530514132,26,5.0,29071,2023-08-27 15:30:00,2023-08-27 15:30:00,30.78974040632128,-95.1421454654444,,2023-08-27,21657,0 days 00:30:00,1038,3,False,False,,,,Free
2023-08-27 15:30:00,10.72108059611262,180.93175,90.27489730712904,2549,459,129.58977413036314,403.8372764498261,85,5.0,29076,2023-08-27 15:30:00,2023-08-27 15:30:00,30.699102258700737,-93.95662826533776,,2023-08-27,21662,0 days 00:30:00,1039,4,False,False,,,,Free
2023-08-27 15:30:00,7.721308747509338,67.63636,46.824345835696654,2549,472,149.25195937264968,424.064368654814,44,5.0,29087,2023-08-27 15:30:00,2023-08-27 15:30:00,30.50248040627784,-93.75435734906796,,2023-08-27,21819,0 days 00:00:00,1046,3,False,False,,,,Free
2023-08-27 15:45:00,3.2703032000722683,12.0,8.399741481975008,2550,416,21.739285725233504,320.6714285665629,8,5.0,29120,2023-08-27 15:45:00,2023-08-27 15:45:00,31.7776071427522,-94.7882867204048,,2023-08-27,21766,0 days 00:15:00,1043,3,False,False,,,,Free
2023-08-27 15:45:00,7.226355213976994,32.000004,41.0136567737805,2550,425,37.07882241659036,413.2408357066223,39,5.0,29128,2023-08-27 15:45:00,2023-08-27 15:45:00,31.624211775838607,-93.86259267545694,,2023-08-27,21699,0 days 00:30:00,1041,3,False,False,,,,Free
2023-08-27 15:45:00,10.432670166947528,71.82222,85.48321269345753,2550,440,69.84081588701052,212.76192588236023,81,5.0,29143,2023-08-27 15:45:00,2023-08-27 15:45:00,31.296591841134354,-95.86738171641052,,2023-08-27,21859,0 days 00:00:00,1047,3,False,False,,,,Free
2023-08-27 15:45:00,12.80898367988108,101.90164,128.86032607916434,2550,443,78.4287477409312,223.6648353763632,124,5.0,29145,2023-08-27 15:45:00,2023-08-27 15:45:00,31.21071252259513,-95.75835262458612,,2023-08-27,21720,0 days 00:30:00,1042,5,False,False,,,,Free
2023-08-27 15:45:00,2.8469031381721863,9.599999,6.365540177925023,2550,480,120.0,224.5,6,5.0,29179,2023-08-27 15:45:00,2023-08-27 15:45:00,30.795000000004386,-95.75000097858845,,2023-08-27,21810,0 days 00:15:00,1045,3,False,False,,,,Free
2023-08-27 15:45:00,10.271879480945035,53.16923,82.86854465630532,2550,490,132.87261418603472,405.4335690045461,79,5.0,29186,2023-08-27 15:45:00,2023-08-27 15:45:00,30.666273858144013,-93.94066534024672,,2023-08-27,21662,0 days 00:45:00,1039,4,False,False,,,,Free
2023-08-27 15:45:00,9.167176404655969,79.58709,66.00260224525236,2550,511,153.41492953642592,424.6066084376474,62,5.0,29202,2023-08-27 15:45:00,2023-08-27 15:45:00,30.46085070464007,-93.74893495139456,,2023-08-27,21819,0 days 00:15:00,1046,3,False,False,,,,Free
2023-08-27 15:45:00,4.939424239085507,30.933336,19.162075129185745,2550,514,153.32819194483642,237.9875749807501,18,5.0,29205,2023-08-27 15:45:00,2023-08-27 15:45:00,30.461718080555965,-95.61512523263514,,2023-08-27,21903,0 days 00:00:00,1049,3,False,False,,,,Free
2023-08-27 16:00:00,9.178328771219778,80.76191,66.16329140964852,2551,398,23.84155224737913,321.9144759070743,64,5.0,29234,2023-08-27 16:00:00,2023-08-27 16:00:00,31.75658447753074,-94.77585624735492,,2023-08-27,21766,0 days 00:30:00,1043,3,False,False,,,,Free
2023-08-27 16:00:00,10.107155332313706,155.74736,80.23202651372712,2551,423,73.2788038447019,216.0711193272704,76,5.0,29256,2023-08-27 16:00:00,2023-08-27 16:00:00,31.26221196155744,-95.83428978290708,,2023-08-27,21859,0 days 00:15:00,1047,3,False,False,,,,Free
2023-08-27 16:00:00,7.780744354631935,53.12,47.54799123422544,2551,425,81.40906991659665,224.5897294120892,45,5.0,29258,2023-08-27 16:00:00,2023-08-27 16:00:00,31.18090930083848,-95.74910368449316,,2023-08-27,21720,0 days 00:45:00,1042,5,False,False,,,,Free
2023-08-27 16:00:00,3.287598341718255,10.8,8.488821212913848,2551,461,121.495689659602,222.4051724084776,8,5.0,29288,2023-08-27 16:00:00,2023-08-27 16:00:00,30.78004310340836,-95.77094925390504,,2023-08-27,21810,0 days 00:30:00,1045,3,False,False,,,,Free
2023-08-27 16:00:00,9.315158249867713,85.2,68.1507054810549,2551,489,154.8595698379646,236.9724906488433,64,5.0,29311,2023-08-27 16:00:00,2023-08-27 16:00:00,30.44640430162468,-95.62527607566416,,2023-08-27,21903,0 days 00:15:00,1049,3,False,False,,,,Free
2023-08-27 16:00:00,9.74355275622743,125.07429,74.56320431292782,2551,491,157.9226379065938,425.906323553633,71,5.0,29313,2023-08-27 16:00:00,2023-08-27 16:00:00,30.415773620938385,-93.73593780060617,,2023-08-27,21819,0 days 00:30:00,1046,3,False,False,,,,Free
2023-08-27 16:15:00,10.940376813329284,57.384266,94.00575509342136,2552,452,76.04641586503948,218.786281139265,89,5.0,29362,2023-08-27 16:15:00,2023-08-27 16:15:00,31.234535841354056,-95.807138165563,,2023-08-27,21859,0 days 00:30:00,1047,3,False,False,,,,Free
2023-08-27 16:15:00,2.319739890804103,9.6,4.226379225526752,2552,458,80.6,93.4,5,5.0,29368,2023-08-27 16:15:00,2023-08-27 16:15:00,31.189000000004445,-97.06100094112514,,2023-08-27,22016,0 days 00:00:00,1051,3,False,False,,,,Free
2023-08-27 16:15:00,10.883643178422815,58.254543,93.0333096588421,2552,461,85.80592625389164,190.77284159009417,89,5.0,29371,2023-08-27 16:15:00,2023-08-27 16:15:00,31.13694073746552,-96.08727255304956,,2023-08-27,22018,0 days 00:00:00,1052,3,False,False,,,,Free
2023-08-27 16:15:00,2.009271844307655,9.6,3.1707885299519414,2552,463,84.0,225.0,3,5.0,29372,2023-08-27 16:15:00,2023-08-27 16:15:00,31.15500000000444,-95.7450009787313,,2023-08-27,21720,0 days 01:00:00,1042,5,False,False,,,,Free
2023-08-27 16:15:00,14.602943357378638,151.71645,167.48298117238,2552,484,112.70033477116624,310.2343451040969,158,5.0,29387,2023-08-27 16:15:00,2023-08-27 16:15:00,30.86799665229273,-94.89265755204696,,2023-08-27,22031,0 days 00:00:00,1053,3,False,False,,,,Free
2023-08-27 16:15:00,5.822579051933079,16.128,26.62690375601058,2552,513,157.33875532679184,235.9646393159045,26,5.0,29415,2023-08-27 16:15:00,2023-08-27 16:15:00,30.421612446736404,-95.63535458870552,,2023-08-27,21903,0 days 00:30:00,1049,3,False,False,,,,Free
2023-08-27 16:15:00,1.6472669476913275,9.6,2.131168803369766,2552,518,162.5,443.0,2,5.0,29420,2023-08-27 16:15:00,2023-08-27 16:15:00,30.37000000000432,-93.5650010410272,,2023-08-27,22055,0 days 00:00:00,1054,4,False,False,,,,Free
2023-08-27 16:15:00,3.4960360774816843,13.866667,9.599347040069972,2552,523,171.64411027868442,431.6541353311574,9,5.0,29425,2023-08-27 16:15:00,2023-08-27 16:15:00,30.27855889721745,-93.6784596844734,,2023-08-27,22060,0 days 00:00:00,1055,3,False,False,,,,Free
2023-08-27 16:30:00,10.135892652935564,101.485725,80.6889169415505,2553,406,4.264839701051362,355.258082759666,77,5.0,29436,2023-08-27 16:30:00,2023-08-27 16:30:00,31.95235160299405,-94.44242018835727,,2023-08-27,22070,0 days 00:00:00,1056,3,False,False,,,,Free
2023-08-27 16:30:00,6.219757437670308,61.90344,30.38342843137327,2553,408,1.775178780963608,407.8892255735884,29,5.0,29438,2023-08-27 16:30:00,2023-08-27 16:30:00,31.97724821219493,-93.916108775258,,2023-08-27,22072,0 days 00:00:00,1057,3,False,False,,,,Free
2023-08-27 16:30:00,3.847075012970944,54.981823,11.62388194477876,2553,468,82.05952381845242,93.69588746607548,12,5.0,29482,2023-08-27 16:30:00,2023-08-27 16:30:00,31.17440476181992,-97.05804206654898,,2023-08-27,22016,0 days 00:15:00,1051,3,False,False,,,,Free
2023-08-27 16:30:00,7.519874874216344,29.257145,44.41310227733504,2553,472,88.63486454663999,192.9326658719144,42,5.0,29486,2023-08-27 16:30:00,2023-08-27 16:30:00,31.10865135453804,-96.06567431084858,,2023-08-27,22018,0 days 00:15:00,1052,3,False,False,,,,Free
2023-08-27 16:30:00,6.768678337363768,41.505886,35.983021909853726,2553,479,97.09539157104363,498.1870770033445,34,5.0,29492,2023-08-27 16:30:00,2023-08-27 16:30:00,31.024046084293985,-93.01313028676408,,2023-08-27,22116,0 days 00:00:00,1058,3,False,False,,,,Free
2023-08-27 16:30:00,12.727892107028726,104.31999,127.2339035949912,2553,490,114.7744663839312,311.12750033580005,120,5.0,29500,2023-08-27 16:30:00,2023-08-27 16:30:00,30.84725533616508,-94.8837259999852,,2023-08-27,22031,0 days 00:15:00,1053,3,False,False,,,,Free
2023-08-27 16:30:00,7.707589420076906,44.29091,46.65809738169754,2553,493,115.4423877849264,66.80263766829218,44,5.0,29503,2023-08-27 16:30:00,2023-08-27 16:30:00,30.840576122155124,-97.32697455684172,,2023-08-27,22125,0 days 00:00:00,1059,3,False,False,,,,Free
2023-08-27 16:30:00,10.74144509899926,103.00234,90.61817416204605,2553,525,166.73510839384693,440.9626419414122,85,5.0,29533,2023-08-27 16:30:00,2023-08-27 16:30:00,30.32764891606584,-93.5853746210309,,2023-08-27,22055,0 days 00:15:00,1054,4,False,False,,,,Free
2023-08-27 16:30:00,7.463010321592355,63.68781,43.74394691910002,2553,530,174.5357825833495,430.7465713607268,41,5.0,29538,2023-08-27 16:30:00,2023-08-27 16:30:00,30.2496421741708,-93.68753532391838,,2023-08-27,22060,0 days 00:15:00,1055,3,False,False,,,,Free
2023-08-27 16:45:00,2.3099924983805704,9.6,4.190935919826796,2554,387,2.5,410.0,4,5.0,29549,2023-08-27 16:45:00,2023-08-27 16:45:00,31.970000000004568,-93.89500103159708,,2023-08-27,22072,0 days 00:15:00,1057,3,False,False,,,,Free
2023-08-27 16:45:00,7.214786096086383,18.953844,40.88243930807897,2554,389,7.240656652864816,356.10024450602594,41,5.0,29551,2023-08-27 16:45:00,2023-08-27 16:45:00,31.92259343347591,-94.4339985711344,,2023-08-27,22070,0 days 00:15:00,1056,3,False,False,,,,Free
2023-08-27 16:45:00,17.182177979579233,132.14119,231.87093217666705,2554,390,15.89025666024654,484.6283398557193,223,5.0,29552,2023-08-27 16:45:00,2023-08-27 16:45:00,31.83609743340208,-93.14871765436573,,2023-08-27,22153,0 days 00:00:00,1062,3,False,False,,,,Free
2023-08-27 16:45:00,2.3199236384969613,9.6,4.227048799035267,2554,453,82.5,95.0,4,5.0,29595,2023-08-27 16:45:00,2023-08-27 16:45:00,31.170000000004443,-97.04500094158236,,2023-08-27,22016,0 days 00:30:00,1051,3,False,False,,,,Free
2023-08-27 16:45:00,1.6412118970110765,9.6,2.1155300289160963,2554,460,91.5,194.0,2,5.0,29600,2023-08-27 16:45:00,2023-08-27 16:45:00,31.080000000004425,-96.05500096987272,,2023-08-27,22018,0 days 00:30:00,1052,3,False,False,,,,Free
2023-08-27 16:45:00,5.3204155968673845,67.2,22.23212610732855,2554,469,99.29918847338072,498.548001821645,21,5.0,29607,2023-08-27 16:45:00,2023-08-27 16:45:00,31.00200811527061,-93.00952103868416,,2023-08-27,22116,0 days 00:15:00,1058,3,False,False,,,,Free
2023-08-27 16:45:00,11.737290903737923,94.87058,108.19959082218448,2554,474,116.77024911940563,66.23340879843383,104,5.0,29612,2023-08-27 16:45:00,2023-08-27 16:45:00,30.82729750881033,-97.33266684537767,,2023-08-27,22125,0 days 00:15:00,1059,3,False,False,,,,Free
2023-08-27 16:45:00,7.882147139930721,26.921738,48.79540836790527,2554,476,118.58468861759296,312.64656880969875,46,5.0,29614,2023-08-27 16:45:00,2023-08-27 16:45:00,30.80915311382845,-94.86853531568028,,2023-08-27,22031,0 days 00:30:00,1053,3,False,False,,,,Free
2023-08-27 16:45:00,10.992906179382114,146.8045,94.91064487306146,2554,500,170.15541258271935,440.2595280641796,89,5.0,29635,2023-08-27 16:45:00,2023-08-27 16:45:00,30.29344587417711,-93.59240575960229,,2023-08-27,22055,0 days 00:30:00,1054,4,False,False,,,,Free
2023-08-27 16:45:00,4.202615607808472,9.599999,13.8716850415364,2554,503,176.4,430.2,15,5.0,29638,2023-08-27 16:45:00,2023-08-27 16:45:00,30.231000000004293,-93.69300103736948,,2023-08-27,22060,0 days 00:30:00,1055,3,False,False,,,,Free
2023-08-27 17:00:00,,,,2555,398,11.991329488730692,355.595375727323,28,5.0,29649,2023-08-27 17:00:00,2023-08-27 17:00:00,31.875086705117244,-94.43904725877712,,2023-08-27,22070,0 days 00:30:00,1056,3,False,False,,,,Free
2023-08-27 17:00:00,17.56871668879004,237.0078,242.42084481846013,2555,399,17.34669339574786,487.0169192242925,234,5.0,29650,2023-08-27 17:00:00,2023-08-27 17:00:00,31.821533066047063,-93.12483186136257,,2023-08-27,22153,0 days 00:15:00,1062,3,False,False,,,,Free
2023-08-27 17:00:00,2.322242916234188,14.400001,4.235504767582116,2555,471,101.5,498.7553191435396,4,5.0,29698,2023-08-27 17:00:00,2023-08-27 17:00:00,30.98000000000441,-93.00744786552453,,2023-08-27,22116,0 days 00:30:00,1058,3,False,False,,,,Free
2023-08-27 17:00:00,12.134783899817537,48.3523,115.65222027870638,2555,482,119.98545457124315,66.69556025312262,110,5.0,29709,2023-08-27 17:00:00,2023-08-27 17:00:00,30.79514545429195,-97.32804533096282,,2023-08-27,22125,0 days 00:30:00,1059,3,False,False,,,,Free
2023-08-27 17:00:00,9.468805019414742,63.709087,70.41743940991321,2555,512,174.6114380075598,439.9897801175831,66,5.0,29733,2023-08-27 17:00:00,2023-08-27 17:00:00,30.2488856199287,-93.59510323899116,,2023-08-27,22055,0 days 00:45:00,1054,4,False,False,,,,Free
2023-08-27 17:30:00,23.292467904449385,374.87292,426.1091821434547,2556,436,17.150030485715266,490.396966201165,414,5.0,29745,2023-08-27 17:30:00,2023-08-27 17:30:00,31.82349969514739,-93.09103139255971,,2023-08-27,22153,0 days 00:45:00,1062,3,False,False,,,,Free
2023-08-27 17:30:00,4.622183561015951,14.400001,16.77970257840993,2556,437,11.05935483997992,411.08645161742845,17,5.0,29746,2023-08-27 17:30:00,2023-08-27 17:30:00,31.88440645160476,-93.88413651573325,,2023-08-27,22072,0 days 01:00:00,1057,3,False,False,,,,Free
2023-08-27 17:30:00,8.573560490142505,9.6,57.73142986492931,2556,441,19.43636363636364,351.3272727272727,55,5.0,29748,2023-08-27 17:30:00,2023-08-27 17:30:00,31.8006363636409,-94.48172828755798,,2023-08-27,22291,0 days 00:00:00,1063,3,False,False,,,,Free
2023-08-27 17:30:00,8.281660271302146,47.435303,53.86723742037905,2556,478,77.99317594412327,268.43019179820226,52,5.0,29774,2023-08-27 17:30:00,2023-08-27 17:30:00,31.215068240563216,-95.31069907315992,,2023-08-27,22317,0 days 00:00:00,1064,3,False,False,,,,Free
2023-08-27 17:30:00,10.215428475948604,288.8727,81.96020880652723,2556,547,150.59734105494664,50.89938786924902,77,5.0,29824,2023-08-27 17:30:00,2023-08-27 17:30:00,30.489026589454863,-97.48600705028764,,2023-08-27,22363,0 days 00:00:00,1065,3,False,False,,,,Free
2023-08-27 17:30:00,3.298685632336459,25.2,8.546174163359284,2556,563,186.9975247430972,341.1782178006304,8,5.0,29839,2023-08-27 17:30:00,2023-08-27 17:30:00,30.125024752573307,-94.5832188339242,,2023-08-27,22376,0 days 00:00:00,1066,3,False,False,,,,Free
2023-08-27 17:45:00,1.6351847462231834,9.6,2.100020507010832,2557,376,22.5,350.0,2,5.0,29855,2023-08-27 17:45:00,2023-08-27 17:45:00,31.770000000004536,-94.49500101445142,,2023-08-27,22291,0 days 00:15:00,1063,3,False,False,,,,Free
2023-08-27 17:45:00,6.2458859719534,14.234485,30.639239674855283,2557,406,80.26064227290418,268.5884988878727,29,5.0,29875,2023-08-27 17:45:00,2023-08-27 17:45:00,31.192393577275404,-95.30911600230849,,2023-08-27,22317,0 days 00:15:00,1064,3,False,False,,,,Free
2023-08-27 17:45:00,13.093182065693403,79.44567,134.6419197505004,2557,420,114.1407357042562,293.4016034796836,127,5.0,29887,2023-08-27 17:45:00,2023-08-27 17:45:00,30.85359264296183,-95.06098496348096,,2023-08-27,22414,0 days 00:00:00,1068,3,False,False,,,,Free
2023-08-27 17:45:00,13.577376225360949,238.58824,144.78433844382437,2557,457,152.1665197633382,51.07962729227879,136,5.0,29916,2023-08-27 17:45:00,2023-08-27 17:45:00,30.47333480237095,-97.48420465610884,,2023-08-27,22363,0 days 00:15:00,1065,3,False,False,,,,Free
2023-08-27 17:45:00,7.3771210188718435,43.920002,42.74287171814212,2557,474,190.13861766560743,341.2069629982376,40,5.0,29932,2023-08-27 17:45:00,2023-08-27 17:45:00,30.0936138233482,-94.58293138195631,,2023-08-27,22376,0 days 00:15:00,1066,3,False,False,,,,Free
2023-08-27 18:00:00,23.228133138669502,28.250748,423.7585702853609,2558,364,60.145719153578426,453.2116186282749,419,5.0,29958,2023-08-27 18:00:00,2023-08-27 18:00:00,31.39354280846869,-93.46288485766252,,2023-08-27,22467,0 days 00:00:00,1070,4,False,False,,,,Free
2023-08-27 18:00:00,11.735062604065313,199.71764,108.1585117983251,2558,391,114.24155641199532,292.14314339995724,102,5.0,29980,2023-08-27 18:00:00,2023-08-27 18:00:00,30.85258443588444,-95.07356956391862,,2023-08-27,22414,0 days 00:15:00,1068,3,False,False,,,,Free
2023-08-27 18:00:00,16.38331393167713,172.31514,210.81105789854848,2558,421,154.99446394560366,51.2923594189231,198,5.0,30000,2023-08-27 18:00:00,2023-08-27 18:00:00,30.44505536054829,-97.48207733490318,,2023-08-27,22363,0 days 00:30:00,1065,3,False,False,,,,Free
2023-08-27 18:00:00,10.541927554331629,32.663418,87.28305448908459,2558,422,152.00493739520434,402.5058190776941,82,5.0,30001,2023-08-27 18:00:00,2023-08-27 18:00:00,30.474950626052287,-93.9699428386786,,2023-08-27,22498,0 days 00:00:00,1071,3,False,False,,,,Free
2023-08-27 18:00:00,5.937270411517444,31.015385,27.68621198206097,2558,428,155.34151391221877,301.3326433763873,26,5.0,30006,2023-08-27 18:00:00,2023-08-27 18:00:00,30.441584860882138,-94.98167456678031,,2023-08-27,22501,0 days 00:00:00,1072,6,False,False,,,,Free
2023-08-27 18:00:00,4.360879957631196,14.4000025,14.936132076250516,2558,438,174.3586626124399,234.2796352645261,14,5.0,30016,2023-08-27 18:00:00,2023-08-27 18:00:00,30.2514133738799,-95.65220462873782,,2023-08-27,22507,0 days 00:00:00,1073,5,False,False,,,,Free
2023-08-27 18:00:00,4.518088051768348,13.4400015,16.032426677242334,2558,442,192.4454976292608,340.7061611349417,15,5.0,30018,2023-08-27 18:00:00,2023-08-27 18:00:00,30.070545023711663,-94.5879394004462,,2023-08-27,22376,0 days 00:30:00,1066,3,False,False,,,,Free
2023-08-27 18:15:00,46.58050320557374,38.340816,1704.1123862798163,2559,383,28.818806370976738,348.21969755316866,1624,5.0,30031,2023-08-27 18:15:00,2023-08-27 18:15:00,31.70681193629476,-94.512804038411,,2023-08-27,22291,0 days 00:45:00,1063,3,False,False,,,,Free
2023-08-27 18:15:00,22.04454231505228,25.776798,381.6735412354882,2559,400,62.43790689234587,456.0893725510062,363,5.0,30037,2023-08-27 18:15:00,2023-08-27 18:15:00,31.37062093108101,-93.43410731925758,,2023-08-27,22467,0 days 00:15:00,1070,4,False,False,,,,Free
2023-08-27 18:15:00,2.009589699989374,19.2,3.171791811684101,2559,417,87.0,266.0,3,5.0,30049,2023-08-27 18:15:00,2023-08-27 18:15:00,31.12500000000444,-95.3350009904475,,2023-08-27,22317,0 days 00:45:00,1064,3,False,False,,,,Free
2023-08-27 18:15:00,11.792959803420723,428.83112,109.22838636308984,2559,440,114.89072401487851,293.1828444504635,103,5.0,30063,2023-08-27 18:15:00,2023-08-27 18:15:00,30.846092759855605,-95.06317255371069,,2023-08-27,22414,0 days 00:30:00,1068,3,False,False,,,,Free
2023-08-27 18:15:00,13.175373270579955,23.625002,136.33762911064787,2559,467,158.14863625571806,399.6686128794424,131,5.0,30088,2023-08-27 18:15:00,2023-08-27 18:15:00,30.413513637447146,-93.99831489985036,,2023-08-27,22498,0 days 00:15:00,1071,3,False,False,,,,Free
2023-08-27 18:15:00,3.4929791871546243,9.6,9.582567280717942,2559,469,154.66666666666666,455.3333333333333,9,5.0,30090,2023-08-27 18:15:00,2023-08-27 18:15:00,30.44833333333766,-93.44166771121826,,2023-08-27,22564,0 days 00:00:00,1074,3,False,False,,,,Free
2023-08-27 18:15:00,9.09563086400958,54.45246,64.97638339652089,2559,472,159.02764701036972,300.05436585404976,61,5.0,30093,2023-08-27 18:15:00,2023-08-27 18:15:00,30.404723529900625,-94.9944573416384,,2023-08-27,22501,0 days 00:15:00,1072,6,False,False,,,,Free
2023-08-27 18:15:00,7.279124663225184,50.21539,41.61483680103127,2559,486,176.33947963229411,233.6382352904592,40,5.0,30104,2023-08-27 18:15:00,2023-08-27 18:15:00,30.231605203681355,-95.6586186282952,,2023-08-27,22507,0 days 00:15:00,1073,5,False,False,,,,Free
2023-08-27 18:30:00,19.0783916181965,22.35277,285.8731715036233,2560,399,66.05860587613392,458.255390655923,271,5.0,30135,2023-08-27 18:30:00,2023-08-27 18:30:00,31.334413941243128,-93.41244713882736,,2023-08-27,22467,0 days 00:30:00,1070,4,False,False,,,,Free
2023-08-27 18:30:00,11.530266289719844,101.19183,104.41636160421264,2560,448,161.64006873123174,300.2644163543584,98,5.0,30170,2023-08-27 18:30:00,2023-08-27 18:30:00,30.378599312692,-94.99235683669536,,2023-08-27,22501,0 days 00:30:00,1072,6,False,False,,,,Free
2023-08-27 18:30:00,5.077169810093311,51.031578,20.245721543218927,2560,451,162.8767436410079,457.94420305594457,19,5.0,30173,2023-08-27 18:30:00,2023-08-27 18:30:00,30.366232563594235,-93.41555901473822,,2023-08-27,22564,0 days 00:15:00,1074,3,False,False,,,,Free
2023-08-27 18:30:00,15.416550274880205,74.82514,186.6655990702401,2560,455,170.83205166470765,258.8513252798355,176,5.0,30176,2023-08-27 18:30:00,2023-08-27 18:30:00,30.286679483357226,-95.40648773560632,,2023-08-27,22628,0 days 00:00:00,1075,3,False,False,,,,Free
2023-08-27 18:30:00,3.4947877292530123,9.6,9.592492884029827,2560,457,164.77777777777777,397.44444444444446,9,5.0,30178,2023-08-27 18:30:00,2023-08-27 18:30:00,30.34722222222653,-94.02055658356475,,2023-08-27,22498,0 days 00:30:00,1071,3,False,False,,,,Free
2023-08-27 18:30:00,8.073043328875842,40.600002,51.187562355725554,2560,460,169.57549158304963,131.1736891310289,48,5.0,30180,2023-08-27 18:30:00,2023-08-27 18:30:00,30.29924508417381,-96.68326406060912,,2023-08-27,22630,0 days 00:00:00,1076,3,False,False,,,,Free
2023-08-27 18:30:00,15.106827345419951,101.542854,179.24060981926044,2560,461,175.08538072545315,324.6355477831149,169,5.0,30181,2023-08-27 18:30:00,2023-08-27 18:30:00,30.244146192749763,-94.74864552937208,,2023-08-27,22631,0 days 00:00:00,1077,4,False,False,,,,Free
2023-08-27 18:30:00,6.896338934745312,26.331429,37.35313665016319,2560,465,177.45975804003868,233.76038925051645,38,5.0,30185,2023-08-27 18:30:00,2023-08-27 18:30:00,30.220402419603907,-95.65739708872952,,2023-08-27,22507,0 days 00:30:00,1073,5,False,False,,,,Free
2023-08-27 18:30:00,26.403407241597364,135.675,547.5324080596657,2560,475,197.37436926430183,397.20819182043306,512,5.0,30194,2023-08-27 18:30:00,2023-08-27 18:30:00,30.02125630736124,-94.02291910973736,,2023-08-27,22642,0 days 00:00:00,1078,5,False,False,,,,Free
2023-08-27 18:30:00,5.088533859333876,41.936844,20.33645353276642,2560,483,206.3123396804929,47.68053573101423,19,5.0,30200,2023-08-27 18:30:00,2023-08-27 18:30:00,29.93187660319932,-97.51819557075017,,2023-08-27,22648,0 days 00:00:00,1079,4,False,False,,,,Free
2023-08-27 18:30:00,6.205970726026543,31.885714,30.248881926071064,2560,495,300.1426673852736,291.5273644991438,28,5.0,30209,2023-08-27 18:30:00,2023-08-27 18:30:00,28.993573326151363,-95.0797273527508,,2023-08-27,22656,0 days 00:00:00,1080,3,False,False,,,,Free
2023-08-27 18:45:00,16.47448096133155,13.259405,213.16375545163376,2561,514,68.73819228918467,461.3753296611082,202,5.0,30234,2023-08-27 18:45:00,2023-08-27 18:45:00,31.30761807711261,-93.38124774966708,,2023-08-27,22467,0 days 00:45:00,1070,4,False,False,,,,Free
2023-08-27 18:45:00,31.28731745828172,150.07646,768.8233041323836,2561,555,160.56026770114747,491.1052836646693,727,5.0,30261,2023-08-27 18:45:00,2023-08-27 18:45:00,30.38939732299285,-93.08394821812708,,2023-08-27,22704,0 days 00:00:00,1081,3,False,False,,,,Free
2023-08-27 18:45:00,11.81775283872967,16.683495,109.68814370775192,2561,575,155.76350342449578,52.17350839377743,103,5.0,30270,2023-08-27 18:45:00,2023-08-27 18:45:00,30.437364965759368,-97.47326584540644,,2023-08-27,22711,0 days 00:00:00,1082,4,False,False,,,,Free
2023-08-27 18:45:00,13.23075689492962,164.98604,137.48624815854205,2561,580,164.24378095769117,300.82679689147415,129,5.0,30275,2023-08-27 18:45:00,2023-08-27 18:45:00,30.352562190427403,-94.9867330314849,,2023-08-27,22501,0 days 00:45:00,1072,6,False,False,,,,Free
2023-08-27 18:45:00,15.809159461370808,139.77391,196.29418824486487,2561,585,172.7611699690067,257.61861687114805,186,5.0,30279,2023-08-27 18:45:00,2023-08-27 18:45:00,30.267388300314234,-95.41881481934092,,2023-08-27,22628,0 days 00:15:00,1075,3,False,False,,,,Free
2023-08-27 18:45:00,10.29165635649809,55.876926,83.18795233639936,2561,588,170.92248765309222,130.4941034204741,78,5.0,30281,2023-08-27 18:45:00,2023-08-27 18:45:00,30.285775123473385,-96.69005991752044,,2023-08-27,22630,0 days 00:15:00,1076,3,False,False,,,,Free
2023-08-27 18:45:00,14.8376695152819,152.82964,172.91046100089437,2561,592,179.1302466771009,323.3798166073912,162,5.0,30285,2023-08-27 18:45:00,2023-08-27 18:45:00,30.20369753323328,-94.76120284077052,,2023-08-27,22631,0 days 00:15:00,1077,4,False,False,,,,Free
2023-08-27 18:45:00,4.663005583289937,19.2,17.07740005382558,2561,595,178.41373239732218,231.6470070410712,16,5.0,30288,2023-08-27 18:45:00,2023-08-27 18:45:00,30.21086267603107,-95.67853091022003,,2023-08-27,22507,0 days 00:45:00,1073,5,False,False,,,,Free
2023-08-27 18:45:00,19.495981204455774,139.76773,298.5245664856829,2561,606,202.91263492105452,394.68121071761817,288,5.0,30299,2023-08-27 18:45:00,2023-08-27 18:45:00,29.965873650793707,-94.0481889200434,,2023-08-27,22642,0 days 00:15:00,1078,5,False,False,,,,Free
2023-08-27 18:45:00,12.188687048976448,166.45871,116.68196498624135,2561,615,207.8457298520704,46.08070913233848,109,5.0,30305,2023-08-27 18:45:00,2023-08-27 18:45:00,29.91654270148354,-97.53419383627975,,2023-08-27,22648,0 days 00:15:00,1079,4,False,False,,,,Free
2023-08-27 18:45:00,2.622230380341503,30.720001,5.400470159773579,2561,626,298.2208398180342,292.8895800909829,5,5.0,30314,2023-08-27 18:45:00,2023-08-27 18:45:00,29.01279160182376,-95.06610519722165,,2023-08-27,22656,0 days 00:15:00,1080,3,False,False,,,,Free
2023-08-27 19:00:00,12.269097683985883,21.275679,118.2265808516799,2562,510,157.71449131448892,53.03520423584842,111,5.0,30369,2023-08-27 19:00:00,2023-08-27 19:00:00,30.41785508685944,-97.464648887232,,2023-08-27,22711,0 days 00:15:00,1082,4,False,False,,,,Free
2023-08-27 19:00:00,13.88336368386927,221.0028,151.38375804897902,2562,526,166.3925809484669,301.4894562989033,142,5.0,30380,2023-08-27 19:00:00,2023-08-27 19:00:00,30.33107419051964,-94.98010643759994,,2023-08-27,22501,0 days 01:00:00,1072,6,False,False,,,,Free
2023-08-27 19:00:00,14.972043002157566,100.65455,176.05647938391806,2562,528,175.7402894971687,256.465457632375,167,5.0,30382,2023-08-27 19:00:00,2023-08-27 19:00:00,30.23759710503261,-95.43034641139916,,2023-08-27,22628,0 days 00:30:00,1075,3,False,False,,,,Free
2023-08-27 19:00:00,3.0830020194875507,9.599999,7.465132143803592,2562,532,170.5,130.0,8,5.0,30386,2023-08-27 19:00:00,2023-08-27 19:00:00,30.290000000004305,-96.695000951584,,2023-08-27,22630,0 days 00:30:00,1076,3,False,False,,,,Free
2023-08-27 19:00:00,5.589222142714491,35.060867,24.53537065337368,2562,534,173.51200461720703,450.9511136848087,23,5.0,30387,2023-08-27 19:00:00,2023-08-27 19:00:00,30.25987995383223,-93.48548990645122,,2023-08-27,22564,0 days 00:45:00,1074,3,False,False,,,,Free
2023-08-27 19:00:00,15.988971162132518,168.66382,200.78484043368337,2562,538,183.9757647799712,322.2843234774938,189,5.0,30391,2023-08-27 19:00:00,2023-08-27 19:00:00,30.15524235220457,-94.77215777175644,,2023-08-27,22631,0 days 00:30:00,1077,4,False,False,,,,Free
2023-08-27 19:00:00,1.6487366014277365,9.6,2.134973259452842,2562,540,179.5,232.16666666666663,6,5.0,30393,2023-08-27 19:00:00,2023-08-27 19:00:00,30.200000000004287,-95.6733343141126,,2023-08-27,22507,0 days 01:00:00,1073,5,False,False,,,,Free
2023-08-27 19:00:00,16.99853943121607,113.52452,226.941068543948,2562,559,207.5736986685342,391.750582429112,212,5.0,30409,2023-08-27 19:00:00,2023-08-27 19:00:00,29.919263013318904,-94.07749520209096,,2023-08-27,22642,0 days 00:30:00,1078,5,False,False,,,,Free
2023-08-27 19:00:00,14.441573267603312,177.31766,163.8018857535056,2562,560,209.40025144358384,45.24554213558287,216,5.0,30410,2023-08-27 19:00:00,2023-08-27 19:00:00,29.900997485568404,-97.54254550600864,,2023-08-27,22648,0 days 00:30:00,1079,4,False,False,,,,Free
2023-08-27 19:00:00,7.132436896489698,26.205406,39.95450525610955,2562,577,296.07876624720166,292.40938054403705,37,5.0,30423,2023-08-27 19:00:00,2023-08-27 19:00:00,29.03421233753209,-95.07090719255388,,2023-08-27,22656,0 days 00:30:00,1080,3,False,False,,,,Free
2023-08-27 19:15:00,31.673347040368288,267.8517,787.9121543843307,2563,394,172.86929040590476,488.79730932632816,744,5.0,30459,2023-08-27 19:15:00,2023-08-27 19:15:00,30.26630709594525,-93.10702796085098,,2023-08-27,22704,0 days 00:30:00,1081,3,False,False,,,,Free
2023-08-27 19:15:00,13.531341517740334,19.911112,143.8042071712499,2563,402,158.62394436798158,54.13144559975873,135,5.0,30466,2023-08-27 19:15:00,2023-08-27 19:15:00,30.408760556324506,-97.45368647390616,,2023-08-27,22711,0 days 00:30:00,1082,4,False,False,,,,Free
2023-08-27 19:15:00,15.762551919207809,215.0295,195.13849065801807,2563,408,168.20277139791324,302.019887922394,183,5.0,30470,2023-08-27 19:15:00,2023-08-27 19:15:00,30.31297228602517,-94.97480212151665,,2023-08-27,22501,0 days 01:15:00,1072,6,False,False,,,,Free
2023-08-27 19:15:00,20.76640317736618,208.47444,338.6978536035211,2563,420,189.27419871185788,322.35388998519414,317,5.0,30478,2023-08-27 19:15:00,2023-08-27 19:15:00,30.10225801288569,-94.77146210669927,,2023-08-27,22631,0 days 00:45:00,1077,4,False,False,,,,Free
2023-08-27 19:15:00,16.22150490513019,29.14819,206.66749039898545,2563,434,211.20924343119748,391.0775007652895,193,5.0,30490,2023-08-27 19:15:00,2023-08-27 19:15:00,29.882907565692264,-94.08422601853688,,2023-08-27,22642,0 days 00:45:00,1078,5,False,False,,,,Free
2023-08-27 19:15:00,17.592992400485247,112.28194,243.09124145834733,2563,436,211.76577012302144,45.06683361657085,227,5.0,30492,2023-08-27 19:15:00,2023-08-27 19:15:00,29.877342298774025,-97.54433259114774,,2023-08-27,22648,0 days 00:45:00,1079,4,False,False,,,,Free
2023-08-27 19:30:00,33.18544732495043,263.12994,864.9385095764737,2564,357,177.38226804451855,488.05052742395577,815,5.0,30535,2023-08-27 19:30:00,2023-08-27 19:30:00,30.221177319559107,-93.1144957796613,,2023-08-27,22704,0 days 00:45:00,1081,3,False,False,,,,Free
2023-08-27 19:30:00,10.219184841376256,16.831167,82.02049587136908,2564,363,158.98864133111596,53.96963742556151,78,5.0,30538,2023-08-27 19:30:00,2023-08-27 19:30:00,30.40511358669316,-97.45530455560186,,2023-08-27,22711,0 days 00:45:00,1082,4,False,False,,,,Free
2023-08-27 19:30:00,10.287312663229184,35.076923,83.11774659264785,2564,367,162.4962489505934,459.84953111505376,78,5.0,30542,2023-08-27 19:30:00,2023-08-27 19:30:00,30.37003751049838,-93.39650573469156,,2023-08-27,22905,0 days 00:00:00,1085,4,False,False,,,,Free
2023-08-27 19:30:00,5.463188455413491,65.01818,23.44132981321388,2564,370,161.24068467159375,385.9601635851621,22,5.0,30544,2023-08-27 19:30:00,2023-08-27 19:30:00,30.38259315328838,-94.13539938887578,,2023-08-27,22907,0 days 00:00:00,1086,4,False,False,,,,Free
2023-08-27 19:30:00,7.293418450817896,10.092309,41.778432753434,2564,396,214.93208661389608,391.5472440926404,40,5.0,30564,2023-08-27 19:30:00,2023-08-27 19:30:00,29.84567913386527,-94.0795285853976,,2023-08-27,22642,0 days 01:00:00,1078,5,False,False,,,,Free
2023-08-27 19:45:00,4.03108197201506,12.000001,12.762423168756346,2565,400,143.6071428611976,342.3333333333333,12,5.0,30605,2023-08-27 19:45:00,2023-08-27 19:45:00,30.558928571392368,-94.57166767892728,,2023-08-27,22957,0 days 00:00:00,1088,3,False,False,,,,Free
2023-08-27 19:45:00,4.356808373835819,10.285714,14.908254526664244,2565,410,156.0,283.93783783748955,14,5.0,30614,2023-08-27 19:45:00,2023-08-27 19:45:00,30.43500000000433,-95.15562261719856,,2023-08-27,22965,0 days 00:00:00,1089,3,False,False,,,,Free
2023-08-27 19:45:00,7.180897757641786,63.66316,40.49928610757259,2565,413,164.4170105802943,386.32899693421945,38,5.0,30615,2023-08-27 19:45:00,2023-08-27 19:45:00,30.350829894201368,-94.13171105549064,,2023-08-27,22907,0 days 00:15:00,1086,4,False,False,,,,Free
2023-08-27 19:45:00,11.115128974196548,47.261543,97.03287384050071,2565,414,168.17234388876818,460.62254926289626,91,5.0,30616,2023-08-27 19:45:00,2023-08-27 19:45:00,30.313276561116623,-93.38877555343409,,2023-08-27,22905,0 days 00:15:00,1085,4,False,False,,,,Free
2023-08-27 19:45:00,10.885856070402255,25.26897,93.07114507675956,2565,444,201.29148237752165,370.4351820332517,87,5.0,30635,2023-08-27 19:45:00,2023-08-27 19:45:00,29.98208517622904,-94.29064919995848,,2023-08-27,22981,0 days 00:00:00,1090,4,False,False,,,,Free
2023-08-27 19:45:00,13.515388639072034,19.056717,143.46532890882867,2565,449,208.94989938049588,421.907425057024,135,5.0,30639,2023-08-27 19:45:00,2023-08-27 19:45:00,29.905501006199284,-93.77592678442949,,2023-08-27,22984,0 days 00:00:00,1091,4,False,False,,,,Free
2023-08-27 20:00:00,5.3330158593559664,20.571432,22.337554840914144,2566,476,145.17370030602444,342.9272171257033,21,5.0,30695,2023-08-27 20:00:00,2023-08-27 20:00:00,30.543262996944097,-94.56572884117328,,2023-08-27,22957,0 days 00:15:00,1088,3,False,False,,,,Free
2023-08-27 20:00:00,16.099800501528144,162.99893,203.57801268489573,2566,485,167.14492109115633,409.61081325421975,191,5.0,30701,2023-08-27 20:00:00,2023-08-27 20:00:00,30.323550789092742,-93.89889289894364,,2023-08-27,23041,0 days 00:00:00,1095,3,False,False,,,,Free
2023-08-27 20:00:00,1.6468875859289822,9.6,2.130187309923007,2566,486,158.0,284.5,2,5.0,30702,2023-08-27 20:00:00,2023-08-27 20:00:00,30.415000000004323,-95.1500009957341,,2023-08-27,22965,0 days 00:15:00,1089,3,False,False,,,,Free
2023-08-27 20:00:00,8.156083719092363,73.665306,52.246022288508335,2566,488,168.69167210536818,386.5485941852178,49,5.0,30704,2023-08-27 20:00:00,2023-08-27 20:00:00,30.308083278950622,-94.12951508304344,,2023-08-27,22907,0 days 00:30:00,1086,4,False,False,,,,Free
2023-08-27 20:00:00,9.101991170281911,39.65902,65.06728730383733,2566,490,174.70996114896334,462.0019865258622,61,5.0,30706,2023-08-27 20:00:00,2023-08-27 20:00:00,30.247900388514665,-93.37498118119856,,2023-08-27,22905,0 days 00:30:00,1085,4,False,False,,,,Free
2023-08-27 20:00:00,8.577547226786482,18.666666,57.78513299557949,2566,508,205.1820629891148,369.5830864657706,55,5.0,30722,2023-08-27 20:00:00,2023-08-27 20:00:00,29.9431793701131,-94.2991701553898,,2023-08-27,22981,0 days 00:15:00,1090,4,False,False,,,,Free
2023-08-27 20:00:00,10.510723184303371,12.325926,86.76709917930765,2566,520,214.87357858082075,422.480602002566,82,5.0,30730,2023-08-27 20:00:00,2023-08-27 20:00:00,29.846264214196022,-93.77019501513786,,2023-08-27,22984,0 days 00:15:00,1091,4,False,False,,,,Free
2023-08-27 20:15:00,29.96584133998447,170.7988,705.2495745408996,2567,574,174.75832674143382,474.6569504938977,1330,5.0,30822,2023-08-27 20:15:00,2023-08-27 20:15:00,30.24741673258996,-93.24843154513452,,2023-08-27,23142,0 days 00:00:00,1096,3,False,False,,,,Free
2023-08-27 20:15:00,4.35495486395076,9.599999,14.895572436051918,2567,577,147.71428571428572,343.07142857142856,14,5.0,30824,2023-08-27 20:15:00,2023-08-27 20:15:00,30.51785714286148,-94.56428672675725,,2023-08-27,22957,0 days 00:30:00,1088,3,False,False,,,,Free
2023-08-27 20:15:00,2.329140232035684,9.6,4.260701957396108,2567,583,158.75,286.0,4,5.0,30830,2023-08-27 20:15:00,2023-08-27 20:15:00,30.407500000004323,-95.13500099616272,,2023-08-27,22965,0 days 00:30:00,1089,3,False,False,,,,Free
2023-08-27 20:15:00,16.764337760729973,173.44928,220.73067218022555,2567,584,171.0553500048939,411.8599156862598,207,5.0,30831,2023-08-27 20:15:00,2023-08-27 20:15:00,30.28444649995536,-93.87640187526596,,2023-08-27,23041,0 days 00:15:00,1095,3,False,False,,,,Free
2023-08-27 20:15:00,6.69470228781424,33.163635,35.20079069786331,2567,587,173.59629867035392,386.4564234931253,33,5.0,30834,2023-08-27 20:15:00,2023-08-27 20:15:00,30.25903701330076,-94.13043678993796,,2023-08-27,22907,0 days 00:45:00,1086,4,False,False,,,,Free
2023-08-27 20:15:00,7.992805850198997,91.506386,50.17511875368556,2567,591,180.6761768889885,463.871611988335,47,5.0,30837,2023-08-27 20:15:00,2023-08-27 20:15:00,30.188238231114404,-93.3562849271081,,2023-08-27,22905,0 days 00:45:00,1085,4,False,False,,,,Free
2023-08-27 20:15:00,8.419517057563834,11.076921,55.67551508726765,2567,607,209.3856088561968,370.3444034424473,54,5.0,30847,2023-08-27 20:15:00,2023-08-27 20:15:00,29.90114391144228,-94.2915569858406,,2023-08-27,22981,0 days 00:30:00,1090,4,False,False,,,,Free
2023-08-27 20:15:00,8.742202092607888,15.428572,60.02491655558387,2567,618,220.6602739736317,422.97260273480464,56,5.0,30856,2023-08-27 20:15:00,2023-08-27 20:15:00,29.788397260267907,-93.76527500795612,,2023-08-27,22984,0 days 00:30:00,1091,4,False,False,,,,Free
2023-08-27 20:30:00,49.34918242942959,88.0134,1912.7129820333057,2568,490,180.560888186516,475.591569633941,1798,5.0,30926,2023-08-27 20:30:00,2023-08-27 20:30:00,30.189391118139127,-93.2390853540012,,2023-08-27,23142,0 days 00:15:00,1096,3,False,False,,,,Free
2023-08-27 20:30:00,19.81304562565059,101.84637,308.31337165683544,2568,505,174.96017662642288,413.10104828607433,289,5.0,30937,2023-08-27 20:30:00,2023-08-27 20:30:00,30.24539823374007,-93.86399054962249,,2023-08-27,23041,0 days 00:30:00,1095,3,False,False,,,,Free
2023-08-27 20:30:00,3.3027186178846804,9.6,8.567084107642113,2568,517,211.5,372.5,8,5.0,30947,2023-08-27 20:30:00,2023-08-27 20:30:00,29.88000000000424,-94.27000102088108,,2023-08-27,22981,0 days 00:45:00,1090,4,False,False,,,,Free
2023-08-27 20:30:00,1.6526391842632542,9.6,2.1450922449399847,2568,535,227.0,421.5,2,5.0,30959,2023-08-27 20:30:00,2023-08-27 20:30:00,29.72500000000421,-93.7800010348833,,2023-08-27,22984,0 days 00:45:00,1091,4,False,False,,,,Free
2023-08-27 20:30:00,4.373964334698329,21.257145,15.025895229473422,2568,539,233.74868190566647,217.70826010307687,14,5.0,30963,2023-08-27 20:30:00,2023-08-27 20:30:00,29.65751318094754,-95.81791837561684,,2023-08-27,23241,0 days 00:00:00,1097,4,False,False,,,,Free
2023-08-27 20:45:00,48.00097592664737,118.1412,1809.63095235142,2569,443,186.12818866084964,477.67746351538113,1696,5.0,31025,2023-08-27 20:45:00,2023-08-27 20:45:00,30.133718113395783,-93.21822641578284,,2023-08-27,23142,0 days 00:30:00,1096,3,False,False,,,,Free
2023-08-27 20:45:00,10.453391719520594,93.36,85.82312644434154,2569,479,229.68520821453583,248.60018674127056,80,5.0,31054,2023-08-27 20:45:00,2023-08-27 20:45:00,29.69814791785885,-95.5089991180626,,2023-08-27,23317,0 days 00:00:00,1098,3,False,False,,,,Free
2023-08-27 20:45:00,11.805140940086178,127.43529,109.45415039263985,2569,480,231.72864418820828,234.06503635476795,102,5.0,31055,2023-08-27 20:45:00,2023-08-27 20:45:00,29.677713558122125,-95.65435061777409,,2023-08-27,23318,0 days 00:00:00,1099,3,False,False,,,,Free
2023-08-27 20:45:00,6.185159621766659,45.25714,30.046348862570145,2569,483,232.31068133456543,201.71770758479235,28,5.0,31058,2023-08-27 20:45:00,2023-08-27 20:45:00,29.67189318665855,-95.97782389623018,,2023-08-27,23321,0 days 00:00:00,1100,3,False,False,,,,Free
2023-08-27 20:45:00,5.606457534372318,68.03478,24.686922594175435,2569,486,234.27327909864192,217.75086218986183,23,5.0,31061,2023-08-27 20:45:00,2023-08-27 20:45:00,29.652267209017783,-95.81749235476116,,2023-08-27,23241,0 days 00:15:00,1097,4,False,False,,,,Free
2023-08-27 21:00:00,13.11929691197346,103.1619,135.17955217163544,2570,422,231.373678069285,249.2311859290198,126,5.0,31127,2023-08-27 21:00:00,2023-08-27 21:00:00,29.68126321931136,-95.50268912636544,,2023-08-27,23317,0 days 00:15:00,1098,3,False,False,,,,Free
2023-08-27 21:00:00,12.091930725380132,127.49159,114.8368264809158,2570,424,233.6008728300044,232.63899105356768,107,5.0,31129,2023-08-27 21:00:00,2023-08-27 21:00:00,29.65899127170416,-95.66861107037856,,2023-08-27,23318,0 days 00:15:00,1099,3,False,False,,,,Free
2023-08-27 21:00:00,6.714459749025322,60.509094,35.40886701776043,2570,425,230.93896713575427,202.26727807904507,33,5.0,31130,2023-08-27 21:00:00,2023-08-27 21:00:00,29.685610328646668,-95.97232819144472,,2023-08-27,23321,0 days 00:15:00,1100,3,False,False,,,,Free
2023-08-27 21:00:00,7.206168096986004,78.31579,40.78483020476735,2570,427,233.5160803905621,217.43941135037605,38,5.0,31132,2023-08-27 21:00:00,2023-08-27 21:00:00,29.659839196098584,-95.82060686306704,,2023-08-27,23241,0 days 00:30:00,1097,4,False,False,,,,Free
2023-08-27 21:00:00,3.883244444286809,48.872726,11.84348025981314,2570,443,266.14960631530164,355.57273104628536,11,5.0,31142,2023-08-27 21:00:00,2023-08-27 21:00:00,29.333503936851137,-94.43927370558106,,2023-08-27,23383,0 days 00:00:00,1101,3,False,False,,,,Free
2023-08-27 21:15:00,3.3057721375705804,9.6,8.582932780187129,2571,381,230.3333333333333,202.11111111111111,9,5.0,31199,2023-08-27 21:15:00,2023-08-27 21:15:00,29.69166666667088,-95.97388986107944,,2023-08-27,23321,0 days 00:30:00,1100,3,False,False,,,,Free
2023-08-27 21:15:00,8.826590039832064,52.210526,61.189343398431625,2571,382,235.2743961382097,231.55956890813755,57,5.0,31200,2023-08-27 21:15:00,2023-08-27 21:15:00,29.642256038622104,-95.6794052915244,,2023-08-27,23318,0 days 00:30:00,1099,3,False,False,,,,Free
2023-08-27 21:15:00,8.510707459794267,72.633965,56.8880708784959,2571,383,235.09752828890777,251.045639660134,53,5.0,31201,2023-08-27 21:15:00,2023-08-27 21:15:00,29.644024717115126,-95.4845445895728,,2023-08-27,23317,0 days 00:30:00,1098,3,False,False,,,,Free
2023-08-27 21:15:00,6.295437904435449,31.117243,31.12732287689531,2571,384,234.38209665278583,216.8616319018981,29,5.0,31202,2023-08-27 21:15:00,2023-08-27 21:15:00,29.651179033476343,-95.82638465738673,,2023-08-27,23241,0 days 00:45:00,1097,4,False,False,,,,Free
2023-08-27 21:15:00,5.236368830431685,26.88,21.53527090930861,2571,395,266.5859232418775,355.2202924837094,20,5.0,31210,2023-08-27 21:15:00,2023-08-27 21:15:00,29.32914076758538,-94.44279809110606,,2023-08-27,23383,0 days 00:15:00,1101,3,False,False,,,,Free
2023-08-27 21:30:00,5.10376389872599,16.16842,20.45837017994667,2572,441,266.350612634593,357.0,19,5.0,31283,2023-08-27 21:30:00,2023-08-27 21:30:00,29.331493873658225,-94.42500101645174,,2023-08-27,23383,0 days 00:30:00,1101,3,False,False,,,,Free
2023-08-27 22:15:00,17.623052365437,50.02996,243.92265851241245,2575,278,245.40463898062933,391.76067825386247,228,5.0,31477,2023-08-27 22:15:00,2023-08-27 22:15:00,29.54095361019789,-94.07739424384636,,2023-08-27,23668,0 days 00:00:00,1104,3,False,False,,,,Free
2023-08-27 22:15:00,1.6585323780752546,9.6,2.1604180144248653,2575,295,299.5,390.0,2,5.0,31489,2023-08-27 22:15:00,2023-08-27 22:15:00,29.0000000000041,-94.09500102588186,,2023-08-27,23678,0 days 00:00:00,1105,3,False,False,,,,Free
2023-08-27 22:30:00,16.830656950503354,35.66377,222.4805336567268,2576,344,247.3586035510201,391.3759649516844,207,5.0,31540,2023-08-27 22:30:00,2023-08-27 22:30:00,29.52141396449398,-94.0812413767582,,2023-08-27,23668,0 days 00:15:00,1104,3,False,False,,,,Free
2023-08-27 22:30:00,5.745683474918772,23.200003,25.92825421615493,2576,355,300.9913003595645,388.5622710731397,24,5.0,31547,2023-08-27 22:30:00,2023-08-27 22:30:00,28.98508699640845,-94.10937831473962,,2023-08-27,23678,0 days 00:15:00,1105,3,False,False,,,,Free
2023-08-27 22:45:00,5.951691978019965,30.27692,27.820874357617605,2577,326,203.3971393863605,358.02160681724456,26,5.0,31583,2023-08-27 22:45:00,2023-08-27 22:45:00,29.961028606140648,-94.41478494857124,,2023-08-27,23758,0 days 00:00:00,1106,3,False,False,,,,Free
2023-08-27 22:45:00,,,,2577,347,250.0,391.3333333333333,12,5.0,31599,2023-08-27 22:45:00,2023-08-27 22:45:00,29.49500000000418,-94.08166769292956,,2023-08-27,23668,0 days 00:30:00,1104,3,False,False,,,,Free
2023-08-27 22:45:00,2.871665175218234,9.599999,6.476755228550849,2577,352,292.3333333333333,423.3333333333333,6,5.0,31602,2023-08-27 22:45:00,2023-08-27 22:45:00,29.07166666667078,-93.76166770207392,,2023-08-27,23772,0 days 00:00:00,1107,3,False,False,,,,Free
2023-08-27 22:45:00,4.542802574507362,10.240001,16.208305276320395,2577,356,302.7022900800407,386.35623409329605,15,5.0,31606,2023-08-27 22:45:00,2023-08-27 22:45:00,28.96797709920369,-94.13143868390767,,2023-08-27,23678,0 days 00:30:00,1105,3,False,False,,,,Free
2023-08-27 23:00:00,10.552478453699148,28.800001,87.45785659598474,2578,315,294.2711654050148,422.0612709322819,82,5.0,31656,2023-08-27 23:00:00,2023-08-27 23:00:00,29.05228834595396,-93.7743883257209,,2023-08-27,23772,0 days 00:15:00,1107,3,False,False,,,,Free
2023-08-27 23:00:00,6.093165270602493,24.177778,29.159212944959865,2578,317,297.5538817853415,471.8281189358779,27,5.0,31657,2023-08-27 23:00:00,2023-08-27 23:00:00,29.01946118215069,-93.27671985990634,,2023-08-27,23819,0 days 00:00:00,1109,3,False,False,,,,Free
2023-08-27 23:15:00,2.320290842915987,9.6,4.228387044670071,2579,264,85.5,218.5,4,5.0,31687,2023-08-27 23:15:00,2023-08-27 23:15:00,31.140000000004434,-95.81000097687388,,2023-08-27,23845,0 days 00:00:00,1110,3,False,False,,,,Free
2023-08-27 23:15:00,8.417533225727038,31.01538,55.64928131489716,2579,296,205.1141336547176,357.56800709649855,52,5.0,31708,2023-08-27 23:15:00,2023-08-27 23:15:00,29.943858663457075,-94.41932094564908,,2023-08-27,23758,0 days 00:30:00,1106,3,False,False,,,,Free
2023-08-27 23:15:00,8.208371755733221,24.881634,52.91806020235852,2579,314,297.43235473115703,469.4914801174221,49,5.0,31724,2023-08-27 23:15:00,2023-08-27 23:15:00,29.02067645269253,-93.30008624742322,,2023-08-27,23819,0 days 00:15:00,1109,3,False,False,,,,Free
2023-08-27 23:30:00,7.694130748330756,9.6,46.49529479130533,2580,300,83.10666666666667,219.78666666666663,75,5.0,31740,2023-08-27 23:30:00,2023-08-27 23:30:00,31.163933333337773,-95.79713431057483,,2023-08-27,23845,0 days 00:15:00,1110,3,False,False,,,,Free
2023-08-27 23:30:00,3.5018799766341706,9.6,9.631465988830964,2580,338,204.9,359.6,10,5.0,31762,2023-08-27 23:30:00,2023-08-27 23:30:00,29.94600000000425,-94.39900101719472,,2023-08-27,23758,0 days 00:45:00,1106,3,False,False,,,,Free
2023-08-27 23:30:00,9.13769575137752,21.403276,65.57877030288945,2580,356,250.6352188685302,354.43553867251137,61,5.0,31777,2023-08-27 23:30:00,2023-08-27 23:30:00,29.48864781131888,-94.4506456289938,,2023-08-27,23915,0 days 00:00:00,1112,3,False,False,,,,Free
2023-08-27 23:30:00,8.852037816488892,25.599998,61.54267971691708,2580,362,294.75455629132483,419.8209845076938,57,5.0,31782,2023-08-27 23:30:00,2023-08-27 23:30:00,29.04745443709086,-93.7967911893266,,2023-08-27,23772,0 days 00:45:00,1107,3,False,False,,,,Free
2023-08-27 23:30:00,2.345235211310733,9.6,4.319790583880853,2580,363,297.0,464.5,4,5.0,31783,2023-08-27 23:30:00,2023-08-27 23:30:00,29.025000000004106,-93.35000104717108,,2023-08-27,23819,0 days 00:30:00,1109,3,False,False,,,,Free
2023-08-27 23:45:00,1.6403471265924778,9.6,2.1133012298010896,2581,299,81.5,222.0,2,5.0,31808,2023-08-27 23:45:00,2023-08-27 23:45:00,31.18000000000444,-95.77500097787402,,2023-08-27,23845,0 days 00:30:00,1110,3,False,False,,,,Free
2023-08-27 23:45:00,10.266770149148453,17.205193,82.78612593466893,2581,341,251.47861246950103,354.0889550983408,77,5.0,31838,2023-08-27 23:45:00,2023-08-27 23:45:00,29.480213875309165,-94.45411146463648,,2023-08-27,23915,0 days 00:15:00,1112,3,False,False,,,,Free
2023-08-27 23:45:00,1.6610847474398247,9.6,2.167072605925972,2581,366,331.5,410.0,2,5.0,31858,2023-08-27 23:45:00,2023-08-27 23:45:00,28.68000000000405,-93.89500103159708,,2023-08-27,23979,0 days 00:00:00,1113,4,False,False,,,,Free
2023-08-27 23:45:00,1.6732889385988854,470.40002,2.1990330756022587,2581,375,490.0,47.5,2,5.0,31867,2023-08-27 23:45:00,2023-08-27 23:45:00,27.095000000003804,-97.5200009280087,,2023-08-27,23988,0 days 00:00:00,1114,4,False,False,,,,Free
2023-08-28 00:00:00,6.82258466488959,9.882354,36.5584478600754,2582,312,252.36024096475523,354.4734939745885,34,5.0,31898,2023-08-28 00:00:00,2023-08-28 00:00:00,29.471397590356624,-94.4502660759839,,2023-08-28,23915,0 days 00:30:00,1112,3,False,False,,,,Free
2023-08-28 00:00:00,13.530203463900383,12.775939,143.78001887509728,2582,322,307.50473796379777,429.2397988829913,133,5.0,31904,2023-08-28 00:00:00,2023-08-28 00:00:00,28.91995262036611,-93.70260304826512,,2023-08-28,24016,0 days 00:00:00,1115,3,False,False,,,,Free
2023-08-28 00:00:00,22.21519300036052,38.855865,387.6056175634408,2582,325,325.7776970856766,470.2494637333174,358,5.0,31905,2023-08-28 00:00:00,2023-08-28 00:00:00,28.73722302914729,-93.29250641148089,,2023-08-28,24017,0 days 00:00:00,1116,5,False,False,,,,Free
2023-08-28 00:00:00,7.4289954851326225,58.560005,43.34610415324522,2582,333,332.8939916118308,407.3156963185031,41,5.0,31911,2023-08-28 00:00:00,2023-08-28 00:00:00,28.666060083885743,-93.921844067645,,2023-08-28,23979,0 days 00:15:00,1113,4,False,False,,,,Free
2023-08-28 00:00:00,5.513449809903561,16.145454,23.8746345352072,2582,344,347.5324384725424,464.2826249226162,27,5.0,31922,2023-08-28 00:00:00,2023-08-28 00:00:00,28.519675615278604,-93.35217479788275,,2023-08-28,24031,0 days 00:00:00,1117,3,False,False,,,,Free
2023-08-28 00:00:00,2.036773705096951,19.2,3.258182753534608,2582,347,355.774647890477,499.0,3,5.0,31925,2023-08-28 00:00:00,2023-08-28 00:00:00,28.437253521099244,-93.0050010570298,,2023-08-28,24034,0 days 00:00:00,1118,3,False,False,,,,Free
2023-08-28 00:00:00,2.366440727072752,792.00006,4.39826247771266,2582,351,490.70432021072406,47.5,4,5.0,31928,2023-08-28 00:00:00,2023-08-28 00:00:00,27.087956797896563,-97.5200009280087,,2023-08-28,23988,0 days 00:15:00,1114,4,False,False,,,,Free
2023-08-28 00:15:00,9.311555365378156,12.647617,68.09799749075313,2583,234,306.25072644424097,427.1382316389252,63,5.0,31948,2023-08-28 00:15:00,2023-08-28 00:15:00,28.93249273556168,-93.72361872010526,,2023-08-28,24016,0 days 00:15:00,1115,3,False,False,,,,Free
2023-08-28 00:15:00,17.92293375247714,16.975107,252.2946727691381,2583,235,326.0149092940624,466.4586768002203,233,5.0,31949,2023-08-28 00:15:00,2023-08-28 00:15:00,28.73485090706344,-93.3304142797286,,2023-08-28,24017,0 days 00:15:00,1116,5,False,False,,,,Free
2023-08-28 00:15:00,8.222954612677851,41.534695,53.10625391879772,2583,241,333.932633229846,405.0468103976484,49,5.0,31953,2023-08-28 00:15:00,2023-08-28 00:15:00,28.65567366770559,-93.94453292620516,,2023-08-28,23979,0 days 00:30:00,1113,4,False,False,,,,Free
2023-08-28 00:15:00,7.796968550396654,46.472725,47.74648951742977,2583,250,348.5380242896913,462.9589182354741,77,5.0,31962,2023-08-28 00:15:00,2023-08-28 00:15:00,28.50961975710712,-93.36541186437591,,2023-08-28,24031,0 days 00:15:00,1117,3,False,False,,,,Free
2023-08-28 00:15:00,18.330697337768186,50.05432,263.9051435986884,2583,251,354.13542847498775,366.4407601041427,410,5.0,31963,2023-08-28 00:15:00,2023-08-28 00:15:00,28.45364571525414,-94.3305934181081,,2023-08-28,24064,0 days 00:00:00,1120,3,False,False,,,,Free
2023-08-28 00:15:00,12.222794418960744,135.28888,117.33589647441624,2583,254,358.819105683937,495.2498010347883,108,5.0,31966,2023-08-28 00:15:00,2023-08-28 00:15:00,28.40680894316464,-93.04250304561026,,2023-08-28,24034,0 days 00:15:00,1118,3,False,False,,,,Free
2023-08-28 00:15:00,2.04953496971996,720.0,3.2991384924183547,2583,267,492.0,45.1476923099249,3,5.0,31978,2023-08-28 00:15:00,2023-08-28 00:15:00,27.0750000000038,-97.54352400423728,,2023-08-28,23988,0 days 00:30:00,1114,4,False,False,,,,Free
2023-08-28 00:30:00,2.0319496225703206,9.6,3.2427670706084406,2584,338,306.3333333333333,424.6666666666667,3,5.0,32012,2023-08-28 00:30:00,2023-08-28 00:30:00,28.93166666667076,-93.74833436912157,,2023-08-28,24016,0 days 00:30:00,1115,3,False,False,,,,Free
2023-08-28 00:30:00,15.753372175043356,16.213333,194.91126859168511,2584,341,325.034780019326,463.8926872745229,180,5.0,32015,2023-08-28 00:30:00,2023-08-28 00:30:00,28.7446521998108,-93.35607417425229,,2023-08-28,24017,0 days 00:30:00,1116,5,False,False,,,,Free
2023-08-28 00:30:00,6.326080744569568,15.889657,31.431082825139544,2584,344,334.4800506625107,403.6535782172343,29,5.0,32018,2023-08-28 00:30:00,2023-08-28 00:30:00,28.650199493378945,-93.95846524761116,,2023-08-28,23979,0 days 00:45:00,1113,4,False,False,,,,Free
2023-08-28 00:30:00,24.946453769529857,26.432003,488.7733484626695,2584,352,355.19826662581994,361.1884009129141,506,5.0,32025,2023-08-28 00:30:00,2023-08-28 00:30:00,28.44301733374581,-94.38311700851948,,2023-08-28,24064,0 days 00:15:00,1120,3,False,False,,,,Free
2023-08-28 00:30:00,2.036099127965844,9.6,3.256024898100056,2584,353,349.0,460.0,3,5.0,32026,2023-08-28 00:30:00,2023-08-28 00:30:00,28.505000000004024,-93.39500104588512,,2023-08-28,24031,0 days 00:30:00,1117,3,False,False,,,,Free
2023-08-28 00:30:00,14.738302888289445,80.957954,170.60228212762806,2584,357,362.5012662255688,490.9265601215161,157,5.0,32029,2023-08-28 00:30:00,2023-08-28 00:30:00,28.36998733774832,-93.08573545350754,,2023-08-28,24034,0 days 00:30:00,1118,3,False,False,,,,Free
2023-08-28 00:30:00,4.2444404896439325,9.599999,14.149163953179018,2584,365,379.0,461.2142857142857,14,5.0,32037,2023-08-28 00:30:00,2023-08-28 00:30:00,28.205000000003977,-93.38285818908923,,2023-08-28,24123,0 days 00:00:00,1121,3,False,False,,,,Free
2023-08-28 00:30:00,1.6734382952702869,431.99997,2.199425661617833,2584,371,492.0,44.69110069479311,2,5.0,32042,2023-08-28 00:30:00,2023-08-28 00:30:00,27.0750000000038,-97.54808992025812,,2023-08-28,23988,0 days 00:45:00,1114,4,False,False,,,,Free
2023-08-28 00:45:00,13.593823884499656,14.82985,145.13533495476736,2585,229,326.69541452752736,461.2060431337485,134,5.0,32071,2023-08-28 00:45:00,2023-08-28 00:45:00,28.728045854728787,-93.38294061489228,,2023-08-28,24017,0 days 00:45:00,1116,5,False,False,,,,Free
2023-08-28 00:45:00,8.65041051168017,20.444445,58.77103199473084,2585,245,378.8580335627848,459.2918465185061,54,5.0,32085,2023-08-28 00:45:00,2023-08-28 00:45:00,28.20641966437613,-93.40208258049768,,2023-08-28,24123,0 days 00:15:00,1121,3,False,False,,,,Free
2023-08-28 01:00:00,4.697443542507215,9.6,17.33057689441504,2586,252,327.7058823529412,458.3529411764706,17,5.0,32114,2023-08-28 01:00:00,2023-08-28 01:00:00,28.71794117647465,-93.41147163364974,,2023-08-28,24017,0 days 01:00:00,1116,5,False,False,,,,Free
2023-08-28 01:00:00,15.909281970945871,32.577053,198.788400719764,2586,256,356.96544208181183,352.3088415595132,183,5.0,32117,2023-08-28 01:00:00,2023-08-28 01:00:00,28.42534557918589,-94.47191259951607,,2023-08-28,24064,0 days 00:45:00,1120,3,False,False,,,,Free
2023-08-28 01:00:00,1.664974298850251,9.6,2.1772332058760373,2586,265,381.0,457.5,2,5.0,32124,2023-08-28 01:00:00,2023-08-28 01:00:00,28.18500000000397,-93.4200010451707,,2023-08-28,24123,0 days 00:30:00,1121,3,False,False,,,,Free
2023-08-28 01:15:00,207.4587144240834,62.386326,33802.84438105923,2587,150,79.29011751547148,403.62871989941976,31968,5.0,32143,2023-08-28 01:15:00,2023-08-28 01:15:00,31.20209882484973,-93.9587138307822,,2023-08-28,24206,0 days 00:00:00,1122,4,False,False,,,,Free
2023-08-28 01:15:00,13.855016619382605,111.165215,150.7661981730992,2587,195,419.1900972554355,437.5501989212775,185,5.0,32169,2023-08-28 01:15:00,2023-08-28 01:15:00,27.80309902744956,-93.61949905025703,,2023-08-28,24226,0 days 00:00:00,1123,3,False,False,,,,Free
2023-08-28 01:30:00,208.2958088835684,61.54775,34076.18321145114,2588,139,80.7272582177296,401.74445942116336,32227,5.0,32170,2023-08-28 01:30:00,2023-08-28 01:30:00,31.187727417827148,-93.97755643502632,,2023-08-28,24206,0 days 00:15:00,1122,4,False,False,,,,Free
2023-08-28 01:30:00,10.077655355011734,23.671234,79.76436003291215,2588,178,421.1479090106054,434.1760821908669,73,5.0,32193,2023-08-28 01:30:00,2023-08-28 01:30:00,27.783520909897856,-93.653240216597,,2023-08-28,24226,0 days 00:15:00,1123,3,False,False,,,,Free
2023-08-28 01:45:00,206.76490180829225,61.410522,33577.12599845869,2589,164,80.42673568994319,401.7331955918448,31813,5.0,32198,2023-08-28 01:45:00,2023-08-28 01:45:00,31.19073264310501,-93.97766907331628,,2023-08-28,24206,0 days 00:30:00,1122,4,False,False,,,,Free
2023-08-28 01:45:00,4.864164106705949,14.117647,18.58259316151529,2589,215,425.4555420235516,430.40194884089374,19,5.0,32227,2023-08-28 01:45:00,2023-08-28 01:45:00,27.74044457976839,-93.6909815490182,,2023-08-28,24226,0 days 00:30:00,1123,3,False,False,,,,Free
2023-08-28 02:00:00,206.76119477555147,60.259956,33575.92201859052,2590,151,80.58929639824277,402.8791908276832,31745,5.0,32228,2023-08-28 02:00:00,2023-08-28 02:00:00,31.189107036022016,-93.96620912128536,,2023-08-28,24206,0 days 00:45:00,1122,4,False,False,,,,Free
2023-08-28 02:00:00,2.618556495097057,9.6,5.3853480646025815,2590,189,269.6,345.0,5,5.0,32249,2023-08-28 02:00:00,2023-08-28 02:00:00,29.29900000000415,-94.5450010130226,,2023-08-28,24296,0 days 00:00:00,1124,3,False,False,,,,Free
2023-08-28 02:30:00,4.056928268048635,9.599999,12.926606811851377,2592,208,270.9230769230769,349.0769230769231,13,5.0,32298,2023-08-28 02:30:00,2023-08-28 02:30:00,29.285769230773376,-94.5042317834184,,2023-08-28,24296,0 days 00:30:00,1124,3,False,False,,,,Free
2023-08-28 02:45:00,7.499285297221051,9.8341465,44.17022719853848,2593,260,272.14530776395725,350.18163471697574,41,5.0,32341,2023-08-28 02:45:00,2023-08-28 02:45:00,29.27354692236457,-94.49318466733354,,2023-08-28,24296,0 days 00:45:00,1124,3,False,False,,,,Free
2023-08-28 03:15:00,5.362471202464006,10.97143,22.58498608228281,2595,299,254.569230771488,436.6492307626849,22,5.0,32441,2023-08-28 03:15:00,2023-08-28 03:15:00,29.44930769228929,-93.62850873158555,,2023-08-28,24467,0 days 00:00:00,1125,3,False,False,,,,Free
2023-08-28 03:15:00,3.111370217638029,9.599999,7.603144805888441,2595,324,357.0,383.0,7,5.0,32455,2023-08-28 03:15:00,2023-08-28 03:15:00,28.42500000000401,-94.16500102388152,,2023-08-28,24479,0 days 00:00:00,1126,3,False,False,,,,Free
2023-08-28 03:30:00,38.41056973701483,22.807816,1158.754355080105,2596,318,277.98685925437485,376.16714494211527,1079,5.0,32493,2023-08-28 03:30:00,2023-08-28 03:30:00,29.215131407460387,-94.23332957250784,,2023-08-28,24513,0 days 00:00:00,1127,3,False,False,,,,Free
2023-08-28 03:30:00,6.3017556855851815,11.255175,31.18982982033077,2596,320,254.84564498398365,440.7618522414762,29,5.0,32495,2023-08-28 03:30:00,2023-08-28 03:30:00,29.446543550164336,-93.58738251797286,,2023-08-28,24467,0 days 00:15:00,1125,3,False,False,,,,Free
2023-08-28 03:30:00,1.6591332680533537,9.6,2.1619837465337093,2596,335,306.6666666666667,350.0,3,5.0,32507,2023-08-28 03:30:00,2023-08-28 03:30:00,28.928333333337424,-94.49500101445142,,2023-08-28,24524,0 days 00:00:00,1128,3,False,False,,,,Free
2023-08-28 03:30:00,5.997112198450666,9.6,28.247123543658603,2596,343,359.5769230769231,384.3076923076923,26,5.0,32513,2023-08-28 03:30:00,2023-08-28 03:30:00,28.399230769234777,-94.15192410117828,,2023-08-28,24479,0 days 00:15:00,1126,3,False,False,,,,Free
2023-08-28 03:45:00,36.67706641045177,20.816326,1056.5232646434151,2597,290,278.9906120572619,380.4045469469083,982,5.0,32546,2023-08-28 03:45:00,2023-08-28 03:45:00,29.20509387943152,-94.1909555536708,,2023-08-28,24513,0 days 00:15:00,1127,3,False,False,,,,Free
2023-08-28 03:45:00,2.6167309764779425,9.6,5.377841924226017,2597,292,255.4,446.2,5,5.0,32547,2023-08-28 03:45:00,2023-08-28 03:45:00,29.44100000000417,-93.53300104194165,,2023-08-28,24467,0 days 00:30:00,1125,3,False,False,,,,Free
2023-08-28 03:45:00,5.3765394311249,12.342857,22.70364313924418,2597,309,308.24124513739,351.9974059689247,21,5.0,32560,2023-08-28 03:45:00,2023-08-28 03:45:00,28.91258754863019,-94.47502695533296,,2023-08-28,24524,0 days 00:15:00,1128,3,False,False,,,,Free
2023-08-28 03:45:00,1.6608864200119968,9.6,2.1665551557731826,2597,312,329.0,454.5,2,5.0,32563,2023-08-28 03:45:00,2023-08-28 03:45:00,28.70500000000405,-93.45000104431348,,2023-08-28,24571,0 days 00:00:00,1129,3,False,False,,,,Free
2023-08-28 03:45:00,2.881135571156358,9.599999,6.519544742155409,2597,317,361.1666666666667,386.8333333333333,6,5.0,32567,2023-08-28 03:45:00,2023-08-28 03:45:00,28.383333333337337,-94.1266676916436,,2023-08-28,24479,0 days 00:30:00,1126,3,False,False,,,,Free
2023-08-28 03:45:00,18.049351398231327,47.22383,255.86629573667383,2597,319,382.6403416834405,383.98916111329,236,5.0,32569,2023-08-28 03:45:00,2023-08-28 03:45:00,28.168596583169567,-94.15510941303133,,2023-08-28,24575,0 days 00:00:00,1130,3,False,False,,,,Free
2023-08-28 03:45:00,,,,2597,326,403.5,396.5,4,5.0,32575,2023-08-28 03:45:00,2023-08-28 03:45:00,27.960000000003937,-94.03000102773932,,2023-08-28,24578,0 days 00:00:00,1131,3,False,False,,,,Free
2023-08-28 04:00:00,,,,2598,279,310.0,352.75,4,5.0,32616,2023-08-28 04:00:00,2023-08-28 04:00:00,28.895000000004085,-94.46750101523725,,2023-08-28,24524,0 days 00:30:00,1128,3,False,False,,,,Free
2023-08-28 04:00:00,4.69793463599025,12.6,17.334200728604912,2598,284,330.1167763143705,455.8930920966207,16,5.0,32619,2023-08-28 04:00:00,2023-08-28 04:00:00,28.69383223686035,-93.43607012374532,,2023-08-28,24571,0 days 00:15:00,1129,3,False,False,,,,Free
2023-08-28 04:00:00,26.986530272533656,62.244568,571.9841322567925,2598,287,388.5177190800225,381.2372879650934,526,5.0,32621,2023-08-28 04:00:00,2023-08-28 04:00:00,28.10982280920373,-94.1826281437269,,2023-08-28,24575,0 days 00:15:00,1130,3,False,False,,,,Free
2023-08-28 04:00:00,8.821144782189702,22.285715,61.11386941295311,2598,294,407.0270661229856,396.45103305287233,56,5.0,32628,2023-08-28 04:00:00,2023-08-28 04:00:00,27.92472933877408,-94.03049069719656,,2023-08-28,24578,0 days 00:15:00,1131,3,False,False,,,,Free
2023-08-28 04:15:00,6.200637978150223,9.6,30.19691894982429,2599,225,283.06666666666666,382.3,30,5.0,32653,2023-08-28 04:15:00,2023-08-28 04:15:00,29.16433333333746,-94.1720010236815,,2023-08-28,24513,0 days 00:45:00,1127,3,False,False,,,,Free
2023-08-28 04:15:00,1.6611243949150962,9.6,2.167176056376724,2599,234,332.0,456.5,2,5.0,32660,2023-08-28 04:15:00,2023-08-28 04:15:00,28.67500000000405,-93.430001044885,,2023-08-28,24571,0 days 00:30:00,1129,3,False,False,,,,Free
2023-08-28 04:15:00,28.05415738887473,73.09207,618.1364300646663,2599,242,396.1548596270925,380.25778904496974,579,5.0,32666,2023-08-28 04:15:00,2023-08-28 04:15:00,28.033451403733025,-94.19242313264824,,2023-08-28,24575,0 days 00:30:00,1130,3,False,False,,,,Free
2023-08-28 04:15:00,15.461388076504036,57.153492,187.7529819433822,2599,245,410.01920268195374,398.325307179017,196,5.0,32669,2023-08-28 04:15:00,2023-08-28 04:15:00,27.894807973184392,-94.01174795647074,,2023-08-28,24578,0 days 00:30:00,1131,3,False,False,,,,Free
2023-08-28 05:15:00,5.181832223391815,9.600001,21.08902861398868,2603,89,61.85,380.4,20,5.0,32765,2023-08-28 05:15:00,2023-08-28 05:15:00,31.37650000000448,-94.19100102313854,,2023-08-28,24740,0 days 00:00:00,1132,3,False,False,,,,Free
2023-08-28 05:15:00,7.518316215134074,11.239024,44.39469300531764,2603,98,324.6450351748467,441.8279906076135,41,5.0,32773,2023-08-28 05:15:00,2023-08-28 05:15:00,28.7485496482556,-93.57672113461616,,2023-08-28,24747,0 days 00:00:00,1133,4,False,False,,,,Free
2023-08-28 05:30:00,7.860253920683482,11.895653,48.52471944740863,2604,49,65.69041614201304,381.9552332919624,46,5.0,32789,2023-08-28 05:30:00,2023-08-28 05:30:00,31.338095838584337,-94.17544869066336,,2023-08-28,24740,0 days 00:15:00,1132,3,False,False,,,,Free
2023-08-28 05:30:00,2.8765104655037645,9.599999,6.498629808009744,2604,54,327.3333333333333,445.1666666666667,6,5.0,32794,2023-08-28 05:30:00,2023-08-28 05:30:00,28.721666666670725,-93.54333437497968,,2023-08-28,24747,0 days 00:15:00,1133,4,False,False,,,,Free
2023-08-28 05:45:00,5.559315648713672,10.852176,24.27350816256752,2605,50,69.6163793277679,383.01867817598014,24,5.0,32804,2023-08-28 05:45:00,2023-08-28 05:45:00,31.298836206726783,-94.16481424212708,,2023-08-28,24740,0 days 00:30:00,1132,3,False,False,,,,Free
2023-08-28 05:45:00,3.5236087422633062,9.6,9.751361100818562,2605,52,331.0,448.6666666666667,9,5.0,32805,2023-08-28 05:45:00,2023-08-28 05:45:00,28.68500000000405,-93.5083343759798,,2023-08-28,24747,0 days 00:30:00,1133,4,False,False,,,,Free
2023-08-28 05:45:00,5.396213665595664,10.514287,22.87010487945397,2605,54,385.1554404192016,410.4404145073453,21,5.0,32807,2023-08-28 05:45:00,2023-08-28 05:45:00,28.14344559581195,-93.89059688664946,,2023-08-28,24773,0 days 00:00:00,1134,3,False,False,,,,Free
2023-08-28 06:00:00,4.069537889656651,9.599999,13.007087867975285,2606,66,335.25,451.4166666666667,12,5.0,32820,2023-08-28 06:00:00,2023-08-28 06:00:00,28.642500000004045,-93.4808343767657,,2023-08-28,24747,0 days 00:45:00,1133,4,False,False,,,,Free
2023-08-28 06:00:00,6.662491556134559,10.8,34.86287707534036,2606,69,388.96228449582594,413.1821120616567,32,5.0,32823,2023-08-28 06:00:00,2023-08-28 06:00:00,28.1053771550457,-93.86317991188986,,2023-08-28,24773,0 days 00:15:00,1134,3,False,False,,,,Free
2023-08-28 06:00:00,8.663840309324065,11.733331,58.95365818305748,2606,72,411.5049505030999,385.1171617143538,54,5.0,32826,2023-08-28 06:00:00,2023-08-28 06:00:00,27.879950494972928,-94.143829407343,,2023-08-28,24788,0 days 00:00:00,1135,7,False,False,,,,Free
2023-08-28 06:15:00,8.656863098486452,11.199996,58.85874265829878,2607,95,394.4318996401988,415.8142174486098,54,5.0,32847,2023-08-28 06:15:00,2023-08-28 06:15:00,28.05068100360197,-93.83685885877247,,2023-08-28,24773,0 days 00:30:00,1134,3,False,False,,,,Free
2023-08-28 06:15:00,5.403478925895972,10.97143,22.93172924398532,2607,96,414.29665071733945,385.8995215201841,21,5.0,32848,2023-08-28 06:15:00,2023-08-28 06:15:00,27.85203349283053,-94.13600580950828,,2023-08-28,24788,0 days 00:15:00,1135,7,False,False,,,,Free
2023-08-28 06:30:00,10.632720521049526,12.914285,88.79298961945406,2608,82,84.74034777939494,410.5841438205984,87,5.0,32860,2023-08-28 06:30:00,2023-08-28 06:30:00,31.14759652221049,-93.88915959355802,,2023-08-28,24815,0 days 00:00:00,1136,3,False,False,,,,Free
2023-08-28 06:30:00,6.6713695403954825,12.6,34.95585078907853,2608,98,418.1671949281457,386.3201267963573,34,5.0,32873,2023-08-28 06:30:00,2023-08-28 06:30:00,27.813328050722458,-94.13179975686673,,2023-08-28,24788,0 days 00:30:00,1135,7,False,False,,,,Free
2023-08-28 06:45:00,13.63047360962297,11.686956,145.91897619805158,2609,107,87.68481743160943,411.3544736114741,141,5.0,32881,2023-08-28 06:45:00,2023-08-28 06:45:00,31.11815182568834,-93.88145629586938,,2023-08-28,24815,0 days 00:15:00,1136,3,False,False,,,,Free
2023-08-28 06:45:00,6.567774050249027,10.529034,33.87866497980695,2609,127,423.0291715263807,387.06067677264616,31,5.0,32897,2023-08-28 06:45:00,2023-08-28 06:45:00,27.764708284740102,-94.12439425731544,,2023-08-28,24788,0 days 00:45:00,1135,7,False,False,,,,Free
2023-08-28 07:00:00,18.013202825530744,13.4639015,254.84244294438767,2610,115,89.44277047058854,411.4006065183548,242,5.0,32902,2023-08-28 07:00:00,2023-08-28 07:00:00,31.100572295298544,-93.88099496681376,,2023-08-28,24815,0 days 00:30:00,1136,3,False,False,,,,Free
2023-08-28 07:00:00,2.875569340350168,9.599999,6.4943781123934965,2610,124,320.5,498.0,6,5.0,32910,2023-08-28 07:00:00,2023-08-28 07:00:00,28.79000000000407,-93.01500105674404,,2023-08-28,24859,0 days 00:00:00,1137,3,False,False,,,,Free
2023-08-28 07:00:00,8.584938584884654,9.6,57.884763955844114,2610,145,415.82142857142856,407.0892857142857,56,5.0,32923,2023-08-28 07:00:00,2023-08-28 07:00:00,27.83678571428964,-93.92410817362249,,2023-08-28,24871,0 days 00:00:00,1138,3,False,False,,,,Free
2023-08-28 07:00:00,10.01128433317129,10.799999,78.71717024030083,2610,147,427.1853448312283,389.19971263255496,72,5.0,32924,2023-08-28 07:00:00,2023-08-28 07:00:00,27.72314655169162,-94.10300389932765,,2023-08-28,24788,0 days 01:00:00,1135,7,False,False,,,,Free
2023-08-28 07:15:00,13.236343268838674,12.110768,137.60237329651355,2611,80,98.37061876745918,415.8569883132193,130,5.0,32930,2023-08-28 07:15:00,2023-08-28 07:15:00,31.011293812329825,-93.8364311501386,,2023-08-28,24876,0 days 00:00:00,1139,3,False,False,,,,Free
2023-08-28 07:15:00,6.171442855872456,9.6,29.91322966741605,2611,87,187.78571428571428,401.7857142857143,28,5.0,32937,2023-08-28 07:15:00,2023-08-28 07:15:00,30.117142857147133,-93.97714388639264,,2023-08-28,24883,0 days 00:00:00,1140,3,False,False,,,,Free
2023-08-28 07:15:00,7.518482941958193,14.985365,44.39666202817649,2611,88,325.08549095728586,497.3849535732549,41,5.0,32938,2023-08-28 07:15:00,2023-08-28 07:15:00,28.744145090431203,-93.02115152083576,,2023-08-28,24859,0 days 00:15:00,1137,3,False,False,,,,Free
2023-08-28 07:15:00,7.644102994489025,9.6,45.89262942073492,2611,98,421.1904761904762,411.04761904761904,42,5.0,32946,2023-08-28 07:15:00,2023-08-28 07:15:00,27.78309523809915,-93.88452484142029,,2023-08-28,24871,0 days 00:15:00,1138,3,False,False,,,,Free
2023-08-28 07:15:00,9.731036738082862,12.423528,74.37176797522005,2611,100,430.7143423312726,391.83438983739927,68,5.0,32948,2023-08-28 07:15:00,2023-08-28 07:15:00,27.68785657669117,-94.07665712803208,,2023-08-28,24788,0 days 01:15:00,1135,7,False,False,,,,Free
2023-08-28 07:30:00,7.876417437358122,9.6,48.72449328490119,2612,93,104.72340425531917,417.2127659574468,47,5.0,32956,2023-08-28 07:30:00,2023-08-28 07:30:00,30.94776595745121,-93.82287337408373,,2023-08-28,24876,0 days 00:15:00,1139,3,False,False,,,,Free
2023-08-28 07:30:00,13.899566445286274,19.402817,151.7373130341422,2612,97,190.29288088724408,402.8048112478861,142,5.0,32958,2023-08-28 07:30:00,2023-08-28 07:30:00,30.09207119113184,-93.96695291706207,,2023-08-28,24883,0 days 00:15:00,1140,3,False,False,,,,Free
2023-08-28 07:30:00,1.660807036869869,9.6,2.166348056908808,2612,101,328.0,498.5,2,5.0,32962,2023-08-28 07:30:00,2023-08-28 07:30:00,28.715000000004057,-93.01000105688696,,2023-08-28,24859,0 days 00:30:00,1137,3,False,False,,,,Free
2023-08-28 07:30:00,8.42524429245083,9.6,55.751285514965936,2612,110,425.9803921568628,413.0980392156863,51,5.0,32970,2023-08-28 07:30:00,2023-08-28 07:30:00,27.73519607843528,-93.86402064032552,,2023-08-28,24871,0 days 00:30:00,1138,3,False,False,,,,Free
2023-08-28 07:30:00,3.914650735299781,9.599999,12.035826598969363,2612,112,436.0,395.0,11,5.0,32972,2023-08-28 07:30:00,2023-08-28 07:30:00,27.63500000000389,-94.04500102731066,,2023-08-28,24788,0 days 01:30:00,1135,7,False,False,,,,Free
2023-08-28 07:45:00,3.2857150790278924,9.6,8.47909855234417,2613,116,111.2,418.7,10,5.0,32979,2023-08-28 07:45:00,2023-08-28 07:45:00,30.8830000000044,-93.8080010340832,,2023-08-28,24876,0 days 00:30:00,1139,3,False,False,,,,Free
2023-08-28 08:00:00,1.6505714051364129,9.6,2.1397277320825534,2614,133,202.0,407.5,2,5.0,33019,2023-08-28 08:00:00,2023-08-28 08:00:00,29.97500000000425,-93.92000103088264,,2023-08-28,24883,0 days 00:45:00,1140,3,False,False,,,,Free
2023-08-28 08:00:00,38.89002800289555,22.88074,1187.8631042523816,2614,149,443.1604265686969,446.7312669834961,1091,5.0,33031,2023-08-28 08:00:00,2023-08-28 08:00:00,27.56339573431691,-93.52768837225848,,2023-08-28,24962,0 days 00:00:00,1141,3,False,False,,,,Free
2023-08-28 08:15:00,5.919399000502546,10.707693,27.51978971438466,2615,112,97.91243654753222,408.2969543118027,28,5.0,33040,2023-08-28 08:15:00,2023-08-28 08:15:00,31.01587563452909,-93.9120314879924,,2023-08-28,24970,0 days 00:00:00,1142,3,False,False,,,,Free
2023-08-28 08:15:00,34.513622132054685,17.502577,935.5585267515592,2615,146,450.3343205442113,449.0462885923712,867,5.0,33065,2023-08-28 08:15:00,2023-08-28 08:15:00,27.491656794561752,-93.50453815683125,,2023-08-28,24962,0 days 00:15:00,1141,3,False,False,,,,Free
2023-08-28 08:30:00,6.86980615875618,11.52,37.066266794832295,2616,64,103.10193765396778,411.9081718554741,37,5.0,33067,2023-08-28 08:30:00,2023-08-28 08:30:00,30.96398062346473,-93.8759193135876,,2023-08-28,24970,0 days 00:15:00,1142,3,False,False,,,,Free
2023-08-28 08:30:00,1.6455763225069662,9.6,2.1267965202563714,2616,69,142.5,425.0,2,5.0,33071,2023-08-28 08:30:00,2023-08-28 08:30:00,30.57000000000435,-93.74500103588348,,2023-08-28,24995,0 days 00:00:00,1143,4,False,False,,,,Free
2023-08-28 08:30:00,12.619643774870031,16.612175,125.07890574333484,2616,77,370.7765463647125,496.5211921396759,115,5.0,33079,2023-08-28 08:30:00,2023-08-28 08:30:00,28.287234536356863,-93.02978913492468,,2023-08-28,25003,0 days 00:00:00,1144,4,False,False,,,,Free
2023-08-28 08:30:00,27.046807195431004,10.20458,574.5421452637794,2616,81,458.5582950192433,449.54240943665326,536,5.0,33083,2023-08-28 08:30:00,2023-08-28 08:30:00,27.40941704981142,-93.4995769485302,,2023-08-28,24962,0 days 00:30:00,1141,3,False,False,,,,Free
2023-08-28 08:45:00,6.570754466555295,10.200001,33.909419824638604,2617,85,108.522836543559,415.469951925419,32,5.0,33085,2023-08-28 08:45:00,2023-08-28 08:45:00,30.90977163456881,-93.84030151390596,,2023-08-28,24970,0 days 00:30:00,1142,3,False,False,,,,Free
2023-08-28 08:45:00,8.7870650215133,28.800001,60.64256487443839,2617,88,147.7667698403144,428.7875571136906,57,5.0,33087,2023-08-28 08:45:00,2023-08-28 08:45:00,30.5173323016012,-93.70712546582894,,2023-08-28,24995,0 days 00:15:00,1143,4,False,False,,,,Free
2023-08-28 08:45:00,7.255594202763064,14.399999,41.34622385304488,2617,95,376.6550951609121,498.1450167970284,38,5.0,33093,2023-08-28 08:45:00,2023-08-28 08:45:00,28.22844904839486,-93.0135508888152,,2023-08-28,25003,0 days 00:15:00,1144,4,False,False,,,,Free
2023-08-28 08:45:00,10.202355182679623,12.415998,81.75056430186542,2617,96,394.6717008276202,486.0852211508352,75,5.0,33094,2023-08-28 08:45:00,2023-08-28 08:45:00,28.04828299172775,-93.13414884183088,,2023-08-28,25012,0 days 00:00:00,1145,3,False,False,,,,Free
2023-08-28 09:00:00,12.32216341811457,21.085718,119.25148879530222,2618,31,154.0724911374593,433.081150101832,112,5.0,33108,2023-08-28 09:00:00,2023-08-28 09:00:00,30.454275088629736,-93.66418953717442,,2023-08-28,24995,0 days 00:30:00,1143,4,False,False,,,,Free
2023-08-28 09:00:00,4.559677110326386,9.6,16.328942528060495,2618,34,380.8,498.4,15,5.0,33111,2023-08-28 09:00:00,2023-08-28 09:00:00,28.187000000003973,-93.01100105685832,,2023-08-28,25003,0 days 00:30:00,1144,4,False,False,,,,Free
2023-08-28 09:00:00,6.665822195077867,9.6,34.8977423141809,2618,35,400.09375,488.71875,32,5.0,33112,2023-08-28 09:00:00,2023-08-28 09:00:00,27.994062500003945,-93.10781355409182,,2023-08-28,25012,0 days 00:15:00,1145,3,False,False,,,,Free
2023-08-28 09:15:00,7.72503676694561,14.836362,46.8695724205411,2619,47,159.57393714458115,436.3789279017853,44,5.0,33118,2023-08-28 09:15:00,2023-08-28 09:15:00,30.39926062855851,-93.63121176011732,,2023-08-28,24995,0 days 00:45:00,1143,4,False,False,,,,Free
2023-08-28 09:15:00,1.6504051915265356,24.0,2.1392968098428846,2619,51,200.0,455.3736842118472,2,5.0,33121,2023-08-28 09:15:00,2023-08-28 09:15:00,29.995000000004257,-93.44126420244464,,2023-08-28,25033,0 days 00:00:00,1146,3,False,False,,,,Free
2023-08-28 09:15:00,2.8844937090083684,9.599999,6.534751446978895,2619,52,386.0,498.5,6,5.0,33122,2023-08-28 09:15:00,2023-08-28 09:15:00,28.135000000003966,-93.01000105688696,,2023-08-28,25003,0 days 00:45:00,1144,4,False,False,,,,Free
2023-08-28 09:15:00,2.8867524250752354,9.599999,6.5449895882798,2619,54,403.44444444444446,491.55555555555554,9,5.0,33123,2023-08-28 09:15:00,2023-08-28 09:15:00,27.96055555555949,-93.07944549934687,,2023-08-28,25012,0 days 00:30:00,1145,3,False,False,,,,Free
2023-08-28 09:45:00,2.022375519206285,9.6,3.2122806408244418,2621,56,210.3333333333333,462.6666666666667,3,5.0,33145,2023-08-28 09:45:00,2023-08-28 09:45:00,29.891666666670908,-93.36833437998048,,2023-08-28,25033,0 days 00:30:00,1146,3,False,False,,,,Free
2023-08-28 10:00:00,7.477738317118287,16.858536,43.91677164796968,2622,65,213.93294940261785,466.2373508898318,41,5.0,33156,2023-08-28 10:00:00,2023-08-28 10:00:00,29.855670505978058,-93.3326275387692,,2023-08-28,25033,0 days 00:45:00,1146,3,False,False,,,,Free
2023-08-28 10:45:00,8.712394988775253,33.085716,59.61629667748402,2625,80,152.6593336999506,453.51208036786034,56,5.0,33189,2023-08-28 10:45:00,2023-08-28 10:45:00,30.468406663004824,-93.4598802403525,,2023-08-28,25080,0 days 00:00:00,1148,3,False,False,,,,Free
2023-08-28 10:45:00,4.807540670227607,19.764708,18.15247365781429,2625,87,184.0159362239786,493.8350597535449,17,5.0,33193,2023-08-28 10:45:00,2023-08-28 10:45:00,30.154840637764497,-93.0566504580184,,2023-08-28,25082,0 days 00:00:00,1149,3,False,False,,,,Free
2023-08-28 10:45:00,8.347764055906255,25.976469,54.73060039741002,2625,99,231.31834442658,493.040027293375,57,5.0,33201,2023-08-28 10:45:00,2023-08-28 10:45:00,29.681816555738408,-93.06460078239292,,2023-08-28,25090,0 days 00:00:00,1150,3,False,False,,,,Free
2023-08-28 11:00:00,7.45581744666677,27.629272,43.65966642167346,2626,82,156.07286052350074,453.6732054308319,41,5.0,33205,2023-08-28 11:00:00,2023-08-28 11:00:00,30.43427139476932,-93.45826898976884,,2023-08-28,25080,0 days 00:15:00,1148,3,False,False,,,,Free
2023-08-28 11:00:00,5.713996918444562,23.200003,25.643062155114883,2626,90,188.1648351761117,495.7239010996629,24,5.0,33211,2023-08-28 11:00:00,2023-08-28 11:00:00,30.11335164824316,-93.037762045097,,2023-08-28,25082,0 days 00:15:00,1149,3,False,False,,,,Free
2023-08-28 11:00:00,7.666128807493005,16.967442,46.15748162715002,2626,105,234.75281773403,496.76059074638925,43,5.0,33222,2023-08-28 11:00:00,2023-08-28 11:00:00,29.647471822663903,-93.02739514892596,,2023-08-28,25090,0 days 00:15:00,1150,3,False,False,,,,Free
2023-08-28 11:15:00,2.017292542692025,19.2,3.19615363788227,2627,63,160.66666666666666,453.1079812238103,3,5.0,33227,2023-08-28 11:15:00,2023-08-28 11:15:00,30.38833333333765,-93.46392123167756,,2023-08-28,25080,0 days 00:30:00,1148,3,False,False,,,,Free
2023-08-28 11:15:00,2.020679706754754,12.8,3.206895744146704,2627,72,193.3931624001291,498.80341879993546,3,5.0,33230,2023-08-28 11:15:00,2023-08-28 11:15:00,30.06106837600297,-93.00696686897425,,2023-08-28,25082,0 days 00:30:00,1149,3,False,False,,,,Free
2023-08-28 11:15:00,2.8641628571914457,9.599999,6.442957970034932,2627,79,239.0,498.8333333333333,6,5.0,33233,2023-08-28 11:15:00,2023-08-28 11:15:00,29.6050000000042,-93.00666772364885,,2023-08-28,25090,0 days 00:30:00,1150,3,False,False,,,,Free
2023-08-28 12:00:00,2.0162583914805614,9.6,3.192877505278376,2630,34,150.66666666666666,450.3333333333333,3,5.0,33245,2023-08-28 12:00:00,2023-08-28 12:00:00,30.488333333337668,-93.49166770978944,,2023-08-28,25118,0 days 00:00:00,1151,3,False,False,,,,Free
2023-08-28 12:15:00,6.160802702958327,41.142857,29.81017209347945,2631,38,153.16561266653304,450.6361660042441,28,5.0,33251,2023-08-28 12:15:00,2023-08-28 12:15:00,30.463343873339,-93.48863938316686,,2023-08-28,25118,0 days 00:15:00,1151,3,False,False,,,,Free
2023-08-28 12:30:00,6.789932685534992,22.305882,36.20935751228652,2632,48,156.8290279099489,451.8636981647475,34,5.0,33262,2023-08-28 12:30:00,2023-08-28 12:30:00,30.426709720904835,-93.4763640619126,,2023-08-28,25118,0 days 00:30:00,1151,3,False,False,,,,Free
2023-08-28 12:30:00,7.903530412166699,43.4087,49.06051907855011,2632,51,171.16544984089245,466.8865551025489,49,5.0,33265,2023-08-28 12:30:00,2023-08-28 12:30:00,30.283345501595377,-93.32613549682752,,2023-08-28,25130,0 days 00:00:00,1152,7,False,False,,,,Free
2023-08-28 12:30:00,21.613809230039625,58.38368,366.9040530230435,2632,54,199.79674646934103,486.3682776559658,371,5.0,33267,2023-08-28 12:30:00,2023-08-28 12:30:00,29.997032535310847,-93.1313182768605,,2023-08-28,25132,0 days 00:00:00,1153,4,False,False,,,,Free
2023-08-28 12:45:00,9.468848635621562,54.690907,70.41808813985719,2633,82,174.56179504842385,464.95870226516615,70,5.0,33281,2023-08-28 12:45:00,2023-08-28 12:45:00,30.24938204952005,-93.34541402465044,,2023-08-28,25130,0 days 00:15:00,1152,7,False,False,,,,Free
2023-08-28 12:45:00,20.318272991955705,58.51881,324.2376653181212,2633,84,203.92496392486785,487.7538757500942,303,5.0,33282,2023-08-28 12:45:00,2023-08-28 12:45:00,29.955750360755573,-93.11746229631518,,2023-08-28,25132,0 days 00:15:00,1153,4,False,False,,,,Free
2023-08-28 13:00:00,3.056011138310106,10.971428,7.334993730043162,2634,84,3.6698564560552382,408.2200956959632,7,5.0,33295,2023-08-28 13:00:00,2023-08-28 13:00:00,31.95830143544401,-93.91280007412882,,2023-08-28,25154,0 days 00:00:00,1155,4,False,False,,,,Free
2023-08-28 13:00:00,13.74430188225374,41.162594,148.36629525971608,2634,92,179.01144552608824,464.8679999846944,142,5.0,33302,2023-08-28 13:00:00,2023-08-28 13:00:00,30.20488554474341,-93.34632104742929,,2023-08-28,25130,0 days 00:30:00,1152,7,False,False,,,,Free
2023-08-28 13:00:00,17.43399309669741,40.33722,238.7171499286995,2634,94,207.35432932754333,486.8567723138014,230,5.0,33304,2023-08-28 13:00:00,2023-08-28 13:00:00,29.92145670672881,-93.12643333042172,,2023-08-28,25132,0 days 00:30:00,1153,4,False,False,,,,Free
2023-08-28 13:00:00,4.2422660840398585,25.107695,14.134670574921754,2634,101,367.9456771229595,1.2907421577803366,13,5.0,33310,2023-08-28 13:00:00,2023-08-28 13:00:00,28.3155432287744,-97.9820934932261,,2023-08-28,25166,0 days 00:00:00,1157,4,False,False,,,,Free
2023-08-28 13:15:00,6.220563229614271,49.986206,30.39130150617328,2635,126,5.307067290071899,407.3596504848434,29,5.0,33315,2023-08-28 13:15:00,2023-08-28 13:15:00,31.941929327103843,-93.92140452599416,,2023-08-28,25154,0 days 00:15:00,1155,4,False,False,,,,Free
2023-08-28 13:15:00,2.831150342663409,9.599999,6.295290070047552,2635,134,15.5,335.5,6,5.0,33323,2023-08-28 13:15:00,2023-08-28 13:15:00,31.840000000004544,-94.64000101030786,,2023-08-28,25174,0 days 00:00:00,1158,3,False,False,,,,Free
2023-08-28 13:15:00,16.032002458280143,30.171429,201.8670437036751,2635,147,185.24516426830635,466.77648633137807,191,5.0,33334,2023-08-28 13:15:00,2023-08-28 13:15:00,30.142548357321218,-93.3272361845078,,2023-08-28,25130,0 days 00:45:00,1152,7,False,False,,,,Free
2023-08-28 13:15:00,13.616912649285323,31.764706,145.62877100776396,2635,149,209.8786813189925,484.8797802142952,136,5.0,33336,2023-08-28 13:15:00,2023-08-28 13:15:00,29.89621318681432,-93.14620325085184,,2023-08-28,25132,0 days 00:45:00,1153,4,False,False,,,,Free
2023-08-28 13:15:00,7.06079907056531,73.06667,39.155933948993,2635,159,372.5533790499311,0.958047681592363,36,5.0,33345,2023-08-28 13:15:00,2023-08-28 13:15:00,28.26946620950468,-97.98542043789293,,2023-08-28,25166,0 days 00:15:00,1157,4,False,False,,,,Free
2023-08-28 13:30:00,11.26145298989138,82.86316,99.6044491140216,2636,127,9.303852903765922,406.36579696677353,95,5.0,33355,2023-08-28 13:30:00,2023-08-28 13:30:00,31.901961470966896,-93.9313430608908,,2023-08-28,25154,0 days 00:30:00,1155,4,False,False,,,,Free
2023-08-28 13:30:00,3.6557515518368713,22.080002,10.496468998327844,2636,135,19.417777766993016,332.73777777631784,12,5.0,33363,2023-08-28 13:30:00,2023-08-28 13:30:00,31.80082222233461,-94.6676232317554,,2023-08-28,25174,0 days 00:15:00,1158,3,False,False,,,,Free
2023-08-28 13:30:00,16.289411300681873,36.086155,208.40141324543512,2636,148,191.0628526432502,466.3403940030342,195,5.0,33376,2023-08-28 13:30:00,2023-08-28 13:30:00,30.084371473571768,-93.3315971076666,,2023-08-28,25130,0 days 01:00:00,1152,7,False,False,,,,Free
2023-08-28 13:30:00,7.53674447805124,40.507317,44.61259278531985,2636,159,376.1843659871007,1.4475889776711752,41,5.0,33385,2023-08-28 13:30:00,2023-08-28 13:30:00,28.23315634013297,-97.98052502507204,,2023-08-28,25166,0 days 00:30:00,1157,4,False,False,,,,Free
2023-08-28 13:45:00,12.446279259669822,68.689644,121.66592535571051,2637,164,11.875798588156645,405.7139686123773,116,5.0,33389,2023-08-28 13:45:00,2023-08-28 13:45:00,31.876242014122983,-93.93786134424852,,2023-08-28,25154,0 days 00:45:00,1155,4,False,False,,,,Free
2023-08-28 13:45:00,4.168824117325623,11.815385,13.649508918457803,2637,172,22.045064382732807,330.5879828449147,14,5.0,33397,2023-08-28 13:45:00,2023-08-28 13:45:00,31.774549356177207,-94.68912118045506,,2023-08-28,25174,0 days 00:30:00,1158,3,False,False,,,,Free
2023-08-28 13:45:00,4.190796113258303,39.87692,13.793768922370385,2637,186,121.17865022389114,428.9153065480924,13,5.0,33411,2023-08-28 13:45:00,2023-08-28 13:45:00,30.78321349776547,-93.7058479715214,,2023-08-28,25238,0 days 00:00:00,1162,3,False,False,,,,Free
2023-08-28 13:45:00,15.436084774270762,28.745146,187.1389513023922,2637,192,197.4174961736626,466.7484207610718,176,5.0,33414,2023-08-28 13:45:00,2023-08-28 13:45:00,30.020825038267635,-93.32751684020286,,2023-08-28,25130,0 days 01:15:00,1152,7,False,False,,,,Free
2023-08-28 13:45:00,4.206532543243832,15.507694,13.897554557221994,2637,194,194.09809663792123,480.0,13,5.0,33415,2023-08-28 13:45:00,2023-08-28 13:45:00,30.054019033625053,-93.19500105160034,,2023-08-28,25241,0 days 00:00:00,1163,4,False,False,,,,Free
2023-08-28 13:45:00,2.8579130982573764,27.200003,6.414870878747308,2637,197,195.2852852857153,448.2507507499983,6,5.0,33416,2023-08-28 13:45:00,2023-08-28 13:45:00,30.042147147147112,-93.51249353502766,,2023-08-28,25242,0 days 00:00:00,1164,3,False,False,,,,Free
2023-08-28 13:45:00,5.645903920153366,15.02609,25.03553334281138,2637,209,380.2732003389224,1.529054641647592,23,5.0,33426,2023-08-28 13:45:00,2023-08-28 13:45:00,28.19226799661476,-97.97971036845551,,2023-08-28,25166,0 days 00:45:00,1157,4,False,False,,,,Free
2023-08-28 14:00:00,7.35253430417072,83.759995,42.45843676277882,2638,181,125.06888013764087,428.2559674954665,40,5.0,33456,2023-08-28 14:00:00,2023-08-28 14:00:00,30.744311198627965,-93.71244136185923,,2023-08-28,25238,0 days 00:15:00,1162,3,False,False,,,,Free
2023-08-28 14:00:00,6.593888512897683,68.100006,34.14861398258554,2638,184,176.18987716338367,399.9102614787221,32,5.0,33459,2023-08-28 14:00:00,2023-08-28 14:00:00,30.23310122837045,-93.99589841392662,,2023-08-28,25268,0 days 00:00:00,1167,3,False,False,,,,Free
2023-08-28 14:00:00,13.909506350270012,25.487324,151.95441243418574,2638,187,205.15111014559145,464.8483415766565,144,5.0,33462,2023-08-28 14:00:00,2023-08-28 14:00:00,29.94348889854833,-93.346517631504,,2023-08-28,25130,0 days 01:30:00,1152,7,False,False,,,,Free
2023-08-28 14:00:00,2.0211894979686464,9.6,3.208514064451621,2638,188,199.0,479.75,4,5.0,33463,2023-08-28 14:00:00,2023-08-28 14:00:00,30.00500000000426,-93.19750105152887,,2023-08-28,25241,0 days 00:15:00,1163,4,False,False,,,,Free
2023-08-28 14:00:00,5.722720002797705,22.0,25.72141618271286,2638,192,219.57310214338204,486.734770383723,26,5.0,33466,2023-08-28 14:00:00,2023-08-28 14:00:00,29.799268978570407,-93.12765334968763,,2023-08-28,25273,0 days 00:00:00,1168,3,False,False,,,,Free
2023-08-28 14:15:00,8.878803239126219,87.227585,61.9154088365326,2639,182,179.44296738143274,399.77451145758727,58,5.0,33508,2023-08-28 14:15:00,2023-08-28 14:15:00,30.20057032618996,-93.99725591409918,,2023-08-28,25268,0 days 00:15:00,1167,3,False,False,,,,Free
2023-08-28 14:15:00,1.6505714051364129,9.6,2.1397277320825534,2639,184,202.0,480.5,2,5.0,33510,2023-08-28 14:15:00,2023-08-28 14:15:00,29.97500000000425,-93.19000105174324,,2023-08-28,25241,0 days 00:30:00,1163,4,False,False,,,,Free
2023-08-28 14:15:00,2.335081867262118,28.800001,4.282467780209023,2639,187,208.7999999967944,446.1193277336785,5,5.0,33513,2023-08-28 14:15:00,2023-08-28 14:15:00,29.90700000003629,-93.5338077645818,,2023-08-28,25242,0 days 00:30:00,1164,3,False,False,,,,Free
2023-08-28 14:15:00,3.875044558317206,13.090911,11.793515517983032,2639,189,223.53483145200548,488.5775280913324,11,5.0,33515,2023-08-28 14:15:00,2023-08-28 14:15:00,29.759651685484165,-93.10922577313812,,2023-08-28,25273,0 days 00:15:00,1168,3,False,False,,,,Free
2023-08-28 14:30:00,5.292466363138519,13.257146,21.999159797364648,2640,161,1.3564013789447753,473.5490195992159,21,5.0,33521,2023-08-28 14:30:00,2023-08-28 14:30:00,31.98143598621512,-93.25951085376477,,2023-08-28,25308,0 days 00:00:00,1169,3,False,False,,,,Free
2023-08-28 14:30:00,1.6445988855410063,9.6,2.124270727772052,2640,189,131.0,425.5,2,5.0,33546,2023-08-28 14:30:00,2023-08-28 14:30:00,30.685000000004365,-93.74000103602634,,2023-08-28,25238,0 days 00:45:00,1162,3,False,False,,,,Free
2023-08-28 14:30:00,9.89438509975498,55.33333,76.88958209558012,2640,196,183.22947019653697,400.13769316064986,72,5.0,33553,2023-08-28 14:30:00,2023-08-28 14:30:00,30.162705298038915,-93.9936240971723,,2023-08-28,25268,0 days 00:30:00,1167,3,False,False,,,,Free
2023-08-28 14:30:00,1.6513593152275754,9.6,2.14177104321411,2640,202,211.5,448.0,2,5.0,33559,2023-08-28 14:30:00,2023-08-28 14:30:00,29.88000000000424,-93.515001042456,,2023-08-28,25242,0 days 00:45:00,1164,3,False,False,,,,Free
2023-08-28 14:30:00,6.183972570425745,13.028574,30.034817022379187,2640,205,227.79875680002348,489.0489510546511,33,5.0,33561,2023-08-28 14:30:00,2023-08-28 14:30:00,29.71701243200398,-93.10451154363966,,2023-08-28,25273,0 days 00:30:00,1168,3,False,False,,,,Free
2023-08-28 14:45:00,11.60818456784176,26.043568,105.83236243193178,2641,175,3.167121494005684,487.8641196773616,101,5.0,33569,2023-08-28 14:45:00,2023-08-28 14:45:00,31.96332878506451,-93.11635985707396,,2023-08-28,25336,0 days 00:00:00,1170,8,False,False,,,,Free
2023-08-28 14:45:00,7.6622029376297345,28.581816,46.11021869386992,2641,177,4.620470306978583,471.6231688633225,44,5.0,33570,2023-08-28 14:45:00,2023-08-28 14:45:00,31.948795296934776,-93.27876936057334,,2023-08-28,25308,0 days 00:15:00,1169,3,False,False,,,,Free
2023-08-28 14:45:00,4.949286889510174,21.866669,19.238674148918623,2641,217,192.61330698419656,352.94071145810506,18,5.0,33606,2023-08-28 14:45:00,2023-08-28 14:45:00,30.068866930162304,-94.4655939007107,,2023-08-28,25361,0 days 00:00:00,1171,3,False,False,,,,Free
2023-08-28 14:45:00,4.044548077767843,10.4,12.847833089238629,2641,221,208.9942363171794,478.1988472634359,13,5.0,33610,2023-08-28 14:45:00,2023-08-28 14:45:00,29.90505763683245,-93.2130125784513,,2023-08-28,25241,0 days 01:00:00,1163,4,False,False,,,,Free
2023-08-28 14:45:00,4.680771909130227,37.199997,17.207779758254283,2641,227,254.89052793970137,4.786102486218212,16,5.0,33616,2023-08-28 14:45:00,2023-08-28 14:45:00,29.44609472060716,-97.9471398909406,,2023-08-28,25368,0 days 00:00:00,1172,3,False,False,,,,Free
2023-08-28 15:00:00,12.22655511189796,42.42857,117.40811108358416,2642,196,8.71684158925026,484.61832061643526,112,5.0,33620,2023-08-28 15:00:00,2023-08-28 15:00:00,31.907831584112053,-93.14881784675572,,2023-08-28,25336,0 days 00:15:00,1170,8,False,False,,,,Free
2023-08-28 15:00:00,9.024022720809688,47.68525,63.95731769596252,2642,198,9.335914728285076,470.2058733268355,62,5.0,33622,2023-08-28 15:00:00,2023-08-28 15:00:00,31.901640852721705,-93.2929423155332,,2023-08-28,25308,0 days 00:30:00,1169,3,False,False,,,,Free
2023-08-28 15:00:00,8.083891432727716,31.199999,51.32522074604697,2642,241,196.99984273897368,353.86554489694095,49,5.0,33662,2023-08-28 15:00:00,2023-08-28 15:00:00,30.025001572614524,-94.4563455665866,,2023-08-28,25361,0 days 00:15:00,1171,3,False,False,,,,Free
2023-08-28 15:15:00,16.90588551279997,50.28785,224.47383617145584,2643,201,13.643674360852332,480.7778006385825,220,5.0,33676,2023-08-28 15:15:00,2023-08-28 15:15:00,31.858563256396025,-93.18722304543678,,2023-08-28,25336,0 days 00:30:00,1170,8,False,False,,,,Free
2023-08-28 15:15:00,12.002153683776148,88.12075,113.13793515496296,2643,239,178.39941888680795,389.21623461430113,106,5.0,33708,2023-08-28 15:15:00,2023-08-28 15:15:00,30.21100581113621,-94.10283867951487,,2023-08-28,25437,0 days 00:00:00,1174,5,False,False,,,,Free
2023-08-28 15:15:00,7.741918868415776,43.854546,47.07465143772245,2643,242,201.6062236992973,354.53579784932185,44,5.0,33711,2023-08-28 15:15:00,2023-08-28 15:15:00,29.97893776301128,-94.44964303725436,,2023-08-28,25361,0 days 00:30:00,1171,3,False,False,,,,Free
2023-08-28 15:15:00,5.719555566729161,18.0,25.692978211501423,2643,244,208.31858974317828,348.7564102575859,24,5.0,33713,2023-08-28 15:15:00,2023-08-28 15:15:00,29.91181410257246,-94.5074369115202,,2023-08-28,25441,0 days 00:00:00,1175,4,False,False,,,,Free
2023-08-28 15:15:00,3.096858757063861,12.342856,7.532387916209422,2643,258,259.81322957703804,4.447470824340067,7,5.0,33723,2023-08-28 15:15:00,2023-08-28 15:15:00,29.396867704233784,-97.9505262074626,,2023-08-28,25368,0 days 00:30:00,1172,3,False,False,,,,Free
2023-08-28 15:30:00,15.42220361858076,58.30113,186.8025270157925,2644,185,18.816161735982863,478.93229545041646,204,5.0,33729,2023-08-28 15:30:00,2023-08-28 15:30:00,31.80683838264472,-93.20567809679108,,2023-08-28,25336,0 days 00:45:00,1170,8,False,False,,,,Free
2023-08-28 15:30:00,24.72641365283053,70.810616,480.188928045002,2644,203,126.59627386852004,431.3905346577726,452,5.0,33744,2023-08-28 15:30:00,2023-08-28 15:30:00,30.72903726131917,-93.68109569113192,,2023-08-28,25463,0 days 00:00:00,1176,4,False,False,,,,Free
2023-08-28 15:30:00,10.938593195875256,102.436356,93.97510594107143,2644,222,182.012727900917,388.1208577058257,99,5.0,33762,2023-08-28 15:30:00,2023-08-28 15:30:00,30.174872720995115,-94.11379244828665,,2023-08-28,25437,0 days 00:15:00,1174,5,False,False,,,,Free
2023-08-28 15:45:00,6.640513319449151,92.21818,34.633245038704594,2645,146,17.58654712306832,453.8997984916183,33,5.0,33785,2023-08-28 15:45:00,2023-08-28 15:45:00,31.81913452877386,-93.45600305922574,,2023-08-28,25494,0 days 00:00:00,1177,3,False,False,,,,Free
2023-08-28 15:45:00,10.660868482756346,72.62118,89.26373460248438,2645,147,23.41758587425156,476.70075507853386,85,5.0,33786,2023-08-28 15:45:00,2023-08-28 15:45:00,31.760824141262017,-93.22799349987218,,2023-08-28,25336,0 days 01:00:00,1170,8,False,False,,,,Free
2023-08-28 15:45:00,3.841136940492415,15.709091,11.58802603691073,2645,155,51.55555554261736,299.03052502853456,21,5.0,33792,2023-08-28 15:45:00,2023-08-28 15:45:00,31.47944444457832,-95.004695749601,,2023-08-28,25498,0 days 00:00:00,1179,3,False,False,,,,Free
2023-08-28 15:45:00,23.233807991756866,58.369923,423.9656520486936,2645,161,129.35629624075477,429.58996963893657,404,5.0,33797,2023-08-28 15:45:00,2023-08-28 15:45:00,30.70143703759682,-93.69910134080578,,2023-08-28,25463,0 days 00:15:00,1176,4,False,False,,,,Free
2023-08-28 15:45:00,10.81480401982175,60.055824,91.860158185301,2645,175,185.5497169947069,387.1921517239696,86,5.0,33809,2023-08-28 15:45:00,2023-08-28 15:45:00,30.13950283005721,-94.1230795078398,,2023-08-28,25437,0 days 00:30:00,1174,5,False,False,,,,Free
2023-08-28 15:45:00,12.79254863615258,108.55999,128.52986013905868,2645,176,213.14304107281967,347.775041856101,120,5.0,33810,2023-08-28 15:45:00,2023-08-28 15:45:00,29.86356958927604,-94.5172505952546,,2023-08-28,25441,0 days 00:30:00,1175,4,False,False,,,,Free
2023-08-28 15:45:00,4.055901484830422,32.0,12.920064352911169,2645,182,265.9716049365855,6.959876544154684,12,5.0,33816,2023-08-28 15:45:00,2023-08-28 15:45:00,29.3352839506383,-97.9254021509824,,2023-08-28,25368,0 days 01:00:00,1172,3,False,False,,,,Free
2023-08-28 16:00:00,2.585496007095374,9.6,5.250221476663746,2646,182,22.8,447.6,5,5.0,33826,2023-08-28 16:00:00,2023-08-28 16:00:00,31.767000000004533,-93.5190010423417,,2023-08-28,25494,0 days 00:15:00,1177,3,False,False,,,,Free
2023-08-28 16:00:00,11.033748035061892,24.474724,95.6171964691492,2646,184,28.6622277406682,476.744046938486,91,5.0,33827,2023-08-28 16:00:00,2023-08-28 16:00:00,31.70837772259784,-93.22756058128503,,2023-08-28,25336,0 days 01:15:00,1170,8,False,False,,,,Free
2023-08-28 16:00:00,2.0029906480664588,9.6,3.150995076167064,2646,186,25.33333333333333,462.1666666666667,6,5.0,33829,2023-08-28 16:00:00,2023-08-28 16:00:00,31.7416666666712,-93.37333437983762,,2023-08-28,25520,0 days 00:00:00,1181,4,False,False,,,,Free
2023-08-28 16:00:00,7.325073522255676,16.320002,42.14187528837075,2646,192,53.770318021722375,299.06978797849786,40,5.0,33834,2023-08-28 16:00:00,2023-08-28 16:00:00,31.457296819787263,-95.00430312011258,,2023-08-28,25498,0 days 00:15:00,1179,3,False,False,,,,Free
2023-08-28 16:00:00,21.22598212305069,59.32973,353.8551083737993,2646,201,133.20732046976696,427.0448490740478,333,5.0,33843,2023-08-28 16:00:00,2023-08-28 16:00:00,30.66292679530669,-93.72455254572736,,2023-08-28,25463,0 days 00:30:00,1176,4,False,False,,,,Free
2023-08-28 16:00:00,28.35017586506381,310.92975,631.2500070418608,2646,205,167.2227911248156,485.4171457700584,595,5.0,33847,2023-08-28 16:00:00,2023-08-28 16:00:00,30.32277208875616,-93.14082959544776,,2023-08-28,25533,0 days 00:00:00,1182,3,False,False,,,,Free
2023-08-28 16:00:00,9.035323097578331,20.639997,64.11759972049349,2646,212,190.42284740787653,386.9656862752869,60,5.0,33852,2023-08-28 16:00:00,2023-08-28 16:00:00,30.090771525925508,-94.12534416226192,,2023-08-28,25437,0 days 00:45:00,1174,5,False,False,,,,Free
2023-08-28 16:00:00,13.163041362679202,50.87244,136.08252950676555,2646,215,217.0738199955808,347.88282112680463,128,5.0,33854,2023-08-28 16:00:00,2023-08-28 16:00:00,29.824261800048426,-94.51617280257835,,2023-08-28,25441,0 days 00:45:00,1175,4,False,False,,,,Free
2023-08-28 16:00:00,3.103825794540164,15.085714,7.566317432323171,2646,229,306.38915094313097,47.43867925111829,8,5.0,33868,2023-08-28 16:00:00,2023-08-28 16:00:00,28.931108490572782,-97.52061413548,,2023-08-28,25547,0 days 00:00:00,1183,4,False,False,,,,Free
2023-08-28 16:15:00,9.6105227593822,14.886956,72.54106117778086,2647,168,34.14330575440573,476.95775050123575,73,5.0,33877,2023-08-28 16:15:00,2023-08-28 16:15:00,31.653566942460458,-93.22542354571864,,2023-08-28,25336,0 days 01:30:00,1170,8,False,False,,,,Free
2023-08-28 16:15:00,2.006360912158128,9.6,3.161607826650803,2647,175,56.66666666666666,298.3333333333333,3,5.0,33883,2023-08-28 16:15:00,2023-08-28 16:15:00,31.42833333333781,-95.0116676663538,,2023-08-28,25498,0 days 00:30:00,1179,3,False,False,,,,Free
2023-08-28 16:15:00,14.853400895385567,63.90184,173.27730596439417,2647,185,138.8956821880763,423.6321734109372,225,5.0,33892,2023-08-28 16:15:00,2023-08-28 16:15:00,30.60604317812359,-93.75867930138328,,2023-08-28,25463,0 days 00:45:00,1176,4,False,False,,,,Free
2023-08-28 16:15:00,29.889269208995533,303.23163,701.64991147336,2647,189,169.00225696135118,483.6556236662009,677,5.0,33896,2023-08-28 16:15:00,2023-08-28 16:15:00,30.304977430390792,-93.158444815983,,2023-08-28,25533,0 days 00:15:00,1182,3,False,False,,,,Free
2023-08-28 16:15:00,2.33361364394992,9.6,4.277084121167438,2647,201,196.5,388.5,4,5.0,33903,2023-08-28 16:15:00,2023-08-28 16:15:00,30.030000000004264,-94.11000102545324,,2023-08-28,25437,0 days 01:00:00,1174,5,False,False,,,,Free
2023-08-28 16:15:00,10.116751332825636,48.768,80.38444765043648,2647,203,222.57521469570355,348.57503196594206,75,5.0,33905,2023-08-28 16:15:00,2023-08-28 16:15:00,29.769247853047187,-94.50925069438478,,2023-08-28,25441,0 days 01:00:00,1175,4,False,False,,,,Free
2023-08-28 16:15:00,7.136815511828525,66.940544,40.003576593649306,2647,216,309.4153939853324,46.57893361318189,37,5.0,33918,2023-08-28 16:15:00,2023-08-28 16:15:00,28.90084606015076,-97.52921159161372,,2023-08-28,25547,0 days 00:15:00,1183,4,False,False,,,,Free
2023-08-28 16:30:00,4.770102706018696,46.87059,17.870855425480634,2648,146,32.985389144176075,447.2233773703901,17,5.0,33922,2023-08-28 16:30:00,2023-08-28 16:30:00,31.66514610856276,-93.52276726853016,,2023-08-28,25494,0 days 00:45:00,1177,3,False,False,,,,Free
2023-08-28 16:30:00,8.425053912562285,25.177359,55.74876599072756,2648,147,39.69702635436028,476.8876005340276,53,5.0,33923,2023-08-28 16:30:00,2023-08-28 16:30:00,31.598029736460905,-93.22612504537068,,2023-08-28,25336,0 days 01:45:00,1170,8,False,False,,,,Free
2023-08-28 16:30:00,7.409770236694066,22.94634,43.122046583950194,2648,148,37.407175879795375,460.5547703386673,41,5.0,33924,2023-08-28 16:30:00,2023-08-28 16:30:00,31.62092824120656,-93.38945334265696,,2023-08-28,25520,0 days 00:30:00,1181,4,False,False,,,,Free
2023-08-28 16:30:00,15.448123878782342,101.93259,187.43097664614547,2648,150,48.444949196685336,140.91468600647752,179,5.0,33926,2023-08-28 16:30:00,2023-08-28 16:30:00,31.51055050803764,-96.58585409463824,,2023-08-28,25581,0 days 00:00:00,1186,3,False,False,,,,Free
2023-08-28 16:30:00,33.59452012711585,208.25415,886.3939132568665,2648,163,171.24272846263264,482.4654288036838,833,5.0,33935,2023-08-28 16:30:00,2023-08-28 16:30:00,30.282572715377977,-93.170346764268,,2023-08-28,25533,0 days 00:30:00,1182,3,False,False,,,,Free
2023-08-28 16:30:00,9.534520347543085,84.94545,71.39825230343594,2648,185,313.69899933142705,45.43218862793432,66,5.0,33956,2023-08-28 16:30:00,2023-08-28 16:30:00,28.85801000668981,-97.5406790411385,,2023-08-28,25547,0 days 00:30:00,1183,4,False,False,,,,Free
2023-08-28 16:45:00,7.6750072308597455,119.78183,46.264456863065725,2649,155,34.87490101134872,446.40163153688087,44,5.0,33964,2023-08-28 16:45:00,2023-08-28 16:45:00,31.64625098989103,-93.53098472663044,,2023-08-28,25609,0 days 00:00:00,1187,4,False,False,,,,Free
2023-08-28 16:45:00,4.009665124507642,12.000001,12.627171750337856,2649,160,42.57026476697086,460.8940936972329,13,5.0,33967,2023-08-28 16:45:00,2023-08-28 16:45:00,31.5692973523348,-93.38606010916828,,2023-08-28,25520,0 days 00:45:00,1181,4,False,False,,,,Free
2023-08-28 16:45:00,16.09009632455296,116.543,203.3326727903685,2649,162,53.91466848152869,143.11767109971964,193,5.0,33968,2023-08-28 16:45:00,2023-08-28 16:45:00,31.4558533151892,-96.56382424433532,,2023-08-28,25581,0 days 00:15:00,1186,3,False,False,,,,Free
2023-08-28 16:45:00,3.2873633260618904,24.0,8.487607600802667,2649,169,119.87105263068736,446.252631585816,8,5.0,33974,2023-08-28 16:45:00,2023-08-28 16:45:00,30.79628947369751,-93.53247472609849,,2023-08-28,25617,0 days 00:00:00,1188,3,False,False,,,,Free
2023-08-28 16:45:00,5.067348283473052,33.85263,20.167468668559444,2649,171,124.9580445143006,434.738051804255,19,5.0,33976,2023-08-28 16:45:00,2023-08-28 16:45:00,30.745419554861368,-93.64762052062372,,2023-08-28,25618,0 days 00:00:00,1189,3,False,False,,,,Free
2023-08-28 16:45:00,7.1398685993817566,14.529729,40.037810502532814,2649,191,317.6256381178895,46.14123653415192,37,5.0,33995,2023-08-28 16:45:00,2023-08-28 16:45:00,28.818743618825177,-97.53358856227892,,2023-08-28,25547,0 days 00:45:00,1183,4,False,False,,,,Free
2023-08-28 17:00:00,6.7482691018393925,55.62353,35.76635367566478,2650,146,39.94333062249555,446.9751998875803,35,5.0,34007,2023-08-28 17:00:00,2023-08-28 17:00:00,31.59556669377956,-93.52524904328732,,2023-08-28,25609,0 days 00:15:00,1187,4,False,False,,,,Free
2023-08-28 17:00:00,5.5527646306975065,15.02609,24.216334759174167,2650,148,47.960104075390056,458.5871639249428,23,5.0,34009,2023-08-28 17:00:00,2023-08-28 17:00:00,31.5153989592506,-93.40912940623195,,2023-08-28,25520,0 days 01:00:00,1181,4,False,False,,,,Free
2023-08-28 17:00:00,17.797097124844175,91.2,248.7643958129017,2650,149,58.1637697174162,143.46336859521847,236,5.0,34010,2023-08-28 17:00:00,2023-08-28 17:00:00,31.41336230283032,-96.56036726947912,,2023-08-28,25581,0 days 00:30:00,1186,3,False,False,,,,Free
2023-08-28 17:00:00,6.039972517277352,52.622223,28.65232089304446,2650,152,122.6662000323024,445.1513454372982,27,5.0,34012,2023-08-28 17:00:00,2023-08-28 17:00:00,30.76833799968136,-93.543487587269,,2023-08-28,25617,0 days 00:15:00,1188,3,False,False,,,,Free
2023-08-28 17:00:00,6.577340858029325,40.2,33.977434129805026,2650,154,127.97922585450873,433.4314630605577,32,5.0,34014,2023-08-28 17:00:00,2023-08-28 17:00:00,30.71520774145928,-93.66068640768732,,2023-08-28,25618,0 days 00:15:00,1189,3,False,False,,,,Free
2023-08-28 17:00:00,5.975673325047745,29.538462,28.04552516087196,2650,169,284.2789968819604,10.084639512115295,26,5.0,34028,2023-08-28 17:00:00,2023-08-28 17:00:00,29.15221003118452,-97.89415452219572,,2023-08-28,25647,0 days 00:00:00,1191,3,False,False,,,,Free
2023-08-28 17:15:00,19.804866181728457,26.089798,308.0588614279624,2651,161,2.3562288648872367,207.8462852601647,295,5.0,34043,2023-08-28 17:15:00,2023-08-28 17:15:00,31.97143771135569,-95.9165381212278,,2023-08-28,25659,0 days 00:00:00,1192,3,False,False,,,,Free
2023-08-28 17:15:00,4.912139721074958,30.933332,18.950963892958008,2651,163,46.56321066994004,449.2247491418813,34,5.0,34044,2023-08-28 17:15:00,2023-08-28 17:15:00,31.529367893305096,-93.50275355138716,,2023-08-28,25609,0 days 00:30:00,1187,4,False,False,,,,Free
2023-08-28 17:15:00,8.054994410639074,155.0,50.95893794982825,2651,172,125.78061111581977,443.7895555901247,48,5.0,34051,2023-08-28 17:15:00,2023-08-28 17:15:00,30.73719388884617,-93.55710548535154,,2023-08-28,25617,0 days 00:30:00,1188,3,False,False,,,,Free
2023-08-28 17:15:00,6.78032782537499,47.717648,36.10698835867278,2651,173,128.4721839982797,431.4832002221392,34,5.0,34052,2023-08-28 17:15:00,2023-08-28 17:15:00,30.710278160021574,-93.68016903551472,,2023-08-28,25618,0 days 00:30:00,1189,3,False,False,,,,Free
2023-08-28 17:15:00,3.874868713826271,17.454548,11.792445193424102,2651,184,221.89051095500244,372.68905109550025,11,5.0,34062,2023-08-28 17:15:00,2023-08-28 17:15:00,29.7760948904542,-94.26811050998003,,2023-08-28,25673,0 days 00:00:00,1193,3,False,False,,,,Free
2023-08-28 17:15:00,10.014295355760147,180.82191,78.76452776469417,2651,189,287.09651733072127,11.019181928462976,73,5.0,34065,2023-08-28 17:15:00,2023-08-28 17:15:00,29.12403482669691,-97.88480909829929,,2023-08-28,25647,0 days 00:15:00,1191,3,False,False,,,,Free
2023-08-28 17:30:00,3.832024946717045,11.345454,11.533112722567983,2652,147,9.209169045045533,209.4555874039033,11,5.0,34083,2023-08-28 17:30:00,2023-08-28 17:30:00,31.9029083095541,-95.9004451002503,,2023-08-28,25659,0 days 00:15:00,1192,3,False,False,,,,Free
2023-08-28 17:30:00,5.178170048302662,15.360001,21.059230495952004,2652,152,48.3590733669992,450.1756756835127,20,5.0,34088,2023-08-28 17:30:00,2023-08-28 17:30:00,31.511409266334503,-93.4932442862426,,2023-08-28,25687,0 days 00:00:00,1194,3,False,False,,,,Free
2023-08-28 17:30:00,2.006146853504128,9.6,3.160933238734464,2652,153,54.66666666666666,450.6666666666667,3,5.0,34089,2023-08-28 17:30:00,2023-08-28 17:30:00,31.448333333337818,-93.48833437655134,,2023-08-28,25609,0 days 00:45:00,1187,4,False,False,,,,Free
2023-08-28 17:30:00,6.477093067091267,52.954834,32.94960070415346,2652,163,137.8520113080701,497.80169514816936,31,5.0,34099,2023-08-28 17:30:00,2023-08-28 17:30:00,30.616479886923653,-93.01698410520568,,2023-08-28,25695,0 days 00:00:00,1195,3,False,False,,,,Free
2023-08-28 17:30:00,7.83867799786951,21.119997,48.258690211404215,2652,175,225.28811690781285,372.7369727056216,45,5.0,34108,2023-08-28 17:30:00,2023-08-28 17:30:00,29.74211883092609,-94.26763129389252,,2023-08-28,25673,0 days 00:15:00,1193,3,False,False,,,,Free
2023-08-28 17:30:00,8.035236103414299,72.91915,50.709247528941866,2652,176,287.03702776195587,33.87005830493861,47,5.0,34109,2023-08-28 17:30:00,2023-08-28 17:30:00,29.12462972238456,-97.65630034106442,,2023-08-28,25700,0 days 00:00:00,1196,5,False,False,,,,Free
2023-08-28 17:30:00,10.41920383365696,31.594942,85.2626742361137,2652,177,290.6422655882983,11.187720107095709,79,5.0,34110,2023-08-28 17:30:00,2023-08-28 17:30:00,29.08857734412113,-97.88312371656116,,2023-08-28,25647,0 days 00:30:00,1191,3,False,False,,,,Free
2023-08-28 17:30:00,6.223579717684262,35.999996,30.42078347513741,2652,191,359.49216590284425,28.495391706198205,28,5.0,34124,2023-08-28 17:30:00,2023-08-28 17:30:00,28.400078340975565,-97.71004700551596,,2023-08-28,25708,0 days 00:00:00,1197,3,False,False,,,,Free
2023-08-28 17:45:00,5.038291569464896,12.126317,19.936846953823647,2653,147,16.94919784903107,211.6510695240005,20,5.0,34128,2023-08-28 17:45:00,2023-08-28 17:45:00,31.82550802151423,-95.87849027967668,,2023-08-28,25659,0 days 00:30:00,1192,3,False,False,,,,Free
2023-08-28 17:45:00,3.064611220416786,9.599999,7.376335404551066,2653,150,57.23076923076923,449.0769230769231,13,5.0,34131,2023-08-28 17:45:00,2023-08-28 17:45:00,31.42269230769679,-93.50423181199449,,2023-08-28,25687,0 days 00:15:00,1194,3,False,False,,,,Free
2023-08-28 17:45:00,,,,2653,161,140.60533932284332,494.3330223205465,92,5.0,34142,2023-08-28 17:45:00,2023-08-28 17:45:00,30.58894660677592,-93.05167083249069,,2023-08-28,25695,0 days 00:15:00,1195,3,False,False,,,,Free
2023-08-28 17:45:00,11.4061361629762,118.4,102.18025563713904,2653,164,153.5199331104693,400.57570915893217,96,5.0,34144,2023-08-28 17:45:00,2023-08-28 17:45:00,30.45980066889964,-93.98924393731464,,2023-08-28,25723,0 days 00:00:00,1198,5,False,False,,,,Free
2023-08-28 17:45:00,8.745900679106194,23.142857,60.07571709901649,2653,166,229.1318190356917,370.7763540997857,57,5.0,34146,2023-08-28 17:45:00,2023-08-28 17:45:00,29.703681809647296,-94.28723747939064,,2023-08-28,25673,0 days 00:30:00,1193,3,False,False,,,,Free
2023-08-28 17:45:00,11.723834034087414,78.815994,107.95163017609228,2653,168,292.7831364618489,34.736859223454296,100,5.0,34147,2023-08-28 17:45:00,2023-08-28 17:45:00,29.067168635385624,-97.647632332127,,2023-08-28,25700,0 days 00:15:00,1196,5,False,False,,,,Free
2023-08-28 17:45:00,5.257969642219892,20.16,21.713309858166923,2653,184,352.14050132026955,6.265831136029437,20,5.0,34159,2023-08-28 17:45:00,2023-08-28 17:45:00,28.473594986801324,-97.93234260486533,,2023-08-28,25733,0 days 00:00:00,1199,7,False,False,,,,Free
2023-08-28 17:45:00,8.234210138451182,57.01224,53.25173639519284,2653,186,362.74417327799097,28.624578211563843,49,5.0,34160,2023-08-28 17:45:00,2023-08-28 17:45:00,28.36755826722409,-97.70875514049924,,2023-08-28,25708,0 days 00:15:00,1197,3,False,False,,,,Free
2023-08-28 18:00:00,6.240751946971082,25.820686,30.588890381758,2654,165,65.18178828337963,448.5601577961645,30,5.0,34167,2023-08-28 18:00:00,2023-08-28 18:00:00,31.34318211717067,-93.5093994646544,,2023-08-28,25687,0 days 00:30:00,1194,3,False,False,,,,Free
2023-08-28 18:00:00,12.75924174357761,29.514051,127.8614464530442,2654,166,82.75409614691182,138.59537456873244,121,5.0,34168,2023-08-28 18:00:00,2023-08-28 18:00:00,31.167459038535323,-96.60904720835288,,2023-08-28,25738,0 days 00:00:00,1200,3,False,False,,,,Free
2023-08-28 18:00:00,5.810890146198338,47.616,26.52010333075891,2654,168,118.64895816916416,468.4702459295136,25,5.0,34170,2023-08-28 18:00:00,2023-08-28 18:00:00,30.808510418312743,-93.31029858901049,,2023-08-28,25739,0 days 00:00:00,1201,3,False,False,,,,Free
2023-08-28 18:00:00,3.859462616190689,14.836365,11.698860396981916,2654,176,144.0408496707837,489.0816993415674,12,5.0,34177,2023-08-28 18:00:00,2023-08-28 18:00:00,30.554591503296507,-93.10418406077986,,2023-08-28,25695,0 days 00:30:00,1195,3,False,False,,,,Free
2023-08-28 18:00:00,10.016841177699744,197.83784,78.80457969920467,2654,178,157.03990188780242,399.36505958654135,74,5.0,34179,2023-08-28 18:00:00,2023-08-28 18:00:00,30.4246009811263,-94.00135043269262,,2023-08-28,25723,0 days 00:15:00,1198,5,False,False,,,,Free
2023-08-28 18:00:00,5.7132498357869,34.0,25.636357134123188,2654,182,185.7626436946697,398.4181034386607,24,5.0,34183,2023-08-28 18:00:00,2023-08-28 18:00:00,30.137373563057583,-94.01081999390084,,2023-08-28,25746,0 days 00:00:00,1202,5,False,False,,,,Free
2023-08-28 18:00:00,7.1931478301384,179.87369,40.63758145132629,2654,185,197.5408415163704,430.60377415137145,38,5.0,34185,2023-08-28 18:00:00,2023-08-28 18:00:00,30.01959158484056,-93.68896329597112,,2023-08-28,25748,0 days 00:00:00,1203,3,False,False,,,,Free
2023-08-28 18:00:00,12.016202958576418,162.9257,113.40296029820055,2654,191,296.9379455116148,3.968086271361744,105,5.0,34188,2023-08-28 18:00:00,2023-08-28 18:00:00,29.02562054488796,-97.95532005285536,,2023-08-28,25751,0 days 00:00:00,1204,4,False,False,,,,Free
2023-08-28 18:00:00,11.490208583968178,69.200005,103.69210872299568,2654,192,298.4526220294247,34.84115395251735,96,5.0,34189,2023-08-28 18:00:00,2023-08-28 18:00:00,29.01047377970985,-97.64658938486616,,2023-08-28,25700,0 days 00:30:00,1196,5,False,False,,,,Free
2023-08-28 18:00:00,11.877148421979792,173.17647,110.79349146910084,2654,208,356.98581469530285,6.207662627561851,103,5.0,34201,2023-08-28 18:00:00,2023-08-28 18:00:00,28.425141853050985,-97.9329242899334,,2023-08-28,25733,0 days 00:15:00,1199,7,False,False,,,,Free
2023-08-28 18:00:00,2.8818594011858174,11.2,6.522820974689851,2654,211,366.6290322539296,28.258064507859224,6,5.0,34204,2023-08-28 18:00:00,2023-08-28 18:00:00,28.3287096774647,-97.71242027743152,,2023-08-28,25708,0 days 00:30:00,1197,3,False,False,,,,Free
2023-08-28 18:15:00,,,,2655,163,90.8854337051815,139.70399814302652,67,5.0,34212,2023-08-28 18:15:00,2023-08-28 18:15:00,31.08614566295261,-96.59796097292678,,2023-08-28,25738,0 days 00:15:00,1200,3,False,False,,,,Free
2023-08-28 18:15:00,4.190829642248711,12.553848,13.79398964081313,2655,165,121.6252545761554,467.4765784110097,13,5.0,34214,2023-08-28 18:15:00,2023-08-28 18:15:00,30.778747454242826,-93.32023526391151,,2023-08-28,25739,0 days 00:15:00,1201,3,False,False,,,,Free
2023-08-28 18:15:00,10.152896357800504,133.64209,80.95986719740151,2655,174,159.82262253376803,398.5353221402446,77,5.0,34223,2023-08-28 18:15:00,2023-08-28 18:15:00,30.39677377466664,-94.00964780691844,,2023-08-28,25723,0 days 00:30:00,1198,5,False,False,,,,Free
2023-08-28 18:15:00,7.5589075028156865,209.82857,44.87535976429946,2655,177,188.8850607076685,397.4645696736313,42,5.0,34225,2023-08-28 18:15:00,2023-08-28 18:15:00,30.106149392927588,-94.0203553312786,,2023-08-28,25746,0 days 00:15:00,1202,5,False,False,,,,Free
2023-08-28 18:15:00,7.829478719023657,66.98668,48.14548626385543,2655,181,201.72187567573292,430.167491200281,45,5.0,34228,2023-08-28 18:15:00,2023-08-28 18:15:00,29.977781243246923,-93.69332612535736,,2023-08-28,25748,0 days 00:15:00,1203,3,False,False,,,,Free
2023-08-28 18:15:00,13.217819113554118,95.9244,137.2174959857824,2655,187,300.5467377804773,3.8975180611570144,127,5.0,34234,2023-08-28 18:15:00,2023-08-28 18:15:00,28.989532622199327,-97.95602573493728,,2023-08-28,25751,0 days 00:15:00,1204,4,False,False,,,,Free
2023-08-28 18:15:00,10.090632616635416,36.064865,79.96992162624475,2655,188,303.1253697698023,36.11249348423864,74,5.0,34235,2023-08-28 18:15:00,2023-08-28 18:15:00,28.96374630230608,-97.6338759899122,,2023-08-28,25700,0 days 00:45:00,1196,5,False,False,,,,Free
2023-08-28 18:15:00,15.955798424113713,133.35654,199.9525575557775,2655,200,361.03488078175394,6.269756474488192,184,5.0,34244,2023-08-28 18:15:00,2023-08-28 18:15:00,28.384651192186467,-97.93230335148183,,2023-08-28,25733,0 days 00:30:00,1199,7,False,False,,,,Free
2023-08-28 18:30:00,5.804541921686459,17.664001,26.46219013533994,2656,122,98.21225520829348,141.81806696431988,25,5.0,34251,2023-08-28 18:30:00,2023-08-28 18:30:00,31.012877447921483,-96.57682028531792,,2023-08-28,25738,0 days 00:30:00,1200,3,False,False,,,,Free
2023-08-28 18:30:00,3.675813815553161,17.28,10.611991484620388,2656,124,122.65635178900128,467.5,10,5.0,34253,2023-08-28 18:30:00,2023-08-28 18:30:00,30.768436482114364,-93.3200010480283,,2023-08-28,25739,0 days 00:30:00,1201,3,False,False,,,,Free
2023-08-28 18:30:00,8.960936529062721,124.799995,63.06620290731932,2656,136,193.0973939470512,396.8896183018784,59,5.0,34263,2023-08-28 18:30:00,2023-08-28 18:30:00,30.06402606053376,-94.02610484483188,,2023-08-28,25746,0 days 00:30:00,1202,5,False,False,,,,Free
2023-08-28 18:30:00,3.871676460888448,12.218183,11.773023135968993,2656,138,206.114285711042,429.2880952275529,12,5.0,34265,2023-08-28 18:30:00,2023-08-28 18:30:00,29.933857142893828,-93.70212008483333,,2023-08-28,25748,0 days 00:30:00,1203,3,False,False,,,,Free
2023-08-28 18:30:00,12.796424961128434,65.26386,128.6077647076623,2656,140,303.13938703937816,4.927043512260021,119,5.0,34267,2023-08-28 18:30:00,2023-08-28 18:30:00,28.96360612961032,-97.94573048072044,,2023-08-28,25751,0 days 00:30:00,1204,4,False,False,,,,Free
2023-08-28 18:30:00,2.032112923462241,9.6,3.243288311910858,2656,141,307.5,38.75,4,5.0,34268,2023-08-28 18:30:00,2023-08-28 18:30:00,28.920000000004087,-97.6075009255083,,2023-08-28,25700,0 days 01:00:00,1196,5,False,False,,,,Free
2023-08-28 18:30:00,17.996620663176248,199.38461,254.37346541229977,2656,154,366.2095589711903,6.655771031185084,234,5.0,34279,2023-08-28 18:30:00,2023-08-28 18:30:00,28.33290441029209,-97.92844320602518,,2023-08-28,25733,0 days 00:45:00,1199,7,False,False,,,,Free
2023-08-28 18:45:00,7.27572041074234,40.861538,41.57592160421277,2657,143,166.47619048872403,397.4803374772552,39,5.0,34296,2023-08-28 18:45:00,2023-08-28 18:45:00,30.330238095117068,-94.0201976532469,,2023-08-28,25723,0 days 01:00:00,1198,5,False,False,,,,Free
2023-08-28 18:45:00,9.55100127114366,53.301487,71.64529695813222,2657,151,196.85878500336443,396.2379333762688,67,5.0,34301,2023-08-28 18:45:00,2023-08-28 18:45:00,30.02641214997061,-94.03262169390172,,2023-08-28,25746,0 days 00:45:00,1202,5,False,False,,,,Free
2023-08-28 18:45:00,4.976826097469134,13.866666,19.45336846225729,2657,154,304.66587677805444,5.668246443891072,20,5.0,34303,2023-08-28 18:45:00,2023-08-28 18:45:00,28.948341232223548,-97.93831845161594,,2023-08-28,25751,0 days 00:45:00,1204,4,False,False,,,,Free
2023-08-28 18:45:00,19.2638613398448,206.18507,291.4583946557803,2657,165,370.6791659808092,8.494751255771332,268,5.0,34312,2023-08-28 18:45:00,2023-08-28 18:45:00,28.288208340195897,-97.91005340430485,,2023-08-28,25733,0 days 01:00:00,1199,7,False,False,,,,Free
2023-08-28 19:00:00,4.513030898658541,11.520001,15.9965561676638,2658,110,170.62781185196712,396.99182004927513,15,5.0,34322,2023-08-28 19:00:00,2023-08-28 19:00:00,30.28872188148464,-94.02508282738712,,2023-08-28,25723,0 days 01:15:00,1198,5,False,False,,,,Free
2023-08-28 19:00:00,8.334293396272864,20.705883,54.55410704323155,2658,122,201.18776524482564,395.67990012160953,51,5.0,34330,2023-08-28 19:00:00,2023-08-28 19:00:00,29.983122347556,-94.03820202628884,,2023-08-28,25746,0 days 01:00:00,1202,5,False,False,,,,Free
2023-08-28 19:00:00,5.724672185719324,24.0,25.738967792400047,2658,123,226.0614035106432,360.56315788859473,24,5.0,34331,2023-08-28 19:00:00,2023-08-28 19:00:00,29.734385964897783,-94.38936943858404,,2023-08-28,25836,0 days 00:00:00,1206,3,False,False,,,,Free
2023-08-28 19:00:00,22.88373541018336,173.61269,411.2858012371926,2658,135,375.6247506695482,9.908200252562487,380,5.0,34341,2023-08-28 19:00:00,2023-08-28 19:00:00,28.2387524933085,-97.89591891474085,,2023-08-28,25733,0 days 01:15:00,1199,7,False,False,,,,Free
2023-08-28 19:15:00,1.6431896626147195,129.59999,2.120631799796556,2659,108,114.13402890432369,499.0,2,5.0,34344,2023-08-28 19:15:00,2023-08-28 19:15:00,30.85365971096116,-93.0050010570298,,2023-08-28,25842,0 days 00:00:00,1207,8,False,False,,,,Free
2023-08-28 19:15:00,6.396359955627829,28.479998,32.13332546191797,2659,120,214.31686540734347,397.69392389008175,30,5.0,34353,2023-08-28 19:15:00,2023-08-28 19:15:00,29.8518313459308,-94.01806178917968,,2023-08-28,25849,0 days 00:00:00,1208,4,False,False,,,,Free
2023-08-28 19:15:00,8.667501319507233,42.41455,59.00349186789196,2659,121,228.6625522669296,360.6206628566243,55,5.0,34354,2023-08-28 19:15:00,2023-08-28 19:15:00,29.70837447733492,-94.38879438892012,,2023-08-28,25836,0 days 00:15:00,1206,3,False,False,,,,Free
2023-08-28 19:15:00,22.337016178238496,165.06667,391.8683595793199,2659,134,379.8764421927822,11.22898860090305,363,5.0,34367,2023-08-28 19:15:00,2023-08-28 19:15:00,28.19623557807616,-97.88271103163488,,2023-08-28,25733,0 days 01:30:00,1199,7,False,False,,,,Free
2023-08-28 19:15:00,4.852440770796701,191.43529,18.493127653357448,2659,136,373.57973118092286,23.75029973971834,17,5.0,34369,2023-08-28 19:15:00,2023-08-28 19:15:00,28.25920268819476,-97.7574979238248,,2023-08-28,25863,0 days 00:00:00,1210,4,False,False,,,,Free
2023-08-28 19:15:00,4.245203996023939,14.769231,14.154254823750538,2659,138,382.6283464579937,36.1023622135936,13,5.0,34371,2023-08-28 19:15:00,2023-08-28 19:15:00,28.16871653542404,-97.6339773026158,,2023-08-28,25865,0 days 00:00:00,1211,3,False,False,,,,Free
2023-08-28 19:30:00,3.064377610514973,9.599999,7.375210877367689,2660,91,54.625,220.75,8,5.0,34373,2023-08-28 19:30:00,2023-08-28 19:30:00,31.448750000004484,-95.7875009775168,,2023-08-28,25867,0 days 00:00:00,1212,3,False,False,,,,Free
2023-08-28 19:30:00,6.470445003453438,98.16775,32.8819967270369,2660,92,118.58818643420292,498.38930822065765,31,5.0,34374,2023-08-28 19:30:00,2023-08-28 19:30:00,30.80911813566236,-93.01110797464872,,2023-08-28,25842,0 days 00:15:00,1207,8,False,False,,,,Free
2023-08-28 19:30:00,10.578396348903498,82.77073,87.88799387924358,2660,96,218.50498651380687,398.1041836593613,82,5.0,34378,2023-08-28 19:30:00,2023-08-28 19:30:00,29.80995013486616,-94.0139591916041,,2023-08-28,25849,0 days 00:15:00,1208,4,False,False,,,,Free
2023-08-28 19:30:00,5.960032888328545,16.246155,27.898907300547727,2660,98,231.46580027556092,361.1956224329234,26,5.0,34379,2023-08-28 19:30:00,2023-08-28 19:30:00,29.6803419972486,-94.38304479332146,,2023-08-28,25836,0 days 00:30:00,1206,3,False,False,,,,Free
2023-08-28 19:30:00,11.83557415959052,170.42375,110.0192153679173,2660,112,387.6863381192412,38.46265817209587,101,5.0,34391,2023-08-28 19:30:00,2023-08-28 19:30:00,28.11813661881155,-97.61037434370525,,2023-08-28,25865,0 days 00:15:00,1211,3,False,False,,,,Free
2023-08-28 19:45:00,6.1292574125338986,22.971426,29.505678318305726,2661,92,56.39308424520951,220.145071533171,28,5.0,34398,2023-08-28 19:45:00,2023-08-28 19:45:00,31.431069157552383,-95.79355026201222,,2023-08-28,25867,0 days 00:15:00,1212,3,False,False,,,,Free
2023-08-28 19:45:00,8.85242835507534,208.88277,61.548110177525245,2661,95,122.25626623760546,497.9278320909836,58,5.0,34401,2023-08-28 19:45:00,2023-08-28 19:45:00,30.772437337628325,-93.0157227358136,,2023-08-28,25842,0 days 00:30:00,1207,8,False,False,,,,Free
2023-08-28 19:45:00,12.030160465607825,68.739624,113.66656135266092,2661,97,225.2289384717268,398.83736900695646,106,5.0,34403,2023-08-28 19:45:00,2023-08-28 19:45:00,29.74271061528695,-94.0066273383377,,2023-08-28,25849,0 days 00:30:00,1208,4,False,False,,,,Free
2023-08-28 19:45:00,12.404545463587876,122.03241,120.85137380038292,2661,111,382.0718673753336,28.155127563817725,111,5.0,34417,2023-08-28 19:45:00,2023-08-28 19:45:00,28.17428132625064,-97.71344964684256,,2023-08-28,25863,0 days 00:30:00,1210,4,False,False,,,,Free
2023-08-28 19:45:00,19.132585489596668,182.54546,287.49957463256897,2661,112,386.39764890646666,84.63397764353633,264,5.0,34418,2023-08-28 19:45:00,2023-08-28 19:45:00,28.1310235109393,-97.1486611621848,,2023-08-28,25899,0 days 00:00:00,1213,4,False,False,,,,Free
2023-08-28 19:45:00,10.666103451924476,93.19024,89.35142119766537,2661,114,391.285662920737,39.02610766184144,82,5.0,34420,2023-08-28 19:45:00,2023-08-28 19:45:00,28.082143370796587,-97.6047398489688,,2023-08-28,25865,0 days 00:30:00,1211,3,False,False,,,,Free
2023-08-28 20:00:00,1.6383469338119176,9.6,2.1081505727889,2662,79,58.0,218.66666666666663,3,5.0,34425,2023-08-28 20:00:00,2023-08-28 20:00:00,31.41500000000448,-95.8083343102548,,2023-08-28,25867,0 days 00:30:00,1212,3,False,False,,,,Free
2023-08-28 20:00:00,12.413648828054509,256.50525,121.02881807548005,2662,83,126.35875221412866,495.1126201609139,114,5.0,34429,2023-08-28 20:00:00,2023-08-28 20:00:00,30.731412477863085,-93.04387485430982,,2023-08-28,25842,0 days 00:45:00,1207,8,False,False,,,,Free
2023-08-28 20:00:00,7.298853863562302,24.369228,41.84072662675532,2662,85,229.74847762263147,398.0929309074651,39,5.0,34431,2023-08-28 20:00:00,2023-08-28 20:00:00,29.69751522377789,-94.01407171911984,,2023-08-28,25849,0 days 00:45:00,1208,4,False,False,,,,Free
2023-08-28 20:00:00,9.04570901304523,97.952545,64.26508812660816,2662,100,385.808540892315,29.035921373789023,59,5.0,34444,2023-08-28 20:00:00,2023-08-28 20:00:00,28.136914591080817,-97.70464170899452,,2023-08-28,25863,0 days 00:45:00,1210,4,False,False,,,,Free
2023-08-28 20:00:00,18.511762448199573,135.95464,269.144443679568,2662,101,391.1627722976798,87.64811505568767,247,5.0,34445,2023-08-28 20:00:00,2023-08-28 20:00:00,28.08337227702716,-97.11851978892464,,2023-08-28,25899,0 days 00:15:00,1213,4,False,False,,,,Free
2023-08-28 20:15:00,14.477469807152708,248.05162,164.61720253953865,2663,63,129.7274334480629,492.75364316742576,155,5.0,34449,2023-08-28 20:15:00,2023-08-28 20:15:00,30.697725665523738,-93.06746462357056,,2023-08-28,25842,0 days 01:00:00,1207,8,False,False,,,,Free
2023-08-28 20:15:00,4.856418279977804,20.329414,18.52345743393344,2663,75,390.7628549509015,29.019186491698058,17,5.0,34460,2023-08-28 20:15:00,2023-08-28 20:15:00,28.087371450494945,-97.70480905781068,,2023-08-28,25863,0 days 01:00:00,1210,4,False,False,,,,Free
2023-08-28 20:15:00,14.33235664435413,57.275673,161.33370019047683,2663,76,397.011193240138,90.48629921546966,148,5.0,34461,2023-08-28 20:15:00,2023-08-28 20:15:00,28.024888067602568,-97.09013794813784,,2023-08-28,25899,0 days 00:30:00,1213,4,False,False,,,,Free
2023-08-28 20:30:00,10.895944211056674,56.945457,93.24372679231688,2664,60,107.08999521710592,199.8464531034712,89,5.0,34466,2023-08-28 20:30:00,2023-08-28 20:30:00,30.924100047833345,-95.99653644050868,,2023-08-28,25924,0 days 00:00:00,1214,4,False,False,,,,Free
2023-08-28 20:30:00,16.530815759576168,157.54456,214.62408295988985,2664,61,133.3955474929062,490.9817420858057,202,5.0,34467,2023-08-28 20:30:00,2023-08-28 20:30:00,30.6610445250753,-93.08518363388043,,2023-08-28,25842,0 days 01:15:00,1207,8,False,False,,,,Free
2023-08-28 20:30:00,7.546121337285255,23.180489,44.723671576565984,2664,75,402.94499595934576,93.78776496488246,41,5.0,34479,2023-08-28 20:30:00,2023-08-28 20:30:00,27.96555004041048,-97.05712329158712,,2023-08-28,25899,0 days 00:45:00,1213,4,False,False,,,,Free
2023-08-28 20:45:00,12.07250763934934,56.53334,114.46820145101891,2665,39,109.99313642957468,199.90577835720163,108,5.0,34485,2023-08-28 20:45:00,2023-08-28 20:45:00,30.89506863570865,-95.99594318798836,,2023-08-28,25924,0 days 00:15:00,1214,4,False,False,,,,Free
2023-08-28 20:45:00,14.668664638512638,71.24529,168.99390469521353,2665,41,137.04619767136697,489.6153422848902,159,5.0,34487,2023-08-28 20:45:00,2023-08-28 20:45:00,30.62453802329069,-93.09884763149915,,2023-08-28,25842,0 days 01:30:00,1207,8,False,False,,,,Free
2023-08-28 21:00:00,13.094014667541806,69.31653,134.6590441859569,2666,42,115.51597656756294,199.53602998901624,127,5.0,34492,2023-08-28 21:00:00,2023-08-28 21:00:00,30.83984023432876,-95.99964067156452,,2023-08-28,25924,0 days 00:30:00,1214,4,False,False,,,,Free
2023-08-28 21:00:00,7.358007281921532,28.8,42.52166953554024,2666,45,139.4516806559798,486.5193277179736,40,5.0,34494,2023-08-28 21:00:00,2023-08-28 21:00:00,30.60048319344456,-93.1298077762836,,2023-08-28,25842,0 days 01:45:00,1207,8,False,False,,,,Free
2023-08-28 21:00:00,2.329468108146965,9.6,4.261901610982802,2666,50,161.5,495.5,4,5.0,34499,2023-08-28 21:00:00,2023-08-28 21:00:00,30.38000000000432,-93.0400010560296,,2023-08-28,25944,0 days 00:00:00,1215,4,False,False,,,,Free
2023-08-28 21:15:00,10.651917885318712,51.771427,89.11391034369211,2667,23,119.45800245839894,199.55589492785683,84,5.0,34502,2023-08-28 21:15:00,2023-08-28 21:15:00,30.8004199754204,-95.99944202218182,,2023-08-28,25924,0 days 00:45:00,1214,4,False,False,,,,Free
2023-08-28 21:15:00,6.273174995245728,120.82759,30.90755756346046,2667,26,163.71372432211385,494.1239059378806,29,5.0,34505,2023-08-28 21:15:00,2023-08-28 21:15:00,30.35786275678317,-93.0537619962576,,2023-08-28,25944,0 days 00:15:00,1215,4,False,False,,,,Free
2023-08-28 21:30:00,7.275958699264129,85.41539,41.57864497085577,2668,18,167.0020406970305,492.71353866922186,39,5.0,34509,2023-08-28 21:30:00,2023-08-28 21:30:00,30.324979593034005,-93.06786566854116,,2023-08-28,25944,0 days 00:30:00,1215,4,False,False,,,,Free
2023-08-28 21:45:00,5.339864239609659,32.914288,22.39496111738585,2669,13,170.6287956180309,490.19106108484016,21,5.0,34511,2023-08-28 21:45:00,2023-08-28 21:45:00,30.288712043823995,-93.09309044366417,,2023-08-28,25944,0 days 00:45:00,1215,4,False,False,,,,Free
2023-08-28 22:00:00,5.154117310930722,18.694738,20.86404350593848,2670,7,475.709454265583,497.60338201042674,19,5.0,34514,2023-08-28 22:00:00,2023-08-28 22:00:00,27.237905457348,-93.0189672365264,,2023-08-28,25952,0 days 00:00:00,1216,3,False,False,,,,Free
2023-08-28 22:15:00,3.344705687575109,9.6,8.78629334342912,2671,15,477.5,497.5,8,5.0,34517,2023-08-28 22:15:00,2023-08-28 22:15:00,27.22000000000382,-93.02000105660112,,2023-08-28,25952,0 days 00:15:00,1216,3,False,False,,,,Free
2023-08-28 22:30:00,2.023792296491749,32.0,3.216782950447296,2672,18,224.4123456784309,498.8246913568619,3,5.0,34520,2023-08-28 22:30:00,2023-08-28 22:30:00,29.75087654321991,-93.00675414341106,,2023-08-28,25957,0 days 00:00:00,1217,3,False,False,,,,Free
2023-08-28 22:45:00,3.3055253063225973,68.399994,8.581651108717207,2673,21,228.48077563611872,497.1591441089501,9,5.0,34523,2023-08-28 22:45:00,2023-08-28 22:45:00,29.710192243643025,-93.02340961541428,,2023-08-28,25957,0 days 00:15:00,1217,3,False,False,,,,Free
2023-08-28 22:45:00,2.365435392843939,9.6,4.394526246734344,2673,23,481.0,497.5,4,5.0,34525,2023-08-28 22:45:00,2023-08-28 22:45:00,27.18500000000381,-93.02000105660112,,2023-08-28,25952,0 days 00:45:00,1216,3,False,False,,,,Free
2023-08-28 23:00:00,,,,2674,11,233.09275730437847,495.4536213478108,5,5.0,34527,2023-08-28 23:00:00,2023-08-28 23:00:00,29.66407242696042,-93.04046484253826,,2023-08-28,25957,0 days 00:30:00,1217,3,False,False,,,,Free
2023-08-29 00:45:00,2.868985599309833,33.600002,6.464673833830137,2681,27,273.138694638889,296.11188811111083,6,5.0,34562,2023-08-29 00:45:00,2023-08-29 00:45:00,29.26361305361525,-95.03388211794118,,2023-08-29,25992,0 days 00:00:00,1218,3,False,False,,,,Free
2023-08-29 01:00:00,4.536715339690455,59.520004,16.164896981473927,2682,35,274.8290535688285,295.5925654190552,15,5.0,34570,2023-08-29 01:00:00,2023-08-29 01:00:00,29.246709464315856,-95.03907534471335,,2023-08-29,25992,0 days 00:15:00,1218,3,False,False,,,,Free
2023-08-29 01:15:00,1.65676031746048,28.800001,2.155803879059292,2683,28,277.5,293.0,2,5.0,34575,2023-08-29 01:15:00,2023-08-29 01:15:00,29.22000000000413,-95.06500099816304,,2023-08-29,25992,0 days 00:30:00,1218,3,False,False,,,,Free
2023-08-29 01:15:00,10.74136955071422,136.80002,90.6168994688343,2683,29,285.0759809301871,416.0684478697409,84,5.0,34576,2023-08-29 01:15:00,2023-08-29 01:15:00,29.14424019070225,-93.8343165546338,,2023-08-29,26003,0 days 00:00:00,1219,3,False,False,,,,Free
2023-08-29 01:15:00,3.710471177714876,26.88,10.81304489605412,2683,32,309.956124305741,381.9296161010345,10,5.0,34579,2023-08-29 01:15:00,2023-08-29 01:15:00,28.895438756946675,-94.17570486256528,,2023-08-29,26006,0 days 00:00:00,1221,3,False,False,,,,Free
2023-08-29 01:30:00,3.5143763695726373,26.666666,9.7003280475235,2684,58,277.1753846107197,278.5589743609808,9,5.0,34582,2023-08-29 01:30:00,2023-08-29 01:30:00,29.22324615389694,-95.20941125042656,,2023-08-29,26008,0 days 00:00:00,1222,5,False,False,,,,Free
2023-08-29 01:30:00,13.77060708979551,84.17391,148.93475497650354,2684,60,289.54343765931435,411.6829397894468,138,5.0,34584,2023-08-29 01:30:00,2023-08-29 01:30:00,29.09956562341097,-93.8781716341835,,2023-08-29,26003,0 days 00:15:00,1219,3,False,False,,,,Free
2023-08-29 01:30:00,9.08967240658337,209.43999,64.8912805140597,2684,63,311.68412899475163,379.3099524280003,60,5.0,34587,2023-08-29 01:30:00,2023-08-29 01:30:00,28.878158710056567,-94.20190149854704,,2023-08-29,26006,0 days 00:15:00,1221,3,False,False,,,,Free
2023-08-29 01:30:00,5.271432622771676,9.600001,21.82464565393423,2684,71,408.46875,232.34375,32,5.0,34595,2023-08-29 01:30:00,2023-08-29 01:30:00,27.910312500003933,-95.67156348082985,,2023-08-29,26017,0 days 00:00:00,1223,3,False,False,,,,Free
2023-08-29 01:45:00,7.501671780964474,162.26341,44.19834409166429,2685,43,278.10133691394566,276.99801481472474,41,5.0,34600,2023-08-29 01:45:00,2023-08-29 01:45:00,29.21398663086468,-95.22502084544304,,2023-08-29,26008,0 days 00:15:00,1222,5,False,False,,,,Free
2023-08-29 01:45:00,14.167460833891878,97.709595,157.64272112802624,2685,46,294.1618989981687,406.23520198402383,146,5.0,34603,2023-08-29 01:45:00,2023-08-29 01:45:00,29.053381010022424,-93.93264901068102,,2023-08-29,26003,0 days 00:30:00,1219,3,False,False,,,,Free
2023-08-29 01:45:00,11.318553435338709,142.14195,100.6170852910988,2685,47,315.2316675489589,377.08518041823714,94,5.0,34604,2023-08-29 01:45:00,2023-08-29 01:45:00,28.84268332451449,-94.22414921800896,,2023-08-29,26006,0 days 00:30:00,1221,3,False,False,,,,Free
2023-08-29 01:45:00,16.33533526195802,9.749999,209.57814201103312,2685,52,409.68941178025744,231.70032085477283,197,5.0,34609,2023-08-29 01:45:00,2023-08-29 01:45:00,27.89810588220136,-95.67799777209824,,2023-08-29,26017,0 days 00:15:00,1223,3,False,False,,,,Free
2023-08-29 02:00:00,8.530441765675704,238.73209,57.15219655129423,2686,40,281.3058977097782,274.1528923745639,53,5.0,34613,2023-08-29 02:00:00,2023-08-29 02:00:00,29.181941022906347,-95.25347206903166,,2023-08-29,26008,0 days 00:30:00,1222,5,False,False,,,,Free
2023-08-29 02:00:00,3.892749379936512,12.218183,11.90152929011332,2686,45,316.17380352917127,264.231738038895,11,5.0,34618,2023-08-29 02:00:00,2023-08-29 02:00:00,28.833261964712364,-95.35268360955324,,2023-08-29,26031,0 days 00:00:00,1224,5,False,False,,,,Free
2023-08-29 02:00:00,6.348260678573636,9.6,31.651870859467223,2686,50,408.8709677419355,230.6451612903226,31,5.0,34623,2023-08-29 02:00:00,2023-08-29 02:00:00,27.90629032258457,-95.68854936744124,,2023-08-29,26017,0 days 00:30:00,1223,3,False,False,,,,Free
2023-08-29 02:15:00,8.45084650290123,164.3077,56.09062875160136,2687,43,284.890079301594,271.89071645308576,56,5.0,34625,2023-08-29 02:15:00,2023-08-29 02:15:00,29.146099206988183,-95.2760938276,,2023-08-29,26008,0 days 00:45:00,1222,5,False,False,,,,Free
2023-08-29 02:15:00,9.092301374817875,123.36,64.92882241393988,2687,50,317.5307536366745,262.35665204252086,60,5.0,34631,2023-08-29 02:15:00,2023-08-29 02:15:00,28.819692463637328,-95.37143446898114,,2023-08-29,26031,0 days 00:15:00,1224,5,False,False,,,,Free
2023-08-29 02:30:00,4.225834478208495,42.092304,14.025386747573966,2688,52,286.7922024195417,270.38697634845806,13,5.0,34636,2023-08-29 02:30:00,2023-08-29 02:30:00,29.127077975808703,-95.29113122821656,,2023-08-29,26008,0 days 01:00:00,1222,5,False,False,,,,Free
2023-08-29 02:30:00,14.46233508469208,186.06317,164.2732013522413,2688,56,303.968257661756,292.01875610818087,152,5.0,34640,2023-08-29 02:30:00,2023-08-29 02:30:00,28.955317423386536,-95.0748134368008,,2023-08-29,26045,0 days 00:00:00,1225,4,False,False,,,,Free
2023-08-29 02:30:00,11.012519688981223,123.16364,95.24962557255849,2688,59,319.883058924257,261.1244614418649,88,5.0,34643,2023-08-29 02:30:00,2023-08-29 02:30:00,28.7961694107615,-95.3837563746356,,2023-08-29,26031,0 days 00:30:00,1224,5,False,False,,,,Free
2023-08-29 02:45:00,13.478630220971024,124.50909,142.68601174452365,2689,58,306.4337314148408,288.64572241460826,132,5.0,34654,2023-08-29 02:45:00,2023-08-29 02:45:00,28.930662685855683,-95.10854377277268,,2023-08-29,26045,0 days 00:15:00,1225,4,False,False,,,,Free
2023-08-29 02:45:00,8.707185819724057,83.78183,59.54502843765618,2689,62,322.4753750242421,259.56681282227504,55,5.0,34658,2023-08-29 02:45:00,2023-08-29 02:45:00,28.770246249761644,-95.39933286038638,,2023-08-29,26031,0 days 00:45:00,1224,5,False,False,,,,Free
2023-08-29 03:00:00,10.624135573329186,131.70732,88.6496630953733,2690,51,307.6849663150905,286.56558230235214,82,5.0,34669,2023-08-29 03:00:00,2023-08-29 03:00:00,28.918150336853184,-95.1293451733008,,2023-08-29,26045,0 days 00:30:00,1225,4,False,False,,,,Free
2023-08-29 03:00:00,4.233558175822498,37.66154,14.076702928514177,2690,56,324.60668865091765,257.5586434257877,13,5.0,34674,2023-08-29 03:00:00,2023-08-29 03:00:00,28.74893311349489,-95.4194145537774,,2023-08-29,26031,0 days 01:00:00,1224,5,False,False,,,,Free
2023-08-29 03:15:00,6.208218158064908,58.62857,30.270794570823416,2691,46,307.47242942585984,285.795418218406,28,5.0,34684,2023-08-29 03:15:00,2023-08-29 03:15:00,28.92027570574549,-95.13704681392022,,2023-08-29,26045,0 days 00:45:00,1225,4,False,False,,,,Free
2023-08-29 03:15:00,8.229098744966745,40.555103,53.18564478650308,2691,49,349.8441247036297,394.1909329488939,51,5.0,34687,2023-08-29 03:15:00,2023-08-29 03:15:00,28.49655875296773,-94.0530916975905,,2023-08-29,26080,0 days 00:00:00,1226,4,False,False,,,,Free
2023-08-29 03:30:00,14.620891162623026,170.87999,167.89492540756177,2692,61,327.79856899569177,349.39763572928496,156,5.0,34698,2023-08-29 03:30:00,2023-08-29 03:30:00,28.71701431004714,-94.50102465698644,,2023-08-29,26085,0 days 00:00:00,1227,4,False,False,,,,Free
2023-08-29 03:30:00,10.045896679468964,64.30685,79.26241414026866,2692,63,354.7838961170309,393.7607520611785,73,5.0,34700,2023-08-29 03:30:00,2023-08-29 03:30:00,28.447161038833706,-94.05739350634474,,2023-08-29,26080,0 days 00:15:00,1226,4,False,False,,,,Free
2023-08-29 03:45:00,17.303510745395577,223.012,235.15722972482652,2693,70,332.01890382551625,346.9008775696629,218,5.0,34711,2023-08-29 03:45:00,2023-08-29 03:45:00,28.67481096174889,-94.52599223786916,,2023-08-29,26085,0 days 00:15:00,1227,4,False,False,,,,Free
2023-08-29 03:45:00,9.260474200915562,89.1871,67.35290525685036,2693,72,357.80983217751447,392.7264924530686,62,5.0,34713,2023-08-29 03:45:00,2023-08-29 03:45:00,28.416901678228864,-94.06773610213033,,2023-08-29,26080,0 days 00:30:00,1226,4,False,False,,,,Free
2023-08-29 03:45:00,2.0373825511687635,9.6,3.260130960408038,2693,75,362.3333333333333,398.3333333333333,3,5.0,34716,2023-08-29 03:45:00,2023-08-29 03:45:00,28.37166666667067,-94.01166769492988,,2023-08-29,26098,0 days 00:00:00,1229,5,False,False,,,,Free
2023-08-29 03:45:00,6.88055313048708,190.87059,37.18232879053628,2693,83,430.8131210908329,162.75061711657384,34,5.0,34723,2023-08-29 03:45:00,2023-08-29 03:45:00,27.686868789095566,-96.36749478977714,,2023-08-29,26105,0 days 00:00:00,1230,3,False,False,,,,Free
2023-08-29 03:45:00,7.182758485808281,74.724335,40.52027733413052,2693,87,445.6992014842085,155.58663464574568,37,5.0,34726,2023-08-29 03:45:00,2023-08-29 03:45:00,27.538007985161787,-96.43913461243824,,2023-08-29,26107,0 days 00:00:00,1231,3,False,False,,,,Free
2023-08-29 04:00:00,18.125076979224428,325.7143,258.0177601781478,2694,82,335.78623611099584,345.6532320394551,238,5.0,34730,2023-08-29 04:00:00,2023-08-29 04:00:00,28.637137638894085,-94.53846869281472,,2023-08-29,26085,0 days 00:30:00,1227,4,False,False,,,,Free
2023-08-29 04:00:00,10.118857381573685,44.886486,80.41791910408018,2694,83,361.4672719859296,392.5500745351903,74,5.0,34731,2023-08-29 04:00:00,2023-08-29 04:00:00,28.38032728014471,-94.06950028125868,,2023-08-29,26080,0 days 00:45:00,1226,4,False,False,,,,Free
2023-08-29 04:00:00,2.360569285618816,67.2,4.376464252346151,2694,96,435.5,165.5,4,5.0,34744,2023-08-29 04:00:00,2023-08-29 04:00:00,27.640000000003887,-96.34000096172848,,2023-08-29,26105,0 days 00:15:00,1230,3,False,False,,,,Free
2023-08-29 04:00:00,8.9170264401995,186.94739,62.44964732991855,2694,102,450.3614309066053,157.40426188567443,57,5.0,34750,2023-08-29 04:00:00,2023-08-29 04:00:00,27.49138569093781,-96.42095834055834,,2023-08-29,26107,0 days 00:15:00,1231,3,False,False,,,,Free
2023-08-29 04:15:00,23.206919309219472,212.89844,422.9849018211619,2695,80,339.788417303205,343.62232091938625,468,5.0,34753,2023-08-29 04:15:00,2023-08-29 04:15:00,28.59711582697199,-94.55877780343508,,2023-08-29,26085,0 days 00:45:00,1227,4,False,False,,,,Free
2023-08-29 04:15:00,8.319672988542191,34.56,54.36287218889031,2695,85,367.9956697934511,391.2650880133364,50,5.0,34758,2023-08-29 04:15:00,2023-08-29 04:15:00,28.315043302069483,-94.08235014611,,2023-08-29,26098,0 days 00:30:00,1229,5,False,False,,,,Free
2023-08-29 04:15:00,3.1231165900581224,42.514286,7.660661558485525,2695,98,438.0540746475376,169.1637471413286,7,5.0,34771,2023-08-29 04:15:00,2023-08-29 04:15:00,27.61445925352851,-96.30336349136218,,2023-08-29,26105,0 days 00:30:00,1230,3,False,False,,,,Free
2023-08-29 04:15:00,2.64158776449552,55.68,5.480497323843237,2695,101,455.3393843807081,159.41515390482297,5,5.0,34774,2023-08-29 04:15:00,2023-08-29 04:15:00,27.441606156196777,-96.40084942094148,,2023-08-29,26107,0 days 00:30:00,1231,3,False,False,,,,Free
2023-08-29 04:30:00,11.226738252339825,139.67471,98.99131102841044,2696,57,372.76007310866027,388.8569773559553,91,5.0,34779,2023-08-29 04:30:00,2023-08-29 04:30:00,28.267399268917384,-94.10643125199567,,2023-08-29,26098,0 days 00:45:00,1229,5,False,False,,,,Free
2023-08-29 04:45:00,11.592814767046328,115.991745,105.55229357960414,2697,51,376.2307592407669,388.259125763193,97,5.0,34799,2023-08-29 04:45:00,2023-08-29 04:45:00,28.23269240759632,-94.11240976775248,,2023-08-29,26098,0 days 01:00:00,1229,5,False,False,,,,Free
2023-08-29 04:45:00,6.123931483063564,11.733334,29.45442353273573,2697,54,403.485148516929,416.0781078095692,27,5.0,34802,2023-08-29 04:45:00,2023-08-29 04:45:00,27.96014851483465,-93.83421995523828,,2023-08-29,26161,0 days 00:00:00,1232,3,False,False,,,,Free
2023-08-29 04:45:00,8.100773693592204,168.91916,51.53981802257418,2697,58,459.9466005845331,122.3597258757552,47,5.0,34806,2023-08-29 04:45:00,2023-08-29 04:45:00,27.39553399415852,-96.77140369064318,,2023-08-29,26165,0 days 00:00:00,1233,3,False,False,,,,Free
2023-08-29 05:00:00,9.119148048057912,38.24,65.3128167957552,2698,64,380.4433413604236,386.91085037697326,60,5.0,34814,2023-08-29 05:00:00,2023-08-29 05:00:00,28.19056658639974,-94.1258925212294,,2023-08-29,26098,0 days 01:15:00,1229,5,False,False,,,,Free
2023-08-29 05:00:00,8.251757434235845,22.72653,53.478939634748606,2698,68,408.57978355621,416.7603039422967,49,5.0,34818,2023-08-29 05:00:00,2023-08-29 05:00:00,27.90920216444184,-93.82739799410592,,2023-08-29,26161,0 days 00:15:00,1232,3,False,False,,,,Free
2023-08-29 05:00:00,8.921662282941803,86.56842,62.514597681163394,2698,70,462.2252333615723,124.01281886396336,57,5.0,34820,2023-08-29 05:00:00,2023-08-29 05:00:00,27.37274766638813,-96.75487276123346,,2023-08-29,26165,0 days 00:15:00,1233,3,False,False,,,,Free
2023-08-29 05:15:00,9.486584908031158,35.74154,70.68213800727011,2699,80,371.4247215986482,347.3789945371976,111,5.0,34835,2023-08-29 05:15:00,2023-08-29 05:15:00,28.28075278401751,-94.52121106833044,,2023-08-29,26189,0 days 00:00:00,1234,5,False,False,,,,Free
2023-08-29 05:15:00,3.539043153632997,48.0,9.836975685421228,2699,87,424.11007752583663,103.88888887848417,9,5.0,34842,2023-08-29 05:15:00,2023-08-29 05:15:00,27.753899224745545,-96.95611205533766,,2023-08-29,26195,0 days 00:00:00,1235,3,False,False,,,,Free
2023-08-29 05:15:00,5.151307918329103,14.652633,20.841304669782048,2699,90,463.3282442799695,125.93129770158784,19,5.0,34845,2023-08-29 05:15:00,2023-08-29 05:15:00,27.36171755720415,-96.73568797340543,,2023-08-29,26165,0 days 00:30:00,1233,3,False,False,,,,Free
2023-08-29 05:30:00,15.660744812817308,121.38304,192.62591168042832,2700,82,376.4308320816064,347.5656654120808,180,5.0,34854,2023-08-29 05:30:00,2023-08-29 05:30:00,28.23069167918792,-94.519344359635,,2023-08-29,26189,0 days 00:15:00,1234,5,False,False,,,,Free
2023-08-29 05:30:00,12.367644844087998,24.174547,120.13343413812385,2700,87,415.8241039179433,416.6869904172056,110,5.0,34859,2023-08-29 05:30:00,2023-08-29 05:30:00,27.836758960824486,-93.82813112933589,,2023-08-29,26161,0 days 00:45:00,1232,3,False,False,,,,Free
2023-08-29 05:30:00,6.3533633018591935,56.606895,31.70277377287024,2700,90,426.5182413520415,105.55926766994622,29,5.0,34862,2023-08-29 05:30:00,2023-08-29 05:30:00,27.729817586483488,-96.93940826790032,,2023-08-29,26195,0 days 00:15:00,1235,3,False,False,,,,Free
2023-08-29 05:45:00,9.458591683197438,180.03691,70.26561262520379,2701,80,306.81459736319835,332.0727231009917,65,5.0,34869,2023-08-29 05:45:00,2023-08-29 05:45:00,28.926854026372105,-94.6742737783186,,2023-08-29,26213,0 days 00:00:00,1237,6,False,False,,,,Free
2023-08-29 05:45:00,14.419562114448064,85.12,163.30294831965386,2701,86,380.1309700302518,346.9287009827503,151,5.0,34875,2023-08-29 05:45:00,2023-08-29 05:45:00,28.19369029970146,-94.52571400374626,,2023-08-29,26189,0 days 00:30:00,1234,5,False,False,,,,Free
2023-08-29 05:45:00,3.5398548863407933,20.266668,9.84148871920027,2701,94,429.1004366842536,107.27656477367417,9,5.0,34883,2023-08-29 05:45:00,2023-08-29 05:45:00,27.70399563316136,-96.92223529735378,,2023-08-29,26195,0 days 00:30:00,1235,3,False,False,,,,Free
2023-08-29 05:45:00,1.6699739022213922,28.800001,2.1903284779617995,2701,100,446.0,70.5,2,5.0,34889,2023-08-29 05:45:00,2023-08-29 05:45:00,27.53500000000388,-97.29000093458126,,2023-08-29,26226,0 days 00:00:00,1238,3,False,False,,,,Free
2023-08-29 06:00:00,12.907951388975986,154.6314,130.8592791899371,2702,101,312.1181084163693,330.646746271045,121,5.0,34893,2023-08-29 06:00:00,2023-08-29 06:00:00,28.87381891584039,-94.68853354621058,,2023-08-29,26213,0 days 00:15:00,1237,6,False,False,,,,Free
2023-08-29 06:00:00,12.736638344604378,59.405125,127.40882655744812,2702,113,383.7684670432212,346.68049139555694,117,5.0,34902,2023-08-29 06:00:00,2023-08-29 06:00:00,28.15731532957176,-94.52819609954724,,2023-08-29,26189,0 days 00:45:00,1234,5,False,False,,,,Free
2023-08-29 06:00:00,8.159713726181128,69.4,52.29253864171939,2702,115,389.4860895453652,361.56599379503183,48,5.0,34904,2023-08-29 06:00:00,2023-08-29 06:00:00,28.10013910455031,-94.37934107980618,,2023-08-29,26235,0 days 00:00:00,1239,4,False,False,,,,Free
2023-08-29 06:00:00,7.994275687886788,61.147827,50.19357436563983,2702,117,407.5866501678704,373.99210157944015,46,5.0,34906,2023-08-29 06:00:00,2023-08-29 06:00:00,27.91913349832523,-94.25508000551304,,2023-08-29,26237,0 days 00:00:00,1240,3,False,False,,,,Free
2023-08-29 06:00:00,5.785627777876913,74.00001,26.29001661356937,2702,122,449.0708897377964,72.47323673486564,25,5.0,34911,2023-08-29 06:00:00,2023-08-29 06:00:00,27.504291102625903,-97.27026856779644,,2023-08-29,26226,0 days 00:15:00,1238,3,False,False,,,,Free
2023-08-29 06:15:00,16.179540713332603,194.3242,205.5995973238781,2703,63,316.61351178697066,328.4074380845022,190,5.0,34917,2023-08-29 06:15:00,2023-08-29 06:15:00,28.82886488213437,-94.7109266274361,,2023-08-29,26213,0 days 00:30:00,1237,6,False,False,,,,Free
2023-08-29 06:15:00,10.974597099069088,77.13103,94.5947539761246,2703,67,367.6655830718454,308.5891576443151,87,5.0,34921,2023-08-29 06:15:00,2023-08-29 06:15:00,28.31834416928554,-94.90910942617468,,2023-08-29,26248,0 days 00:00:00,1241,3,False,False,,,,Free
2023-08-29 06:15:00,9.12266170217223,30.56,65.36315721295833,2703,70,387.9830464258906,347.2231351242164,60,5.0,34924,2023-08-29 06:15:00,2023-08-29 06:15:00,28.115169535745057,-94.52276966241573,,2023-08-29,26189,0 days 01:00:00,1234,5,False,False,,,,Free
2023-08-29 06:15:00,10.860268402187051,146.82353,92.63412392055062,2703,71,391.5736540900722,359.4529406929551,85,5.0,34925,2023-08-29 06:15:00,2023-08-29 06:15:00,28.079263459103235,-94.40047161022312,,2023-08-29,26235,0 days 00:15:00,1239,4,False,False,,,,Free
2023-08-29 06:15:00,9.07277344806507,106.73898,64.65022106820936,2703,74,452.18941791625394,74.0091626990504,59,5.0,34928,2023-08-29 06:15:00,2023-08-29 06:15:00,27.47310582084132,-97.25490930859348,,2023-08-29,26226,0 days 00:30:00,1238,3,False,False,,,,Free
2023-08-29 06:30:00,18.70909262826764,183.87401,274.91303456641054,2704,73,320.8631377368466,326.2630893053799,254,5.0,34934,2023-08-29 06:30:00,2023-08-29 06:30:00,28.786368622635603,-94.73237011461453,,2023-08-29,26213,0 days 00:45:00,1237,6,False,False,,,,Free
2023-08-29 06:30:00,10.656884212667633,22.47805,89.19702627193166,2704,77,372.3404968037219,307.6967624799592,82,5.0,34938,2023-08-29 06:30:00,2023-08-29 06:30:00,28.27159503196677,-94.91803337756323,,2023-08-29,26248,0 days 00:15:00,1241,3,False,False,,,,Free
2023-08-29 06:30:00,11.840222717274637,142.76434,110.10565496049406,2704,79,395.86835030741406,357.9881559774433,101,5.0,34940,2023-08-29 06:30:00,2023-08-29 06:30:00,28.03631649692981,-94.4151194569597,,2023-08-29,26235,0 days 00:30:00,1239,4,False,False,,,,Free
2023-08-29 06:30:00,12.478799593207963,39.600002,122.30254701980492,2704,82,414.21139553512427,369.6903902100906,112,5.0,34943,2023-08-29 06:30:00,2023-08-29 06:30:00,27.85288604465268,-94.29809711797724,,2023-08-29,26237,0 days 00:30:00,1240,3,False,False,,,,Free
2023-08-29 06:45:00,19.256681886929588,180.72267,291.2411877464375,2705,82,323.3880311494717,323.1900045116477,269,5.0,34957,2023-08-29 06:45:00,2023-08-29 06:45:00,28.761119688509343,-94.76310096167369,,2023-08-29,26213,0 days 01:00:00,1237,6,False,False,,,,Free
2023-08-29 06:45:00,1.6645846448803725,9.6,2.1762142492580674,2705,86,376.0,305.5,2,5.0,34961,2023-08-29 06:45:00,2023-08-29 06:45:00,28.235000000003986,-94.94000100173504,,2023-08-29,26248,0 days 00:30:00,1241,3,False,False,,,,Free
2023-08-29 06:45:00,12.8002673963146,136.0271,128.6850114690988,2705,92,399.09304040842267,355.1407689715031,121,5.0,34966,2023-08-29 06:45:00,2023-08-29 06:45:00,28.00406959591972,-94.44359332620542,,2023-08-29,26235,0 days 00:45:00,1239,4,False,False,,,,Free
2023-08-29 06:45:00,13.49865671813528,84.56794,143.11033139640642,2705,95,419.2559817390909,370.4841606548512,131,5.0,34969,2023-08-29 06:45:00,2023-08-29 06:45:00,27.802440182613005,-94.2901594137565,,2023-08-29,26237,0 days 00:45:00,1240,3,False,False,,,,Free
2023-08-29 06:45:00,26.201753393792625,147.01823,539.200878379821,2705,96,430.3450146325763,404.1617510262921,493,5.0,34970,2023-08-29 06:45:00,2023-08-29 06:45:00,27.691549853678133,-93.9533835196658,,2023-08-29,26278,0 days 00:00:00,1242,5,False,False,,,,Free
2023-08-29 07:00:00,19.929917493566403,155.79999,311.9614160138132,2706,102,327.28249797257354,320.75229331235494,288,5.0,34983,2023-08-29 07:00:00,2023-08-29 07:00:00,28.72217502027832,-94.78747807297005,,2023-08-29,26213,0 days 01:15:00,1237,6,False,False,,,,Free
2023-08-29 07:00:00,26.83626013832464,160.15474,565.6318649462245,2706,112,435.1612526680357,405.6377814761146,658,5.0,34993,2023-08-29 07:00:00,2023-08-29 07:00:00,27.64338747332353,-93.93862321558936,,2023-08-29,26278,0 days 00:15:00,1242,5,False,False,,,,Free
2023-08-29 07:15:00,2.6039845629703904,51.840004,5.325577290013016,2707,79,158.22459436368732,69.06063193910525,5,5.0,35012,2023-08-29 07:15:00,2023-08-29 07:15:00,30.41275405636745,-97.30439461477886,,2023-08-29,26311,0 days 00:00:00,1243,3,False,False,,,,Free
2023-08-29 07:15:00,28.478319211676745,158.03711,636.9694284753385,2707,89,440.3174506206743,407.5104838287739,675,5.0,35021,2023-08-29 07:15:00,2023-08-29 07:15:00,27.59182549379714,-93.91989619259796,,2023-08-29,26278,0 days 00:30:00,1242,5,False,False,,,,Free
2023-08-29 07:30:00,3.8627971186736905,122.181816,11.719084316641624,2708,79,160.37889838375926,68.57315749297794,11,5.0,35035,2023-08-29 07:30:00,2023-08-29 07:30:00,30.391211016166725,-97.30926935910082,,2023-08-29,26311,0 days 00:15:00,1243,3,False,False,,,,Free
2023-08-29 07:30:00,9.646061444538883,56.31045,73.07855130369323,2708,87,401.40188494222417,355.7480365262839,67,5.0,35043,2023-08-29 07:30:00,2023-08-29 07:30:00,27.9809811505817,-94.43752065083112,,2023-08-29,26333,0 days 00:00:00,1244,3,False,False,,,,Free
2023-08-29 07:30:00,27.946978653254888,113.07429,613.4223674367116,2708,94,446.09878162043606,409.1127394145561,567,5.0,35050,2023-08-29 07:30:00,2023-08-29 07:30:00,27.53401218379951,-93.903873637198,,2023-08-29,26278,0 days 00:45:00,1242,5,False,False,,,,Free
2023-08-29 07:30:00,31.03810129193645,179.64122,756.6241056461134,2708,97,475.5226206772312,99.969461785449,689,5.0,35053,2023-08-29 07:30:00,2023-08-29 07:30:00,27.23977379323152,-96.99530632514796,,2023-08-29,26341,0 days 00:00:00,1245,5,False,False,,,,Free
2023-08-29 07:30:00,3.5468965430958264,24.533333,9.880682028331044,2708,99,473.5722411784723,23.48691695064877,9,5.0,35055,2023-08-29 07:30:00,2023-08-29 07:30:00,27.259277588219103,-97.76013175164024,,2023-08-29,26343,0 days 00:00:00,1246,3,False,False,,,,Free
2023-08-29 07:45:00,4.034946276617526,148.8,12.786903707562807,2709,70,162.88120073332692,68.70317572192658,12,5.0,35058,2023-08-29 07:45:00,2023-08-29 07:45:00,30.366187992671048,-97.30796917684847,,2023-08-29,26311,0 days 00:30:00,1243,3,False,False,,,,Free
2023-08-29 07:45:00,3.504202466878406,24.533333,9.64424564069824,2709,73,217.6177474441611,106.94539249202302,9,5.0,35060,2023-08-29 07:45:00,2023-08-29 07:45:00,29.81882252556262,-96.92554702007568,,2023-08-29,26346,0 days 00:00:00,1247,5,False,False,,,,Free
2023-08-29 07:45:00,8.250277396910915,47.02041,53.45975736257648,2709,78,404.4771247978104,355.6602234316585,49,5.0,35065,2023-08-29 07:45:00,2023-08-29 07:45:00,27.95022875202584,-94.43839878175233,,2023-08-29,26333,0 days 00:15:00,1244,3,False,False,,,,Free
2023-08-29 07:45:00,24.861470014213584,63.104286,485.4488645309914,2709,81,453.2516064193589,412.1683825152389,443,5.0,35068,2023-08-29 07:45:00,2023-08-29 07:45:00,27.46248393581028,-93.8733172070643,,2023-08-29,26278,0 days 01:00:00,1242,5,False,False,,,,Free
2023-08-29 07:45:00,31.226484814877928,177.965,765.8365292892499,2709,83,481.6804206256314,102.15446355299012,697,5.0,35070,2023-08-29 07:45:00,2023-08-29 07:45:00,27.178195793747506,-96.97345630809696,,2023-08-29,26341,0 days 00:15:00,1245,5,False,False,,,,Free
2023-08-29 08:00:00,5.479307166891438,35.345455,23.579857500728743,2710,75,220.04943081544303,104.58298383537225,22,5.0,35078,2023-08-29 08:00:00,2023-08-29 08:00:00,29.7945056918498,-96.94917110596708,,2023-08-29,26346,0 days 00:15:00,1247,5,False,False,,,,Free
2023-08-29 08:00:00,18.578109406049176,111.667206,271.0771516093024,2710,80,335.5960745488568,333.01725741445966,250,5.0,35083,2023-08-29 08:00:00,2023-08-29 08:00:00,28.63903925451548,-94.66482843545384,,2023-08-29,26362,0 days 00:00:00,1248,6,False,False,,,,Free
2023-08-29 08:00:00,5.528880992426008,9.600002,24.008463415081827,2710,83,407.2083333333333,356.5833333333333,24,5.0,35086,2023-08-29 08:00:00,2023-08-29 08:00:00,27.9229166666706,-94.42916768299932,,2023-08-29,26333,0 days 00:30:00,1244,3,False,False,,,,Free
2023-08-29 08:00:00,11.762029702038852,39.078793,108.65617808031588,2710,89,470.02471989711785,433.0387100630733,99,5.0,35092,2023-08-29 08:00:00,2023-08-29 08:00:00,27.29475280103265,-93.66461393754992,,2023-08-29,26368,0 days 00:00:00,1249,3,False,False,,,,Free
2023-08-29 08:00:00,29.996823228490705,184.102,706.7086531533093,2710,90,485.8872296806352,105.22691068149098,647,5.0,35093,2023-08-29 08:00:00,2023-08-29 08:00:00,27.13612770319746,-96.9427318376899,,2023-08-29,26341,0 days 00:30:00,1245,5,False,False,,,,Free
2023-08-29 08:00:00,10.17637489479644,115.58919,81.33473895596273,2710,91,486.4834058289516,27.405591688074185,74,5.0,35094,2023-08-29 08:00:00,2023-08-29 08:00:00,27.13016594171429,-97.72094500538576,,2023-08-29,26343,0 days 00:30:00,1246,3,False,False,,,,Free
2023-08-29 08:15:00,5.842274403679952,31.103998,26.807343794049007,2711,105,224.907140660907,101.2316886419282,25,5.0,35100,2023-08-29 08:15:00,2023-08-29 08:15:00,29.74592859339515,-96.98268405694388,,2023-08-29,26346,0 days 00:30:00,1247,5,False,False,,,,Free
2023-08-29 08:15:00,5.22678058528636,12.480001,21.456477219617685,2711,106,229.68983956980625,108.37433155148392,20,5.0,35101,2023-08-29 08:15:00,2023-08-29 08:15:00,29.69810160430615,-96.9112576298894,,2023-08-29,26374,0 days 00:00:00,1250,3,False,False,,,,Free
2023-08-29 08:15:00,16.74114923719121,166.93596,220.1204627525168,2711,107,337.1251239369437,333.5309950477252,203,5.0,35102,2023-08-29 08:15:00,2023-08-29 08:15:00,28.623748760634605,-94.65969105926796,,2023-08-29,26362,0 days 00:15:00,1248,6,False,False,,,,Free
2023-08-29 08:15:00,14.70332645263776,231.13847,169.79350795910517,2711,112,378.4887166947453,217.6500785337109,157,5.0,35107,2023-08-29 08:15:00,2023-08-29 08:15:00,28.210112833056524,-95.81850019129388,,2023-08-29,26379,0 days 00:00:00,1251,5,False,False,,,,Free
2023-08-29 08:15:00,2.0476072149635223,57.599995,3.2929351936227875,2711,119,470.2699619995222,0.0,3,5.0,35114,2023-08-29 08:15:00,2023-08-29 08:15:00,27.29230038000861,-97.99500091443508,,2023-08-29,26386,0 days 00:00:00,1252,6,False,False,,,,Free
2023-08-29 08:15:00,7.383391548306352,10.584617,42.815565210033455,2711,120,472.7603305843024,432.3342516133318,39,5.0,35115,2023-08-29 08:15:00,2023-08-29 08:15:00,27.26739669416081,-93.67165852184604,,2023-08-29,26368,0 days 00:15:00,1249,3,False,False,,,,Free
2023-08-29 08:15:00,25.512924030755705,166.25548,511.2229629456748,2711,121,491.906203740929,109.19438066492944,465,5.0,35116,2023-08-29 08:15:00,2023-08-29 08:15:00,27.075937962594512,-96.90305713898924,,2023-08-29,26341,0 days 00:45:00,1245,5,False,False,,,,Free
2023-08-29 08:15:00,8.024998467133695,57.80869,50.580113273888045,2711,126,491.3377243449688,29.159970370016424,46,5.0,35119,2023-08-29 08:15:00,2023-08-29 08:15:00,27.081622756554115,-97.7034012190677,,2023-08-29,26343,0 days 00:45:00,1246,3,False,False,,,,Free
2023-08-29 08:30:00,6.401164565168657,23.999998,32.181617323937054,2712,72,228.4564912378482,98.44982456274904,30,5.0,35130,2023-08-29 08:30:00,2023-08-29 08:30:00,29.71043508762573,-97.0105026969407,,2023-08-29,26346,0 days 00:45:00,1247,5,False,False,,,,Free
2023-08-29 08:30:00,5.095577021021011,29.305262,20.39278883892829,2712,73,234.1030749350424,106.16457341285592,19,5.0,35131,2023-08-29 08:30:00,2023-08-29 08:30:00,29.65396925065378,-96.9333552106442,,2023-08-29,26374,0 days 00:15:00,1250,3,False,False,,,,Free
2023-08-29 08:30:00,16.06876107246645,179.83316,202.7937974999988,2712,74,340.6588588759749,334.0049733939844,187,5.0,35132,2023-08-29 08:30:00,2023-08-29 08:30:00,28.588411411244287,-94.65495127594085,,2023-08-29,26362,0 days 00:30:00,1248,6,False,False,,,,Free
2023-08-29 08:30:00,4.403560814944333,9.599999,15.229928987908286,2712,78,373.5,493.0,14,5.0,35136,2023-08-29 08:30:00,2023-08-29 08:30:00,28.260000000003984,-93.06500105531524,,2023-08-29,26399,0 days 00:00:00,1253,3,False,False,,,,Free
2023-08-29 08:30:00,16.35731629037897,259.2,210.14254334925712,2712,79,382.1338263166608,217.200641640264,193,5.0,35137,2023-08-29 08:30:00,2023-08-29 08:30:00,28.173661736837364,-95.82299456009991,,2023-08-29,26379,0 days 00:15:00,1251,5,False,False,,,,Free
2023-08-29 08:30:00,6.476286715211682,93.12,32.94139723436835,2712,85,473.5073384997783,0.8971100270355561,30,5.0,35143,2023-08-29 08:30:00,2023-08-29 08:30:00,27.259926615006048,-97.9860298144211,,2023-08-29,26386,0 days 00:15:00,1252,6,False,False,,,,Free
2023-08-29 08:30:00,6.995733945271748,18.651428,38.437616578431935,2712,86,477.09334449133553,429.55295103703,35,5.0,35144,2023-08-29 08:30:00,2023-08-29 08:30:00,27.22406655509047,-93.69947152681424,,2023-08-29,26368,0 days 00:30:00,1249,3,False,False,,,,Free
2023-08-29 08:30:00,18.747766733648007,139.94582,276.0507706131507,2712,88,495.96089917345176,111.85083580168116,251,5.0,35146,2023-08-29 08:30:00,2023-08-29 08:30:00,27.03539100826928,-96.87649258838088,,2023-08-29,26341,0 days 01:00:00,1245,5,False,False,,,,Free
2023-08-29 08:45:00,3.092750064491858,9.599999,7.512414298602359,2713,75,233.1428571428572,97.71428571428572,7,5.0,35151,2023-08-29 08:45:00,2023-08-29 08:45:00,29.66357142857564,-97.01785808521517,,2023-08-29,26346,0 days 01:00:00,1247,5,False,False,,,,Free
2023-08-29 08:45:00,4.215804907673786,14.030771,13.958890212810044,2713,76,238.7683134498208,104.43781942299783,13,5.0,35152,2023-08-29 08:45:00,2023-08-29 08:45:00,29.60731686550599,-96.95062275004938,,2023-08-29,26374,0 days 00:30:00,1250,3,False,False,,,,Free
2023-08-29 08:45:00,17.234509652596966,122.16557,233.28549933409488,2713,78,344.67542655653006,335.0256444822784,215,5.0,35154,2023-08-29 08:45:00,2023-08-29 08:45:00,28.54824573443873,-94.64474456534953,,2023-08-29,26362,0 days 00:45:00,1248,6,False,False,,,,Free
2023-08-29 08:45:00,8.40633468945327,27.67059,55.501310184176106,2713,84,376.8128351558421,492.8444905959814,51,5.0,35159,2023-08-29 08:45:00,2023-08-29 08:45:00,28.22687164844556,-93.066556149311,,2023-08-29,26399,0 days 00:15:00,1253,3,False,False,,,,Free
2023-08-29 08:45:00,7.44599113117352,105.6,43.54466066874083,2713,85,380.76620279553714,175.65004970757113,40,5.0,35160,2023-08-29 08:45:00,2023-08-29 08:45:00,28.187337972048603,-96.23850046755332,,2023-08-29,26414,0 days 00:00:00,1254,5,False,False,,,,Free
2023-08-29 08:45:00,16.654888837313983,298.41602,217.85792259616224,2713,87,387.2017569409693,216.0478266316579,203,5.0,35162,2023-08-29 08:45:00,2023-08-29 08:45:00,28.12298243059427,-95.83452270985651,,2023-08-29,26379,0 days 00:30:00,1251,5,False,False,,,,Free
2023-08-29 08:45:00,9.53468364332521,39.876926,71.40069797094063,2713,91,478.1529775417621,2.308160561542538,65,5.0,35166,2023-08-29 08:45:00,2023-08-29 08:45:00,27.2134702245862,-97.97191930947923,,2023-08-29,26386,0 days 00:30:00,1252,6,False,False,,,,Free
2023-08-29 09:00:00,19.28000857465592,83.1881,291.94720834414875,2714,68,347.8038854142895,337.76125631755207,269,5.0,35172,2023-08-29 09:00:00,2023-08-29 09:00:00,28.51696114586113,-94.61738844777852,,2023-08-29,26362,0 days 01:00:00,1248,6,False,False,,,,Free
2023-08-29 09:00:00,8.651804504206831,12.266664,58.78997513746197,2714,74,381.2212028714733,494.7910295562462,54,5.0,35177,2023-08-29 09:00:00,2023-08-29 09:00:00,28.18278797128924,-93.04709076026457,,2023-08-29,26399,0 days 00:30:00,1253,3,False,False,,,,Free
2023-08-29 09:00:00,9.42007059100002,224.84999,69.69445011848198,2714,75,383.5041789846492,175.31041049650884,64,5.0,35178,2023-08-29 09:00:00,2023-08-29 09:00:00,28.15995821015748,-96.24189685956684,,2023-08-29,26414,0 days 00:15:00,1254,5,False,False,,,,Free
2023-08-29 09:00:00,17.589987514307456,132.76413,243.0082084968936,2714,77,392.2816920116943,213.73650294938537,223,5.0,35180,2023-08-29 09:00:00,2023-08-29 09:00:00,28.07218307988701,-95.85763594601876,,2023-08-29,26379,0 days 00:45:00,1251,5,False,False,,,,Free
2023-08-29 09:00:00,8.249302492597245,18.22041,53.44712383130222,2714,80,402.0206853979501,375.2500771823981,49,5.0,35183,2023-08-29 09:00:00,2023-08-29 09:00:00,27.97479314602444,-94.24250024984292,,2023-08-29,26430,0 days 00:00:00,1256,3,False,False,,,,Free
2023-08-29 09:00:00,,,,2714,86,484.7841824521024,5.472824242502785,91,5.0,35189,2023-08-29 09:00:00,2023-08-29 09:00:00,27.147158175482787,-97.940272673574,,2023-08-29,26386,0 days 00:45:00,1252,6,False,False,,,,Free
2023-08-29 09:15:00,9.187647697951116,30.503227,66.29771323920397,2715,64,196.42980015436808,60.39577532953153,62,5.0,35191,2023-08-29 09:15:00,2023-08-29 09:15:00,30.030701998460582,-97.39104317839856,,2023-08-29,26435,0 days 00:00:00,1257,3,False,False,,,,Free
2023-08-29 09:15:00,18.44175282828948,61.54145,267.1125388667254,2715,67,351.4743924046753,338.7754028259163,247,5.0,35194,2023-08-29 09:15:00,2023-08-29 09:15:00,28.480256075957268,-94.60724698298468,,2023-08-29,26362,0 days 01:15:00,1248,6,False,False,,,,Free
2023-08-29 09:15:00,13.114827576603846,179.30322,135.08746494346818,2715,71,388.2219898864704,175.58160603987858,124,5.0,35198,2023-08-29 09:15:00,2023-08-29 09:15:00,28.11278010113926,-96.23918490421067,,2023-08-29,26414,0 days 00:30:00,1254,5,False,False,,,,Free
2023-08-29 09:15:00,12.01582975639738,71.53846,113.39591621367384,2715,73,397.4493445056692,210.22234360699207,112,5.0,35200,2023-08-29 09:15:00,2023-08-29 09:15:00,28.020506554947257,-95.89277753843852,,2023-08-29,26379,0 days 01:00:00,1251,5,False,False,,,,Free
2023-08-29 09:15:00,5.774251222194601,24.4,26.18672763886788,2715,75,405.31314432593234,375.6688144465727,24,5.0,35202,2023-08-29 09:15:00,2023-08-29 09:15:00,27.941868556744613,-94.23831287732082,,2023-08-29,26430,0 days 00:15:00,1256,3,False,False,,,,Free
2023-08-29 09:30:00,12.183299542624653,26.598166,116.57883888313609,2716,85,198.9478378968944,60.34686941007853,109,5.0,35211,2023-08-29 09:30:00,2023-08-29 09:30:00,30.00552162103532,-97.3915322375791,,2023-08-29,26435,0 days 00:15:00,1257,3,False,False,,,,Free
2023-08-29 09:30:00,15.449037466684755,209.02324,187.45314629437928,2716,97,392.52117857019374,175.9708935955456,172,5.0,35222,2023-08-29 09:30:00,2023-08-29 09:30:00,28.06978821430202,-96.23529202876524,,2023-08-29,26414,0 days 00:45:00,1254,5,False,False,,,,Free
2023-08-29 09:30:00,9.426485695723812,58.799995,69.78940682381057,2716,100,398.3609433197144,205.35141730550987,64,5.0,35225,2023-08-29 09:30:00,2023-08-29 09:30:00,28.011390566806803,-95.9414868000614,,2023-08-29,26457,0 days 00:00:00,1259,3,False,False,,,,Free
2023-08-29 09:30:00,3.909369527250131,9.599999,12.003373727895688,2716,102,406.6363636363636,375.0,11,5.0,35227,2023-08-29 09:30:00,2023-08-29 09:30:00,27.928636363640297,-94.24500102159544,,2023-08-29,26430,0 days 00:30:00,1256,3,False,False,,,,Free
2023-08-29 09:30:00,8.113254624133054,33.497875,51.69875603393086,2716,110,494.62112249136896,5.6949934963224935,53,5.0,35235,2023-08-29 09:30:00,2023-08-29 09:30:00,27.048788775090102,-97.93805098109924,,2023-08-29,26386,0 days 01:15:00,1252,6,False,False,,,,Free
2023-08-29 09:45:00,3.0878919112365724,13.714286,7.488831535988442,2717,103,201.3770491880167,62.69180327920112,7,5.0,35239,2023-08-29 09:45:00,2023-08-29 09:45:00,29.981229508124088,-97.36808289955792,,2023-08-29,26435,0 days 00:30:00,1257,3,False,False,,,,Free
2023-08-29 09:45:00,16.828550774496545,128.14117,222.42485504070223,2717,117,397.66084680307273,177.55205251598397,204,5.0,35253,2023-08-29 09:45:00,2023-08-29 09:45:00,28.018391531973226,-96.21948044001266,,2023-08-29,26414,0 days 01:00:00,1254,5,False,False,,,,Free
2023-08-29 09:45:00,7.264349735106049,50.02105,41.44607139492497,2717,120,401.6070844139333,206.23895253598187,38,5.0,35256,2023-08-29 09:45:00,2023-08-29 09:45:00,27.97892915586461,-95.93261144801028,,2023-08-29,26457,0 days 00:15:00,1259,3,False,False,,,,Free
2023-08-29 09:45:00,3.74268889435188,30.720001,11.001637686974718,2717,128,496.2192846054513,0.6850699974688327,10,5.0,35264,2023-08-29 09:45:00,2023-08-29 09:45:00,27.03280715394928,-97.98815021465616,,2023-08-29,26482,0 days 00:00:00,1262,4,False,False,,,,Free
2023-08-29 09:45:00,4.879905071811997,20.89412,18.70305835878646,2717,129,497.0740192411372,7.33678756129219,17,5.0,35265,2023-08-29 09:45:00,2023-08-29 09:45:00,27.024259807592426,-97.92163304091872,,2023-08-29,26386,0 days 01:30:00,1252,6,False,False,,,,Free
2023-08-29 10:00:00,4.714492695269664,28.2,17.45660623380511,2718,129,404.4838362102464,207.5872844852226,16,5.0,35285,2023-08-29 10:00:00,2023-08-29 10:00:00,27.95016163790148,-95.9191281289032,,2023-08-29,26457,0 days 00:30:00,1259,3,False,False,,,,Free
2023-08-29 10:00:00,3.550795042071423,73.600006,9.902414265197462,2718,143,497.2157434579586,0.7985098769010948,9,5.0,35297,2023-08-29 10:00:00,2023-08-29 10:00:00,27.02284256542421,-97.98701581589428,,2023-08-29,26482,0 days 00:15:00,1262,4,False,False,,,,Free
2023-08-29 10:15:00,4.428459903071136,50.742855,15.40264531855081,2719,135,497.1955028108865,0.8579013213771127,14,5.0,35329,2023-08-29 10:15:00,2023-08-29 10:15:00,27.02304497189493,-97.98642190146649,,2023-08-29,26482,0 days 00:30:00,1262,4,False,False,,,,Free
2023-08-29 10:30:00,4.267646260776073,57.599995,14.30430328874549,2720,126,498.58847614516833,1.2418836330644287,13,5.0,35355,2023-08-29 10:30:00,2023-08-29 10:30:00,27.009115238552106,-97.9825820784593,,2023-08-29,26482,0 days 00:45:00,1262,4,False,False,,,,Free
2023-08-29 11:00:00,13.231725223399948,39.923805,137.50637349547225,2722,63,408.0378602060979,478.0184074106882,126,5.0,35385,2023-08-29 11:00:00,2023-08-29 11:00:00,27.914621397942952,-93.21481697692718,,2023-08-29,26567,0 days 00:00:00,1264,3,False,False,,,,Free
2023-08-29 11:15:00,11.124425533454412,15.101125,97.1952559603491,2723,67,414.50433816767327,477.4487208077551,89,5.0,35403,2023-08-29 11:15:00,2023-08-29 11:15:00,27.849956618327187,-93.22051384279376,,2023-08-29,26567,0 days 00:15:00,1264,3,False,False,,,,Free
2023-08-29 11:15:00,14.158647873655871,103.666664,157.446656789063,2723,70,429.38315034893736,357.64594596005327,144,5.0,35406,2023-08-29 11:15:00,2023-08-29 11:15:00,27.701168496514526,-94.41854155703578,,2023-08-29,26583,0 days 00:00:00,1265,3,False,False,,,,Free
2023-08-29 11:30:00,11.97134706061026,23.300968,112.55788515066229,2724,70,421.9616850155445,478.0397967861433,104,5.0,35426,2023-08-29 11:30:00,2023-08-29 11:30:00,27.775383149848462,-93.21460308317876,,2023-08-29,26567,0 days 00:30:00,1264,3,False,False,,,,Free
2023-08-29 11:30:00,17.782035320401338,135.58415,248.34351198365533,2724,72,435.6127446205754,358.1704994287672,230,5.0,35428,2023-08-29 11:30:00,2023-08-29 11:30:00,27.638872553798134,-94.41329602249856,,2023-08-29,26583,0 days 00:15:00,1265,3,False,False,,,,Free
2023-08-29 11:45:00,18.32856465884094,175.98671,263.84373925739857,2725,79,444.0067365796266,359.4321123669658,241,5.0,35446,2023-08-29 11:45:00,2023-08-29 11:45:00,27.55493263420761,-94.4006798934771,,2023-08-29,26583,0 days 00:30:00,1265,3,False,False,,,,Free
2023-08-29 13:45:00,3.1185886787926664,9.599999,7.638464723868388,2733,58,406.57142857142856,107.28571428571428,7,5.0,35570,2023-08-29 13:45:00,2023-08-29 13:45:00,27.929285714289648,-96.922143802236,,2023-08-29,26709,0 days 00:00:00,1267,3,False,False,,,,Free
2023-08-29 14:15:00,1.661480863326013,9.6,2.16810628495893,2735,53,336.5,499.0,2,5.0,35605,2023-08-29 14:15:00,2023-08-29 14:15:00,28.63000000000405,-93.0050010570298,,2023-08-29,26737,0 days 00:00:00,1268,6,False,False,,,,Free
2023-08-29 14:15:00,15.235887592808616,30.582037,182.31625910502467,2735,57,412.9987359737297,107.56532929341886,167,5.0,35609,2023-08-29 14:15:00,2023-08-29 14:15:00,27.865012640266627,-96.91934765223886,,2023-08-29,26709,0 days 00:30:00,1267,3,False,False,,,,Free
2023-08-29 14:30:00,4.674398542717966,19.800001,17.160951233814135,2736,58,226.7550675725337,493.22212837623545,16,5.0,35616,2023-08-29 14:30:00,2023-08-29 14:30:00,29.72744932427888,-93.06277977161636,,2023-08-29,26743,0 days 00:00:00,1269,3,False,False,,,,Free
2023-08-29 14:30:00,2.339071649573153,28.8,4.297114556691615,2736,60,243.45168066864912,489.0,4,5.0,35618,2023-08-29 14:30:00,2023-08-29 14:30:00,29.560483193317697,-93.1050010541722,,2023-08-29,26745,0 days 00:00:00,1270,5,False,False,,,,Free
2023-08-29 14:30:00,4.07074880274595,12.0,13.014829678813026,2736,65,341.3285714334371,498.0,12,5.0,35622,2023-08-29 14:30:00,2023-08-29 14:30:00,28.581714285669666,-93.01500105674404,,2023-08-29,26737,0 days 00:15:00,1268,6,False,False,,,,Free
2023-08-29 14:30:00,12.591872181824732,49.6,124.5289982541278,2736,69,418.0911377211167,107.02035763397411,115,5.0,35626,2023-08-29 14:30:00,2023-08-29 14:30:00,27.81408862279275,-96.92479736867756,,2023-08-29,26709,0 days 00:45:00,1267,3,False,False,,,,Free
2023-08-29 14:30:00,24.13644816911302,31.638462,457.5479395288928,2736,71,493.7090797527059,410.7388827514201,417,5.0,35628,2023-08-29 14:30:00,2023-08-29 14:30:00,27.05790920247674,-93.88761220429404,,2023-08-29,26751,0 days 00:00:00,1271,3,False,False,,,,Free
2023-08-29 14:45:00,6.073079892655416,63.644444,28.96729019694965,2737,64,230.57913349401093,491.378047246574,27,5.0,35633,2023-08-29 14:45:00,2023-08-29 14:45:00,29.6892086650641,-93.08122058238598,,2023-08-29,26743,0 days 00:15:00,1269,3,False,False,,,,Free
2023-08-29 14:45:00,10.061301450124503,35.02703,79.505688689031,2737,65,246.65436542595475,485.93060304687,74,5.0,35634,2023-08-29 14:45:00,2023-08-29 14:45:00,29.52845634574464,-93.13569502282638,,2023-08-29,26745,0 days 00:15:00,1270,5,False,False,,,,Free
2023-08-29 14:45:00,5.1238402714285325,9.600001,20.619638492750127,2737,68,348.05263157894734,496.3684210526316,19,5.0,35637,2023-08-29 14:45:00,2023-08-29 14:45:00,28.51447368421455,-93.03131684575146,,2023-08-29,26737,0 days 00:30:00,1268,6,False,False,,,,Free
2023-08-29 14:45:00,11.53542814365834,23.747374,104.50987248058104,2737,77,496.6822273974772,407.8264977225501,99,5.0,35646,2023-08-29 14:45:00,2023-08-29 14:45:00,27.02817772602902,-93.91673605375048,,2023-08-29,26751,0 days 00:15:00,1271,3,False,False,,,,Free
2023-08-29 15:00:00,5.8449971995024255,13.4400015,26.8323367770496,2738,55,233.86350711221783,488.14407581845927,25,5.0,35652,2023-08-29 15:00:00,2023-08-29 15:00:00,29.656364928882027,-93.113560295743,,2023-08-29,26743,0 days 00:30:00,1269,3,False,False,,,,Free
2023-08-29 15:00:00,10.198316653481594,22.357895,81.68585636123441,2738,57,249.5830806182033,483.24363251699936,76,5.0,35653,2023-08-29 15:00:00,2023-08-29 15:00:00,29.499169193822148,-93.16256472735728,,2023-08-29,26745,0 days 00:30:00,1270,5,False,False,,,,Free
2023-08-29 15:00:00,9.76703941155778,50.92175,74.92310403127274,2738,59,354.6928612080442,493.9688821334074,69,5.0,35655,2023-08-29 15:00:00,2023-08-29 15:00:00,28.448071387923573,-93.05531223425804,,2023-08-29,26737,0 days 00:45:00,1268,6,False,False,,,,Free
2023-08-29 15:00:00,2.8993840053079984,9.599999,6.602392805812839,2738,71,499.0,406.5,6,5.0,35666,2023-08-29 15:00:00,2023-08-29 15:00:00,27.00500000000379,-93.93000103059694,,2023-08-29,26751,0 days 00:30:00,1271,3,False,False,,,,Free
2023-08-29 15:15:00,7.491975479969364,20.604877,44.0841606157758,2739,40,252.883401043114,481.6480150028615,41,5.0,35667,2023-08-29 15:15:00,2023-08-29 15:15:00,29.466165989573035,-93.17852090204268,,2023-08-29,26745,0 days 00:45:00,1270,5,False,False,,,,Free
2023-08-29 15:30:00,4.680901668196218,12.0,17.208733830113367,2740,31,255.20892857082035,479.7910714291796,16,5.0,35678,2023-08-29 15:30:00,2023-08-29 15:30:00,29.44291071429597,-93.19709033724882,,2023-08-29,26745,0 days 01:00:00,1270,5,False,False,,,,Free
2023-08-29 15:30:00,10.51121439303082,29.4,86.7752093257829,2740,34,341.6698770796008,496.6381147294744,80,5.0,35680,2023-08-29 15:30:00,2023-08-29 15:30:00,28.578301229208027,-93.02861990906013,,2023-08-29,26789,0 days 00:00:00,1273,3,False,False,,,,Free
2023-08-29 15:30:00,16.00028153393412,26.04973,201.0690056115118,2740,35,363.0774998705467,491.3007549713446,185,5.0,35681,2023-08-29 15:30:00,2023-08-29 15:30:00,28.364225001298536,-93.0819935051162,,2023-08-29,26737,0 days 01:15:00,1268,6,False,False,,,,Free
2023-08-29 15:45:00,3.512044522045896,28.800001,9.687459658188818,2741,37,262.75256769682875,498.5807656216637,9,5.0,35686,2023-08-29 15:45:00,2023-08-29 15:45:00,29.36747432303587,-93.0091934006934,,2023-08-29,26792,0 days 00:00:00,1274,4,False,False,,,,Free
2023-08-29 15:45:00,9.692066782135097,40.094116,73.77728636986807,2741,41,345.2155547928417,494.9037881246172,68,5.0,35690,2023-08-29 15:45:00,2023-08-29 15:45:00,28.542844452075613,-93.04596317461306,,2023-08-29,26789,0 days 00:15:00,1273,3,False,False,,,,Free
2023-08-29 16:00:00,12.16511809797827,45.6,116.23115143548326,2742,37,262.8814540379042,497.6387976454494,108,5.0,35697,2023-08-29 16:00:00,2023-08-29 16:00:00,29.36618545962512,-93.01861308018636,,2023-08-29,26792,0 days 00:15:00,1274,4,False,False,,,,Free
2023-08-29 16:00:00,3.5268499218591547,9.6,9.769308864739354,2742,41,350.3333333333333,495.0,9,5.0,35701,2023-08-29 16:00:00,2023-08-29 16:00:00,28.49166666667069,-93.04500105588676,,2023-08-29,26789,0 days 00:30:00,1273,3,False,False,,,,Free
2023-08-29 16:00:00,2.882062724830529,9.599999,6.523741415512901,2742,43,368.0,488.5,6,5.0,35703,2023-08-29 16:00:00,2023-08-29 16:00:00,28.315000000003995,-93.11000105402934,,2023-08-29,26737,0 days 01:45:00,1268,6,False,False,,,,Free
2023-08-29 16:15:00,3.3060188748755808,21.599998,8.584214059505213,2743,34,231.50000000718128,485.1445783135991,8,5.0,35708,2023-08-29 16:15:00,2023-08-29 16:15:00,29.679999999932395,-93.1435552699345,,2023-08-29,26803,0 days 00:00:00,1276,5,False,False,,,,Free
2023-08-29 16:15:00,16.053322242651284,64.2383,202.4042970484448,2743,35,263.9692012664429,495.0033941541316,188,5.0,35709,2023-08-29 16:15:00,2023-08-29 16:15:00,29.355307987339728,-93.04496711434643,,2023-08-29,26792,0 days 00:30:00,1274,4,False,False,,,,Free
2023-08-29 16:30:00,6.612736214559923,27.0,34.344110991657814,2744,37,233.8397727078797,482.73948864325774,32,5.0,35718,2023-08-29 16:30:00,2023-08-29 16:30:00,29.656602272925408,-93.1676061659506,,2023-08-29,26803,0 days 00:15:00,1276,5,False,False,,,,Free
2023-08-29 16:45:00,9.056072254579904,33.440002,64.41242342754185,2745,34,237.0413736655557,478.359001397372,60,5.0,35727,2023-08-29 16:45:00,2023-08-29 16:45:00,29.624586263348643,-93.21141103715767,,2023-08-29,26803,0 days 00:30:00,1276,5,False,False,,,,Free
2023-08-29 16:45:00,9.936856609155718,16.800001,77.55109372719028,2745,36,269.95482068115444,490.50931531098337,74,5.0,35728,2023-08-29 16:45:00,2023-08-29 16:45:00,29.295451793192605,-93.08990790149367,,2023-08-29,26792,0 days 01:00:00,1274,4,False,False,,,,Free
2023-08-29 17:00:00,9.713594907671574,34.365215,74.10540021357018,2746,34,240.33418491815632,475.6388916345042,71,5.0,35735,2023-08-29 17:00:00,2023-08-29 17:00:00,29.59165815082263,-93.23861213400907,,2023-08-29,26803,0 days 00:45:00,1276,5,False,False,,,,Free
2023-08-29 17:15:00,3.094328290251422,17.828571,7.520083402563408,2747,46,243.26057906718967,472.7349665943198,7,5.0,35745,2023-08-29 17:15:00,2023-08-29 17:15:00,29.562394209332293,-93.2676513835811,,2023-08-29,26803,0 days 01:00:00,1276,5,False,False,,,,Free
2023-08-29 17:15:00,18.184655262770256,86.439995,259.71678965923155,2747,55,319.4747974099322,493.1106028816404,240,5.0,35754,2023-08-29 17:15:00,2023-08-29 17:15:00,28.800252025904747,-93.06389502653042,,2023-08-29,26836,0 days 00:00:00,1277,5,False,False,,,,Free
2023-08-29 17:30:00,10.13307683949124,21.247997,80.6440914120299,2748,52,252.3602027428564,466.7830281642687,76,5.0,35762,2023-08-29 17:30:00,2023-08-29 17:30:00,29.471397972575613,-93.32717076618076,,2023-08-29,26844,0 days 00:00:00,1278,3,False,False,,,,Free
2023-08-29 17:30:00,24.20719681049698,94.328476,460.23419539959576,2748,59,326.4590381274968,488.276067708168,425,5.0,35768,2023-08-29 17:30:00,2023-08-29 17:30:00,28.73040961872909,-93.11224037688362,,2023-08-29,26836,0 days 00:15:00,1277,5,False,False,,,,Free
2023-08-29 17:30:00,7.91101808746065,60.373333,49.15352137695915,2748,63,417.0563448249673,23.122481750386665,45,5.0,35772,2023-08-29 17:30:00,2023-08-29 17:30:00,27.824436551754246,-97.7637761035387,,2023-08-29,26850,0 days 00:00:00,1279,4,False,False,,,,Free
2023-08-29 17:45:00,14.711110144233103,57.174683,169.97332714856375,2749,50,256.7096414332816,462.2647872633456,158,5.0,35774,2023-08-29 17:45:00,2023-08-29 17:45:00,29.427903585671352,-93.37235317389884,,2023-08-29,26844,0 days 00:15:00,1278,3,False,False,,,,Free
2023-08-29 17:45:00,11.363650912351552,64.03404,101.42047707499393,2749,56,287.54101491058435,497.14524615911,94,5.0,35779,2023-08-29 17:45:00,2023-08-29 17:45:00,29.11958985089828,-93.02354859490868,,2023-08-29,26855,0 days 00:00:00,1280,4,False,False,,,,Free
2023-08-29 17:45:00,27.470905731278272,139.13857,592.7012437033181,2749,59,334.7221449087492,483.22882852817054,658,5.0,35782,2023-08-29 17:45:00,2023-08-29 17:45:00,28.64777855091656,-93.16271276724132,,2023-08-29,26836,0 days 00:30:00,1277,5,False,False,,,,Free
2023-08-29 17:45:00,5.0040811993083,25.06667,19.667020831087484,2749,61,420.3803986722805,23.035991144136386,18,5.0,35784,2023-08-29 17:45:00,2023-08-29 17:45:00,27.79119601328111,-97.76464100957652,,2023-08-29,26850,0 days 00:15:00,1279,4,False,False,,,,Free
2023-08-29 17:45:00,7.667622469699796,46.628574,46.17546995060869,2749,63,488.5251658604819,22.730038911624,42,5.0,35786,2023-08-29 17:45:00,2023-08-29 17:45:00,27.109748341398987,-97.76770053181416,,2023-08-29,26859,0 days 00:00:00,1281,3,False,False,,,,Free
2023-08-29 18:00:00,11.955662985694143,35.353848,112.26314641148574,2750,40,292.11220223391484,495.9532437580044,104,5.0,35790,2023-08-29 18:00:00,2023-08-29 18:00:00,29.073877977664964,-93.0354686185791,,2023-08-29,26855,0 days 00:15:00,1280,4,False,False,,,,Free
2023-08-29 18:00:00,29.816983484197262,118.12175,698.2602038816016,2750,41,342.8765745429285,477.54093633052105,858,5.0,35791,2023-08-29 18:00:00,2023-08-29 18:00:00,28.56623425457475,-93.2195916875924,,2023-08-29,26836,0 days 00:45:00,1277,5,False,False,,,,Free
2023-08-29 18:00:00,2.043455095712784,12.8,3.279593966006688,2750,45,426.1965812000645,23.19658120006456,3,5.0,35794,2023-08-29 18:00:00,2023-08-29 18:00:00,27.73303418800326,-97.76303510906314,,2023-08-29,26850,0 days 00:30:00,1279,4,False,False,,,,Free
2023-08-29 18:00:00,7.576756201876962,36.995125,45.08753657554822,2750,47,491.836407987156,23.88092695787678,41,5.0,35796,2023-08-29 18:00:00,2023-08-29 18:00:00,27.07663592013224,-97.75619165168052,,2023-08-29,26859,0 days 00:15:00,1281,3,False,False,,,,Free
2023-08-29 18:15:00,,,,2751,31,263.6329241238025,459.5516477533037,370,5.0,35797,2023-08-29 18:15:00,2023-08-29 18:15:00,29.35867075876613,-93.39948456822395,,2023-08-29,26844,0 days 00:45:00,1278,3,False,False,,,,Free
2023-08-29 18:15:00,10.875423778719671,13.395346,92.8928439709613,2751,33,298.9883656495938,495.7362880662645,86,5.0,35799,2023-08-29 18:15:00,2023-08-29 18:15:00,29.005116343508163,-93.0376381754345,,2023-08-29,26855,0 days 00:30:00,1280,4,False,False,,,,Free
2023-08-29 18:15:00,35.074554653304595,79.02202,966.215971860614,2751,34,350.7766739143853,471.167396001807,896,5.0,35800,2023-08-29 18:15:00,2023-08-29 18:15:00,28.48723326086017,-93.28332708905828,,2023-08-29,26836,0 days 01:00:00,1277,5,False,False,,,,Free
2023-08-29 18:15:00,2.880024437359001,17.599998,6.514517078960438,2751,35,353.2539682499636,498.43650793750913,6,5.0,35801,2023-08-29 18:15:00,2023-08-29 18:15:00,28.46246031750438,-93.01063597749368,,2023-08-29,26866,0 days 00:00:00,1282,4,False,False,,,,Free
2023-08-29 18:15:00,1.668830998481012,14.400001,2.1873314514987188,2751,38,431.0,25.24468085646036,2,5.0,35804,2023-08-29 18:15:00,2023-08-29 18:15:00,27.685000000003896,-97.7425541130844,,2023-08-29,26850,0 days 00:45:00,1279,4,False,False,,,,Free
2023-08-29 18:15:00,4.733580778567502,12.0,17.598249347403346,2751,39,493.7910714291796,25.03392857933531,16,5.0,35805,2023-08-29 18:15:00,2023-08-29 18:15:00,27.057089285712003,-97.74466163579548,,2023-08-29,26859,0 days 00:30:00,1281,3,False,False,,,,Free
2023-08-29 18:30:00,2.865368178459654,11.2,6.448381871328829,2752,40,247.1129032382112,498.2580645078592,6,5.0,35806,2023-08-29 18:30:00,2023-08-29 18:30:00,29.52387096762207,-93.0124204117392,,2023-08-29,26868,0 days 00:00:00,1283,3,False,False,,,,Free
2023-08-29 18:30:00,12.344237352440071,37.708115,119.67912592996956,2752,44,280.4710607368135,449.52948947595706,112,5.0,35810,2023-08-29 18:30:00,2023-08-29 18:30:00,29.190289392636,-93.4997061481335,,2023-08-29,26872,0 days 00:00:00,1284,3,False,False,,,,Free
2023-08-29 18:30:00,10.158721418205332,16.639997,81.05279268102655,2752,46,303.98487972944054,495.0201603680287,75,5.0,35812,2023-08-29 18:30:00,2023-08-29 18:30:00,28.95515120270969,-93.0447994522122,,2023-08-29,26855,0 days 00:45:00,1280,4,False,False,,,,Free
2023-08-29 18:45:00,6.300298379907884,16.88276,31.17540594776792,2753,37,250.90249563492,497.0110272807019,29,5.0,35818,2023-08-29 18:45:00,2023-08-29 18:45:00,29.48597504365497,-93.02489078365444,,2023-08-29,26868,0 days 00:15:00,1283,3,False,False,,,,Free
2023-08-29 18:45:00,10.350860324581015,19.32308,84.14780227492139,2753,39,285.97547440864605,446.62710348046346,78,5.0,35820,2023-08-29 18:45:00,2023-08-29 18:45:00,29.135245255917663,-93.528730007259,,2023-08-29,26872,0 days 00:15:00,1284,3,False,False,,,,Free
2023-08-29 18:45:00,9.035436816320432,34.332203,64.1192137012206,2753,43,362.5431642277995,497.1406448498337,59,5.0,35824,2023-08-29 18:45:00,2023-08-29 18:45:00,28.36956835772601,-93.02359460800012,,2023-08-29,26866,0 days 00:30:00,1282,4,False,False,,,,Free
2023-08-29 19:00:00,1.6548518361335698,9.6,2.1508400448905864,2754,68,254.0,495.5,2,5.0,35829,2023-08-29 19:00:00,2023-08-29 19:00:00,29.455000000004173,-93.0400010560296,,2023-08-29,26868,0 days 00:30:00,1283,3,False,False,,,,Free
2023-08-29 19:00:00,6.930140427969394,48.822857,37.72019691814201,2754,70,275.8570869878833,498.1626026761947,35,5.0,35830,2023-08-29 19:00:00,2023-08-29 19:00:00,29.236429130125305,-93.01337503002856,,2023-08-29,26886,0 days 00:00:00,1285,5,False,False,,,,Free
2023-08-29 19:00:00,4.059799799721918,12.8,12.94491243377963,2754,72,285.2948718000968,497.9102563998063,12,5.0,35832,2023-08-29 19:00:00,2023-08-29 19:00:00,29.142051282003155,-93.01589849272034,,2023-08-29,26888,0 days 00:00:00,1286,3,False,False,,,,Free
2023-08-29 19:00:00,2.344609993066646,9.6,4.31748765762016,2754,73,291.5,444.5,4,5.0,35833,2023-08-29 19:00:00,2023-08-29 19:00:00,29.080000000004112,-93.55000104145586,,2023-08-29,26872,0 days 00:30:00,1284,3,False,False,,,,Free
2023-08-29 19:00:00,8.31978246077543,29.567999,54.3643028374713,2754,81,367.4454575095633,497.2736893325235,50,5.0,35841,2023-08-29 19:00:00,2023-08-29 19:00:00,28.320545424908364,-93.02226416321128,,2023-08-29,26866,0 days 00:45:00,1282,4,False,False,,,,Free
2023-08-29 19:00:00,11.776576755679868,9.887998,108.9251120544381,2754,83,384.31372549510206,484.037834846061,147,5.0,35843,2023-08-29 19:00:00,2023-08-29 19:00:00,28.15186274505295,-93.15462270429362,,2023-08-29,26896,0 days 00:00:00,1287,4,False,False,,,,Free
2023-08-29 19:15:00,10.864046586361347,51.34884,92.69858819471372,2755,68,278.75163068820126,496.9885097979391,86,5.0,35848,2023-08-29 19:15:00,2023-08-29 19:15:00,29.20748369312212,-93.02511595847562,,2023-08-29,26886,0 days 00:15:00,1285,5,False,False,,,,Free
2023-08-29 19:15:00,2.621035434787578,9.6,5.395549312632329,2755,70,289.0,499.0,5,5.0,35850,2023-08-29 19:15:00,2023-08-29 19:15:00,29.10500000000412,-93.0050010570298,,2023-08-29,26888,0 days 00:15:00,1286,3,False,False,,,,Free
2023-08-29 19:15:00,3.328622904889486,9.6,8.701999940835591,2755,78,373.3571428571428,496.0,14,5.0,35857,2023-08-29 19:15:00,2023-08-29 19:15:00,28.26142857143256,-93.03500105617252,,2023-08-29,26866,0 days 01:00:00,1282,4,False,False,,,,Free
2023-08-29 19:15:00,15.447302297402718,42.027905,187.41104080063485,2755,82,388.4430662114116,483.60356738709487,172,5.0,35859,2023-08-29 19:15:00,2023-08-29 19:15:00,28.11056933788985,-93.15896537875916,,2023-08-29,26896,0 days 00:15:00,1287,4,False,False,,,,Free
2023-08-29 19:15:00,11.141030995832391,157.2674,97.4856398101552,2755,85,446.9677681037508,12.110878251099624,89,5.0,35861,2023-08-29 19:15:00,2023-08-29 19:15:00,27.525322318966364,-97.87389213538488,,2023-08-29,26907,0 days 00:00:00,1288,3,False,False,,,,Free
2023-08-29 19:30:00,14.012418222042443,41.756645,154.2112521098832,2756,40,281.967827720844,495.7030804770269,145,5.0,35864,2023-08-29 19:30:00,2023-08-29 19:30:00,29.17532172279569,-93.0379702513174,,2023-08-29,26886,0 days 00:30:00,1285,5,False,False,,,,Free
2023-08-29 19:30:00,7.333502466511193,16.492308,42.23891619507639,2756,43,326.66086568727883,438.0754127604127,39,5.0,35867,2023-08-29 19:30:00,2023-08-29 19:30:00,28.72839134313127,-93.6142469120158,,2023-08-29,26912,0 days 00:00:00,1289,3,False,False,,,,Free
2023-08-29 19:30:00,18.99530783592736,41.316925,283.38871603041144,2756,48,393.6639030557278,483.9629449222063,263,5.0,35872,2023-08-29 19:30:00,2023-08-29 19:30:00,28.05836096944668,-93.15537160351072,,2023-08-29,26896,0 days 00:30:00,1287,4,False,False,,,,Free
2023-08-29 19:30:00,12.884836296433996,96.16135,130.39102270455737,2756,50,450.2026511306815,12.271012673149189,119,5.0,35874,2023-08-29 19:30:00,2023-08-29 19:30:00,27.49297348869705,-97.87229079121016,,2023-08-29,26907,0 days 00:15:00,1288,3,False,False,,,,Free
2023-08-29 19:45:00,15.94004601165786,28.592432,199.55794485366857,2757,58,284.7040278896612,494.1614809586756,185,5.0,35876,2023-08-29 19:45:00,2023-08-29 19:45:00,29.14795972110751,-93.05338624606036,,2023-08-29,26886,0 days 00:45:00,1285,5,False,False,,,,Free
2023-08-29 19:45:00,3.708016729490069,9.6,10.798744135015175,2757,60,296.45454545454544,497.7272727272728,11,5.0,35878,2023-08-29 19:45:00,2023-08-29 19:45:00,29.030454545458653,-93.01772832939338,,2023-08-29,26888,0 days 00:45:00,1286,3,False,False,,,,Free
2023-08-29 19:45:00,15.312660633371154,50.654118,184.1582572912991,2757,65,329.2662732643048,434.5264134610205,170,5.0,35882,2023-08-29 19:45:00,2023-08-29 19:45:00,28.70233726736101,-93.64973690399556,,2023-08-29,26912,0 days 00:15:00,1289,3,False,False,,,,Free
2023-08-29 19:45:00,27.2559523817114,123.10168,583.4620384718271,2757,66,358.845767905758,420.6462604710553,538,5.0,35883,2023-08-29 19:45:00,2023-08-29 19:45:00,28.40654232094643,-93.7885384299288,,2023-08-29,26920,0 days 00:00:00,1290,7,False,False,,,,Free
2023-08-29 19:45:00,19.145113796504617,54.83636,287.8762160637666,2757,73,398.7977570619853,486.1516099657651,265,5.0,35887,2023-08-29 19:45:00,2023-08-29 19:45:00,28.007022429384094,-93.1334849537006,,2023-08-29,26896,0 days 00:45:00,1287,4,False,False,,,,Free
2023-08-29 19:45:00,11.873005805833149,26.138615,110.71621789336538,2757,75,455.89465322944426,13.007664974700695,102,5.0,35889,2023-08-29 19:45:00,2023-08-29 19:45:00,27.436053467709414,-97.86492426840516,,2023-08-29,26907,0 days 00:30:00,1288,3,False,False,,,,Free
2023-08-29 20:00:00,14.145679285539456,50.184834,157.1583629150958,2758,62,334.3874409385189,431.1204999327954,147,5.0,35893,2023-08-29 20:00:00,2023-08-29 20:00:00,28.651125590618857,-93.68379603830454,,2023-08-29,26912,0 days 00:30:00,1289,3,False,False,,,,Free
2023-08-29 20:00:00,30.450217229342936,97.461494,728.2335308765772,2758,65,361.7451184964887,414.87346939798783,674,5.0,35896,2023-08-29 20:00:00,2023-08-29 20:00:00,28.37754881503912,-93.84626633900984,,2023-08-29,26920,0 days 00:15:00,1290,7,False,False,,,,Free
2023-08-29 20:15:00,1.6577689046448525,9.6,2.1584294585973023,2759,68,290.0,487.5,2,5.0,35906,2023-08-29 20:15:00,2023-08-29 20:15:00,29.09500000000412,-93.12000105374352,,2023-08-29,26886,0 days 01:15:00,1285,5,False,False,,,,Free
2023-08-29 20:15:00,29.99557793282385,74.40739,706.6499774095973,2759,76,365.6794755439792,409.43340547681294,650,5.0,35912,2023-08-29 20:15:00,2023-08-29 20:15:00,28.338205244564207,-93.90066697666704,,2023-08-29,26920,0 days 00:30:00,1290,7,False,False,,,,Free
2023-08-29 20:30:00,24.3456261783576,74.6243,465.5129637366204,2760,47,371.63516851745305,403.6514675974669,432,5.0,35928,2023-08-29 20:30:00,2023-08-29 20:30:00,28.278648314829457,-93.95848635380828,,2023-08-29,26920,0 days 00:45:00,1290,7,False,False,,,,Free
2023-08-29 20:45:00,15.212700497938794,116.11976,181.7617567699129,2761,43,378.4920622693459,400.14682332070345,167,5.0,35940,2023-08-29 20:45:00,2023-08-29 20:45:00,28.21007937731052,-93.99353279557435,,2023-08-29,26920,0 days 01:00:00,1290,7,False,False,,,,Free
2023-08-29 21:00:00,14.373690578082677,49.54631,162.26560169982517,2762,34,384.6677807930717,396.6061125993282,150,5.0,35948,2023-08-29 21:00:00,2023-08-29 21:00:00,28.14832219207325,-94.02893990177635,,2023-08-29,26920,0 days 01:15:00,1290,7,False,False,,,,Free
2023-08-29 21:00:00,12.913931493923732,68.72,130.98055846548797,2762,35,410.2668602262427,393.9367359668798,144,5.0,35949,2023-08-29 21:00:00,2023-08-29 21:00:00,27.8923313977415,-94.05563366733804,,2023-08-29,26963,0 days 00:00:00,1292,3,False,False,,,,Free
2023-08-29 21:15:00,8.814247161126612,15.085715,61.01833181248581,2763,28,390.6831752750284,393.51422549867374,57,5.0,35958,2023-08-29 21:15:00,2023-08-29 21:15:00,28.08816824725368,-94.05985877189936,,2023-08-29,26920,0 days 01:30:00,1290,7,False,False,,,,Free
2023-08-29 21:15:00,13.951385952683088,77.07429,152.87081744009834,2763,29,414.04489413701873,389.85974787574537,140,5.0,35959,2023-08-29 21:15:00,2023-08-29 21:15:00,27.85455105863373,-94.09640354708432,,2023-08-29,26963,0 days 00:15:00,1292,3,False,False,,,,Free
2023-08-29 21:30:00,11.126394488273196,25.024721,97.2296649287831,2764,19,419.1787304901686,386.3202672948071,92,5.0,35966,2023-08-29 21:30:00,2023-08-29 21:30:00,27.80321269510223,-94.13179835188224,,2023-08-29,26963,0 days 00:30:00,1292,3,False,False,,,,Free
2023-08-29 22:15:00,15.645275446536406,24.490911,192.2455556852098,2767,26,419.4247720008484,464.41333258216366,179,5.0,35982,2023-08-29 22:15:00,2023-08-29 22:15:00,27.80075227999543,-93.35086772132462,,2023-08-29,26985,0 days 00:00:00,1294,3,False,False,,,,Free
2023-08-29 22:30:00,15.604591689524517,38.45486,191.24703030444044,2768,21,424.0963464856646,462.3980301409021,178,5.0,35990,2023-08-29 22:30:00,2023-08-29 22:30:00,27.75403653514726,-93.3710207451614,,2023-08-29,26985,0 days 00:15:00,1294,3,False,False,,,,Free
2023-08-29 22:45:00,16.602430082643707,20.606064,216.4876874809969,2769,28,428.51182422423744,459.7660287041678,201,5.0,35996,2023-08-29 22:45:00,2023-08-29 22:45:00,27.70988175776153,-93.39734075877658,,2023-08-29,26985,0 days 00:30:00,1294,3,False,False,,,,Free
