time,diameter_km,mean_precip,area_km2,frame,idx,hdim_1,hdim_2,num,threshold_value,feature,time.1,timestr,latitude,longitude,area,date,cell,time_cell,cell_parent_track_id,cell_child_feature_count,cell_starts_with_split,cell_ends_with_merge,Merge,Split,Both,Free
2022-05-01 00:00:00,2.856685283250915,52.800003,6.409360156371672,0,87,186.8500697366024,3.000000013300897,6,5.0,15,2022-05-01 00:00:00,2022-05-01 00:00:00,30.12649930263825,-97.96500091515937,,2022-05-01,15,0 days 00:00:00,1,3,False,False,,,,Free
2022-05-01 00:15:00,8.24600813939323,87.552,53.40444421170005,1,59,185.7963950035449,4.237377700621849,50,5.0,27,2022-05-01 00:15:00,2022-05-01 00:15:00,30.13703604996883,-97.95262713863974,,2022-05-01,15,0 days 00:15:00,1,3,False,False,,,,Free
2022-05-01 00:45:00,12.82657030096971,253.96364,129.2144171660479,3,87,183.6525630260145,9.506237407074371,121,5.0,59,2022-05-01 00:45:00,2022-05-01 00:45:00,30.158474369744138,-97.89993854308084,,2022-05-01,15,0 days 00:45:00,1,3,False,False,,,,Free
2022-05-01 01:30:00,36.812488879266986,205.32481,1064.3396547725297,6,102,152.63948807499597,193.2107610585336,1002,5.0,114,2022-05-01 01:30:00,2022-05-01 01:30:00,30.46860511925437,-96.06289335906185,,2022-05-01,98,0 days 00:00:00,2,4,False,False,,,,Free
2022-05-01 01:30:00,11.992821860563652,58.41509,112.96207125669346,6,112,163.12235956943067,78.6111268107858,106,5.0,123,2022-05-01 01:30:00,2022-05-01 01:30:00,30.36377640431001,-97.2088896687912,,2022-05-01,107,0 days 00:00:00,3,3,False,False,,,,Free
2022-05-01 01:45:00,34.94290175390742,348.59406,958.9761706915872,7,87,153.4995629549515,197.5016664628916,901,5.0,137,2022-05-01 01:45:00,2022-05-01 01:45:00,30.46000437045481,-96.01998430624444,,2022-05-01,98,0 days 00:15:00,2,4,False,False,,,,Free
2022-05-01 01:45:00,11.647357703194723,65.856,106.54785427229824,7,91,160.8581323594875,79.163537241733,123,5.0,141,2022-05-01 01:45:00,2022-05-01 01:45:00,30.386418676409445,-97.20336556463964,,2022-05-01,107,0 days 00:15:00,3,3,False,False,,,,Free
2022-05-01 02:00:00,30.959162395424407,267.2792,752.7803705041418,8,84,153.71600012095033,200.3211016436244,708,5.0,162,2022-05-01 02:00:00,2022-05-01 02:00:00,30.457839998794825,-95.99178995524278,,2022-05-01,98,0 days 00:30:00,2,4,False,False,,,,Free
2022-05-01 02:00:00,7.725558151688846,48.87273,46.875899356032384,8,88,160.29631167184442,78.72565269330502,44,5.0,166,2022-05-01 02:00:00,2022-05-01 02:00:00,30.39203688328588,-97.20774440999872,,2022-05-01,107,0 days 00:30:00,3,3,False,False,,,,Free
2022-05-01 02:15:00,23.169592309547685,125.818184,421.6253021754154,9,57,153.67844243207907,202.814601673817,396,5.0,177,2022-05-01 02:15:00,2022-05-01 02:15:00,30.45821557568354,-95.9668549556534,,2022-05-01,98,0 days 00:45:00,2,4,False,False,,,,Free
2022-05-01 02:30:00,64.6727610113368,450.7392,3284.97966790646,10,96,31.27291696812186,461.1265661412244,3125,5.0,185,2022-05-01 02:30:00,2022-05-01 02:30:00,31.6822708303233,-93.38373538479482,,2022-05-01,158,0 days 00:00:00,4,3,False,False,,,,Free
2022-05-01 02:30:00,5.81621954613068,25.728003,26.568770934481908,10,106,137.04091083379643,117.58433038671907,25,5.0,193,2022-05-01 02:30:00,2022-05-01 02:30:00,30.62459089166639,-96.81915764416893,,2022-05-01,165,0 days 00:00:00,5,3,False,False,,,,Free
2022-05-01 02:30:00,1.6460424206598765,76.799995,2.1280014917973658,10,114,148.41195744209955,487.1572481967042,3,5.0,200,2022-05-01 02:30:00,2022-05-01 02:30:00,30.51088042558334,-93.12342857167856,,2022-05-01,171,0 days 00:00:00,6,3,False,False,,,,Free
2022-05-01 02:30:00,2.328184619080751,74.4,4.257206464359108,10,115,150.98342939300588,485.1203170458742,4,5.0,201,2022-05-01 02:30:00,2022-05-01 02:30:00,30.48516570607428,-93.14379788260482,,2022-05-01,172,0 days 00:00:00,7,3,False,False,,,,Free
2022-05-01 02:45:00,62.02398603476605,432.15366,3021.406976831712,11,68,34.356170417877635,463.2869126165328,2876,5.0,210,2022-05-01 02:45:00,2022-05-01 02:45:00,31.65143829582574,-93.36213192065908,,2022-05-01,158,0 days 00:15:00,4,3,False,False,,,,Free
2022-05-01 02:45:00,7.16950926289673,54.063156,40.3709288509836,11,76,133.6190731613862,120.2830937672004,38,5.0,216,2022-05-01 02:45:00,2022-05-01 02:45:00,30.6588092683905,-96.79217001113528,,2022-05-01,165,0 days 00:15:00,5,3,False,False,,,,Free
2022-05-01 02:45:00,9.237831415503186,88.83809,67.02393875066771,11,83,147.30122306389958,488.4039531912101,63,5.0,223,2022-05-01 02:45:00,2022-05-01 02:45:00,30.521987769365342,-93.11096152208978,,2022-05-01,171,0 days 00:15:00,6,3,False,False,,,,Free
2022-05-01 03:00:00,56.86062628334206,330.2639,2539.29500909932,12,71,36.97001155561293,465.75114769203554,2531,5.0,229,2022-05-01 03:00:00,2022-05-01 03:00:00,31.62529988444838,-93.33748957060824,,2022-05-01,158,0 days 00:30:00,4,3,False,False,,,,Free
2022-05-01 03:00:00,7.625681920391343,35.720932,45.67170803910192,12,81,130.97471612650162,123.67751707223177,43,5.0,238,2022-05-01 03:00:00,2022-05-01 03:00:00,30.68525283873935,-96.75822577905495,,2022-05-01,165,0 days 00:30:00,5,3,False,False,,,,Free
2022-05-01 03:00:00,6.982498107672538,46.13333,38.29230722942383,12,84,145.26890869603542,490.4007293599021,36,5.0,240,2022-05-01 03:00:00,2022-05-01 03:00:00,30.542310913043988,-93.09099376097345,,2022-05-01,171,0 days 00:30:00,6,3,False,False,,,,Free
2022-05-01 03:00:00,1.646296279117915,19.2,2.1286579181777143,12,88,151.0,486.8380281642845,2,5.0,244,2022-05-01 03:00:00,2022-05-01 03:00:00,30.485000000004334,-93.12662077191152,,2022-05-01,172,0 days 00:30:00,7,3,False,False,,,,Free
2022-05-01 03:15:00,4.031946725757255,64.0,12.767899384342533,13,75,147.8850282521301,490.6485876076677,12,5.0,264,2022-05-01 03:15:00,2022-05-01 03:15:00,30.51614971748304,-93.08851517856664,,2022-05-01,172,0 days 00:45:00,7,3,False,False,,,,Free
2022-05-01 04:00:00,1.1609084090953368,9.6,1.0584876505611462,16,125,97.5,370.5,2,5.0,316,2022-05-01 04:00:00,2022-05-01 04:00:00,31.020000000004416,-94.29000102030956,,2022-05-01,264,0 days 00:00:00,9,3,False,False,,,,Free
2022-05-01 04:00:00,6.2598928195989085,23.834478,30.77681515226329,16,126,123.5105514110632,333.7151123281426,38,5.0,317,2022-05-01 04:00:00,2022-05-01 04:00:00,30.759894485893746,-94.65784988651644,,2022-05-01,265,0 days 00:00:00,10,3,False,False,,,,Free
2022-05-01 04:00:00,8.8766945773947,41.875862,61.88600326322584,16,138,174.9747522104202,429.4643725367007,58,5.0,327,2022-05-01 04:00:00,2022-05-01 04:00:00,30.24525247790009,-93.70035731179225,,2022-05-01,274,0 days 00:00:00,12,10,False,False,,,,Free
2022-05-01 04:00:00,8.404934817598326,28.615383,55.482826919871165,16,139,176.5218240836218,346.59723129310834,52,5.0,328,2022-05-01 04:00:00,2022-05-01 04:00:00,30.22978175916808,-94.52902870054794,,2022-05-01,275,0 days 00:00:00,13,4,False,False,,,,Free
2022-05-01 04:15:00,10.766504191922785,14.623256,91.04147997445529,17,118,98.92093247385762,374.8240807563386,87,5.0,345,2022-05-01 04:15:00,2022-05-01 04:15:00,31.00579067526584,-94.24676021398176,,2022-05-01,264,0 days 00:15:00,9,3,False,False,,,,Free
2022-05-01 04:15:00,8.220581796315082,23.807999,53.07560965204179,17,122,124.7973202904766,335.3666524775673,50,5.0,349,2022-05-01 04:15:00,2022-05-01 04:15:00,30.747026797099608,-94.6413344854941,,2022-05-01,265,0 days 00:15:00,10,3,False,False,,,,Free
2022-05-01 04:15:00,15.723468632733857,93.573616,194.1719976157271,17,133,174.78754869516047,431.9960671046291,182,5.0,359,2022-05-01 04:15:00,2022-05-01 04:15:00,30.247124513052693,-93.6750403668364,,2022-05-01,274,0 days 00:15:00,12,10,False,False,,,,Free
2022-05-01 04:15:00,12.875739559918207,39.816395,130.206974720791,17,137,177.98679551908816,346.7463997991088,129,5.0,363,2022-05-01 04:15:00,2022-05-01 04:15:00,30.21513204481341,-94.52753701553058,,2022-05-01,275,0 days 00:15:00,13,4,False,False,,,,Free
2022-05-01 04:30:00,5.685324696649847,13.200001,25.386359573885148,18,209,91.32926829681968,188.73475610095903,24,5.0,381,2022-05-01 04:30:00,2022-05-01 04:30:00,31.08170731703623,-96.1076534073585,,2022-05-01,314,0 days 00:00:00,14,3,False,False,,,,Free
2022-05-01 04:30:00,14.777916846015986,18.54815,171.52061229231464,18,214,100.10360853560714,378.3169309470788,162,5.0,386,2022-05-01 04:30:00,2022-05-01 04:30:00,30.993963914648344,-94.21183171307251,,2022-05-01,264,0 days 00:30:00,9,3,False,False,,,,Free
2022-05-01 04:30:00,3.286957121035748,9.6,8.485510177721418,18,222,117.875,373.25,8,5.0,393,2022-05-01 04:30:00,2022-05-01 04:30:00,30.816250000004384,-94.26250102109536,,2022-05-01,324,0 days 00:00:00,15,4,False,False,,,,Free
2022-05-01 04:30:00,5.328004813176868,20.114288,22.29559661936245,18,223,127.54442343055938,337.99747953564946,21,5.0,394,2022-05-01 04:30:00,2022-05-01 04:30:00,30.71955576569877,-94.61502621566508,,2022-05-01,265,0 days 00:30:00,10,3,False,False,,,,Free
2022-05-01 04:30:00,17.089431770602516,82.24744,229.3744955139809,18,232,175.33295601218435,434.6450428137156,215,5.0,403,2022-05-01 04:30:00,2022-05-01 04:30:00,30.24167043988245,-93.64855061050253,,2022-05-01,274,0 days 00:30:00,12,10,False,False,,,,Free
2022-05-01 04:30:00,5.944917705671482,32.861538,27.757578433174977,18,241,181.4861591737913,347.3964409149141,34,5.0,412,2022-05-01 04:30:00,2022-05-01 04:30:00,30.180138408266373,-94.52103660455828,,2022-05-01,275,0 days 00:30:00,13,4,False,False,,,,Free
2022-05-01 04:45:00,14.185986481310229,12.821476,158.05526405463272,19,249,117.67738542787892,376.5965439876875,185,5.0,451,2022-05-01 04:45:00,2022-05-01 04:45:00,30.8182261457256,-94.2290355821748,,2022-05-01,324,0 days 00:15:00,15,4,False,False,,,,Free
2022-05-01 04:45:00,6.7772130154667405,22.305883,36.07382165197004,19,253,120.87355539942712,289.7783821093375,34,5.0,455,2022-05-01 04:45:00,2022-05-01 04:45:00,30.786264446010108,-95.09721717614906,,2022-05-01,373,0 days 00:00:00,18,3,False,False,,,,Free
2022-05-01 04:45:00,,,,19,258,130.5,354.5,2,5.0,460,2022-05-01 04:45:00,2022-05-01 04:45:00,30.690000000004368,-94.45000101573736,,2022-05-01,378,0 days 00:00:00,19,3,False,False,,,,Free
2022-05-01 04:45:00,9.178400123322488,52.335487,66.16432011725573,19,270,176.93600926571085,436.0179228892088,62,5.0,472,2022-05-01 04:45:00,2022-05-01 04:45:00,30.225639907347183,-93.6348218101399,,2022-05-01,274,0 days 00:45:00,12,10,False,False,,,,Free
2022-05-01 05:00:00,25.900741796997767,82.06265,526.8831214116001,20,212,94.16781464030592,190.8469249508384,500,5.0,500,2022-05-01 05:00:00,2022-05-01 05:00:00,31.053321853601364,-96.08653171946332,,2022-05-01,314,0 days 00:30:00,14,3,False,False,,,,Free
2022-05-01 05:00:00,3.4840837711732697,11.733334,9.533822425439876,20,222,105.8763440846432,316.6854838730352,12,5.0,509,2022-05-01 05:00:00,2022-05-01 05:00:00,30.93623655915797,-94.82814616620108,,2022-05-01,413,0 days 00:00:00,20,4,False,False,,,,Free
2022-05-01 05:00:00,17.079536942589556,17.111113,229.1089554824956,20,224,117.2287626554765,381.3019240895015,219,5.0,511,2022-05-01 05:00:00,2022-05-01 05:00:00,30.822712373449622,-94.18198178250128,,2022-05-01,324,0 days 00:30:00,15,4,False,False,,,,Free
2022-05-01 05:00:00,8.851548142795515,22.510347,61.53587111569311,20,228,120.52048050233806,293.85053171002625,58,5.0,514,2022-05-01 05:00:00,2022-05-01 05:00:00,30.789795194981,-95.05649568130582,,2022-05-01,373,0 days 00:15:00,18,3,False,False,,,,Free
2022-05-01 05:00:00,5.815016685510218,11.520001,26.557782620391148,20,233,132.48220859254647,356.844171792422,25,5.0,518,2022-05-01 05:00:00,2022-05-01 05:00:00,30.6701779140789,-94.42655929848296,,2022-05-01,378,0 days 00:15:00,19,3,False,False,,,,Free
2022-05-01 05:00:00,5.943767928016304,43.200005,27.746842554645617,20,245,177.4337494964932,436.40314136973245,26,5.0,530,2022-05-01 05:00:00,2022-05-01 05:00:00,30.22066250503936,-93.63096962544472,,2022-05-01,274,0 days 01:00:00,12,10,False,False,,,,Free
2022-05-01 05:00:00,1.6494889195326825,9.6,2.136922079518848,20,248,189.0,349.5,2,5.0,533,2022-05-01 05:00:00,2022-05-01 05:00:00,30.105000000004274,-94.50000101430852,,2022-05-01,275,0 days 01:00:00,13,4,False,False,,,,Free
2022-05-01 05:00:00,4.217827986202414,13.292307,13.97229059901112,20,268,248.22077921733245,399.3024118758101,13,5.0,553,2022-05-01 05:00:00,2022-05-01 05:00:00,29.512792207830856,-94.001976909782,,2022-05-01,446,0 days 00:00:00,23,3,False,False,,,,Free
2022-05-01 05:15:00,10.32062526409466,21.022787,83.65692558192139,21,269,102.81719069884994,395.67656818940856,79,5.0,567,2022-05-01 05:15:00,2022-05-01 05:15:00,30.96682809301591,-94.0382353456099,,2022-05-01,458,0 days 00:00:00,24,3,False,False,,,,Free
2022-05-01 05:15:00,6.145570560704803,15.77143,29.66294730066478,21,271,106.8885941507009,234.3773209683689,28,5.0,568,2022-05-01 05:15:00,2022-05-01 05:15:00,30.9261140584974,-95.65122777172728,,2022-05-01,459,0 days 00:00:00,25,3,False,False,,,,Free
2022-05-01 05:15:00,6.034890653151986,29.155556,28.60412665165583,21,273,106.44618214661202,321.7785955308121,27,5.0,569,2022-05-01 05:15:00,2022-05-01 05:15:00,30.930538178538285,-94.77721505107873,,2022-05-01,413,0 days 00:15:00,20,4,False,False,,,,Free
2022-05-01 05:15:00,4.789290491006995,9.6,18.014915969344205,21,275,108.94117647058825,210.35294117647052,17,5.0,571,2022-05-01 05:15:00,2022-05-01 05:15:00,30.90558823529852,-95.89147156278102,,2022-05-01,460,0 days 00:00:00,26,3,False,False,,,,Free
2022-05-01 05:15:00,3.0751210661728856,9.599999,7.427015293958068,21,283,120.71428571428572,296.57142857142856,7,5.0,579,2022-05-01 05:15:00,2022-05-01 05:15:00,30.78785714286152,-95.02928671346932,,2022-05-01,373,0 days 00:30:00,18,3,False,False,,,,Free
2022-05-01 05:15:00,11.917971685906164,13.257143,111.55642290045692,21,286,133.83017575763745,360.0906185805285,107,5.0,581,2022-05-01 05:15:00,2022-05-01 05:15:00,30.656698242427986,-94.39409483152964,,2022-05-01,378,0 days 00:30:00,19,3,False,False,,,,Free
2022-05-01 05:15:00,2.8531014050154573,35.2,6.393288412192976,21,292,162.34326710700594,441.4977924966887,6,5.0,585,2022-05-01 05:15:00,2022-05-01 05:15:00,30.37156732893426,-93.58002311563104,,2022-05-01,468,0 days 00:00:00,27,3,False,False,,,,Free
2022-05-01 05:15:00,4.514608798545323,24.960003,16.007743938036647,21,297,177.46292585203534,437.3640614532159,15,5.0,589,2022-05-01 05:15:00,2022-05-01 05:15:00,30.22037074148394,-93.62136042488449,,2022-05-01,274,0 days 01:15:00,12,10,False,False,,,,Free
2022-05-01 05:15:00,6.9205947359597335,27.154285,37.61635561622129,21,332,247.494970355784,400.4637606331177,35,5.0,622,2022-05-01 05:15:00,2022-05-01 05:15:00,29.520050296446342,-93.99036342254084,,2022-05-01,446,0 days 00:15:00,23,3,False,False,,,,Free
2022-05-01 05:30:00,3.0631141819684093,20.571428,7.369130601207976,22,295,46.609174311445,473.0844036722934,7,5.0,629,2022-05-01 05:30:00,2022-05-01 05:30:00,31.52890825689005,-93.2641570129012,,2022-05-01,500,0 days 00:00:00,30,4,False,False,,,,Free
2022-05-01 05:30:00,17.9452245168483,40.89038,252.92262111374848,22,311,95.21884399514391,198.722586235007,239,5.0,639,2022-05-01 05:30:00,2022-05-01 05:30:00,31.042811560052986,-96.00777510887218,,2022-05-01,314,0 days 01:00:00,14,3,False,False,,,,Free
2022-05-01 05:30:00,14.73318719933753,33.629818,170.48387002138995,22,313,101.97962449799354,403.3434418033197,164,5.0,641,2022-05-01 05:30:00,2022-05-01 05:30:00,30.97520375502448,-93.96156661166168,,2022-05-01,458,0 days 00:15:00,24,3,False,False,,,,Free
2022-05-01 05:30:00,10.581258463469783,30.650602,87.93555865721996,22,317,107.07815873697028,235.12653825167325,83,5.0,643,2022-05-01 05:30:00,2022-05-01 05:30:00,30.9242184126347,-95.64373559910833,,2022-05-01,459,0 days 00:15:00,25,3,False,False,,,,Free
2022-05-01 05:30:00,13.547136015772413,27.6,144.1401148658257,22,319,109.41306613088508,215.07515623186688,136,5.0,645,2022-05-01 05:30:00,2022-05-01 05:30:00,30.900869338695543,-95.8442494135765,,2022-05-01,460,0 days 00:15:00,26,3,False,False,,,,Free
2022-05-01 05:30:00,4.023593465237388,9.599999,12.715049921629976,22,321,107.91666666666669,326.5833333333333,12,5.0,647,2022-05-01 05:30:00,2022-05-01 05:30:00,30.915833333337734,-94.72916767442648,,2022-05-01,413,0 days 00:30:00,20,4,False,False,,,,Free
2022-05-01 05:30:00,4.647914658919241,9.6,16.967043449070594,22,328,115.625,393.875,16,5.0,652,2022-05-01 05:30:00,2022-05-01 05:30:00,30.83875000000439,-94.05625102698916,,2022-05-01,324,0 days 01:00:00,15,4,False,False,,,,Free
2022-05-01 05:30:00,6.890926277078802,49.097145,37.29452572572438,22,337,161.85888298672802,444.6169495919335,35,5.0,658,2022-05-01 05:30:00,2022-05-01 05:30:00,30.37641117013704,-93.5488315455699,,2022-05-01,468,0 days 00:15:00,27,3,False,False,,,,Free
2022-05-01 05:30:00,8.644625592879464,57.25091,58.69245261040849,22,340,176.9023592373633,437.71445474682815,55,5.0,661,2022-05-01 05:30:00,2022-05-01 05:30:00,30.22597640763066,-93.61785649204852,,2022-05-01,274,0 days 01:30:00,12,10,False,False,,,,Free
2022-05-01 05:30:00,4.678403712479483,22.800003,17.190371904050828,22,376,244.4676966281788,401.6671348309904,16,5.0,693,2022-05-01 05:30:00,2022-05-01 05:30:00,29.5503230337224,-93.97832968090596,,2022-05-01,446,0 days 00:30:00,23,3,False,False,,,,Free
2022-05-01 05:45:00,4.48396288030656,30.720003,15.791155085549269,23,283,46.616899942862105,475.2643857032172,15,5.0,707,2022-05-01 05:45:00,2022-05-01 05:45:00,31.52883100057588,-93.2423571932149,,2022-05-01,500,0 days 00:15:00,30,4,False,False,,,,Free
2022-05-01 05:45:00,13.933532695316789,59.800003,152.4798174658047,23,308,100.38283152428556,410.7308901059016,144,5.0,726,2022-05-01 05:45:00,2022-05-01 05:45:00,30.99117168476156,-93.88769213074691,,2022-05-01,458,0 days 00:30:00,24,3,False,False,,,,Free
2022-05-01 05:45:00,7.962494920545759,14.910637,49.795284494485806,23,310,106.9300128803352,332.06268786722626,47,5.0,728,2022-05-01 05:45:00,2022-05-01 05:45:00,30.92569987120105,-94.67437413065336,,2022-05-01,413,0 days 00:45:00,20,4,False,False,,,,Free
2022-05-01 05:45:00,10.834424255862924,13.351723,92.1937662409372,23,311,108.83677401793372,220.32755298145463,87,5.0,729,2022-05-01 05:45:00,2022-05-01 05:45:00,30.906632259825063,-95.79172544758154,,2022-05-01,460,0 days 00:30:00,26,3,False,False,,,,Free
2022-05-01 05:45:00,1.6425464575669728,9.6,2.118971937701631,23,314,107.33333333333331,238.0,3,5.0,731,2022-05-01 05:45:00,2022-05-01 05:45:00,30.92166666667107,-95.6150009824462,,2022-05-01,459,0 days 00:30:00,25,3,False,False,,,,Free
2022-05-01 05:45:00,7.9001375471329665,59.47826,49.018406254890536,23,330,162.49696727722147,448.1249002294352,46,5.0,746,2022-05-01 05:45:00,2022-05-01 05:45:00,30.3700303272321,-93.51375204019736,,2022-05-01,468,0 days 00:30:00,27,3,False,False,,,,Free
2022-05-01 05:45:00,9.890394452852975,104.26667,76.82757171461537,23,332,176.0242332494916,439.9923326621079,72,5.0,748,2022-05-01 05:45:00,2022-05-01 05:45:00,30.234757667509378,-93.59507771354664,,2022-05-01,274,0 days 01:45:00,12,10,False,False,,,,Free
2022-05-01 05:45:00,3.6981314809847454,25.920002,10.74124386664028,23,356,242.0682881097988,353.4181478095034,11,5.0,769,2022-05-01 05:45:00,2022-05-01 05:45:00,29.574317118906205,-94.46081953733318,,2022-05-01,589,0 days 00:00:00,31,5,False,False,,,,Free
2022-05-01 05:45:00,4.824204905504089,15.24706,18.27853451970073,23,361,252.165327208708,370.1366245694478,17,5.0,774,2022-05-01 05:45:00,2022-05-01 05:45:00,29.473346727917097,-94.2936347745112,,2022-05-01,593,0 days 00:00:00,32,4,False,False,,,,Free
2022-05-01 06:00:00,25.671800703369456,198.51079,517.6098669560274,24,215,59.02356339971439,443.4027391849141,494,5.0,789,2022-05-01 06:00:00,2022-05-01 06:00:00,31.40476436600733,-93.56097364929316,,2022-05-01,603,0 days 00:00:00,33,3,False,False,,,,Free
2022-05-01 06:00:00,12.876034897757604,92.85246,130.2129480456538,24,241,177.0477327959441,442.5621757697605,122,5.0,812,2022-05-01 06:00:00,2022-05-01 06:00:00,30.22452267204485,-93.56937928320446,,2022-05-01,274,0 days 02:00:00,12,10,False,False,,,,Free
2022-05-01 06:00:00,5.728952715319292,40.800003,25.77747396401446,24,261,241.23905960148485,354.0910149169512,24,5.0,829,2022-05-01 06:00:00,2022-05-01 06:00:00,29.582609403989345,-94.45409086645094,,2022-05-01,589,0 days 00:15:00,31,5,False,False,,,,Free
2022-05-01 06:00:00,7.582513146878762,55.77144,45.15607912142588,24,268,251.16722942410053,370.7190020446546,42,5.0,835,2022-05-01 06:00:00,2022-05-01 06:00:00,29.48332770576317,-94.28781099992555,,2022-05-01,593,0 days 00:15:00,32,4,False,False,,,,Free
2022-05-01 06:15:00,7.937621108501842,163.40425,49.48466227165399,25,199,47.49743451451207,480.6976225626908,47,5.0,850,2022-05-01 06:15:00,2022-05-01 06:15:00,31.52002565485937,-93.1880248261728,,2022-05-01,500,0 days 00:45:00,30,4,False,False,,,,Free
2022-05-01 06:15:00,25.195849183620805,221.71333,498.5949570202924,25,200,58.44578870426071,447.33923521595017,474,5.0,851,2022-05-01 06:15:00,2022-05-01 06:15:00,31.41054211296187,-93.52160869010766,,2022-05-01,603,0 days 00:15:00,33,3,False,False,,,,Free
2022-05-01 06:15:00,2.591432870240012,13.44,5.274360467933185,25,201,65.55450237073929,408.6635071122178,5,5.0,852,2022-05-01 06:15:00,2022-05-01 06:15:00,31.33945497629708,-93.90836596009296,,2022-05-01,640,0 days 00:00:00,34,3,False,False,,,,Free
2022-05-01 06:15:00,3.672307618991656,23.040003,10.591756519241049,25,211,103.8913525532884,491.1807095378845,10,5.0,862,2022-05-01 06:15:00,2022-05-01 06:15:00,30.956086474471523,-93.08319395941652,,2022-05-01,650,0 days 00:00:00,35,3,False,False,,,,Free
2022-05-01 06:15:00,12.554901710210949,98.15172,123.79882293543142,25,217,177.49835269372036,445.3848375027559,116,5.0,867,2022-05-01 06:15:00,2022-05-01 06:15:00,30.220016473067087,-93.54115266668111,,2022-05-01,274,0 days 02:15:00,12,10,False,False,,,,Free
2022-05-01 06:15:00,5.484812721959803,44.072727,23.627266934463208,25,236,240.20497905411264,353.86365753355994,22,5.0,882,2022-05-01 06:15:00,2022-05-01 06:15:00,29.59295020946307,-94.45636444021989,,2022-05-01,589,0 days 00:30:00,31,5,False,False,,,,Free
2022-05-01 06:15:00,7.116031171172649,30.875673,39.77091336700008,25,244,248.9640332468622,371.2049896234785,38,5.0,890,2022-05-01 06:15:00,2022-05-01 06:15:00,29.50535966753556,-94.28295112427617,,2022-05-01,593,0 days 00:30:00,32,4,False,False,,,,Free
2022-05-01 06:30:00,6.126216586514008,80.57143,29.476409070129684,26,226,46.63601134032326,483.77362950467113,28,5.0,907,2022-05-01 06:30:00,2022-05-01 06:30:00,31.528639886601265,-93.157264757632,,2022-05-01,500,0 days 01:00:00,30,4,False,False,,,,Free
2022-05-01 06:30:00,28.893632714615045,193.4971,655.6833825175623,26,228,58.072981063872575,450.339054555484,650,5.0,908,2022-05-01 06:30:00,2022-05-01 06:30:00,31.41427018936575,-93.49161049756958,,2022-05-01,603,0 days 00:30:00,33,3,False,False,,,,Free
2022-05-01 06:30:00,6.452719725960359,34.99355,32.702088176548635,26,229,65.67541407730971,410.5631318504927,31,5.0,909,2022-05-01 06:30:00,2022-05-01 06:30:00,31.33824585923137,-93.88936971325307,,2022-05-01,640,0 days 00:15:00,34,3,False,False,,,,Free
2022-05-01 06:30:00,7.960881846917227,84.97021,49.775111087802834,26,244,103.15958068038734,495.3984462028316,47,5.0,918,2022-05-01 06:30:00,2022-05-01 06:30:00,30.96340419320053,-93.0410165939723,,2022-05-01,650,0 days 00:15:00,35,3,False,False,,,,Free
2022-05-01 06:30:00,5.096602290080496,57.599995,20.400996034612405,26,274,238.40764458348696,353.93155893558617,19,5.0,944,2022-05-01 06:30:00,2022-05-01 06:30:00,29.61092355416933,-94.45568542621902,,2022-05-01,589,0 days 00:45:00,31,5,False,False,,,,Free
2022-05-01 06:30:00,4.377138397923591,25.371431,15.047710883471108,26,280,248.34852735070592,370.3015427754509,14,5.0,949,2022-05-01 06:30:00,2022-05-01 06:30:00,29.51151472649712,-94.29198559249828,,2022-05-01,593,0 days 00:45:00,32,4,False,False,,,,Free
2022-05-01 06:45:00,5.051810603429178,16.673687,20.04398188734224,27,194,66.2335437335969,414.174932366737,19,5.0,970,2022-05-01 06:45:00,2022-05-01 06:45:00,31.33266456266849,-93.85325170912272,,2022-05-01,640,0 days 00:30:00,34,3,False,False,,,,Free
2022-05-01 06:45:00,1.1602982818564065,9.6,1.057375344997599,27,205,87.5,452.5,2,5.0,978,2022-05-01 06:45:00,2022-05-01 06:45:00,31.12000000000443,-93.47000104374196,,2022-05-01,716,0 days 00:00:00,38,3,False,False,,,,Free
2022-05-01 06:45:00,5.1927065608516365,31.680002,21.177634278332327,27,209,101.52661170223706,498.10307344348007,20,5.0,982,2022-05-01 06:45:00,2022-05-01 06:45:00,30.97973388298204,-93.01397032233872,,2022-05-01,650,0 days 00:30:00,35,3,False,False,,,,Free
2022-05-01 06:45:00,3.093452210840964,15.085713,7.515825769256419,27,236,237.1898017100488,353.72804533113634,7,5.0,1005,2022-05-01 06:45:00,2022-05-01 06:45:00,29.623101982903712,-94.4577205622054,,2022-05-01,589,0 days 01:00:00,31,5,False,False,,,,Free
2022-05-01 07:00:00,9.135762783644015,38.090324,65.55102846446337,28,266,87.59274388316999,457.35628829250254,63,5.0,1037,2022-05-01 07:00:00,2022-05-01 07:00:00,31.11907256117273,-93.42143816220464,,2022-05-01,716,0 days 00:15:00,38,3,False,False,,,,Free
2022-05-01 07:00:00,9.221611715748445,28.190477,66.78878533710409,28,278,112.68542094781668,343.9505817962691,63,5.0,1046,2022-05-01 07:00:00,2022-05-01 07:00:00,30.868145790526228,-94.55549519476006,,2022-05-01,762,0 days 00:00:00,41,4,False,False,,,,Free
2022-05-01 07:00:00,1.167540938078328,9.6,1.070616953208409,28,295,208.5,404.5,2,5.0,1061,2022-05-01 07:00:00,2022-05-01 07:00:00,29.91000000000425,-93.95000103002542,,2022-05-01,771,0 days 00:00:00,42,3,False,False,,,,Free
2022-05-01 07:00:00,4.672868401863672,18.6,17.14971797053149,28,300,220.49908088327945,413.5625000027392,16,5.0,1065,2022-05-01 07:00:00,2022-05-01 07:00:00,29.790009191171432,-93.8593760325877,,2022-05-01,775,0 days 00:00:00,43,8,False,False,,,,Free
2022-05-01 07:15:00,7.338370464896696,39.840004,42.29501141615064,29,257,87.47646386771206,460.5773536320135,40,5.0,1108,2022-05-01 07:15:00,2022-05-01 07:15:00,31.12023536132732,-93.38922750972996,,2022-05-01,716,0 days 00:30:00,38,3,False,False,,,,Free
2022-05-01 07:15:00,8.616636417183457,15.883635,58.31300437764493,29,276,114.40494485999126,345.15703307763255,55,5.0,1123,2022-05-01 07:15:00,2022-05-01 07:15:00,30.85095055140448,-94.54343068229116,,2022-05-01,762,0 days 00:15:00,41,4,False,False,,,,Free
2022-05-01 07:15:00,4.669768026315431,20.400002,17.126968377449955,29,287,207.2102272740468,406.03409091348914,16,5.0,1133,2022-05-01 07:15:00,2022-05-01 07:15:00,29.922897727263777,-93.93466012132887,,2022-05-01,771,0 days 00:15:00,42,3,False,False,,,,Free
2022-05-01 07:15:00,7.748664130953534,36.872726,47.15671615965615,29,290,219.68824870835243,415.03180263963634,44,5.0,1135,2022-05-01 07:15:00,2022-05-01 07:15:00,29.7981175129207,-93.8446830066386,,2022-05-01,775,0 days 00:15:00,43,8,False,False,,,,Free
2022-05-01 07:30:00,24.41629335478129,119.37298,468.21934148356894,30,256,62.46219497090933,438.4606116970141,444,5.0,1166,2022-05-01 07:30:00,2022-05-01 07:30:00,31.37037805029538,-93.61039492275984,,2022-05-01,846,0 days 00:00:00,45,4,False,False,,,,Free
2022-05-01 07:30:00,3.2825532604614094,10.8,8.462787660280448,30,270,92.1982758638408,148.3965517276816,8,5.0,1179,2022-05-01 07:30:00,2022-05-01 07:30:00,31.073017241366017,-96.51103543956418,,2022-05-01,857,0 days 00:00:00,46,3,False,False,,,,Free
2022-05-01 07:30:00,7.067332042304064,16.605404,39.22842516375572,30,283,113.83744759899734,347.7284583107093,37,5.0,1192,2022-05-01 07:30:00,2022-05-01 07:30:00,30.85662552401442,-94.5177164306952,,2022-05-01,762,0 days 00:30:00,41,4,False,False,,,,Free
2022-05-01 07:30:00,8.423928881956344,45.046158,55.73387828055456,30,299,220.01805609216143,415.1907414865939,52,5.0,1205,2022-05-01 07:30:00,2022-05-01 07:30:00,29.79481943908261,-93.84309361821444,,2022-05-01,775,0 days 00:30:00,43,8,False,False,,,,Free
2022-05-01 07:45:00,21.864659066399888,111.64045,375.4700504447035,31,250,63.48214097070615,440.93919499127605,356,5.0,1242,2022-05-01 07:45:00,2022-05-01 07:45:00,31.36017859029741,-93.58560909052552,,2022-05-01,846,0 days 00:15:00,45,4,False,False,,,,Free
2022-05-01 07:45:00,2.0099424762588907,9.6,3.17290550279761,31,267,90.33333333333331,147.33333333333334,3,5.0,1258,2022-05-01 07:45:00,2022-05-01 07:45:00,31.09166666667109,-96.52166762320388,,2022-05-01,857,0 days 00:15:00,46,3,False,False,,,,Free
2022-05-01 07:45:00,3.6737664037051534,11.52,10.600173113379087,31,284,111.928366767267,348.72492837537493,11,5.0,1272,2022-05-01 07:45:00,2022-05-01 07:45:00,30.875716332331724,-94.50775173033333,,2022-05-01,762,0 days 00:45:00,41,4,False,False,,,,Free
2022-05-01 07:45:00,7.291206263127964,17.47692,41.75309272422435,31,292,208.6387176346307,407.9399918010668,39,5.0,1278,2022-05-01 07:45:00,2022-05-01 07:45:00,29.908612823657936,-93.91560111299776,,2022-05-01,771,0 days 00:45:00,42,3,False,False,,,,Free
2022-05-01 07:45:00,9.198507035269795,39.483868,66.45452698023728,31,294,220.6326473364478,416.0019644717861,62,5.0,1280,2022-05-01 07:45:00,2022-05-01 07:45:00,29.788673526639748,-93.83498138859431,,2022-05-01,775,0 days 00:45:00,43,8,False,False,,,,Free
2022-05-01 07:45:00,3.098443509760599,24.685715,7.540098972636353,31,308,270.51814223421934,281.27576197397565,7,5.0,1294,2022-05-01 07:45:00,2022-05-01 07:45:00,29.28981857766196,-95.18224337507296,,2022-05-01,931,0 days 00:00:00,49,8,False,False,,,,Free
2022-05-01 07:45:00,3.123035133319438,9.599999,7.660261954851775,31,330,437.57142857142856,365.7142857142857,7,5.0,1314,2022-05-01 07:45:00,2022-05-01 07:45:00,27.6192857142896,-94.33785816179908,,2022-05-01,940,0 days 00:00:00,50,3,False,False,,,,Free
2022-05-01 08:00:00,14.238987117179423,99.49669,159.23849911948335,32,298,63.14032271769221,442.174633458352,194,5.0,1316,2022-05-01 08:00:00,2022-05-01 08:00:00,31.36359677282755,-93.57325470620782,,2022-05-01,846,0 days 00:30:00,45,4,False,False,,,,Free
2022-05-01 08:00:00,2.320657671221172,12.0,4.229724131069037,32,317,88.32857143343712,144.3285714334371,4,5.0,1331,2022-05-01 08:00:00,2022-05-01 08:00:00,31.11171428567006,-96.5517152413442,,2022-05-01,857,0 days 00:30:00,46,3,False,False,,,,Free
2022-05-01 08:00:00,9.490668309811122,30.836365,70.74299988505972,32,356,220.6116584464494,415.49061702435546,66,5.0,1365,2022-05-01 08:00:00,2022-05-01 08:00:00,29.78888341553973,-93.84009486292253,,2022-05-01,775,0 days 01:00:00,43,8,False,False,,,,Free
2022-05-01 08:00:00,6.29514670837225,24.16552,31.12444334908942,32,358,233.9863260095942,424.2954300131205,29,5.0,1367,2022-05-01 08:00:00,2022-05-01 08:00:00,29.65513673990826,-93.75204673555096,,2022-05-01,977,0 days 00:00:00,51,3,False,False,,,,Free
2022-05-01 08:00:00,2.868330374542867,14.400001,6.4617213402969895,32,369,268.58510638117986,281.0,6,5.0,1375,2022-05-01 08:00:00,2022-05-01 08:00:00,29.30914893619235,-95.18500099473393,,2022-05-01,931,0 days 00:15:00,49,8,False,False,,,,Free
2022-05-01 08:00:00,8.593049730365262,23.547167,57.9941959656064,32,395,436.8720244060207,365.9112919646198,53,5.0,1399,2022-05-01 08:00:00,2022-05-01 08:00:00,27.62627975594368,-94.33588809935202,,2022-05-01,940,0 days 00:15:00,50,3,False,False,,,,Free
2022-05-01 08:15:00,10.0354590321093,48.128002,79.09779302848483,33,269,63.110430975895575,444.55029989006175,75,5.0,1400,2022-05-01 08:15:00,2022-05-01 08:15:00,31.36389569024552,-93.5494980425696,,2022-05-01,846,0 days 00:45:00,45,4,False,False,,,,Free
2022-05-01 08:15:00,8.260359692410226,21.504,53.59049876367792,33,316,220.2079495837391,416.2135240202039,50,5.0,1443,2022-05-01 08:15:00,2022-05-01 08:15:00,29.79292050416684,-93.83286579317064,,2022-05-01,775,0 days 01:15:00,43,8,False,False,,,,Free
2022-05-01 08:15:00,6.40256599640574,21.12,32.195710153549825,33,319,233.32712985576683,425.1166253112013,30,5.0,1446,2022-05-01 08:15:00,2022-05-01 08:15:00,29.66172870144654,-93.7438347828048,,2022-05-01,977,0 days 00:15:00,51,3,False,False,,,,Free
2022-05-01 08:15:00,2.024531612517189,9.6,3.2191336398792094,33,320,231.66666666666663,220.3333333333333,3,5.0,1447,2022-05-01 08:15:00,2022-05-01 08:15:00,29.67833333333754,-95.79166764406445,,2022-05-01,1027,0 days 00:00:00,53,7,False,False,,,,Free
2022-05-01 08:15:00,5.4834771375942255,19.2,23.615761576721127,33,322,235.43982073878752,213.197823303805,22,5.0,1449,2022-05-01 08:15:00,2022-05-01 08:15:00,29.640601792616327,-95.86302274232064,,2022-05-01,1028,0 days 00:00:00,54,3,False,False,,,,Free
2022-05-01 08:15:00,3.0939999712957187,13.714286,7.5184876734009105,33,324,241.4655737663911,328.6852459088156,7,5.0,1451,2022-05-01 08:15:00,2022-05-01 08:15:00,29.580344262340283,-94.70814854927232,,2022-05-01,1030,0 days 00:00:00,55,4,False,False,,,,Free
2022-05-01 08:15:00,7.505476441573311,28.565855,44.243188053611085,33,334,287.89329056908304,273.2633561355672,55,5.0,1458,2022-05-01 08:15:00,2022-05-01 08:15:00,29.11606709431329,-95.26236743116743,,2022-05-01,1035,0 days 00:00:00,56,10,False,False,,,,Free
2022-05-01 08:15:00,8.429186198136971,25.788235,55.80346625005404,33,355,436.7225051675889,365.79551029780976,51,5.0,1477,2022-05-01 08:15:00,2022-05-01 08:15:00,27.627774948328,-94.33704591598706,,2022-05-01,940,0 days 00:30:00,50,3,False,False,,,,Free
2022-05-01 08:30:00,8.385039632499357,20.861538,55.22047279265848,34,303,128.77691562626714,162.96071775163713,52,5.0,1507,2022-05-01 08:30:00,2022-05-01 08:30:00,30.70723084374169,-96.36539378348652,,2022-05-01,1070,0 days 00:00:00,59,3,False,False,,,,Free
2022-05-01 08:30:00,5.602366255900589,19.2,24.650905475750093,34,311,219.91426821676987,415.671157374533,23,5.0,1512,2022-05-01 08:30:00,2022-05-01 08:30:00,29.79585731783653,-93.83828945947232,,2022-05-01,775,0 days 01:30:00,43,8,False,False,,,,Free
2022-05-01 08:30:00,4.372736708928288,13.028571,15.017461878774888,34,314,228.3790035546426,218.1708185011109,14,5.0,1515,2022-05-01 08:30:00,2022-05-01 08:30:00,29.711209964457787,-95.81329279176867,,2022-05-01,1027,0 days 00:15:00,53,7,False,False,,,,Free
2022-05-01 08:30:00,5.726607737302018,26.4,25.756375783748208,34,315,232.8602025016681,211.4334112173524,24,5.0,1516,2022-05-01 08:30:00,2022-05-01 08:30:00,29.666397974987525,-95.88066686268098,,2022-05-01,1028,0 days 00:15:00,54,3,False,False,,,,Free
2022-05-01 08:30:00,4.959398132613619,12.266667,19.317362502189173,34,316,232.8532110131877,425.1529051885202,18,5.0,1517,2022-05-01 08:30:00,2022-05-01 08:30:00,29.66646788987233,-93.743471984042,,2022-05-01,977,0 days 00:30:00,51,3,False,False,,,,Free
2022-05-01 08:30:00,6.076186238283286,29.866665,28.99693098205072,34,318,240.33392909141625,326.86148346026806,27,5.0,1519,2022-05-01 08:30:00,2022-05-01 08:30:00,29.591660709090032,-94.72638617323668,,2022-05-01,1030,0 days 00:15:00,55,4,False,False,,,,Free
2022-05-01 08:30:00,2.6179661463822987,9.6,5.382920104817653,34,322,265.3333333333333,277.0,6,5.0,1523,2022-05-01 08:30:00,2022-05-01 08:30:00,29.34166666667082,-95.22500099359088,,2022-05-01,931,0 days 00:45:00,49,8,False,False,,,,Free
2022-05-01 08:30:00,10.54784918550965,52.029633,87.38113962946254,34,325,286.6558513017705,272.4465270196295,81,5.0,1526,2022-05-01 08:30:00,2022-05-01 08:30:00,29.12844148698641,-95.27053572209336,,2022-05-01,1035,0 days 00:15:00,56,10,False,False,,,,Free
2022-05-01 08:45:00,9.990562768833366,26.983784,78.39164660783486,35,367,107.34484874795504,197.45033196113548,74,5.0,1565,2022-05-01 08:45:00,2022-05-01 08:45:00,30.92155151252485,-96.0204976512473,,2022-05-01,1105,0 days 00:00:00,63,3,False,False,,,,Free
2022-05-01 08:45:00,4.498753171957039,9.6,15.895500721667611,35,369,107.75,212.7,20,5.0,1567,2022-05-01 08:45:00,2022-05-01 08:45:00,30.9175000000044,-95.86800097521645,,2022-05-01,1106,0 days 00:00:00,64,3,False,False,,,,Free
2022-05-01 08:45:00,8.70020828364169,19.199999,59.44963341088495,35,381,126.13078470664723,162.06841045894956,56,5.0,1577,2022-05-01 08:45:00,2022-05-01 08:45:00,30.733692152937905,-96.37431685615844,,2022-05-01,1070,0 days 00:15:00,59,3,False,False,,,,Free
2022-05-01 08:45:00,8.008574154061876,17.565956,50.3732861945068,35,411,219.6379952610818,416.64375212077874,47,5.0,1602,2022-05-01 08:45:00,2022-05-01 08:45:00,29.79862004739341,-93.8285635122878,,2022-05-01,775,0 days 01:45:00,43,8,False,False,,,,Free
2022-05-01 08:45:00,7.298956132070441,12.800001,41.84189914472849,35,416,230.61472713818344,209.5634451078016,39,5.0,1607,2022-05-01 08:45:00,2022-05-01 08:45:00,29.688852728622376,-95.89936652324212,,2022-05-01,1028,0 days 00:30:00,54,3,False,False,,,,Free
2022-05-01 08:45:00,5.724589017789074,13.600001,25.73821992734896,35,417,225.8866279067081,216.5765503790901,24,5.0,1608,2022-05-01 08:45:00,2022-05-01 08:45:00,29.736133720937136,-95.8292354725333,,2022-05-01,1027,0 days 00:30:00,53,7,False,False,,,,Free
2022-05-01 08:45:00,1.6530916361280643,9.6,2.1462669524649205,35,418,232.5,126.0,2,5.0,1609,2022-05-01 08:45:00,2022-05-01 08:45:00,29.670000000004208,-96.73500095044096,,2022-05-01,1140,0 days 00:00:00,66,3,False,False,,,,Free
2022-05-01 08:45:00,7.302248283841741,40.123074,41.87965274826659,35,421,239.1115491307597,326.33727551620456,39,5.0,1612,2022-05-01 08:45:00,2022-05-01 08:45:00,29.6038845086966,-94.73162825252751,,2022-05-01,1030,0 days 00:30:00,55,4,False,False,,,,Free
2022-05-01 08:45:00,3.701290347781078,14.400002,10.75960159674974,35,426,259.55957445837134,288.8978723425841,10,5.0,1617,2022-05-01 08:45:00,2022-05-01 08:45:00,29.39940425542045,-95.10602227356496,,2022-05-01,1146,0 days 00:00:00,67,3,False,False,,,,Free
2022-05-01 08:45:00,4.966699697927362,53.333332,19.37428506002206,35,428,262.96781609711485,275.48896552474224,18,5.0,1619,2022-05-01 08:45:00,2022-05-01 08:45:00,29.36532183903301,-95.24011133791164,,2022-05-01,931,0 days 01:00:00,49,8,False,False,,,,Free
2022-05-01 08:45:00,11.776792871156283,104.55444,108.92910992563148,35,431,283.0052487300608,271.63664559093144,102,5.0,1622,2022-05-01 08:45:00,2022-05-01 08:45:00,29.16494751270352,-95.2786345361489,,2022-05-01,1035,0 days 00:30:00,56,10,False,False,,,,Free
2022-05-01 09:00:00,8.2115721059713,22.464005,52.95933253910327,36,398,104.33675096165088,198.5224424739725,51,5.0,1663,2022-05-01 09:00:00,2022-05-01 09:00:00,30.951632490387897,-96.00977654642531,,2022-05-01,1105,0 days 00:15:00,63,3,False,False,,,,Free
2022-05-01 09:00:00,5.689724619012232,14.8,25.42566822877587,36,405,106.19897959287113,212.564625845651,24,5.0,1669,2022-05-01 09:00:00,2022-05-01 09:00:00,30.933010204075693,-95.86935471672126,,2022-05-01,1106,0 days 00:15:00,64,3,False,False,,,,Free
2022-05-01 09:00:00,5.574981302578838,13.3565235,24.410502055658696,36,426,123.85848074431448,160.40062436388638,23,5.0,1682,2022-05-01 09:00:00,2022-05-01 09:00:00,30.75641519256123,-96.39099471663246,,2022-05-01,1070,0 days 00:30:00,59,3,False,False,,,,Free
2022-05-01 09:00:00,6.711347538517579,18.32727,35.376049989191046,36,452,222.49249658066145,206.10095498616272,33,5.0,1704,2022-05-01 09:00:00,2022-05-01 09:00:00,29.770075034197607,-95.93399142346908,,2022-05-01,1200,0 days 00:00:00,69,8,False,False,,,,Free
2022-05-01 09:00:00,3.875149977473537,13.090911,11.79415720318103,36,454,223.62921348555403,214.57752809133245,11,5.0,1706,2022-05-01 09:00:00,2022-05-01 09:00:00,29.75870786514868,-95.84922569483962,,2022-05-01,1027,0 days 00:45:00,53,7,False,False,,,,Free
2022-05-01 09:00:00,4.526359452893283,13.4400015,16.091182512759556,36,456,229.0031595544488,124.48499209753572,15,5.0,1707,2022-05-01 09:00:00,2022-05-01 09:00:00,29.704968404459724,-96.75015102903268,,2022-05-01,1140,0 days 00:15:00,66,3,False,False,,,,Free
2022-05-01 09:00:00,4.374647033212292,10.971429,15.030586148793992,36,461,237.0,325.1052631638987,14,5.0,1712,2022-05-01 09:00:00,2022-05-01 09:00:00,29.6250000000042,-94.7439483756985,,2022-05-01,1030,0 days 00:45:00,55,4,False,False,,,,Free
2022-05-01 09:00:00,4.96553331546032,58.133335,19.365186393166088,36,466,257.7590965777349,289.1689669805144,18,5.0,1716,2022-05-01 09:00:00,2022-05-01 09:00:00,29.41740903422681,-95.10331132726316,,2022-05-01,1146,0 days 00:15:00,67,3,False,False,,,,Free
2022-05-01 09:00:00,5.852812064164258,81.792,26.90413536091663,36,467,260.98239400372194,274.90457338359,25,5.0,1717,2022-05-01 09:00:00,2022-05-01 09:00:00,29.38517605996694,-95.24595525915618,,2022-05-01,931,0 days 01:15:00,49,8,False,False,,,,Free
2022-05-01 09:00:00,14.774595943791397,98.65661,171.44353252686778,36,468,280.27732276445204,271.3938372753042,160,5.0,1718,2022-05-01 09:00:00,2022-05-01 09:00:00,29.19222677235961,-95.2810626192358,,2022-05-01,1035,0 days 00:45:00,56,10,False,False,,,,Free
2022-05-01 09:00:00,4.267295530493713,9.599999,14.301952228760936,36,491,496.46153846153845,233.53846153846155,13,5.0,1737,2022-05-01 09:00:00,2022-05-01 09:00:00,27.03038461538841,-95.65961636578665,,2022-05-01,1215,0 days 00:00:00,70,4,False,False,,,,Free
2022-05-01 09:15:00,4.344225911298193,13.714288,14.822268791785056,37,505,100.50655737038552,200.6885245940084,14,5.0,1774,2022-05-01 09:15:00,2022-05-01 09:15:00,30.98993442630056,-95.98811572584395,,2022-05-01,1105,0 days 00:30:00,63,3,False,False,,,,Free
2022-05-01 09:15:00,2.0115951506922536,9.6,3.178125488656792,37,518,106.0,214.0,3,5.0,1785,2022-05-01 09:15:00,2022-05-01 09:15:00,30.935000000004404,-95.85500097558791,,2022-05-01,1106,0 days 00:30:00,64,3,False,False,,,,Free
2022-05-01 09:15:00,,,,37,527,131.4643874667097,55.20227919995696,9,5.0,1793,2022-05-01 09:15:00,2022-05-01 09:15:00,30.680356125337266,-97.44297813821017,,2022-05-01,1254,0 days 00:00:00,71,6,False,False,,,,Free
2022-05-01 09:15:00,1.6501140323001398,9.6,2.138542060567395,37,552,196.5,178.0,2,5.0,1814,2022-05-01 09:15:00,2022-05-01 09:15:00,30.030000000004264,-96.21500096530052,,2022-05-01,1266,0 days 00:00:00,72,6,False,False,,,,Free
2022-05-01 09:15:00,5.220405217343069,21.12,21.404166047113595,37,559,205.593052091198,186.1724565946124,20,5.0,1821,2022-05-01 09:15:00,2022-05-01 09:15:00,29.939069479092268,-96.13327640168978,,2022-05-01,1273,0 days 00:00:00,73,6,False,False,,,,Free
2022-05-01 09:15:00,8.424179596877899,37.47692,55.737195859099046,37,566,221.08443863910333,203.6736144124881,52,5.0,1827,2022-05-01 09:15:00,2022-05-01 09:15:00,29.78415561361319,-95.95826482851214,,2022-05-01,1200,0 days 00:15:00,69,8,False,False,,,,Free
2022-05-01 09:15:00,3.874446501045083,13.090909,11.789875480644834,37,567,220.26741572600275,213.62921348555403,11,5.0,1828,2022-05-01 09:15:00,2022-05-01 09:15:00,29.7923258427442,-95.85870884062643,,2022-05-01,1027,0 days 01:00:00,53,7,False,False,,,,Free
2022-05-01 09:15:00,1.652392017388275,9.6,2.144450657709052,37,568,224.0,122.5,4,5.0,1829,2022-05-01 09:15:00,2022-05-01 09:15:00,29.75500000000422,-96.77000094944084,,2022-05-01,1140,0 days 00:30:00,66,3,False,False,,,,Free
2022-05-01 09:15:00,1.652844952244252,9.6,2.1456264435515515,37,571,229.5,66.0,2,5.0,1832,2022-05-01 09:15:00,2022-05-01 09:15:00,29.70000000000421,-97.3350009332953,,2022-05-01,1281,0 days 00:00:00,74,3,False,False,,,,Free
2022-05-01 09:15:00,1.654811051670134,9.6,2.150734029627716,37,583,253.5,289.0,2,5.0,1842,2022-05-01 09:15:00,2022-05-01 09:15:00,29.46000000000417,-95.10500099702,,2022-05-01,1146,0 days 00:30:00,67,3,False,False,,,,Free
2022-05-01 09:15:00,5.968257461143036,84.55384,27.97595886004201,37,588,259.7089537666148,273.8224714698861,26,5.0,1843,2022-05-01 09:15:00,2022-05-01 09:15:00,29.39791046233801,-95.256776277984,,2022-05-01,931,0 days 01:30:00,49,8,False,False,,,,Free
2022-05-01 09:15:00,13.561552051282666,163.91643,144.4470483187074,37,591,277.6146962891596,271.3841500127099,140,5.0,1845,2022-05-01 09:15:00,2022-05-01 09:15:00,29.21885303711253,-95.281159491859,,2022-05-01,1035,0 days 01:00:00,56,10,False,False,,,,Free
2022-05-01 09:15:00,6.743204819847853,42.18182,35.71269163798817,37,606,318.5403422932488,140.51964140813865,33,5.0,1857,2022-05-01 09:15:00,2022-05-01 09:15:00,28.809596577071584,-96.58980454050874,,2022-05-01,1293,0 days 00:00:00,75,4,False,False,,,,Free
2022-05-01 09:15:00,6.034546799962064,18.092308,28.600867159295586,37,611,495.46122208874334,231.8813161063452,26,5.0,1862,2022-05-01 09:15:00,2022-05-01 09:15:00,27.04038777911636,-95.67618781963426,,2022-05-01,1215,0 days 00:15:00,70,4,False,False,,,,Free
2022-05-01 09:30:00,8.05642130791447,17.800001,50.97699373146544,38,451,128.96262651783644,53.27770569158693,59,5.0,1903,2022-05-01 09:30:00,2022-05-01 09:30:00,30.705373734826004,-97.46222387274388,,2022-05-01,1254,0 days 00:15:00,71,6,False,False,,,,Free
2022-05-01 09:30:00,4.365759869722395,11.657145,14.969578441771542,38,488,196.0407725416309,174.40343347288152,14,5.0,1931,2022-05-01 09:30:00,2022-05-01 09:30:00,30.03459227458796,-96.25096662954394,,2022-05-01,1266,0 days 00:15:00,72,6,False,False,,,,Free
2022-05-01 09:30:00,6.905153106499355,29.074287,37.44867933246253,38,492,202.99501541636104,184.7899359166644,35,5.0,1935,2022-05-01 09:30:00,2022-05-01 09:30:00,29.96504984584064,-96.1471016080742,,2022-05-01,1273,0 days 00:15:00,73,6,False,False,,,,Free
2022-05-01 09:30:00,3.501899505018878,13.866667,9.631573409701366,38,493,204.8220551393422,3.298245609841823,9,5.0,1936,2022-05-01 09:30:00,2022-05-01 09:30:00,29.946779448610823,-97.9620184592792,,2022-05-01,1343,0 days 00:00:00,76,3,False,False,,,,Free
2022-05-01 09:30:00,7.65975319290485,23.665115,46.08073886710763,38,495,218.61098792498453,201.09830008157664,45,5.0,1938,2022-05-01 09:30:00,2022-05-01 09:30:00,29.808890120754384,-95.98401797108534,,2022-05-01,1200,0 days 00:30:00,69,8,False,False,,,,Free
2022-05-01 09:30:00,6.29050694269425,13.24138,31.078580428724685,38,499,218.8025104616869,212.6769874571485,29,5.0,1942,2022-05-01 09:30:00,2022-05-01 09:30:00,29.80697489538736,-95.86823110063835,,2022-05-01,1027,0 days 01:15:00,53,7,False,False,,,,Free
2022-05-01 09:30:00,5.96769286400016,53.169228,27.97066605910838,38,517,257.5803257920165,273.66001275170066,26,5.0,1957,2022-05-01 09:30:00,2022-05-01 09:30:00,29.419196742084,-95.25840086511944,,2022-05-01,931,0 days 01:45:00,49,8,False,False,,,,Free
2022-05-01 09:30:00,17.25570534142555,113.56313,233.8596598427494,38,518,273.78365072726035,272.5631499979757,217,5.0,1958,2022-05-01 09:30:00,2022-05-01 09:30:00,29.25716349273154,-95.26936949234324,,2022-05-01,1035,0 days 01:15:00,56,10,False,False,,,,Free
2022-05-01 09:30:00,8.046703048665831,77.00426,50.854083366438346,38,525,316.47238756630446,140.25396357382024,49,5.0,1964,2022-05-01 09:30:00,2022-05-01 09:30:00,28.83027612434103,-96.59246131877596,,2022-05-01,1293,0 days 00:15:00,75,4,False,False,,,,Free
2022-05-01 09:30:00,9.08981000938303,21.640678,64.89324522501069,38,527,493.6236125110015,231.18869828245383,61,5.0,1966,2022-05-01 09:30:00,2022-05-01 09:30:00,27.05876387489378,-95.68311399767526,,2022-05-01,1215,0 days 00:30:00,70,4,False,False,,,,Free
2022-05-01 09:45:00,10.134938647622016,44.968426,80.67372853427027,39,508,125.4594471771945,51.54579585119057,79,5.0,2003,2022-05-01 09:45:00,2022-05-01 09:45:00,30.74040552823243,-97.47954297065296,,2022-05-01,1254,0 days 00:30:00,71,6,False,False,,,,Free
2022-05-01 09:45:00,4.202286656913084,11.076924,13.869513572595569,39,533,174.10632912553746,141.8303797398063,13,5.0,2024,2022-05-01 09:45:00,2022-05-01 09:45:00,30.253936708748924,-96.57669715756664,,2022-05-01,1393,0 days 00:00:00,78,3,False,False,,,,Free
2022-05-01 09:45:00,2.33361364394992,12.0,4.277084121167438,39,556,196.3285714334371,172.6714285665629,4,5.0,2045,2022-05-01 09:45:00,2022-05-01 09:45:00,30.03171428566989,-96.2682866781122,,2022-05-01,1266,0 days 00:30:00,72,6,False,False,,,,Free
2022-05-01 09:45:00,1.6501972564204708,9.6,2.138757782349645,39,557,197.5,41.0,2,5.0,2046,2022-05-01 09:45:00,2022-05-01 09:45:00,30.02000000000426,-97.58500092615128,,2022-05-01,1408,0 days 00:00:00,79,5,False,False,,,,Free
2022-05-01 09:45:00,7.652819994181472,27.906975,45.99735698244082,39,558,200.7604060833832,182.9374619319363,43,5.0,2047,2022-05-01 09:45:00,2022-05-01 09:45:00,29.987395939170423,-96.1656263473921,,2022-05-01,1273,0 days 00:30:00,73,6,False,False,,,,Free
2022-05-01 09:45:00,1.6503220407370065,9.6,2.139081250974549,39,559,199.0,0.5,2,5.0,2048,2022-05-01 09:45:00,2022-05-01 09:45:00,30.00500000000426,-97.990000914578,,2022-05-01,1343,0 days 00:15:00,76,3,False,False,,,,Free
2022-05-01 09:45:00,6.068804209203331,12.08889,28.92651636680424,39,567,215.75339603201755,200.1661442053128,27,5.0,2055,2022-05-01 09:45:00,2022-05-01 09:45:00,29.837466039684056,-95.99333952958165,,2022-05-01,1200,0 days 00:45:00,69,8,False,False,,,,Free
2022-05-01 09:45:00,,,,39,568,218.6073423562099,213.09763233351856,57,5.0,2056,2022-05-01 09:45:00,2022-05-01 09:45:00,29.80892657644213,-95.8640246519949,,2022-05-01,1027,0 days 01:30:00,53,7,False,False,,,,Free
2022-05-01 09:45:00,7.661016963367353,25.89767,46.0959456966994,39,571,223.21366565753857,62.84598261892582,43,5.0,2058,2022-05-01 09:45:00,2022-05-01 09:45:00,29.76286334342884,-97.36654110620476,,2022-05-01,1281,0 days 00:30:00,74,3,False,False,,,,Free
2022-05-01 09:45:00,3.3103352718481607,33.600002,8.606644097220052,39,596,257.81206293123336,272.97814687844726,8,5.0,2079,2022-05-01 09:45:00,2022-05-01 09:45:00,29.416879370691834,-95.2652195236571,,2022-05-01,931,0 days 02:00:00,49,8,False,False,,,,Free
2022-05-01 09:45:00,22.03741568933474,100.55592,381.4268039919801,39,597,271.0342805632393,272.9858100470554,354,5.0,2080,2022-05-01 09:45:00,2022-05-01 09:45:00,29.28465719437176,-95.2651428919732,,2022-05-01,1035,0 days 01:30:00,56,10,False,False,,,,Free
2022-05-01 09:45:00,8.214558936747405,59.559185,52.99786580170386,39,608,314.1985486307167,139.71452082487883,49,5.0,2089,2022-05-01 09:45:00,2022-05-01 09:45:00,28.85301451369692,-96.59785574611124,,2022-05-01,1293,0 days 00:30:00,75,4,False,False,,,,Free
2022-05-01 09:45:00,4.095674980068284,9.599999,13.174703543979614,39,612,473.5,248.0,12,5.0,2092,2022-05-01 09:45:00,2022-05-01 09:45:00,27.260000000003828,-95.5150009853038,,2022-05-01,1435,0 days 00:00:00,81,3,False,False,,,,Free
2022-05-01 09:45:00,10.517139975348345,45.326588,86.87307405620787,39,615,492.9082176624454,229.5865402843191,79,5.0,2095,2022-05-01 09:45:00,2022-05-01 09:45:00,27.065917823379344,-95.69913557719876,,2022-05-01,1215,0 days 00:45:00,70,4,False,False,,,,Free
2022-05-01 10:00:00,10.199449096447044,34.909096,81.70399851400525,40,437,121.1030508105066,49.00970708676871,78,5.0,2132,2022-05-01 10:00:00,2022-05-01 10:00:00,30.78396949189932,-97.50490385757246,,2022-05-01,1254,0 days 00:45:00,71,6,False,False,,,,Free
2022-05-01 10:00:00,9.102105628701308,31.160658,65.06892376899013,40,452,172.16458385863433,139.57823042806032,62,5.0,2146,2022-05-01 10:00:00,2022-05-01 10:00:00,30.27335416141796,-96.59921865004048,,2022-05-01,1393,0 days 00:15:00,78,3,False,False,,,,Free
2022-05-01 10:00:00,1.6497808425218592,9.6,2.1376785221654986,40,462,192.5,0.0,2,5.0,2156,2022-05-01 10:00:00,2022-05-01 10:00:00,30.07000000000427,-97.99500091443508,,2022-05-01,1343,0 days 00:30:00,76,3,False,False,,,,Free
2022-05-01 10:00:00,7.286965204133755,26.092306,41.7045340021237,40,463,197.49987843145308,181.77704836752687,39,5.0,2157,2022-05-01 10:00:00,2022-05-01 10:00:00,30.02000121568973,-96.1772304827046,,2022-05-01,1273,0 days 00:45:00,73,6,False,False,,,,Free
2022-05-01 10:00:00,6.283310324807509,24.496548,31.00751056710589,40,464,195.76158472464107,172.11142553913083,29,5.0,2158,2022-05-01 10:00:00,2022-05-01 10:00:00,30.03738415275785,-96.27388670822648,,2022-05-01,1266,0 days 00:45:00,72,6,False,False,,,,Free
2022-05-01 10:00:00,2.0214949416512087,9.6,3.20948388386053,40,469,201.66666666666663,187.66666666666663,3,5.0,2161,2022-05-01 10:00:00,2022-05-01 10:00:00,29.978333333337588,-96.1183343013962,,2022-05-01,1477,0 days 00:00:00,82,4,False,False,,,,Free
2022-05-01 10:00:00,6.500466304895944,24.154839,33.18783362943453,40,470,208.9232064574331,189.79555407767268,31,5.0,2162,2022-05-01 10:00:00,2022-05-01 10:00:00,29.90576793542991,-96.0970454278945,,2022-05-01,1478,0 days 00:00:00,83,3,False,False,,,,Free
2022-05-01 10:00:00,9.121132086896878,35.56722,65.34123990307307,40,473,213.5718116779831,209.37852625527788,61,5.0,2164,2022-05-01 10:00:00,2022-05-01 10:00:00,29.859281883224405,-95.90121571171449,,2022-05-01,1479,0 days 00:00:00,84,3,False,False,,,,Free
2022-05-01 10:00:00,6.288813741422772,30.455172,31.06185198051968,40,475,213.8545109622639,198.8434028864375,29,5.0,2166,2022-05-01 10:00:00,2022-05-01 10:00:00,29.856454890381595,-96.0065669423924,,2022-05-01,1200,0 days 01:00:00,69,8,False,False,,,,Free
2022-05-01 10:00:00,8.176880757268906,30.171429,52.51280420488501,40,477,219.6927192976108,60.625587807901326,49,5.0,2168,2022-05-01 10:00:00,2022-05-01 10:00:00,29.79807280702812,-97.38874505368052,,2022-05-01,1281,0 days 00:45:00,74,3,False,False,,,,Free
2022-05-01 10:00:00,23.79361674913057,62.969486,444.64233014555407,40,501,269.7374837425805,271.99478637796705,516,5.0,2191,2022-05-01 10:00:00,2022-05-01 10:00:00,29.297625162578345,-95.27505312838088,,2022-05-01,1035,0 days 01:45:00,56,10,False,False,,,,Free
2022-05-01 10:00:00,6.839169472757379,12.423531,36.73640146546471,40,511,301.7686212454744,151.94136290025793,34,5.0,2201,2022-05-01 10:00:00,2022-05-01 10:00:00,28.97731378754936,-96.47558732885142,,2022-05-01,1504,0 days 00:00:00,85,7,False,False,,,,Free
2022-05-01 10:00:00,6.3190088949822885,14.234485,31.360849244727792,40,514,310.85660941309254,137.95668410095743,29,5.0,2204,2022-05-01 10:00:00,2022-05-01 10:00:00,28.88643390587316,-96.61543411284816,,2022-05-01,1293,0 days 00:45:00,75,4,False,False,,,,Free
2022-05-01 10:00:00,8.018324180918698,15.8608675,50.49601462361015,40,515,471.4305019456428,246.9262548180802,50,5.0,2205,2022-05-01 10:00:00,2022-05-01 10:00:00,27.280694980547405,-95.52573843681614,,2022-05-01,1435,0 days 00:15:00,81,3,False,False,,,,Free
2022-05-01 10:00:00,11.831023401514834,47.616005,109.9346272317566,40,519,488.369438988091,227.79872624958497,102,5.0,2209,2022-05-01 10:00:00,2022-05-01 10:00:00,27.111305610122898,-95.71701371703524,,2022-05-01,1509,0 days 00:00:00,86,6,False,False,,,,Free
2022-05-01 10:15:00,5.060938867821909,26.778948,20.116483445507573,41,501,100.28564524227806,463.4108264957024,19,5.0,2240,2022-05-01 10:15:00,2022-05-01 10:15:00,30.99214354758164,-93.3608927819028,,2022-05-01,1533,0 days 00:00:00,87,3,False,False,,,,Free
2022-05-01 10:15:00,8.459414266111944,21.91698,56.20441968018149,41,513,116.15795253950692,47.05536027033129,56,5.0,2247,2022-05-01 10:15:00,2022-05-01 10:15:00,30.83342047460932,-97.52444732517836,,2022-05-01,1254,0 days 01:00:00,71,6,False,False,,,,Free
2022-05-01 10:15:00,3.286636204035376,9.6,8.48385331915127,41,514,116.0,412.0,8,5.0,2248,2022-05-01 10:15:00,2022-05-01 10:15:00,30.83500000000439,-93.8750010321686,,2022-05-01,1539,0 days 00:00:00,88,4,False,False,,,,Free
2022-05-01 10:15:00,13.131631887841593,27.514961,135.43386768877497,41,533,169.37322519566365,135.63670692430492,127,5.0,2263,2022-05-01 10:15:00,2022-05-01 10:15:00,30.301267748047668,-96.63863388395168,,2022-05-01,1393,0 days 00:30:00,78,3,False,False,,,,Free
2022-05-01 10:15:00,3.499310712444916,12.799999,9.61733831851631,41,543,190.26780626664515,37.39316240012912,9,5.0,2271,2022-05-01 10:15:00,2022-05-01 10:15:00,30.09232193733782,-97.62106930111928,,2022-05-01,1408,0 days 00:30:00,79,5,False,False,,,,Free
2022-05-01 10:15:00,8.331384757046681,64.752945,54.51603530299372,41,544,193.43164663145296,171.07967448092097,51,5.0,2272,2022-05-01 10:15:00,2022-05-01 10:15:00,30.060683533689737,-96.28420421851376,,2022-05-01,1266,0 days 01:00:00,72,6,False,False,,,,Free
2022-05-01 10:15:00,7.650370284713427,54.027912,45.96791368540176,41,546,194.0903140033461,180.74973912289107,43,5.0,2274,2022-05-01 10:15:00,2022-05-01 10:15:00,30.054096859970805,-96.18750357485736,,2022-05-01,1273,0 days 01:00:00,73,6,False,False,,,,Free
2022-05-01 10:15:00,2.021291348440889,9.6,3.208837435324716,41,551,199.66666666666663,188.3333333333333,3,5.0,2279,2022-05-01 10:15:00,2022-05-01 10:15:00,29.99833333333759,-96.11166763492008,,2022-05-01,1477,0 days 00:15:00,82,4,False,False,,,,Free
2022-05-01 10:15:00,9.042415605414508,25.44,64.21830072678996,41,552,207.1105674910213,189.29305285221045,60,5.0,2280,2022-05-01 10:15:00,2022-05-01 10:15:00,29.923894325094032,-96.10207044000556,,2022-05-01,1478,0 days 00:15:00,83,3,False,False,,,,Free
2022-05-01 10:15:00,8.659323285476864,24.960001,58.89220144980549,41,558,210.60032655732056,209.3662917554753,56,5.0,2284,2022-05-01 10:15:00,2022-05-01 10:15:00,29.88899673443104,-95.90133805670904,,2022-05-01,1479,0 days 00:15:00,84,3,False,False,,,,Free
2022-05-01 10:15:00,7.745384967111653,32.727272,47.11681202238929,41,560,211.1570491795031,198.7632786947844,44,5.0,2286,2022-05-01 10:15:00,2022-05-01 10:15:00,29.883429508209208,-96.007368184286,,2022-05-01,1200,0 days 01:15:00,69,8,False,False,,,,Free
2022-05-01 10:15:00,3.0980316113069946,19.199999,7.538094386358208,41,598,268.0040241408925,272.13480886381336,7,5.0,2318,2022-05-01 10:15:00,2022-05-01 10:15:00,29.314959758595226,-95.27365290356244,,2022-05-01,1035,0 days 02:00:00,56,10,False,False,,,,Free
2022-05-01 10:15:00,4.830542881815318,22.588236,18.32659426071329,41,602,279.09899665174214,124.33110368116992,17,5.0,2322,2022-05-01 10:15:00,2022-05-01 10:15:00,29.20401003348671,-96.75168991315236,,2022-05-01,1582,0 days 00:00:00,90,3,False,False,,,,Free
2022-05-01 10:15:00,7.600244719492228,34.057144,45.36751943891635,41,606,298.98672566965024,152.05178630837852,42,5.0,2326,2022-05-01 10:15:00,2022-05-01 10:15:00,29.0051327433076,-96.47448309480176,,2022-05-01,1504,0 days 00:15:00,85,7,False,False,,,,Free
2022-05-01 10:15:00,5.910240075319726,11.904,27.43469435296329,41,610,468.76709153057146,244.1865585194909,25,5.0,2330,2022-05-01 10:15:00,2022-05-01 10:15:00,27.30732908469812,-95.55313539901914,,2022-05-01,1435,0 days 00:30:00,81,3,False,False,,,,Free
2022-05-01 10:15:00,11.0330351802051,55.613792,95.60484183120712,41,611,484.6469600281602,225.8704628215127,88,5.0,2331,2022-05-01 10:15:00,2022-05-01 10:15:00,27.14853039972221,-95.73629635076492,,2022-05-01,1509,0 days 00:15:00,86,6,False,False,,,,Free
2022-05-01 10:30:00,9.288552276929304,11.849999,67.76195709440871,42,451,101.152828452297,157.8576642268283,64,5.0,2352,2022-05-01 10:30:00,2022-05-01 10:30:00,30.983471715481443,-96.41642431727638,,2022-05-01,1601,0 days 00:00:00,91,3,False,False,,,,Free
2022-05-01 10:30:00,8.609847081591438,13.614544,58.22114705352457,42,452,98.60151963101625,181.8387505305291,55,5.0,2353,2022-05-01 10:30:00,2022-05-01 10:30:00,31.00898480369425,-96.1766134610922,,2022-05-01,1602,0 days 00:00:00,92,4,False,False,,,,Free
2022-05-01 10:30:00,7.062260810315838,92.36756,39.172147895624114,42,456,99.47887149574058,464.745158716784,37,5.0,2357,2022-05-01 10:30:00,2022-05-01 10:30:00,31.00021128504701,-93.34754946007324,,2022-05-01,1533,0 days 00:15:00,87,3,False,False,,,,Free
2022-05-01 10:30:00,3.483698846056471,17.066668,9.531715929023823,42,460,103.39226519239983,414.6537753206664,9,5.0,2359,2022-05-01 10:30:00,2022-05-01 10:30:00,30.96107734808041,-93.8484632797203,,2022-05-01,1606,0 days 00:00:00,93,3,False,False,,,,Free
2022-05-01 10:30:00,2.3236999574925203,9.6,4.240821387285664,42,464,113.5,46.5,4,5.0,2362,2022-05-01 10:30:00,2022-05-01 10:30:00,30.86000000000439,-97.530000927723,,2022-05-01,1254,0 days 01:15:00,71,6,False,False,,,,Free
2022-05-01 10:30:00,3.4858023051421747,14.933334,9.543229913630984,42,466,114.84116331191656,413.9530201285007,9,5.0,2364,2022-05-01 10:30:00,2022-05-01 10:30:00,30.846588366885225,-93.85547083144166,,2022-05-01,1539,0 days 00:15:00,88,4,False,False,,,,Free
2022-05-01 10:30:00,3.2973685254655023,12.0,8.539350853253682,42,489,179.24642857507783,430.4178571416407,8,5.0,2384,2022-05-01 10:30:00,2022-05-01 10:30:00,30.20253571425351,-93.69082246601528,,2022-05-01,1622,0 days 00:00:00,95,3,False,False,,,,Free
2022-05-01 10:30:00,7.559754146190245,31.314281,44.88541295088972,42,497,191.1416938197348,170.69254434300265,42,5.0,2392,2022-05-01 10:30:00,2022-05-01 10:30:00,30.083583061806923,-96.2880755197823,,2022-05-01,1266,0 days 01:15:00,72,6,False,False,,,,Free
2022-05-01 10:30:00,8.729575218401706,25.028574,59.8516467767926,42,498,192.36430099877725,180.6496077354631,56,5.0,2393,2022-05-01 10:30:00,2022-05-01 10:30:00,30.071356990016497,-96.18850488870304,,2022-05-01,1273,0 days 01:15:00,73,6,False,False,,,,Free
2022-05-01 10:30:00,3.300727220739815,10.8,8.556756056456708,42,501,199.6034482723184,189.0991379319204,8,5.0,2396,2022-05-01 10:30:00,2022-05-01 10:30:00,29.998965517281075,-96.104009589153,,2022-05-01,1477,0 days 00:30:00,82,4,False,False,,,,Free
2022-05-01 10:30:00,,,,42,505,203.5,187.5,2,5.0,2400,2022-05-01 10:30:00,2022-05-01 10:30:00,29.96000000000425,-96.12000096801523,,2022-05-01,1478,0 days 00:30:00,83,3,False,False,,,,Free
2022-05-01 10:30:00,7.101382637954895,24.389189,39.60734300090933,42,506,207.8700863989293,199.05073878504624,37,5.0,2401,2022-05-01 10:30:00,2022-05-01 10:30:00,29.91629913601496,-96.00449358346556,,2022-05-01,1200,0 days 01:30:00,69,8,False,False,,,,Free
2022-05-01 10:30:00,4.368506790646671,23.314287,14.988421981423432,42,508,208.88923556825063,209.86973479649976,14,5.0,2403,2022-05-01 10:30:00,2022-05-01 10:30:00,29.906107644321736,-95.89630362644266,,2022-05-01,1479,0 days 00:30:00,84,3,False,False,,,,Free
2022-05-01 10:30:00,4.534391011307749,32.64,16.148337465991283,42,539,265.25663285885884,272.90641583446774,15,5.0,2431,2022-05-01 10:30:00,2022-05-01 10:30:00,29.342433671415566,-95.2659368340764,,2022-05-01,1035,0 days 02:15:00,56,10,False,False,,,,Free
2022-05-01 10:30:00,7.316096312928007,39.138462,42.038645030595696,42,546,276.8880239634025,217.86497007494245,40,5.0,2438,2022-05-01 10:30:00,2022-05-01 10:30:00,29.22611976037011,-95.81635127594296,,2022-05-01,1650,0 days 00:00:00,96,7,False,False,,,,Free
2022-05-01 10:30:00,3.5143954134777715,9.6,9.700433177201257,42,547,277.1,123.3,10,5.0,2439,2022-05-01 10:30:00,2022-05-01 10:30:00,29.224000000004136,-96.7620009496694,,2022-05-01,1582,0 days 00:15:00,90,3,False,False,,,,Free
2022-05-01 10:30:00,8.695261205631272,34.734547,59.38204460173501,42,554,293.90644489949324,151.02519260975504,55,5.0,2446,2022-05-01 10:30:00,2022-05-01 10:30:00,29.055935551009178,-96.48474903149464,,2022-05-01,1504,0 days 00:30:00,85,7,False,False,,,,Free
2022-05-01 10:30:00,10.774662528431694,38.746986,91.17950591594122,42,563,480.8338196077947,224.4102199028713,85,5.0,2453,2022-05-01 10:30:00,2022-05-01 10:30:00,27.18666180392588,-95.75089877953404,,2022-05-01,1509,0 days 00:30:00,86,6,False,False,,,,Free
2022-05-01 10:45:00,11.05177484836276,56.861538,95.92988829475097,43,444,59.294831981733154,96.77227489833504,232,5.0,2456,2022-05-01 10:45:00,2022-05-01 10:45:00,31.402051680187142,-97.02727819310547,,2022-05-01,1661,0 days 00:00:00,98,4,False,False,,,,Free
2022-05-01 10:45:00,8.529398223251249,19.555553,57.13821436949943,43,466,94.47353689792928,182.54147583029768,54,5.0,2472,2022-05-01 10:45:00,2022-05-01 10:45:00,31.05026463102513,-96.16958620829536,,2022-05-01,1602,0 days 00:15:00,92,4,False,False,,,,Free
2022-05-01 10:45:00,6.868572198006419,21.66857,37.05295223848842,43,477,99.27356874592051,468.0911896233855,35,5.0,2482,2022-05-01 10:45:00,2022-05-01 10:45:00,31.002264312545208,-93.3140891519634,,2022-05-01,1533,0 days 00:30:00,87,3,False,False,,,,Free
2022-05-01 10:45:00,5.4466350587798935,34.909092,23.29949111791122,43,481,103.1370820610393,416.2367781006882,22,5.0,2485,2022-05-01 10:45:00,2022-05-01 10:45:00,30.96362917939401,-93.83263325237245,,2022-05-01,1606,0 days 00:15:00,93,3,False,False,,,,Free
2022-05-01 10:45:00,6.8738171805783805,34.285713,37.10956263288423,43,484,114.54895103681255,417.2206682406961,36,5.0,2487,2022-05-01 10:45:00,2022-05-01 10:45:00,30.849510489636263,-93.82279435125348,,2022-05-01,1539,0 days 00:30:00,88,4,False,False,,,,Free
2022-05-01 10:45:00,8.244661783651706,24.576,53.38700655966964,43,514,183.20780543276675,34.580915394380106,50,5.0,2513,2022-05-01 10:45:00,2022-05-01 10:45:00,30.16292194567661,-97.64919177037314,,2022-05-01,1408,0 days 01:00:00,79,5,False,False,,,,Free
2022-05-01 10:45:00,4.038358258635563,20.800001,12.808538261731602,43,515,179.0506329107557,431.1455696247101,12,5.0,2514,2022-05-01 10:45:00,2022-05-01 10:45:00,30.20449367089673,-93.68354534139256,,2022-05-01,1622,0 days 00:15:00,95,3,False,False,,,,Free
2022-05-01 10:45:00,2.021189497963504,9.6,3.208514064435294,43,525,198.66666666666663,189.66666666666663,3,5.0,2524,2022-05-01 10:45:00,2022-05-01 10:45:00,30.0083333333376,-96.09833430196772,,2022-05-01,1477,0 days 00:45:00,82,4,False,False,,,,Free
2022-05-01 10:45:00,9.768691032303469,29.622858,74.94844538814203,43,531,210.09433742343668,137.14655373023598,70,5.0,2529,2022-05-01 10:45:00,2022-05-01 10:45:00,29.89405662576988,-96.62353541632388,,2022-05-01,1708,0 days 00:00:00,100,6,False,False,,,,Free
2022-05-01 10:45:00,,,,43,532,205.5,199.5,2,5.0,2530,2022-05-01 10:45:00,2022-05-01 10:45:00,29.940000000004247,-96.00000097144436,,2022-05-01,1200,0 days 01:45:00,69,8,False,False,,,,Free
2022-05-01 10:45:00,5.720619816021758,29.599998,25.7025405900881,43,534,212.0813008147153,296.91869918528465,24,5.0,2532,2022-05-01 10:45:00,2022-05-01 10:45:00,29.874186991857083,-95.02581400743004,,2022-05-01,1710,0 days 00:00:00,101,3,False,False,,,,Free
2022-05-01 10:45:00,6.521176143820272,17.651615,33.39963675694357,43,563,272.88067312421026,122.28352881888868,31,5.0,2554,2022-05-01 10:45:00,2022-05-01 10:45:00,29.26619326876204,-96.77216566119006,,2022-05-01,1582,0 days 00:30:00,90,3,False,False,,,,Free
2022-05-01 10:45:00,8.199151174433569,127.73878,52.79923974965652,43,566,274.24095190866166,217.7641381670962,57,5.0,2557,2022-05-01 10:45:00,2022-05-01 10:45:00,29.25259048091753,-95.81735959499258,,2022-05-01,1650,0 days 00:15:00,96,7,False,False,,,,Free
2022-05-01 10:45:00,10.678984548358583,124.337364,89.56736495943674,43,572,289.34673399710204,151.39034832428797,83,5.0,2563,2022-05-01 10:45:00,2022-05-01 10:45:00,29.101532660033097,-96.48109747445363,,2022-05-01,1504,0 days 00:45:00,85,7,False,False,,,,Free
2022-05-01 10:45:00,11.155665745040992,30.741575,97.74192038699732,43,587,477.2608468064762,223.05342643905183,89,5.0,2578,2022-05-01 10:45:00,2022-05-01 10:45:00,27.222391531939063,-95.76446671378454,,2022-05-01,1509,0 days 00:45:00,86,6,False,False,,,,Free
2022-05-01 11:00:00,12.313305555408132,29.989384,119.08010109156768,44,380,55.74077485449846,97.65302076948956,113,5.0,2580,2022-05-01 11:00:00,2022-05-01 11:00:00,31.4375922514595,-97.01847073464565,,2022-05-01,1661,0 days 00:15:00,98,4,False,False,,,,Free
2022-05-01 11:00:00,12.37898269797408,20.12632,120.35379616536792,44,390,72.36963583962009,149.78589654599372,114,5.0,2589,2022-05-01 11:00:00,2022-05-01 11:00:00,31.271303641608256,-96.49714199177812,,2022-05-01,1748,0 days 00:00:00,102,3,False,False,,,,Free
2022-05-01 11:00:00,14.993258939672442,13.62395,176.5557899623877,44,399,87.0091361941206,154.30495567191613,168,5.0,2594,2022-05-01 11:00:00,2022-05-01 11:00:00,31.12490863806323,-96.45195140181028,,2022-05-01,1601,0 days 00:30:00,91,3,False,False,,,,Free
2022-05-01 11:00:00,7.870345317318744,22.956522,48.64939647057951,44,402,90.33147699367048,182.41549636632783,46,5.0,2596,2022-05-01 11:00:00,2022-05-01 11:00:00,31.091685230067725,-96.17084600289904,,2022-05-01,1602,0 days 00:30:00,92,4,False,False,,,,Free
2022-05-01 11:00:00,5.80618496326779,15.36,26.477173103109315,44,411,103.28880308569816,420.19382240150514,25,5.0,2604,2022-05-01 11:00:00,2022-05-01 11:00:00,30.962111969147426,-93.79306281049504,,2022-05-01,1606,0 days 00:30:00,93,3,False,False,,,,Free
2022-05-01 11:00:00,5.92474702984466,12.184616,27.56953906497976,44,412,115.12955031655297,421.1605995609116,26,5.0,2605,2022-05-01 11:00:00,2022-05-01 11:00:00,30.84370449683886,-93.7833950391772,,2022-05-01,1539,0 days 00:45:00,88,4,False,False,,,,Free
2022-05-01 11:00:00,3.865361270027519,9.599999,11.73464789843338,44,440,173.54545454545453,174.1818181818182,11,5.0,2628,2022-05-01 11:00:00,2022-05-01 11:00:00,30.25954545454975,-96.25318278239126,,2022-05-01,1772,0 days 00:00:00,103,5,False,False,,,,Free
2022-05-01 11:00:00,7.280433900911492,21.415384,41.62980800016422,44,444,179.48511166388525,31.661910674659985,40,5.0,2631,2022-05-01 11:00:00,2022-05-01 11:00:00,30.20014888336544,-97.6783818167362,,2022-05-01,1408,0 days 01:15:00,79,5,False,False,,,,Free
2022-05-01 11:00:00,5.944453363011363,22.892305,27.75324245239901,44,445,179.41745485939998,433.58254514880014,26,5.0,2632,2022-05-01 11:00:00,2022-05-01 11:00:00,30.20082545141029,-93.65917558684804,,2022-05-01,1622,0 days 00:30:00,95,3,False,False,,,,Free
2022-05-01 11:00:00,2.608519371452609,26.880001,5.344142301721269,44,449,192.1718464371723,446.1297989037453,5,5.0,2635,2022-05-01 11:00:00,2022-05-01 11:00:00,30.073281535632542,-93.5337030528841,,2022-05-01,1775,0 days 00:00:00,104,3,False,False,,,,Free
2022-05-01 11:00:00,10.243673109860689,68.820786,82.41405885921431,44,452,206.2290098116343,135.6788897600058,77,5.0,2637,2022-05-01 11:00:00,2022-05-01 11:00:00,29.932709901887904,-96.63821205560674,,2022-05-01,1708,0 days 00:15:00,100,6,False,False,,,,Free
2022-05-01 11:00:00,7.101719849095223,19.199999,39.61110462173367,44,456,208.18385993718607,296.0605253217713,37,5.0,2641,2022-05-01 11:00:00,2022-05-01 11:00:00,29.913161400632383,-95.0343957458199,,2022-05-01,1710,0 days 00:15:00,101,3,False,False,,,,Free
2022-05-01 11:00:00,12.449414155462089,73.741585,121.7272220730921,44,488,271.6817889249113,219.62151449701264,113,5.0,2670,2022-05-01 11:00:00,2022-05-01 11:00:00,29.27818211075504,-95.7987858322242,,2022-05-01,1650,0 days 00:30:00,96,7,False,False,,,,Free
2022-05-01 11:00:00,17.144797908925,134.57944,230.86315261989463,44,493,286.72832310738767,151.43053011821007,214,5.0,2674,2022-05-01 11:00:00,2022-05-01 11:00:00,29.127716768930245,-96.48069565652594,,2022-05-01,1504,0 days 01:00:00,85,7,False,False,,,,Free
2022-05-01 11:00:00,3.526589974190009,17.066668,9.767868817367264,44,502,348.56169429453394,99.61141804513284,9,5.0,2683,2022-05-01 11:00:00,2022-05-01 11:00:00,28.509383057058685,-96.99888676244882,,2022-05-01,1800,0 days 00:00:00,105,6,False,False,,,,Free
2022-05-01 11:00:00,10.50826923726782,32.931652,86.72658873933864,44,503,474.4645155297413,221.536118908712,79,5.0,2684,2022-05-01 11:00:00,2022-05-01 11:00:00,27.25035484470641,-95.77963978865432,,2022-05-01,1509,0 days 01:00:00,86,6,False,False,,,,Free
2022-05-01 11:15:00,11.108149635774875,20.55652,96.9110556147792,45,352,52.45192845038779,98.89882615704104,92,5.0,2685,2022-05-01 11:15:00,2022-05-01 11:15:00,31.47048071550061,-97.0060126811261,,2022-05-01,1661,0 days 00:30:00,98,4,False,False,,,,Free
2022-05-01 11:15:00,12.905018730366962,19.277424,130.79982405491714,45,360,65.11188733546781,45.61633805755452,125,5.0,2692,2022-05-01 11:15:00,2022-05-01 11:15:00,31.34388112664979,-97.53883754689492,,2022-05-01,1805,0 days 00:00:00,106,3,False,False,,,,Free
2022-05-01 11:15:00,10.686547004020388,26.315294,89.6942663628088,45,361,68.95452036213283,152.12782868658024,85,5.0,2693,2022-05-01 11:15:00,2022-05-01 11:15:00,31.30545479638313,-96.47372267104146,,2022-05-01,1748,0 days 00:15:00,102,3,False,False,,,,Free
2022-05-01 11:15:00,3.8470934595185295,10.472727,11.62399341700365,45,365,82.31229235406725,153.61129568527355,11,5.0,2696,2022-05-01 11:15:00,2022-05-01 11:15:00,31.17187707646377,-96.45888800147844,,2022-05-01,1601,0 days 00:45:00,91,3,False,False,,,,Free
2022-05-01 11:15:00,6.138877672813808,15.428573,29.59837309295214,45,368,84.87739727009436,181.20205480223817,28,5.0,2699,2022-05-01 11:15:00,2022-05-01 11:15:00,31.14622602730349,-96.18298041819315,,2022-05-01,1602,0 days 00:45:00,92,4,False,False,,,,Free
2022-05-01 11:15:00,2.3215121417036166,12.0,4.232839489130325,45,374,95.32857143343712,459.6714285665629,4,5.0,2704,2022-05-01 11:15:00,2022-05-01 11:15:00,31.04171428567005,-93.3982867601256,,2022-05-01,1809,0 days 00:00:00,107,3,False,False,,,,Free
2022-05-01 11:15:00,7.460729378238852,13.580487,43.71721180470736,45,411,169.39965888389318,174.80557135524705,41,5.0,2737,2022-05-01 11:15:00,2022-05-01 11:15:00,30.30100341116537,-96.2469452508352,,2022-05-01,1772,0 days 00:15:00,103,5,False,False,,,,Free
2022-05-01 11:15:00,3.867842514922584,9.599999,11.749718096726586,45,417,186.1818181818182,83.54545454545455,11,5.0,2742,2022-05-01 11:15:00,2022-05-01 11:15:00,30.13318181818609,-97.15954639285457,,2022-05-01,1832,0 days 00:00:00,108,3,False,False,,,,Free
2022-05-01 11:15:00,2.60780695976017,9.6,5.341223627159756,45,419,187.0,212.0,5,5.0,2744,2022-05-01 11:15:00,2022-05-01 11:15:00,30.12500000000428,-95.8750009750164,,2022-05-01,1833,0 days 00:00:00,109,5,False,False,,,,Free
2022-05-01 11:15:00,6.801947636590104,36.42353,36.337617569470986,45,421,191.3818794579152,449.1224260842752,34,5.0,2746,2022-05-01 11:15:00,2022-05-01 11:15:00,30.08118120542512,-93.503776781934,,2022-05-01,1775,0 days 00:15:00,104,3,False,False,,,,Free
2022-05-01 11:15:00,11.315801383244684,59.33618,100.56816211412638,45,423,201.86338007438465,136.7362361928845,94,5.0,2748,2022-05-01 11:15:00,2022-05-01 11:15:00,29.976366199260408,-96.62763859158014,,2022-05-01,1708,0 days 00:30:00,100,6,False,False,,,,Free
2022-05-01 11:15:00,2.6100976590886087,11.5199995,5.350611216993639,45,427,204.28220859254648,295.56441718509296,5,5.0,2752,2022-05-01 11:15:00,2022-05-01 11:15:00,29.952177914078785,-95.03935682704493,,2022-05-01,1710,0 days 00:30:00,101,3,False,False,,,,Free
2022-05-01 11:15:00,11.88390613958616,54.710686,110.91960324234928,45,452,268.3615169187684,221.2543335270261,122,5.0,2773,2022-05-01 11:15:00,2022-05-01 11:15:00,29.31138483081647,-95.78245764239068,,2022-05-01,1650,0 days 00:45:00,96,7,False,False,,,,Free
2022-05-01 11:15:00,24.66140827846111,84.21129,477.66742777648665,45,453,282.2769630428437,151.16768592959303,443,5.0,2774,2022-05-01 11:15:00,2022-05-01 11:15:00,29.17223036957569,-96.483324098337,,2022-05-01,1504,0 days 01:15:00,85,7,False,False,,,,Free
2022-05-01 11:15:00,8.695544508232423,24.61091,59.38591414891899,45,457,290.7220064198167,216.1504798975207,80,5.0,2777,2022-05-01 11:15:00,2022-05-01 11:15:00,29.087779935805948,-95.83349617722725,,2022-05-01,1851,0 days 00:00:00,111,3,False,False,,,,Free
2022-05-01 11:15:00,5.87649632709724,14.208,27.122318989527106,45,465,344.61164205100283,97.39965248474608,25,5.0,2784,2022-05-01 11:15:00,2022-05-01 11:15:00,28.548883579494003,-97.0210044174206,,2022-05-01,1800,0 days 00:15:00,105,6,False,False,,,,Free
2022-05-01 11:15:00,5.6699002649442685,18.782608,25.248798741247,45,467,472.29552421016166,218.8927038789979,25,5.0,2785,2022-05-01 11:15:00,2022-05-01 11:15:00,27.27204475790221,-95.8060739381961,,2022-05-01,1509,0 days 01:15:00,86,6,False,False,,,,Free
2022-05-01 11:30:00,6.342299043221091,10.880001,31.59245039157971,46,318,49.7182320439078,102.50607735499447,31,5.0,2788,2022-05-01 11:30:00,2022-05-01 11:30:00,31.49781767956541,-96.96994017017738,,2022-05-01,1661,0 days 00:45:00,98,4,False,False,,,,Free
2022-05-01 11:30:00,8.972208091096961,16.8,63.22495901326259,46,319,56.18186920204088,24.47123210263824,61,5.0,2789,2022-05-01 11:30:00,2022-05-01 11:30:00,31.43318130798407,-97.75028860040165,,2022-05-01,1857,0 days 00:00:00,112,4,False,False,,,,Free
2022-05-01 11:30:00,8.27363940193248,17.129412,53.76294605069628,46,321,60.03330098271647,44.51665050369156,51,5.0,2791,2022-05-01 11:30:00,2022-05-01 11:30:00,31.39466699017731,-97.54983442211926,,2022-05-01,1805,0 days 00:15:00,106,3,False,False,,,,Free
2022-05-01 11:30:00,,,,46,326,67.53333333333333,156.2,15,5.0,2795,2022-05-01 11:30:00,2022-05-01 11:30:00,31.31966666667113,-96.43300095907097,,2022-05-01,1748,0 days 00:30:00,102,3,False,False,,,,Free
2022-05-01 11:30:00,2.321573092577692,9.6,4.233061756891804,46,337,96.0,461.5,4,5.0,2803,2022-05-01 11:30:00,2022-05-01 11:30:00,31.03500000000442,-93.38000104631374,,2022-05-01,1809,0 days 00:15:00,107,3,False,False,,,,Free
2022-05-01 11:30:00,9.606649742861498,39.388237,72.4826052282385,46,367,166.61409507332087,174.72853233398448,68,5.0,2829,2022-05-01 11:30:00,2022-05-01 11:30:00,30.328859049271102,-96.24771564102582,,2022-05-01,1772,0 days 00:30:00,103,5,False,False,,,,Free
2022-05-01 11:30:00,4.80511232144838,10.164707,18.13414020732261,46,370,172.8952164004163,28.0,17,5.0,2832,2022-05-01 11:30:00,2022-05-01 11:30:00,30.266047836000137,-97.7150009224364,,2022-05-01,1408,0 days 01:45:00,79,5,False,False,,,,Free
2022-05-01 11:30:00,2.0191449423891665,9.6,3.20202613501434,46,372,178.66666666666666,207.66666666666663,3,5.0,2833,2022-05-01 11:30:00,2022-05-01 11:30:00,30.208333333337624,-95.91833430711142,,2022-05-01,1881,0 days 00:00:00,113,3,False,False,,,,Free
2022-05-01 11:30:00,5.082358314941824,15.663158,20.28712204884516,46,373,182.7316602272175,81.9777992272661,20,5.0,2834,2022-05-01 11:30:00,2022-05-01 11:30:00,30.16768339773211,-97.17522294558847,,2022-05-01,1832,0 days 00:15:00,108,3,False,False,,,,Free
2022-05-01 11:30:00,5.082806043178779,18.694738,20.2906965774052,46,375,184.44119907275885,213.1960030785866,19,5.0,2835,2022-05-01 11:30:00,2022-05-01 11:30:00,30.15058800927669,-95.86304094457232,,2022-05-01,1833,0 days 00:15:00,109,5,False,False,,,,Free
2022-05-01 11:30:00,6.4938746232066205,25.393549,33.120560695983166,46,376,188.73173046262795,162.82378994318051,31,5.0,2836,2022-05-01 11:30:00,2022-05-01 11:30:00,30.107682695378,-96.36676306153196,,2022-05-01,1882,0 days 00:00:00,114,4,False,False,,,,Free
2022-05-01 11:30:00,2.3331424424421767,9.6,4.275357044347315,46,380,192.2,453.6,5,5.0,2839,2022-05-01 11:30:00,2022-05-01 11:30:00,30.07300000000427,-93.45900104405628,,2022-05-01,1775,0 days 00:30:00,104,3,False,False,,,,Free
2022-05-01 11:30:00,10.630945735506211,20.356628,88.76334991212165,46,381,198.10481719429728,136.6193315877059,83,5.0,2840,2022-05-01 11:30:00,2022-05-01 11:30:00,30.013951828061288,-96.62880763759848,,2022-05-01,1708,0 days 00:45:00,100,6,False,False,,,,Free
2022-05-01 11:30:00,30.052037051690416,107.05896,709.3126620914259,46,405,277.6057708840999,183.9884802612748,678,5.0,2859,2022-05-01 11:30:00,2022-05-01 11:30:00,29.21894229116314,-96.15511616439905,,2022-05-01,1894,0 days 00:00:00,115,4,False,False,,,,Free
2022-05-01 11:30:00,10.857434377843395,34.26977,92.5857838429734,46,406,264.6608582363036,222.7312504861848,101,5.0,2860,2022-05-01 11:30:00,2022-05-01 11:30:00,29.34839141764112,-95.76768847322114,,2022-05-01,1650,0 days 01:00:00,96,7,False,False,,,,Free
2022-05-01 11:30:00,23.89567308936313,53.26154,448.4648586001021,46,408,278.5745131820784,151.17607145372656,421,5.0,2862,2022-05-01 11:30:00,2022-05-01 11:30:00,29.20925486818335,-96.483240243098,,2022-05-01,1504,0 days 01:30:00,85,7,False,False,,,,Free
2022-05-01 11:30:00,4.977719661376811,18.666666,19.460354596833625,46,415,307.9569034371699,186.9050279335987,19,5.0,2868,2022-05-01 11:30:00,2022-05-01 11:30:00,28.91543096563239,-96.12595068850923,,2022-05-01,1899,0 days 00:00:00,116,4,False,False,,,,Free
2022-05-01 11:30:00,6.647376510676957,38.4,34.70487125334369,46,418,341.3251350796496,95.36724427457578,33,5.0,2870,2022-05-01 11:30:00,2022-05-01 11:30:00,28.58174864920754,-97.04132849894154,,2022-05-01,1800,0 days 00:30:00,105,6,False,False,,,,Free
2022-05-01 11:45:00,6.342242442107858,11.520001,31.591886507767043,47,261,50.03987728416197,22.49795501231878,30,5.0,2874,2022-05-01 11:45:00,2022-05-01 11:45:00,31.49460122716287,-97.77002137074096,,2022-05-01,1857,0 days 00:15:00,112,4,False,False,,,,Free
2022-05-01 11:45:00,7.855149394296345,14.191302,48.461715049502885,47,262,53.71523178389687,45.01277199452986,46,5.0,2875,2022-05-01 11:45:00,2022-05-01 11:45:00,31.45784768216552,-97.54487320735268,,2022-05-01,1805,0 days 00:30:00,106,3,False,False,,,,Free
2022-05-01 11:45:00,2.0104708920478727,9.6,3.174574041848908,47,274,95.33333333333331,463.6666666666667,3,5.0,2883,2022-05-01 11:45:00,2022-05-01 11:45:00,31.041666666671087,-93.35833438026624,,2022-05-01,1809,0 days 00:30:00,107,3,False,False,,,,Free
2022-05-01 11:45:00,9.318259022576266,24.45,68.19608420965658,47,296,161.54948587318648,175.47220436491995,64,5.0,2900,2022-05-01 11:45:00,2022-05-01 11:45:00,30.379505141272453,-96.24027892092896,,2022-05-01,1772,0 days 00:45:00,103,5,False,False,,,,Free
2022-05-01 11:45:00,6.593658152032261,16.5,34.146228025696985,47,298,176.30488459364057,207.00805153444807,33,5.0,2902,2022-05-01 11:45:00,2022-05-01 11:45:00,30.23195115406789,-95.92492045824542,,2022-05-01,1881,0 days 00:15:00,113,3,False,False,,,,Free
2022-05-01 11:45:00,5.342646301393233,21.028574,22.418302682962928,47,301,180.73798358399,215.0867526347935,22,5.0,2904,2022-05-01 11:45:00,2022-05-01 11:45:00,30.187620164164382,-95.84413344955055,,2022-05-01,1833,0 days 00:30:00,109,5,False,False,,,,Free
2022-05-01 11:45:00,2.3316360573427146,14.4,4.269838088504775,47,302,179.36702128469054,82.63297871530946,4,5.0,2905,2022-05-01 11:45:00,2022-05-01 11:45:00,30.201329787157384,-97.16867115089524,,2022-05-01,1832,0 days 00:30:00,108,3,False,False,,,,Free
2022-05-01 11:45:00,7.8232005485891,42.026665,48.0683050385268,47,303,186.3715585487326,161.97067273325595,46,5.0,2906,2022-05-01 11:45:00,2022-05-01 11:45:00,30.13128441451695,-96.37529423338742,,2022-05-01,1882,0 days 00:15:00,114,4,False,False,,,,Free
2022-05-01 11:45:00,4.66628477827789,9.6,17.101427395987002,47,307,192.5,135.8125,16,5.0,2910,2022-05-01 11:45:00,2022-05-01 11:45:00,30.07000000000427,-96.636875953245,,2022-05-01,1708,0 days 01:00:00,100,6,False,False,,,,Free
2022-05-01 11:45:00,28.928129448690225,97.96722,657.2499863521307,47,328,273.11161452963574,185.29408470526192,613,5.0,2930,2022-05-01 11:45:00,2022-05-01 11:45:00,29.263883854707785,-96.1420601203323,,2022-05-01,1894,0 days 00:15:00,115,4,False,False,,,,Free
2022-05-01 11:45:00,11.043278025342854,50.04944,95.7824394076506,47,329,260.44773294002545,223.24195317485336,90,5.0,2931,2022-05-01 11:45:00,2022-05-01 11:45:00,29.390522670603907,-95.7625814464804,,2022-05-01,1650,0 days 01:15:00,96,7,False,False,,,,Free
2022-05-01 11:45:00,9.375256160847018,25.05,69.03290778624255,47,335,284.5271883076437,218.0171087660736,92,5.0,2935,2022-05-01 11:45:00,2022-05-01 11:45:00,29.149728116927687,-95.8148298890751,,2022-05-01,1851,0 days 00:30:00,111,3,False,False,,,,Free
2022-05-01 11:45:00,7.419180295839626,45.840004,43.23164206592743,47,340,305.27877081371986,187.403648387766,40,5.0,2939,2022-05-01 11:45:00,2022-05-01 11:45:00,28.94221229186689,-96.12096448411006,,2022-05-01,1899,0 days 00:15:00,116,4,False,False,,,,Free
2022-05-01 11:45:00,6.6462694682011465,19.5,34.693312838575736,47,343,338.129748177487,93.66922748354912,33,5.0,2941,2022-05-01 11:45:00,2022-05-01 11:45:00,28.61370251822917,-97.0583086663666,,2022-05-01,1800,0 days 00:45:00,105,6,False,False,,,,Free
2022-05-01 12:00:00,3.472539114497544,9.6,9.470745667284143,48,249,43.09090909090909,21.454545454545453,11,5.0,2944,2022-05-01 12:00:00,2022-05-01 12:00:00,31.56409090909541,-97.7804554660205,,2022-05-01,1857,0 days 00:30:00,112,4,False,False,,,,Free
2022-05-01 12:00:00,3.86213178493724,11.345455,11.715047640406963,48,270,156.8709677460704,175.43279570374878,12,5.0,2958,2022-05-01 12:00:00,2022-05-01 12:00:00,30.426290322543625,-96.24067300752944,,2022-05-01,1772,0 days 01:00:00,103,5,False,False,,,,Free
2022-05-01 12:00:00,5.58934586716242,11.686957,24.53645690785059,48,276,173.85305591209826,207.3042912860961,23,5.0,2964,2022-05-01 12:00:00,2022-05-01 12:00:00,30.256469440883315,-95.9219580608136,,2022-05-01,1881,0 days 00:30:00,113,3,False,False,,,,Free
2022-05-01 12:00:00,7.279067550964061,14.030768,41.61418378072677,48,277,176.2572869881144,215.9439461918167,40,5.0,2965,2022-05-01 12:00:00,2022-05-01 12:00:00,30.23242713012315,-95.83556151422528,,2022-05-01,1833,0 days 00:45:00,109,5,False,False,,,,Free
2022-05-01 12:00:00,6.278872139173883,16.88276,30.96372202945861,48,280,182.2350551341896,161.2193847937552,29,5.0,2968,2022-05-01 12:00:00,2022-05-01 12:00:00,30.17264944866239,-96.38280711256772,,2022-05-01,1882,0 days 00:30:00,114,4,False,False,,,,Free
2022-05-01 12:00:00,3.868252023962622,16.58182,11.752206238617372,48,285,188.3257575713789,136.25,12,5.0,2972,2022-05-01 12:00:00,2022-05-01 12:00:00,30.111742424290487,-96.63250095337004,,2022-05-01,1708,0 days 01:15:00,100,6,False,False,,,,Free
2022-05-01 12:00:00,11.664892133705411,95.32799,106.86889914284376,48,286,190.48908423215943,449.5437073815111,100,5.0,2973,2022-05-01 12:00:00,2022-05-01 12:00:00,30.09010915768268,-93.49956396908205,,2022-05-01,1959,0 days 00:00:00,117,3,False,False,,,,Free
2022-05-01 12:00:00,8.191262835107622,23.70612,52.69769314914866,48,306,253.880427688475,122.07615099516732,49,5.0,2990,2022-05-01 12:00:00,2022-05-01 12:00:00,29.45619572311942,-96.774239439368,,2022-05-01,1973,0 days 00:00:00,118,5,False,False,,,,Free
2022-05-01 12:00:00,29.178772438858783,103.8686,668.6885940349887,48,308,267.52492125002345,186.0122969133284,621,5.0,2992,2022-05-01 12:00:00,2022-05-01 12:00:00,29.31975078750392,-96.13487799845684,,2022-05-01,1894,0 days 00:30:00,115,4,False,False,,,,Free
2022-05-01 12:00:00,,,,48,320,279.43258928008834,219.42901785516617,64,5.0,3002,2022-05-01 12:00:00,2022-05-01 12:00:00,29.20067410720325,-95.80071079858766,,2022-05-01,1851,0 days 00:45:00,111,3,False,False,,,,Free
2022-05-01 12:00:00,7.867350511820138,38.18667,48.61237960427231,48,324,300.45560466521937,188.03240927156,45,5.0,3006,2022-05-01 12:00:00,2022-05-01 12:00:00,28.990443953351907,-96.11467687545178,,2022-05-01,1899,0 days 00:30:00,116,4,False,False,,,,Free
2022-05-01 12:00:00,6.949568946100703,21.66857,37.93198910316051,48,327,333.3609873176295,91.42098045875964,35,5.0,3008,2022-05-01 12:00:00,2022-05-01 12:00:00,28.661390126827754,-97.08079113597204,,2022-05-01,1800,0 days 01:00:00,105,6,False,False,,,,Free
2022-05-01 12:15:00,2.004070137238878,9.6,3.1543923777579934,49,223,35.333333333333336,20.33333333333333,3,5.0,3009,2022-05-01 12:15:00,2022-05-01 12:15:00,31.64166666667118,-97.79166758691224,,2022-05-01,1857,0 days 00:45:00,112,4,False,False,,,,Free
2022-05-01 12:15:00,8.68165955669005,47.31429,59.19641199484195,49,231,85.23134706120587,416.8106853643623,56,5.0,3015,2022-05-01 12:15:00,2022-05-01 12:15:00,31.14268652939238,-93.82689417989968,,2022-05-01,1988,0 days 00:00:00,119,4,False,False,,,,Free
2022-05-01 12:15:00,5.942034477911019,12.553847,27.730660646443702,49,253,172.0865580293788,217.7535641632912,26,5.0,3033,2022-05-01 12:15:00,2022-05-01 12:15:00,30.27413441971052,-95.81746533502763,,2022-05-01,1833,0 days 01:00:00,109,5,False,False,,,,Free
2022-05-01 12:15:00,4.806550246977763,11.294118,18.144995081445938,49,258,179.09719625118674,161.03551402685474,17,5.0,3037,2022-05-01 12:15:00,2022-05-01 12:15:00,30.20402803749242,-96.38464582018418,,2022-05-01,1882,0 days 00:45:00,114,4,False,False,,,,Free
2022-05-01 12:15:00,14.982987113939208,70.40001,176.3139574047418,49,260,189.2842739361124,450.6247613435115,165,5.0,3039,2022-05-01 12:15:00,2022-05-01 12:15:00,30.10215726064315,-93.48875342977097,,2022-05-01,1959,0 days 00:15:00,117,3,False,False,,,,Free
2022-05-01 12:15:00,10.24077580405842,49.37143,82.36744570386587,49,265,200.6483245507981,100.29378015291152,92,5.0,3044,2022-05-01 12:15:00,2022-05-01 12:15:00,29.98851675449628,-96.992063141566,,2022-05-01,2008,0 days 00:00:00,120,6,False,False,,,,Free
2022-05-01 12:15:00,18.31177215641444,81.34531,263.3604971625216,49,274,248.49344011219125,227.66313099355028,245,5.0,3053,2022-05-01 12:15:00,2022-05-01 12:15:00,29.510065598882267,-95.7183696695568,,2022-05-01,1650,0 days 01:45:00,96,7,False,False,,,,Free
2022-05-01 12:15:00,3.3082537350984764,20.4,8.595823795332647,49,275,244.72564935155413,267.2678571483863,8,5.0,3054,2022-05-01 12:15:00,2022-05-01 12:15:00,29.547743506488647,-95.32232241932591,,2022-05-01,2014,0 days 00:00:00,122,3,False,False,,,,Free
2022-05-01 12:15:00,8.597055636675806,38.04445,58.04828001589646,49,276,250.4050661271796,121.13674065391328,54,5.0,3055,2022-05-01 12:15:00,2022-05-01 12:15:00,29.49094933873238,-96.78363354251212,,2022-05-01,1973,0 days 00:15:00,118,5,False,False,,,,Free
2022-05-01 12:15:00,31.169251300192823,111.04315,763.0317724828847,49,277,260.7178512764975,188.78443230622963,725,5.0,3056,2022-05-01 12:15:00,2022-05-01 12:15:00,29.387821487239187,-96.10715664532,,2022-05-01,1894,0 days 00:45:00,115,4,False,False,,,,Free
2022-05-01 12:15:00,5.979188782700229,18.83077,28.07853294142265,49,292,297.12068965947054,187.246384878337,26,5.0,3069,2022-05-01 12:15:00,2022-05-01 12:15:00,29.0237931034094,-96.1225371191594,,2022-05-01,1899,0 days 00:45:00,116,4,False,False,,,,Free
2022-05-01 12:15:00,2.6263679806405893,9.6,5.417526339215995,49,295,331.2,89.8,5,5.0,3072,2022-05-01 12:15:00,2022-05-01 12:15:00,28.683000000004053,-97.0970009400964,,2022-05-01,1800,0 days 01:15:00,105,6,False,False,,,,Free
2022-05-01 12:30:00,9.20808723539388,54.70476,66.5930231944375,50,191,84.47148241951241,419.30076006550894,63,5.0,3077,2022-05-01 12:30:00,2022-05-01 12:30:00,31.150285175809312,-93.80199343359976,,2022-05-01,1988,0 days 00:15:00,119,4,False,False,,,,Free
2022-05-01 12:30:00,,,,50,217,189.29915097422227,450.7183020972065,187,5.0,3099,2022-05-01 12:30:00,2022-05-01 12:30:00,30.10200849026205,-93.48781802226074,,2022-05-01,1959,0 days 00:30:00,117,3,False,False,,,,Free
2022-05-01 12:30:00,5.947733319589263,12.923077,27.78387758001228,50,219,190.561253555448,306.08547008895346,27,5.0,3100,2022-05-01 12:30:00,2022-05-01 12:30:00,30.0893874644498,-94.93414630101285,,2022-05-01,2043,0 days 00:00:00,123,3,False,False,,,,Free
2022-05-01 12:30:00,10.10532201594231,37.376003,80.20292290491892,50,220,197.74216140117323,99.64565519047947,81,5.0,3101,2022-05-01 12:30:00,2022-05-01 12:30:00,30.01757838599253,-96.99854439100513,,2022-05-01,2008,0 days 00:15:00,120,6,False,False,,,,Free
2022-05-01 12:30:00,6.297172338019779,36.74483,31.14447679440377,50,229,240.36288490254697,269.223186645528,33,5.0,3110,2022-05-01 12:30:00,2022-05-01 12:30:00,29.591371150978723,-95.30276912491324,,2022-05-01,2014,0 days 00:15:00,122,3,False,False,,,,Free
2022-05-01 12:30:00,8.270623734188106,13.824,53.72376096498296,50,230,245.16092474930812,121.61831368862354,50,5.0,3111,2022-05-01 12:30:00,2022-05-01 12:30:00,29.543390752511105,-96.77881781230263,,2022-05-01,1973,0 days 00:30:00,118,5,False,False,,,,Free
2022-05-01 12:45:00,2.852078717241914,16.0,6.388705913965506,51,247,154.92424242862108,87.93030302855156,6,5.0,3142,2022-05-01 12:45:00,2022-05-01 12:45:00,30.445757575718115,-97.1156979092766,,2022-05-01,2070,0 days 00:00:00,125,3,False,False,,,,Free
2022-05-01 12:45:00,6.800287896766681,21.741177,36.31988628544386,51,257,187.8278284874744,306.81307098421314,34,5.0,3151,2022-05-01 12:45:00,2022-05-01 12:45:00,30.116721715129533,-94.92687029226812,,2022-05-01,2043,0 days 00:15:00,123,3,False,False,,,,Free
2022-05-01 12:45:00,8.960338519397805,20.338985,63.05778572005011,51,258,192.2955145027112,99.80738787221355,60,5.0,3152,2022-05-01 12:45:00,2022-05-01 12:45:00,30.07204485497716,-96.996927064234,,2022-05-01,2008,0 days 00:30:00,120,6,False,False,,,,Free
2022-05-01 12:45:00,7.378593792309844,13.2,42.75993985345293,51,260,193.8396341496213,404.1701219670869,40,5.0,3154,2022-05-01 12:45:00,2022-05-01 12:45:00,30.05660365850805,-93.95329981026026,,2022-05-01,2078,0 days 00:00:00,127,3,False,False,,,,Free
2022-05-01 12:45:00,8.100171592070508,40.800003,51.5321567668036,51,273,236.87505514415503,269.6120423503661,52,5.0,3166,2022-05-01 12:45:00,2022-05-01 12:45:00,29.62624944856265,-95.29888056797604,,2022-05-01,2014,0 days 00:30:00,122,3,False,False,,,,Free
2022-05-01 12:45:00,7.302591497495344,37.66154,41.883589619723615,51,275,240.7081174227711,122.23111949370876,39,5.0,3168,2022-05-01 12:45:00,2022-05-01 12:45:00,29.587918825776484,-96.77268975442688,,2022-05-01,1973,0 days 00:45:00,118,5,False,False,,,,Free
2022-05-01 13:00:00,,,,52,215,83.5,428.5,2,5.0,3188,2022-05-01 13:00:00,2022-05-01 13:00:00,31.16000000000444,-93.71000103688368,,2022-05-01,1988,0 days 00:45:00,119,4,False,False,,,,Free
2022-05-01 13:00:00,5.583211185428296,40.486958,24.482625653584734,52,227,151.05194807653066,88.00514581950021,23,5.0,3196,2022-05-01 13:00:00,2022-05-01 13:00:00,30.48448051923903,-97.11494948138852,,2022-05-01,2070,0 days 00:15:00,125,3,False,False,,,,Free
2022-05-01 13:00:00,3.4952041945825174,9.6,9.594779248211523,52,233,167.11111111111111,121.33333333333331,9,5.0,3202,2022-05-01 13:00:00,2022-05-01 13:00:00,30.3238888888932,-96.7816676157741,,2022-05-01,2105,0 days 00:00:00,128,3,False,False,,,,Free
2022-05-01 13:00:00,9.25713092444294,24.38095,67.30428167003127,52,240,187.64914006159248,101.53071253029418,63,5.0,3209,2022-05-01 13:00:00,2022-05-01 13:00:00,30.11850859938836,-96.97969381814568,,2022-05-01,2008,0 days 00:45:00,120,6,False,False,,,,Free
2022-05-01 13:00:00,4.664765379374007,14.400001,17.090292344896085,52,241,186.1582446808342,307.3750000047557,16,5.0,3210,2022-05-01 13:00:00,2022-05-01 13:00:00,30.133417553195937,-94.9212510022233,,2022-05-01,2043,0 days 00:30:00,123,3,False,False,,,,Free
2022-05-01 13:00:00,8.331706683515597,19.95294,54.520248406655824,52,244,194.230002620866,404.98846057872686,51,5.0,3213,2022-05-01 13:00:00,2022-05-01 13:00:00,30.052699973795605,-93.94511642437772,,2022-05-01,2078,0 days 00:15:00,127,3,False,False,,,,Free
2022-05-01 13:00:00,6.296407821519655,15.558622,31.13691498102197,52,268,237.67668190749427,122.69039843432974,29,5.0,3233,2022-05-01 13:00:00,2022-05-01 13:00:00,29.618233180929256,-96.76809696515193,,2022-05-01,1973,0 days 01:00:00,118,5,False,False,,,,Free
2022-05-01 13:15:00,3.2809756967654,15.6,8.454655345317844,53,233,82.94103773929717,432.16745282939297,8,5.0,3246,2022-05-01 13:15:00,2022-05-01 13:15:00,31.165589622611467,-93.67332650963772,,2022-05-01,1988,0 days 01:00:00,119,4,False,False,,,,Free
2022-05-01 13:15:00,3.680700592156084,10.559999,10.640226267804204,53,245,147.9928057627996,88.58633093216683,10,5.0,3257,2022-05-01 13:15:00,2022-05-01 13:15:00,30.51507194237634,-97.10913763042794,,2022-05-01,2070,0 days 00:30:00,125,3,False,False,,,,Free
2022-05-01 13:15:00,5.824283606298009,16.896002,26.64249603844001,53,252,163.21654338946314,121.01277740737834,25,5.0,3261,2022-05-01 13:15:00,2022-05-01 13:15:00,30.362834566109683,-96.78487317494204,,2022-05-01,2105,0 days 00:15:00,128,3,False,False,,,,Free
2022-05-01 13:15:00,9.756043648887788,33.18857,74.75450167454666,53,258,183.7882627320783,101.48124875064654,70,5.0,3265,2022-05-01 13:15:00,2022-05-01 13:15:00,30.15711737268349,-96.980188455928,,2022-05-01,2008,0 days 01:00:00,120,6,False,False,,,,Free
2022-05-01 13:15:00,11.781265574753746,54.682354,109.0118659264138,53,262,192.92884203570983,404.28443442121306,102,5.0,3268,2022-05-01 13:15:00,2022-05-01 13:15:00,30.06571157964717,-93.95215668575167,,2022-05-01,2078,0 days 00:30:00,127,3,False,False,,,,Free
2022-05-01 13:15:00,2.8571190496563568,12.799999,6.411306731450284,53,266,190.186770422962,359.9027237419061,7,5.0,3272,2022-05-01 13:15:00,2022-05-01 13:15:00,30.09313229577465,-94.39597377986216,,2022-05-01,2146,0 days 00:00:00,129,4,False,False,,,,Free
2022-05-01 13:15:00,1.6556659284326272,9.6,2.1529567455767773,53,300,264.0,167.5,2,5.0,3298,2022-05-01 13:15:00,2022-05-01 13:15:00,29.35500000000416,-96.3200009623,,2022-05-01,2168,0 days 00:00:00,130,3,False,False,,,,Free
2022-05-01 13:30:00,5.800084563403887,28.031998,26.42156464723492,54,220,83.22994095699475,438.58909345425,25,5.0,3304,2022-05-01 13:30:00,2022-05-01 13:30:00,31.162700590434493,-93.6091101052242,,2022-05-01,2173,0 days 00:00:00,131,3,False,False,,,,Free
2022-05-01 13:30:00,5.076185209781793,27.284208,20.23786992051616,54,237,158.43411213614263,120.85654207417116,20,5.0,3320,2022-05-01 13:30:00,2022-05-01 13:30:00,30.41065887864289,-96.78643552822945,,2022-05-01,2105,0 days 00:30:00,128,3,False,False,,,,Free
2022-05-01 13:30:00,7.186532007757235,13.642106,40.56286384763662,54,246,179.6729597900439,102.7362971833463,38,5.0,3328,2022-05-01 13:30:00,2022-05-01 13:30:00,30.19827040210385,-96.96763797195962,,2022-05-01,2008,0 days 01:15:00,120,6,False,False,,,,Free
2022-05-01 13:30:00,9.420907221037432,35.889236,69.70683029316073,54,266,225.74417450651484,125.72692118892,67,5.0,3346,2022-05-01 13:30:00,2022-05-01 13:30:00,29.737558254939067,-96.73773173847373,,2022-05-01,2206,0 days 00:00:00,132,5,False,False,,,,Free
2022-05-01 13:45:00,8.83448017284066,32.275864,61.29878721332752,55,215,83.43312262946606,441.00139067655766,58,5.0,3366,2022-05-01 13:45:00,2022-05-01 13:45:00,31.16066877370978,-93.5849871336905,,2022-05-01,2173,0 days 00:15:00,131,3,False,False,,,,Free
2022-05-01 13:45:00,8.717129937356043,30.857143,59.68111394196035,55,234,163.672790059151,428.5002762237245,56,5.0,3384,2022-05-01 13:45:00,2022-05-01 13:45:00,30.358272099412805,-93.70999827464648,,2022-05-01,2235,0 days 00:00:00,133,4,False,False,,,,Free
2022-05-01 13:45:00,2.6064311037876866,11.52,5.335589148862762,55,245,176.4233128888197,416.8588957037268,5,5.0,3394,2022-05-01 13:45:00,2022-05-01 13:45:00,30.230766871116096,-93.82641207651984,,2022-05-01,2244,0 days 00:00:00,134,3,False,False,,,,Free
2022-05-01 13:45:00,23.87621719676434,71.5074,447.7348743873976,55,247,189.96739286312408,364.0625304448441,420,5.0,3395,2022-05-01 13:45:00,2022-05-01 13:45:00,30.09532607137304,-94.3543757140215,,2022-05-01,2146,0 days 00:30:00,129,4,False,False,,,,Free
2022-05-01 13:45:00,12.95665259335524,79.68781,131.84859606274438,55,259,222.02477520059767,126.59153549476696,123,5.0,3406,2022-05-01 13:45:00,2022-05-01 13:45:00,29.774752247998247,-96.72908559566235,,2022-05-01,2206,0 days 00:15:00,132,5,False,False,,,,Free
2022-05-01 13:45:00,17.19638458517821,35.466667,232.25452274407985,55,268,252.67338316243087,168.03874910313743,216,5.0,3415,2022-05-01 13:45:00,2022-05-01 13:45:00,29.468266168379863,-96.3146134714226,,2022-05-01,2168,0 days 00:30:00,130,3,False,False,,,,Free
2022-05-01 14:00:00,2.3199236384969613,9.6,4.227048799035266,56,196,82.5,444.5,4,5.0,3427,2022-05-01 14:00:00,2022-05-01 14:00:00,31.170000000004443,-93.55000104145586,,2022-05-01,2173,0 days 00:30:00,131,3,False,False,,,,Free
2022-05-01 14:00:00,11.233643516871169,28.387104,99.11312226042308,56,216,162.91760919524845,433.0392643421566,93,5.0,3444,2022-05-01 14:00:00,2022-05-01 14:00:00,30.36582390805183,-93.66460839475924,,2022-05-01,2235,0 days 00:15:00,133,4,False,False,,,,Free
2022-05-01 14:00:00,13.79010644227932,37.440002,149.35684056918674,56,218,173.92077681336187,419.1247577768905,140,5.0,3446,2022-05-01 14:00:00,2022-05-01 14:00:00,30.25579223187068,-93.80375345643569,,2022-05-01,2244,0 days 00:15:00,134,3,False,False,,,,Free
2022-05-01 14:00:00,25.92046285670828,92.81296,527.6857740432062,56,222,188.54684419358352,366.9043983562965,495,5.0,3450,2022-05-01 14:00:00,2022-05-01 14:00:00,30.10953155806844,-94.32595703571906,,2022-05-01,2146,0 days 00:45:00,129,4,False,False,,,,Free
2022-05-01 14:00:00,3.29887349191032,12.0,8.547147597345628,56,231,188.41785714164072,303.83571428328145,8,5.0,3456,2022-05-01 14:00:00,2022-05-01 14:00:00,30.11082142858787,-94.95664385842667,,2022-05-01,2284,0 days 00:00:00,135,3,False,False,,,,Free
2022-05-01 14:00:00,12.415957697045528,48.764603,121.07384362373767,56,243,216.27344286027943,126.3715739056016,115,5.0,3467,2022-05-01 14:00:00,2022-05-01 14:00:00,29.83226557140144,-96.73128521149113,,2022-05-01,2206,0 days 00:30:00,132,5,False,False,,,,Free
2022-05-01 14:00:00,,,,56,252,249.6153846085029,168.85365855295052,38,5.0,3475,2022-05-01 14:00:00,2022-05-01 14:00:00,29.49884615391915,-96.30646437715734,,2022-05-01,2168,0 days 00:45:00,130,3,False,False,,,,Free
2022-05-01 14:00:00,5.611466547221545,16.695654,24.731054687070834,56,256,252.0417256095025,208.1110325375245,26,5.0,3479,2022-05-01 14:00:00,2022-05-01 14:00:00,29.47458274390915,-95.91389064852984,,2022-05-01,2301,0 days 00:00:00,136,3,False,False,,,,Free
2022-05-01 14:15:00,6.890634332527077,34.01143,37.29136571427887,57,218,161.03959031331462,437.165452068736,35,5.0,3499,2022-05-01 14:15:00,2022-05-01 14:15:00,30.38460409687117,-93.62334651867252,,2022-05-01,2235,0 days 00:30:00,133,4,False,False,,,,Free
2022-05-01 14:15:00,14.64785617556663,84.88101,168.514786889308,57,219,170.61804325767724,421.1005214815256,174,5.0,3500,2022-05-01 14:15:00,2022-05-01 14:15:00,30.28881956742753,-93.78399581995392,,2022-05-01,2244,0 days 00:30:00,134,3,False,False,,,,Free
2022-05-01 14:15:00,27.52125508925313,85.45206,594.8758698389994,57,223,185.29325092813485,371.0726221812619,559,5.0,3504,2022-05-01 14:15:00,2022-05-01 14:15:00,30.142067490722933,-94.28427479866052,,2022-05-01,2146,0 days 01:00:00,129,4,False,False,,,,Free
2022-05-01 14:15:00,6.387731660982732,25.6,32.0466921887887,57,232,186.87766990103088,306.0097087529062,30,5.0,3509,2022-05-01 14:15:00,2022-05-01 14:15:00,30.12622330099397,-94.93490391435164,,2022-05-01,2284,0 days 00:15:00,135,3,False,False,,,,Free
2022-05-01 14:15:00,11.617332353134175,14.933333,105.9992297295876,57,242,209.72429149748723,128.45344129929816,100,5.0,3517,2022-05-01 14:15:00,2022-05-01 14:15:00,29.89775708502937,-96.71046653814908,,2022-05-01,2206,0 days 00:45:00,132,5,False,False,,,,Free
2022-05-01 14:15:00,20.715876622980755,50.231846,337.05169308719854,57,248,233.25735888255664,233.95068769998696,315,5.0,3522,2022-05-01 14:15:00,2022-05-01 14:15:00,29.66242641117864,-95.65549410428918,,2022-05-01,2329,0 days 00:00:00,138,3,False,False,,,,Free
2022-05-01 14:15:00,11.873765524461776,105.4136,110.7303871552486,57,255,250.23516330813783,209.866261876694,103,5.0,3527,2022-05-01 14:15:00,2022-05-01 14:15:00,29.4926483669228,-95.89633835563971,,2022-05-01,2301,0 days 00:15:00,136,3,False,False,,,,Free
2022-05-01 14:15:00,3.881319180064621,14.836365,11.8317394710443,57,259,255.82624768930103,228.3512014753217,11,5.0,3530,2022-05-01 14:15:00,2022-05-01 14:15:00,29.43673752311116,-95.71148896493573,,2022-05-01,2334,0 days 00:00:00,139,3,False,False,,,,Free
2022-05-01 14:30:00,5.585688061737611,13.3565235,24.504352894197712,58,217,161.0780436995178,439.8106139379741,23,5.0,3556,2022-05-01 14:30:00,2022-05-01 14:30:00,30.38421956300914,-93.59689490073606,,2022-05-01,2235,0 days 00:45:00,133,4,False,False,,,,Free
2022-05-01 14:30:00,2.020066771565167,9.6,3.2049505361777824,58,230,187.25,310.0,4,5.0,3569,2022-05-01 14:30:00,2022-05-01 14:30:00,30.12250000000428,-94.89500100302098,,2022-05-01,2284,0 days 00:30:00,135,3,False,False,,,,Free
2022-05-01 14:30:00,10.633158726729135,13.879517,88.80030861068931,58,238,201.5725916011241,129.4325644639802,83,5.0,3576,2022-05-01 14:30:00,2022-05-01 14:30:00,29.97927408399301,-96.70067530678205,,2022-05-01,2206,0 days 01:00:00,132,5,False,False,,,,Free
2022-05-01 14:30:00,16.110094333999502,21.170527,203.8384218614156,58,244,229.88059798399007,237.00487484945972,191,5.0,3582,2022-05-01 14:30:00,2022-05-01 14:30:00,29.69619402016431,-95.62495223366722,,2022-05-01,2329,0 days 00:15:00,138,3,False,False,,,,Free
2022-05-01 14:30:00,15.07106084754155,61.82169,178.39288452004917,58,248,246.59715450176463,212.64066412487813,166,5.0,3585,2022-05-01 14:30:00,2022-05-01 14:30:00,29.529028454986538,-95.86859433395068,,2022-05-01,2301,0 days 00:30:00,136,3,False,False,,,,Free
2022-05-01 14:30:00,9.138604488377124,28.800001,65.59181447066793,58,251,252.15002072780013,229.736740642784,61,5.0,3588,2022-05-01 14:30:00,2022-05-01 14:30:00,29.473499792726173,-95.697633573657,,2022-05-01,2334,0 days 00:15:00,139,3,False,False,,,,Free
2022-05-01 14:45:00,2.0109281210135124,25.6,3.176018153539256,59,254,99.614886731891,496.770226536218,3,5.0,3600,2022-05-01 14:45:00,2022-05-01 14:45:00,30.998851132685505,-93.02729879103045,,2022-05-01,2389,0 days 00:00:00,140,3,False,False,,,,Free
2022-05-01 14:45:00,13.758446782477902,29.352518,148.67183370875463,59,298,197.90357463479864,209.18227473827,139,5.0,3637,2022-05-01 14:45:00,2022-05-01 14:45:00,30.015964253656275,-95.90317822682852,,2022-05-01,2421,0 days 00:00:00,143,3,False,False,,,,Free
2022-05-01 14:45:00,2.337097393003236,9.6,4.289863794262406,59,309,226.66666666666663,240.16666666666663,6,5.0,3648,2022-05-01 14:45:00,2022-05-01 14:45:00,29.72833333333755,-95.59333431639868,,2022-05-01,2329,0 days 00:30:00,138,3,False,False,,,,Free
2022-05-01 15:00:00,8.29187366024573,73.97646,54.00018329761991,60,275,100.25345388195306,497.0987548701973,51,5.0,3665,2022-05-01 15:00:00,2022-05-01 15:00:00,30.99246546118488,-93.0240135077845,,2022-05-01,2389,0 days 00:15:00,140,3,False,False,,,,Free
2022-05-01 15:00:00,13.504454384582766,30.161194,143.23328943039562,60,317,194.73799560493416,212.87297471275,139,5.0,3697,2022-05-01 15:00:00,2022-05-01 15:00:00,30.047620043954925,-95.86627122813836,,2022-05-01,2421,0 days 00:15:00,143,3,False,False,,,,Free
2022-05-01 15:00:00,9.71653584467042,26.434782,74.15028005621902,60,346,246.5714672044026,237.14942528234607,69,5.0,3720,2022-05-01 15:00:00,2022-05-01 15:00:00,29.52928532796016,-95.62350672937964,,2022-05-01,2334,0 days 00:45:00,139,3,False,False,,,,Free
2022-05-01 15:15:00,6.032678832507383,37.333336,28.58316335419234,61,205,99.52027491425451,497.9571592055327,27,5.0,3735,2022-05-01 15:15:00,2022-05-01 15:15:00,30.999797250861867,-93.01542946467646,,2022-05-01,2389,0 days 00:30:00,140,3,False,False,,,,Free
2022-05-01 15:30:00,10.375896499534448,15.12,84.55536007675967,62,172,84.30014821601105,417.3132410893317,80,5.0,3775,2022-05-01 15:30:00,2022-05-01 15:30:00,31.151998517844326,-93.8218686227936,,2022-05-01,2522,0 days 00:00:00,145,3,False,False,,,,Free
2022-05-01 15:30:00,2.0194867036075026,9.6,3.2031101790007632,62,210,182.0,214.0,3,5.0,3809,2022-05-01 15:30:00,2022-05-01 15:30:00,30.175000000004285,-95.85500097558791,,2022-05-01,2421,0 days 00:45:00,143,3,False,False,,,,Free
2022-05-01 15:30:00,2.614844314558732,9.6,5.370089876373047,62,219,240.8,232.6,5,5.0,3815,2022-05-01 15:30:00,2022-05-01 15:30:00,29.587000000004192,-95.66900098090308,,2022-05-01,2550,0 days 00:00:00,146,3,False,False,,,,Free
2022-05-01 15:45:00,11.306219935061618,34.661057,100.39792570735293,63,166,83.52452266895327,415.8089289509503,95,5.0,3821,2022-05-01 15:45:00,2022-05-01 15:45:00,31.159754773314905,-93.83691174374752,,2022-05-01,2522,0 days 00:15:00,145,3,False,False,,,,Free
2022-05-01 16:00:00,7.425690449248698,25.52195,43.30754481831051,64,163,78.16924173651137,457.3120988686818,41,5.0,3863,2022-05-01 16:00:00,2022-05-01 16:00:00,31.21330758263933,-93.4218800564302,,2022-05-01,2588,0 days 00:00:00,147,4,False,False,,,,Free
2022-05-01 16:00:00,12.32988018107559,27.695576,119.4008982114221,64,165,81.1176791815186,414.16891529326574,113,5.0,3865,2022-05-01 16:00:00,2022-05-01 16:00:00,31.183823208189256,-93.85331187985572,,2022-05-01,2522,0 days 00:30:00,145,3,False,False,,,,Free
2022-05-01 16:00:00,8.58719839881302,42.844448,57.91524198686041,64,209,226.60980622495563,233.94676062824368,54,5.0,3905,2022-05-01 16:00:00,2022-05-01 16:00:00,29.72890193775466,-95.65553337500552,,2022-05-01,2550,0 days 00:30:00,146,3,False,False,,,,Free
2022-05-01 16:15:00,7.778825317029549,38.613335,47.52453971687325,65,221,76.45987042235868,455.5101150291591,45,5.0,3909,2022-05-01 16:15:00,2022-05-01 16:15:00,31.230401295780865,-93.43989989431049,,2022-05-01,2588,0 days 00:15:00,147,4,False,False,,,,Free
2022-05-01 16:15:00,6.573154640556296,24.000002,33.93419730586031,65,235,115.49046052159572,476.8980262876176,32,5.0,3922,2022-05-01 16:15:00,2022-05-01 16:15:00,30.84009539478843,-93.22602078783774,,2022-05-01,2632,0 days 00:00:00,148,3,False,False,,,,Free
2022-05-01 16:15:00,4.033034526305324,12.799999,12.7747897539218,65,256,153.30341879993546,292.69658120006454,12,5.0,3941,2022-05-01 16:15:00,2022-05-01 16:15:00,30.461965812004976,-95.06803518607568,,2022-05-01,2647,0 days 00:00:00,149,3,False,False,,,,Free
2022-05-01 16:15:00,12.364404683605018,60.34286,120.0704956204866,65,285,222.1200386886061,236.20154765081944,113,5.0,3957,2022-05-01 16:15:00,2022-05-01 16:15:00,29.77379961311816,-95.63298550542407,,2022-05-01,2550,0 days 00:45:00,146,3,False,False,,,,Free
2022-05-01 16:30:00,7.148138116921341,54.315796,40.13060916138279,66,142,75.97407776138932,455.6518445072673,50,5.0,3964,2022-05-01 16:30:00,2022-05-01 16:30:00,31.23525922239056,-93.43848259956992,,2022-05-01,2588,0 days 00:30:00,147,4,False,False,,,,Free
2022-05-01 16:30:00,11.266077212406948,45.344685,99.68626585684294,66,159,115.87675351084955,481.9980487135738,94,5.0,3978,2022-05-01 16:30:00,2022-05-01 16:30:00,30.836232464895893,-93.1750205650356,,2022-05-01,2632,0 days 00:15:00,148,3,False,False,,,,Free
2022-05-01 16:45:00,3.0678931049847056,10.971428,7.392142462532777,67,205,75.88995215201841,455.0095693681657,7,5.0,4004,2022-05-01 16:45:00,2022-05-01 16:45:00,31.236100478484268,-93.4449053507774,,2022-05-01,2588,0 days 00:45:00,147,4,False,False,,,,Free
2022-05-01 16:45:00,4.02557035281881,12.800002,12.72754740653652,67,228,117.19658120006456,488.5448718000968,12,5.0,4023,2022-05-01 16:45:00,2022-05-01 16:45:00,30.823034188003746,-93.1095523360412,,2022-05-01,2632,0 days 00:30:00,148,3,False,False,,,,Free
2022-05-01 16:45:00,16.740683800617365,104.440575,220.10822336699056,67,237,142.17080090459473,301.865246135521,207,5.0,4031,2022-05-01 16:45:00,2022-05-01 16:45:00,30.5732919909584,-94.9763485393412,,2022-05-01,2647,0 days 00:30:00,149,3,False,False,,,,Free
2022-05-01 17:00:00,20.67964432853216,69.26582,335.8737099573389,68,115,136.8726905845227,306.24014177684154,316,5.0,4068,2022-05-01 17:00:00,2022-05-01 17:00:00,30.626273094159128,-94.93259958417816,,2022-05-01,2647,0 days 00:45:00,149,3,False,False,,,,Free
2022-05-01 18:45:00,33.18419680267245,252.9063,864.8733241061461,75,66,145.2975464440702,459.4784175081398,814,5.0,4206,2022-05-01 18:45:00,2022-05-01 18:45:00,30.54202453556364,-93.40021687065467,,2022-05-01,2884,0 days 00:00:00,150,4,False,False,,,,Free
2022-05-01 19:00:00,36.59647891925975,185.89444,1051.8855425326913,76,44,144.5536942767303,459.2706546246821,990,5.0,4217,2022-05-01 19:00:00,2022-05-01 19:00:00,30.54946305723704,-93.4022944994299,,2022-05-01,2884,0 days 00:15:00,150,4,False,False,,,,Free
2022-05-01 19:15:00,35.42553253040882,116.63948,985.6498411884394,77,71,142.87961649733444,457.5777518399343,937,5.0,4229,2022-05-01 19:15:00,2022-05-01 19:15:00,30.566203835031,-93.4192235267936,,2022-05-01,2884,0 days 00:30:00,150,4,False,False,,,,Free
2022-05-01 19:30:00,32.87002561559938,57.407516,848.5744795139032,78,81,141.7068472510622,457.8313582754729,798,5.0,4245,2022-05-01 19:30:00,2022-05-01 19:30:00,30.577931527493725,-93.41668746251072,,2022-05-01,2884,0 days 00:45:00,150,4,False,False,,,,Free
2022-05-01 20:00:00,2.3209020145129533,9.6,4.230614877808175,80,62,90.5,498.5,4,5.0,4270,2022-05-01 20:00:00,2022-05-01 20:00:00,31.09000000000443,-93.01000105688696,,2022-05-01,2942,0 days 00:00:00,151,3,False,False,,,,Free
2022-05-01 20:15:00,2.8425876128259744,9.599999,6.346256185651535,81,87,91.88888888888889,498.1111111111111,9,5.0,4288,2022-05-01 20:15:00,2022-05-01 20:15:00,31.076111111115537,-93.01388994566469,,2022-05-01,2942,0 days 00:15:00,151,3,False,False,,,,Free
2022-05-01 20:30:00,2.010259634254468,9.6,3.1739069162774687,82,138,93.33333333333331,498.6666666666667,3,5.0,4314,2022-05-01 20:30:00,2022-05-01 20:30:00,31.06166666667109,-93.00833439026786,,2022-05-01,2942,0 days 00:30:00,151,3,False,False,,,,Free
2022-05-01 21:15:00,32.19356587304574,186.93954,814.0068284147701,85,82,37.3666331825853,311.4847926578649,817,5.0,4356,2022-05-01 21:15:00,2022-05-01 21:15:00,31.621333668178657,-94.88015307686663,,2022-05-01,3014,0 days 00:00:00,152,3,False,False,,,,Free
2022-05-01 21:30:00,29.631993342643028,147.32196,689.6228074985518,86,75,32.4718304237783,311.9832525272991,656,5.0,4379,2022-05-01 21:30:00,2022-05-01 21:30:00,31.670281695766736,-94.87516847831472,,2022-05-01,3014,0 days 00:15:00,152,3,False,False,,,,Free
2022-05-01 21:45:00,31.251483159938548,68.90959,767.0632001137457,87,46,26.478111275666784,312.0209630146836,732,5.0,4394,2022-05-01 21:45:00,2022-05-01 21:45:00,31.73021888724786,-94.87479137345169,,2022-05-01,3014,0 days 00:30:00,152,3,False,False,,,,Free
2022-05-02 01:15:00,2.048006285827643,9.6,3.294218879811786,101,114,475.3333333333333,127.33333333333331,3,5.0,4486,2022-05-02 01:15:00,2022-05-02 01:15:00,27.241666666670493,-96.72166761748866,,2022-05-02,3129,0 days 00:00:00,153,3,False,False,,,,Free
2022-05-02 01:45:00,1.6524332270172928,14.400001,2.1445576215736706,103,185,224.75531914353965,0.0,2,5.0,4532,2022-05-02 01:45:00,2022-05-02 01:45:00,29.74744680856882,-97.99500091443508,,2022-05-02,3170,0 days 00:00:00,155,3,False,False,,,,Free
2022-05-02 01:45:00,1.6726528832517205,9.6,2.1973615879423822,103,216,481.5,130.0,2,5.0,4549,2022-05-02 01:45:00,2022-05-02 01:45:00,27.18000000000381,-96.695000951584,,2022-05-02,3129,0 days 00:30:00,153,3,False,False,,,,Free
2022-05-02 02:00:00,2.357314579114962,9.6,4.364404206487166,104,196,405.5,146.5,4,5.0,4574,2022-05-02 02:00:00,2022-05-02 02:00:00,27.94000000000393,-96.53000095629908,,2022-05-02,3206,0 days 00:00:00,156,3,False,False,,,,Free
2022-05-02 02:00:00,2.048557740771454,9.6,3.295993149621776,104,207,481.4,128.4,5,5.0,4582,2022-05-02 02:00:00,2022-05-02 02:00:00,27.181000000003817,-96.71100095112678,,2022-05-02,3129,0 days 00:45:00,153,3,False,False,,,,Free
2022-05-02 02:15:00,1.652515630612663,19.2,2.1447715166490395,105,222,225.5,0.0,2,5.0,4600,2022-05-02 02:15:00,2022-05-02 02:15:00,29.740000000004216,-97.99500091443508,,2022-05-02,3170,0 days 00:30:00,155,3,False,False,,,,Free
2022-05-02 02:15:00,,,,105,239,402.19433721137625,146.643715156458,42,5.0,4616,2022-05-02 02:15:00,2022-05-02 02:15:00,27.973056627890177,-96.52856380477556,,2022-05-02,3206,0 days 00:15:00,156,3,False,False,,,,Free
2022-05-02 02:30:00,,,,106,207,225.91901408214224,0.5,4,5.0,4635,2022-05-02 02:30:00,2022-05-02 02:30:00,29.7358098591828,-97.990000914578,,2022-05-02,3170,0 days 00:45:00,155,3,False,False,,,,Free
2022-05-02 02:30:00,4.849110815155147,11.858824,18.467754787293828,106,221,359.06441718509296,120.61196318524858,20,5.0,4643,2022-05-02 02:30:00,2022-05-02 02:30:00,28.40435582815308,-96.78888131704878,,2022-05-02,3268,0 days 00:00:00,157,3,False,False,,,,Free
2022-05-02 02:30:00,8.5772371890878,15.396225,57.78095575343865,106,226,397.1106747392157,145.1438771759614,55,5.0,4647,2022-05-02 02:30:00,2022-05-02 02:30:00,28.023893252611792,-96.54356218415194,,2022-05-02,3206,0 days 00:30:00,156,3,False,False,,,,Free
2022-05-02 02:45:00,7.055257190122045,11.733334,39.09449264641124,107,207,355.0186234820315,118.7093117487378,37,5.0,4689,2022-05-02 02:45:00,2022-05-02 02:45:00,28.4448137651837,-96.8079078308702,,2022-05-02,3268,0 days 00:15:00,157,3,False,False,,,,Free
2022-05-02 03:00:00,2.0365490431883133,12.8,3.2574640196035785,108,260,353.2473118307136,116.3709677460704,6,5.0,4735,2022-05-02 03:00:00,2022-05-02 03:00:00,28.46252688169688,-96.83129127022865,,2022-05-02,3268,0 days 00:30:00,157,3,False,False,,,,Free
2022-05-02 03:30:00,3.52164170341352,9.6,9.740476832111684,109,291,319.3333333333333,170.33333333333334,9,5.0,4786,2022-05-02 03:30:00,2022-05-02 03:30:00,28.801666666670737,-96.29166762977638,,2022-05-02,3390,0 days 00:00:00,158,3,False,False,,,,Free
2022-05-02 03:30:00,19.14027486893944,24.419771,287.7307130252197,109,316,431.01895799322654,126.89262402267848,265,5.0,4805,2022-05-02 03:30:00,2022-05-02 03:30:00,27.68481042007163,-96.72607471046928,,2022-05-02,3408,0 days 00:00:00,159,4,False,False,,,,Free
2022-05-02 03:45:00,5.116693179459304,13.136844,20.56215517416323,110,306,318.943078909574,168.6106080160701,19,5.0,4846,2022-05-02 03:45:00,2022-05-02 03:45:00,28.80556921090833,-96.30889488245668,,2022-05-02,3390,0 days 00:15:00,158,3,False,False,,,,Free
2022-05-02 03:45:00,17.62184408115001,25.528255,243.8892116604441,110,335,429.7250927102912,125.88153476558624,225,5.0,4868,2022-05-02 03:45:00,2022-05-02 03:45:00,27.697749072900987,-96.73618560275122,,2022-05-02,3408,0 days 00:15:00,159,4,False,False,,,,Free
2022-05-02 03:45:00,2.0443908101219104,9.6,3.282598158212464,110,346,436.3333333333333,145.33333333333334,3,5.0,4878,2022-05-02 03:45:00,2022-05-02 03:45:00,27.631666666670554,-96.54166762263236,,2022-05-02,3472,0 days 00:00:00,162,3,False,False,,,,Free
2022-05-02 04:00:00,2.6248347751209766,9.6,5.411202962689536,111,334,319.7142857142857,169.28571428571428,7,5.0,4923,2022-05-02 04:00:00,2022-05-02 04:00:00,28.79785714286121,-96.3021438199532,,2022-05-02,3390,0 days 00:30:00,158,3,False,False,,,,Free
2022-05-02 04:00:00,3.526849903952697,10.666667,9.769308765538243,111,338,350.27058823749405,155.27058823749405,9,5.0,4927,2022-05-02 04:00:00,2022-05-02 04:00:00,28.492294117629083,-96.4422950764304,,2022-05-02,3513,0 days 00:00:00,163,3,False,False,,,,Free
2022-05-02 04:00:00,11.189851128650282,16.853333,98.34187824208723,111,364,421.4231346193935,122.5811773631957,90,5.0,4944,2022-05-02 04:00:00,2022-05-02 04:00:00,27.78076865380997,-96.76918917583204,,2022-05-02,3528,0 days 00:00:00,164,3,False,False,,,,Free
2022-05-02 04:00:00,5.144029383479627,11.11579,20.782450880918688,111,370,432.8867623626298,143.96012759461755,21,5.0,4948,2022-05-02 04:00:00,2022-05-02 04:00:00,27.6661323763776,-96.5553996796271,,2022-05-02,3472,0 days 00:15:00,162,3,False,False,,,,Free
2022-05-02 04:00:00,2.6425200503135065,9.6,5.484366429854614,111,390,463.2,179.4,5,5.0,4966,2022-05-02 04:00:00,2022-05-02 04:00:00,27.363000000003847,-96.2010009657006,,2022-05-02,3545,0 days 00:00:00,165,3,False,False,,,,Free
2022-05-02 04:00:00,10.170207733058078,16.735136,81.23618667143167,111,393,472.710949902995,95.15688054090484,77,5.0,4969,2022-05-02 04:00:00,2022-05-02 04:00:00,27.26789050097388,-97.04343213621814,,2022-05-02,3548,0 days 00:00:00,166,3,False,False,,,,Free
2022-05-02 04:15:00,5.877488849648531,14.208002,27.1314815193933,112,284,347.9748045226697,155.75152042066398,25,5.0,4999,2022-05-02 04:15:00,2022-05-02 04:15:00,28.51525195477733,-96.43748575473614,,2022-05-02,3513,0 days 00:15:00,163,3,False,False,,,,Free
2022-05-02 04:15:00,3.539187563135802,9.6,9.837778490975593,112,306,424.2307692307692,122.92307692307692,13,5.0,5013,2022-05-02 04:15:00,2022-05-02 04:15:00,27.75269230769621,-96.76577018033096,,2022-05-02,3408,0 days 00:45:00,159,4,False,False,,,,Free
2022-05-02 04:15:00,3.121626883388417,10.971428,7.653355128174391,112,307,427.7799043040369,142.22009569596318,7,5.0,5014,2022-05-02 04:15:00,2022-05-02 04:15:00,27.71720095696353,-96.5727999981164,,2022-05-02,3472,0 days 00:30:00,162,3,False,False,,,,Free
2022-05-02 04:15:00,2.363573813013488,9.6,4.3876120504293015,112,326,463.5,179.5,4,5.0,5032,2022-05-02 04:15:00,2022-05-02 04:15:00,27.360000000003843,-96.20000096572916,,2022-05-02,3545,0 days 00:15:00,165,3,False,False,,,,Free
2022-05-02 04:15:00,2.3642134750552994,9.6,4.389987240614403,112,331,469.5,92.5,4,5.0,5037,2022-05-02 04:15:00,2022-05-02 04:15:00,27.30000000000384,-97.070000940868,,2022-05-02,3548,0 days 00:15:00,166,3,False,False,,,,Free
2022-05-02 04:30:00,4.535191395221804,14.72,16.15403878739258,113,393,268.2235939665778,178.1947873787164,15,5.0,5059,2022-05-02 04:30:00,2022-05-02 04:30:00,29.31276406033837,-96.213053091569,,2022-05-02,3618,0 days 00:00:00,168,3,False,False,,,,Free
2022-05-02 04:30:00,3.5368528942587854,9.6,9.824803547260794,113,435,410.8888888888889,119.44444444444444,9,5.0,5089,2022-05-02 04:30:00,2022-05-02 04:30:00,27.88611111111504,-96.80055650412322,,2022-05-02,3528,0 days 00:30:00,164,3,False,False,,,,Free
2022-05-02 04:30:00,1.671374528052149,9.6,2.194004124811092,113,479,464.5,178.0,2,5.0,5130,2022-05-02 04:30:00,2022-05-02 04:30:00,27.350000000003845,-96.21500096530052,,2022-05-02,3545,0 days 00:30:00,165,3,False,False,,,,Free
2022-05-02 04:45:00,4.221916763450985,14.03077,13.999393304435891,114,486,267.9642248679417,177.32367972369116,13,5.0,5157,2022-05-02 04:45:00,2022-05-02 04:45:00,29.315357751324733,-96.22176416787032,,2022-05-02,3618,0 days 00:15:00,168,3,False,False,,,,Free
2022-05-02 04:45:00,6.545742813886222,17.032259,33.65175796079705,114,522,350.43485257141526,158.49597855751574,31,5.0,5182,2022-05-02 04:45:00,2022-05-02 04:45:00,28.49065147428987,-96.4100411741519,,2022-05-02,3513,0 days 00:45:00,163,3,False,False,,,,Free
2022-05-02 04:45:00,5.656436152297592,27.965221,25.12902625222365,114,551,419.82695949872334,116.7508519379115,23,5.0,5208,2022-05-02 04:45:00,2022-05-02 04:45:00,27.79673040501668,-96.8274924284188,,2022-05-02,3408,0 days 01:15:00,159,4,False,False,,,,Free
2022-05-02 04:45:00,,,,114,592,465.3333333333333,84.0,3,5.0,5245,2022-05-02 04:45:00,2022-05-02 04:45:00,27.34166666667051,-97.155000938439,,2022-05-02,3548,0 days 00:45:00,166,3,False,False,,,,Free
2022-05-02 05:00:00,2.341781081888879,9.6,4.307075332500233,115,526,266.75,177.25,4,5.0,5285,2022-05-02 05:00:00,2022-05-02 05:00:00,29.32750000000416,-96.22250096508624,,2022-05-02,3618,0 days 00:30:00,168,3,False,False,,,,Free
2022-05-02 05:00:00,2.041541542802096,9.6,3.2734546207121573,115,593,406.0,114.0,3,5.0,5332,2022-05-02 05:00:00,2022-05-02 05:00:00,27.93500000000393,-96.85500094701185,,2022-05-02,3528,0 days 01:00:00,164,3,False,False,,,,Free
2022-05-02 05:15:00,14.556384395266928,20.135063,166.41670260629857,116,439,300.19649919395044,187.0469366321672,154,5.0,5411,2022-05-02 05:15:00,2022-05-02 05:15:00,28.993035008064595,-96.12453160156412,,2022-05-02,3929,0 days 00:00:00,173,3,False,False,,,,Free
2022-05-02 05:30:00,,,,117,539,299.7628278121456,188.7765108523648,22,5.0,5526,2022-05-02 05:30:00,2022-05-02 05:30:00,28.997371721882647,-96.10723585985642,,2022-05-02,3929,0 days 00:15:00,173,3,False,False,,,,Free
2022-05-02 05:30:00,2.351585737179549,9.6,4.343216877116813,117,577,353.5,226.5,4,5.0,5562,2022-05-02 05:30:00,2022-05-02 05:30:00,28.46000000000401,-95.73000097915995,,2022-05-02,4050,0 days 00:00:00,174,3,False,False,,,,Free
2022-05-02 05:45:00,,,,118,396,301.7238709517726,191.07290324677737,20,5.0,5642,2022-05-02 05:45:00,2022-05-02 05:45:00,28.977761290486374,-96.08427193656848,,2022-05-02,3929,0 days 00:30:00,173,3,False,False,,,,Free
2022-05-02 05:45:00,3.11034014867121,12.342857,7.598111353388972,118,413,350.3735408459239,228.007782093226,7,5.0,5657,2022-05-02 05:45:00,2022-05-02 05:45:00,28.491264591544784,-95.71492315865856,,2022-05-02,4050,0 days 00:15:00,174,3,False,False,,,,Free
2022-05-02 06:00:00,3.8982278967468527,9.599999,11.93505243990536,119,288,345.72727272727275,228.8181818181818,11,5.0,5730,2022-05-02 06:00:00,2022-05-02 06:00:00,28.537727272731303,-95.70681916164057,,2022-05-02,4050,0 days 00:30:00,174,3,False,False,,,,Free
2022-05-02 07:15:00,3.120192926232188,9.599999,7.64632542019767,124,139,417.7142857142857,149.0,7,5.0,5998,2022-05-02 07:15:00,2022-05-02 07:15:00,27.81785714286105,-96.50500095701346,,2022-05-02,4417,0 days 00:00:00,176,3,False,False,,,,Free
2022-05-02 07:30:00,3.72882594696843,9.6,10.920288330878938,125,281,414.7,147.1,10,5.0,6051,2022-05-02 07:30:00,2022-05-02 07:30:00,27.84800000000392,-96.5240009564705,,2022-05-02,4417,0 days 00:15:00,176,3,False,False,,,,Free
2022-05-02 08:00:00,1.1786845652825688,19.2,1.0911515513165564,127,218,405.7553191435396,139.75531914353965,2,5.0,6122,2022-05-02 08:00:00,2022-05-02 08:00:00,27.93744680856853,-96.59744776293633,,2022-05-02,4417,0 days 00:45:00,176,3,False,False,,,,Free
2022-05-02 08:15:00,3.1085681192838104,9.599999,7.58945619634965,128,202,337.75,247.75,8,5.0,6155,2022-05-02 08:15:00,2022-05-02 08:15:00,28.617500000004043,-95.51750098523236,,2022-05-02,4557,0 days 00:00:00,177,3,False,False,,,,Free
2022-05-02 08:30:00,1.6615204380869286,9.6,2.168209570301088,129,172,336.6666666666667,251.0,3,5.0,6183,2022-05-02 08:30:00,2022-05-02 08:30:00,28.628333333337377,-95.48500098616108,,2022-05-02,4557,0 days 00:15:00,177,3,False,False,,,,Free
2022-05-02 09:00:00,1.661203661711612,9.6,2.1673828912202624,131,249,332.75,257.5,4,5.0,6242,2022-05-02 09:00:00,2022-05-02 09:00:00,28.66750000000405,-95.4200009880185,,2022-05-02,4557,0 days 00:45:00,177,3,False,False,,,,Free
2022-05-02 09:30:00,2.847125187663313,9.599999,6.366533200877727,133,276,121.5,258.0,6,5.0,6338,2022-05-02 09:30:00,2022-05-02 09:30:00,30.78000000000437,-95.4150009881614,,2022-05-02,4727,0 days 00:00:00,178,3,False,False,,,,Free
2022-05-02 09:45:00,8.697796177134496,11.657143,59.41667351740258,134,321,120.86427038445454,267.6925966124713,56,5.0,6411,2022-05-02 09:45:00,2022-05-02 09:45:00,30.786357296159835,-95.31807502480648,,2022-05-02,4727,0 days 00:15:00,178,3,False,False,,,,Free
2022-05-02 09:45:00,3.0773314404116605,9.599999,7.437696098353498,134,324,135.11111111111111,365.22222222222223,9,5.0,6413,2022-05-02 09:45:00,2022-05-02 09:45:00,30.643888888893247,-94.34277879657913,,2022-05-02,4797,0 days 00:00:00,179,3,False,False,,,,Free
2022-05-02 09:45:00,3.2999366217831385,9.6,8.552657473461188,134,355,194.75,362.375,8,5.0,6429,2022-05-02 09:45:00,2022-05-02 09:45:00,30.047500000004263,-94.37125101798772,,2022-05-02,4813,0 days 00:00:00,180,3,False,False,,,,Free
2022-05-02 09:45:00,24.854770581993986,22.543823,485.1872715059674,134,390,394.371215335796,201.0506088537987,448,5.0,6446,2022-05-02 09:45:00,2022-05-02 09:45:00,28.051287846645995,-95.9844948833495,,2022-05-02,4829,0 days 00:00:00,181,3,False,False,,,,Free
2022-05-02 10:00:00,5.669305579255631,9.6,25.24350259452901,135,301,38.06666666666667,317.93333333333334,30,5.0,6458,2022-05-02 10:00:00,2022-05-02 10:00:00,31.614333333337843,-94.81566767195466,,2022-05-02,4840,0 days 00:00:00,182,3,False,False,,,,Free
2022-05-02 10:00:00,2.8435337469032382,9.599999,6.350481496755124,135,313,97.33333333333331,344.0,6,5.0,6467,2022-05-02 10:00:00,2022-05-02 10:00:00,31.021666666671084,-94.55500101273684,,2022-05-02,4848,0 days 00:00:00,183,3,False,False,,,,Free
2022-05-02 10:00:00,1.6437457709153356,9.6,2.122067422877643,135,318,121.0,276.5,2,5.0,6471,2022-05-02 10:00:00,2022-05-02 10:00:00,30.78500000000438,-95.23000099344802,,2022-05-02,4727,0 days 00:30:00,178,3,False,False,,,,Free
2022-05-02 10:00:00,,,,135,322,126.5,407.5,2,5.0,6474,2022-05-02 10:00:00,2022-05-02 10:00:00,30.73000000000437,-93.92000103088264,,2022-05-02,4853,0 days 00:00:00,184,3,False,False,,,,Free
2022-05-02 10:00:00,10.20635343453328,9.5999975,81.81465212995472,135,323,134.57142857142858,377.2207792207792,77,5.0,6475,2022-05-02 10:00:00,2022-05-02 10:00:00,30.64928571429008,-94.22279323002226,,2022-05-02,4797,0 days 00:15:00,179,3,False,False,,,,Free
2022-05-02 10:00:00,4.95012005066667,9.600001,19.24515195693913,135,346,195.25806451612905,370.7741935483871,31,5.0,6491,2022-05-02 10:00:00,2022-05-02 10:00:00,30.042419354842973,-94.287259084904,,2022-05-02,4813,0 days 00:15:00,180,3,False,False,,,,Free
2022-05-02 10:00:00,18.20914029742518,18.758162,260.4166605901968,135,387,391.0456784748183,204.37278755422096,239,5.0,6514,2022-05-02 10:00:00,2022-05-02 10:00:00,28.08454321525577,-95.95127309729465,,2022-05-02,4829,0 days 00:15:00,181,3,False,False,,,,Free
2022-05-02 10:15:00,3.2830924031440536,9.6,8.46556782826298,136,246,95.55555555555556,355.77777777777777,9,5.0,6532,2022-05-02 10:15:00,2022-05-02 10:15:00,31.039444444448865,-94.43722323832468,,2022-05-02,4848,0 days 00:15:00,183,3,False,False,,,,Free
2022-05-02 10:15:00,9.800107243937928,9.7352085,75.43129051388493,136,254,133.40439932131528,389.1133671779214,75,5.0,6539,2022-05-02 10:15:00,2022-05-02 10:15:00,30.66095600679121,-94.1038673538493,,2022-05-02,4797,0 days 00:30:00,179,3,False,False,,,,Free
2022-05-02 10:15:00,6.172825496753247,12.342859,29.926634599848725,136,272,192.08214285835928,316.6401785772066,32,5.0,6550,2022-05-02 10:15:00,2022-05-02 10:15:00,30.07417857142068,-94.82859921914644,,2022-05-02,4913,0 days 00:00:00,185,3,False,False,,,,Free
2022-05-02 10:15:00,4.246271123831327,9.599999,14.161371700746397,136,298,388.2142857142857,209.5,14,5.0,6565,2022-05-02 10:15:00,2022-05-02 10:15:00,28.112857142861102,-95.90000097430196,,2022-05-02,4829,0 days 00:30:00,181,3,False,False,,,,Free
2022-05-02 10:30:00,,,,137,252,33.23196448267327,340.1731409345828,35,5.0,6578,2022-05-02 10:30:00,2022-05-02 10:30:00,31.662680355177784,-94.59326960229748,,2022-05-02,4840,0 days 00:30:00,182,3,False,False,,,,Free
2022-05-02 10:30:00,7.69869287033912,9.6,46.5504485443379,137,261,93.29545454545456,367.9090909090909,44,5.0,6581,2022-05-02 10:30:00,2022-05-02 10:30:00,31.06204545454988,-94.31591011047824,,2022-05-02,4848,0 days 00:30:00,183,3,False,False,,,,Free
2022-05-02 10:30:00,21.346517764675703,17.604748,357.88538186849735,137,263,125.51833491420918,429.2281900725333,548,5.0,6583,2022-05-02 10:30:00,2022-05-02 10:30:00,30.73981665086228,-93.7027191363664,,2022-05-02,4853,0 days 00:30:00,184,3,False,False,,,,Free
2022-05-02 10:30:00,3.68918980281673,9.6,10.689364352124237,137,294,193.23529411764707,326.2352941176471,17,5.0,6596,2022-05-02 10:30:00,2022-05-02 10:30:00,30.0626470588278,-94.73264806648392,,2022-05-02,4913,0 days 00:15:00,185,3,False,False,,,,Free
2022-05-02 10:30:00,1.6501140323043382,9.6,2.138542060578277,137,297,196.5,396.0,2,5.0,6598,2022-05-02 10:30:00,2022-05-02 10:30:00,30.030000000004264,-94.03500102759642,,2022-05-02,4813,0 days 00:45:00,180,3,False,False,,,,Free
2022-05-02 10:30:00,3.717268045419429,9.6,10.852696005739103,137,312,348.5833333333333,202.0,12,5.0,6606,2022-05-02 10:30:00,2022-05-02 10:30:00,28.50916666667069,-95.9750009721588,,2022-05-02,4959,0 days 00:00:00,186,3,False,False,,,,Free
2022-05-02 10:30:00,,,,137,315,357.0378223381387,213.17650428108195,55,5.0,6608,2022-05-02 10:30:00,2022-05-02 10:30:00,28.424621776622622,-95.86323593254178,,2022-05-02,4961,0 days 00:00:00,187,3,False,False,,,,Free
2022-05-02 10:30:00,3.333418237926052,9.6,8.727090825041318,137,322,403.22222222222223,258.3333333333333,9,5.0,6612,2022-05-02 10:30:00,2022-05-02 10:30:00,27.96277777778172,-95.41166765492336,,2022-05-02,4965,0 days 00:00:00,188,3,False,False,,,,Free
2022-05-02 10:45:00,1.6359348423148397,9.6,2.1019476023707333,138,310,31.33333333333333,350.0,3,5.0,6622,2022-05-02 10:45:00,2022-05-02 10:45:00,31.681666666671187,-94.49500101445142,,2022-05-02,4840,0 days 00:45:00,182,3,False,False,,,,Free
2022-05-02 10:45:00,2.008635186190617,9.6,3.168779455434073,138,321,78.0,350.0,3,5.0,6630,2022-05-02 10:45:00,2022-05-02 10:45:00,31.215000000004448,-94.49500101445142,,2022-05-02,4981,0 days 00:00:00,189,3,False,False,,,,Free
2022-05-02 10:45:00,22.95646590743012,15.040002,413.9043035052911,138,328,126.48810364036558,443.9669038649296,394,5.0,6634,2022-05-02 10:45:00,2022-05-02 10:45:00,30.73011896360072,-93.5553320026542,,2022-05-02,4853,0 days 00:45:00,184,3,False,False,,,,Free
2022-05-02 10:45:00,1.6499891442833798,9.6,2.138218363944453,138,367,195.0,336.5,2,5.0,6653,2022-05-02 10:45:00,2022-05-02 10:45:00,30.045000000004265,-94.63000101059367,,2022-05-02,4913,0 days 00:30:00,185,3,False,False,,,,Free
2022-05-02 10:45:00,,,,138,387,348.3333333333333,211.0,3,5.0,6665,2022-05-02 10:45:00,2022-05-02 10:45:00,28.51166666667069,-95.88500097473064,,2022-05-02,4959,0 days 00:15:00,186,3,False,False,,,,Free
2022-05-02 10:45:00,11.877439905892848,11.388234,110.79892962909788,138,388,358.0693099212848,221.98214286822463,104,5.0,6666,2022-05-02 10:45:00,2022-05-02 10:45:00,28.41430690079116,-95.77517954918665,,2022-05-02,4961,0 days 00:15:00,187,3,False,False,,,,Free
2022-05-02 10:45:00,1.6669116979845655,9.6,2.1823031026386657,138,393,406.0,269.5,2,5.0,6671,2022-05-02 10:45:00,2022-05-02 10:45:00,27.93500000000393,-95.30000099144765,,2022-05-02,4965,0 days 00:15:00,188,3,False,False,,,,Free
2022-05-02 10:45:00,13.036713573216444,10.937704,133.48305233909235,138,394,435.311982338964,308.14384317108744,122,5.0,6672,2022-05-02 10:45:00,2022-05-02 10:45:00,27.64188017661425,-94.91356257077967,,2022-05-02,5012,0 days 00:00:00,190,4,False,False,,,,Free
2022-05-02 11:00:00,1.6399136330660118,9.6,2.112184415757485,139,213,76.5,364.0,2,5.0,6683,2022-05-02 11:00:00,2022-05-02 11:00:00,31.23000000000445,-94.35500101845209,,2022-05-02,4981,0 days 00:15:00,189,3,False,False,,,,Free
2022-05-02 11:00:00,2.3511404605731845,9.6,4.34157224239693,139,246,348.9230769230769,219.3846153846154,13,5.0,6701,2022-05-02 11:00:00,2022-05-02 11:00:00,28.505769230773254,-95.80115482328053,,2022-05-02,4959,0 days 00:30:00,186,3,False,False,,,,Free
2022-05-02 11:00:00,6.441888174523776,9.600001,32.59239270776887,139,247,359.1891891891892,232.16216216216216,37,5.0,6702,2022-05-02 11:00:00,2022-05-02 11:00:00,28.40310810811212,-95.67337935915634,,2022-05-02,4961,0 days 00:30:00,187,3,False,False,,,,Free
2022-05-02 11:00:00,13.866324750736323,15.304348,151.0124020950641,139,254,437.22770745506887,318.9180027987322,138,5.0,6708,2022-05-02 11:00:00,2022-05-02 11:00:00,27.6227229254532,-94.80582097758209,,2022-05-02,5012,0 days 00:15:00,190,4,False,False,,,,Free
2022-05-02 11:15:00,1.6397400286846262,9.6,2.11173723969587,140,260,74.5,378.0,2,5.0,6715,2022-05-02 11:15:00,2022-05-02 11:15:00,31.25000000000445,-94.21500102245273,,2022-05-02,4981,0 days 00:30:00,189,3,False,False,,,,Free
2022-05-02 11:15:00,2.0415415531683765,9.6,3.273454653955222,140,324,406.0,287.0,3,5.0,6756,2022-05-02 11:15:00,2022-05-02 11:15:00,27.93500000000393,-95.12500099644848,,2022-05-02,4965,0 days 00:45:00,188,3,False,False,,,,Free
2022-05-02 11:15:00,12.76844707520764,13.702563,128.0460078282362,140,325,438.5177764666032,328.7242192002764,117,5.0,6757,2022-05-02 11:15:00,2022-05-02 11:15:00,27.60982223533785,-94.70775881636888,,2022-05-02,5012,0 days 00:30:00,190,4,False,False,,,,Free
2022-05-02 11:30:00,9.5177340924661,19.495386,71.14706940219477,141,255,440.1217988770669,337.9512804491732,69,5.0,6794,2022-05-02 11:30:00,2022-05-02 11:30:00,27.593782011233213,-94.61548820651666,,2022-05-02,5012,0 days 00:45:00,190,4,False,False,,,,Free
2022-05-02 11:45:00,3.469759979602159,9.6,9.455592520536245,142,234,27.88888888888889,402.3333333333333,9,5.0,6798,2022-05-02 11:45:00,2022-05-02 11:45:00,31.71611111111564,-93.97166769607291,,2022-05-02,5117,0 days 00:00:00,191,3,False,False,,,,Free
2022-05-02 12:00:00,6.334240466517123,16.000002,31.512218147456828,143,199,26.14667580381169,417.5047978263679,58,5.0,6842,2022-05-02 12:00:00,2022-05-02 12:00:00,31.733533241966413,-93.81995305547798,,2022-05-02,5117,0 days 00:15:00,191,3,False,False,,,,Free
2022-05-02 12:15:00,4.169863339075173,11.815386,13.656314978953825,144,204,26.46726862958517,433.636568843656,13,5.0,6882,2022-05-02 12:15:00,2022-05-02 12:15:00,31.73032731370868,-93.6586353499149,,2022-05-02,5117,0 days 00:30:00,191,3,False,False,,,,Free
2022-05-02 14:45:00,3.482704909711182,25.6,9.52627770499328,154,144,97.8198489740013,104.02265373520008,9,5.0,7068,2022-05-02 14:45:00,2022-05-02 14:45:00,31.016801510264404,-96.95477440680868,,2022-05-02,5360,0 days 00:00:00,192,3,False,False,,,,Free
2022-05-02 15:00:00,2.321755900229066,9.6,4.233728431180426,155,149,97.5,104.0,4,5.0,7099,2022-05-02 15:00:00,2022-05-02 15:00:00,31.020000000004416,-96.95500094415422,,2022-05-02,5360,0 days 00:15:00,192,3,False,False,,,,Free
2022-05-02 15:15:00,,,,156,163,94.59748425162928,103.42815678229294,69,5.0,7124,2022-05-02 15:15:00,2022-05-02 15:15:00,31.049025157488128,-96.9607193761679,,2022-05-02,5360,0 days 00:30:00,192,3,False,False,,,,Free
2022-05-02 16:00:00,22.448549780552668,20.834597,395.7914984134203,159,73,203.98457012512773,11.00314064107894,370,5.0,7205,2022-05-02 16:00:00,2022-05-02 16:00:00,29.955154298752973,-97.88496951116856,,2022-05-02,5474,0 days 00:00:00,193,3,False,False,,,,Free
2022-05-02 16:15:00,20.079471275946748,19.491894,316.6608894522155,160,91,203.1822190781629,11.390390026775169,300,5.0,7220,2022-05-02 16:15:00,2022-05-02 16:15:00,29.963177809222625,-97.88109701742223,,2022-05-02,5474,0 days 00:15:00,193,3,False,False,,,,Free
2022-05-02 16:30:00,19.73487007107056,14.66853,305.8851716728969,161,106,200.2362939040424,13.159988464142051,286,5.0,7240,2022-05-02 16:30:00,2022-05-02 16:30:00,29.99263706096384,-97.86340103355428,,2022-05-02,5474,0 days 00:30:00,193,3,False,False,,,,Free
2022-05-02 16:30:00,2.616034309381387,9.6,5.374978758835241,161,112,250.0,21.6,5,5.0,7242,2022-05-02 16:30:00,2022-05-02 16:30:00,29.49500000000418,-97.77900092060752,,2022-05-02,5506,0 days 00:00:00,195,3,False,False,,,,Free
2022-05-02 16:45:00,3.6997772573640586,13.440001,10.75080632761491,162,133,250.77725118536964,21.66824644389107,10,5.0,7264,2022-05-02 16:45:00,2022-05-02 16:45:00,29.48722748815048,-97.77831845618812,,2022-05-02,5506,0 days 00:15:00,195,3,False,False,,,,Free
2022-05-02 17:00:00,1.654525381040697,9.6,2.14999152973784,163,150,250.0,23.5,2,5.0,7287,2022-05-02 17:00:00,2022-05-02 17:00:00,29.49500000000418,-97.76000092115044,,2022-05-02,5506,0 days 00:30:00,195,3,False,False,,,,Free
2022-05-03 02:30:00,2.604650950411904,13.44,5.32830338292137,201,32,163.31196579977404,107.08974360019369,6,5.0,7372,2022-05-03 02:30:00,2022-05-03 02:30:00,30.36188034200657,-96.9241035090352,,2022-05-03,5609,0 days 00:00:00,196,3,False,False,,,,Free
2022-05-03 02:45:00,7.275052994973405,16.492306,41.5682942762199,202,13,164.58277555340078,108.1695671563606,39,5.0,7380,2022-05-03 02:45:00,2022-05-03 02:45:00,30.349172244470303,-96.9133052737821,,2022-05-03,5609,0 days 00:15:00,196,3,False,False,,,,Free
2022-05-03 02:45:00,8.412084086658737,15.13846,55.57725486427307,202,15,192.14415781355345,121.20675267221444,52,5.0,7381,2022-05-03 02:45:00,2022-05-03 02:45:00,30.073558421868736,-96.78293342234912,,2022-05-03,5617,0 days 00:00:00,197,3,False,False,,,,Free
2022-05-03 03:00:00,,,,203,32,164.5,109.5,2,5.0,7383,2022-05-03 03:00:00,2022-05-03 03:00:00,30.350000000004314,-96.90000094572588,,2022-05-03,5609,0 days 00:30:00,196,3,False,False,,,,Free
2022-05-03 03:00:00,12.06787103464622,21.801872,114.38029231109482,203,34,194.18474071062303,123.88990421979352,109,5.0,7385,2022-05-03 03:00:00,2022-05-03 03:00:00,30.05315259289804,-96.75610190764009,,2022-05-03,5617,0 days 00:15:00,197,3,False,False,,,,Free
2022-05-03 03:15:00,4.810460743727133,11.294118,18.17453177811336,204,66,194.7813084125477,126.52336448431537,17,5.0,7394,2022-05-03 03:15:00,2022-05-03 03:15:00,30.04718691587879,-96.72976730574736,,2022-05-03,5617,0 days 00:30:00,197,3,False,False,,,,Free
2022-05-03 03:30:00,,,,205,113,302.6415327725909,187.97651420983465,31,5.0,7425,2022-05-03 03:30:00,2022-05-03 03:30:00,28.968584672278187,-96.1152358260531,,2022-05-03,5656,0 days 00:00:00,198,4,False,False,,,,Free
2022-05-03 03:30:00,2.8732871362334924,9.599999,6.484073638289398,205,116,304.0,197.8333333333333,6,5.0,7428,2022-05-03 03:30:00,2022-05-03 03:30:00,28.95500000000409,-96.01666763763478,,2022-05-03,5659,0 days 00:00:00,199,3,False,False,,,,Free
2022-05-03 03:45:00,3.0933206496197685,12.342857,7.515186502752212,206,123,237.097276258094,159.71595331894412,7,5.0,7440,2022-05-03 03:45:00,2022-05-03 03:45:00,29.62402723742326,-96.3978414268862,,2022-05-03,5671,0 days 00:00:00,200,3,False,False,,,,Free
2022-05-03 03:45:00,2.0314918335742416,9.6,3.2413060738992776,206,143,301.0,200.6,5,5.0,7453,2022-05-03 03:45:00,2022-05-03 03:45:00,28.9850000000041,-95.98900097175874,,2022-05-03,5659,0 days 00:15:00,199,3,False,False,,,,Free
2022-05-03 04:00:00,1.651648935465172,9.6,2.14252236926136,207,174,215.0,392.5,2,5.0,7472,2022-05-03 04:00:00,2022-05-03 04:00:00,29.84500000000424,-94.07000102659627,,2022-05-03,5697,0 days 00:00:00,202,3,False,False,,,,Free
2022-05-03 04:00:00,4.820963797938338,11.858824,18.253982164735845,207,182,238.1114922900017,159.48370497048313,17,5.0,7480,2022-05-03 04:00:00,2022-05-03 04:00:00,29.61388507710418,-96.40016391030446,,2022-05-03,5671,0 days 00:15:00,200,3,False,False,,,,Free
2022-05-03 04:00:00,4.541938784510466,17.28,16.202142014471715,207,200,298.7937024984661,192.91639522933,15,5.0,7494,2022-05-03 04:00:00,2022-05-03 04:00:00,29.00706297501944,-96.06583701726976,,2022-05-03,5656,0 days 00:30:00,198,4,False,False,,,,Free
2022-05-03 04:15:00,1.1659511919526615,38.4,1.0677033930002542,208,186,181.5,470.5,2,5.0,7508,2022-05-03 04:15:00,2022-05-03 04:15:00,30.180000000004284,-93.29000104888564,,2022-05-03,5728,0 days 00:00:00,203,3,False,False,,,,Free
2022-05-03 04:15:00,7.476787563899191,11.941463,43.90560480691435,208,201,211.52986647387652,394.17779339682784,41,5.0,7518,2022-05-03 04:15:00,2022-05-03 04:15:00,29.87970133526548,-94.05322309310742,,2022-05-03,5697,0 days 00:15:00,202,3,False,False,,,,Free
2022-05-03 04:15:00,8.748820468143824,33.085712,60.11583594015156,208,206,237.16340282268675,160.28624114295002,56,5.0,7523,2022-05-03 04:15:00,2022-05-03 04:15:00,29.62336597177733,-96.39213854880916,,2022-05-03,5671,0 days 00:30:00,200,3,False,False,,,,Free
2022-05-03 04:15:00,6.195238473475684,22.97143,30.14435099973012,208,212,264.33227347116866,235.46979332373184,28,5.0,7529,2022-05-03 04:15:00,2022-05-03 04:15:00,29.35167726529247,-95.64030304848586,,2022-05-03,5746,0 days 00:00:00,204,4,False,False,,,,Free
2022-05-03 04:15:00,6.205370366130293,12.342858,30.243029711158936,208,220,297.8024980458425,205.38641685711923,39,5.0,7536,2022-05-03 04:15:00,2022-05-03 04:15:00,29.01697501954568,-95.9411368045553,,2022-05-03,5659,0 days 00:45:00,199,3,False,False,,,,Free
2022-05-03 04:30:00,1.6484433878989435,9.6,2.134213953960223,209,192,176.5,473.0,2,5.0,7547,2022-05-03 04:30:00,2022-05-03 04:30:00,30.230000000004296,-93.26500104960002,,2022-05-03,5728,0 days 00:15:00,203,3,False,False,,,,Free
2022-05-03 04:30:00,1.6584120071888613,9.6,2.160104433577158,209,232,298.0,202.5,2,5.0,7581,2022-05-03 04:30:00,2022-05-03 04:30:00,29.015000000004104,-95.9700009723017,,2022-05-03,5656,0 days 01:00:00,198,4,False,False,,,,Free
2022-05-03 04:45:00,2.3142771134448776,9.6,4.206497182687482,210,180,36.75,55.25,4,5.0,7598,2022-05-03 04:45:00,2022-05-03 04:45:00,31.62750000000452,-97.4425009302234,,2022-05-03,5805,0 days 00:00:00,205,3,False,False,,,,Free
2022-05-03 04:45:00,2.330865498094501,14.4,4.267016362060441,210,184,173.1223404282302,475.1223404282302,4,5.0,7601,2022-05-03 04:45:00,2022-05-03 04:45:00,30.263776595722,-93.24377764592418,,2022-05-03,5728,0 days 00:30:00,203,3,False,False,,,,Free
2022-05-03 04:45:00,6.064654021752063,13.155559,28.886966757856875,210,188,202.25613078936468,397.31516803311615,27,5.0,7605,2022-05-03 04:45:00,2022-05-03 04:45:00,29.972438692110607,-94.02184934764108,,2022-05-03,5697,0 days 00:45:00,202,3,False,False,,,,Free
2022-05-03 04:45:00,4.379558098938984,10.285714,15.06435236110393,210,206,260.2095671991674,243.5330296058284,17,5.0,7621,2022-05-03 04:45:00,2022-05-03 04:45:00,29.392904328012488,-95.559670687969,,2022-05-03,5820,0 days 00:00:00,206,3,False,False,,,,Free
2022-05-03 04:45:00,8.196096064549847,10.971428,52.75989971965743,210,208,266.59973492406283,235.4440026371716,51,5.0,7623,2022-05-03 04:45:00,2022-05-03 04:45:00,29.329002650763524,-95.64056095534409,,2022-05-03,5746,0 days 00:30:00,204,4,False,False,,,,Free
2022-05-03 05:00:00,2.617323358240963,19.2,5.380277097047477,211,172,260.12169312503033,243.93386243753332,6,5.0,7655,2022-05-03 05:00:00,2022-05-03 05:00:00,29.39378306875386,-95.55566235976652,,2022-05-03,5820,0 days 00:15:00,206,3,False,False,,,,Free
2022-05-03 05:00:00,2.345745817946572,9.6,4.321671805723224,211,182,301.8,196.8,5,5.0,7663,2022-05-03 05:00:00,2022-05-03 05:00:00,28.977000000004097,-96.02700097067282,,2022-05-03,5656,0 days 01:30:00,198,4,False,False,,,,Free
2022-05-03 05:15:00,,,,212,156,30.75,59.5,4,5.0,7684,2022-05-03 05:15:00,2022-05-03 05:15:00,31.687500000004523,-97.40000093143784,,2022-05-03,5805,0 days 00:30:00,205,3,False,False,,,,Free
2022-05-03 05:15:00,3.096815257319792,10.971429,7.532176311695888,212,169,259.77990430403685,246.1100478479816,7,5.0,7693,2022-05-03 05:15:00,2022-05-03 05:15:00,29.3972009569638,-95.53390050628389,,2022-05-03,5820,0 days 00:30:00,206,3,False,False,,,,Free
2022-05-03 05:15:00,2.3417236717713323,9.6,4.306864154203464,212,171,266.25,237.75,4,5.0,7695,2022-05-03 05:15:00,2022-05-03 05:15:00,29.33250000000416,-95.61750098237474,,2022-05-03,5746,0 days 01:00:00,204,4,False,False,,,,Free
2022-05-03 05:30:00,3.4704249294612404,12.8,9.459217034867708,213,229,31.26210826675274,61.606837599870886,9,5.0,7733,2022-05-03 05:30:00,2022-05-03 05:30:00,31.682378917337,-97.3789325560412,,2022-05-03,5805,0 days 00:45:00,205,3,False,False,,,,Free
2022-05-03 05:30:00,1.170904897670171,9.6,1.07679523861566,213,245,266.5,240.5,2,5.0,7748,2022-05-03 05:30:00,2022-05-03 05:30:00,29.330000000004155,-95.59000098316062,,2022-05-03,5746,0 days 01:15:00,204,4,False,False,,,,Free
2022-05-03 05:30:00,2.6192482598644387,11.5199995,5.388193820377991,213,250,275.0,326.7055214813662,5,5.0,7753,2022-05-03 05:30:00,2022-05-03 05:30:00,29.24500000000414,-94.72794579298112,,2022-05-03,5927,0 days 00:00:00,207,3,False,False,,,,Free
2022-05-03 05:30:00,4.228200527901052,10.338461,14.041096805441535,213,255,298.37297297506285,214.87567567497905,14,5.0,7757,2022-05-03 05:30:00,2022-05-03 05:30:00,29.01127027025348,-95.84624421908836,,2022-05-03,5930,0 days 00:00:00,208,4,False,False,,,,Free
2022-05-03 05:45:00,2.863499580965505,11.2,6.439974224877826,214,269,234.2473118307136,352.618279576784,6,5.0,7801,2022-05-03 05:45:00,2022-05-03 05:45:00,29.652526881697067,-94.4688182194318,,2022-05-03,5971,0 days 00:00:00,209,4,False,False,,,,Free
2022-05-03 05:45:00,9.307012413096698,15.542856,68.03156594979407,214,279,296.1773325345931,216.64593301633263,64,5.0,7809,2022-05-03 05:45:00,2022-05-03 05:45:00,29.033226674658177,-95.82854164618072,,2022-05-03,5930,0 days 00:15:00,208,4,False,False,,,,Free
2022-05-03 05:45:00,1.6579298551958503,9.6,2.158848596963329,214,280,291.6666666666667,323.0,3,5.0,7810,2022-05-03 05:45:00,2022-05-03 05:45:00,29.078333333337447,-94.76500100673589,,2022-05-03,5978,0 days 00:00:00,210,3,False,False,,,,Free
2022-05-03 05:45:00,2.0308693053883737,9.6,3.2393198535367107,214,283,295.3333333333333,315.6666666666667,3,5.0,7812,2022-05-03 05:45:00,2022-05-03 05:45:00,29.04166666667077,-94.8383343379736,,2022-05-03,5980,0 days 00:00:00,211,4,False,False,,,,Free
2022-05-03 06:00:00,3.8622397351284734,23.563637,11.71570254260994,215,268,157.74436826622252,473.7443682662225,11,5.0,7861,2022-05-03 06:00:00,2022-05-03 06:00:00,30.417556317342097,-93.25755736715053,,2022-05-03,6028,0 days 00:00:00,212,3,False,False,,,,Free
2022-05-03 06:00:00,3.0921347849660545,9.599999,7.509425518499619,215,276,229.1428571428572,354.85714285714283,7,5.0,7869,2022-05-03 06:00:00,2022-05-03 06:00:00,29.70357142857564,-94.44642958726796,,2022-05-03,5971,0 days 00:15:00,209,4,False,False,,,,Free
2022-05-03 06:00:00,2.3420106280224067,9.6,4.307919750411778,215,278,268.75,330.0,4,5.0,7871,2022-05-03 06:00:00,2022-05-03 06:00:00,29.30750000000415,-94.6950010087362,,2022-05-03,5927,0 days 00:30:00,207,3,False,False,,,,Free
2022-05-03 06:00:00,2.6207297336169098,9.6,5.394290779817374,215,280,286.6,324.2,5,5.0,7872,2022-05-03 06:00:00,2022-05-03 06:00:00,29.12900000000412,-94.7530010070788,,2022-05-03,5978,0 days 00:15:00,210,3,False,False,,,,Free
2022-05-03 06:00:00,9.158152082924406,16.839344,65.87271807632882,215,281,295.55524787169537,217.4198283041924,61,5.0,7873,2022-05-03 06:00:00,2022-05-03 06:00:00,29.039447521287155,-95.82080269352326,,2022-05-03,5930,0 days 00:30:00,208,4,False,False,,,,Free
2022-05-03 06:15:00,9.425125633001668,58.763638,69.76926970670122,216,323,85.87290045110149,37.879494964876486,66,5.0,7910,2022-05-03 06:15:00,2022-05-03 06:15:00,31.13627099549342,-97.6162059756108,,2022-05-03,6069,0 days 00:00:00,213,4,False,False,,,,Free
2022-05-03 06:15:00,5.936239300400529,35.076923,27.676596424712493,216,342,152.08925833391154,474.4299232770489,26,5.0,7926,2022-05-03 06:15:00,2022-05-03 06:15:00,30.474107416665216,-93.25070181723817,,2022-05-03,6028,0 days 00:15:00,212,3,False,False,,,,Free
2022-05-03 06:15:00,4.04770231086548,12.0,12.867880254845243,216,354,224.48809525025945,357.1642857167185,12,5.0,7935,2022-05-03 06:15:00,2022-05-03 06:15:00,29.750119047501624,-94.42335815933149,,2022-05-03,5971,0 days 00:30:00,209,4,False,False,,,,Free
2022-05-03 06:15:00,2.867720956047924,12.8,6.4589758586763,216,358,264.30341879993546,330.4914530001614,6,5.0,7938,2022-05-03 06:15:00,2022-05-03 06:15:00,29.351965812004803,-94.690086478875,,2022-05-03,5927,0 days 00:45:00,207,3,False,False,,,,Free
2022-05-03 06:15:00,1.6571642980242174,9.6,2.1568553395954355,216,361,282.5,325.0,2,5.0,7941,2022-05-03 06:15:00,2022-05-03 06:15:00,29.17000000000413,-94.7450010073074,,2022-05-03,5978,0 days 00:30:00,210,3,False,False,,,,Free
2022-05-03 06:15:00,1.6575272601190607,9.6,2.157800257931249,216,362,287.0,319.5,2,5.0,7942,2022-05-03 06:15:00,2022-05-03 06:15:00,29.12500000000412,-94.80000100573568,,2022-05-03,5980,0 days 00:30:00,211,4,False,False,,,,Free
2022-05-03 06:15:00,4.690015965622169,20.4,17.275814161400493,216,365,294.8831168819105,217.0795454305312,16,5.0,7944,2022-05-03 06:15:00,2022-05-03 06:15:00,29.046168831185003,-95.82420552216264,,2022-05-03,5930,0 days 00:45:00,208,4,False,False,,,,Free
2022-05-03 06:30:00,7.868425792839477,82.85217,48.62566884089313,217,250,85.06344243646838,42.25890760644942,46,5.0,7980,2022-05-03 06:30:00,2022-05-03 06:30:00,31.14436557563976,-97.57241185044654,,2022-05-03,6069,0 days 00:15:00,213,4,False,False,,,,Free
2022-05-03 06:30:00,5.073099904453719,14.652633,20.213276242469806,217,260,147.52998907257768,476.60632498822935,19,5.0,7989,2022-05-03 06:30:00,2022-05-03 06:30:00,30.519700109278563,-93.22893780074828,,2022-05-03,6028,0 days 00:30:00,212,3,False,False,,,,Free
2022-05-03 06:30:00,2.3366019542541663,9.6,4.288045179872278,217,270,222.0,359.5,4,5.0,7996,2022-05-03 06:30:00,2022-05-03 06:30:00,29.775000000004223,-94.40000101716612,,2022-05-03,5971,0 days 00:45:00,209,4,False,False,,,,Free
2022-05-03 06:30:00,2.0298505305083485,9.6,3.2360706932504653,217,282,285.0,320.0,3,5.0,8006,2022-05-03 06:30:00,2022-05-03 06:30:00,29.145000000004124,-94.7950010058786,,2022-05-03,5980,0 days 00:45:00,211,4,False,False,,,,Free
2022-05-03 06:45:00,7.151368510851747,64.926315,40.16688908970356,218,247,84.94993851606685,46.5190584873354,38,5.0,8041,2022-05-03 06:45:00,2022-05-03 06:45:00,31.14550061484377,-97.52981034285506,,2022-05-03,6069,0 days 00:30:00,213,4,False,False,,,,Free
2022-05-03 06:45:00,4.059025595130204,12.0,12.939975710029564,218,275,281.89616252675887,321.212189614552,13,5.0,8060,2022-05-03 06:45:00,2022-05-03 06:45:00,29.17603837473654,-94.78287911007948,,2022-05-03,5980,0 days 01:00:00,211,4,False,False,,,,Free
2022-05-03 07:00:00,4.340703167722802,26.057146,14.79823970924332,219,211,84.68203072863358,49.09084836779795,15,5.0,8082,2022-05-03 07:00:00,2022-05-03 07:00:00,31.148179692718102,-97.50409244478531,,2022-05-03,6069,0 days 00:45:00,213,4,False,False,,,,Free
2022-05-03 07:15:00,5.315218524867266,14.171431,22.18871388648909,220,263,81.26994435425725,330.0092764284103,26,5.0,8122,2022-05-03 07:15:00,2022-05-03 07:15:00,31.182300556461872,-94.69490824445472,,2022-05-03,6240,0 days 00:00:00,214,3,False,False,,,,Free
2022-05-03 07:15:00,8.177931485654074,27.036736,52.52630085249449,220,317,221.86608631126387,404.85589925230136,49,5.0,8163,2022-05-03 07:15:00,2022-05-03 07:15:00,29.776339136891583,-93.94644203760409,,2022-05-03,6278,0 days 00:00:00,215,3,False,False,,,,Free
2022-05-03 07:15:00,2.0250010827071527,12.8,3.2206267877252297,220,318,236.14110429627323,396.28220859254645,5,5.0,8164,2022-05-03 07:15:00,2022-05-03 07:15:00,29.633588957041468,-94.03217894175162,,2022-05-03,6279,0 days 00:00:00,216,3,False,False,,,,Free
2022-05-03 07:30:00,8.90792500491618,61.667793,62.32223011084389,221,261,78.25914688430694,333.0387887354441,63,5.0,8182,2022-05-03 07:30:00,2022-05-03 07:30:00,31.21240853116138,-94.6646131222501,,2022-05-03,6240,0 days 00:15:00,214,3,False,False,,,,Free
2022-05-03 07:30:00,8.503289977186348,37.132076,56.78895282125222,221,314,216.58485027700408,406.9536112726574,53,5.0,8220,2022-05-03 07:30:00,2022-05-03 07:30:00,29.82915149723419,-93.925464918,,2022-05-03,6278,0 days 00:15:00,215,3,False,False,,,,Free
2022-05-03 07:30:00,6.508588030197133,9.909678,33.270815630877024,221,315,233.63731931570047,396.8160315396739,31,5.0,8221,2022-05-03 07:30:00,2022-05-03 07:30:00,29.6586268068472,-94.02684071243289,,2022-05-03,6279,0 days 00:15:00,216,3,False,False,,,,Free
2022-05-03 07:45:00,11.768185616608818,75.49515,108.76994300060404,222,222,74.95463435500662,336.5131800198647,103,5.0,8231,2022-05-03 07:45:00,2022-05-03 07:45:00,31.245453656454387,-94.62986921039874,,2022-05-03,6240,0 days 00:30:00,214,3,False,False,,,,Free
2022-05-03 07:45:00,5.6001721259262265,22.12174,24.631600526140144,222,269,211.8781107120801,408.6861350978945,23,5.0,8268,2022-05-03 07:45:00,2022-05-03 07:45:00,29.87621889288344,-93.9081396802427,,2022-05-03,6278,0 days 00:30:00,215,3,False,False,,,,Free
2022-05-03 07:45:00,,,,222,270,212.8,455.8,5,5.0,8269,2022-05-03 07:45:00,2022-05-03 07:45:00,29.86700000000424,-93.4370010446849,,2022-05-03,6365,0 days 00:00:00,217,4,False,False,,,,Free
2022-05-03 07:45:00,1.6530505435911391,9.6,2.1461602500221937,222,272,232.0,397.5,2,5.0,8271,2022-05-03 07:45:00,2022-05-03 07:45:00,29.675000000004207,-94.02000102802504,,2022-05-03,6279,0 days 00:30:00,216,3,False,False,,,,Free
2022-05-03 08:00:00,4.0317393010390985,16.000002,12.76658572124722,223,284,147.03787878568946,73.52878788579375,12,5.0,8321,2022-05-03 08:00:00,2022-05-03 08:00:00,30.524621212147444,-97.2597130565888,,2022-05-03,6409,0 days 00:00:00,218,3,False,False,,,,Free
2022-05-03 08:00:00,6.90754236821955,33.46286,37.47459915618065,223,294,209.45693635152767,456.2603894852864,35,5.0,8329,2022-05-03 08:00:00,2022-05-03 08:00:00,29.900430636488966,-93.4323971499636,,2022-05-03,6365,0 days 00:15:00,217,4,False,False,,,,Free
2022-05-03 08:15:00,,,,224,238,147.89049774071978,73.50859728713765,23,5.0,8364,2022-05-03 08:15:00,2022-05-03 08:15:00,30.516095022597145,-97.2599149625696,,2022-05-03,6409,0 days 00:15:00,218,3,False,False,,,,Free
2022-05-03 08:15:00,6.065445230741409,33.066666,28.894504572410245,224,256,205.28635523553388,456.7754024874932,27,5.0,8381,2022-05-03 08:15:00,2022-05-03 08:15:00,29.94213644764891,-93.42724702008871,,2022-05-03,6365,0 days 00:30:00,217,4,False,False,,,,Free
2022-05-03 08:30:00,3.491962823030245,9.6,9.576991547149674,225,247,149.0,73.0,9,5.0,8414,2022-05-03 08:30:00,2022-05-03 08:30:00,30.505000000004337,-97.26500093529565,,2022-05-03,6409,0 days 00:30:00,218,3,False,False,,,,Free
2022-05-03 08:30:00,4.799809689766991,11.858824,18.09413880777093,225,251,151.3069306938484,14.462046204101082,18,5.0,8417,2022-05-03 08:30:00,2022-05-03 08:30:00,30.48193069306585,-97.85038045652676,,2022-05-03,6480,0 days 00:00:00,221,8,False,False,,,,Free
2022-05-03 08:30:00,2.6096248675399805,9.6,5.348672979442836,225,278,201.16666666666663,457.1666666666667,6,5.0,8441,2022-05-03 08:30:00,2022-05-03 08:30:00,29.98333333333759,-93.4233343784088,,2022-05-03,6365,0 days 00:45:00,217,4,False,False,,,,Free
2022-05-03 08:30:00,1.653461171305036,9.6,2.1472266207236657,225,283,237.0,403.5,2,5.0,8445,2022-05-03 08:30:00,2022-05-03 08:30:00,29.6250000000042,-93.9600010297396,,2022-05-03,6499,0 days 00:00:00,223,4,False,False,,,,Free
2022-05-03 08:45:00,7.981100772463071,21.242552,50.02826828902803,226,293,151.6172386860914,13.60440134842796,47,5.0,8477,2022-05-03 08:45:00,2022-05-03 08:45:00,30.47882761314342,-97.8589569048384,,2022-05-03,6480,0 days 00:15:00,221,8,False,False,,,,Free
2022-05-03 08:45:00,5.830666472037343,20.352001,26.70092336411982,226,331,185.24510813713587,471.3012358606985,26,5.0,8511,2022-05-03 08:45:00,2022-05-03 08:45:00,30.14254891863292,-93.2819886905076,,2022-05-03,6552,0 days 00:00:00,224,5,False,False,,,,Free
2022-05-03 08:45:00,4.049499317214291,10.400001,12.879308365756051,226,335,233.85802469044955,403.0771604879221,12,5.0,8514,2022-05-03 08:45:00,2022-05-03 08:45:00,29.65641975309971,-93.9642294247396,,2022-05-03,6499,0 days 00:15:00,223,4,False,False,,,,Free
2022-05-03 09:00:00,1.6340777753987648,9.6,2.097178168156556,227,283,9.666666666666666,373.0,3,5.0,8521,2022-05-03 09:00:00,2022-05-03 09:00:00,31.898333333337888,-94.26500102102392,,2022-05-03,6561,0 days 00:00:00,225,3,False,False,,,,Free
2022-05-03 09:00:00,13.924938868540654,18.864332,152.2917846012447,227,315,154.3231111592056,12.204680682213226,143,5.0,8540,2022-05-03 09:00:00,2022-05-03 09:00:00,30.45176888841227,-97.87295411110055,,2022-05-03,6480,0 days 00:30:00,221,8,False,False,,,,Free
2022-05-03 09:00:00,7.18759754316581,33.34737,40.57489311900766,227,353,181.9446883476461,470.8003512197395,41,5.0,8573,2022-05-03 09:00:00,2022-05-03 09:00:00,30.175553116527823,-93.28699753677404,,2022-05-03,6552,0 days 00:15:00,224,5,False,False,,,,Free
2022-05-03 09:00:00,4.372907767444616,9.599999,15.018636847754324,227,363,229.0,404.2857142857143,14,5.0,8581,2022-05-03 09:00:00,2022-05-03 09:00:00,29.70500000000421,-93.952143887107,,2022-05-03,6499,0 days 00:30:00,223,4,False,False,,,,Free
2022-05-03 09:15:00,9.171705068342522,14.628569,66.06783005483632,228,383,10.938015164326806,375.8447082470272,63,5.0,8585,2022-05-03 09:15:00,2022-05-03 09:15:00,31.885619848361284,-94.23655393936656,,2022-05-03,6561,0 days 00:15:00,225,3,False,False,,,,Free
2022-05-03 09:15:00,,,,228,426,155.79927338531664,9.936194362971984,168,5.0,8607,2022-05-03 09:15:00,2022-05-03 09:15:00,30.43700726615116,-97.89563897364474,,2022-05-03,6480,0 days 00:45:00,221,8,False,False,,,,Free
2022-05-03 09:15:00,1.6486109807400506,9.6,2.1346479356969748,228,466,178.5,470.0,2,5.0,8641,2022-05-03 09:15:00,2022-05-03 09:15:00,30.210000000004293,-93.29500104874272,,2022-05-03,6552,0 days 00:30:00,224,5,False,False,,,,Free
2022-05-03 09:15:00,2.6115385588883644,11.5199995,5.356520438563131,228,494,215.5766871111803,458.8588957037268,5,5.0,8667,2022-05-03 09:15:00,2022-05-03 09:15:00,29.83923312889243,-93.4064120885218,,2022-05-03,6663,0 days 00:00:00,227,5,False,False,,,,Free
2022-05-03 09:15:00,4.525367205565626,11.52,16.08412841863824,228,497,224.6237218766047,405.28220859254645,15,5.0,8669,2022-05-03 09:15:00,2022-05-03 09:15:00,29.74876278123817,-93.94217894432347,,2022-05-03,6499,0 days 00:45:00,223,4,False,False,,,,Free
2022-05-03 09:30:00,2.311123153742465,9.6,4.195039538200583,229,398,11.5,378.5,4,5.0,8683,2022-05-03 09:30:00,2022-05-03 09:30:00,31.88000000000455,-94.21000102259563,,2022-05-03,6561,0 days 00:30:00,225,3,False,False,,,,Free
2022-05-03 09:30:00,13.32901157572294,18.247328,139.53584014916098,229,425,159.2051400156762,8.551688362137075,131,5.0,8699,2022-05-03 09:30:00,2022-05-03 09:30:00,30.40294859984756,-97.90948403325746,,2022-05-03,6480,0 days 01:00:00,221,8,False,False,,,,Free
2022-05-03 09:30:00,5.720739220207596,15.2,25.70361355877357,229,488,211.9526143877549,458.85702615893456,24,5.0,8758,2022-05-03 09:30:00,2022-05-03 09:30:00,29.87547385612669,-93.40643078396914,,2022-05-03,6663,0 days 00:15:00,227,5,False,False,,,,Free
2022-05-03 09:30:00,2.860715989086992,9.599999,6.427459784812289,229,493,214.8333333333333,430.1666666666667,6,5.0,8763,2022-05-03 09:30:00,2022-05-03 09:30:00,29.8466666666709,-93.69333437069326,,2022-05-03,6732,0 days 00:00:00,228,3,False,False,,,,Free
2022-05-03 09:30:00,2.33622259443294,9.6,4.286652918775188,229,498,218.75,446.0,4,5.0,8768,2022-05-03 09:30:00,2022-05-03 09:30:00,29.80750000000423,-93.53500104188448,,2022-05-03,6736,0 days 00:00:00,229,3,False,False,,,,Free
2022-05-03 09:45:00,10.15321117944692,17.557894,80.96488809251399,230,449,161.01865044327377,8.678331950882026,76,5.0,8813,2022-05-03 09:45:00,2022-05-03 09:45:00,30.38481349557158,-97.90821759740618,,2022-05-03,6480,0 days 01:15:00,221,8,False,False,,,,Free
2022-05-03 09:45:00,10.159924411159931,22.357895,81.0719903158163,230,456,173.84672528354247,340.92207395830553,76,5.0,8819,2022-05-03 09:45:00,2022-05-03 09:45:00,30.25653274716888,-94.58578027227423,,2022-05-03,6779,0 days 00:00:00,232,3,False,False,,,,Free
2022-05-03 09:45:00,5.211787831988707,44.64,21.33356014426608,230,464,173.05676083510787,471.4217961517317,20,5.0,8826,2022-05-03 09:45:00,2022-05-03 09:45:00,30.26443239165322,-93.28078308763172,,2022-05-03,6552,0 days 01:00:00,224,5,False,False,,,,Free
2022-05-03 09:45:00,5.213762683961415,9.600001,21.349730643437365,230,468,180.0,327.5,20,5.0,8830,2022-05-03 09:45:00,2022-05-03 09:45:00,30.19500000000429,-94.72000100802175,,2022-05-03,6786,0 days 00:00:00,233,3,False,False,,,,Free
2022-05-03 09:45:00,7.471011199444079,25.521952,43.83779044015534,230,478,195.7712203034561,131.68445804614146,43,5.0,8839,2022-05-03 09:45:00,2022-05-03 09:45:00,30.037287796969704,-96.67815637160396,,2022-05-03,6791,0 days 00:00:00,234,3,False,False,,,,Free
2022-05-03 09:45:00,4.521866572456784,12.160002,16.059254037193092,230,497,209.0,458.52886405231465,15,5.0,8857,2022-05-03 09:45:00,2022-05-03 09:45:00,29.905000000004243,-93.40971240494156,,2022-05-03,6663,0 days 00:30:00,227,5,False,False,,,,Free
2022-05-03 09:45:00,3.6926627240050585,9.6,10.709499284435696,230,502,212.1,430.5,10,5.0,8861,2022-05-03 09:45:00,2022-05-03 09:45:00,29.87400000000424,-93.6900010374552,,2022-05-03,6732,0 days 00:15:00,228,3,False,False,,,,Free
2022-05-03 09:45:00,4.815711298754102,19.2,18.214227958001192,230,508,216.330571668068,445.8442419210081,17,5.0,8867,2022-05-03 09:45:00,2022-05-03 09:45:00,29.83169428332356,-93.53655862262984,,2022-05-03,6736,0 days 00:15:00,229,3,False,False,,,,Free
2022-05-03 10:00:00,4.62663939115722,12.6,16.812069766699025,231,479,29.353618413442103,132.3207237101379,16,5.0,8890,2022-05-03 10:00:00,2022-05-03 10:00:00,31.701463815870103,-96.67179371514578,,2022-05-03,6824,0 days 00:00:00,236,4,False,False,,,,Free
2022-05-03 10:00:00,4.51151072064687,11.520002,15.985781361154052,231,515,162.55023923990794,7.993620421222856,21,5.0,8921,2022-05-03 10:00:00,2022-05-03 10:00:00,30.36949760760524,-97.9150647125071,,2022-05-03,6480,0 days 01:30:00,221,8,False,False,,,,Free
2022-05-03 10:00:00,9.026230160714569,35.520004,63.98861176679829,231,523,171.0701179404924,343.46843599191726,60,5.0,8927,2022-05-03 10:00:00,2022-05-03 10:00:00,30.28429882059938,-94.5603166526658,,2022-05-03,6779,0 days 00:15:00,232,3,False,False,,,,Free
2022-05-03 10:00:00,4.513138263691915,19.84,15.997317293060323,231,526,170.3773585080264,471.9398023318561,15,5.0,8930,2022-05-03 10:00:00,2022-05-03 10:00:00,30.29122641492404,-93.27560302597853,,2022-05-03,6552,0 days 01:15:00,224,5,False,False,,,,Free
2022-05-03 10:00:00,4.945218273358229,11.200001,19.207056419413124,231,527,176.04121863845228,330.7526881692864,18,5.0,8931,2022-05-03 10:00:00,2022-05-03 10:00:00,30.23458781361977,-94.68747412725844,,2022-05-03,6786,0 days 00:15:00,233,3,False,False,,,,Free
2022-05-03 10:00:00,7.378137213027213,31.440002,42.75464814091993,231,538,192.81127080945288,132.9761724588075,40,5.0,8941,2022-05-03 10:00:00,2022-05-03 10:00:00,30.06688729190974,-96.66523922784644,,2022-05-03,6791,0 days 00:15:00,234,3,False,False,,,,Free
2022-05-03 10:00:00,4.0439557733805,12.8,12.844070359485311,231,564,206.65598289988705,458.6474359000485,12,5.0,8964,2022-05-03 10:00:00,2022-05-03 10:00:00,29.928440171005377,-93.40852668649812,,2022-05-03,6663,0 days 00:45:00,227,5,False,False,,,,Free
2022-05-03 10:00:00,2.859855617944351,11.2,6.423594200562685,231,571,208.8763440846432,430.2473118307136,6,5.0,8970,2022-05-03 10:00:00,2022-05-03 10:00:00,29.90623655915781,-93.6925279190758,,2022-05-03,6732,0 days 00:30:00,228,3,False,False,,,,Free
2022-05-03 10:00:00,3.692866314678045,16.320002,10.710680228613532,231,575,212.99646643466767,445.1219081303343,10,5.0,8973,2022-05-03 10:00:00,2022-05-03 10:00:00,29.86503533565756,-93.5437819603302,,2022-05-03,6736,0 days 00:30:00,229,3,False,False,,,,Free
2022-05-03 10:15:00,,,,232,545,29.5,132.5,2,5.0,9023,2022-05-03 10:15:00,2022-05-03 10:15:00,31.70000000000452,-96.67000095229844,,2022-05-03,6824,0 days 00:15:00,236,4,False,False,,,,Free
2022-05-03 10:15:00,4.328892614889077,10.285714,14.717820655765934,232,549,33.68918918744764,183.6837837876152,14,5.0,9026,2022-05-03 10:15:00,2022-05-03 10:15:00,31.65810810813004,-96.1581631290486,,2022-05-03,6923,0 days 00:00:00,239,3,False,False,,,,Free
2022-05-03 10:15:00,7.086772462332678,21.275675,39.44453668639639,232,588,166.6340086396618,346.15941546931504,37,5.0,9060,2022-05-03 10:15:00,2022-05-03 10:15:00,30.32865991360769,-94.53340685866078,,2022-05-03,6779,0 days 00:30:00,232,3,False,False,,,,Free
2022-05-03 10:15:00,2.6048107130243205,9.6,5.328957051909329,232,589,164.4,9.2,5,5.0,9061,2022-05-03 10:15:00,2022-05-03 10:15:00,30.351000000004312,-97.9030009170641,,2022-05-03,6480,0 days 01:45:00,221,8,False,False,,,,Free
2022-05-03 10:15:00,5.47087415576224,40.14545,23.507331477371626,232,612,189.53724778588816,133.55845838599654,22,5.0,9080,2022-05-03 10:15:00,2022-05-03 10:15:00,30.0996275221454,-96.65941636874088,,2022-05-03,6791,0 days 00:30:00,234,3,False,False,,,,Free
2022-05-03 10:15:00,3.8714287551772366,20.945457,11.771516733350207,232,637,204.3215507439529,460.1117445801506,11,5.0,9104,2022-05-03 10:15:00,2022-05-03 10:15:00,29.95178449256472,-93.39388360011554,,2022-05-03,6663,0 days 01:00:00,227,5,False,False,,,,Free
2022-05-03 10:45:00,13.68915309236305,32.98286,147.17804922178334,233,586,32.48943232505947,185.007045119386,140,5.0,9167,2022-05-03 10:45:00,2022-05-03 10:45:00,31.670105676753924,-96.144930516109,,2022-05-03,6923,0 days 00:30:00,239,3,False,False,,,,Free
2022-05-03 10:45:00,3.836212594662789,13.090911,11.55833333350519,233,587,28.72808989654992,133.68089887977564,11,5.0,9168,2022-05-03 10:45:00,2022-05-03 10:45:00,31.707719101039025,-96.65819196383814,,2022-05-03,6824,0 days 00:45:00,236,4,False,False,,,,Free
2022-05-03 10:45:00,2.839912461201714,9.599999,6.334316916748247,233,629,73.88888888888889,306.0,9,5.0,9204,2022-05-03 10:45:00,2022-05-03 10:45:00,31.256111111115565,-94.93500100187794,,2022-05-03,7064,0 days 00:00:00,241,3,False,False,,,,Free
2022-05-03 10:45:00,3.685750189140703,9.6,10.669441200537324,233,665,175.0,333.5,10,5.0,9229,2022-05-03 10:45:00,2022-05-03 10:45:00,30.245000000004296,-94.66000100973632,,2022-05-03,6786,0 days 01:00:00,233,3,False,False,,,,Free
2022-05-03 10:45:00,2.8645887110302515,9.599999,6.444874035913486,233,728,242.0,68.33333333333333,6,5.0,9284,2022-05-03 10:45:00,2022-05-03 10:45:00,29.57500000000419,-97.31166760062877,,2022-05-03,7132,0 days 00:00:00,244,3,False,False,,,,Free
2022-05-03 10:45:00,2.866969604484526,11.200001,6.455591759638474,233,742,258.618279576784,213.6290322539296,6,5.0,9298,2022-05-03 10:45:00,2022-05-03 10:45:00,29.408817204236325,-95.85871065294263,,2022-05-03,7144,0 days 00:00:00,245,4,False,False,,,,Free
2022-05-03 10:45:00,2.3634403662692307,19.2,4.387116617613936,233,767,462.25,39.75,4,5.0,9319,2022-05-03 10:45:00,2022-05-03 10:45:00,27.372500000003846,-97.59750092579408,,2022-05-03,7163,0 days 00:00:00,247,3,False,False,,,,Free
2022-05-03 11:00:00,9.468291306802447,16.620895,70.40979887968996,234,448,29.458772173949463,187.6206010770057,67,5.0,9327,2022-05-03 11:00:00,2022-05-03 11:00:00,31.70041227826503,-96.11879495727965,,2022-05-03,6923,0 days 00:45:00,239,3,False,False,,,,Free
2022-05-03 11:00:00,9.053655323862523,11.488523,64.37804658380597,234,468,70.29964628034153,307.4901465427224,61,5.0,9346,2022-05-03 11:00:00,2022-05-03 11:00:00,31.292003537201044,-94.92009953687652,,2022-05-03,7064,0 days 00:15:00,241,3,False,False,,,,Free
2022-05-03 11:00:00,7.242197707533738,12.061541,41.19368413578181,234,475,78.14233840995769,268.6158315120083,39,5.0,9352,2022-05-03 11:00:00,2022-05-03 11:00:00,31.21357661590487,-95.3088426760749,,2022-05-03,7188,0 days 00:00:00,248,3,False,False,,,,Free
2022-05-03 11:00:00,7.11275859917114,28.281078,39.73434150649643,234,541,239.65908568198668,236.15828165437807,39,5.0,9407,2022-05-03 11:00:00,2022-05-03 11:00:00,29.598409143184327,-95.6334181653761,,2022-05-03,7228,0 days 00:00:00,250,3,False,False,,,,Free
2022-05-03 11:00:00,3.3071889108493018,9.6,8.59029122781418,234,542,238.88888888888889,68.11111111111111,9,5.0,9408,2022-05-03 11:00:00,2022-05-03 11:00:00,29.606111111115307,-97.31388982278747,,2022-05-03,7132,0 days 00:15:00,244,3,False,False,,,,Free
2022-05-03 11:00:00,2.6419705888301723,26.88,5.482085928846569,234,583,458.74040219250935,41.13345520720971,5,5.0,9445,2022-05-03 11:00:00,2022-05-03 11:00:00,27.40759597807876,-97.58366637411734,,2022-05-03,7163,0 days 00:15:00,247,3,False,False,,,,Free
2022-05-03 11:15:00,2.00190752442137,9.6,3.147588176087082,235,576,16.2,274.2,5,5.0,9454,2022-05-03 11:15:00,2022-05-03 11:15:00,31.833000000004542,-95.25300099279076,,2022-05-03,7270,0 days 00:00:00,252,4,False,False,,,,Free
2022-05-03 11:15:00,2.0032428538641947,9.6,3.151788638792769,235,578,27.666666666666668,135.33333333333334,3,5.0,9456,2022-05-03 11:15:00,2022-05-03 11:15:00,31.71833333333786,-96.64166761977476,,2022-05-03,6824,0 days 01:15:00,236,4,False,False,,,,Free
2022-05-03 11:15:00,4.635594385788208,9.6,16.877213245855373,235,600,65.80952380952381,309.95238095238096,21,5.0,9477,2022-05-03 11:15:00,2022-05-03 11:15:00,31.336904761909228,-94.89547719348354,,2022-05-03,7064,0 days 00:30:00,241,3,False,False,,,,Free
2022-05-03 11:15:00,8.360810607889539,26.03077,54.90180878378097,235,607,73.96561812119026,270.39978051642913,52,5.0,9483,2022-05-03 11:15:00,2022-05-03 11:15:00,31.25534381879255,-95.29100318654048,,2022-05-03,7188,0 days 00:15:00,248,3,False,False,,,,Free
2022-05-03 11:15:00,19.93799544403034,183.05084,312.2143542980049,235,619,93.78067985638066,496.157073353719,296,5.0,9491,2022-05-03 11:15:00,2022-05-03 11:15:00,31.05719320144061,-93.0334303226802,,2022-05-03,7298,0 days 00:00:00,253,3,False,False,,,,Free
2022-05-03 11:15:00,6.075248754092213,12.08889,28.987983900371304,235,690,237.3469174447948,236.88610239511752,27,5.0,9553,2022-05-03 11:15:00,2022-05-03 11:15:00,29.621530825556253,-95.62613995817668,,2022-05-03,7228,0 days 00:15:00,250,3,False,False,,,,Free
2022-05-03 11:15:00,2.864044517659458,9.599999,6.442425569527365,235,693,238.16666666666663,68.83333333333333,6,5.0,9556,2022-05-03 11:15:00,2022-05-03 11:15:00,29.613333333337533,-97.30666760077162,,2022-05-03,7132,0 days 00:30:00,244,3,False,False,,,,Free
2022-05-03 11:15:00,4.218820864581035,9.599999,13.978869538745284,235,699,252.84615384615384,214.3846153846154,13,5.0,9562,2022-05-03 11:15:00,2022-05-03 11:15:00,29.46653846154264,-95.85115482185172,,2022-05-03,7144,0 days 00:30:00,245,4,False,False,,,,Free
2022-05-03 11:15:00,5.614684015028385,13.3565235,24.759423094396965,235,712,264.0957336126808,295.8501560909716,23,5.0,9573,2022-05-03 11:15:00,2022-05-03 11:15:00,29.354042663877348,-95.03649943806778,,2022-05-03,7361,0 days 00:00:00,255,3,False,False,,,,Free
2022-05-03 11:15:00,6.206945303479237,27.085712,30.258383161038644,235,741,303.8123008108909,126.6230082897364,30,5.0,9601,2022-05-03 11:15:00,2022-05-03 11:15:00,28.956876991895182,-96.7287708677216,,2022-05-03,7384,0 days 00:00:00,256,3,False,False,,,,Free
2022-05-03 11:15:00,,,,235,743,316.3333333333333,98.0,3,5.0,9602,2022-05-03 11:15:00,2022-05-03 11:15:00,28.831666666670746,-97.01500094243966,,2022-05-03,7385,0 days 00:00:00,257,3,False,False,,,,Free
2022-05-03 11:15:00,2.6316432793284443,9.6,5.439311383526892,235,749,373.8333333333333,86.16666666666667,6,5.0,9608,2022-05-03 11:15:00,2022-05-03 11:15:00,28.25666666667065,-97.1333342723915,,2022-05-03,7391,0 days 00:00:00,258,3,False,False,,,,Free
2022-05-03 11:30:00,8.875109349270033,14.806778,61.86390164144972,236,533,10.016937426260633,277.5236778479122,59,5.0,9615,2022-05-03 11:30:00,2022-05-03 11:30:00,31.894830625741942,-95.21976421526142,,2022-05-03,7270,0 days 00:15:00,252,4,False,False,,,,Free
2022-05-03 11:30:00,8.032316623141993,24.6,50.67240536251418,236,572,71.68090987046557,271.29528061508944,48,5.0,9649,2022-05-03 11:30:00,2022-05-03 11:30:00,31.2781909012998,-95.2820481858098,,2022-05-03,7188,0 days 00:30:00,248,3,False,False,,,,Free
2022-05-03 11:30:00,10.761078381152698,150.3628,90.9497418644807,236,587,89.32283300497232,497.2941317611788,86,5.0,9662,2022-05-03 11:30:00,2022-05-03 11:30:00,31.101771669954708,-93.02205973893052,,2022-05-03,7298,0 days 00:15:00,253,3,False,False,,,,Free
2022-05-03 11:30:00,2.5964417151450694,9.6,5.294769242772555,236,598,103.25,242.125,8,5.0,9673,2022-05-03 11:30:00,2022-05-03 11:30:00,30.962500000004407,-95.57375098362496,,2022-05-03,7440,0 days 00:00:00,259,3,False,False,,,,Free
2022-05-03 11:30:00,3.088025144066054,17.828571,7.489477789010761,236,639,202.8463251627804,19.25612472869932,7,5.0,9709,2022-05-03 11:30:00,2022-05-03 11:30:00,29.96653674837645,-97.80243967265072,,2022-05-03,7466,0 days 00:00:00,263,3,False,False,,,,Free
2022-05-03 11:30:00,2.613988208057959,9.6,5.366574090570935,236,651,234.2,238.2,5,5.0,9720,2022-05-03 11:30:00,2022-05-03 11:30:00,29.653000000004205,-95.61300098250337,,2022-05-03,7228,0 days 00:30:00,250,3,False,False,,,,Free
2022-05-03 11:30:00,4.21810038781217,9.599999,13.97409541294293,236,656,249.3846153846154,216.46153846153845,13,5.0,9725,2022-05-03 11:30:00,2022-05-03 11:30:00,29.501153846158022,-95.83038559167596,,2022-05-03,7144,0 days 00:45:00,245,4,False,False,,,,Free
2022-05-03 11:30:00,5.363828718505646,15.542858,22.59642236249448,236,661,260.4182475016448,295.57362240374675,21,5.0,9730,2022-05-03 11:30:00,2022-05-03 11:30:00,29.39081752498772,-95.039264774861,,2022-05-03,7361,0 days 00:15:00,255,3,False,False,,,,Free
2022-05-03 11:30:00,8.4572582427131,15.13846,56.17577405578941,236,689,300.8856712953104,127.22715306803626,53,5.0,9757,2022-05-03 11:30:00,2022-05-03 11:30:00,28.986143287051,-96.72272942011124,,2022-05-03,7384,0 days 00:15:00,256,3,False,False,,,,Free
2022-05-03 11:30:00,7.871897785338371,10.666668,48.66859107467041,236,691,311.97457627896955,99.1587057215128,46,5.0,9759,2022-05-03 11:30:00,2022-05-03 11:30:00,28.875254237214385,-97.00341388555564,,2022-05-03,7385,0 days 00:15:00,257,3,False,False,,,,Free
2022-05-03 11:30:00,3.112983519146144,16.457142,7.611031585176847,236,695,369.3575757571379,86.96515151427577,12,5.0,9763,2022-05-03 11:30:00,2022-05-03 11:30:00,28.301424242432613,-97.12534942414356,,2022-05-03,7391,0 days 00:15:00,258,3,False,False,,,,Free
2022-05-03 11:30:00,,,,236,699,453.5,40.5,2,5.0,9767,2022-05-03 11:30:00,2022-05-03 11:30:00,27.46000000000386,-97.59000092600844,,2022-05-03,7163,0 days 00:45:00,247,3,False,False,,,,Free
2022-05-03 11:45:00,10.137589132378787,14.836363,80.715929568698,237,658,5.4472802875412265,281.90435676195835,81,5.0,9771,2022-05-03 11:45:00,2022-05-03 11:45:00,31.94052719712915,-95.17595742737274,,2022-05-03,7270,0 days 00:30:00,252,4,False,False,,,,Free
2022-05-03 11:45:00,2.0006392831334496,9.6,3.1436013417642203,237,661,3.6666666666666665,201.66666666666663,3,5.0,9774,2022-05-03 11:45:00,2022-05-03 11:45:00,31.958333333337897,-95.97833430539686,,2022-05-03,7502,0 days 00:00:00,264,3,False,False,,,,Free
2022-05-03 11:45:00,5.915879673465604,15.507692,27.487076140258505,237,698,85.88648644437961,497.8162162025934,39,5.0,9810,2022-05-03 11:45:00,2022-05-03 11:45:00,31.13613513556064,-93.01683889466555,,2022-05-03,7298,0 days 00:30:00,253,3,False,False,,,,Free
2022-05-03 11:45:00,3.283760126208343,9.6,8.469011672676835,237,719,99.25,243.0,8,5.0,9825,2022-05-03 11:45:00,2022-05-03 11:45:00,31.002500000004414,-95.565000983875,,2022-05-03,7440,0 days 00:15:00,259,3,False,False,,,,Free
2022-05-03 11:45:00,8.9546231546254,33.193222,62.97736837731669,237,750,179.1795118458347,397.0216424197472,59,5.0,9852,2022-05-03 11:45:00,2022-05-03 11:45:00,30.203204881545943,-94.02478460369088,,2022-05-03,7566,0 days 00:00:00,266,3,False,False,,,,Free
2022-05-03 11:45:00,11.95409859924714,18.01143,112.2337692945644,237,757,193.0560256775752,309.32973446293965,106,5.0,9857,2022-05-03 11:45:00,2022-05-03 11:45:00,30.064439743228515,-94.90170365820006,,2022-05-03,7571,0 days 00:00:00,267,5,False,False,,,,Free
2022-05-03 11:45:00,5.219328529616916,16.320002,21.395337910070456,237,763,201.16784452177745,17.747349826000782,20,5.0,9861,2022-05-03 11:45:00,2022-05-03 11:45:00,29.98332155478648,-97.81752742124657,,2022-05-03,7466,0 days 00:15:00,263,3,False,False,,,,Free
2022-05-03 11:45:00,1.6541166544527928,9.6,2.1489294122632803,237,789,245.0,218.5,2,5.0,9883,2022-05-03 11:45:00,2022-05-03 11:45:00,29.545000000004187,-95.81000097687388,,2022-05-03,7144,0 days 01:00:00,245,4,False,False,,,,Free
2022-05-03 11:45:00,2.3406021183728134,9.6,4.302739652710699,237,800,256.2,297.8,5,5.0,9893,2022-05-03 11:45:00,2022-05-03 11:45:00,29.43300000000417,-95.01700099953467,,2022-05-03,7361,0 days 00:30:00,255,3,False,False,,,,Free
2022-05-03 11:45:00,5.237305277528619,18.720001,21.54297412725624,237,818,270.15233236649624,251.7871720216323,20,5.0,9906,2022-05-03 11:45:00,2022-05-03 11:45:00,29.293476676339186,-95.4771292661697,,2022-05-03,7599,0 days 00:00:00,268,3,False,False,,,,Free
2022-05-03 11:45:00,3.313156546449048,9.6,8.621320588626102,237,820,275.25,8.75,8,5.0,9908,2022-05-03 11:45:00,2022-05-03 11:45:00,29.24250000000414,-97.90750091693548,,2022-05-03,7601,0 days 00:00:00,269,3,False,False,,,,Free
2022-05-03 11:45:00,1.6585323780710346,9.6,2.160418014413871,237,849,299.5,128.0,2,5.0,9931,2022-05-03 11:45:00,2022-05-03 11:45:00,29.0000000000041,-96.71500095101248,,2022-05-03,7384,0 days 00:30:00,256,3,False,False,,,,Free
2022-05-03 11:45:00,9.531753471184308,12.654545,71.3568193912262,237,853,308.1229287215043,100.1059730364132,69,5.0,9935,2022-05-03 11:45:00,2022-05-03 11:45:00,28.913770712789045,-96.99394121267731,,2022-05-03,7385,0 days 00:30:00,257,3,False,False,,,,Free
2022-05-03 11:45:00,3.8935138151831694,20.072727,11.906204053829796,237,861,320.34258142367923,196.0,11,5.0,9942,2022-05-03 11:45:00,2022-05-03 11:45:00,28.79157418576728,-96.03500097044424,,2022-05-03,7628,0 days 00:00:00,270,4,False,False,,,,Free
2022-05-03 11:45:00,2.0375105460920344,25.6,3.2605405970953982,237,867,363.614886731891,124.614886731891,3,5.0,9948,2022-05-03 11:45:00,2022-05-03 11:45:00,28.358851132685093,-96.74885208272622,,2022-05-03,7634,0 days 00:00:00,271,3,False,False,,,,Free
2022-05-03 11:45:00,3.902181187773253,11.345455,11.95927198866474,237,868,366.8709677460704,87.25806450785923,12,5.0,9949,2022-05-03 11:45:00,2022-05-03 11:45:00,28.326290322543294,-97.12242029429144,,2022-05-03,7391,0 days 00:30:00,258,3,False,False,,,,Free
2022-05-03 12:00:00,16.53990265408223,32.12488,214.86010306365355,238,545,4.105743539110105,203.3070746827624,230,5.0,9953,2022-05-03 12:00:00,2022-05-03 12:00:00,31.953942564613463,-95.96193022570468,,2022-05-03,7502,0 days 00:15:00,264,3,False,False,,,,Free
2022-05-03 12:00:00,2.582636052216194,9.6,5.238612801328149,238,546,2.0,285.8333333333333,6,5.0,9954,2022-05-03 12:00:00,2022-05-03 12:00:00,31.975000000004567,-95.13666766278176,,2022-05-03,7270,0 days 00:45:00,252,4,False,False,,,,Free
2022-05-03 12:00:00,7.61206513666534,22.995348,45.50874647620871,238,591,96.42646678813917,244.5500129420181,43,5.0,9993,2022-05-03 12:00:00,2022-05-03 12:00:00,31.030735332123022,-95.54950085489776,,2022-05-03,7440,0 days 00:30:00,259,3,False,False,,,,Free
2022-05-03 12:00:00,8.876858855173596,30.289656,61.88829388822053,238,634,175.54608673774914,397.7844286809101,58,5.0,10030,2022-05-03 12:00:00,2022-05-03 12:00:00,30.239539132626803,-94.01715674129724,,2022-05-03,7566,0 days 00:15:00,266,3,False,False,,,,Free
2022-05-03 12:00:00,12.616905122662423,47.589745,125.02462363229262,238,637,190.29303631938367,311.0184226550375,117,5.0,10033,2022-05-03 12:00:00,2022-05-03 12:00:00,30.09206963681044,-94.88481677676162,,2022-05-03,7571,0 days 00:15:00,267,5,False,False,,,,Free
2022-05-03 12:00:00,4.3664830876752925,14.400002,14.974538478476308,238,642,199.8252279596712,15.95592706015199,14,5.0,10038,2022-05-03 12:00:00,2022-05-03 12:00:00,29.996747720407544,-97.83544164839316,,2022-05-03,7466,0 days 00:30:00,263,3,False,False,,,,Free
2022-05-03 12:00:00,8.683724663907341,45.556377,59.22457745705467,238,669,266.7367524397088,253.59087241405868,55,5.0,10060,2022-05-03 12:00:00,2022-05-03 12:00:00,29.327632475607064,-95.45909226276086,,2022-05-03,7599,0 days 00:15:00,268,3,False,False,,,,Free
2022-05-03 12:00:00,5.617446652250896,9.600002,24.78379423680913,238,676,274.2173913043478,7.956521739130435,23,5.0,10066,2022-05-03 12:00:00,2022-05-03 12:00:00,29.252826086960663,-97.9154356993174,,2022-05-03,7601,0 days 00:15:00,269,3,False,False,,,,Free
2022-05-03 12:00:00,4.6903141809222335,15.6,17.278011201211992,238,692,296.4913891972728,234.6165327219657,17,5.0,10080,2022-05-03 12:00:00,2022-05-03 12:00:00,29.03008610803138,-95.64883565425964,,2022-05-03,7722,0 days 00:00:00,272,3,False,False,,,,Free
2022-05-03 12:00:00,9.463521659911494,37.80923,70.33887894696387,238,704,318.38713307528684,197.21007222415287,65,5.0,10091,2022-05-03 12:00:00,2022-05-03 12:00:00,28.811128669251204,-96.02290024854848,,2022-05-03,7628,0 days 00:15:00,270,4,False,False,,,,Free
2022-05-03 12:00:00,3.326430268125414,26.4,8.690539321100408,238,720,358.8925233608417,124.19509345729315,8,5.0,10106,2022-05-03 12:00:00,2022-05-03 12:00:00,28.40607476639559,-96.75305001535224,,2022-05-03,7634,0 days 00:15:00,271,3,False,False,,,,Free
2022-05-03 12:15:00,21.52352170572452,104.3827,363.8451134606836,239,545,3.514060899349689,205.8087270779454,347,5.0,10110,2022-05-03 12:15:00,2022-05-03 12:15:00,31.95985939101107,-95.93691370246772,,2022-05-03,7502,0 days 00:30:00,264,3,False,False,,,,Free
2022-05-03 12:15:00,13.296179279993783,35.003075,138.84927166828496,239,641,184.89988744872224,312.7486699808462,132,5.0,10199,2022-05-03 12:15:00,2022-05-03 12:15:00,30.14600112551706,-94.867514303998,,2022-05-03,7571,0 days 00:30:00,267,5,False,False,,,,Free
2022-05-03 12:15:00,6.1951190315209645,20.571428,30.143188666588497,239,667,264.5096330354555,255.1733944982102,28,5.0,10223,2022-05-03 12:15:00,2022-05-03 12:15:00,29.349903669649603,-95.4432670423716,,2022-05-03,7599,0 days 00:30:00,268,3,False,False,,,,Free
2022-05-03 12:15:00,4.057407933620789,9.599999,12.929663713227798,239,673,273.4166666666667,7.25,12,5.0,10228,2022-05-03 12:15:00,2022-05-03 12:15:00,29.26083333333748,-97.92250091650686,,2022-05-03,7601,0 days 00:30:00,269,3,False,False,,,,Free
2022-05-03 12:15:00,5.743887326131652,25.6,25.9120459710182,239,690,294.3268608323597,235.02872167966888,24,5.0,10241,2022-05-03 12:15:00,2022-05-03 12:15:00,29.051731391680512,-95.64471376480044,,2022-05-03,7722,0 days 00:15:00,272,3,False,False,,,,Free
2022-05-03 12:15:00,9.67843524182585,46.58823,73.56990215827818,239,699,315.27779348451463,197.0962517599616,68,5.0,10250,2022-05-03 12:15:00,2022-05-03 12:15:00,28.84222206515893,-96.02403845315786,,2022-05-03,7628,0 days 00:30:00,270,4,False,False,,,,Free
2022-05-03 12:15:00,3.110781932852089,16.457142,7.600269936457098,239,713,353.2394014921078,123.11970074605392,7,5.0,10263,2022-05-03 12:15:00,2022-05-03 12:15:00,28.46260598508294,-96.76380394215732,,2022-05-03,7634,0 days 00:30:00,271,3,False,False,,,,Free
2022-05-03 12:30:00,3.076762690469668,9.599999,7.43494709429183,240,509,132.4,203.2,10,5.0,10318,2022-05-03 12:30:00,2022-05-03 12:30:00,30.67100000000436,-95.96300097250172,,2022-05-03,7893,0 days 00:00:00,274,3,False,False,,,,Free
2022-05-03 12:30:00,,,,240,526,169.5,401.5,2,5.0,10332,2022-05-03 12:30:00,2022-05-03 12:30:00,30.300000000004303,-93.98000102916808,,2022-05-03,7566,0 days 00:45:00,266,3,False,False,,,,Free
2022-05-03 12:30:00,12.716718351945287,59.69748,127.01060559373312,240,530,178.30732412990724,315.6638642457069,121,5.0,10335,2022-05-03 12:30:00,2022-05-03 12:30:00,30.21192675870521,-94.8383623621824,,2022-05-03,7571,0 days 00:45:00,267,5,False,False,,,,Free
2022-05-03 12:30:00,4.833350933527297,27.105883,18.34790738571381,240,572,290.5811601820833,234.65673230228063,17,5.0,10368,2022-05-03 12:30:00,2022-05-03 12:30:00,29.08918839818328,-95.64843365846804,,2022-05-03,7722,0 days 00:30:00,272,3,False,False,,,,Free
2022-05-03 12:30:00,4.064699079896377,13.600001,12.976174576439996,240,585,310.68798448985586,197.9476744255892,12,5.0,10378,2022-05-03 12:30:00,2022-05-03 12:30:00,28.88812015510553,-96.0155242267449,,2022-05-03,7628,0 days 00:45:00,270,4,False,False,,,,Free
2022-05-03 12:30:00,7.609265288211217,42.74286,45.47527483402165,240,589,324.0310370894825,125.70842796644666,42,5.0,10382,2022-05-03 12:30:00,2022-05-03 12:30:00,28.75468962910924,-96.73791667069317,,2022-05-03,7937,0 days 00:00:00,275,3,False,False,,,,Free
2022-05-03 12:45:00,5.693460628083022,11.600001,25.459069393162803,241,425,118.52020202962832,178.9292929414559,24,5.0,10426,2022-05-03 12:45:00,2022-05-03 12:45:00,30.8097979797081,-96.20570803615152,,2022-05-03,7966,0 days 00:00:00,276,3,False,False,,,,Free
2022-05-03 12:45:00,8.545479378784181,29.511116,57.35387195220606,241,435,129.82336055345226,204.49637353391185,54,5.0,10433,2022-05-03 12:45:00,2022-05-03 12:45:00,30.696766394469844,-95.95003723753302,,2022-05-03,7893,0 days 00:15:00,274,3,False,False,,,,Free
2022-05-03 12:45:00,7.169880137075424,17.431576,40.37510568423441,241,437,134.58430231306687,225.8492524653084,40,5.0,10434,2022-05-03 12:45:00,2022-05-03 12:45:00,30.64915697687369,-95.73650845432088,,2022-05-03,7972,0 days 00:00:00,277,4,False,False,,,,Free
2022-05-03 12:45:00,10.745162647786325,24.508238,90.6809098137131,241,460,173.48196839811234,317.0466771349452,85,5.0,10453,2022-05-03 12:45:00,2022-05-03 12:45:00,30.26018031602317,-94.8245342336852,,2022-05-03,7571,0 days 01:00:00,267,5,False,False,,,,Free
2022-05-03 12:45:00,6.845803125571818,36.70588,36.80770097651728,241,501,322.332282000902,125.64860851595122,34,5.0,10488,2022-05-03 12:45:00,2022-05-03 12:45:00,28.771677179995045,-96.73851486518106,,2022-05-03,7937,0 days 00:15:00,275,3,False,False,,,,Free
2022-05-03 13:00:00,5.325012024454769,19.200003,22.270556375537293,242,343,116.25486250748276,179.5841717000008,21,5.0,10525,2022-05-03 13:00:00,2022-05-03 13:00:00,30.83245137492956,-96.19915924875323,,2022-05-03,7966,0 days 00:15:00,276,3,False,False,,,,Free
2022-05-03 13:00:00,5.930370255779645,11.815385,27.62189685048719,242,353,132.99322799789545,227.55869073872512,26,5.0,10534,2022-05-03 13:00:00,2022-05-03 13:00:00,30.66506772002541,-95.7194140720752,,2022-05-03,7972,0 days 00:15:00,277,4,False,False,,,,Free
2022-05-03 13:00:00,7.720379415244746,20.945454,46.81307501153104,242,358,146.72833524195053,251.17816420041643,44,5.0,10539,2022-05-03 13:00:00,2022-05-03 13:00:00,30.527716647584835,-95.48321934420784,,2022-05-03,8051,0 days 00:00:00,278,3,False,False,,,,Free
2022-05-03 13:00:00,3.68918981966303,9.6,10.68936444974797,242,390,193.4,244.7,10,5.0,10565,2022-05-03 13:00:00,2022-05-03 13:00:00,30.061000000004267,-95.54800098436078,,2022-05-03,8070,0 days 00:00:00,279,5,False,False,,,,Free
2022-05-03 13:00:00,5.117197040478017,22.23158,20.566205047082228,242,411,320.7819181436384,123.85461209575892,19,5.0,10578,2022-05-03 13:00:00,2022-05-03 13:00:00,28.787180818567684,-96.75645482887028,,2022-05-03,7937,0 days 00:30:00,275,3,False,False,,,,Free
2022-05-03 13:15:00,2.012470628596068,9.6,3.180892431207256,243,278,114.33333333333331,180.3333333333333,3,5.0,10611,2022-05-03 13:15:00,2022-05-03 13:15:00,30.851666666671058,-96.191667632634,,2022-05-03,7966,0 days 00:30:00,276,3,False,False,,,,Free
2022-05-03 13:15:00,7.261570415561701,23.876923,41.41436316379021,243,281,128.31621844358492,206.2651453551855,39,5.0,10614,2022-05-03 13:15:00,2022-05-03 13:15:00,30.71183781556852,-95.93234951982578,,2022-05-03,7893,0 days 00:45:00,274,3,False,False,,,,Free
2022-05-03 13:15:00,5.929283849548886,10.338462,27.611777464729844,243,282,129.66570605286324,229.9971181585897,26,5.0,10615,2022-05-03 13:15:00,2022-05-03 13:15:00,30.698342939475733,-95.6950297985734,,2022-05-03,7972,0 days 00:30:00,277,4,False,False,,,,Free
2022-05-03 13:15:00,9.9408210881547,32.219177,77.61298674339868,243,289,141.1647921208032,346.29945772938623,74,5.0,10622,2022-05-03 13:15:00,2022-05-03 13:15:00,30.58335207879632,-94.53200643610006,,2022-05-03,8111,0 days 00:00:00,280,3,False,False,,,,Free
2022-05-03 13:15:00,9.526039473784165,34.101494,71.27129253197157,243,295,145.33480358137265,252.7967996948305,67,5.0,10628,2022-05-03 13:15:00,2022-05-03 13:15:00,30.541651964190617,-95.46703298972623,,2022-05-03,8051,0 days 00:15:00,278,3,False,False,,,,Free
2022-05-03 13:30:00,6.152830990135167,10.628572,29.733076819446524,244,169,128.51678658205495,233.06834533916583,30,5.0,10682,2022-05-03 13:30:00,2022-05-03 13:30:00,30.70983213418382,-95.66431752764528,,2022-05-03,7972,0 days 00:45:00,277,4,False,False,,,,Free
2022-05-03 13:30:00,11.036760016140162,21.546667,95.66940656026122,244,171,139.2182379797532,346.0530486285263,90,5.0,10684,2022-05-03 13:30:00,2022-05-03 13:30:00,30.60281762020682,-94.53447052703824,,2022-05-03,8111,0 days 00:15:00,280,3,False,False,,,,Free
2022-05-03 13:30:00,3.680056584685973,9.6,10.636503180010427,244,174,144.8,255.5,10,5.0,10687,2022-05-03 13:30:00,2022-05-03 13:30:00,30.547000000004346,-95.44000098744698,,2022-05-03,8051,0 days 00:30:00,278,3,False,False,,,,Free
2022-05-03 13:30:00,4.363537776774448,21.942858,14.954343829540862,244,196,186.4110835408009,247.8014888361936,15,5.0,10707,2022-05-03 13:30:00,2022-05-03 13:30:00,30.13088916459627,-95.51698609688516,,2022-05-03,8070,0 days 00:30:00,279,5,False,False,,,,Free
2022-05-03 13:45:00,,,,245,187,136.5,347.5,2,5.0,10731,2022-05-03 13:45:00,2022-05-03 13:45:00,30.63000000000436,-94.520001013737,,2022-05-03,8111,0 days 00:30:00,280,3,False,False,,,,Free
2022-05-03 13:45:00,3.2983305772373352,9.6,8.544334521907762,245,209,185.125,247.625,8,5.0,10751,2022-05-03 13:45:00,2022-05-03 13:45:00,30.14375000000428,-95.51875098519662,,2022-05-03,8070,0 days 00:45:00,279,5,False,False,,,,Free
2022-05-03 14:00:00,3.687211022415663,15.360001,10.677900462674886,246,134,182.9111969090644,249.3185328181774,10,5.0,10783,2022-05-03 14:00:00,2022-05-03 14:00:00,30.16588803091364,-95.5018156574988,,2022-05-03,8070,0 days 01:00:00,279,5,False,False,,,,Free
2022-05-03 14:15:00,2.6070667396198552,9.6,5.338191868872447,247,100,181.4,249.8,5,5.0,10805,2022-05-03 14:15:00,2022-05-03 14:15:00,30.18100000000429,-95.49700098581816,,2022-05-03,8070,0 days 01:15:00,279,5,False,False,,,,Free
2022-05-03 14:45:00,5.812303929453434,10.752001,26.533009525216062,249,77,123.27955494848167,324.90403337886386,25,5.0,10836,2022-05-03 14:45:00,2022-05-03 14:45:00,30.76220445051956,-94.74596067349133,,2022-05-03,8270,0 days 00:00:00,281,3,False,False,,,,Free
2022-05-03 15:00:00,7.883270077335982,13.35652,48.809312724533214,250,69,121.84079083115142,324.36420395589244,46,5.0,10854,2022-05-03 15:00:00,2022-05-03 15:00:00,30.776592091692866,-94.75135896756676,,2022-05-03,8270,0 days 00:15:00,281,3,False,False,,,,Free
2022-05-03 15:30:00,5.196587490071589,9.600001,21.209301622488915,252,45,115.85,328.25,20,5.0,10881,2022-05-03 15:30:00,2022-05-03 15:30:00,30.83650000000439,-94.71250100823612,,2022-05-03,8270,0 days 00:45:00,281,3,False,False,,,,Free
2022-05-03 19:15:00,6.936584178184197,16.533333,37.79037515760134,267,14,19.513487485253307,250.394026990176,36,5.0,10970,2022-05-03 19:15:00,2022-05-03 19:15:00,31.799865125152007,-95.49106071608615,,2022-05-03,8367,0 days 00:00:00,283,3,False,False,,,,Free
2022-05-03 19:30:00,8.415751501965058,73.53963,55.625725446313325,268,23,17.928441983387103,251.1332308410421,55,5.0,10973,2022-05-03 19:30:00,2022-05-03 19:30:00,31.81571558017067,-95.48366867778871,,2022-05-03,8367,0 days 00:15:00,283,3,False,False,,,,Free
2022-05-03 19:45:00,,,,269,17,15.833333333333334,253.41666666666663,24,5.0,10979,2022-05-03 19:45:00,2022-05-03 19:45:00,31.83666666667121,-95.46083432018504,,2022-05-03,8367,0 days 00:30:00,283,3,False,False,,,,Free
2022-05-04 10:15:00,2.3323457855375302,9.6,4.272437881629086,327,80,185.75,353.0,4,5.0,11110,2022-05-04 10:15:00,2022-05-04 10:15:00,30.13750000000428,-94.4650010153087,,2022-05-04,8494,0 days 00:00:00,284,3,False,False,,,,Free
2022-05-04 10:30:00,5.47009386467059,25.745453,23.500626423388905,328,122,186.8663453071291,351.4653812368747,22,5.0,11130,2022-05-04 10:30:00,2022-05-04 10:30:00,30.126336546932983,-94.48034720250143,,2022-05-04,8494,0 days 00:15:00,284,3,False,False,,,,Free
2022-05-04 10:45:00,1.6478138714352462,9.6,2.132584214904512,329,108,169.0,288.5,2,5.0,11150,2022-05-04 10:45:00,2022-05-04 10:45:00,30.305000000004306,-95.11000099687716,,2022-05-04,8525,0 days 00:00:00,285,3,False,False,,,,Free
2022-05-04 10:45:00,3.497399809079541,9.6,9.606837515476208,329,113,179.44444444444446,286.8888888888889,9,5.0,11154,2022-05-04 10:45:00,2022-05-04 10:45:00,30.200555555559845,-95.12611210752785,,2022-05-04,8529,0 days 00:00:00,286,3,False,False,,,,Free
2022-05-04 10:45:00,7.909730422334698,12.521739,49.13752138213748,329,114,186.9260115534604,351.2682080945886,46,5.0,11155,2022-05-04 10:45:00,2022-05-04 10:45:00,30.12573988446968,-94.48231893386792,,2022-05-04,8494,0 days 00:30:00,284,3,False,False,,,,Free
2022-05-04 11:00:00,2.853538935938284,11.2,6.39524941915741,330,128,165.38172042321602,378.2473118307136,6,5.0,11179,2022-05-04 11:00:00,2022-05-04 11:00:00,30.341182795772152,-94.21252790421624,,2022-05-04,8551,0 days 00:00:00,287,3,False,False,,,,Free
2022-05-04 11:00:00,2.8556230439266668,9.599999,6.404594487128641,330,136,179.5,286.5,6,5.0,11184,2022-05-04 11:00:00,2022-05-04 11:00:00,30.200000000004287,-95.13000099630564,,2022-05-04,8529,0 days 00:15:00,286,3,False,False,,,,Free
2022-05-04 11:15:00,3.678101008136893,11.5199995,10.625201739922066,331,122,134.3527607406831,270.1472392593169,10,5.0,11203,2022-05-04 11:15:00,2022-05-04 11:15:00,30.65147239259753,-95.29352859903946,,2022-05-04,8572,0 days 00:00:00,288,3,False,False,,,,Free
2022-05-04 11:15:00,,,,331,131,163.35436311427227,376.31254530586807,78,5.0,11212,2022-05-04 11:15:00,2022-05-04 11:15:00,30.361456368861592,-94.23187556891185,,2022-05-04,8551,0 days 00:15:00,287,3,False,False,,,,Free
2022-05-04 11:15:00,4.660453881049052,9.6,17.058714887702422,331,132,167.875,285.8125,16,5.0,11213,2022-05-04 11:15:00,2022-05-04 11:15:00,30.316250000004302,-95.13687599610915,,2022-05-04,8525,0 days 00:30:00,285,3,False,False,,,,Free
2022-05-04 11:15:00,2.855792220841143,9.599999,6.4053533699451375,331,139,180.66666666666663,285.8333333333333,6,5.0,11218,2022-05-04 11:15:00,2022-05-04 11:15:00,30.18833333333762,-95.13666766278176,,2022-05-04,8529,0 days 00:30:00,286,3,False,False,,,,Free
2022-05-04 11:30:00,3.0771950367760974,9.599999,7.437036756762885,332,124,133.71428571428572,271.7142857142857,7,5.0,11236,2022-05-04 11:30:00,2022-05-04 11:30:00,30.657857142861506,-95.27785813493756,,2022-05-04,8572,0 days 00:15:00,288,3,False,False,,,,Free
2022-05-04 11:30:00,4.941590086771099,16.0,19.178883256216867,332,135,161.27878788579375,373.02323232381616,18,5.0,11244,2022-05-04 11:30:00,2022-05-04 11:30:00,30.38221212114638,-94.26476869779242,,2022-05-04,8551,0 days 00:30:00,287,3,False,False,,,,Free
2022-05-04 11:30:00,2.330271565860752,9.6,4.264842066139727,332,139,168.25,282.75,4,5.0,11248,2022-05-04 11:30:00,2022-05-04 11:30:00,30.312500000004302,-95.16750099523398,,2022-05-04,8525,0 days 00:45:00,285,3,False,False,,,,Free
2022-05-04 11:45:00,4.193455135194664,17.72308,13.81127851676036,333,126,133.5151148721984,272.749697695637,13,5.0,11269,2022-05-04 11:45:00,2022-05-04 11:45:00,30.659848851282376,-95.26750401541996,,2022-05-04,8572,0 days 00:30:00,288,3,False,False,,,,Free
2022-05-04 16:45:00,2.002846445016903,9.6,3.1505413878354105,353,25,24.0,391.0,3,5.0,11333,2022-05-04 16:45:00,2022-05-04 16:45:00,31.75500000000453,-94.08500102616762,,2022-05-04,8678,0 days 00:00:00,289,4,False,False,,,,Free
2022-05-04 17:00:00,3.468990146526106,14.933334,9.451397175382498,354,44,24.004474268396365,390.5794183440417,9,5.0,11339,2022-05-04 17:00:00,2022-05-04 17:00:00,31.754955257320567,-94.08920684260704,,2022-05-04,8678,0 days 00:15:00,289,4,False,False,,,,Free
2022-05-04 17:15:00,2.002882499299661,9.6,3.1506548179315823,355,53,24.33333333333333,390.6666666666667,3,5.0,11352,2022-05-04 17:15:00,2022-05-04 17:15:00,31.7516666666712,-94.08833435940568,,2022-05-04,8678,0 days 00:30:00,289,4,False,False,,,,Free
2022-05-04 17:45:00,2.585775342999077,9.6,5.251356001397797,357,11,24.8,391.4,5,5.0,11363,2022-05-04 17:45:00,2022-05-04 17:45:00,31.74700000000453,-94.08100102628192,,2022-05-04,8678,0 days 01:00:00,289,4,False,False,,,,Free
2022-05-04 23:30:00,9.408442635149395,12.84923,69.52249730612084,379,166,198.991375939793,103.27322617850407,65,5.0,11478,2022-05-04 23:30:00,2022-05-04 23:30:00,30.005086240606328,-96.9622686821615,,2022-05-04,8812,0 days 00:00:00,290,3,False,False,,,,Free
2022-05-04 23:30:00,2.61036004203071,9.6,5.3516870232363845,379,176,206.4,7.4,5,5.0,11486,2022-05-04 23:30:00,2022-05-04 23:30:00,29.931000000004246,-97.9210009165497,,2022-05-04,8820,0 days 00:00:00,291,3,False,False,,,,Free
2022-05-04 23:45:00,7.193491287645934,12.63158,40.6414622601133,380,304,198.74206896538115,101.89172413321369,38,5.0,11537,2022-05-04 23:45:00,2022-05-04 23:45:00,30.007579310350447,-96.97608370221964,,2022-05-04,8812,0 days 00:15:00,290,3,False,False,,,,Free
2022-05-04 23:45:00,4.95275189005666,11.200001,19.26562160741093,380,308,206.1236559153568,6.924731174525891,18,5.0,11540,2022-05-04 23:45:00,2022-05-04 23:45:00,29.93376344085068,-97.9257536046686,,2022-05-04,8820,0 days 00:15:00,291,3,False,False,,,,Free
2022-05-05 00:00:00,1.6501972564246696,9.6,2.1387577823605297,381,317,197.5,103.0,2,5.0,11584,2022-05-05 00:00:00,2022-05-05 00:00:00,30.02000000000426,-96.96500094386846,,2022-05-05,8812,0 days 00:30:00,290,3,False,False,,,,Free
2022-05-05 00:00:00,4.367236862676358,9.599999,14.979708958604824,381,318,203.59574468085103,7.0638297872340425,47,5.0,11585,2022-05-05 00:00:00,2022-05-05 00:00:00,29.95904255319574,-97.92436261858133,,2022-05-05,8820,0 days 00:30:00,291,3,False,False,,,,Free
2022-05-05 00:45:00,11.92391587096699,22.648546,111.66772999300164,384,221,338.37836945205095,5.584332718618618,103,5.0,11765,2022-05-05 00:45:00,2022-05-05 00:45:00,28.61121630548353,-97.9391575888447,,2022-05-05,9069,0 days 00:00:00,292,3,False,False,,,,Free
2022-05-05 01:00:00,4.404135880096149,9.599999,15.233907029163776,385,345,376.2857142857143,110.28571428571428,14,5.0,11826,2022-05-05 01:00:00,2022-05-05 01:00:00,28.23214285714684,-96.89214380309328,,2022-05-05,9129,0 days 00:00:00,293,3,False,False,,,,Free
2022-05-05 01:15:00,15.622533291224965,20.23051,191.6870611226564,386,357,326.986794259638,6.045923315249394,177,5.0,11875,2022-05-05 01:15:00,2022-05-05 01:15:00,28.72513205740768,-97.93454168301024,,2022-05-05,9069,0 days 00:30:00,292,3,False,False,,,,Free
2022-05-05 01:15:00,5.3929191459664425,9.600001,22.842187894015566,386,363,372.2380952380952,108.14285714285714,21,5.0,11881,2022-05-05 01:15:00,2022-05-05 01:15:00,28.272619047623035,-96.91357237390952,,2022-05-05,9129,0 days 00:15:00,293,3,False,False,,,,Free
2022-05-05 01:30:00,2.8652973986165007,39.999996,6.448063301573132,387,388,246.954285712054,237.56857143191905,6,5.0,11917,2022-05-05 01:30:00,2022-05-05 01:30:00,29.52545714288365,-95.61931526800372,,2022-05-05,9213,0 days 00:00:00,295,3,False,False,,,,Free
2022-05-05 01:30:00,9.39350347082384,20.1,69.3018904582745,387,435,325.17653144673403,3.818501674775964,64,5.0,11955,2022-05-05 01:30:00,2022-05-05 01:30:00,28.74323468553672,-97.95681589877849,,2022-05-05,9069,0 days 00:45:00,292,3,False,False,,,,Free
2022-05-05 01:30:00,3.5299021452927755,12.8,9.7862253861541,387,443,367.55468749054126,105.50195312299913,16,5.0,11963,2022-05-05 01:30:00,2022-05-05 01:30:00,28.319453125098583,-96.93998141335344,,2022-05-05,9129,0 days 00:30:00,293,3,False,False,,,,Free
2022-05-05 01:45:00,5.847270652977564,35.712,26.853214095140583,388,378,242.10106798155505,239.0919510366976,25,5.0,11993,2022-05-05 01:45:00,2022-05-05 01:45:00,29.57398932018864,-95.60408147239129,,2022-05-05,9213,0 days 00:15:00,295,3,False,False,,,,Free
2022-05-05 02:00:00,2.864068199041989,12.799999,6.442532108496399,389,422,238.1965812000645,240.71367519974177,6,5.0,12079,2022-05-05 02:00:00,2022-05-05 02:00:00,29.61303418800356,-95.58786423122422,,2022-05-05,9213,0 days 00:30:00,295,3,False,False,,,,Free
2022-05-05 02:00:00,2.043236256156633,9.6,3.278891561085896,389,505,424.0,105.0,3,5.0,12150,2022-05-05 02:00:00,2022-05-05 02:00:00,27.755000000003907,-96.94500094443998,,2022-05-05,9412,0 days 00:00:00,297,3,False,False,,,,Free
2022-05-05 02:15:00,1.6506959852385386,9.6,2.1400507445355808,390,443,204.0,369.3333333333333,3,5.0,12186,2022-05-05 02:15:00,2022-05-05 02:15:00,29.95500000000425,-94.30166768664282,,2022-05-05,9444,0 days 00:00:00,299,3,False,False,,,,Free
2022-05-05 02:15:00,2.042358951484508,9.6,3.276076449209347,390,516,414.6666666666667,100.33333333333331,3,5.0,12244,2022-05-05 02:15:00,2022-05-05 02:15:00,27.84833333333725,-96.99166760977312,,2022-05-05,9412,0 days 00:15:00,297,3,False,False,,,,Free
2022-05-05 02:15:00,4.416451328886535,13.714288,15.319224431158196,390,539,437.4395466011602,74.4017632043647,22,5.0,12263,2022-05-05 02:15:00,2022-05-05 02:15:00,27.620604533992285,-97.25098330365256,,2022-05-05,9513,0 days 00:00:00,301,3,False,False,,,,Free
2022-05-05 02:30:00,,,,391,525,198.49456341264425,375.1235584907425,109,5.0,12279,2022-05-05 02:30:00,2022-05-05 02:30:00,30.010054365877817,-94.24376543672332,,2022-05-05,9444,0 days 00:15:00,299,3,False,False,,,,Free
2022-05-05 02:30:00,1.6594530710249864,9.6,2.162817284713737,391,579,311.0,247.5,2,5.0,12325,2022-05-05 02:30:00,2022-05-05 02:30:00,28.885000000004084,-95.52000098516088,,2022-05-05,9565,0 days 00:00:00,302,5,False,False,,,,Free
2022-05-05 02:30:00,3.1180937055041102,9.599999,7.636040206657782,391,607,403.1428571428572,94.57142857142856,7,5.0,12351,2022-05-05 02:30:00,2022-05-05 02:30:00,27.963571428575367,-97.04928665574562,,2022-05-05,9412,0 days 00:30:00,297,3,False,False,,,,Free
2022-05-05 02:45:00,8.082284148128842,14.0,51.30481323895903,392,595,192.19694932139893,380.07581875095934,51,5.0,12409,2022-05-05 02:45:00,2022-05-05 02:45:00,30.07303050679028,-94.19424283553631,,2022-05-05,9444,0 days 00:30:00,299,3,False,False,,,,Free
2022-05-05 02:45:00,8.295209716750525,15.551999,54.04364365637504,392,639,305.9571645167452,247.8339651304805,50,5.0,12445,2022-05-05 02:45:00,2022-05-05 02:45:00,28.93542835483664,-95.51666133395156,,2022-05-05,9565,0 days 00:15:00,302,5,False,False,,,,Free
2022-05-05 02:45:00,2.3471598000642686,9.6,4.326883460239727,392,644,314.0,312.75,4,5.0,12449,2022-05-05 02:45:00,2022-05-05 02:45:00,28.85500000000408,-94.8675010038068,,2022-05-05,9674,0 days 00:00:00,304,3,False,False,,,,Free
2022-05-05 02:45:00,1.6681421336258373,9.6,2.185526038273159,392,684,422.0,70.5,2,5.0,12477,2022-05-05 02:45:00,2022-05-05 02:45:00,27.77500000000391,-97.29000093458126,,2022-05-05,9513,0 days 00:30:00,301,3,False,False,,,,Free
2022-05-05 03:00:00,7.134628637052357,26.724323,39.9790644259604,393,554,301.9840756584778,247.5381935856801,37,5.0,12580,2022-05-05 03:00:00,2022-05-05 03:00:00,28.97515924341932,-95.51961904931504,,2022-05-05,9565,0 days 00:30:00,302,5,False,False,,,,Free
2022-05-05 03:00:00,3.1048939013863643,9.599999,7.571525859944492,393,560,313.2857142857143,313.0,7,5.0,12584,2022-05-05 03:00:00,2022-05-05 03:00:00,28.86214285714694,-94.86500100387826,,2022-05-05,9674,0 days 00:15:00,304,3,False,False,,,,Free
2022-05-05 03:00:00,2.8884870554380666,12.8,6.552857633061275,393,584,415.6965812000645,66.71367519974177,6,5.0,12606,2022-05-05 03:00:00,2022-05-05 03:00:00,27.83803418800328,-97.3278641815018,,2022-05-05,9513,0 days 00:45:00,301,3,False,False,,,,Free
2022-05-05 03:00:00,2.3584850841897764,9.6,4.36873950023494,393,585,416.25,122.25,4,5.0,12607,2022-05-05 03:00:00,2022-05-05 03:00:00,27.83250000000392,-96.77250094936936,,2022-05-05,9805,0 days 00:00:00,305,3,False,False,,,,Free
2022-05-05 03:15:00,4.665104934003096,25.800001,17.092780486791145,394,449,190.26449831218528,404.6047867460685,29,5.0,12664,2022-05-05 03:15:00,2022-05-05 03:15:00,30.09235501688242,-93.94895316259463,,2022-05-05,9848,0 days 00:00:00,306,3,False,False,,,,Free
2022-05-05 03:15:00,8.519931705911677,12.860374,57.011452851551056,394,475,256.7700431997499,351.7618818816148,53,5.0,12682,2022-05-05 03:15:00,2022-05-05 03:15:00,29.42729956800667,-94.47738219613876,,2022-05-05,9864,0 days 00:00:00,308,3,False,False,,,,Free
2022-05-05 03:15:00,5.744965495487129,18.800001,25.921774642337805,394,494,298.50422704888,248.50543477713148,24,5.0,12697,2022-05-05 03:15:00,2022-05-05 03:15:00,29.009957729515303,-95.50994663767692,,2022-05-05,9565,0 days 00:45:00,302,5,False,False,,,,Free
2022-05-05 03:15:00,,,,394,505,312.5,312.5,2,5.0,12703,2022-05-05 03:15:00,2022-05-05 03:15:00,28.870000000004083,-94.8700010037354,,2022-05-05,9674,0 days 00:30:00,304,3,False,False,,,,Free
2022-05-05 03:30:00,6.492548361214793,24.464516,33.10703346987301,395,417,185.51637980182377,403.3845086167211,46,5.0,12770,2022-05-05 03:30:00,2022-05-05 03:30:00,30.139836201986043,-93.96115594353944,,2022-05-05,9848,0 days 00:15:00,306,3,False,False,,,,Free
2022-05-05 03:30:00,6.080191614769333,29.51111,29.03517270192932,395,442,253.6624357785812,353.8561498982788,27,5.0,12788,2022-05-05 03:30:00,2022-05-05 03:30:00,29.45837564221836,-94.45643951657058,,2022-05-05,9864,0 days 00:15:00,308,3,False,False,,,,Free
2022-05-05 03:30:00,3.102111034707846,9.599999,7.557959467601842,395,463,294.7142857142857,249.1428571428572,7,5.0,12806,2022-05-05 03:30:00,2022-05-05 03:30:00,29.04785714286125,-95.5035724142018,,2022-05-05,9565,0 days 01:00:00,302,5,False,False,,,,Free
2022-05-05 03:30:00,9.340864990679908,14.933333,68.52737109438283,395,480,371.6474912256025,235.8846276791991,63,5.0,12821,2022-05-05 03:30:00,2022-05-05 03:30:00,28.278525087747965,-95.6361547050497,,2022-05-05,9969,0 days 00:00:00,310,3,False,False,,,,Free
2022-05-05 03:30:00,5.652123881072008,9.600002,25.090725856798187,395,490,403.5217391304348,121.56521739130434,23,5.0,12831,2022-05-05 03:30:00,2022-05-05 03:30:00,27.95978260869959,-96.77934877526064,,2022-05-05,9805,0 days 00:30:00,305,3,False,False,,,,Free
2022-05-05 03:45:00,2.331754440295783,9.6,4.270271680078887,396,433,180.75,404.75,4,5.0,12884,2022-05-05 03:45:00,2022-05-05 03:45:00,30.187500000004288,-93.94750103009682,,2022-05-05,9848,0 days 00:30:00,306,3,False,False,,,,Free
2022-05-05 03:45:00,4.531029728469636,19.840002,16.124405250502935,396,449,250.2767191383203,354.1333885716432,17,5.0,12895,2022-05-05 03:45:00,2022-05-05 03:45:00,29.492232808620976,-94.45366712991614,,2022-05-05,9864,0 days 00:30:00,308,3,False,False,,,,Free
2022-05-05 03:45:00,6.200961418743144,29.142855,30.20006932374935,396,464,284.0647928898944,276.45591716698993,28,5.0,12906,2022-05-05 03:45:00,2022-05-05 03:45:00,29.15435207110518,-95.23044182176552,,2022-05-05,10037,0 days 00:00:00,312,3,False,False,,,,Free
2022-05-05 03:45:00,10.910655334843932,15.851164,93.4956821974293,396,495,366.58336905524055,236.22974710933585,86,5.0,12935,2022-05-05 03:45:00,2022-05-05 03:45:00,28.32916630945159,-95.63270351084697,,2022-05-05,9969,0 days 00:15:00,310,3,False,False,,,,Free
2022-05-05 03:45:00,6.236238868310348,10.628572,30.54466489313611,396,506,403.365079368512,121.33484504757791,45,5.0,12944,2022-05-05 03:45:00,2022-05-05 03:45:00,27.96134920631882,-96.78165249863208,,2022-05-05,9805,0 days 00:45:00,305,3,False,False,,,,Free
2022-05-05 04:00:00,5.7396993501558375,26.0,25.874273828835417,397,421,279.4539682304448,276.32301587418124,24,5.0,13018,2022-05-05 04:00:00,2022-05-05 04:00:00,29.200460317699687,-95.2317708346556,,2022-05-05,10037,0 days 00:15:00,312,3,False,False,,,,Free
2022-05-05 04:00:00,6.112115538181803,11.733334,29.34087030720837,397,448,362.04721030328375,235.64377683040223,28,5.0,13041,2022-05-05 04:00:00,2022-05-05 04:00:00,28.374527896971166,-95.63856321346884,,2022-05-05,9969,0 days 00:30:00,310,3,False,False,,,,Free
2022-05-05 04:15:00,3.313318411933833,21.6,8.622163004796722,398,364,276.358433733642,276.358433733642,8,5.0,13114,2022-05-05 04:15:00,2022-05-05 04:15:00,29.23141566266772,-95.23141665607112,,2022-05-05,10037,0 days 00:30:00,312,3,False,False,,,,Free
2022-05-05 04:45:00,2.865250194104245,9.599999,6.447850845319169,400,246,246.66666666666663,450.8333333333333,6,5.0,13271,2022-05-05 04:45:00,2022-05-05 04:45:00,29.52833333333752,-93.4866677099323,,2022-05-05,10329,0 days 00:00:00,314,4,False,False,,,,Free
2022-05-05 04:45:00,5.509923665650125,15.709091,23.84410610464202,400,269,334.64685907625073,18.07724959857438,22,5.0,13290,2022-05-05 04:45:00,2022-05-05 04:45:00,28.64853140924154,-97.81422842361512,,2022-05-05,10346,0 days 00:00:00,315,3,False,False,,,,Free
2022-05-05 05:00:00,5.608815213363544,23.373915,24.70769010257364,401,232,242.867041197532,448.963951317893,24,5.0,13329,2022-05-05 05:00:00,2022-05-05 05:00:00,29.56632958802887,-93.50536152955254,,2022-05-05,10329,0 days 00:15:00,314,4,False,False,,,,Free
2022-05-05 05:00:00,1.6551778236383907,9.6,2.151687511743257,401,236,258.0,451.5,2,5.0,13332,2022-05-05 05:00:00,2022-05-05 05:00:00,29.415000000004166,-93.48000104345611,,2022-05-05,10380,0 days 00:00:00,316,3,False,False,,,,Free
2022-05-05 05:00:00,2.3493527784472223,9.6,4.334972551253695,401,247,333.6,23.4,5,5.0,13343,2022-05-05 05:00:00,2022-05-05 05:00:00,28.65900000000405,-97.76100092112188,,2022-05-05,10346,0 days 00:15:00,315,3,False,False,,,,Free
2022-05-05 05:15:00,5.358180834458642,11.8857155,22.548861267682103,402,158,237.89073306947907,448.9681881046615,21,5.0,13385,2022-05-05 05:15:00,2022-05-05 05:15:00,29.61609266930941,-93.50531916168605,,2022-05-05,10329,0 days 00:30:00,314,4,False,False,,,,Free
2022-05-05 05:15:00,,,,402,162,253.625,449.625,8,5.0,13388,2022-05-05 05:15:00,2022-05-05 05:15:00,29.458750000004173,-93.49875104292032,,2022-05-05,10380,0 days 00:15:00,316,3,False,False,,,,Free
2022-05-05 05:30:00,4.675649125417718,11.4,17.17013490070854,403,181,232.5468749985448,448.8203124978172,16,5.0,13426,2022-05-05 05:30:00,2022-05-05 05:30:00,29.66953125001876,-93.50679791771222,,2022-05-05,10329,0 days 00:45:00,314,4,False,False,,,,Free
2022-05-05 05:30:00,,,,403,187,246.69873418455,448.5443037821876,13,5.0,13432,2022-05-05 05:30:00,2022-05-05 05:30:00,29.528012658158683,-93.50955800478964,,2022-05-05,10380,0 days 00:30:00,316,3,False,False,,,,Free
2022-05-05 05:30:00,34.63416398523896,29.870346,942.1049793155208,403,198,325.6157871617337,38.774024265425794,995,5.0,13440,2022-05-05 05:30:00,2022-05-05 05:30:00,28.73884212838672,-97.60726068286095,,2022-05-05,10346,0 days 00:45:00,315,3,False,False,,,,Free
2022-05-05 05:45:00,4.087097627115154,11.200001,13.119579173175048,404,249,427.3763440846432,92.9381720423216,12,5.0,13501,2022-05-05 05:45:00,2022-05-05 05:45:00,27.721236559157468,-97.06561922056994,,2022-05-05,10525,0 days 00:00:00,317,3,False,False,,,,Free
2022-05-05 06:00:00,4.086237852393512,9.599999,13.114060001809507,405,183,422.75,95.16666666666669,12,5.0,13541,2022-05-05 06:00:00,2022-05-05 06:00:00,27.76750000000391,-97.04333427496334,,2022-05-05,10525,0 days 00:15:00,317,3,False,False,,,,Free
2022-05-05 06:15:00,5.532034875047645,11.78182,24.03586189675644,406,228,419.670644387334,99.3042959440109,26,5.0,13585,2022-05-05 06:15:00,2022-05-05 06:15:00,27.798293556130574,-97.00195798337228,,2022-05-05,10525,0 days 00:30:00,317,3,False,False,,,,Free
2022-05-05 06:15:00,2.360164452967943,14.4,4.374963272297768,406,236,431.6223404282302,43.12234042823018,4,5.0,13588,2022-05-05 06:15:00,2022-05-05 06:15:00,27.6787765957216,-97.56377752247543,,2022-05-05,10604,0 days 00:00:00,318,4,False,False,,,,Free
2022-05-05 06:30:00,1.6685633817955672,24.0,2.186629979080771,407,279,427.8789473644584,46.0,2,5.0,13635,2022-05-05 06:30:00,2022-05-05 06:30:00,27.716210526359315,-97.53500092758009,,2022-05-05,10604,0 days 00:15:00,318,4,False,False,,,,Free
2022-05-05 06:45:00,24.6373524595058,31.162418,476.7360067662476,408,241,172.32472305070445,46.65801084311208,448,5.0,13646,2022-05-05 06:45:00,2022-05-05 06:45:00,30.27175276949725,-97.528420819337,,2022-05-05,10660,0 days 00:00:00,319,3,False,False,,,,Free
2022-05-05 06:45:00,,,,408,297,423.5886884889445,51.42183386792434,54,5.0,13688,2022-05-05 06:45:00,2022-05-05 06:45:00,27.759113115114463,-97.4807825904502,,2022-05-05,10604,0 days 00:30:00,318,4,False,False,,,,Free
2022-05-05 07:00:00,20.781060498484365,24.99623,339.1761410705272,409,208,173.0073178084768,50.59378145125845,320,5.0,13700,2022-05-05 07:00:00,2022-05-05 07:00:00,30.26492682191953,-97.4890631143802,,2022-05-05,10660,0 days 00:15:00,319,3,False,False,,,,Free
2022-05-05 07:00:00,2.042829318197945,19.2,3.2775856205103246,409,261,419.8920187761897,54.44131455714367,3,5.0,13737,2022-05-05 07:00:00,2022-05-05 07:00:00,27.796079812242017,-97.45058778442086,,2022-05-05,10604,0 days 00:45:00,318,4,False,False,,,,Free
2022-05-05 07:15:00,10.994674433926235,19.523596,94.94118087038768,410,255,172.34952208200426,55.96731417444364,90,5.0,13753,2022-05-05 07:15:00,2022-05-05 07:15:00,30.27150477918426,-97.43532778868394,,2022-05-05,10660,0 days 00:30:00,319,3,False,False,,,,Free
2022-05-05 07:15:00,2.618556495099721,15.359999,5.385348064613543,410,289,269.8223938181288,15.274131272709598,5,5.0,13766,2022-05-05 07:15:00,2022-05-05 07:15:00,29.29677606182286,-97.84225960607272,,2022-05-05,10767,0 days 00:00:00,320,3,False,False,,,,Free
2022-05-05 07:30:00,5.736777775051633,10.0,25.84793990762505,411,197,268.76333333942625,19.73166666573948,24,5.0,13810,2022-05-05 07:30:00,2022-05-05 07:30:00,29.307366666609887,-97.7976842534162,,2022-05-05,10767,0 days 00:15:00,320,3,False,False,,,,Free
2022-05-05 07:45:00,2.0281992975064944,9.6,3.230807908390464,412,190,268.0,21.75,4,5.0,13854,2022-05-05 07:45:00,2022-05-05 07:45:00,29.31500000000415,-97.77750092065035,,2022-05-05,10767,0 days 00:30:00,320,3,False,False,,,,Free
2022-05-05 08:15:00,14.164467442418433,18.670345,157.57611264662987,414,250,362.2409819609797,114.68356716518736,148,5.0,13964,2022-05-05 08:15:00,2022-05-05 08:15:00,28.372590180394205,-96.84816527555527,,2022-05-05,10948,0 days 00:00:00,321,3,False,False,,,,Free
2022-05-05 08:45:00,2.036227751778521,9.6,3.2564362882519755,416,415,350.3333333333333,127.33333333333331,3,5.0,14080,2022-05-05 08:45:00,2022-05-05 08:45:00,28.49166666667069,-96.72166761748866,,2022-05-05,10948,0 days 00:30:00,321,3,False,False,,,,Free
2022-05-05 09:00:00,6.221671397552618,9.6,30.402130643198,417,249,7.896551724137931,323.6896551724138,29,5.0,14101,2022-05-05 09:00:00,2022-05-05 09:00:00,31.916034482763177,-94.7581044552088,,2022-05-05,11067,0 days 00:00:00,323,3,False,False,,,,Free
2022-05-05 09:00:00,9.54315031190963,21.818184,71.52755995702601,417,303,331.92186850170185,107.88337496356688,132,5.0,14143,2022-05-05 09:00:00,2022-05-05 09:00:00,28.67578131498703,-96.91616719562823,,2022-05-05,11102,0 days 00:00:00,324,3,False,False,,,,Free
2022-05-05 09:00:00,4.397776562829349,9.599999,15.189945031587902,417,314,345.6428571428572,132.85714285714286,14,5.0,14153,2022-05-05 09:00:00,2022-05-05 09:00:00,28.53857142857546,-96.66642952382904,,2022-05-05,10948,0 days 00:45:00,321,3,False,False,,,,Free
2022-05-05 09:15:00,3.831873530825845,9.599999,11.532201318250673,418,180,8.88888888888889,331.05555555555554,18,5.0,14167,2022-05-05 09:15:00,2022-05-05 09:15:00,31.906111111115667,-94.68444545348228,,2022-05-05,11067,0 days 00:15:00,323,3,False,False,,,,Free
2022-05-05 09:15:00,3.8944127067679775,9.599999,11.911702234940044,418,215,325.1818181818182,119.0909090909091,11,5.0,14191,2022-05-05 09:15:00,2022-05-05 09:15:00,28.74318181818588,-96.80409185755752,,2022-05-05,11143,0 days 00:00:00,325,3,False,False,,,,Free
2022-05-05 09:30:00,2.5835073291182806,9.6,5.242147989517705,419,248,8.6,337.4,5,5.0,14213,2022-05-05 09:30:00,2022-05-05 09:30:00,31.90900000000456,-94.62100101085082,,2022-05-05,11067,0 days 00:30:00,323,3,False,False,,,,Free
2022-05-05 09:30:00,2.3212377147950054,9.6,4.231838816872034,419,278,92.54545454545456,135.36363636363637,11,5.0,14235,2022-05-05 09:30:00,2022-05-05 09:30:00,31.06954545454988,-96.64136458948036,,2022-05-05,11183,0 days 00:00:00,326,3,False,False,,,,Free
2022-05-05 09:30:00,4.392670192126109,20.57143,15.154690644490426,419,305,321.4258760104352,122.48247979129528,15,5.0,14246,2022-05-05 09:30:00,2022-05-05 09:30:00,28.780741239899715,-96.77017615152285,,2022-05-05,11102,0 days 00:30:00,324,3,False,False,,,,Free
2022-05-05 09:30:00,4.568017194104583,9.6,16.388731540674428,419,310,420.2,202.0,15,5.0,14250,2022-05-05 09:30:00,2022-05-05 09:30:00,27.793000000003914,-95.9750009721588,,2022-05-05,11196,0 days 00:00:00,327,3,False,False,,,,Free
2022-05-05 09:45:00,1.6352289318091355,9.6,2.1001340010860563,420,268,23.0,463.5,2,5.0,14269,2022-05-05 09:45:00,2022-05-05 09:45:00,31.76500000000453,-93.36000104688526,,2022-05-05,11214,0 days 00:00:00,328,3,False,False,,,,Free
2022-05-05 09:45:00,2.0098014058215554,9.6,3.1724601293957506,420,284,89.0,146.0,3,5.0,14281,2022-05-05 09:45:00,2022-05-05 09:45:00,31.10500000000443,-96.53500095615618,,2022-05-05,11183,0 days 00:15:00,326,3,False,False,,,,Free
2022-05-05 09:45:00,2.624229667977553,9.6,5.408708344607697,420,311,314.57142857142856,136.0,7,5.0,14297,2022-05-05 09:45:00,2022-05-05 09:45:00,28.849285714289792,-96.63500095329856,,2022-05-05,11143,0 days 00:30:00,325,3,False,False,,,,Free
2022-05-05 09:45:00,6.099044236791452,16.711111,29.2155083905098,420,312,317.08728652980346,129.05186591557026,27,5.0,14298,2022-05-05 09:45:00,2022-05-05 09:45:00,28.82412713470604,-96.70448229215737,,2022-05-05,11102,0 days 00:45:00,324,3,False,False,,,,Free
2022-05-05 09:45:00,5.139815533349645,9.600001,20.74841598040159,420,317,414.6315789473685,212.8421052631579,19,5.0,14303,2022-05-05 09:45:00,2022-05-05 09:45:00,27.84868421053024,-95.86657992262548,,2022-05-05,11196,0 days 00:15:00,327,3,False,False,,,,Free
2022-05-05 09:45:00,3.339282403643931,12.0,8.75782331564748,420,321,440.8964285921077,201.08214285835928,8,5.0,14307,2022-05-05 09:45:00,2022-05-05 09:45:00,27.586035714082804,-95.9841795433129,,2022-05-05,11245,0 days 00:00:00,329,4,False,False,,,,Free
2022-05-05 10:00:00,3.65529639283459,12.48,10.493855437272591,421,346,17.424615388678376,474.91230767233134,22,5.0,14318,2022-05-05 10:00:00,2022-05-05 10:00:00,31.82075384611776,-93.24587797342316,,2022-05-05,11214,0 days 00:15:00,328,3,False,False,,,,Free
2022-05-05 10:00:00,2.3128439752857166,9.6,4.201288968862567,421,357,25.6,339.8,5,5.0,14324,2022-05-05 10:00:00,2022-05-05 10:00:00,31.73900000000453,-94.59700101153663,,2022-05-05,11257,0 days 00:00:00,330,3,False,False,,,,Free
2022-05-05 10:00:00,2.0093071833499847,9.6,3.1709000664926896,421,377,84.33333333333333,157.66666666666666,3,5.0,14338,2022-05-05 10:00:00,2022-05-05 10:00:00,31.151666666671105,-96.41833429282336,,2022-05-05,11183,0 days 00:30:00,326,3,False,False,,,,Free
2022-05-05 10:00:00,2.022781030272448,9.6,3.21356897321402,421,425,214.3333333333333,183.3333333333333,3,5.0,14371,2022-05-05 10:00:00,2022-05-05 10:00:00,29.8516666666709,-96.16166763349128,,2022-05-05,11303,0 days 00:00:00,331,3,False,False,,,,Free
2022-05-05 10:00:00,7.783303104033039,11.563637,47.57926932111671,421,438,310.5526315746024,141.79639890225755,44,5.0,14380,2022-05-05 10:00:00,2022-05-05 10:00:00,28.88947368425806,-96.5770369659324,,2022-05-05,11143,0 days 00:45:00,325,3,False,False,,,,Free
2022-05-05 10:00:00,10.686536593157694,10.302438,89.69409160210525,421,446,433.1524806393168,213.0914883966125,83,5.0,14385,2022-05-05 10:00:00,2022-05-05 10:00:00,27.66347519361073,-95.8640860913622,,2022-05-05,11245,0 days 00:15:00,329,4,False,False,,,,Free
2022-05-05 10:15:00,2.0016542757212648,9.6,3.146791863385463,422,332,13.0,487.0,3,5.0,14402,2022-05-05 10:15:00,2022-05-05 10:15:00,31.86500000000455,-93.12500105360068,,2022-05-05,11214,0 days 00:30:00,328,3,False,False,,,,Free
2022-05-05 10:15:00,10.045145895428718,12.713513,79.2505671675764,422,392,211.72740015065648,190.8686054579105,74,5.0,14440,2022-05-05 10:15:00,2022-05-05 10:15:00,29.87772599849768,-96.08631491439876,,2022-05-05,11303,0 days 00:15:00,331,3,False,False,,,,Free
2022-05-05 10:15:00,,,,422,411,385.4386792511183,5.896226407667631,8,5.0,14453,2022-05-05 10:15:00,2022-05-05 10:15:00,28.140613207492784,-97.9360386520433,,2022-05-05,11375,0 days 00:00:00,332,3,False,False,,,,Free
2022-05-05 10:15:00,3.332761421612213,9.6,8.723651994092757,422,413,398.125,237.4375,16,5.0,14455,2022-05-05 10:15:00,2022-05-05 10:15:00,28.01375000000395,-95.62062598228545,,2022-05-05,11196,0 days 00:45:00,327,3,False,False,,,,Free
2022-05-05 10:15:00,12.814438003205588,15.37627,128.97009209068798,422,416,425.23031680395854,223.26167923932448,118,5.0,14458,2022-05-05 10:15:00,2022-05-05 10:15:00,27.74269683196432,-95.76238418584131,,2022-05-05,11245,0 days 00:30:00,329,4,False,False,,,,Free
2022-05-05 10:30:00,13.4854376747787,11.6470585,142.83017679769557,423,311,24.81595089685225,355.58218744304963,145,5.0,14466,2022-05-05 10:30:00,2022-05-05 10:30:00,31.746840491036007,-94.43917914161608,,2022-05-05,11257,0 days 00:30:00,330,3,False,False,,,,Free
2022-05-05 10:30:00,3.3019935690933293,9.6,8.563323041149802,423,364,207.125,197.5,8,5.0,14496,2022-05-05 10:30:00,2022-05-05 10:30:00,29.923750000004247,-96.02000097087284,,2022-05-05,11303,0 days 00:30:00,331,3,False,False,,,,Free
2022-05-05 10:30:00,4.244501547564988,22.153847,14.149571038518848,423,378,379.4286995483861,14.698654712010471,13,5.0,14508,2022-05-05 10:30:00,2022-05-05 10:30:00,28.200713004520114,-97.84801437151526,,2022-05-05,11375,0 days 00:15:00,332,3,False,False,,,,Free
2022-05-05 10:30:00,2.0393911319738147,9.6,3.266562216333412,423,380,383.3333333333333,29.33333333333333,3,5.0,14509,2022-05-05 10:30:00,2022-05-05 10:30:00,28.16166666667064,-97.70166758948407,,2022-05-05,11422,0 days 00:00:00,333,4,False,False,,,,Free
2022-05-05 10:30:00,2.6367388887635137,9.6,5.460395882507692,423,385,415.2,233.6,5,5.0,14513,2022-05-05 10:30:00,2022-05-05 10:30:00,27.84300000000392,-95.65900098118884,,2022-05-05,11245,0 days 00:45:00,329,4,False,False,,,,Free
2022-05-05 10:45:00,7.579936429904778,9.8232565,45.1253941326088,424,286,17.437735846001043,363.453773587749,44,5.0,14531,2022-05-05 10:45:00,2022-05-05 10:45:00,31.82062264154453,-94.3604632824185,,2022-05-05,11257,0 days 00:45:00,330,3,False,False,,,,Free
2022-05-05 11:00:00,2.036195604336723,9.6,3.256333465500862,425,350,350.0,39.0,3,5.0,14643,2022-05-05 11:00:00,2022-05-05 11:00:00,28.495000000004023,-97.60500092557976,,2022-05-05,11541,0 days 00:00:00,334,3,False,False,,,,Free
2022-05-05 11:00:00,13.414212043662776,19.421541,141.32539748423832,425,356,367.4874959717867,31.722145400152243,131,5.0,14649,2022-05-05 11:00:00,2022-05-05 11:00:00,28.32012504028613,-97.67777946949847,,2022-05-05,11375,0 days 00:45:00,332,3,False,False,,,,Free
2022-05-05 11:00:00,4.9927390322502925,19.2,19.57796798507429,425,362,371.8544600912692,45.10641628015995,18,5.0,14654,2022-05-05 11:00:00,2022-05-05 11:00:00,28.276455399091297,-97.54393676452317,,2022-05-05,11422,0 days 00:30:00,333,4,False,False,,,,Free
2022-05-05 11:00:00,2.039993819746137,12.8,3.268493192667884,425,369,389.80341879993546,30.803418799935443,3,5.0,14661,2022-05-05 11:00:00,2022-05-05 11:00:00,28.096965812004605,-97.68696673523812,,2022-05-05,11554,0 days 00:00:00,335,3,False,False,,,,Free
2022-05-05 11:15:00,2.035422796853001,9.6,3.253862149569536,426,376,342.0,48.0,3,5.0,14723,2022-05-05 11:15:00,2022-05-05 11:15:00,28.575000000004035,-97.5150009281516,,2022-05-05,11541,0 days 00:15:00,334,3,False,False,,,,Free
2022-05-05 11:15:00,3.112878960741728,12.342858,7.6105203174820115,426,392,367.178988329736,50.63424124730202,7,5.0,14736,2022-05-05 11:15:00,2022-05-05 11:15:00,28.32321011670664,-97.48865851643136,,2022-05-05,11422,0 days 00:45:00,333,4,False,False,,,,Free
2022-05-05 11:30:00,3.2869998946718297,13.200001,8.485731025437131,427,411,118.21646341241804,124.07621950731966,8,5.0,14800,2022-05-05 11:30:00,2022-05-05 11:30:00,30.812835365880204,-96.754238754818,,2022-05-05,11683,0 days 00:00:00,336,3,False,False,,,,Free
2022-05-05 11:30:00,3.1075732184369294,26.057142,7.584598945169535,427,427,331.4531886008622,57.29172320076636,7,5.0,14809,2022-05-05 11:30:00,2022-05-05 11:30:00,28.68046811399543,-97.42208369879916,,2022-05-05,11541,0 days 00:30:00,334,3,False,False,,,,Free
2022-05-05 11:30:00,11.291060012857908,30.678263,100.12886949759064,427,442,377.03962825071767,42.73603719745864,93,5.0,14820,2022-05-05 11:30:00,2022-05-05 11:30:00,28.224603717496805,-97.56764055467278,,2022-05-05,11554,0 days 00:30:00,335,3,False,False,,,,Free
2022-05-05 11:45:00,,,,428,401,111.87786260005086,126.76081425337742,15,5.0,14871,2022-05-05 11:45:00,2022-05-05 11:45:00,30.876221374003887,-96.7273928081246,,2022-05-05,11683,0 days 00:15:00,336,3,False,False,,,,Free
2022-05-05 11:45:00,11.820238174226454,13.4019785,109.73428454462751,428,424,359.5599178394718,63.3777676240216,107,5.0,14889,2022-05-05 11:45:00,2022-05-05 11:45:00,28.39940082160929,-97.36122325630578,,2022-05-05,11422,0 days 01:15:00,333,4,False,False,,,,Free
2022-05-05 12:00:00,3.0729000760533927,9.599999,7.416290922202749,429,342,106.85714285714286,128.28571428571428,7,5.0,14946,2022-05-05 12:00:00,2022-05-05 12:00:00,30.92642857143297,-96.712143808237,,2022-05-05,11683,0 days 00:30:00,336,3,False,False,,,,Free
2022-05-05 12:00:00,1.1615771377891646,9.6,1.0597074624438547,429,343,108.5,168.5,2,5.0,14947,2022-05-05 12:00:00,2022-05-05 12:00:00,30.9100000000044,-96.31000096258585,,2022-05-05,11810,0 days 00:00:00,337,3,False,False,,,,Free
2022-05-05 12:00:00,4.847533604394473,11.294118,18.45574318116348,429,376,351.9607476592199,82.99626168607467,17,5.0,14975,2022-05-05 12:00:00,2022-05-05 12:00:00,28.47539252341182,-97.16503832129143,,2022-05-05,11836,0 days 00:00:00,338,3,False,False,,,,Free
2022-05-05 12:00:00,4.851596573761596,22.02353,18.486693577704752,429,381,369.8887352889645,50.780926075334655,17,5.0,14980,2022-05-05 12:00:00,2022-05-05 12:00:00,28.296112647114345,-97.48719166819296,,2022-05-05,11554,0 days 01:00:00,335,3,False,False,,,,Free
2022-05-05 12:15:00,12.507019464047374,12.248277,122.85632858394828,430,353,103.84609894601756,176.97121790009368,116,5.0,15024,2022-05-05 12:15:00,2022-05-05 12:15:00,30.95653901054424,-96.2252887860056,,2022-05-05,11810,0 days 00:15:00,337,3,False,False,,,,Free
2022-05-05 12:15:00,4.38012692344466,12.342858,15.068265782991698,430,381,262.7840466810559,81.58949416486801,14,5.0,15048,2022-05-05 12:15:00,2022-05-05 12:15:00,29.3671595331936,-97.1791059961015,,2022-05-05,11901,0 days 00:00:00,339,3,False,False,,,,Free
2022-05-05 12:15:00,4.552006723415893,12.160002,16.274050940142196,430,390,346.0740740688413,85.5599999915229,21,5.0,15055,2022-05-05 12:15:00,2022-05-05 12:15:00,28.53425925931561,-97.13940093896956,,2022-05-05,11836,0 days 00:15:00,338,3,False,False,,,,Free
2022-05-05 12:30:00,2.591019531638801,9.6,5.272678060537427,431,399,62.6,311.8,5,5.0,15108,2022-05-05 12:30:00,2022-05-05 12:30:00,31.36900000000448,-94.87700100353533,,2022-05-05,11953,0 days 00:00:00,340,3,False,False,,,,Free
2022-05-05 12:30:00,1.638695917742126,9.6,2.1090487818482444,431,400,62.5,359.0,2,5.0,15109,2022-05-05 12:30:00,2022-05-05 12:30:00,31.37000000000448,-94.40500101702328,,2022-05-05,11954,0 days 00:00:00,341,3,False,False,,,,Free
2022-05-05 12:30:00,2.010012977141012,9.6,3.17312809280962,431,414,91.0,348.0,3,5.0,15123,2022-05-05 12:30:00,2022-05-05 12:30:00,31.085000000004428,-94.5150010138799,,2022-05-05,11968,0 days 00:00:00,342,3,False,False,,,,Free
2022-05-05 12:30:00,8.191937832669057,34.67755,52.70637856937849,431,437,255.84761381140743,84.06835372625903,49,5.0,15141,2022-05-05 12:30:00,2022-05-05 12:30:00,29.43652386189009,-97.15431740119595,,2022-05-05,11901,0 days 00:15:00,339,3,False,False,,,,Free
2022-05-05 12:30:00,8.392067045840626,14.870587,55.313070971678926,431,449,338.40241182435307,87.70544886610332,82,5.0,15151,2022-05-05 12:30:00,2022-05-05 12:30:00,28.61097588176051,-97.11794645083684,,2022-05-05,11836,0 days 00:30:00,338,3,False,False,,,,Free
2022-05-05 12:45:00,3.6632207870256095,9.6,10.539404458481338,432,415,57.3,318.9,10,5.0,15195,2022-05-05 12:45:00,2022-05-05 12:45:00,31.42200000000448,-94.80600100556428,,2022-05-05,11953,0 days 00:15:00,340,3,False,False,,,,Free
2022-05-05 12:45:00,3.842459533711876,9.599999,11.596007467145034,432,417,59.45454545454545,365.7272727272728,11,5.0,15196,2022-05-05 12:45:00,2022-05-05 12:45:00,31.400454545459024,-94.33772829167292,,2022-05-05,11954,0 days 00:15:00,341,3,False,False,,,,Free
2022-05-05 12:45:00,3.070622378605256,9.599999,7.40530077861554,432,451,93.0,190.875,8,5.0,15224,2022-05-05 12:45:00,2022-05-05 12:45:00,31.065000000004424,-96.0862509689797,,2022-05-05,11810,0 days 00:45:00,337,3,False,False,,,,Free
2022-05-05 12:45:00,14.984819994831993,18.790245,176.3570973003533,432,465,252.79147507214543,29.670410329570867,164,5.0,15235,2022-05-05 12:45:00,2022-05-05 12:45:00,29.46708524928272,-97.698296819618,,2022-05-05,12066,0 days 00:00:00,343,4,False,False,,,,Free
2022-05-05 12:45:00,5.231383781249693,12.000002,21.49428705689063,432,466,247.7099999897821,87.69857143003114,20,5.0,15236,2022-05-05 12:45:00,2022-05-05 12:45:00,29.51790000010636,-97.11801522519562,,2022-05-05,11901,0 days 00:30:00,339,3,False,False,,,,Free
2022-05-05 13:00:00,,,,433,428,55.56597524324372,372.2048516983074,2123,5.0,15283,2022-05-05 13:00:00,2022-05-05 13:00:00,31.439340247572044,-94.2729525038136,,2022-05-05,11954,0 days 00:30:00,341,3,False,False,,,,Free
2022-05-05 13:00:00,2.3201684832398546,9.6,4.227941091587163,433,481,84.5,363.5,4,5.0,15328,2022-05-05 13:00:00,2022-05-05 13:00:00,31.15000000000444,-94.36000101830916,,2022-05-05,11968,0 days 00:30:00,342,3,False,False,,,,Free
2022-05-05 13:00:00,10.129012249431666,18.304,80.57940830802357,433,509,243.98556825700112,34.95369814131179,75,5.0,15350,2022-05-05 13:00:00,2022-05-05 13:00:00,29.555144317434177,-97.64546394301038,,2022-05-05,12066,0 days 00:15:00,343,4,False,False,,,,Free
2022-05-05 13:00:00,16.903451440385794,21.426086,224.40920232092896,433,535,338.57830116532125,89.26027965849518,208,5.0,15368,2022-05-05 13:00:00,2022-05-05 13:00:00,28.609216988350827,-97.10239814335722,,2022-05-05,12173,0 days 00:00:00,344,3,False,False,,,,Free
2022-05-05 13:15:00,1.1578988102979868,9.6,1.0530066085627026,434,600,48.5,334.5,2,5.0,15415,2022-05-05 13:15:00,2022-05-05 13:15:00,31.510000000004496,-94.65000101002217,,2022-05-05,11953,0 days 00:45:00,340,3,False,False,,,,Free
2022-05-05 13:15:00,6.916865099894496,13.165715,37.575822246465,434,694,236.86983904728143,39.48985304607161,35,5.0,15484,2022-05-05 13:15:00,2022-05-05 13:15:00,29.626301609531385,-97.600102395259,,2022-05-05,12066,0 days 00:30:00,343,4,False,False,,,,Free
2022-05-05 13:15:00,14.092343164558743,16.933334,155.97546957198352,434,717,328.6651823668415,92.91094148673815,168,5.0,15496,2022-05-05 13:15:00,2022-05-05 13:15:00,28.70834817633564,-97.06589152611804,,2022-05-05,12173,0 days 00:15:00,344,3,False,False,,,,Free
2022-05-05 13:30:00,2.8411145303836136,9.599999,6.339680390963577,435,723,81.16666666666667,380.6666666666667,6,5.0,15566,2022-05-05 13:30:00,2022-05-05 13:30:00,31.18333333333777,-94.18833435654808,,2022-05-05,11968,0 days 01:00:00,342,3,False,False,,,,Free
2022-05-05 13:30:00,2.337417563355378,9.6,4.291039253433352,435,799,229.4,42.6,5,5.0,15624,2022-05-05 13:30:00,2022-05-05 13:30:00,29.70100000000421,-97.56900092660852,,2022-05-05,12066,0 days 00:45:00,343,4,False,False,,,,Free
2022-05-05 13:30:00,,,,435,807,316.93558605220704,96.8152059279263,37,5.0,15629,2022-05-05 13:30:00,2022-05-05 13:30:00,28.825644139482005,-97.0268488828218,,2022-05-05,12173,0 days 00:30:00,344,3,False,False,,,,Free
2022-05-05 13:45:00,3.270015884322543,9.6,8.39826561147684,436,607,20.5,412.5,8,5.0,15665,2022-05-05 13:45:00,2022-05-05 13:45:00,31.79000000000454,-93.8700010323115,,2022-05-05,12435,0 days 00:00:00,345,3,False,False,,,,Free
2022-05-05 14:00:00,3.26948502681911,12.0,8.395539067880433,437,574,17.328571433437112,419.8428571331258,8,5.0,15800,2022-05-05 14:00:00,2022-05-05 14:00:00,31.82171428567017,-93.79657246307852,,2022-05-05,12435,0 days 00:15:00,345,3,False,False,,,,Free
2022-05-05 14:00:00,18.316659651472232,29.571087,263.5011001465995,437,620,97.36744626406325,394.3996864225842,250,5.0,15830,2022-05-05 14:00:00,2022-05-05 14:00:00,31.021325537363783,-94.05100416291327,,2022-05-05,12588,0 days 00:00:00,346,4,False,False,,,,Free
2022-05-05 14:15:00,1.6343438723264696,9.6,2.0978612422587544,438,507,12.666666666666666,429.0,3,5.0,15934,2022-05-05 14:15:00,2022-05-05 14:15:00,31.868333333337883,-93.70500103702652,,2022-05-05,12435,0 days 00:30:00,345,3,False,False,,,,Free
2022-05-05 14:15:00,1.6401304753404418,9.6,2.112743031948475,438,553,79.0,91.5,2,5.0,15971,2022-05-05 14:15:00,2022-05-05 14:15:00,31.205000000004446,-97.08000094058218,,2022-05-05,12716,0 days 00:00:00,347,3,False,False,,,,Free
2022-05-05 14:15:00,4.789246273885556,10.729412,18.01458332547912,438,578,109.21575985158466,418.6078799257924,19,5.0,15989,2022-05-05 14:15:00,2022-05-05 14:15:00,30.902842401488552,-93.80892223479896,,2022-05-05,12732,0 days 00:00:00,348,3,False,False,,,,Free
2022-05-05 14:15:00,3.853703458711622,10.472727,11.663971959632288,438,583,115.08305647208968,412.5348837246144,11,5.0,15993,2022-05-05 14:15:00,2022-05-05 14:15:00,30.844169435283494,-93.86965219507528,,2022-05-05,12736,0 days 00:00:00,349,4,False,False,,,,Free
2022-05-05 14:30:00,7.952515759770161,26.757444,49.67054877528752,439,537,83.87756696858837,408.755525120834,47,5.0,16094,2022-05-05 14:30:00,2022-05-05 14:30:00,31.156224330318555,-93.90744578003311,,2022-05-05,12588,0 days 00:30:00,346,4,False,False,,,,Free
2022-05-05 14:30:00,7.875556643419856,15.234782,48.71384391113603,439,545,102.26207181186852,422.1836566248401,49,5.0,16100,2022-05-05 14:30:00,2022-05-05 14:30:00,30.97237928188573,-93.77316446883032,,2022-05-05,12732,0 days 00:15:00,348,3,False,False,,,,Free
2022-05-05 14:30:00,2.012050715603168,9.6,3.1795651485214345,439,558,110.33333333333331,418.6666666666667,3,5.0,16109,2022-05-05 14:30:00,2022-05-05 14:30:00,30.891666666671064,-93.808334367407,,2022-05-05,12736,0 days 00:15:00,349,4,False,False,,,,Free
2022-05-05 14:30:00,3.102411631391873,9.599999,7.559424281467476,439,605,296.7142857142857,18.285714285714285,7,5.0,16139,2022-05-05 14:30:00,2022-05-05 14:30:00,29.027857142861247,-97.81214377680328,,2022-05-05,12869,0 days 00:00:00,350,6,False,False,,,,Free
2022-05-05 14:30:00,,,,439,635,423.6831683261805,27.23432342870758,9,5.0,16159,2022-05-05 14:30:00,2022-05-05 14:30:00,27.7581683167421,-97.72265768793052,,2022-05-05,12885,0 days 00:00:00,351,4,False,False,,,,Free
2022-05-05 14:45:00,4.488063895392385,9.6,15.8200533532081,440,496,63.8,97.8,15,5.0,16188,2022-05-05 14:45:00,2022-05-05 14:45:00,31.35700000000447,-97.01700094238248,,2022-05-05,12716,0 days 00:30:00,347,3,False,False,,,,Free
2022-05-05 14:45:00,15.094638391824876,22.381065,178.95148569811855,440,509,103.34799476738458,423.3982433830046,169,5.0,16198,2022-05-05 14:45:00,2022-05-05 14:45:00,30.961520052330563,-93.76101860159572,,2022-05-05,12736,0 days 00:30:00,349,4,False,False,,,,Free
2022-05-05 14:45:00,1.667758418414877,14.400001,2.1845207005192684,440,607,416.80341879993546,35.0,3,5.0,16268,2022-05-05 14:45:00,2022-05-05 14:45:00,27.826965812004563,-97.64500092443672,,2022-05-05,12885,0 days 00:15:00,351,4,False,False,,,,Free
2022-05-05 15:00:00,5.301551214455885,12.800001,22.07475050214914,441,487,33.09176225825688,437.1918665309512,25,5.0,16280,2022-05-05 15:00:00,2022-05-05 15:00:00,31.66408237742195,-93.62308237405796,,2022-05-05,12990,0 days 00:00:00,352,3,False,False,,,,Free
2022-05-05 15:00:00,10.103352055475826,17.305262,80.17165597705342,441,506,65.96278870507443,416.12617623437416,76,5.0,16291,2022-05-05 15:00:00,2022-05-05 15:00:00,31.33537211295372,-93.83373927100394,,2022-05-05,12588,0 days 01:00:00,346,4,False,False,,,,Free
2022-05-05 15:00:00,1.640866343421427,14.400001,2.114639282220252,441,529,87.75531914353964,431.0,2,5.0,16306,2022-05-05 15:00:00,2022-05-05 15:00:00,31.117446808569035,-93.68500103759806,,2022-05-05,12732,0 days 00:45:00,348,3,False,False,,,,Free
2022-05-05 15:00:00,9.781972231400005,36.50705,75.15237893100779,441,530,94.26660709844526,429.38068840698617,71,5.0,16307,2022-05-05 15:00:00,2022-05-05 15:00:00,31.05233392901997,-93.70119415306544,,2022-05-05,12736,0 days 00:45:00,349,4,False,False,,,,Free
2022-05-05 15:00:00,8.281558962964588,18.047998,53.86591952838288,441,610,272.80061352654525,32.49360941702828,72,5.0,16367,2022-05-05 15:00:00,2022-05-05 15:00:00,29.26699386473869,-97.6700648295502,,2022-05-05,12869,0 days 00:30:00,350,6,False,False,,,,Free
2022-05-05 15:00:00,1.179011447832959,9.6,1.0917568495803422,441,617,411.5417867348035,40.74063399823941,13,5.0,16373,2022-05-05 15:00:00,2022-05-05 15:00:00,27.87958213265589,-97.58759458609478,,2022-05-05,12885,0 days 00:30:00,351,4,False,False,,,,Free
2022-05-05 15:15:00,9.251593616568252,26.400002,67.22378738553067,442,462,25.65102015404524,443.30232555044864,71,5.0,16389,2022-05-05 15:15:00,2022-05-05 15:15:00,31.73848979846408,-93.56197778560907,,2022-05-05,12990,0 days 00:15:00,352,3,False,False,,,,Free
2022-05-05 15:15:00,1.6377350720301846,9.6,2.106576234808678,442,472,52.0,109.33333333333331,3,5.0,16395,2022-05-05 15:15:00,2022-05-05 15:15:00,31.47500000000449,-96.90166761234497,,2022-05-05,12716,0 days 01:00:00,347,3,False,False,,,,Free
2022-05-05 15:15:00,6.951092080881931,13.0666685,37.94861800883643,442,477,58.9972881383548,383.410847459512,37,5.0,16399,2022-05-05 15:15:00,2022-05-05 15:15:00,31.40502711862093,-94.1608925494038,,2022-05-05,13091,0 days 00:00:00,354,3,False,False,,,,Free
2022-05-05 15:15:00,4.0131674367540215,10.4,12.649240232931058,442,479,59.083333321069006,418.7808642025274,12,5.0,16401,2022-05-05 15:15:00,2022-05-05 15:15:00,31.404166666793788,-93.80719239208103,,2022-05-05,12588,0 days 01:15:00,346,4,False,False,,,,Free
2022-05-05 15:15:00,7.940912891904754,23.165216,49.525714008462856,442,577,265.84944948421185,37.58353281153715,46,5.0,16472,2022-05-05 15:15:00,2022-05-05 15:15:00,29.33650550516204,-97.61916559705963,,2022-05-05,12869,0 days 00:45:00,350,6,False,False,,,,Free
2022-05-05 15:15:00,11.60232642860368,19.10204,105.72557152540809,442,579,286.0261939406418,17.410853835400395,98,5.0,16474,2022-05-05 15:15:00,2022-05-05 15:15:00,29.134738060597705,-97.8208923810564,,2022-05-05,13154,0 days 00:00:00,355,4,False,False,,,,Free
2022-05-05 15:15:00,2.6358870003723407,13.44,5.45686811838465,442,588,408.10900474147854,48.21800948295714,5,5.0,16481,2022-05-05 15:15:00,2022-05-05 15:15:00,27.913909952589147,-97.51282083338435,,2022-05-05,12885,0 days 00:45:00,351,4,False,False,,,,Free
2022-05-05 15:30:00,4.768121864933237,9.6,17.856016342614737,443,381,25.55555555555556,473.05555555555554,18,5.0,16493,2022-05-05 15:30:00,2022-05-05 15:30:00,31.73944444444897,-93.26444549406034,,2022-05-05,13170,0 days 00:00:00,356,3,False,False,,,,Free
2022-05-05 15:30:00,7.682665122594009,12.0,46.35682549288039,443,394,53.95457453681207,385.6589891211577,45,5.0,16499,2022-05-05 15:30:00,2022-05-05 15:30:00,31.455454254636365,-94.13841113342976,,2022-05-05,13091,0 days 00:15:00,354,3,False,False,,,,Free
2022-05-05 15:30:00,8.44074960595119,19.384615,55.95667697014908,443,482,260.38689840393965,43.71818181356876,52,5.0,16554,2022-05-05 15:30:00,2022-05-05 15:30:00,29.391131015964767,-97.55781910879232,,2022-05-05,12869,0 days 01:00:00,350,6,False,False,,,,Free
2022-05-05 15:30:00,,,,443,483,276.7601279546186,23.614072476438096,22,5.0,16555,2022-05-05 15:30:00,2022-05-05 15:30:00,29.227398720457952,-97.75886019641864,,2022-05-05,13154,0 days 00:15:00,355,4,False,False,,,,Free
2022-05-05 15:45:00,2.0016542757212648,9.6,3.146791863385463,444,246,12.75,453.5,4,5.0,16564,2022-05-05 15:45:00,2022-05-05 15:45:00,31.86750000000455,-93.46000104402763,,2022-05-05,12990,0 days 00:45:00,352,3,False,False,,,,Free
2022-05-05 15:45:00,9.10249648613384,17.496773,65.07451219425724,444,248,18.102899709907064,477.8652809391912,63,5.0,16565,2022-05-05 15:45:00,2022-05-05 15:45:00,31.813971002905472,-93.21634824159844,,2022-05-05,13170,0 days 00:15:00,356,3,False,False,,,,Free
2022-05-05 15:45:00,1.1578988102920944,9.6,1.0530066085519854,444,255,48.5,389.5,2,5.0,16570,2022-05-05 15:45:00,2022-05-05 15:45:00,31.510000000004496,-94.10000102573896,,2022-05-05,13091,0 days 00:30:00,354,3,False,False,,,,Free
2022-05-05 15:45:00,8.439120879596281,11.999998,55.935084261973344,444,316,256.5818681268153,51.01043958907224,52,5.0,16613,2022-05-05 15:45:00,2022-05-05 15:45:00,29.429181318736017,-97.48489653312116,,2022-05-05,12869,0 days 01:15:00,350,6,False,False,,,,Free
2022-05-05 15:45:00,3.70471908857574,11.52,10.779545437470906,444,321,279.2415384702288,7.356923077148799,22,5.0,16617,2022-05-05 15:45:00,2022-05-05 15:45:00,29.202584615301845,-97.92143168576592,,2022-05-05,13269,0 days 00:00:00,357,4,False,False,,,,Free
2022-05-05 16:00:00,7.664702423855399,11.563637,46.14030681750032,445,288,10.398773004140844,481.9631901892338,45,5.0,16622,2022-05-05 16:00:00,2022-05-05 16:00:00,31.891012269963145,-93.17536915026903,,2022-05-05,13170,0 days 00:30:00,356,3,False,False,,,,Free
2022-05-05 16:00:00,10.52927947973068,30.556099,87.0737378686569,445,319,128.36151938351566,363.73487305957065,82,5.0,16646,2022-05-05 16:00:00,2022-05-05 16:00:00,30.71138480616921,-94.35765228778058,,2022-05-05,13297,0 days 00:00:00,358,3,False,False,,,,Free
2022-05-05 16:00:00,5.206085969759536,12.960001,21.28690648715647,445,332,151.0891330856497,351.1990232000184,21,5.0,16653,2022-05-05 16:00:00,2022-05-05 16:00:00,30.48410866914784,-94.48301078279388,,2022-05-05,13303,0 days 00:00:00,359,4,False,False,,,,Free
2022-05-05 16:00:00,2.0281992975030536,9.6,3.2308079083795023,445,376,268.75,40.0,4,5.0,16686,2022-05-05 16:00:00,2022-05-05 16:00:00,29.30750000000415,-97.59500092586552,,2022-05-05,13154,0 days 00:45:00,355,4,False,False,,,,Free
2022-05-05 16:00:00,6.62634334636015,10.5,34.485597251053406,445,378,275.3185745206564,13.498920087505276,34,5.0,16688,2022-05-05 16:00:00,2022-05-05 16:00:00,29.24181425479757,-97.86001171741748,,2022-05-05,13269,0 days 00:15:00,357,4,False,False,,,,Free
2022-05-05 16:15:00,,,,446,280,102.66666666666669,136.66666666666666,6,5.0,16699,2022-05-05 16:15:00,2022-05-05 16:15:00,30.968333333337743,-96.6283342868224,,2022-05-05,13343,0 days 00:00:00,360,3,False,False,,,,Free
2022-05-05 16:15:00,11.967100464950194,56.69434,112.47804400231657,446,287,122.62212569159566,368.276772033002,106,5.0,16700,2022-05-05 16:15:00,2022-05-05 16:15:00,30.768778743088426,-94.3122332993442,,2022-05-05,13297,0 days 00:15:00,358,3,False,False,,,,Free
2022-05-05 16:15:00,14.392846078291509,67.8902,162.69838546090702,446,294,145.2368387968941,355.3174886959162,154,5.0,16705,2022-05-05 16:15:00,2022-05-05 16:15:00,30.5426316120354,-94.44182612901176,,2022-05-05,13303,0 days 00:15:00,359,4,False,False,,,,Free
2022-05-05 16:15:00,1.6544845381132969,9.6,2.149885383449458,446,341,249.5,62.0,2,5.0,16734,2022-05-05 16:15:00,2022-05-05 16:15:00,29.50000000000417,-97.37500093215226,,2022-05-05,12869,0 days 01:45:00,350,6,False,False,,,,Free
2022-05-05 16:15:00,11.5906244982466,21.942858,105.51241266017848,446,344,265.5584196647682,42.77908941521146,98,5.0,16737,2022-05-05 16:15:00,2022-05-05 16:15:00,29.33941580335648,-97.56721003250756,,2022-05-05,13154,0 days 01:00:00,355,4,False,False,,,,Free
2022-05-05 16:15:00,4.222616632471478,10.338461,14.00403506045169,446,346,271.0,17.627027024937163,14,5.0,16738,2022-05-05 16:15:00,2022-05-05 16:15:00,29.285000000004143,-97.8187306492228,,2022-05-05,13269,0 days 00:30:00,357,4,False,False,,,,Free
2022-05-05 16:30:00,1.6421167300850017,9.6,2.1178633403080074,447,232,102.0,141.5,2,5.0,16751,2022-05-05 16:30:00,2022-05-05 16:30:00,30.97500000000441,-96.58000095487024,,2022-05-05,13343,0 days 00:15:00,360,3,False,False,,,,Free
2022-05-05 16:30:00,5.809958297274775,11.520001,26.51159835213355,447,238,116.06380367416168,373.6490797628569,25,5.0,16754,2022-05-05 16:30:00,2022-05-05 16:30:00,30.83436196326277,-94.25851022358086,,2022-05-05,13297,0 days 00:30:00,358,3,False,False,,,,Free
2022-05-05 16:30:00,15.653554177759585,75.47404,192.4490638146353,447,244,141.65835148977578,358.562112924988,181,5.0,16759,2022-05-05 16:30:00,2022-05-05 16:30:00,30.57841648510659,-94.40937988764824,,2022-05-05,13303,0 days 00:30:00,359,4,False,False,,,,Free
2022-05-05 16:30:00,2.0196915665007293,22.4,3.2037600785032523,447,268,184.0,310.2643678341516,3,5.0,16775,2022-05-05 16:30:00,2022-05-05 16:30:00,30.15500000000428,-94.89235732475498,,2022-05-05,13399,0 days 00:00:00,361,3,False,False,,,,Free
2022-05-05 16:30:00,1.6559907474890287,9.6,2.1538015898961724,447,280,268.0,22.5,2,5.0,16782,2022-05-05 16:30:00,2022-05-05 16:30:00,29.31500000000415,-97.77000092086472,,2022-05-05,13269,0 days 00:45:00,357,4,False,False,,,,Free
2022-05-05 16:45:00,2.596441715147712,9.6,5.294769242783332,448,221,101.71428571428572,148.85714285714286,7,5.0,16798,2022-05-05 16:45:00,2022-05-05 16:45:00,30.977857142861552,-96.5064295284012,,2022-05-05,13343,0 days 00:30:00,360,3,False,False,,,,Free
2022-05-05 16:45:00,19.539091325497942,23.470463,299.84623977851663,448,245,177.50103853366787,317.38134123328973,323,5.0,16807,2022-05-05 16:45:00,2022-05-05 16:45:00,30.21998961466761,-94.8211875927974,,2022-05-05,13399,0 days 00:15:00,361,3,False,False,,,,Free
2022-05-05 16:45:00,3.0841231700462304,9.599999,7.470562603358736,448,251,178.0,245.22222222222223,9,5.0,16812,2022-05-05 16:45:00,2022-05-05 16:45:00,30.21500000000429,-95.5427787622878,,2022-05-05,13431,0 days 00:00:00,362,3,False,False,,,,Free
2022-05-05 17:00:00,1.6443858800053066,19.2,2.1237204998398536,449,187,128.8380281642845,374.0,2,5.0,16832,2022-05-05 17:00:00,2022-05-05 17:00:00,30.706619718361523,-94.25500102130968,,2022-05-05,13303,0 days 01:00:00,359,4,False,False,,,,Free
2022-05-05 17:00:00,11.941272354134648,44.708572,111.99305427265875,449,196,173.07203365502932,323.75101711582164,107,5.0,16840,2022-05-05 17:00:00,2022-05-05 17:00:00,30.264279663454005,-94.75749083579228,,2022-05-05,13399,0 days 00:30:00,361,3,False,False,,,,Free
2022-05-05 17:00:00,3.4962537264758367,9.6,9.60054230992233,449,203,173.23076923076923,251.46153846153845,13,5.0,16846,2022-05-05 17:00:00,2022-05-05 17:00:00,30.262692307696607,-95.4803856016776,,2022-05-05,13431,0 days 00:15:00,362,3,False,False,,,,Free
2022-05-05 17:30:00,2.6053693329669274,9.6,5.331242961493505,451,208,168.6,268.2,5,5.0,16901,2022-05-05 17:30:00,2022-05-05 17:30:00,30.309000000004307,-95.3130009910762,,2022-05-05,13431,0 days 00:45:00,362,3,False,False,,,,Free
2022-05-05 17:30:00,12.3497990116713,25.885715,119.78699236866812,451,218,198.2788988007224,350.25017098888185,112,5.0,16907,2022-05-05 17:30:00,2022-05-05 17:30:00,30.012211011997035,-94.49249930463408,,2022-05-05,13515,0 days 00:00:00,363,3,False,False,,,,Free
2022-05-05 17:45:00,15.955194543625351,22.02353,199.9374225985756,452,267,196.7415307030627,352.86599749974965,188,5.0,16930,2022-05-05 17:45:00,2022-05-05 17:45:00,30.02758469297364,-94.46634104027294,,2022-05-05,13515,0 days 00:15:00,363,3,False,False,,,,Free
2022-05-05 18:00:00,7.287002919512333,12.553847,41.70496570621854,453,289,197.8391038556765,355.331975561466,39,5.0,16977,2022-05-05 18:00:00,2022-05-05 18:00:00,30.016608961447496,-94.44168126036044,,2022-05-05,13515,0 days 00:30:00,363,3,False,False,,,,Free
2022-05-05 18:45:00,1.6530505435932423,9.6,2.146160250027654,456,543,232.0,432.5,2,5.0,17205,2022-05-05 18:45:00,2022-05-05 18:45:00,29.675000000004207,-93.67000103802673,,2022-05-05,13775,0 days 00:00:00,367,3,False,False,,,,Free
2022-05-05 19:00:00,,,,457,555,229.3899521520184,435.4952153159172,14,5.0,17290,2022-05-05 19:00:00,2022-05-05 19:00:00,29.701100478484022,-93.64004888572344,,2022-05-05,13775,0 days 00:15:00,367,3,False,False,,,,Free
2022-05-05 19:15:00,3.091584667694126,15.085715,7.50675377390157,458,469,225.6211812605534,440.4806517266117,13,5.0,17355,2022-05-05 19:15:00,2022-05-05 19:15:00,29.738788187398683,-93.59019452304112,,2022-05-05,13775,0 days 00:30:00,367,3,False,False,,,,Free
2022-05-05 19:30:00,1.6542393460273537,9.6,2.1492482111951743,459,441,246.5,315.0,2,5.0,17434,2022-05-05 19:30:00,2022-05-05 19:30:00,29.530000000004183,-94.84500100444978,,2022-05-05,13969,0 days 00:00:00,369,4,False,False,,,,Free
2022-05-05 19:45:00,9.573326049102755,68.05969,71.98061984596349,460,405,242.16355031496627,320.2383431589146,67,5.0,17493,2022-05-05 19:45:00,2022-05-05 19:45:00,29.573364496854527,-94.79261757435756,,2022-05-05,13969,0 days 00:15:00,369,4,False,False,,,,Free
2022-05-05 20:00:00,11.632230947438282,54.399998,106.27128050965894,461,258,236.806926015324,326.70975763794195,103,5.0,17518,2022-05-05 20:00:00,2022-05-05 20:00:00,29.62693073985096,-94.72790343141656,,2022-05-05,13969,0 days 00:30:00,369,4,False,False,,,,Free
2022-05-05 20:15:00,7.205913727377234,20.715788,40.781950938544114,462,342,233.5506211221294,331.9118012416768,44,5.0,17579,2022-05-05 20:15:00,2022-05-05 20:15:00,29.65949378878291,-94.67588299686577,,2022-05-05,13969,0 days 00:45:00,369,4,False,False,,,,Free
2022-05-05 20:30:00,10.926443043912569,20.524137,93.76645430589276,463,277,276.8776563980493,318.54899644585754,88,5.0,17650,2022-05-05 20:30:00,2022-05-05 20:30:00,29.226223436023645,-94.80951104100536,,2022-05-05,14161,0 days 00:00:00,370,3,False,False,,,,Free
2022-05-05 20:45:00,10.414263703787276,26.977215,85.18184102943523,464,279,279.0221173118493,320.9411357819628,79,5.0,17686,2022-05-05 20:45:00,2022-05-05 20:45:00,29.20477882688564,-94.78558964832791,,2022-05-05,14161,0 days 00:15:00,370,3,False,False,,,,Free
2022-05-05 21:00:00,8.847353952622779,26.105263,61.47756899843341,465,256,283.5280133161281,322.10157933474454,57,5.0,17739,2022-05-05 21:00:00,2022-05-05 21:00:00,29.159719866842845,-94.77398521313172,,2022-05-05,14161,0 days 00:30:00,370,3,False,False,,,,Free
2022-05-05 21:15:00,10.430758295764672,20.536707,85.45188458413327,466,431,313.4305194692882,395.9288961298913,80,5.0,17818,2022-05-05 21:15:00,2022-05-05 21:15:00,28.8606948053112,-94.0357120662772,,2022-05-05,14318,0 days 00:00:00,372,3,False,False,,,,Free
2022-05-05 21:30:00,35.8916483416855,130.03822,1011.758098474052,467,317,245.2698585289026,463.8244987533819,943,5.0,17852,2022-05-05 21:30:00,2022-05-05 21:30:00,29.54230141471516,-93.3567560594442,,2022-05-05,14349,0 days 00:00:00,373,3,False,False,,,,Free
2022-05-05 21:30:00,1.6541166544527923,9.6,2.14892941226328,467,326,245.0,412.5,2,5.0,17858,2022-05-05 21:30:00,2022-05-05 21:30:00,29.545000000004187,-93.8700010323115,,2022-05-05,14355,0 days 00:00:00,374,3,False,False,,,,Free
2022-05-05 21:30:00,3.8890812141301225,9.599999,11.8791100642777,467,360,296.72727272727275,366.45454545454544,11,5.0,17883,2022-05-05 21:30:00,2022-05-05 21:30:00,29.02772727273138,-94.33045556460804,,2022-05-05,14377,0 days 00:00:00,375,3,False,False,,,,Free
2022-05-05 21:30:00,7.870937575115603,14.506665,48.65671865717366,467,367,310.05370005782936,400.710216115265,66,5.0,17889,2022-05-05 21:30:00,2022-05-05 21:30:00,28.89446299942579,-93.9878988677898,,2022-05-05,14318,0 days 00:15:00,372,3,False,False,,,,Free
2022-05-05 21:45:00,35.56470204691375,114.639565,993.4093210628662,468,279,242.3166464031069,469.1421128209622,925,5.0,17925,2022-05-05 21:45:00,2022-05-05 21:45:00,29.571833535973123,-93.30357992028796,,2022-05-05,14349,0 days 00:15:00,373,3,False,False,,,,Free
2022-05-05 21:45:00,6.077189362660795,9.955556,29.006506043856447,468,284,243.63439306248847,415.43497109657307,28,5.0,17930,2022-05-05 21:45:00,2022-05-05 21:45:00,29.558656069379303,-93.84065132218444,,2022-05-05,14355,0 days 00:15:00,374,3,False,False,,,,Free
2022-05-05 21:45:00,5.862315270930448,14.592001,26.99157474168201,468,310,294.37447873031994,370.5521267691592,25,5.0,17951,2022-05-05 21:45:00,2022-05-05 21:45:00,29.05125521270091,-94.2894797526328,,2022-05-05,14377,0 days 00:15:00,375,3,False,False,,,,Free
2022-05-05 21:45:00,5.246526130871138,10.560001,21.61889846709024,468,314,306.5413669067833,406.6996402967162,20,5.0,17953,2022-05-05 21:45:00,2022-05-05 21:45:00,28.929586330936257,-93.9280046276868,,2022-05-05,14318,0 days 00:30:00,372,3,False,False,,,,Free
2022-05-05 22:00:00,3.0941094350165907,9.599999,7.519019681288649,469,240,242.0,419.7142857142857,7,5.0,18002,2022-05-05 22:00:00,2022-05-05 22:00:00,29.57500000000419,-93.79785817723018,,2022-05-05,14355,0 days 00:30:00,374,3,False,False,,,,Free
2022-05-05 22:00:00,7.033592668611261,21.333332,38.8547669859188,469,255,290.7166666733164,375.4013605409077,36,5.0,18014,2022-05-05 22:00:00,2022-05-05 22:00:00,29.08783333327095,-94.24098741630104,,2022-05-05,14377,0 days 00:30:00,375,3,False,False,,,,Free
2022-05-05 22:00:00,11.335051576904132,20.23226,100.91062187186606,469,269,346.5758859185295,405.7475645797404,93,5.0,18027,2022-05-05 22:00:00,2022-05-05 22:00:00,28.529241140818733,-93.93752538458448,,2022-05-05,14495,0 days 00:00:00,376,3,False,False,,,,Free
2022-05-05 22:15:00,34.868750426177435,237.14915,954.9104575886738,470,245,241.2719391152613,478.63437100555655,890,5.0,18049,2022-05-05 22:15:00,2022-05-05 22:15:00,29.58228060885158,-93.20865734115456,,2022-05-05,14349,0 days 00:45:00,373,3,False,False,,,,Free
2022-05-05 22:15:00,,,,470,279,342.0302463718224,410.52370431297607,91,5.0,18072,2022-05-05 22:15:00,2022-05-05 22:15:00,28.57469753628581,-93.88976398861696,,2022-05-05,14495,0 days 00:15:00,376,3,False,False,,,,Free
2022-05-05 22:15:00,1.6648964260636097,9.6,2.177029547174439,470,298,380.0,445.5,2,5.0,18089,2022-05-05 22:15:00,2022-05-05 22:15:00,28.195000000003976,-93.54000104174156,,2022-05-05,14548,0 days 00:00:00,378,3,False,False,,,,Free
2022-05-05 22:30:00,,,,471,215,335.685619846967,415.730247940174,71,5.0,18117,2022-05-05 22:30:00,2022-05-05 22:30:00,28.638143801534376,-93.8376985538328,,2022-05-05,14495,0 days 00:30:00,376,3,False,False,,,,Free
2022-05-05 22:30:00,2.038946134785319,9.6,3.2651368375624257,471,225,378.2,447.4,5,5.0,18127,2022-05-05 22:30:00,2022-05-05 22:30:00,28.21300000000398,-93.52100104228452,,2022-05-05,14548,0 days 00:15:00,378,3,False,False,,,,Free
2022-05-05 22:45:00,4.404430619201405,9.599999,15.235946102658888,472,245,377.7142857142857,450.5,14,5.0,18173,2022-05-05 22:45:00,2022-05-05 22:45:00,28.21785714286112,-93.49000104317042,,2022-05-05,14548,0 days 00:30:00,378,3,False,False,,,,Free
2022-05-05 23:30:00,2.027801524720187,16.0,3.2295407731094445,475,123,264.4303030285516,251.13939394289687,3,5.0,18238,2022-05-05 23:30:00,2022-05-05 23:30:00,29.35069696971864,-95.48360704677197,,2022-05-05,14676,0 days 00:00:00,379,3,False,False,,,,Free
2022-05-05 23:45:00,,,,476,170,266.17696025361386,254.2056928003853,20,5.0,18267,2022-05-05 23:45:00,2022-05-05 23:45:00,29.33323039746801,-95.45294405907327,,2022-05-05,14676,0 days 00:15:00,379,3,False,False,,,,Free
2022-05-06 00:00:00,1.6559907474911355,19.2,2.153801589901653,477,240,268.0,255.5,2,5.0,18313,2022-05-06 00:00:00,2022-05-06 00:00:00,29.31500000000415,-95.44000098744698,,2022-05-06,14676,0 days 00:30:00,379,3,False,False,,,,Free
2022-05-06 01:30:00,4.984653543765594,41.066666,19.51460827156692,482,141,336.9017252356382,189.1216882740888,18,5.0,18488,2022-05-06 01:30:00,2022-05-06 01:30:00,28.62598274764766,-96.1037840857378,,2022-05-06,14902,0 days 00:00:00,381,3,False,False,,,,Free
2022-05-06 01:45:00,6.43527575166776,21.119997,32.525516640796,483,110,337.59594706890044,188.3680728120609,30,5.0,18511,2022-05-06 01:45:00,2022-05-06 01:45:00,28.61904052931504,-96.11132024014272,,2022-05-06,14902,0 days 00:15:00,381,3,False,False,,,,Free
2022-05-06 02:00:00,9.398831854169895,25.35,69.38053454924167,484,131,336.95532174749485,189.13449220560327,66,5.0,18539,2022-05-06 02:00:00,2022-05-06 02:00:00,28.625446782529096,-96.1036560464263,,2022-05-06,14902,0 days 00:30:00,381,3,False,False,,,,Free
2022-05-06 02:15:00,2.875362433574453,38.399998,6.493443561816882,485,176,319.14371256994895,236.97904191252016,6,5.0,18559,2022-05-06 02:15:00,2022-05-06 02:15:00,28.803562874304586,-95.6252105630292,,2022-05-06,14965,0 days 00:00:00,382,3,False,False,,,,Free
2022-05-06 02:30:00,3.3202223754219435,26.400002,8.658132452637204,486,160,319.27803738291726,238.2219626170828,8,5.0,18598,2022-05-06 02:30:00,2022-05-06 02:30:00,28.8022196261749,-95.6127813563388,,2022-05-06,14965,0 days 00:15:00,382,3,False,False,,,,Free
2022-05-06 02:45:00,4.39113389953027,10.285714,15.144092094323565,487,188,314.47010309906767,280.09484536123017,19,5.0,18636,2022-05-06 02:45:00,2022-05-06 02:45:00,28.8502989690134,-95.19405254086296,,2022-05-06,15029,0 days 00:00:00,385,3,False,False,,,,Free
2022-05-06 02:45:00,2.033188280309387,9.6,3.2467217973875417,487,196,319.0,239.0,3,5.0,18643,2022-05-06 02:45:00,2022-05-06 02:45:00,28.80500000000407,-95.60500098273197,,2022-05-06,14965,0 days 00:30:00,382,3,False,False,,,,Free
2022-05-06 03:00:00,1.659931901877608,9.6,2.1640656153545232,488,211,317.0,279.5,2,5.0,18694,2022-05-06 03:00:00,2022-05-06 03:00:00,28.825000000004074,-95.20000099430524,,2022-05-06,15029,0 days 00:15:00,385,3,False,False,,,,Free
2022-05-06 03:15:00,2.0333833343434966,9.6,3.247344776151996,489,199,321.0,279.0,3,5.0,18753,2022-05-06 03:15:00,2022-05-06 03:15:00,28.785000000004068,-95.2050009941624,,2022-05-06,15029,0 days 00:30:00,385,3,False,False,,,,Free
2022-05-06 03:15:00,3.3216934578304302,26.4,8.66580642536398,489,209,328.612149527348,70.89252335964431,8,5.0,18762,2022-05-06 03:15:00,2022-05-06 03:15:00,28.708878504730578,-97.28607570109692,,2022-05-06,15122,0 days 00:00:00,386,3,False,False,,,,Free
2022-05-06 03:30:00,4.548234873723896,37.760002,16.247092349665483,490,137,327.97273096215923,72.99593001538152,15,5.0,18799,2022-05-06 03:30:00,2022-05-06 03:30:00,28.715272690382463,-97.26504163514068,,2022-05-06,15122,0 days 00:15:00,386,3,False,False,,,,Free
2022-05-06 03:45:00,4.228892704056784,11.076923,14.04569436786109,491,147,301.64556962178125,302.11139241148123,13,5.0,18826,2022-05-06 03:45:00,2022-05-06 03:45:00,28.97854430378629,-94.97388707665192,,2022-05-06,15167,0 days 00:00:00,387,4,False,False,,,,Free
2022-05-06 03:45:00,3.8949546640015593,15.709092,11.915017796421836,491,159,328.1205432931684,73.39728353415813,11,5.0,18836,2022-05-06 03:45:00,2022-05-06 03:45:00,28.713794567072373,-97.26102810006756,,2022-05-06,15122,0 days 00:30:00,386,3,False,False,,,,Free
2022-05-06 03:45:00,4.845681642730554,15.811766,18.4416441350633,491,169,343.4820457070441,247.9434167627086,17,5.0,18843,2022-05-06 03:45:00,2022-05-06 03:45:00,28.5601795429336,-95.51556681766056,,2022-05-06,15179,0 days 00:00:00,388,5,False,False,,,,Free
2022-05-06 03:45:00,6.2247428486866445,31.542858,30.43215527863227,491,179,363.9690527587038,233.12970937309944,28,5.0,18852,2022-05-06 03:45:00,2022-05-06 03:45:00,28.355309472416963,-95.66370388732344,,2022-05-06,15187,0 days 00:00:00,389,3,False,False,,,,Free
2022-05-06 04:00:00,5.120597647163132,26.273685,20.593548458775327,492,157,335.1331024214696,240.1642751078193,19,5.0,18874,2022-05-06 04:00:00,2022-05-06 04:00:00,28.64366897578935,-95.59335823198649,,2022-05-06,15207,0 days 00:00:00,390,3,False,False,,,,Free
2022-05-06 04:00:00,5.255601366192447,24.0,21.69375419930837,492,165,342.53631579335445,250.01210526863423,20,5.0,18880,2022-05-06 04:00:00,2022-05-06 04:00:00,28.56963684207049,-95.49487993319246,,2022-05-06,15179,0 days 00:15:00,388,5,False,False,,,,Free
2022-05-06 04:00:00,5.641330003398432,17.530437,24.99498569521963,492,175,362.9895905560702,235.1998612043258,23,5.0,18889,2022-05-06 04:00:00,2022-05-06 04:00:00,28.3651040944433,-95.64300236960275,,2022-05-06,15187,0 days 00:15:00,389,3,False,False,,,,Free
2022-05-06 04:15:00,,,,493,118,319.1421725468061,309.35784059726666,584,5.0,18899,2022-05-06 04:15:00,2022-05-06 04:15:00,28.80357827453601,-94.9014225968648,,2022-05-06,15167,0 days 00:30:00,387,4,False,False,,,,Free
2022-05-06 04:15:00,6.540819225463277,17.96129,33.60115252239425,493,132,335.03434544661525,241.20706819885143,31,5.0,18907,2022-05-06 04:15:00,2022-05-06 04:15:00,28.64465654553789,-95.58293030137412,,2022-05-06,15207,0 days 00:15:00,390,3,False,False,,,,Free
2022-05-06 04:15:00,6.542527234634502,17.03226,33.61870340340212,493,138,340.60804289499,251.69008043513728,31,5.0,18910,2022-05-06 04:15:00,2022-05-06 04:15:00,28.58891957105413,-95.47810018200693,,2022-05-06,15179,0 days 00:30:00,388,5,False,False,,,,Free
2022-05-06 04:15:00,4.401076436875305,15.771431,15.212749151023212,493,143,361.4247104242365,236.21750321205343,15,5.0,18915,2022-05-06 04:15:00,2022-05-06 04:15:00,28.38075289576164,-95.63282594981628,,2022-05-06,15187,0 days 00:30:00,389,3,False,False,,,,Free
2022-05-06 04:30:00,4.548481295509593,19.84,16.2488529209984,494,128,328.8517520208705,309.80682839342774,15,5.0,18936,2022-05-06 04:30:00,2022-05-06 04:30:00,28.70648247979535,-94.8969327190315,,2022-05-06,15167,0 days 00:45:00,387,4,False,False,,,,Free
2022-05-06 04:30:00,8.222602400877635,12.930612,53.10170464190379,494,129,333.34173957350094,243.2871847678343,49,5.0,18937,2022-05-06 04:30:00,2022-05-06 04:30:00,28.66158260426904,-95.56212913627871,,2022-05-06,15207,0 days 00:30:00,390,3,False,False,,,,Free
2022-05-06 04:30:00,7.704494411928531,20.31628,46.62063347693528,494,131,337.9936228441115,254.69480717057988,43,5.0,18939,2022-05-06 04:30:00,2022-05-06 04:30:00,28.615063771562927,-95.44805291551114,,2022-05-06,15179,0 days 00:45:00,388,5,False,False,,,,Free
2022-05-06 04:45:00,6.541472743252035,18.890322,33.60786729225405,495,135,337.1309800293432,257.7635857123099,31,5.0,18969,2022-05-06 04:45:00,2022-05-06 04:45:00,28.62369019971061,-95.41736513097078,,2022-05-06,15179,0 days 01:00:00,388,5,False,False,,,,Free
2022-05-06 05:00:00,1.6604096847470695,9.6,2.1653115728315826,496,125,323.0,329.5,4,5.0,18990,2022-05-06 05:00:00,2022-05-06 05:00:00,28.765000000004065,-94.70000100859328,,2022-05-06,15299,0 days 00:00:00,391,3,False,False,,,,Free
2022-05-06 05:00:00,2.876602162124475,11.2,6.499044137731672,496,128,328.0,311.4946236614272,6,5.0,18992,2022-05-06 05:00:00,2022-05-06 05:00:00,28.715000000004057,-94.88005476683384,,2022-05-06,15167,0 days 01:15:00,387,4,False,False,,,,Free
2022-05-06 05:15:00,4.3925347907415535,10.97143,15.153756390662704,497,172,320.6100478479816,333.22488038004605,14,5.0,19023,2022-05-06 05:15:00,2022-05-06 05:15:00,28.78889952152425,-94.66275220585726,,2022-05-06,15299,0 days 00:15:00,391,3,False,False,,,,Free
2022-05-06 05:30:00,3.1057676785797788,9.599999,7.57578800721052,498,155,319.1428571428572,335.2857142857143,7,5.0,19064,2022-05-06 05:30:00,2022-05-06 05:30:00,28.8035714285755,-94.6421438673895,,2022-05-06,15299,0 days 00:30:00,391,3,False,False,,,,Free
2022-05-06 05:45:00,4.995169376198037,16.0,19.59703278152321,499,148,382.1686868666435,293.0464646476323,18,5.0,19124,2022-05-06 05:45:00,2022-05-06 05:45:00,28.173313131337537,-95.0645363517,,2022-05-06,15411,0 days 00:00:00,394,3,False,False,,,,Free
2022-05-06 06:15:00,7.259141043307698,20.71579,41.38665729047482,501,133,386.0405224371992,299.8211654270019,38,5.0,19187,2022-05-06 06:15:00,2022-05-06 06:15:00,28.13459477563197,-94.99678934584227,,2022-05-06,15411,0 days 00:30:00,394,3,False,False,,,,Free
2022-05-06 06:30:00,4.245981702971532,9.599999,14.159441321561356,502,122,386.61538461538464,300.9230769230769,13,5.0,19222,2022-05-06 06:30:00,2022-05-06 06:30:00,28.12884615385012,-94.9857702311964,,2022-05-06,15411,0 days 00:45:00,394,3,False,False,,,,Free
2022-05-06 06:45:00,9.629686258411644,28.226868,72.83064512006682,503,136,365.0305353509462,356.1231634229132,69,5.0,19256,2022-05-06 06:45:00,2022-05-06 06:45:00,28.34469464649454,-94.43376938197208,,2022-05-06,15520,0 days 00:00:00,396,3,False,False,,,,Free
2022-05-06 07:00:00,12.11160443220809,25.358494,115.21081208076578,504,153,363.6339203187384,359.5089898301261,106,5.0,19291,2022-05-06 07:00:00,2022-05-06 07:00:00,28.35866079681662,-94.39991111886746,,2022-05-06,15520,0 days 00:15:00,396,3,False,False,,,,Free
2022-05-06 07:15:00,11.15864221291326,32.106667,97.79408482141451,505,163,361.1889370731337,363.2543163502971,91,5.0,19327,2022-05-06 07:15:00,2022-05-06 07:15:00,28.383110629272668,-94.36245785473602,,2022-05-06,15520,0 days 00:30:00,396,3,False,False,,,,Free
2022-05-06 10:30:00,9.683438821991784,13.129411,73.64599050272336,518,135,326.87952242449944,409.3773516855821,68,5.0,19673,2022-05-06 10:30:00,2022-05-06 10:30:00,28.726204775759065,-93.90122751456336,,2022-05-06,15827,0 days 00:00:00,400,3,False,False,,,,Free
2022-05-06 10:30:00,2.351696953628759,9.6,4.343627705073471,518,146,354.5,294.5,4,5.0,19684,2022-05-06 10:30:00,2022-05-06 10:30:00,28.450000000004017,-95.05000099859171,,2022-05-06,15837,0 days 00:00:00,401,4,False,False,,,,Free
2022-05-06 10:45:00,6.10139467503367,9.6,29.238030765273272,519,151,325.25925925925924,410.77777777777777,27,5.0,19711,2022-05-06 10:45:00,2022-05-06 10:45:00,28.74240740741147,-93.88722325404154,,2022-05-06,15827,0 days 00:15:00,400,3,False,False,,,,Free
2022-05-06 10:45:00,2.036484819975881,9.6,3.2572585725452323,519,167,353.0,295.0,3,5.0,19724,2022-05-06 10:45:00,2022-05-06 10:45:00,28.46500000000401,-95.04500099873457,,2022-05-06,15837,0 days 00:15:00,401,4,False,False,,,,Free
2022-05-06 10:45:00,8.563535392989936,79.879234,57.5964976348932,519,173,361.55359572998674,370.4486216995216,53,5.0,19730,2022-05-06 10:45:00,2022-05-06 10:45:00,28.379464042704136,-94.29051480329964,,2022-05-06,15873,0 days 00:00:00,402,3,False,False,,,,Free
2022-05-06 11:00:00,4.547190103852052,9.6,16.23962900466691,520,118,323.0625,414.625,16,5.0,19752,2022-05-06 11:00:00,2022-05-06 11:00:00,28.764375000004065,-93.8487510329187,,2022-05-06,15827,0 days 00:30:00,400,3,False,False,,,,Free
2022-05-06 11:00:00,9.186695022421818,41.075417,66.28396501189748,520,129,361.2089430361672,371.4827774382183,61,5.0,19761,2022-05-06 11:00:00,2022-05-06 11:00:00,28.38291056964233,-94.28017324620816,,2022-05-06,15873,0 days 00:15:00,402,3,False,False,,,,Free
2022-05-06 11:15:00,2.62861758184458,9.6,5.426811019304044,521,98,349.2,291.8,5,5.0,19786,2022-05-06 11:15:00,2022-05-06 11:15:00,28.503000000004025,-95.07700099782012,,2022-05-06,15837,0 days 00:45:00,401,4,False,False,,,,Free
2022-05-06 11:15:00,6.958370550852267,20.571428,38.028131409505775,521,101,360.45211009180736,371.22055045553697,35,5.0,19789,2022-05-06 11:15:00,2022-05-06 11:15:00,28.39047889908593,-94.28279551596006,,2022-05-06,15873,0 days 00:30:00,402,3,False,False,,,,Free
2022-05-06 11:15:00,15.747960226352896,143.41005,194.77737108956745,521,106,376.7060793933272,398.9181930560836,179,5.0,19794,2022-05-06 11:15:00,2022-05-06 11:15:00,28.227939206070708,-94.0058190978695,,2022-05-06,15918,0 days 00:00:00,403,4,False,False,,,,Free
2022-05-06 11:30:00,1.662467976411921,9.6,2.170683265394514,522,61,349.0,291.5,2,5.0,19803,2022-05-06 11:30:00,2022-05-06 11:30:00,28.505000000004024,-95.08000099773436,,2022-05-06,15837,0 days 01:00:00,401,4,False,False,,,,Free
2022-05-06 11:30:00,14.416625675705978,61.056004,163.23644418117405,522,69,377.2899481366117,399.5318729136301,150,5.0,19811,2022-05-06 11:30:00,2022-05-06 11:30:00,28.222100518637863,-93.99968229946938,,2022-05-06,15918,0 days 00:15:00,403,4,False,False,,,,Free
2022-05-06 11:45:00,11.229669747237972,27.850548,99.04301445354656,523,54,378.80157737324026,397.7898432325032,91,5.0,19824,2022-05-06 11:45:00,2022-05-06 11:45:00,28.206984226271576,-94.01710259578284,,2022-05-06,15918,0 days 00:30:00,403,4,False,False,,,,Free
2022-05-06 12:00:00,7.896919279872286,17.493332,48.97847727922238,524,44,378.81298518367424,393.8436838370602,46,5.0,19835,2022-05-06 12:00:00,2022-05-06 12:00:00,28.20687014816724,-94.05656418860964,,2022-05-06,15918,0 days 00:45:00,403,4,False,False,,,,Free
2022-05-06 13:30:00,4.06838901727468,11.2,12.99974483538685,530,11,328.9949367140562,350.6556961936688,13,5.0,19845,2022-05-06 13:30:00,2022-05-06 13:30:00,28.705050632863493,-94.4884440527021,,2022-05-06,15956,0 days 00:00:00,404,4,False,False,,,,Free
2022-05-06 13:45:00,6.213979803418066,23.657145,30.32700732313443,531,11,327.3954459226894,350.4349146100868,29,5.0,19847,2022-05-06 13:45:00,2022-05-06 13:45:00,28.721045540777165,-94.49065186847486,,2022-05-06,15956,0 days 00:15:00,404,4,False,False,,,,Free
2022-05-06 14:00:00,5.752504865208952,23.6,25.98985584533957,532,27,325.1778673872684,351.50224013472035,24,5.0,19851,2022-05-06 14:00:00,2022-05-06 14:00:00,28.743221326131376,-94.47997861353348,,2022-05-06,15956,0 days 00:30:00,404,4,False,False,,,,Free
2022-05-06 14:15:00,4.23355815597998,12.553848,14.076702796560287,533,27,324.668024438534,350.7107943009126,13,5.0,19854,2022-05-06 14:15:00,2022-05-06 14:15:00,28.748319755618724,-94.48789307164544,,2022-05-06,15956,0 days 00:45:00,404,4,False,False,,,,Free
2022-05-06 16:15:00,7.48217820346245,18.731707,43.96893805243316,541,22,225.6284191869248,288.7417407056964,41,5.0,19862,2022-05-06 16:15:00,2022-05-06 16:15:00,29.73871580813497,-95.10758358988926,,2022-05-06,15966,0 days 00:00:00,405,3,False,False,,,,Free
2022-05-06 16:30:00,9.846271090491772,107.898605,76.14360925902571,542,25,226.3743874828715,290.0208875512924,71,5.0,19867,2022-05-06 16:30:00,2022-05-06 16:30:00,29.731256125175506,-95.09479212179885,,2022-05-06,15966,0 days 00:15:00,405,3,False,False,,,,Free
2022-05-06 16:30:00,26.29748853681861,240.8,543.148307169451,542,31,273.6994476783274,218.50459429525932,504,5.0,19873,2022-05-06 16:30:00,2022-05-06 16:30:00,29.258005523220863,-95.80995503392256,,2022-05-06,15975,0 days 00:00:00,406,3,False,False,,,,Free
2022-05-06 16:45:00,11.802601778826372,94.9647,109.40707059057809,543,19,227.18628220598623,290.54694650737906,102,5.0,19874,2022-05-06 16:45:00,2022-05-06 16:45:00,29.723137177944352,-95.08953153238826,,2022-05-06,15966,0 days 00:30:00,405,3,False,False,,,,Free
2022-05-06 16:45:00,28.13688539158972,225.8246,621.7874105568466,543,22,273.77261412421683,219.83723644444527,578,5.0,19877,2022-05-06 16:45:00,2022-05-06 16:45:00,29.257273858761973,-95.7966286128115,,2022-05-06,15975,0 days 00:15:00,406,3,False,False,,,,Free
2022-05-06 17:00:00,27.0175105418253,324.0722,573.2981502938411,544,34,273.9971028850066,220.70373760899008,534,5.0,19885,2022-05-06 17:00:00,2022-05-06 17:00:00,29.25502897115408,-95.78796360141372,,2022-05-06,15975,0 days 00:30:00,406,3,False,False,,,,Free
2022-05-06 17:15:00,12.369808098147733,44.57143,120.17546346067049,545,25,231.4570848281027,293.5035650157235,112,5.0,19887,2022-05-06 17:15:00,2022-05-06 17:15:00,29.68042915172318,-95.05996534814972,,2022-05-06,15985,0 days 00:00:00,407,3,False,False,,,,Free
2022-05-06 17:30:00,9.351269214362045,54.0,68.68011308717588,546,26,232.1451530761629,293.9410077202856,64,5.0,19894,2022-05-06 17:30:00,2022-05-06 17:30:00,29.67354846924258,-95.05559092122913,,2022-05-06,15985,0 days 00:15:00,407,3,False,False,,,,Free
2022-05-06 18:00:00,5.227027756264978,12.0,21.458506592683232,548,46,230.49857143003112,294.40571427987544,20,5.0,19903,2022-05-06 18:00:00,2022-05-06 18:00:00,29.6900142857039,-95.05094385576598,,2022-05-06,15985,0 days 00:45:00,407,3,False,False,,,,Free
2022-05-07 14:30:00,25.66590794797808,74.51803,517.3722678642564,629,10,107.0998644996812,464.1856663306976,490,5.0,20173,2022-05-07 14:30:00,2022-05-07 14:30:00,30.92400135500759,-93.35314438377424,,2022-05-07,16259,0 days 00:00:00,408,3,False,False,,,,Free
2022-05-07 14:45:00,19.15959515157803,97.588234,288.311879638272,630,10,107.290533649829,465.6057258443823,272,5.0,20175,2022-05-07 14:45:00,2022-05-07 14:45:00,30.922094663506112,-93.3389437890432,,2022-05-07,16259,0 days 00:15:00,408,3,False,False,,,,Free
2022-05-07 15:00:00,8.294792558291395,68.51765,54.038208182889605,631,22,108.28433542730956,467.5130947994373,54,5.0,20177,2022-05-07 15:00:00,2022-05-07 15:00:00,30.912156645731304,-93.31987010003768,,2022-05-07,16259,0 days 00:30:00,408,3,False,False,,,,Free
2022-05-13 03:00:00,13.928609181451174,12.936171,152.37207682703553,1156,73,302.9675078399715,31.244433459372587,153,5.0,20330,2022-05-13 03:00:00,2022-05-13 03:00:00,28.96532492160438,-97.68255658876978,,2022-05-13,16390,0 days 00:00:00,409,3,False,False,,,,Free
2022-05-13 03:00:00,2.031262647652572,19.2,3.240574769146651,1156,77,299.3333333333333,20.666666666666668,3,5.0,20334,2022-05-13 03:00:00,2022-05-13 03:00:00,29.00166666667077,-97.78833425367412,,2022-05-13,16394,0 days 00:00:00,410,3,False,False,,,,Free
2022-05-13 03:15:00,2.86423387599979,22.400002,6.44327748878645,1157,48,239.40804597806147,0.5478927178565641,6,5.0,20344,2022-05-13 03:15:00,2022-05-13 03:15:00,29.600919540223583,-97.98952198741308,,2022-05-13,16404,0 days 00:00:00,411,4,False,False,,,,Free
2022-05-13 03:15:00,4.692044081107255,9.6,17.29075864010559,1157,57,303.9375,30.75,16,5.0,20349,2022-05-13 03:15:00,2022-05-13 03:15:00,28.95562500000409,-97.68750092322222,,2022-05-13,16390,0 days 00:15:00,409,3,False,False,,,,Free
2022-05-13 03:30:00,3.3072503973945846,19.2,8.590610648479153,1158,142,238.49295775357325,0.5440140821422479,8,5.0,20361,2022-05-13 03:30:00,2022-05-13 03:30:00,29.610070422468464,-97.98956077376914,,2022-05-13,16404,0 days 00:15:00,411,4,False,False,,,,Free
2022-05-13 03:30:00,2.870362653553623,12.8,6.47088114485882,1158,150,283.4102563998063,47.91025639980633,6,5.0,20366,2022-05-13 03:30:00,2022-05-13 03:30:00,29.160897436006064,-97.5158983641279,,2022-05-13,16424,0 days 00:00:00,412,3,False,False,,,,Free
2022-05-13 03:30:00,3.103397770638662,16.457142,7.564230755029137,1158,167,303.3541147120308,20.7655860340231,7,5.0,20382,2022-05-13 03:30:00,2022-05-13 03:30:00,28.961458852883787,-97.78734506002884,,2022-05-13,16394,0 days 00:30:00,410,3,False,False,,,,Free
2022-05-13 03:30:00,2.031589996632007,9.6,3.241619325665651,1158,168,302.6666666666667,31.666666666666668,3,5.0,20383,2022-05-13 03:30:00,2022-05-13 03:30:00,28.96833333333743,-97.6783342568175,,2022-05-13,16390,0 days 00:30:00,409,3,False,False,,,,Free
2022-05-13 03:45:00,2.614507301006056,48.0,5.368705720207426,1159,32,237.8874418835308,0.1767441949179006,5,5.0,20388,2022-05-13 03:45:00,2022-05-13 03:45:00,29.61612558116889,-97.99323347253642,,2022-05-13,16404,0 days 00:30:00,411,4,False,False,,,,Free
2022-05-13 03:45:00,2.870362653553623,9.599999,6.47088114485882,1159,39,283.0,47.5,6,5.0,20391,2022-05-13 03:45:00,2022-05-13 03:45:00,29.165000000004127,-97.5200009280087,,2022-05-13,16424,0 days 00:15:00,412,3,False,False,,,,Free
2022-05-13 04:00:00,2.025068079314164,28.800001,3.220839898363472,1160,129,237.0,0.0,3,5.0,20392,2022-05-13 04:00:00,2022-05-13 04:00:00,29.6250000000042,-97.99500091443508,,2022-05-13,16404,0 days 00:45:00,411,4,False,False,,,,Free
2022-05-13 04:00:00,2.6154915389108333,9.6,5.37274860681229,1160,132,245.8,477.0,5,5.0,20394,2022-05-13 04:00:00,2022-05-13 04:00:00,29.537000000004184,-93.22500105074306,,2022-05-13,16445,0 days 00:00:00,413,3,False,False,,,,Free
2022-05-13 04:00:00,2.0296199525355902,16.0,3.2353355413473346,1160,141,282.0974576296871,45.2033898270839,4,5.0,20398,2022-05-13 04:00:00,2022-05-13 04:00:00,29.174025423707256,-97.54296702908158,,2022-05-13,16424,0 days 00:30:00,412,3,False,False,,,,Free
2022-05-13 04:00:00,1.6585724913454216,9.6,2.1605225194446387,1160,159,300.0,25.5,2,5.0,20412,2022-05-13 04:00:00,2022-05-13 04:00:00,28.9950000000041,-97.74000092172196,,2022-05-13,16394,0 days 01:00:00,410,3,False,False,,,,Free
2022-05-13 04:15:00,1.6541166544527928,9.6,2.1489294122632803,1161,83,245.0,475.5,2,5.0,20429,2022-05-13 04:15:00,2022-05-13 04:15:00,29.545000000004187,-93.2400010503144,,2022-05-13,16445,0 days 00:15:00,413,3,False,False,,,,Free
2022-05-13 04:30:00,2.615258666525615,9.6,5.371791915448234,1162,95,244.0,472.0,5,5.0,20440,2022-05-13 04:30:00,2022-05-13 04:30:00,29.55500000000419,-93.27500104931426,,2022-05-13,16445,0 days 00:30:00,413,3,False,False,,,,Free
2022-05-13 05:15:00,,,,1165,285,232.5502958529796,456.5925049199104,210,5.0,20497,2022-05-13 05:15:00,2022-05-13 05:15:00,29.66949704147441,-93.42907599571232,,2022-05-13,16535,0 days 00:00:00,414,3,False,False,,,,Free
2022-05-13 05:45:00,3.695800060052443,9.6,10.727704885041677,1167,201,229.1,446.1,10,5.0,20546,2022-05-13 05:45:00,2022-05-13 05:45:00,29.70400000000421,-93.53400104191304,,2022-05-13,16535,0 days 00:30:00,414,3,False,False,,,,Free
2022-05-13 06:15:00,5.725004841692974,9.6,25.74195921964191,1169,112,227.21875,445.53125,32,5.0,20568,2022-05-13 06:15:00,2022-05-13 06:15:00,29.722812500004213,-93.53968854175054,,2022-05-13,16535,0 days 01:00:00,414,3,False,False,,,,Free
2022-05-13 19:15:00,4.396433220571085,9.599999,15.180666625431783,1221,15,339.2142857142857,13.428571428571429,14,5.0,20741,2022-05-13 19:15:00,2022-05-13 19:15:00,28.602857142861183,-97.86071520398671,,2022-05-13,16746,0 days 00:00:00,415,3,False,False,,,,Free
2022-05-13 19:30:00,8.71430804703464,12.7418165,59.64248051564266,1222,41,339.75464684649126,13.953531601560746,56,5.0,20743,2022-05-13 19:30:00,2022-05-13 19:30:00,28.597453531539127,-97.85546560240688,,2022-05-13,16746,0 days 00:15:00,415,3,False,False,,,,Free
2022-05-13 19:45:00,3.108673818333727,9.599999,7.589972325909575,1223,55,338.7142857142857,13.428571428571429,7,5.0,20755,2022-05-13 19:45:00,2022-05-13 19:45:00,28.60785714286118,-97.86071520398671,,2022-05-13,16746,0 days 00:30:00,415,3,False,False,,,,Free
2022-05-14 00:00:00,3.2854791650491326,19.2,8.477880999381938,1240,114,109.50352112321336,141.00352112321335,8,5.0,20873,2022-05-14 00:00:00,2022-05-14 00:00:00,30.899964788772262,-96.58496574349624,,2022-05-14,16853,0 days 00:00:00,417,3,False,False,,,,Free
2022-05-14 00:00:00,6.775345614353715,22.305882,36.05394474571597,1240,115,115.5832766815042,152.6923860995146,34,5.0,20874,2022-05-14 00:00:00,2022-05-14 00:00:00,30.839167233189347,-96.46807709707343,,2022-05-14,16854,0 days 00:00:00,418,3,False,False,,,,Free
2022-05-14 00:15:00,2.0100834755589365,9.6,3.1733506828485414,1241,129,91.5,173.25,4,5.0,20895,2022-05-14 00:15:00,2022-05-14 00:15:00,31.080000000004425,-96.26250096394318,,2022-05-14,16873,0 days 00:00:00,419,3,False,False,,,,Free
2022-05-14 00:15:00,8.614289838013459,44.858185,58.281247798297855,1241,133,109.0810145109674,143.8954474789425,55,5.0,20899,2022-05-14 00:15:00,2022-05-14 00:15:00,30.904189854894724,-96.55604648076536,,2022-05-14,16853,0 days 00:15:00,417,3,False,False,,,,Free
2022-05-14 00:15:00,10.522697292427548,58.77073,86.96490677337046,1241,135,116.35811485733652,153.37480725497602,82,5.0,20901,2022-05-14 00:15:00,2022-05-14 00:15:00,30.83141885143102,-96.46125288571386,,2022-05-14,16854,0 days 00:15:00,418,3,False,False,,,,Free
2022-05-14 00:30:00,5.565448387447032,16.695652,24.327092165347008,1242,74,90.60892193825184,175.27955390450552,23,5.0,20914,2022-05-14 00:30:00,2022-05-14 00:30:00,31.08891078062191,-96.24220542547806,,2022-05-14,16873,0 days 00:15:00,419,3,False,False,,,,Free
2022-05-14 00:45:00,3.8489002213235928,10.472727,11.634914242933098,1243,68,91.0764119606592,177.45847176395517,11,5.0,20926,2022-05-14 00:45:00,2022-05-14 00:45:00,31.084235880397834,-96.22041624750624,,2022-05-14,16873,0 days 00:30:00,419,3,False,False,,,,Free
2022-05-14 00:45:00,2.011770452457235,9.6,3.178679432409415,1243,73,107.66666666666669,149.66666666666666,3,5.0,20930,2022-05-14 00:45:00,2022-05-14 00:45:00,30.91833333333773,-96.49833429053729,,2022-05-14,16853,0 days 00:45:00,417,3,False,False,,,,Free
2022-05-14 00:45:00,8.297857746109122,19.011763,54.0781532111344,1243,74,114.968373913895,156.8852504823195,51,5.0,20931,2022-05-14 00:45:00,2022-05-14 00:45:00,30.84531626086544,-96.4261484544436,,2022-05-14,16854,0 days 00:45:00,418,3,False,False,,,,Free
2022-05-14 04:00:00,3.306942764348117,34.8,8.58901256397048,1255,7,237.42197986254337,0.0595637597786317,8,5.0,20985,2022-05-14 04:00:00,2022-05-14 04:00:00,29.620780201378764,-97.99440527685432,,2022-05-14,16947,0 days 00:00:00,420,5,False,False,,,,Free
2022-05-14 04:15:00,4.676679763611081,70.8,17.17770524942241,1256,18,236.9044452954764,0.2308130782992446,16,5.0,20987,2022-05-14 04:15:00,2022-05-14 04:15:00,29.62595554704944,-97.99269278371804,,2022-05-14,16947,0 days 00:15:00,420,5,False,False,,,,Free
2022-05-14 04:30:00,4.374646895196725,185.82857,15.030585200395269,1257,7,238.1262442954965,0.2707378751629979,14,5.0,20989,2022-05-14 04:30:00,2022-05-14 04:30:00,29.61373755704924,-97.99229353576084,,2022-05-14,16947,0 days 00:30:00,420,5,False,False,,,,Free
2022-05-14 04:45:00,3.093561794924652,58.971428,7.516358267845072,1258,11,238.29062997225475,0.0243515104345625,7,5.0,20990,2022-05-14 04:45:00,2022-05-14 04:45:00,29.61209370028165,-97.99475739933769,,2022-05-14,16947,0 days 00:45:00,420,5,False,False,,,,Free
2022-05-14 05:00:00,3.0935398770713483,38.399998,7.516251761581279,1259,7,237.7929854929332,0.2035928150063141,7,5.0,20991,2022-05-14 05:00:00,2022-05-14 05:00:00,29.617070145074862,-97.99296498634322,,2022-05-14,16947,0 days 01:00:00,420,5,False,False,,,,Free
2022-05-14 09:45:00,2.0087059880748552,9.6,3.1690028504157497,1278,37,78.66666666666667,484.3333333333333,3,5.0,21065,2022-05-14 09:45:00,2022-05-14 09:45:00,31.20833333333778,-93.15166771950533,,2022-05-14,17004,0 days 00:00:00,422,4,False,False,,,,Free
2022-05-14 10:00:00,3.2801308750705265,9.6,8.450301910650202,1279,24,78.44444444444444,484.3333333333333,9,5.0,21073,2022-05-14 10:00:00,2022-05-14 10:00:00,31.210555555560003,-93.15166771950533,,2022-05-14,17004,0 days 00:15:00,422,4,False,False,,,,Free
2022-05-14 10:15:00,3.2802826096732844,12.0,8.451083728759881,1280,38,79.1472392593169,483.6411042962732,10,5.0,21078,2022-05-14 10:15:00,2022-05-14 10:15:00,31.20352760741128,-93.15859000967812,,2022-05-14,17004,0 days 00:30:00,422,4,False,False,,,,Free
2022-05-14 10:30:00,2.319402789358397,9.6,4.225150971416373,1281,36,78.25,482.25,4,5.0,21086,2022-05-14 10:30:00,2022-05-14 10:30:00,31.212500000004447,-93.17250105224332,,2022-05-14,17004,0 days 00:45:00,422,4,False,False,,,,Free
2022-05-14 13:45:00,3.893598669497889,9.599999,11.906723021447686,1294,37,320.8181818181818,176.1818181818182,11,5.0,21124,2022-05-14 13:45:00,2022-05-14 13:45:00,28.78681818182225,-96.2331827829628,,2022-05-14,17045,0 days 00:00:00,424,4,False,False,,,,Free
2022-05-14 13:45:00,2.625765569559376,11.5199995,5.4150413838407605,1294,39,326.57668711118026,151.43558281490704,5,5.0,21126,2022-05-14 13:45:00,2022-05-14 13:45:00,28.729233128892258,-96.4806451295604,,2022-05-14,17046,0 days 00:00:00,425,3,False,False,,,,Free
2022-05-14 13:45:00,3.328759547539021,9.6,8.702714403703977,1294,47,373.375,162.875,8,5.0,21132,2022-05-14 13:45:00,2022-05-14 13:45:00,28.261250000003987,-96.3662509609784,,2022-05-14,17050,0 days 00:00:00,426,5,False,False,,,,Free
2022-05-14 14:00:00,5.751793334329207,10.400001,25.98342684032428,1295,28,322.8658718291664,178.28017883310778,25,5.0,21133,2022-05-14 14:00:00,2022-05-14 14:00:00,28.7663412817124,-96.21219917704953,,2022-05-14,17045,0 days 00:15:00,424,4,False,False,,,,Free
2022-05-14 14:00:00,7.800910745290088,28.363636,47.79478355633401,1295,32,357.8756809271525,171.49260699446245,44,5.0,21137,2022-05-14 14:00:00,2022-05-14 14:00:00,28.416243190732487,-96.28007489349636,,2022-05-14,17053,0 days 00:00:00,427,3,False,False,,,,Free
2022-05-14 14:00:00,7.061820598934483,26.666668,39.16726461862158,1295,34,374.5284615394792,165.89256410556305,36,5.0,21139,2022-05-14 14:00:00,2022-05-14 14:00:00,28.2497153846092,-96.33607532078508,,2022-05-14,17050,0 days 00:15:00,426,5,False,False,,,,Free
2022-05-14 14:15:00,5.118255152561667,11.115791,20.57471110997656,1296,41,325.03614458226855,181.3493976012384,19,5.0,21142,2022-05-14 14:15:00,2022-05-14 14:15:00,28.74463855418137,-96.18150699024528,,2022-05-14,17045,0 days 00:30:00,424,4,False,False,,,,Free
2022-05-14 14:15:00,1.6609260975192444,9.6,2.1666586722252004,1296,43,329.5,159.0,2,5.0,21144,2022-05-14 14:15:00,2022-05-14 14:15:00,28.700000000004053,-96.40500095987107,,2022-05-14,17046,0 days 00:30:00,425,3,False,False,,,,Free
2022-05-14 14:15:00,6.548089402947954,15.483872,33.67588998181636,1296,46,358.5513846147165,173.47938461424698,31,5.0,21146,2022-05-14 14:15:00,2022-05-14 14:15:00,28.409486153856843,-96.26020711786624,,2022-05-14,17053,0 days 00:15:00,427,3,False,False,,,,Free
2022-05-14 14:15:00,7.159630939050167,22.832432,40.25975740022013,1296,48,375.66595939052576,168.49257351524196,37,5.0,21148,2022-05-14 14:15:00,2022-05-14 14:15:00,28.238340406098725,-96.31007522743124,,2022-05-14,17050,0 days 00:30:00,426,5,False,False,,,,Free
2022-05-14 14:30:00,1.174592324041854,9.6,1.083588028193876,1297,41,331.5,160.5,2,5.0,21153,2022-05-14 14:30:00,2022-05-14 14:30:00,28.68000000000405,-96.39000096029974,,2022-05-14,17046,0 days 00:45:00,425,3,False,False,,,,Free
2022-05-14 14:30:00,4.400661301868412,13.714288,15.209879377246583,1297,43,359.28963414235244,175.67530488137297,16,5.0,21155,2022-05-14 14:30:00,2022-05-14 14:30:00,28.402103658580483,-96.23824791582253,,2022-05-14,17053,0 days 00:30:00,427,3,False,False,,,,Free
2022-05-14 14:30:00,5.264137696817457,12.960001,21.7642829313934,1297,45,376.968592966856,171.29396984939677,20,5.0,21157,2022-05-14 14:30:00,2022-05-14 14:30:00,28.225314070335425,-96.28206126489022,,2022-05-14,17050,0 days 00:45:00,426,5,False,False,,,,Free
2022-05-14 14:45:00,1.6608467289204976,9.6,2.166451606354776,1298,19,329.0,185.3333333333333,3,5.0,21162,2022-05-14 14:45:00,2022-05-14 14:45:00,28.70500000000405,-96.1416676340628,,2022-05-14,17045,0 days 01:00:00,424,4,False,False,,,,Free
2022-05-14 14:45:00,4.994494435723322,11.733334,19.591737290613167,1298,22,378.95544555078703,175.18316832618052,18,5.0,21165,2022-05-14 14:45:00,2022-05-14 14:45:00,28.205445544496108,-96.2431692812338,,2022-05-14,17050,0 days 01:00:00,426,5,False,False,,,,Free
2022-05-15 09:45:00,6.404399334787097,39.680004,32.2141509105837,1374,14,238.21683966594185,480.2971933645659,30,5.0,21187,2022-05-15 09:45:00,2022-05-15 09:45:00,29.61283160334478,-93.1920291180396,,2022-05-15,17083,0 days 00:00:00,428,3,False,False,,,,Free
2022-05-15 10:00:00,8.268314403485828,73.344,53.69376356364374,1375,7,238.5280931931968,481.7777712810909,50,5.0,21189,2022-05-15 10:00:00,2022-05-15 10:00:00,29.609719068072227,-93.17722333929744,,2022-05-15,17083,0 days 00:15:00,428,3,False,False,,,,Free
2022-05-15 10:15:00,7.843876062815686,30.506664,48.32271503286569,1376,7,239.20404252278612,482.7844572321142,45,5.0,21190,2022-05-15 10:15:00,2022-05-15 10:15:00,29.60295957477633,-93.16715648007488,,2022-05-15,17083,0 days 00:30:00,428,3,False,False,,,,Free
2022-05-15 11:45:00,2.340918854890278,9.6,4.303904247900692,1382,14,259.0,421.8,5,5.0,21196,2022-05-15 11:45:00,2022-05-15 11:45:00,29.405000000004165,-93.77700103496905,,2022-05-15,17090,0 days 00:00:00,429,4,False,False,,,,Free
2022-05-15 11:45:00,4.380618478576981,12.342859,15.071648013290098,1382,15,264.682879376349,414.503891046613,14,5.0,21197,2022-05-15 11:45:00,2022-05-15 11:45:00,29.348171206240668,-93.849962122418,,2022-05-15,17091,0 days 00:00:00,430,3,False,False,,,,Free
2022-05-15 12:00:00,5.36371574143912,31.085714,22.59547048622805,1383,17,259.28733113301155,424.2789339174551,21,5.0,21199,2022-05-15 12:00:00,2022-05-15 12:00:00,29.40212668867405,-93.75221169650293,,2022-05-15,17090,0 days 00:15:00,429,4,False,False,,,,Free
2022-05-15 12:00:00,5.365158783418908,20.571428,22.60763019050307,1383,18,264.5339449564295,414.7792048963912,21,5.0,21200,2022-05-15 12:00:00,2022-05-15 12:00:00,29.34966055043986,-93.84720898399888,,2022-05-15,17091,0 days 00:15:00,430,3,False,False,,,,Free
2022-05-15 12:15:00,7.119662119715508,28.54054,39.811509867497456,1384,13,258.8702640780841,426.38185991443015,37,5.0,21202,2022-05-15 12:15:00,2022-05-15 12:15:00,29.406297359223323,-93.73118243713408,,2022-05-15,17090,0 days 00:30:00,429,4,False,False,,,,Free
2022-05-15 12:15:00,7.0242805978751885,21.599998,38.75195215362933,1384,14,263.34538152786047,417.50736277709234,36,5.0,21203,2022-05-15 12:15:00,2022-05-15 12:15:00,29.361546184725555,-93.81992740597144,,2022-05-15,17091,0 days 00:30:00,430,3,False,False,,,,Free
2022-05-15 12:30:00,6.924368251405779,43.88571,37.657388100563125,1385,13,259.65682573006654,426.1498582232192,76,5.0,21205,2022-05-15 12:30:00,2022-05-15 12:30:00,29.398431742703497,-93.7335024539799,,2022-05-15,17090,0 days 00:45:00,429,4,False,False,,,,Free
2022-05-16 02:30:00,3.672461356568215,9.6,10.59264336491542,1440,214,105.0,166.9090909090909,11,5.0,21478,2022-05-16 02:30:00,2022-05-16 02:30:00,30.94500000000441,-96.32591005304027,,2022-05-16,17343,0 days 00:00:00,432,3,False,False,,,,Free
2022-05-16 02:45:00,6.577831062917245,53.1,33.98249895017112,1441,226,128.67878168017324,94.61639491833353,48,5.0,21527,2022-05-16 02:45:00,2022-05-16 02:45:00,30.70821218320264,-97.0488369922894,,2022-05-16,17387,0 days 00:00:00,433,3,False,False,,,,Free
2022-05-16 03:00:00,6.671801367562813,12.218183,34.96037620907528,1442,163,106.8051166309882,169.0346124910804,39,5.0,21565,2022-05-16 03:00:00,2022-05-16 03:00:00,30.92694883369452,-96.3046548378278,,2022-05-16,17343,0 days 00:30:00,432,3,False,False,,,,Free
2022-05-16 03:00:00,8.305533398768736,36.705883,54.17824581658854,1442,169,131.85330859791165,98.44217688413268,51,5.0,21571,2022-05-16 03:00:00,2022-05-16 03:00:00,30.676466914025248,-97.0105791737247,,2022-05-16,17387,0 days 00:15:00,433,3,False,False,,,,Free
2022-05-16 03:15:00,6.580214066033971,26.7,34.00712562995181,1443,206,137.09591012823964,101.28600227580966,32,5.0,21609,2022-05-16 03:15:00,2022-05-16 03:15:00,30.62404089872196,-96.98214092062057,,2022-05-16,17387,0 days 00:30:00,433,3,False,False,,,,Free
2022-05-16 03:30:00,4.190326728320726,9.599999,13.790679187341263,1444,181,119.07692307692308,174.46153846153845,13,5.0,21642,2022-05-16 03:30:00,2022-05-16 03:30:00,30.804230769235154,-96.250385579674,,2022-05-16,17343,0 days 01:00:00,432,3,False,False,,,,Free
2022-05-16 03:30:00,4.0292098501237525,24.800001,12.75057162924601,1444,186,134.0306044511649,35.92348891586774,13,5.0,21646,2022-05-16 03:30:00,2022-05-16 03:30:00,30.65469395549271,-97.63576603554196,,2022-05-16,17491,0 days 00:00:00,434,3,False,False,,,,Free
2022-05-16 03:30:00,8.713089863176215,99.6,59.62580668948298,1444,192,154.62345214011623,39.01381759400147,56,5.0,21651,2022-05-16 03:30:00,2022-05-16 03:30:00,30.448765478603164,-97.6048627496437,,2022-05-16,17495,0 days 00:00:00,435,4,False,False,,,,Free
2022-05-16 03:30:00,8.479199404614604,40.211323,56.46763237955464,1444,195,160.75533169010205,56.28667882673107,53,5.0,21654,2022-05-16 03:30:00,2022-05-16 03:30:00,30.3874466831033,-97.43213414225232,,2022-05-16,17497,0 days 00:00:00,436,3,False,False,,,,Free
2022-05-16 03:45:00,6.264344968471746,38.068962,30.820608774116995,1445,291,137.0445951440636,39.90176736430746,30,5.0,21705,2022-05-16 03:45:00,2022-05-16 03:45:00,30.62455404856372,-97.5959832521944,,2022-05-16,17491,0 days 00:15:00,434,3,False,False,,,,Free
2022-05-16 03:45:00,9.53263354849106,114.19702,71.36999690715598,1445,296,159.29159946368597,41.87124463339731,67,5.0,21709,2022-05-16 03:45:00,2022-05-16 03:45:00,30.40208400536746,-97.5762884800663,,2022-05-16,17495,0 days 00:15:00,435,4,False,False,,,,Free
2022-05-16 04:00:00,2.601656542484992,9.6,5.316059176015345,1446,239,140.8,44.0,5,5.0,21749,2022-05-16 04:00:00,2022-05-16 04:00:00,30.58700000000435,-97.55500092700856,,2022-05-16,17491,0 days 00:30:00,434,3,False,False,,,,Free
2022-05-16 04:00:00,11.994047139424795,66.20377,112.98515458272767,1446,245,165.47524508749402,45.78685493179297,106,5.0,21755,2022-05-16 04:00:00,2022-05-16 04:00:00,30.34024754912937,-97.53713237820124,,2022-05-16,17495,0 days 00:30:00,435,4,False,False,,,,Free
2022-05-16 04:00:00,3.864770582704272,13.090909,11.731061699032557,1446,247,170.7415730288919,60.31910112022435,11,5.0,21757,2022-05-16 04:00:00,2022-05-16 04:00:00,30.287584269715385,-97.39180992046964,,2022-05-16,17497,0 days 00:30:00,436,3,False,False,,,,Free
2022-05-16 04:15:00,13.28690129788615,50.880005,138.6555631497369,1447,190,170.82489439187455,48.929448089687,130,5.0,21794,2022-05-16 04:15:00,2022-05-16 04:15:00,30.28675105608556,-97.50570644752032,,2022-05-16,17495,0 days 00:45:00,435,4,False,False,,,,Free
2022-05-16 04:15:00,,,,1447,192,175.5,65.5,2,5.0,21796,2022-05-16 04:15:00,2022-05-16 04:15:00,30.240000000004294,-97.3400009331524,,2022-05-16,17497,0 days 00:45:00,436,3,False,False,,,,Free
2022-05-16 05:15:00,20.47849440308365,57.288315,329.3714326979675,1451,146,197.3029655723988,68.20080971939797,308,5.0,21929,2022-05-16 05:15:00,2022-05-16 05:15:00,30.02197034428028,-97.31299283673025,,2022-05-16,17745,0 days 00:00:00,437,3,False,False,,,,Free
2022-05-16 05:30:00,20.4173886330426,44.39216,327.408742774642,1452,114,202.27683758394537,69.58369017221769,306,5.0,21950,2022-05-16 05:30:00,2022-05-16 05:30:00,29.9722316241648,-97.29916403259722,,2022-05-16,17745,0 days 00:15:00,437,3,False,False,,,,Free
2022-05-16 05:45:00,19.43181174087076,34.587727,296.56266104363226,1453,83,207.8140890153961,72.66634997543161,279,5.0,21968,2022-05-16 05:45:00,2022-05-16 05:45:00,29.91685910985028,-97.26833743544596,,2022-05-16,17745,0 days 00:30:00,437,3,False,False,,,,Free
2022-05-16 07:30:00,18.39893598553154,25.536758,265.8736502486661,1460,51,31.2392698885392,464.2622093966037,255,5.0,22083,2022-05-16 07:30:00,2022-05-16 07:30:00,31.68260730111913,-93.35237895313708,,2022-05-16,17887,0 days 00:00:00,438,3,False,False,,,,Free
2022-05-16 07:45:00,16.963228115826293,20.182327,225.9991918248288,1461,32,33.680821135490106,464.968289829422,217,5.0,22094,2022-05-16 07:45:00,2022-05-16 07:45:00,31.658191788649617,-93.34531814901068,,2022-05-16,17887,0 days 00:15:00,438,3,False,False,,,,Free
2022-05-16 08:00:00,,,,1462,21,37.98823532311686,465.7707665182309,150,5.0,22102,2022-05-16 08:00:00,2022-05-16 08:00:00,31.615117646773346,-93.3372933823519,,2022-05-16,17887,0 days 00:30:00,438,3,False,False,,,,Free
2022-05-17 03:15:00,6.636485700892995,10.181819,34.59124611725615,1538,34,6.728654971869119,133.5064327558436,33,5.0,22187,2022-05-17 03:15:00,2022-05-17 03:15:00,31.927713450285868,-96.65993662502756,,2022-05-17,17980,0 days 00:00:00,439,3,False,False,,,,Free
2022-05-17 03:30:00,8.48910522643994,11.022219,56.59964603169751,1539,21,5.906788798972663,131.41271550417406,64,5.0,22196,2022-05-17 03:30:00,2022-05-17 03:30:00,31.935932112014832,-96.68087379694596,,2022-05-17,17980,0 days 00:15:00,439,3,False,False,,,,Free
2022-05-17 03:45:00,,,,1540,10,4.671259853421396,131.59645668718537,20,5.0,22198,2022-05-17 03:45:00,2022-05-17 03:45:00,31.94828740147035,-96.67903638516832,,2022-05-17,17980,0 days 00:30:00,439,3,False,False,,,,Free
2022-05-17 23:30:00,1.6363310795060346,9.6,2.102965944491088,1619,42,35.5,456.0,2,5.0,22221,2022-05-17 23:30:00,2022-05-17 23:30:00,31.64000000000452,-93.43500104474208,,2022-05-17,18008,0 days 00:00:00,440,3,False,False,,,,Free
2022-05-17 23:30:00,2.0042137946685656,9.6,3.1548446255455342,1619,43,36.66666666666666,459.3333333333333,3,5.0,22222,2022-05-17 23:30:00,2022-05-17 23:30:00,31.62833333333785,-93.4016677123613,,2022-05-17,18009,0 days 00:00:00,441,3,False,False,,,,Free
2022-05-17 23:30:00,3.062105737420719,15.085713,7.36427924023929,1619,45,40.60339942998376,454.9348441911039,7,5.0,22224,2022-05-17 23:30:00,2022-05-17 23:30:00,31.58896600570467,-93.44565260252664,,2022-05-17,18011,0 days 00:00:00,442,3,False,False,,,,Free
2022-05-17 23:30:00,3.473262716791436,12.799999,9.474693076991002,1619,49,46.45238094427148,447.1095238111457,12,5.0,22226,2022-05-17 23:30:00,2022-05-17 23:30:00,31.53047619056178,-93.52390580409008,,2022-05-17,18013,0 days 00:00:00,443,3,False,False,,,,Free
2022-05-17 23:45:00,3.061306879796837,46.62857,7.360437280669574,1620,61,35.37409268355147,457.58626465793645,9,5.0,22234,2022-05-17 23:45:00,2022-05-17 23:45:00,31.641259073169,-93.41913839861598,,2022-05-17,18008,0 days 00:15:00,440,3,False,False,,,,Free
2022-05-17 23:45:00,3.0616124706697185,45.25714,7.361906845667479,1620,63,37.491838165709495,461.1525904859909,7,5.0,22236,2022-05-17 23:45:00,2022-05-17 23:45:00,31.620081618347417,-93.38347514135457,,2022-05-17,18009,0 days 00:15:00,441,3,False,False,,,,Free
2022-05-17 23:45:00,4.009324577897597,33.6,12.625026953806495,1620,64,40.5815850810086,454.7651515181408,12,5.0,22237,2022-05-17 23:45:00,2022-05-17 23:45:00,31.58918414919442,-93.44734952920784,,2022-05-17,18011,0 days 00:15:00,442,3,False,False,,,,Free
2022-05-17 23:45:00,4.9119936709952965,10.133335,18.949836991527366,1620,68,46.55722327276488,445.8893057958255,19,5.0,22239,2022-05-17 23:45:00,2022-05-17 23:45:00,31.529427767276847,-93.53610798389457,,2022-05-17,18013,0 days 00:15:00,443,3,False,False,,,,Free
2022-05-18 00:00:00,3.0613068797968377,9.599999,7.360437280669576,1621,51,35.22222222222222,457.6666666666667,9,5.0,22246,2022-05-18 00:00:00,2022-05-18 00:00:00,31.642777777782293,-93.41833437855166,,2022-05-18,18008,0 days 00:30:00,440,3,False,False,,,,Free
2022-05-18 00:00:00,3.0616124706697185,9.599999,7.361906845667479,1621,53,37.42857142857143,461.1428571428572,7,5.0,22248,2022-05-18 00:00:00,2022-05-18 00:00:00,31.6207142857188,-93.38357247478314,,2022-05-18,18009,0 days 00:30:00,441,3,False,False,,,,Free
2022-05-18 00:00:00,3.472125189477353,9.6,9.468487985040362,1621,55,40.55555555555556,454.8888888888889,9,5.0,22250,2022-05-18 00:00:00,2022-05-18 00:00:00,31.58944444444895,-93.44611215553569,,2022-05-18,18011,0 days 00:30:00,442,3,False,False,,,,Free
2022-05-18 00:00:00,3.0628095070047414,46.62857,7.367664721841372,1621,56,44.77076184621552,445.819492102523,7,5.0,22251,2022-05-18 00:00:00,2022-05-18 00:00:00,31.547292381542345,-93.53680612080768,,2022-05-18,18013,0 days 00:30:00,443,3,False,False,,,,Free
2022-05-18 04:30:00,14.005619534397272,13.387754,154.06164484397297,1639,43,4.657258730719586,132.38053528722753,147,5.0,22418,2022-05-18 04:30:00,2022-05-18 04:30:00,31.948427412697367,-96.67119559939198,,2022-05-18,18182,0 days 00:00:00,444,3,False,False,,,,Free
2022-05-18 04:45:00,18.59381255068089,25.908882,271.535601136054,1640,52,5.613147042878943,134.15355274229995,267,5.0,22427,2022-05-18 04:45:00,2022-05-18 04:45:00,31.93886852957577,-96.65346542534792,,2022-05-18,18182,0 days 00:15:00,444,3,False,False,,,,Free
2022-05-18 04:45:00,4.424274919201328,24.0,15.373547453511904,1640,65,475.49774436316665,250.05037594305747,14,5.0,22438,2022-05-18 04:45:00,2022-05-18 04:45:00,27.24002255637216,-95.49449722645916,,2022-05-18,18199,0 days 00:00:00,445,3,False,False,,,,Free
2022-05-18 05:00:00,3.831362163515188,9.599999,11.529123556297588,1641,55,4.112405772376456,136.10075391903572,53,5.0,22441,2022-05-18 05:00:00,2022-05-18 05:00:00,31.9538759422808,-96.63399341413702,,2022-05-18,18182,0 days 00:30:00,444,3,False,False,,,,Free
2022-05-18 05:00:00,4.5792890125086885,18.560001,16.469711411959477,1641,69,474.6807692318273,249.7971153829401,16,5.0,22450,2022-05-18 05:00:00,2022-05-18 05:00:00,27.24819230768556,-95.49702983198796,,2022-05-18,18199,0 days 00:15:00,445,3,False,False,,,,Free
2022-05-18 05:15:00,6.6881902319084165,27.300001,35.13234313461377,1642,33,473.39966367906726,251.9332959661227,32,5.0,22455,2022-05-18 05:15:00,2022-05-18 05:15:00,27.26100336321316,-95.47566802676651,,2022-05-18,18199,0 days 00:30:00,445,3,False,False,,,,Free
2022-05-18 05:30:00,2.639136348383812,13.440001,5.470330146562788,1643,20,434.3175355610893,211.0,5,5.0,22459,2022-05-18 05:30:00,2022-05-18 05:30:00,27.651824644393,-95.88500097473064,,2022-05-18,18214,0 days 00:00:00,446,3,False,False,,,,Free
2022-05-18 05:45:00,2.639136348383812,9.6,5.470330146562788,1644,31,435.0,211.0,5,5.0,22466,2022-05-18 05:45:00,2022-05-18 05:45:00,27.64500000000389,-95.88500097473064,,2022-05-18,18214,0 days 00:15:00,446,3,False,False,,,,Free
2022-05-18 06:00:00,2.8908307833181723,9.599999,6.563495967695707,1645,45,433.5,212.0,6,5.0,22473,2022-05-18 06:00:00,2022-05-18 06:00:00,27.66000000000389,-95.8750009750164,,2022-05-18,18214,0 days 00:30:00,446,3,False,False,,,,Free
2022-05-18 08:30:00,7.399267734133633,9.6,42.99989206884007,1655,132,11.658536585365852,426.1463414634146,41,5.0,22541,2022-05-18 08:30:00,2022-05-18 08:30:00,31.878414634150893,-93.73353762157694,,2022-05-18,18286,0 days 00:00:00,447,3,False,False,,,,Free
2022-05-18 08:45:00,6.114301220718069,9.6,29.36185855384392,1656,104,10.533333333333331,428.03333333333336,30,5.0,22569,2022-05-18 08:45:00,2022-05-18 08:45:00,31.88966666667122,-93.71466770341698,,2022-05-18,18286,0 days 00:15:00,447,3,False,False,,,,Free
2022-05-18 08:45:00,,,,1656,106,7.5,388.5,2,5.0,22571,2022-05-18 08:45:00,2022-05-18 08:45:00,31.92000000000456,-94.11000102545324,,2022-05-18,18312,0 days 00:00:00,448,3,False,False,,,,Free
2022-05-18 09:00:00,2.000748183611774,9.6,3.143943581377255,1657,208,4.5,388.75,4,5.0,22591,2022-05-18 09:00:00,2022-05-18 09:00:00,31.950000000004565,-94.10750102552464,,2022-05-18,18312,0 days 00:15:00,448,3,False,False,,,,Free
2022-05-18 09:00:00,6.7373027676265,9.882354,35.65020327114424,1657,210,9.969966634131415,428.8932146873471,37,5.0,22592,2022-05-18 09:00:00,2022-05-18 09:00:00,31.89530033366324,-93.70606889012254,,2022-05-18,18286,0 days 00:30:00,447,3,False,False,,,,Free
2022-05-18 09:00:00,2.3126254014948344,9.6,4.200494926311444,1657,228,24.0,448.8333333333333,6,5.0,22604,2022-05-18 09:00:00,2022-05-18 09:00:00,31.75500000000453,-93.50666770936078,,2022-05-18,18338,0 days 00:00:00,449,3,False,False,,,,Free
2022-05-18 09:15:00,3.8302622737873273,9.599999,11.522505051514132,1658,79,0.4545454545454545,388.7272727272728,11,5.0,22633,2022-05-18 09:15:00,2022-05-18 09:15:00,31.99045454545912,-94.10772829824543,,2022-05-18,18312,0 days 00:30:00,448,3,False,False,,,,Free
2022-05-18 09:30:00,4.325891174146726,9.599999,14.69741850851244,1659,70,20.38888888888889,450.3888888888889,18,5.0,22655,2022-05-18 09:30:00,2022-05-18 09:30:00,31.791111111115647,-93.49111215424978,,2022-05-18,18338,0 days 00:30:00,449,3,False,False,,,,Free
2022-05-18 09:45:00,,,,1660,34,19.5,451.5,2,5.0,22665,2022-05-18 09:45:00,2022-05-18 09:45:00,31.800000000004538,-93.48000104345611,,2022-05-18,18338,0 days 00:45:00,449,3,False,False,,,,Free
2022-05-18 14:00:00,2.035067828610914,9.6,3.252727331767396,1676,43,338.3333333333333,103.33333333333331,3,5.0,22695,2022-05-18 14:00:00,2022-05-18 14:00:00,28.611666666670708,-96.9616676106304,,2022-05-18,18411,0 days 00:00:00,450,3,False,False,,,,Free
2022-05-18 14:15:00,1.661480863326013,9.6,2.16810628495893,1677,41,336.5,103.0,2,5.0,22697,2022-05-18 14:15:00,2022-05-18 14:15:00,28.63000000000405,-96.96500094386846,,2022-05-18,18411,0 days 00:15:00,450,3,False,False,,,,Free
2022-05-18 14:30:00,1.6621525953267002,9.6,2.169859757792824,1678,19,345.0,107.5,2,5.0,22702,2022-05-18 14:30:00,2022-05-18 14:30:00,28.54500000000403,-96.92000094515436,,2022-05-18,18417,0 days 00:00:00,451,3,False,False,,,,Free
2022-05-18 15:00:00,2.627119494496894,9.6,5.420627145068135,1680,52,337.2,104.6,5,5.0,22708,2022-05-18 15:00:00,2022-05-18 15:00:00,28.623000000004044,-96.94900094432568,,2022-05-18,18411,0 days 01:00:00,450,3,False,False,,,,Free
2022-05-18 15:15:00,,,,1681,77,343.3703703703704,108.37037037037037,27,5.0,22717,2022-05-18 15:15:00,2022-05-18 15:15:00,28.56129629630033,-96.9112972416994,,2022-05-18,18417,0 days 00:45:00,451,3,False,False,,,,Free
2022-05-18 15:30:00,,,,1682,53,340.6,110.1,10,5.0,22727,2022-05-18 15:30:00,2022-05-18 15:30:00,28.58900000000404,-96.89400094589736,,2022-05-18,18417,0 days 01:00:00,451,3,False,False,,,,Free
2022-05-18 17:00:00,1.66167865181526,9.6,2.1686225135843644,1688,33,339.0,110.5,2,5.0,22752,2022-05-18 17:00:00,2022-05-18 17:00:00,28.60500000000404,-96.8900009460117,,2022-05-18,18456,0 days 00:00:00,452,4,False,False,,,,Free
2022-05-18 17:15:00,1.175040149010514,9.6,1.084414443060551,1689,26,339.5,109.5,2,5.0,22757,2022-05-18 17:15:00,2022-05-18 17:15:00,28.60000000000404,-96.90000094572588,,2022-05-18,18456,0 days 00:15:00,452,4,False,False,,,,Free
2022-05-18 17:15:00,1.670353425273811,28.800001,2.191324151736347,1689,27,451.0,25.5,2,5.0,22758,2022-05-18 17:15:00,2022-05-18 17:15:00,27.485000000003865,-97.74000092172196,,2022-05-18,18461,0 days 00:00:00,453,3,False,False,,,,Free
2022-05-18 17:30:00,2.0457567910146066,9.6,3.2869862276017328,1690,19,451.0,25.0,3,5.0,22761,2022-05-18 17:30:00,2022-05-18 17:30:00,27.485000000003865,-97.7450009215791,,2022-05-18,18461,0 days 00:15:00,453,3,False,False,,,,Free
2022-05-18 17:45:00,1.66167865181526,9.6,2.1686225135843644,1691,27,339.0,110.5,2,5.0,22763,2022-05-18 17:45:00,2022-05-18 17:45:00,28.60500000000404,-96.8900009460117,,2022-05-18,18456,0 days 00:45:00,452,4,False,False,,,,Free
2022-05-18 17:45:00,2.0457567910146066,28.800001,3.2869862276017328,1691,31,451.0,25.134453780390185,3,5.0,22766,2022-05-18 17:45:00,2022-05-18 17:45:00,27.485000000003865,-97.74365638381364,,2022-05-18,18461,0 days 00:30:00,453,3,False,False,,,,Free
2022-05-18 18:00:00,2.0352937706835936,9.6,3.2534496357047056,1692,81,339.6666666666667,109.16666666666669,6,5.0,22770,2022-05-18 18:00:00,2022-05-18 18:00:00,28.59833333333737,-96.903334278964,,2022-05-18,18456,0 days 01:00:00,452,4,False,False,,,,Free
2022-05-19 05:30:00,2.5826923192073097,9.6,5.238841067475541,1738,23,2.8,137.8,5,5.0,22804,2022-05-19 05:30:00,2022-05-19 05:30:00,31.967000000004564,-96.61700095381292,,2022-05-19,18500,0 days 00:00:00,455,3,False,False,,,,Free
2022-05-19 06:00:00,1.154964794386577,9.6,1.0476769134200057,1740,85,2.0,140.0,3,5.0,22819,2022-05-19 06:00:00,2022-05-19 06:00:00,31.975000000004567,-96.59500095444162,,2022-05-19,18500,0 days 00:30:00,455,3,False,False,,,,Free
2022-05-19 06:15:00,2.000530346258732,9.6,3.1432590064067907,1741,126,2.6666666666666665,139.66666666666666,3,5.0,22837,2022-05-19 06:15:00,2022-05-19 06:15:00,31.9683333333379,-96.59833428767968,,2022-05-19,18500,0 days 00:45:00,455,3,False,False,,,,Free
2022-05-20 12:00:00,15.543402383215778,51.53966,189.75012097728305,1859,25,110.99560659236766,10.210813153624375,179,5.0,22914,2022-05-20 12:00:00,2022-05-20 12:00:00,30.88504393408072,-97.89289278581668,,2022-05-20,18590,0 days 00:00:00,456,3,False,False,,,,Free
2022-05-20 12:15:00,17.307391556510048,44.972973,235.26272312933983,1860,39,106.8239802054252,16.12030654526029,222,5.0,22922,2022-05-20 12:15:00,2022-05-20 12:15:00,30.926760197950152,-97.83379785358903,,2022-05-20,18590,0 days 00:15:00,456,3,False,False,,,,Free
2022-05-20 12:30:00,14.099496049106865,40.475677,156.1338474451248,1861,57,67.05748132661792,19.823061102343527,148,5.0,22929,2022-05-20 12:30:00,2022-05-20 12:30:00,31.324425186738285,-97.7967703090763,,2022-05-20,18602,0 days 00:00:00,457,3,False,False,,,,Free
2022-05-20 12:30:00,19.15381412216104,32.22353,288.137921056014,1861,59,102.93046675689058,22.305206934573377,273,5.0,22931,2022-05-20 12:30:00,2022-05-20 12:30:00,30.9656953324355,-97.77194885146332,,2022-05-20,18590,0 days 00:30:00,456,3,False,False,,,,Free
2022-05-20 12:45:00,11.760702195444487,25.817482,108.6316527803906,1862,66,64.39763080105807,27.593228278521725,103,5.0,22943,2022-05-20 12:45:00,2022-05-20 12:45:00,31.351023691993888,-97.71906863953495,,2022-05-20,18602,0 days 00:15:00,457,3,False,False,,,,Free
2022-05-20 13:00:00,2.006717357639568,9.6,3.1627312944396007,1863,63,60.0,37.0,3,5.0,22956,2022-05-20 13:00:00,2022-05-20 13:00:00,31.39500000000448,-97.62500092500824,,2022-05-20,18602,0 days 00:30:00,457,3,False,False,,,,Free
2022-05-20 14:15:00,3.671826883982062,9.6,10.588983606174262,1868,49,101.7,55.8,10,5.0,22999,2022-05-20 14:15:00,2022-05-20 14:15:00,30.97800000000441,-97.43700093038052,,2022-05-20,18652,0 days 00:00:00,459,3,False,False,,,,Free
2022-05-20 14:15:00,3.5386095902911787,13.866667,9.834565604153664,1868,51,422.1111110997902,2.95940169982247,12,5.0,23001,2022-05-20 14:15:00,2022-05-20 14:15:00,27.77388888900601,-97.96540689828254,,2022-05-20,18654,0 days 00:00:00,460,3,False,False,,,,Free
2022-05-20 14:30:00,7.824173607979268,21.599998,48.08026337301106,1869,72,421.4590163935687,9.606288635357789,47,5.0,23012,2022-05-20 14:30:00,2022-05-20 14:30:00,27.780409836068223,-97.89893803082664,,2022-05-20,18654,0 days 00:15:00,460,3,False,False,,,,Free
2022-05-20 14:45:00,2.0108226669052494,12.8,3.1756850582118687,1870,64,98.39316240012911,65.19658120006456,3,5.0,23024,2022-05-20 14:45:00,2022-05-20 14:45:00,31.011068376003124,-97.3430351210651,,2022-05-20,18652,0 days 00:30:00,459,3,False,False,,,,Free
2022-05-20 14:45:00,7.269951385344322,39.91579,41.510015427822125,1870,70,418.7773590343146,16.89568886164178,38,5.0,23030,2022-05-20 14:45:00,2022-05-20 14:45:00,27.807226409660768,-97.8260440306468,,2022-05-20,18654,0 days 00:30:00,460,3,False,False,,,,Free
2022-05-20 15:00:00,1.6415138718512063,9.6,2.1163085945782623,1871,63,95.0,71.5,2,5.0,23036,2022-05-20 15:00:00,2022-05-20 15:00:00,31.04500000000442,-97.28000093486696,,2022-05-20,18652,0 days 00:45:00,459,3,False,False,,,,Free
2022-05-20 15:00:00,10.062133269879476,21.435617,79.5188355242885,1871,69,389.2043010331819,2.112324276835255,75,5.0,23041,2022-05-20 15:00:00,2022-05-20 15:00:00,28.102956989672144,-97.97387767227036,,2022-05-20,18685,0 days 00:00:00,461,3,False,False,,,,Free
2022-05-20 15:15:00,6.542577449939262,11.148389,33.6192194669522,1872,75,340.50472193841046,29.38195173988009,31,5.0,23052,2022-05-20 15:15:00,2022-05-20 15:15:00,28.58995278061993,-97.70118140543252,,2022-05-20,18694,0 days 00:00:00,462,4,False,False,,,,Free
2022-05-20 15:15:00,9.709905911378756,10.447058,74.04912390420535,1872,83,384.490890164553,6.47006767289311,71,5.0,23057,2022-05-20 15:15:00,2022-05-20 15:15:00,28.15009109835844,-97.93030023955504,,2022-05-20,18685,0 days 00:15:00,461,3,False,False,,,,Free
2022-05-20 15:15:00,3.119864402618499,9.599999,7.644715349106354,1872,85,415.4285714285714,30.0,7,5.0,23059,2022-05-20 15:15:00,2022-05-20 15:15:00,27.840714285718207,-97.69500092300792,,2022-05-20,18699,0 days 00:00:00,463,4,False,False,,,,Free
2022-05-20 15:30:00,2.339129534943361,9.6,4.297327242048892,1873,112,243.75,27.0,4,5.0,23070,2022-05-20 15:30:00,2022-05-20 15:30:00,29.55750000000419,-97.72500092215064,,2022-05-20,18708,0 days 00:00:00,464,3,False,False,,,,Free
2022-05-20 15:30:00,12.70915958137572,21.41539,126.85966119476085,1873,115,338.5299385619161,34.50713320398751,117,5.0,23072,2022-05-20 15:30:00,2022-05-20 15:30:00,28.60970061438488,-97.649929592256,,2022-05-20,18694,0 days 00:15:00,462,4,False,False,,,,Free
2022-05-20 15:30:00,1.665052142637242,14.400001,2.177436798255852,1873,125,382.0,12.244680856460358,2,5.0,23079,2022-05-20 15:30:00,2022-05-20 15:30:00,28.175000000003973,-97.8725541093695,,2022-05-20,18685,0 days 00:30:00,461,3,False,False,,,,Free
2022-05-20 15:30:00,10.345044793922876,21.194805,84.05327358139134,1873,130,410.4370489055616,34.163752985994726,77,5.0,23082,2022-05-20 15:30:00,2022-05-20 15:30:00,27.89062951094831,-97.65336339433782,,2022-05-20,18699,0 days 00:15:00,463,4,False,False,,,,Free
2022-05-20 15:45:00,4.047231125910246,22.400002,12.864884580649608,1874,101,221.69444445814665,0.4042145625369081,12,5.0,23090,2022-05-20 15:45:00,2022-05-20 15:45:00,29.77805555542276,-97.99095876892522,,2022-05-20,18723,0 days 00:00:00,465,3,False,False,,,,Free
2022-05-20 15:45:00,6.818776949359777,15.529411,36.517652375297104,1874,105,240.9849162030669,30.38659218701563,34,5.0,23093,2022-05-20 15:45:00,2022-05-20 15:45:00,29.58515083797353,-97.6911350012482,,2022-05-20,18708,0 days 00:15:00,464,3,False,False,,,,Free
2022-05-20 15:45:00,14.952711523824089,17.185184,175.60213460162964,1874,110,336.1980749649193,41.50466063222045,162,5.0,23097,2022-05-20 15:45:00,2022-05-20 15:45:00,28.63301925035485,-97.5799543199733,,2022-05-20,18694,0 days 00:30:00,462,4,False,False,,,,Free
2022-05-20 15:45:00,8.3346580460708,18.24,54.55888095227354,1874,118,406.5137533312172,38.64892042549815,51,5.0,23102,2022-05-20 15:45:00,2022-05-20 15:45:00,27.929862466691763,-97.60851172122445,,2022-05-20,18699,0 days 00:30:00,463,4,False,False,,,,Free
2022-05-20 16:00:00,5.346961251095559,18.285717,22.45452926665436,1875,114,196.4236559022317,35.61075265909172,21,5.0,23109,2022-05-20 16:00:00,2022-05-20 16:00:00,30.030763440981943,-97.63889339802034,,2022-05-20,18736,0 days 00:00:00,467,3,False,False,,,,Free
2022-05-20 16:00:00,14.353319674764668,31.53378,161.80599050498296,1875,117,218.0551823017472,4.87728493127095,158,5.0,23112,2022-05-20 16:00:00,2022-05-20 16:00:00,29.81444817698676,-97.94622806651608,,2022-05-20,18723,0 days 00:15:00,465,3,False,False,,,,Free
2022-05-20 16:00:00,4.215499269728128,9.599999,13.95686629947916,1875,124,236.5625,34.375,16,5.0,23116,2022-05-20 16:00:00,2022-05-20 16:00:00,29.6293750000042,-97.65125092425814,,2022-05-20,18708,0 days 00:30:00,464,3,False,False,,,,Free
2022-05-20 16:00:00,18.360968636397253,14.49796,264.7774887771701,1875,130,304.52900731405373,9.790889571357551,245,5.0,23120,2022-05-20 16:00:00,2022-05-20 16:00:00,28.949709926863555,-97.89709202151936,,2022-05-20,18743,0 days 00:00:00,469,3,False,False,,,,Free
2022-05-20 16:00:00,18.57296577316508,17.4336,270.9270687024671,1875,136,333.46619193795993,49.917308200077215,252,5.0,23125,2022-05-20 16:00:00,2022-05-20 16:00:00,28.66033808062445,-97.49582784669872,,2022-05-20,18694,0 days 00:45:00,462,4,False,False,,,,Free
2022-05-20 16:00:00,1.6664870207833178,9.6,2.1811912785169736,1875,142,400.5,43.0,2,5.0,23129,2022-05-20 16:00:00,2022-05-20 16:00:00,27.990000000003946,-97.5650009267228,,2022-05-20,18699,0 days 00:45:00,463,4,False,False,,,,Free
2022-05-20 16:15:00,9.036328062689384,29.600002,64.1318636341382,1876,156,193.10328571724568,38.72313497988991,62,5.0,23133,2022-05-20 16:15:00,2022-05-20 16:15:00,30.06396714283181,-97.60776957570177,,2022-05-20,18736,0 days 00:15:00,467,3,False,False,,,,Free
2022-05-20 16:15:00,16.596856329806126,27.18416,216.3423537787788,1876,158,212.7547270571462,10.703830599243302,203,5.0,23135,2022-05-20 16:15:00,2022-05-20 16:15:00,29.86745272943277,-97.8879626115014,,2022-05-20,18723,0 days 00:30:00,465,3,False,False,,,,Free
2022-05-20 16:15:00,11.490949800447336,18.400002,103.70548720576042,1876,174,299.9825234378056,20.182722387431063,114,5.0,23145,2022-05-20 16:15:00,2022-05-20 16:15:00,28.995174765626047,-97.7931736963282,,2022-05-20,18743,0 days 00:15:00,469,3,False,False,,,,Free
2022-05-20 16:15:00,22.42854345459626,31.59561,395.0863477142052,1876,189,348.6044582154628,45.1108772558263,366,5.0,23154,2022-05-20 16:15:00,2022-05-20 16:15:00,28.5089554178494,-97.54389215476772,,2022-05-20,18770,0 days 00:00:00,470,3,False,False,,,,Free
2022-05-20 16:30:00,3.868305419389883,10.472727,11.752530684077716,1877,239,188.617940196704,44.08305647208966,11,5.0,23173,2022-05-20 16:30:00,2022-05-20 16:30:00,30.10882059803724,-97.55417036231142,,2022-05-20,18736,0 days 00:30:00,467,3,False,False,,,,Free
2022-05-20 16:30:00,8.495415084837358,17.38868,56.68381708855432,1877,240,198.9537205042771,62.925589845225645,54,5.0,23174,2022-05-20 16:30:00,2022-05-20 16:30:00,30.00546279496149,-97.36574503396452,,2022-05-20,18787,0 days 00:00:00,471,3,False,False,,,,Free
2022-05-20 16:30:00,8.364149570590337,12.799998,54.94566857311847,1877,259,272.6530919998861,53.23328303488779,51,5.0,23189,2022-05-20 16:30:00,2022-05-20 16:30:00,29.26846908000528,-97.46266809929818,,2022-05-20,18800,0 days 00:00:00,472,3,False,False,,,,Free
2022-05-20 16:30:00,3.102175468575985,9.599999,7.558273443224186,1877,266,295.0,31.875,8,5.0,23194,2022-05-20 16:30:00,2022-05-20 16:30:00,29.04500000000411,-97.6762509235437,,2022-05-20,18743,0 days 00:30:00,469,3,False,False,,,,Free
2022-05-20 16:30:00,9.17845116724993,10.2295065,66.16505603987865,1877,279,342.2585616408796,53.7668786461185,136,5.0,23204,2022-05-20 16:30:00,2022-05-20 16:30:00,28.57241438359524,-97.45733214333836,,2022-05-20,18770,0 days 00:15:00,470,3,False,False,,,,Free
2022-05-20 16:30:00,3.924146666006594,9.599999,12.094289028333378,1877,306,489.6363636363636,2.0,11,5.0,23225,2022-05-20 16:30:00,2022-05-20 16:30:00,27.098636363640168,-97.9750009150066,,2022-05-20,18832,0 days 00:00:00,473,3,False,False,,,,Free
2022-05-20 16:45:00,2.349576814292121,9.6,4.335799362410938,1878,421,335.5,64.5,4,5.0,23274,2022-05-20 16:45:00,2022-05-20 16:45:00,28.640000000004044,-97.35000093286668,,2022-05-20,18770,0 days 00:30:00,470,3,False,False,,,,Free
2022-05-20 16:45:00,1.672877610083359,9.6,2.1979520742110705,1878,467,484.5,14.0,2,5.0,23309,2022-05-20 16:45:00,2022-05-20 16:45:00,27.15000000000381,-97.85500091843574,,2022-05-20,18832,0 days 00:15:00,473,3,False,False,,,,Free
2022-05-20 17:00:00,6.868067815976478,17.005714,37.047510596023365,1879,378,98.30626841748315,85.5582667351809,47,5.0,23320,2022-05-20 17:00:00,2022-05-20 17:00:00,31.011937315829584,-97.13941827153246,,2022-05-20,18912,0 days 00:00:00,474,3,False,False,,,,Free
2022-05-20 17:00:00,3.086111890964578,9.599999,7.480200126468738,1879,383,190.28571428571428,71.57142857142857,7,5.0,23325,2022-05-20 17:00:00,2022-05-20 17:00:00,30.09214285714713,-97.27928664917312,,2022-05-20,18787,0 days 00:30:00,471,3,False,False,,,,Free
2022-05-20 17:00:00,2.3416088205683048,9.6,4.306441699235625,1879,419,265.25,74.25,4,5.0,23348,2022-05-20 17:00:00,2022-05-20 17:00:00,29.342500000004154,-97.25250093565283,,2022-05-20,18800,0 days 00:30:00,472,3,False,False,,,,Free
2022-05-20 17:15:00,7.341102017518848,17.04,42.32650411657527,1880,316,95.16818936393864,89.41694351801581,40,5.0,23403,2022-05-20 17:15:00,2022-05-20 17:15:00,31.043318106365035,-97.10083150480682,,2022-05-20,18912,0 days 00:15:00,474,3,False,False,,,,Free
2022-05-20 17:15:00,15.90862787385956,29.883873,198.77205501152068,1880,321,190.1080964941945,84.68280518330577,191,5.0,23407,2022-05-20 17:15:00,2022-05-20 17:15:00,30.093919035062328,-97.14817288680108,,2022-05-20,18787,0 days 00:45:00,471,3,False,False,,,,Free
2022-05-20 17:15:00,3.8819790431904417,9.599999,11.83576284139394,1880,343,259.27272727272725,86.36363636363636,11,5.0,23421,2022-05-20 17:15:00,2022-05-20 17:15:00,29.40227272727689,-97.13136457547807,,2022-05-20,18800,0 days 00:45:00,472,3,False,False,,,,Free
2022-05-20 17:15:00,3.127992869103411,13.714287,7.68460218630498,1880,401,472.4590163960056,36.30819672079888,7,5.0,23463,2022-05-20 17:15:00,2022-05-20 17:15:00,27.27040983604377,-97.63191895760258,,2022-05-20,18832,0 days 00:45:00,473,3,False,False,,,,Free
2022-05-20 17:30:00,2.321146190696045,9.6,4.231505109043263,1881,290,92.5,94.5,4,5.0,23478,2022-05-20 17:30:00,2022-05-20 17:30:00,31.070000000004427,-97.05000094143952,,2022-05-20,18912,0 days 00:30:00,474,3,False,False,,,,Free
2022-05-20 17:45:00,5.905312172738255,14.976,27.388963845561538,1882,474,449.712109085225,6.566158789611601,25,5.0,23607,2022-05-20 17:45:00,2022-05-20 17:45:00,27.497878909151616,-97.92933932841532,,2022-05-20,19159,0 days 00:00:00,476,3,False,False,,,,Free
2022-05-20 18:15:00,1.6621920402304144,9.6,2.1699627458398134,1884,393,345.5,27.0,2,5.0,23721,2022-05-20 18:15:00,2022-05-20 18:15:00,28.540000000004028,-97.72500092215064,,2022-05-20,19257,0 days 00:00:00,477,3,False,False,,,,Free
2022-05-20 18:15:00,,,,1884,425,438.0384615384616,22.192307692307693,26,5.0,23741,2022-05-20 18:15:00,2022-05-20 18:15:00,27.61461538461927,-97.77307784385368,,2022-05-20,19159,0 days 00:30:00,476,3,False,False,,,,Free
2022-05-20 18:30:00,1.661480863317558,9.6,2.168106284936864,1885,358,336.5,42.0,2,5.0,23792,2022-05-20 18:30:00,2022-05-20 18:30:00,28.63000000000405,-97.57500092643704,,2022-05-20,19257,0 days 00:15:00,477,3,False,False,,,,Free
2022-05-20 18:30:00,1.6687545736287643,9.6,2.1871311164672886,1885,395,430.3333333333333,32.0,3,5.0,23814,2022-05-20 18:30:00,2022-05-20 18:30:00,27.691666666670564,-97.67500092357945,,2022-05-20,19159,0 days 00:45:00,476,3,False,False,,,,Free
2022-05-20 18:30:00,2.6402442629068887,9.6,5.47492402088619,1885,399,444.2,88.6,5,5.0,23818,2022-05-20 18:30:00,2022-05-20 18:30:00,27.55300000000388,-97.10900093975351,,2022-05-20,19340,0 days 00:00:00,478,3,False,False,,,,Free
2022-05-20 18:45:00,6.946894745563907,10.97143,37.90280219106885,1886,281,326.14339622329163,57.91094341559187,43,5.0,23854,2022-05-20 18:45:00,2022-05-20 18:45:00,28.733566037771144,-97.41589149682784,,2022-05-20,19257,0 days 00:30:00,477,3,False,False,,,,Free
2022-05-20 18:45:00,2.891007029218225,9.599999,6.564296308223491,1886,316,434.8333333333333,94.83333333333331,6,5.0,23874,2022-05-20 18:45:00,2022-05-20 18:45:00,27.64666666667056,-97.0466676082014,,2022-05-20,19340,0 days 00:15:00,478,3,False,False,,,,Free
2022-05-20 19:00:00,4.253290305740691,9.599999,14.208228529903709,1887,353,423.7692307692308,102.84615384615384,13,5.0,23928,2022-05-20 19:00:00,2022-05-20 19:00:00,27.7573076923116,-96.96653940536294,,2022-05-20,19340,0 days 00:30:00,478,3,False,False,,,,Free
2022-05-20 19:00:00,,,,1887,358,429.5,98.25,4,5.0,23932,2022-05-20 19:00:00,2022-05-20 19:00:00,27.700000000003897,-97.01250094251112,,2022-05-20,19432,0 days 00:00:00,479,3,False,False,,,,Free
2022-05-20 19:00:00,4.26442277155157,10.338461,14.282702457462683,1887,376,481.1930835806153,64.53602305198294,13,5.0,23943,2022-05-20 19:00:00,2022-05-20 19:00:00,27.183069164197665,-97.34964070235714,,2022-05-20,19440,0 days 00:00:00,480,3,False,False,,,,Free
2022-05-20 19:15:00,2.3586208811594687,9.6,4.369242601712161,1888,330,417.5,108.5,4,5.0,23991,2022-05-20 19:15:00,2022-05-20 19:15:00,27.820000000003915,-96.91000094544016,,2022-05-20,19432,0 days 00:15:00,479,3,False,False,,,,Free
2022-05-20 19:15:00,2.043079818170718,9.6,3.278389491338595,1888,332,422.3333333333333,116.33333333333331,3,5.0,23992,2022-05-20 19:15:00,2022-05-20 19:15:00,27.771666666670576,-96.83166761434528,,2022-05-20,19486,0 days 00:00:00,481,3,False,False,,,,Free
2022-05-20 19:15:00,7.094714226111498,13.866668,39.53299295354409,1888,347,475.69924812704,69.75939850163194,36,5.0,24004,2022-05-20 19:15:00,2022-05-20 19:15:00,27.238007518733426,-97.29740694935327,,2022-05-20,19440,0 days 00:15:00,480,3,False,False,,,,Free
2022-05-20 19:15:00,13.330891459488075,63.42048,139.5752023564559,1888,349,484.5549838480431,102.63561418426096,128,5.0,24006,2022-05-20 19:15:00,2022-05-20 19:15:00,27.149450161523383,-96.9686448019217,,2022-05-20,19497,0 days 00:00:00,482,3,False,False,,,,Free
2022-05-20 19:30:00,8.742232823549186,10.123635,60.02533856033957,1889,276,408.394403736624,126.21585609544924,59,5.0,24039,2022-05-20 19:30:00,2022-05-20 19:30:00,27.91105596263769,-96.73284238954813,,2022-05-20,19486,0 days 00:15:00,481,3,False,False,,,,Free
2022-05-20 19:30:00,15.280942681652064,48.11497,183.39613327710924,1889,301,476.97066746588143,111.08852533198208,167,5.0,24061,2022-05-20 19:30:00,2022-05-20 19:30:00,27.22529332534501,-96.88411569286,,2022-05-20,19497,0 days 00:15:00,482,3,False,False,,,,Free
2022-05-20 19:30:00,3.3437285844486127,9.6,8.781160538635564,1889,305,471.0,74.875,8,5.0,24065,2022-05-20 19:30:00,2022-05-20 19:30:00,27.28500000000384,-97.24625093583144,,2022-05-20,19440,0 days 00:30:00,480,3,False,False,,,,Free
2022-05-20 19:45:00,3.533793450966304,9.6,9.8078136244895,1890,208,392.0,129.8,10,5.0,24094,2022-05-20 19:45:00,2022-05-20 19:45:00,28.07500000000396,-96.69700095152685,,2022-05-20,19432,0 days 00:45:00,479,3,False,False,,,,Free
2022-05-20 19:45:00,3.331871106326436,9.6,8.71899173653302,1890,209,393.375,137.875,8,5.0,24095,2022-05-20 19:45:00,2022-05-20 19:45:00,28.061250000003955,-96.61625095383437,,2022-05-20,19486,0 days 00:30:00,481,3,False,False,,,,Free
2022-05-20 19:45:00,11.821013079744448,19.776001,109.74867283167433,1890,227,469.5422459818691,119.46176470800854,104,5.0,24110,2022-05-20 19:45:00,2022-05-20 19:45:00,27.299577540185144,-96.8003833014925,,2022-05-20,19497,0 days 00:30:00,482,3,False,False,,,,Free
2022-05-20 20:00:00,,,,1891,219,404.6288912094184,91.99020637590776,93,5.0,24137,2022-05-20 20:00:00,2022-05-20 20:00:00,27.94871108790976,-97.07509887696324,,2022-05-20,19608,0 days 00:00:00,483,3,False,False,,,,Free
2022-05-20 20:30:00,3.726982729987423,13.440001,10.909494860618503,1893,133,404.2274881463036,90.27725118536964,10,5.0,24216,2022-05-20 20:30:00,2022-05-20 20:30:00,27.9527251185409,-97.09222842837907,,2022-05-20,19608,0 days 00:30:00,483,3,False,False,,,,Free
2022-05-20 20:45:00,,,,1894,171,380.2,160.8,5,5.0,24239,2022-05-20 20:45:00,2022-05-20 20:45:00,28.193000000003977,-96.38700096038542,,2022-05-20,19703,0 days 00:00:00,484,3,False,False,,,,Free
2022-05-20 20:45:00,2.0408793993997105,9.6,3.271331573164807,1894,185,399.0,120.0,3,5.0,24250,2022-05-20 20:45:00,2022-05-20 20:45:00,28.005000000003943,-96.7950009487264,,2022-05-20,19713,0 days 00:00:00,485,3,False,False,,,,Free
2022-05-20 20:45:00,8.417101503423506,19.57647,55.6435731295722,1894,186,405.00000001796,92.51062682047042,51,5.0,24251,2022-05-20 20:45:00,2022-05-20 20:45:00,27.944999999824336,-97.0698946726663,,2022-05-20,19608,0 days 00:45:00,483,3,False,False,,,,Free
2022-05-20 21:00:00,3.329870713143059,9.6,8.708525439770412,1895,163,381.25,161.58333333333334,12,5.0,24277,2022-05-20 21:00:00,2022-05-20 21:00:00,28.182500000003973,-96.37916762727592,,2022-05-20,19703,0 days 00:15:00,484,3,False,False,,,,Free
2022-05-20 21:00:00,3.332896722168017,9.6,8.724360318975837,1895,176,400.0,121.5,8,5.0,24288,2022-05-20 21:00:00,2022-05-20 21:00:00,27.995000000003945,-96.780000949155,,2022-05-20,19713,0 days 00:15:00,485,3,False,False,,,,Free
2022-05-20 21:15:00,2.633022970836867,9.6,5.445016213658872,1896,177,384.8,163.2,5,5.0,24324,2022-05-20 21:15:00,2022-05-20 21:15:00,28.147000000003967,-96.3630009610713,,2022-05-20,19703,0 days 00:30:00,484,3,False,False,,,,Free
2022-05-20 21:15:00,,,,1896,180,398.849811312851,122.96150945544623,43,5.0,24327,2022-05-20 21:15:00,2022-05-20 21:15:00,28.00650188687544,-96.76538585501822,,2022-05-20,19713,0 days 00:30:00,485,3,False,False,,,,Free
2022-05-20 21:30:00,7.002250351529026,29.622854,38.50925789120621,1897,175,498.06486610246856,174.1994459975762,36,5.0,24370,2022-05-20 21:30:00,2022-05-20 21:30:00,27.014351338979104,-96.25300650423873,,2022-05-20,19819,0 days 00:00:00,486,3,False,False,,,,Free
2022-05-20 21:45:00,2.367284474963169,9.6,4.401399413468031,1898,147,498.5,173.5,4,5.0,24393,2022-05-20 21:45:00,2022-05-20 21:45:00,27.010000000003792,-96.26000096401458,,2022-05-20,19819,0 days 00:15:00,486,3,False,False,,,,Free
2022-05-20 22:00:00,1.6739601359500882,9.6,2.200797601941346,1899,175,499.0,171.5,2,5.0,24419,2022-05-20 22:00:00,2022-05-20 22:00:00,27.00500000000379,-96.28000096344306,,2022-05-20,19819,0 days 00:30:00,486,3,False,False,,,,Free
2022-05-20 22:45:00,4.853123318366891,9.6,18.49833053070584,1902,170,376.2941176470589,245.1176470588236,17,5.0,24497,2022-05-20 22:45:00,2022-05-20 22:45:00,28.2320588235334,-95.54382451389188,,2022-05-20,19935,0 days 00:00:00,488,3,False,False,,,,Free
2022-05-20 23:00:00,10.395764195733568,9.5999975,84.87948215257109,1903,125,376.8974358974359,249.6153846153846,78,5.0,24524,2022-05-20 23:00:00,2022-05-20 23:00:00,28.226025641029626,-95.49884713961154,,2022-05-20,19935,0 days 00:15:00,488,3,False,False,,,,Free
2022-05-20 23:15:00,2.354133327563402,9.6,4.352632422438211,1904,113,376.5,252.5,4,5.0,24551,2022-05-20 23:15:00,2022-05-20 23:15:00,28.230000000003983,-95.47000098658977,,2022-05-20,19935,0 days 00:30:00,488,3,False,False,,,,Free
2022-05-20 23:15:00,7.292942729010633,15.157893,41.77298283622828,1904,128,487.4341968960818,216.4564766786125,38,5.0,24564,2022-05-20 23:15:00,2022-05-20 23:15:00,27.12065803104299,-95.83043620950376,,2022-05-20,19996,0 days 00:00:00,489,3,False,False,,,,Free
2022-05-20 23:30:00,11.033626110849342,20.30345,95.6150833183074,1905,140,485.9482035734166,219.38338324350025,88,5.0,24589,2022-05-20 23:30:00,2022-05-20 23:30:00,27.13551796426965,-95.8011671446913,,2022-05-20,19996,0 days 00:15:00,489,3,False,False,,,,Free
2022-05-20 23:45:00,4.097696510427401,12.800002,13.18771221095045,1906,250,484.3706721082426,224.8167006036797,13,5.0,24641,2022-05-20 23:45:00,2022-05-20 23:45:00,27.151293278921383,-95.7468339726421,,2022-05-20,19996,0 days 00:30:00,489,3,False,False,,,,Free
2022-05-20 23:45:00,1.6739229052377038,9.6,2.200699706717217,1906,261,498.5,30.0,2,5.0,24649,2022-05-20 23:45:00,2022-05-20 23:45:00,27.010000000003792,-97.69500092300792,,2022-05-20,20073,0 days 00:00:00,490,3,False,False,,,,Free
2022-05-21 00:00:00,5.430260597724056,24.0,23.159609109790843,1907,143,46.47846889574447,9.0933014456899,22,5.0,24651,2022-05-21 00:00:00,2022-05-21 00:00:00,31.53021531104705,-97.90406790257668,,2022-05-21,20075,0 days 00:00:00,491,4,False,False,,,,Free
2022-05-21 00:00:00,8.452509065791661,11.670588,56.112700711122606,1907,183,497.5752718926924,34.68918145817066,53,5.0,24685,2022-05-21 00:00:00,2022-05-21 00:00:00,27.01924728107687,-97.6481091097662,,2022-05-21,20073,0 days 00:15:00,490,3,False,False,,,,Free
2022-05-21 00:15:00,7.677172081272592,16.8,46.29055970589635,1908,122,43.34752290237834,10.525321073036848,70,5.0,24689,2022-05-21 00:15:00,2022-05-21 00:15:00,31.56152477098072,-97.88974770671246,,2022-05-21,20075,0 days 00:15:00,491,4,False,False,,,,Free
2022-05-21 00:15:00,9.97285590053342,11.763379,78.11401650542652,1908,152,497.2415660054095,41.51187003703858,71,5.0,24712,2022-05-21 00:15:00,2022-05-21 00:15:00,27.0225843399497,-97.57988222592718,,2022-05-21,20073,0 days 00:30:00,490,3,False,False,,,,Free
2022-05-21 00:30:00,10.544617017328818,32.96386,87.32759558239142,1909,107,42.10624729409302,12.159672554089063,83,5.0,24720,2022-05-21 00:30:00,2022-05-21 00:30:00,31.57393752706357,-97.87340419236892,,2022-05-21,20075,0 days 00:30:00,491,4,False,False,,,,Free
2022-05-21 00:45:00,9.331247521746835,25.698462,68.38633050013988,1910,125,41.36450124182724,13.972796176799063,65,5.0,24748,2022-05-21 00:45:00,2022-05-21 00:45:00,31.581354987586234,-97.85527295665996,,2022-05-21,20075,0 days 00:45:00,491,4,False,False,,,,Free
2022-05-21 02:00:00,11.95053513282681,10.541175,112.1668664403868,1915,94,491.4564763264149,134.8286908181127,104,5.0,24902,2022-05-21 02:00:00,2022-05-21 02:00:00,27.080435236739653,-96.64671404478275,,2022-05-21,20300,0 days 00:00:00,492,3,False,False,,,,Free
2022-05-21 02:15:00,7.848412612238405,9.6,48.378626619514336,1916,86,489.9772727272728,136.13636363636363,44,5.0,24922,2022-05-21 02:15:00,2022-05-21 02:15:00,27.09522727273108,-96.63363731697392,,2022-05-21,20300,0 days 00:15:00,492,3,False,False,,,,Free
2022-05-21 02:30:00,7.936728013243195,10.026668,49.473527441610926,1917,48,488.8188908157039,139.79896013972237,46,5.0,24932,2022-05-21 02:30:00,2022-05-21 02:30:00,27.106811091846765,-96.59701135298695,,2022-05-21,20300,0 days 00:30:00,492,3,False,False,,,,Free
2022-05-21 14:30:00,2.0165000088120406,12.8,3.193642784936244,1964,119,153.0,499.0,3,5.0,25281,2022-05-21 14:30:00,2022-05-21 14:30:00,30.46500000000433,-93.0050010570298,,2022-05-21,20605,0 days 00:00:00,498,3,False,False,,,,Free
2022-05-21 14:45:00,4.938197519912616,24.533333,19.15255840623723,1965,122,149.70364044387105,498.655290084504,18,5.0,25303,2022-05-21 14:45:00,2022-05-21 14:45:00,30.497963595565626,-93.00844815608627,,2022-05-21,20605,0 days 00:15:00,498,3,False,False,,,,Free
2022-05-21 15:00:00,2.0137269006667635,9.6,3.184864974730612,1966,138,126.33333333333331,444.3333333333333,3,5.0,25324,2022-05-21 15:00:00,2022-05-21 15:00:00,30.73166666667104,-93.55166770807487,,2022-05-21,20629,0 days 00:00:00,499,4,False,False,,,,Free
2022-05-21 15:00:00,3.679942835915457,11.5199995,10.635845651826862,1966,140,144.58282207422394,498.57668711118026,10,5.0,25326,2022-05-21 15:00:00,2022-05-21 15:00:00,30.549171779262103,-93.00923418579704,,2022-05-21,20605,0 days 00:30:00,498,3,False,False,,,,Free
2022-05-21 15:15:00,5.574452392348936,20.869566,24.405870523781417,1967,182,121.58136986607748,445.8043835624599,23,5.0,25356,2022-05-21 15:15:00,2022-05-21 15:15:00,30.779186301343604,-93.53695720620397,,2022-05-21,20629,0 days 00:15:00,499,4,False,False,,,,Free
2022-05-21 15:15:00,1.6480658775733883,9.6,2.133236552424786,1967,198,172.0,417.5,2,5.0,25370,2022-05-21 15:15:00,2022-05-21 15:15:00,30.2750000000043,-93.82000103374024,,2022-05-21,20666,0 days 00:00:00,500,4,False,False,,,,Free
2022-05-21 15:30:00,6.127363836170397,25.37143,29.48745013148188,1968,158,50.05855540303641,480.7093267895941,28,5.0,25388,2022-05-21 15:30:00,2022-05-21 15:30:00,31.49441444597413,-93.18790778390712,,2022-05-21,20681,0 days 00:00:00,501,3,False,False,,,,Free
2022-05-21 15:30:00,6.972855259191885,14.400001,38.18661670279269,1968,163,118.53191488941972,448.7263593479551,36,5.0,25393,2022-05-21 15:30:00,2022-05-21 15:30:00,30.809680851110187,-93.507737449184,,2022-05-21,20629,0 days 00:30:00,499,4,False,False,,,,Free
2022-05-21 15:30:00,5.07873972200614,20.210527,20.258243839927346,1968,173,167.8456747473126,418.19792387422217,19,5.0,25403,2022-05-21 15:30:00,2022-05-21 15:30:00,30.316543252531183,-93.81302179519751,,2022-05-21,20666,0 days 00:15:00,500,4,False,False,,,,Free
2022-05-21 15:30:00,3.0875809227026725,10.971428,7.487323177839571,1968,193,199.7799043040368,399.3301435439448,7,5.0,25418,2022-05-21 15:30:00,2022-05-21 15:30:00,29.99720095696389,-94.00169959310858,,2022-05-21,20699,0 days 00:00:00,502,4,False,False,,,,Free
2022-05-21 15:45:00,3.0593276492691133,17.828571,7.350922852093221,1969,143,23.73942093281025,405.5768374186098,7,5.0,25427,2022-05-21 15:45:00,2022-05-21 15:45:00,31.75760579067643,-93.939232656147,,2022-05-21,20707,0 days 00:00:00,503,3,False,False,,,,Free
2022-05-21 15:45:00,9.188685926610033,30.019049,66.31269772212686,1969,147,45.39703083283292,481.9429006527186,63,5.0,25430,2022-05-21 15:45:00,2022-05-21 15:45:00,31.54102969167617,-93.17557204562836,,2022-05-21,20681,0 days 00:15:00,501,3,False,False,,,,Free
2022-05-21 15:45:00,6.775480539312141,23.717646,36.05538072425039,1969,161,115.7539283468009,453.4981143983309,34,5.0,25441,2022-05-21 15:45:00,2022-05-21 15:45:00,30.83746071653638,-93.46001990004385,,2022-05-21,20629,0 days 00:45:00,499,4,False,False,,,,Free
2022-05-21 15:45:00,4.659903714102176,11.4,17.054687560163686,1969,165,165.77929686826974,420.2207031317303,16,5.0,25445,2022-05-21 15:45:00,2022-05-21 15:45:00,30.33720703132161,-93.79279400320048,,2022-05-21,20666,0 days 00:30:00,500,4,False,False,,,,Free
2022-05-21 15:45:00,6.173871881423225,17.828573,29.93678146884508,1969,174,195.6325167028401,399.18151447933474,28,5.0,25452,2022-05-21 15:45:00,2022-05-21 15:45:00,30.038674832975865,-94.0031858837122,,2022-05-21,20699,0 days 00:15:00,502,4,False,False,,,,Free
2022-05-21 16:00:00,11.846376029108928,24.137142,110.2201275504972,1970,190,20.660296570167727,408.1547725578244,105,5.0,25461,2022-05-21 16:00:00,2022-05-21 16:00:00,31.78839703430286,-93.91345330549154,,2022-05-21,20707,0 days 00:15:00,503,3,False,False,,,,Free
2022-05-21 16:00:00,2.8329368009223943,9.599999,6.303237243302667,1970,195,27.166666666666668,441.8333333333333,6,5.0,25464,2022-05-21 16:00:00,2022-05-21 16:00:00,31.72333333333786,-93.57666770736046,,2022-05-21,20733,0 days 00:00:00,504,3,False,False,,,,Free
2022-05-21 16:00:00,7.933665249295342,19.812767,49.43535138234247,1970,197,38.49727089434319,482.384372327808,47,5.0,25466,2022-05-21 16:00:00,2022-05-21 16:00:00,31.61002729106108,-93.17115732900362,,2022-05-21,20681,0 days 00:30:00,501,3,False,False,,,,Free
2022-05-21 16:00:00,2.8531500470230235,11.2,6.393506410076761,1970,225,162.6290322539296,422.0,6,5.0,25492,2022-05-21 16:00:00,2022-05-21 16:00:00,30.36870967746502,-93.7750010350262,,2022-05-21,20666,0 days 00:45:00,500,4,False,False,,,,Free
2022-05-21 16:00:00,2.855840541799458,20.8,6.405570133216254,1970,229,180.4936708924429,469.9514767917633,6,5.0,25496,2022-05-21 16:00:00,2022-05-21 16:00:00,30.19006329107986,-93.29548628081125,,2022-05-21,20755,0 days 00:00:00,505,4,False,False,,,,Free
2022-05-21 16:00:00,7.094884627906915,15.827026,39.534891993776526,1970,230,189.6744882636527,397.89665501490657,37,5.0,25497,2022-05-21 16:00:00,2022-05-21 16:00:00,30.098255117367746,-94.01603447798936,,2022-05-21,20699,0 days 00:30:00,502,4,False,False,,,,Free
2022-05-21 16:15:00,,,,1971,209,17.0,412.0,8,5.0,25512,2022-05-21 16:15:00,2022-05-21 16:15:00,31.825000000004543,-93.8750010321686,,2022-05-21,20707,0 days 00:30:00,503,3,False,False,,,,Free
2022-05-21 16:15:00,8.57553263334216,30.89454,57.75799239789775,1971,210,23.21668534345577,443.8807390698133,56,5.0,25513,2022-05-21 16:15:00,2022-05-21 16:15:00,31.76283314656997,-93.55619365058072,,2022-05-21,20733,0 days 00:15:00,504,3,False,False,,,,Free
2022-05-21 16:15:00,9.75380146200467,40.45714,74.72014465274336,1971,256,177.89311091732313,470.9870679451095,73,5.0,25545,2022-05-21 16:15:00,2022-05-21 16:15:00,30.21606889083106,-93.28513036957372,,2022-05-21,20755,0 days 00:15:00,505,4,False,False,,,,Free
2022-05-21 16:15:00,3.085174503300188,9.599999,7.475656686262753,1971,258,184.125,396.25,8,5.0,25547,2022-05-21 16:15:00,2022-05-21 16:15:00,30.153750000004283,-94.03250102766788,,2022-05-21,20699,0 days 00:45:00,502,4,False,False,,,,Free
2022-05-21 16:15:00,7.572319253624985,30.628569,45.03474551659997,1971,269,224.45261985065056,478.0033444747723,42,5.0,25557,2022-05-21 16:15:00,2022-05-21 16:15:00,29.750473801497712,-93.21496760628207,,2022-05-21,20800,0 days 00:00:00,506,3,False,False,,,,Free
2022-05-21 16:30:00,10.405872823363753,17.65926,85.04463253891733,1972,158,21.618880440171548,445.0454456850281,81,5.0,25563,2022-05-21 16:30:00,2022-05-21 16:30:00,31.77881119560282,-93.5445465847614,,2022-05-21,20733,0 days 00:30:00,504,3,False,False,,,,Free
2022-05-21 16:30:00,9.048994991239248,31.84,64.31178696111354,1972,201,220.20702932955552,475.8650025265677,60,5.0,25602,2022-05-21 16:30:00,2022-05-21 16:30:00,29.79292970670867,-93.23635102515306,,2022-05-21,20800,0 days 00:15:00,506,3,False,False,,,,Free
2022-05-21 16:45:00,9.248579284272676,20.571426,67.1799891317933,1973,196,169.78103975212665,473.83873597689046,63,5.0,25637,2022-05-21 16:45:00,2022-05-21 16:45:00,30.29718960248304,-93.25661369007076,,2022-05-21,20755,0 days 00:45:00,505,4,False,False,,,,Free
2022-05-21 16:45:00,6.90972849580192,19.199999,37.49832314203531,1973,209,216.4619718261212,474.4993963836749,35,5.0,25649,2022-05-21 16:45:00,2022-05-21 16:45:00,29.83038028174301,-93.25000708619172,,2022-05-21,20800,0 days 00:30:00,506,3,False,False,,,,Free
2022-05-21 17:00:00,6.115912660582137,14.400002,29.377337380491973,1974,194,15.030395142174642,481.0569908779898,28,5.0,25653,2022-05-21 17:00:00,2022-05-21 17:00:00,31.8446960485828,-93.18443114312248,,2022-05-21,20875,0 days 00:00:00,508,3,False,False,,,,Free
2022-05-21 17:00:00,6.246170342152075,23.172413,30.642029698579083,1974,213,80.86072106787923,435.02770397740267,29,5.0,25671,2022-05-21 17:00:00,2022-05-21 17:00:00,31.18639278932565,-93.644723998975,,2022-05-21,20893,0 days 00:00:00,509,3,False,False,,,,Free
2022-05-21 17:00:00,1.6476877660525877,9.6,2.132257818746957,1974,235,167.5,476.0,2,5.0,25688,2022-05-21 17:00:00,2022-05-21 17:00:00,30.320000000004303,-93.2350010504573,,2022-05-21,20755,0 days 01:00:00,505,4,False,False,,,,Free
2022-05-21 17:15:00,9.4590428284812,26.507463,70.27231568561778,1975,161,12.43775155326871,483.3049271441286,67,5.0,25708,2022-05-21 17:15:00,2022-05-21 17:15:00,31.870622484471863,-93.16195178110348,,2022-05-21,20875,0 days 00:15:00,508,3,False,False,,,,Free
2022-05-21 17:15:00,8.90766147474993,49.3017,62.31854271008238,1975,174,77.68283725199021,436.60234140825446,59,5.0,25720,2022-05-21 17:15:00,2022-05-21 17:15:00,31.218171627484548,-93.62897762511642,,2022-05-21,20893,0 days 00:15:00,509,3,False,False,,,,Free
2022-05-21 17:30:00,5.294852798126164,9.600001,22.019003627205063,1976,122,9.428571428571429,486.0952380952381,21,5.0,25752,2022-05-21 17:30:00,2022-05-21 17:30:00,31.90071428571884,-93.13404867238972,,2022-05-21,20875,0 days 00:30:00,508,3,False,False,,,,Free
2022-05-21 17:30:00,7.424540621081597,18.965855,43.2941339766168,1976,130,75.37338455806628,438.2972406662537,41,5.0,25758,2022-05-21 17:30:00,2022-05-21 17:30:00,31.24126615442379,-93.61202863302076,,2022-05-21,20893,0 days 00:30:00,509,3,False,False,,,,Free
2022-05-21 17:45:00,7.503755119612403,18.514286,44.22289672664951,1977,93,48.65539110939614,465.9231853615852,42,5.0,25786,2022-05-21 17:45:00,2022-05-21 17:45:00,31.50844608891053,-93.33576919396188,,2022-05-21,20969,0 days 00:00:00,510,3,False,False,,,,Free
2022-05-21 18:00:00,9.041748946837195,19.67213,64.20883199526799,1978,123,45.31961955412143,471.6261889458426,63,5.0,25811,2022-05-21 18:00:00,2022-05-21 18:00:00,31.541803804463285,-93.27873915974902,,2022-05-21,20969,0 days 00:15:00,510,3,False,False,,,,Free
2022-05-21 18:15:00,2.315084694679262,9.6,4.2094334610483575,1979,125,43.25,475.0,4,5.0,25836,2022-05-21 18:15:00,2022-05-21 18:15:00,31.5625000000045,-93.24500105017154,,2022-05-21,20969,0 days 00:30:00,510,3,False,False,,,,Free
2022-05-21 19:00:00,11.84359359802358,25.16505,110.16835747457232,1982,234,199.09041122374947,398.3509800153282,104,5.0,25952,2022-05-21 19:00:00,2022-05-21 19:00:00,30.004095887766763,-94.01149122811496,,2022-05-21,21101,0 days 00:00:00,512,3,False,False,,,,Free
2022-05-21 19:15:00,9.185111003758273,30.967741,66.26110891718314,1983,215,192.840387805129,394.7300238331998,112,5.0,25993,2022-05-21 19:15:00,2022-05-21 19:15:00,30.06659612195298,-94.04770078890152,,2022-05-21,21101,0 days 00:15:00,512,3,False,False,,,,Free
2022-05-21 19:30:00,10.234862087554571,22.316883,82.27234410399238,1984,252,188.5020249192642,391.7258137211084,77,5.0,26030,2022-05-21 19:30:00,2022-05-21 19:30:00,30.109979750811632,-94.07774288916391,,2022-05-21,21101,0 days 00:30:00,512,3,False,False,,,,Free
2022-05-21 19:30:00,2.6129738538806087,13.44,5.362409916732399,1984,273,226.4454976292608,285.89099525852146,5,5.0,26047,2022-05-21 19:30:00,2022-05-21 19:30:00,29.73054502371161,-95.13609104354634,,2022-05-21,21182,0 days 00:00:00,513,3,False,False,,,,Free
2022-05-21 19:30:00,1.1699261165761567,9.6,1.0749957648634498,1984,283,249.5,297.5,2,5.0,26055,2022-05-21 19:30:00,2022-05-21 19:30:00,29.50000000000417,-95.02000099944894,,2022-05-21,21190,0 days 00:00:00,515,3,False,False,,,,Free
2022-05-21 19:45:00,2.6125308122913906,11.5199995,5.360591628962951,1985,204,223.0,283.8588957037268,5,5.0,26085,2022-05-21 19:45:00,2022-05-21 19:45:00,29.76500000000422,-95.15641203851362,,2022-05-21,21182,0 days 00:15:00,513,3,False,False,,,,Free
2022-05-21 20:00:00,2.3364269213490685,9.6,4.287402776152502,1986,293,220.5,282.0,4,5.0,26136,2022-05-21 20:00:00,2022-05-21 20:00:00,29.790000000004227,-95.17500099501969,,2022-05-21,21182,0 days 00:30:00,513,3,False,False,,,,Free
2022-05-21 20:00:00,1.654075738448619,14.400001,2.148823102327876,1986,308,243.5889570372676,295.42331288881974,5,5.0,26147,2022-05-21 20:00:00,2022-05-21 20:00:00,29.55911042963152,-95.04076786996734,,2022-05-21,21190,0 days 00:30:00,515,3,False,False,,,,Free
2022-05-21 20:15:00,2.8596641665276987,11.2,6.422734181589952,1987,239,207.88709676178885,400.2580645078592,6,5.0,26186,2022-05-21 20:15:00,2022-05-21 20:15:00,29.91612903238636,-93.9924203837346,,2022-05-21,21300,0 days 00:00:00,516,3,False,False,,,,Free
2022-05-21 20:15:00,3.0934522108409643,15.085714,7.5158257692564225,1987,252,238.1416430510714,290.467422095552,7,5.0,26198,2022-05-21 20:15:00,2022-05-21 20:15:00,29.61358356949348,-95.09032677648383,,2022-05-21,21190,0 days 00:45:00,515,3,False,False,,,,Free
2022-05-21 20:15:00,1.6553406420838397,14.400001,2.1521108519328136,1987,257,260.0,268.7553191435396,2,5.0,26201,2022-05-21 20:15:00,2022-05-21 20:15:00,29.395000000004163,-95.30744779979948,,2022-05-21,21311,0 days 00:00:00,517,3,False,False,,,,Free
2022-05-21 20:30:00,3.301869152320936,9.6,8.562677733447474,1988,245,206.66666666666663,399.6666666666667,9,5.0,26230,2022-05-21 20:30:00,2022-05-21 20:30:00,29.92833333333758,-93.99833436197753,,2022-05-21,21300,0 days 00:15:00,516,3,False,False,,,,Free
2022-05-21 20:30:00,1.6551778236383907,9.6,2.151687511743257,1988,263,258.3333333333333,265.0,3,5.0,26244,2022-05-21 20:30:00,2022-05-21 20:30:00,29.41166666667084,-95.34500099016174,,2022-05-21,21311,0 days 00:15:00,517,3,False,False,,,,Free
2022-05-21 20:45:00,5.220824942647457,13.440001,21.407608014122243,1989,206,207.22145328186863,400.3252595146194,21,5.0,26273,2022-05-21 20:45:00,2022-05-21 20:45:00,29.92278546718556,-93.9917484336862,,2022-05-21,21300,0 days 00:30:00,516,3,False,False,,,,Free
2022-05-21 20:45:00,3.095922484847616,16.457144,7.527834076327474,1989,217,254.30174562820025,262.3541147120308,7,5.0,26284,2022-05-21 20:45:00,2022-05-21 20:45:00,29.45198254372217,-95.37145984228532,,2022-05-21,21311,0 days 00:30:00,517,3,False,False,,,,Free
2022-05-21 22:45:00,2.0321782256956693,9.6,3.243496762308461,1997,320,308.5,194.25,4,5.0,26548,2022-05-21 22:45:00,2022-05-21 22:45:00,28.91000000000409,-96.05250096994416,,2022-05-21,21616,0 days 00:00:00,519,3,False,False,,,,Free
2022-05-21 22:45:00,2.347779920114948,9.6,4.329170089075011,1997,322,319.5,476.5,4,5.0,26550,2022-05-21 22:45:00,2022-05-21 22:45:00,28.80000000000407,-93.2300010506002,,2022-05-21,21618,0 days 00:00:00,520,4,False,False,,,,Free
2022-05-21 23:00:00,1.64861098074844,9.6,2.134647935718701,1998,327,178.5,441.0,2,5.0,26580,2022-05-21 23:00:00,2022-05-21 23:00:00,30.210000000004293,-93.58500104045568,,2022-05-21,21647,0 days 00:00:00,521,3,False,False,,,,Free
2022-05-21 23:00:00,15.475122778721284,61.275436,188.0867005794348,1998,355,249.9705464162417,496.3984654200341,176,5.0,26598,2022-05-21 23:00:00,2022-05-21 23:00:00,29.49529453584176,-93.03101640208604,,2022-05-21,21661,0 days 00:00:00,522,3,False,False,,,,Free
2022-05-21 23:00:00,2.343012910545223,9.6,4.311607758085672,1998,371,277.5,480.5,4,5.0,26609,2022-05-21 23:00:00,2022-05-21 23:00:00,29.22000000000413,-93.19000105174324,,2022-05-21,21669,0 days 00:00:00,523,3,False,False,,,,Free
2022-05-21 23:00:00,2.346198993946077,9.6,4.323341779600922,1998,379,305.5,189.5,4,5.0,26615,2022-05-21 23:00:00,2022-05-21 23:00:00,28.94000000000409,-96.10000096858676,,2022-05-21,21616,0 days 00:15:00,519,3,False,False,,,,Free
2022-05-21 23:00:00,6.9430017328097335,17.279999,37.8603329288094,1998,382,314.16705444168684,469.3150302503124,35,5.0,26618,2022-05-21 23:00:00,2022-05-21 23:00:00,28.85332945558721,-93.3018507460439,,2022-05-21,21618,0 days 00:15:00,520,4,False,False,,,,Free
2022-05-21 23:15:00,4.805227418185622,29.364704,18.13500895095564,1999,269,173.73400528058897,436.7734443720013,22,5.0,26646,2022-05-21 23:15:00,2022-05-21 23:15:00,30.25765994719841,-93.62726659552789,,2022-05-21,21647,0 days 00:15:00,521,3,False,False,,,,Free
2022-05-21 23:15:00,8.083789252612714,21.4,51.32392325612954,1999,280,201.0348177817452,304.1998650333392,78,5.0,26653,2022-05-21 23:15:00,2022-05-21 23:15:00,29.984651822186805,-94.95300235103014,,2022-05-21,21706,0 days 00:00:00,525,4,False,False,,,,Free
2022-05-21 23:15:00,26.259936864711594,60.304764,541.5982302702313,1999,295,242.7909492001382,491.67256470665313,504,5.0,26665,2022-05-21 23:15:00,2022-05-21 23:15:00,29.56709050800281,-93.0782754078694,,2022-05-21,21661,0 days 00:15:00,522,3,False,False,,,,Free
2022-05-21 23:15:00,2.338173102898817,9.6,4.293813745988107,1999,297,235.5,341.5,4,5.0,26666,2022-05-21 23:15:00,2022-05-21 23:15:00,29.6400000000042,-94.58000101202242,,2022-05-21,21717,0 days 00:00:00,527,4,False,False,,,,Free
2022-05-21 23:15:00,2.031557279580249,9.6,3.241514919389325,1999,310,302.0,187.0,4,5.0,26675,2022-05-21 23:15:00,2022-05-21 23:15:00,28.975000000004098,-96.12500096787238,,2022-05-21,21616,0 days 00:30:00,519,3,False,False,,,,Free
2022-05-21 23:15:00,5.114246235444069,9.600001,20.542493095589684,1999,313,308.8421052631579,462.2631578947368,19,5.0,26678,2022-05-21 23:15:00,2022-05-21 23:15:00,28.90657894737251,-93.37236946758446,,2022-05-21,21618,0 days 00:30:00,520,4,False,False,,,,Free
2022-05-21 23:15:00,3.105043221558455,9.599999,7.57225413521972,1999,315,314.2857142857143,460.4285714285714,7,5.0,26680,2022-05-21 23:15:00,2022-05-21 23:15:00,28.852142857146937,-93.39071533172188,,2022-05-21,21726,0 days 00:00:00,528,3,False,False,,,,Free
2022-05-21 23:15:00,3.320481170528225,9.6,8.659482223453752,1999,316,320.875,461.875,8,5.0,26681,2022-05-21 23:15:00,2022-05-21 23:15:00,28.786250000004067,-93.37625104642092,,2022-05-21,21727,0 days 00:00:00,529,5,False,False,,,,Free
2022-05-21 23:30:00,7.368354122655216,14.88,42.64134168731237,2000,346,167.53786026244816,433.7503663749085,41,5.0,26710,2022-05-21 23:30:00,2022-05-21 23:30:00,30.319621397379827,-93.65749737463494,,2022-05-21,21647,0 days 00:30:00,521,3,False,False,,,,Free
2022-05-21 23:30:00,12.565519891905984,22.34483,124.00831470147828,2000,357,194.4804174865564,298.4272365951174,116,5.0,26720,2022-05-21 23:30:00,2022-05-21 23:30:00,30.0501958251387,-95.01072863376277,,2022-05-21,21706,0 days 00:15:00,525,4,False,False,,,,Free
2022-05-21 23:30:00,,,,2000,360,197.0352100839808,387.9321144683551,88,5.0,26722,2022-05-21 23:30:00,2022-05-21 23:30:00,30.024647899164453,-94.1156798806074,,2022-05-21,21761,0 days 00:00:00,530,4,False,False,,,,Free
2022-05-21 23:30:00,26.27376669148343,35.33941,542.1688471842826,2000,380,233.96773148907027,487.1240225816898,505,5.0,26738,2022-05-21 23:30:00,2022-05-21 23:30:00,29.6553226851135,-93.12376082781924,,2022-05-21,21661,0 days 00:30:00,522,3,False,False,,,,Free
2022-05-21 23:30:00,1.6527626657452017,9.6,2.145412809849045,2000,382,228.5,338.0,2,5.0,26740,2022-05-21 23:30:00,2022-05-21 23:30:00,29.71000000000421,-94.61500101102229,,2022-05-21,21717,0 days 00:15:00,527,4,False,False,,,,Free
2022-05-21 23:30:00,,,,2000,395,263.9243730530747,464.89263324575313,88,5.0,26748,2022-05-21 23:30:00,2022-05-21 23:30:00,29.35575626947341,-93.3460747148257,,2022-05-21,21669,0 days 00:30:00,523,3,False,False,,,,Free
2022-05-21 23:30:00,3.710256674102861,9.6,10.811794720519927,2000,410,308.8,453.1,10,5.0,26759,2022-05-21 23:30:00,2022-05-21 23:30:00,28.90700000000409,-93.46400104391336,,2022-05-21,21726,0 days 00:15:00,528,3,False,False,,,,Free
2022-05-21 23:30:00,6.74247874404246,10.181819,35.70500131090446,2000,411,316.57426899893375,452.32982455572864,33,5.0,26760,2022-05-21 23:30:00,2022-05-21 23:30:00,28.829257310014736,-93.471702798136,,2022-05-21,21727,0 days 00:15:00,529,5,False,False,,,,Free
2022-05-21 23:45:00,16.539644727369865,68.0597,214.85340196884547,2001,545,192.5749743858167,385.5914477404741,201,5.0,26816,2022-05-21 23:45:00,2022-05-21 23:45:00,30.069250256146105,-94.13908654721736,,2022-05-21,21761,0 days 00:15:00,530,4,False,False,,,,Free
2022-05-21 23:45:00,10.940954581459112,31.309093,94.01568436083248,2001,546,188.2441257741964,294.0283344877054,88,5.0,26817,2022-05-21 23:45:00,2022-05-21 23:45:00,30.112558742262312,-95.05471765357989,,2022-05-21,21706,0 days 00:30:00,525,4,False,False,,,,Free
2022-05-21 23:45:00,7.924137472588241,16.904345,49.31668588532416,2001,578,223.3970051040556,332.98173849628245,46,5.0,26846,2022-05-21 23:45:00,2022-05-21 23:45:00,29.761029948963664,-94.66518362462546,,2022-05-21,21717,0 days 00:30:00,527,4,False,False,,,,Free
2022-05-21 23:45:00,2.866499283714853,9.599999,6.453473878905391,2001,598,255.5,459.5,6,5.0,26864,2022-05-21 23:45:00,2022-05-21 23:45:00,29.44000000000417,-93.4000010457422,,2022-05-21,21669,0 days 00:45:00,523,3,False,False,,,,Free
2022-05-21 23:45:00,3.316522885758705,9.6,8.638848908866661,2001,612,296.125,449.375,8,5.0,26875,2022-05-21 23:45:00,2022-05-21 23:45:00,29.033750000004108,-93.50125104284892,,2022-05-21,21618,0 days 01:00:00,520,4,False,False,,,,Free
2022-05-21 23:45:00,1.6588129990298237,9.6,2.161149154633483,2001,616,303.0,446.5,2,5.0,26878,2022-05-21 23:45:00,2022-05-21 23:45:00,28.965000000004096,-93.53000104202738,,2022-05-21,21726,0 days 00:30:00,528,3,False,False,,,,Free
2022-05-21 23:45:00,5.377217832822238,10.97143,22.709372907229152,2001,619,310.4892307802911,441.8015384819663,22,5.0,26881,2022-05-21 23:45:00,2022-05-21 23:45:00,28.890107692201173,-93.57698565586504,,2022-05-21,21727,0 days 00:30:00,529,5,False,False,,,,Free
2022-05-22 00:00:00,19.93246987965964,48.197258,312.0413257241229,2002,565,189.02292767689107,384.1320162895991,292,5.0,26922,2022-05-22 00:00:00,2022-05-22 00:00:00,30.104770723235365,-94.153680861309,,2022-05-22,21761,0 days 00:30:00,530,4,False,False,,,,Free
2022-05-22 00:00:00,8.342397689004725,20.894117,54.66025579341196,2002,603,219.99631991931892,329.86555445675816,52,5.0,26955,2022-05-22 00:00:00,2022-05-22 00:00:00,29.79503680081104,-94.69634546413022,,2022-05-22,21717,0 days 00:45:00,527,4,False,False,,,,Free
2022-05-22 00:00:00,4.04959989699171,13.600001,12.87994815549525,2002,623,234.45736433821983,386.8178294577225,12,5.0,26970,2022-05-22 00:00:00,2022-05-22 00:00:00,29.65042635662201,-94.1268227303953,,2022-05-22,21968,0 days 00:00:00,533,3,False,False,,,,Free
2022-05-22 00:00:00,9.296997064215091,30.019047,67.8852261300151,2002,637,275.5340692581621,239.46529626346083,63,5.0,26978,2022-05-22 00:00:00,2022-05-22 00:00:00,29.23965930742252,-95.60034802023029,,2022-05-22,21976,0 days 00:00:00,534,3,False,False,,,,Free
2022-05-22 00:00:00,6.526580936230564,12.387098,33.45502336406647,2002,645,290.3406113393451,229.13799125051764,31,5.0,26985,2022-05-22 00:00:00,2022-05-22 00:00:00,29.091593886610664,-95.70362106740862,,2022-05-22,21983,0 days 00:00:00,535,4,False,False,,,,Free
2022-05-22 00:00:00,2.8734951850983457,9.599999,6.485012669395883,2002,651,305.125,432.375,8,5.0,26991,2022-05-22 00:00:00,2022-05-22 00:00:00,28.94375000000409,-93.671251037991,,2022-05-22,21727,0 days 00:45:00,529,5,False,False,,,,Free
2022-05-22 00:15:00,4.802949815559925,10.729412,18.117821604092097,2003,575,164.04722792648013,369.13757700748187,17,5.0,27029,2022-05-22 00:15:00,2022-05-22 00:15:00,30.35452772073951,-94.30362524984535,,2022-05-22,22021,0 days 00:00:00,536,3,False,False,,,,Free
2022-05-22 00:15:00,13.838298316808114,34.995747,150.4025704328925,2003,578,173.32486876210316,288.7496098793644,141,5.0,27032,2022-05-22 00:15:00,2022-05-22 00:15:00,30.261751312383268,-95.1075048981548,,2022-05-22,21706,0 days 01:00:00,525,4,False,False,,,,Free
2022-05-22 00:15:00,7.988741099957127,24.306381,50.124098506081936,2003,582,170.8986841959361,256.33596491385475,48,5.0,27035,2022-05-22 00:15:00,2022-05-22 00:15:00,30.28601315804494,-95.43164133854737,,2022-05-22,22026,0 days 00:00:00,537,3,False,False,,,,Free
2022-05-22 00:15:00,11.554271260879275,43.102047,104.85158501556704,2003,604,202.9642206462828,273.8056239987844,98,5.0,27055,2022-05-22 00:15:00,2022-05-22 00:15:00,29.965357793541425,-95.25694475269016,,2022-05-22,22038,0 days 00:00:00,538,3,False,False,,,,Free
2022-05-22 00:15:00,9.637129432462896,32.188236,72.94327613533297,2003,639,228.7110557878225,384.119645165606,68,5.0,27083,2022-05-22 00:15:00,2022-05-22 00:15:00,29.70788944212599,-94.15380457254544,,2022-05-22,21968,0 days 00:15:00,533,3,False,False,,,,Free
2022-05-22 00:15:00,5.72689236318166,38.8,25.75893615234072,2003,648,233.8641518908951,225.2053747573392,24,5.0,27090,2022-05-22 00:15:00,2022-05-22 00:15:00,29.656358481095253,-95.7429472312166,,2022-05-22,22067,0 days 00:00:00,539,3,False,False,,,,Free
2022-05-22 00:15:00,5.240987667517973,16.320002,21.573278841876444,2003,678,284.7287985869445,225.31537102183248,20,5.0,27111,2022-05-22 00:15:00,2022-05-22 00:15:00,29.14771201413468,-95.74184726860308,,2022-05-22,21983,0 days 00:15:00,535,4,False,False,,,,Free
2022-05-22 00:15:00,7.229089204458422,12.378949,41.04469653185917,2003,683,299.88421049391025,420.9403508544152,39,5.0,27116,2022-05-22 00:15:00,2022-05-22 00:15:00,28.996157895065,-93.78559752617925,,2022-05-22,21727,0 days 01:00:00,529,5,False,False,,,,Free
2022-05-22 00:30:00,11.70739868518544,16.728712,107.64917296249332,2004,533,162.594572005927,370.6508628269284,103,5.0,27158,2022-05-22 00:30:00,2022-05-22 00:30:00,30.369054279945047,-94.28849239208336,,2022-05-22,22021,0 days 00:15:00,536,3,False,False,,,,Free
2022-05-22 00:30:00,3.8638923676445818,14.836365,11.725730865394588,2004,539,166.21996302881655,255.65249537860208,11,5.0,27163,2022-05-22 00:30:00,2022-05-22 00:30:00,30.332800369716143,-95.43847603370456,,2022-05-22,22026,0 days 00:15:00,537,3,False,False,,,,Free
2022-05-22 00:30:00,16.66216913988502,38.352947,218.0484274103221,2004,545,193.5692272796672,270.69079659555496,231,5.0,27166,2022-05-22 00:30:00,2022-05-22 00:30:00,30.0593077272076,-95.28809302583238,,2022-05-22,22038,0 days 00:15:00,538,3,False,False,,,,Free
2022-05-22 00:30:00,3.2980797652874814,9.6,8.543035113208992,2004,555,183.625,381.625,8,5.0,27174,2022-05-22 00:30:00,2022-05-22 00:30:00,30.15875000000428,-94.1787510234886,,2022-05-22,21761,0 days 01:00:00,530,4,False,False,,,,Free
2022-05-22 00:30:00,2.609335653821779,9.6,5.347487503399641,2004,565,198.6,238.2,5,5.0,27180,2022-05-22 00:30:00,2022-05-22 00:30:00,30.00900000000426,-95.61300098250337,,2022-05-22,22136,0 days 00:00:00,540,3,False,False,,,,Free
2022-05-22 00:30:00,4.671656290498955,13.200001,17.140822076098793,2004,582,215.283536587582,427.6432926824836,16,5.0,27190,2022-05-22 00:30:00,2022-05-22 00:30:00,29.84216463412841,-93.718568109814,,2022-05-22,22144,0 days 00:00:00,541,3,False,False,,,,Free
2022-05-22 00:30:00,15.008687146985798,25.83273,176.9193321143285,2004,583,224.03648107163875,380.1482515952838,165,5.0,27191,2022-05-22 00:30:00,2022-05-22 00:30:00,29.754635189287832,-94.19351850711377,,2022-05-22,21968,0 days 00:30:00,533,3,False,False,,,,Free
2022-05-22 00:30:00,17.5601025661748,22.997335,242.1831802268739,2004,605,264.52220080619696,232.03635107113325,225,5.0,27211,2022-05-22 00:30:00,2022-05-22 00:30:00,29.349777991942187,-95.67463747003067,,2022-05-22,21976,0 days 00:30:00,534,3,False,False,,,,Free
2022-05-22 00:30:00,6.730055612257084,13.672727,35.57354838008451,2004,621,277.7246680775403,219.4591195134116,33,5.0,27221,2022-05-22 00:30:00,2022-05-22 00:30:00,29.21775331922873,-95.8004097820138,,2022-05-22,21983,0 days 00:30:00,535,4,False,False,,,,Free
2022-05-22 00:30:00,3.3185064786000127,12.0,8.649185688621447,2004,634,308.84818481640434,200.93069306151625,9,5.0,27231,2022-05-22 00:30:00,2022-05-22 00:30:00,28.906518151840043,-95.98569404123803,,2022-05-22,22176,0 days 00:00:00,543,3,False,False,,,,Free
2022-05-22 00:45:00,7.637530873585216,24.55814,45.81374972696168,2005,634,161.2982497620726,374.55392619859913,44,5.0,27271,2022-05-22 00:45:00,2022-05-22 00:45:00,30.38201750238359,-94.24946175948196,,2022-05-22,22021,0 days 00:30:00,536,3,False,False,,,,Free
2022-05-22 00:45:00,7.458090169595611,23.414635,43.68628763363491,2005,635,161.74675497042088,256.1549668967026,41,5.0,27272,2022-05-22 00:45:00,2022-05-22 00:45:00,30.37753245030011,-95.43345131866715,,2022-05-22,22026,0 days 00:30:00,537,3,False,False,,,,Free
2022-05-22 00:45:00,18.06445365946817,29.4,256.2946519878548,2005,654,184.8017608936594,267.9112719013337,241,5.0,27284,2022-05-22 00:45:00,2022-05-22 00:45:00,30.146982391067688,-95.31588827198031,,2022-05-22,22038,0 days 00:30:00,538,3,False,False,,,,Free
2022-05-22 00:45:00,5.59582724769676,19.617395,24.59339463304113,2005,679,196.40630577253472,237.7204045190091,23,5.0,27302,2022-05-22 00:45:00,2022-05-22 00:45:00,30.03093694227892,-95.6177969371762,,2022-05-22,22136,0 days 00:15:00,540,3,False,False,,,,Free
2022-05-22 00:45:00,9.906877800654938,22.400002,77.08386702482154,2005,687,209.99313533254664,426.40054279961225,72,5.0,27308,2022-05-22 00:45:00,2022-05-22 00:45:00,29.895068646678777,-93.73099560828756,,2022-05-22,22144,0 days 00:15:00,541,3,False,False,,,,Free
2022-05-22 00:45:00,1.6527626657452017,9.6,2.145412809849045,2005,717,228.5,222.0,2,5.0,27333,2022-05-22 00:45:00,2022-05-22 00:45:00,29.71000000000421,-95.77500097787402,,2022-05-22,22067,0 days 00:30:00,539,3,False,False,,,,Free
2022-05-22 00:45:00,17.593985855309928,51.100887,243.1186963653668,2005,722,255.8650999120828,226.9152062174139,231,5.0,27338,2022-05-22 00:45:00,2022-05-22 00:45:00,29.436349000883343,-95.72584891710444,,2022-05-22,21976,0 days 00:45:00,534,3,False,False,,,,Free
2022-05-22 00:45:00,5.493314467481789,19.2,23.700570692627625,2005,731,271.8598687984196,215.60345854492567,27,5.0,27345,2022-05-22 00:45:00,2022-05-22 00:45:00,29.27640131201995,-95.83896639059684,,2022-05-22,21983,0 days 00:45:00,535,4,False,False,,,,Free
2022-05-22 00:45:00,6.531780268197122,15.483873,33.50834777982294,2005,753,305.9950769280609,198.77230768806413,31,5.0,27361,2022-05-22 00:45:00,2022-05-22 00:45:00,28.93504923072348,-96.0072778943558,,2022-05-22,22176,0 days 00:15:00,543,3,False,False,,,,Free
2022-05-22 01:00:00,5.472118546245343,19.636366,23.518026523744748,2006,649,193.85093167904216,237.64720496879693,22,5.0,27416,2022-05-22 01:00:00,2022-05-22 01:00:00,30.056490683213845,-95.6185289326574,,2022-05-22,22136,0 days 00:30:00,540,3,False,False,,,,Free
2022-05-22 01:00:00,3.301786205199454,9.6,8.562247528302317,2006,665,205.875,425.125,8,5.0,27429,2022-05-22 01:00:00,2022-05-22 01:00:00,29.936250000004247,-93.74375103591922,,2022-05-22,22144,0 days 00:30:00,541,3,False,False,,,,Free
2022-05-22 01:00:00,4.835954416545034,10.164707,18.36767889876203,2006,734,301.84282460062445,195.05239179979185,17,5.0,27480,2022-05-22 01:00:00,2022-05-22 01:00:00,28.97657175399785,-96.04447705217552,,2022-05-22,22176,0 days 00:30:00,543,3,False,False,,,,Free
2022-05-22 01:00:00,4.064095212444468,9.599999,12.972319281246952,2006,743,307.3333333333333,378.5,12,5.0,27489,2022-05-22 01:00:00,2022-05-22 01:00:00,28.92166666667076,-94.21000102259563,,2022-05-22,22392,0 days 00:00:00,545,3,False,False,,,,Free
2022-05-22 01:00:00,2.877677859913544,9.599999,6.50390564735332,2006,751,335.8333333333333,384.8333333333333,6,5.0,27494,2022-05-22 01:00:00,2022-05-22 01:00:00,28.63666666667072,-94.14666769107208,,2022-05-22,22397,0 days 00:00:00,546,3,False,False,,,,Free
2022-05-22 01:15:00,2.023084786794812,9.6,3.214534194672644,2007,611,217.75,222.0,4,5.0,27564,2022-05-22 01:15:00,2022-05-22 01:15:00,29.81750000000423,-95.77500097787402,,2022-05-22,22067,0 days 01:00:00,539,3,False,False,,,,Free
2022-05-22 01:15:00,10.619894425393344,38.517075,88.57889944814713,2007,675,299.9074370632791,373.6751564630481,82,5.0,27617,2022-05-22 01:15:00,2022-05-22 01:15:00,28.99592562937131,-94.25824945658638,,2022-05-22,22392,0 days 00:15:00,545,3,False,False,,,,Free
2022-05-22 01:15:00,8.867702383169123,16.673683,61.7606842967007,2007,690,330.5155224023081,380.6176119484557,58,5.0,27629,2022-05-22 01:15:00,2022-05-22 01:15:00,28.689844775980973,-94.18882490371618,,2022-05-22,22397,0 days 00:15:00,546,3,False,False,,,,Free
2022-05-22 01:30:00,17.805492913209317,39.141632,248.99916060044413,2008,626,194.0000502194937,341.9673915975545,233,5.0,27679,2022-05-22 01:30:00,2022-05-22 01:30:00,30.05499949780933,-94.57532709618044,,2022-05-22,22554,0 days 00:00:00,548,4,False,False,,,,Free
2022-05-22 01:30:00,10.998121828640867,19.418182,95.00072807021284,2008,713,293.82518913518766,369.7987074316218,88,5.0,27736,2022-05-22 01:30:00,2022-05-22 01:30:00,29.05674810865224,-94.29701394579293,,2022-05-22,22392,0 days 00:30:00,545,3,False,False,,,,Free
2022-05-22 01:30:00,8.135229706419969,18.2,51.97919170032058,2008,727,325.38099747362713,376.4469696944383,48,5.0,27748,2022-05-22 01:30:00,2022-05-22 01:30:00,28.74119002526779,-94.23053132506452,,2022-05-22,22397,0 days 00:30:00,546,3,False,False,,,,Free
2022-05-22 01:45:00,9.603080404759964,33.31765,72.42875360069546,2009,535,157.56896552941797,402.73660157328186,68,5.0,27786,2022-05-22 01:45:00,2022-05-22 01:45:00,30.419310344710144,-93.96763501378864,,2022-05-22,22642,0 days 00:00:00,550,4,False,False,,,,Free
2022-05-22 01:45:00,11.951975419539622,29.897144,112.19390492540224,2009,550,189.4055542724944,340.10481218606486,105,5.0,27794,2022-05-22 01:45:00,2022-05-22 01:45:00,30.10094445727933,-94.5939528897631,,2022-05-22,22554,0 days 00:15:00,548,4,False,False,,,,Free
2022-05-22 01:45:00,9.138957947103542,76.17049,65.59688842864165,2009,585,253.10494310633305,199.30570784443825,61,5.0,27820,2022-05-22 01:45:00,2022-05-22 01:45:00,29.463950568940845,-96.0019438929445,,2022-05-22,22667,0 days 00:00:00,551,3,False,False,,,,Free
2022-05-22 01:45:00,2.617554891790733,9.6,5.381229038847318,2009,598,261.8,186.4,5,5.0,27829,2022-05-22 01:45:00,2022-05-22 01:45:00,29.37700000000416,-96.13100096770091,,2022-05-22,22675,0 days 00:00:00,552,3,False,False,,,,Free
2022-05-22 02:00:00,15.790378822661586,23.269566,195.82808623417523,2010,559,150.8046168777897,402.4638267407872,184,5.0,27887,2022-05-22 02:00:00,2022-05-22 02:00:00,30.48695383122644,-93.97036276203568,,2022-05-22,22642,0 days 00:15:00,550,4,False,False,,,,Free
2022-05-22 02:00:00,6.596326736503217,15.0,34.173872932730575,2010,579,184.3795440514509,339.1811460185466,33,5.0,27897,2022-05-22 02:00:00,2022-05-22 02:00:00,30.151204559489774,-94.60318955117437,,2022-05-22,22554,0 days 00:30:00,548,4,False,False,,,,Free
2022-05-22 02:00:00,7.115793602665844,27.243244,39.76825790960826,2010,633,248.3120291640138,200.2381531188363,37,5.0,27936,2022-05-22 02:00:00,2022-05-22 02:00:00,29.511879708364045,-95.99261944046695,,2022-05-22,22667,0 days 00:15:00,551,3,False,False,,,,Free
2022-05-22 02:00:00,5.733903722635742,24.0,25.822047419438785,2010,642,258.3609649318279,187.11271929829147,24,5.0,27941,2022-05-22 02:00:00,2022-05-22 02:00:00,29.41139035068589,-96.12387377492166,,2022-05-22,22675,0 days 00:15:00,552,3,False,False,,,,Free
2022-05-22 02:15:00,2.8503442162510955,9.599999,6.380937652078646,2011,607,143.33333333333334,402.6666666666667,6,5.0,28007,2022-05-22 02:15:00,2022-05-22 02:15:00,30.56166666667101,-93.9683343628348,,2022-05-22,22642,0 days 00:30:00,550,4,False,False,,,,Free
2022-05-22 02:15:00,3.866237198644883,9.599999,11.739966872686642,2011,622,178.0,314.1818181818182,11,5.0,28015,2022-05-22 02:15:00,2022-05-22 02:15:00,30.21500000000429,-94.8531828223978,,2022-05-22,22818,0 days 00:00:00,553,3,False,False,,,,Free
2022-05-22 02:15:00,1.648569096682311,14.400001,2.134539472775516,2011,623,178.0,338.2446808564604,2,5.0,28016,2022-05-22 02:15:00,2022-05-22 02:15:00,30.21500000000429,-94.61255420252758,,2022-05-22,22554,0 days 00:45:00,548,4,False,False,,,,Free
2022-05-22 02:15:00,4.949939613207997,14.400001,19.24374896752221,2011,634,195.52344600885505,283.0065430686107,19,5.0,28026,2022-05-22 02:15:00,2022-05-22 02:15:00,30.03976553991572,-95.1649355646212,,2022-05-22,22827,0 days 00:00:00,554,3,False,False,,,,Free
2022-05-22 02:15:00,,,,2011,639,228.01121508173603,321.7621524936598,229,5.0,28029,2022-05-22 02:15:00,2022-05-22 02:15:00,29.71488784918685,-94.77737948144556,,2022-05-22,22829,0 days 00:00:00,555,3,False,False,,,,Free
2022-05-22 02:15:00,25.45404558964117,39.432915,508.8660963748952,2011,651,236.90210279773189,341.7783741431244,474,5.0,28038,2022-05-22 02:15:00,2022-05-22 02:15:00,29.62597897202688,-94.57721727067076,,2022-05-22,22838,0 days 00:00:00,556,3,False,False,,,,Free
2022-05-22 02:15:00,1.168242640962941,9.6,1.071904241277667,2011,654,220.5,303.5,2,5.0,28040,2022-05-22 02:15:00,2022-05-22 02:15:00,29.790000000004227,-94.9600010011635,,2022-05-22,22840,0 days 00:00:00,557,4,False,False,,,,Free
2022-05-22 02:15:00,5.485467249491947,17.454546,23.63290636838304,2011,668,242.0196575728857,200.57133799440368,31,5.0,28053,2022-05-22 02:15:00,2022-05-22 02:15:00,29.57480342427533,-95.98928759180647,,2022-05-22,22667,0 days 00:30:00,551,3,False,False,,,,Free
2022-05-22 02:15:00,1.1696371032327109,9.6,1.0744647061234385,2011,670,244.5,317.5,2,5.0,28055,2022-05-22 02:15:00,2022-05-22 02:15:00,29.55000000000419,-94.82000100516416,,2022-05-22,22849,0 days 00:00:00,559,4,False,False,,,,Free
2022-05-22 02:15:00,3.7013449721712015,10.559999,10.759919183837996,2011,677,259.5035971186002,356.7517985593001,10,5.0,28060,2022-05-22 02:15:00,2022-05-22 02:15:00,29.39996402881816,-94.4274830307878,,2022-05-22,22854,0 days 00:00:00,560,3,False,False,,,,Free
2022-05-22 02:15:00,2.6270193936167745,9.6,5.42021406967384,2011,732,336.4,296.8,5,5.0,28104,2022-05-22 02:15:00,2022-05-22 02:15:00,28.631000000004043,-95.02700099924893,,2022-05-22,22886,0 days 00:00:00,561,3,False,False,,,,Free
2022-05-22 02:15:00,8.802226661251627,15.085715,60.85201682309109,2011,744,361.5134560939042,302.53930595140014,56,5.0,28116,2022-05-22 02:15:00,2022-05-22 02:15:00,28.37986543906496,-94.969607941375,,2022-05-22,22897,0 days 00:00:00,562,3,False,False,,,,Free
2022-05-22 02:15:00,5.88499676917983,20.352001,27.20084144139652,2011,753,374.9588327340948,240.3230849411736,25,5.0,28124,2022-05-22 02:15:00,2022-05-22 02:15:00,28.245411672663035,-95.59177013369828,,2022-05-22,22905,0 days 00:00:00,563,3,False,False,,,,Free
2022-05-22 02:30:00,3.489322903497456,10.666667,9.562516633430848,2012,502,134.2553956779003,404.9172661864334,10,5.0,28138,2022-05-22 02:30:00,2022-05-22 02:30:00,30.65244604322536,-93.94582836828027,,2022-05-22,22642,0 days 00:45:00,550,4,False,False,,,,Free
2022-05-22 02:30:00,,,,2012,514,172.98461540041592,313.15230771928145,22,5.0,28146,2022-05-22 02:30:00,2022-05-22 02:30:00,30.26515384600014,-94.863477926729,,2022-05-22,22818,0 days 00:15:00,553,3,False,False,,,,Free
2022-05-22 02:30:00,7.911253447885632,16.69565,49.15644614988828,2012,524,190.7505576016497,284.4687732653094,46,5.0,28155,2022-05-22 02:30:00,2022-05-22 02:30:00,30.08749442398777,-95.15031326307206,,2022-05-22,22827,0 days 00:15:00,554,3,False,False,,,,Free
2022-05-22 02:30:00,16.69058199883934,56.658825,218.7927076345435,2012,534,224.9357343737112,320.7809680580372,248,5.0,28158,2022-05-22 02:30:00,2022-05-22 02:30:00,29.74564265626711,-94.7871913255214,,2022-05-22,22829,0 days 00:15:00,555,3,False,False,,,,Free
2022-05-22 02:30:00,25.659150089892343,37.762653,517.0998545074011,2012,541,229.0669216646512,340.65078899835413,482,5.0,28162,2022-05-22 02:30:00,2022-05-22 02:30:00,29.7043307833577,-94.58849312179626,,2022-05-22,22838,0 days 00:15:00,556,3,False,False,,,,Free
2022-05-22 02:30:00,1.653625217588293,14.400001,2.147652711189321,2012,550,239.0,316.2446808564604,2,5.0,28168,2022-05-22 02:30:00,2022-05-22 02:30:00,29.6050000000042,-94.83255419624084,,2022-05-22,22849,0 days 00:15:00,559,4,False,False,,,,Free
2022-05-22 02:30:00,,,,2012,552,243.5,187.5,2,5.0,28169,2022-05-22 02:30:00,2022-05-22 02:30:00,29.560000000004187,-96.12000096801523,,2022-05-22,22675,0 days 00:45:00,552,3,False,False,,,,Free
2022-05-22 02:30:00,8.67837229563116,17.105452,59.15159171186753,2012,558,254.45733889792783,354.4155728128997,56,5.0,28172,2022-05-22 02:30:00,2022-05-22 02:30:00,29.45042661102489,-94.45084528758424,,2022-05-22,22854,0 days 00:15:00,560,3,False,False,,,,Free
2022-05-22 02:30:00,9.24890504678023,22.916128,67.18472177374119,2012,619,331.12315452327965,294.00468133877786,62,5.0,28218,2022-05-22 02:30:00,2022-05-22 02:30:00,28.68376845477125,-95.05495418506234,,2022-05-22,22886,0 days 00:15:00,561,3,False,False,,,,Free
2022-05-22 02:30:00,7.974787102523344,17.11304,49.949147113398105,2012,636,354.7243359485813,297.4781048009904,46,5.0,28229,2022-05-22 02:30:00,2022-05-22 02:30:00,28.447756640518204,-95.0202199514328,,2022-05-22,22897,0 days 00:15:00,562,3,False,False,,,,Free
2022-05-22 02:30:00,9.486440696291302,23.483078,70.67998905341139,2012,641,369.5402030776912,235.7484601125176,65,5.0,28234,2022-05-22 02:30:00,2022-05-22 02:30:00,28.29959796922708,-95.6375163806776,,2022-05-22,22905,0 days 00:15:00,563,3,False,False,,,,Free
2022-05-22 02:45:00,,,,2013,495,76.7946537113746,496.5382746097496,17,5.0,28249,2022-05-22 02:45:00,2022-05-22 02:45:00,31.227053462890705,-93.02961831022884,,2022-05-22,22995,0 days 00:00:00,564,3,False,False,,,,Free
2022-05-22 02:45:00,9.954080174202806,38.268494,77.82016551729633,2013,514,166.20428255904923,313.7935843651846,75,5.0,28261,2022-05-22 02:45:00,2022-05-22 02:45:00,30.332957174413817,-94.8570651604532,,2022-05-22,22818,0 days 00:30:00,553,3,False,False,,,,Free
2022-05-22 02:45:00,5.214966493067059,9.600001,21.359590688387662,2013,522,184.55,285.9,20,5.0,28266,2022-05-22 02:45:00,2022-05-22 02:45:00,30.14950000000428,-95.13600099613416,,2022-05-22,22827,0 days 00:30:00,554,3,False,False,,,,Free
2022-05-22 02:45:00,17.207775939457985,45.964977,232.56232812355847,2013,528,220.8573581642222,320.2663846888333,217,5.0,28269,2022-05-22 02:45:00,2022-05-22 02:45:00,29.786426418362,-94.7923371590664,,2022-05-22,22829,0 days 00:30:00,555,3,False,False,,,,Free
2022-05-22 02:45:00,24.977280126067186,38.126915,489.9820501772084,2013,530,223.05484823721503,338.8666235404143,458,5.0,28271,2022-05-22 02:45:00,2022-05-22 02:45:00,29.76445151763207,-94.60633477586578,,2022-05-22,22838,0 days 00:30:00,556,3,False,False,,,,Free
2022-05-22 02:45:00,3.5040856209578526,14.933334,9.64360248609586,2013,533,217.7986577088136,303.57494407564536,9,5.0,28274,2022-05-22 02:45:00,2022-05-22 02:45:00,29.81701342291609,-94.95925156042848,,2022-05-22,22840,0 days 00:30:00,557,4,False,False,,,,Free
2022-05-22 02:45:00,3.506494700805473,11.733334,9.656867113198532,2013,538,230.9174917548881,315.37953795898915,9,5.0,28279,2022-05-22 02:45:00,2022-05-22 02:45:00,29.685825082455327,-94.84120562496832,,2022-05-22,22849,0 days 00:30:00,559,4,False,False,,,,Free
2022-05-22 02:45:00,4.377231078074617,15.085716,15.04834812120734,2013,547,249.2393767644156,354.52974504612826,14,5.0,28284,2022-05-22 02:45:00,2022-05-22 02:45:00,29.502606232360023,-94.44970356528457,,2022-05-22,22854,0 days 00:30:00,560,3,False,False,,,,Free
2022-05-22 02:45:00,8.386160582678741,13.364704,55.23523802671633,2013,599,326.792311297519,291.4702297257315,51,5.0,28326,2022-05-22 02:45:00,2022-05-22 02:45:00,28.72707688702887,-95.08029870046856,,2022-05-22,22886,0 days 00:30:00,561,3,False,False,,,,Free
2022-05-22 02:45:00,3.7171799349146193,9.6,10.85218152834384,2013,618,347.8,294.5,10,5.0,28341,2022-05-22 02:45:00,2022-05-22 02:45:00,28.517000000004025,-95.05000099859171,,2022-05-22,22897,0 days 00:30:00,562,3,False,False,,,,Free
2022-05-22 02:45:00,,,,2013,627,365.6666666666667,233.0,15,5.0,28347,2022-05-22 02:45:00,2022-05-22 02:45:00,28.33833333333733,-95.6650009810174,,2022-05-22,22905,0 days 00:30:00,563,3,False,False,,,,Free
2022-05-22 03:00:00,4.918467020388946,26.133333,18.999816594359377,2014,420,72.1677181736253,495.2928496159646,18,5.0,28371,2022-05-22 03:00:00,2022-05-22 03:00:00,31.273322818268205,-93.04207255981078,,2022-05-22,22995,0 days 00:15:00,564,3,False,False,,,,Free
2022-05-22 03:00:00,1.6516075804307926,19.2,2.142415078934615,2014,449,214.8380281642845,303.0,2,5.0,28386,2022-05-22 03:00:00,2022-05-22 03:00:00,29.84661971836139,-94.96500100102064,,2022-05-22,22840,0 days 00:45:00,557,4,False,False,,,,Free
2022-05-22 03:00:00,4.817551414464796,15.811766,18.22815017565233,2014,452,223.2916213675712,314.8705114254173,17,5.0,28389,2022-05-22 03:00:00,2022-05-22 03:00:00,29.76208378632851,-94.8462958901586,,2022-05-22,22849,0 days 00:45:00,559,4,False,False,,,,Free
2022-05-22 03:15:00,4.015213328228522,14.400002,12.662140551515288,2015,409,68.33333333333333,495.2890070948968,12,5.0,28457,2022-05-22 03:15:00,2022-05-22 03:15:00,31.31166666667113,-93.04211098502036,,2022-05-22,22995,0 days 00:30:00,564,3,False,False,,,,Free
2022-05-22 03:15:00,3.0896869090810086,19.199999,7.4975406125421475,2015,434,212.9959758591075,303.6177062506288,7,5.0,28468,2022-05-22 03:15:00,2022-05-22 03:15:00,29.86504024141316,-94.9588239386909,,2022-05-22,22840,0 days 01:00:00,557,4,False,False,,,,Free
2022-05-22 04:15:00,1.156780620578697,9.6,1.0509738011826926,2018,335,31.0,290.0,3,5.0,28724,2022-05-22 04:15:00,2022-05-22 04:15:00,31.68500000000452,-95.09500099730576,,2022-05-22,23367,0 days 00:00:00,568,3,False,False,,,,Free
2022-05-22 04:15:00,4.379865584681069,19.885715,15.066467750861294,2018,362,261.5047984552161,342.58733206431805,14,5.0,28742,2022-05-22 04:15:00,2022-05-22 04:15:00,29.379952015452,-94.56912769168996,,2022-05-22,23383,0 days 00:00:00,569,3,False,False,,,,Free
2022-05-22 04:15:00,3.325958952136154,13.200001,8.688076801443952,2018,388,355.4268292700656,283.71951218980325,8,5.0,28762,2022-05-22 04:15:00,2022-05-22 04:15:00,28.44073170730336,-95.15780587361304,,2022-05-22,23400,0 days 00:00:00,570,3,False,False,,,,Free
2022-05-22 04:30:00,6.6205073613209615,32.1,34.424879357970326,2019,330,257.65036902840325,342.60424354400993,32,5.0,28811,2022-05-22 04:30:00,2022-05-22 04:30:00,29.418496309720133,-94.5689585768979,,2022-05-22,23383,0 days 00:15:00,569,3,False,False,,,,Free
2022-05-22 04:30:00,7.247360835542046,18.442102,41.25244090771143,2019,349,350.4389112340109,283.8339004258697,55,5.0,28824,2022-05-22 04:30:00,2022-05-22 04:30:00,28.490610887663912,-95.15666199128503,,2022-05-22,23400,0 days 00:15:00,570,3,False,False,,,,Free
2022-05-22 04:30:00,2.6426155145823187,13.44,5.484762695902398,2019,392,464.30341879993546,16.09829060003228,6,5.0,28856,2022-05-22 04:30:00,2022-05-22 04:30:00,27.35196581200449,-97.834018013035,,2022-05-22,23470,0 days 00:00:00,571,4,False,False,,,,Free
2022-05-22 04:45:00,3.6563051937121496,9.6,10.499648494931986,2020,352,22.1,291.8,10,5.0,28865,2022-05-22 04:45:00,2022-05-22 04:45:00,31.77400000000453,-95.07700099782012,,2022-05-22,23367,0 days 00:30:00,568,3,False,False,,,,Free
2022-05-22 04:45:00,8.691992253938936,21.600002,59.337404068964304,2020,362,107.23580037366553,497.1598536993889,56,5.0,28870,2022-05-22 04:45:00,2022-05-22 04:45:00,30.922641996267743,-93.02340251951006,,2022-05-22,23479,0 days 00:00:00,572,3,False,False,,,,Free
2022-05-22 04:45:00,5.100556141710622,17.17895,20.432661758203,2020,393,254.20947628149068,342.6251039062997,21,5.0,28888,2022-05-22 04:45:00,2022-05-22 04:45:00,29.452905237189267,-94.56874997328094,,2022-05-22,23383,0 days 00:30:00,569,3,False,False,,,,Free
2022-05-22 04:45:00,2.879297000348352,9.599999,6.5112266191350745,2020,409,347.6666666666667,335.5,6,5.0,28900,2022-05-22 04:45:00,2022-05-22 04:45:00,28.51833333333736,-94.64000101030786,,2022-05-22,23508,0 days 00:00:00,573,3,False,False,,,,Free
2022-05-22 04:45:00,2.351613546261861,9.6,4.343319600643223,2020,411,353.75,335.0,4,5.0,28902,2022-05-22 04:45:00,2022-05-22 04:45:00,28.457500000004018,-94.645001010165,,2022-05-22,23510,0 days 00:00:00,574,3,False,False,,,,Free
2022-05-22 04:45:00,6.890539683734595,58.164703,37.29034126331437,2020,459,462.4108209816277,14.09426865412451,34,5.0,28938,2022-05-22 04:45:00,2022-05-22 04:45:00,27.37089179018757,-97.85405823192144,,2022-05-22,23470,0 days 00:15:00,571,4,False,False,,,,Free
2022-05-22 05:00:00,8.61158641828103,31.592722,58.24467276889965,2021,304,102.63571718572916,496.8871872042883,55,5.0,28946,2022-05-22 05:00:00,2022-05-22 05:00:00,30.96864282814712,-93.02612918438314,,2022-05-22,23479,0 days 00:15:00,572,3,False,False,,,,Free
2022-05-22 05:00:00,33.80322819288028,71.49504,897.4416801495211,2021,336,344.87897382430793,283.8329120137336,827,5.0,28965,2022-05-22 05:00:00,2022-05-22 05:00:00,28.54621026176095,-95.15667187540612,,2022-05-22,23400,0 days 00:45:00,570,3,False,False,,,,Free
2022-05-22 05:00:00,2.3498006856471663,12.0,4.3366256452680245,2021,337,337.5502392399079,336.1100478479816,7,5.0,28966,2022-05-22 05:00:00,2022-05-22 05:00:00,28.619497607604963,-94.63390053200236,,2022-05-22,23556,0 days 00:00:00,575,3,False,False,,,,Free
2022-05-22 05:00:00,3.1094340204091577,10.971429,7.593684917545463,2021,338,343.8899521520184,335.77990430403685,7,5.0,28967,2022-05-22 05:00:00,2022-05-22 05:00:00,28.55610047848385,-94.6372019673475,,2022-05-22,23508,0 days 00:15:00,573,3,False,False,,,,Free
2022-05-22 05:00:00,8.186688681782227,29.6,52.63885484043927,2021,386,461.0579268119875,11.07672764637952,48,5.0,29007,2022-05-22 05:00:00,2022-05-22 05:00:00,27.38442073188397,-97.88423364113656,,2022-05-22,23470,0 days 00:30:00,571,4,False,False,,,,Free
2022-05-22 05:15:00,2.001907524426464,9.6,3.1475881761031004,2022,380,15.333333333333334,290.6666666666667,3,5.0,29015,2022-05-22 05:15:00,2022-05-22 05:15:00,31.84166666667121,-95.08833433082958,,2022-05-22,23367,0 days 01:00:00,568,3,False,False,,,,Free
2022-05-22 05:15:00,8.371808913496567,33.96923,55.0463459715107,2022,389,98.36460806324388,496.5719186763576,54,5.0,29019,2022-05-22 05:15:00,2022-05-22 05:15:00,31.011353919371977,-93.0292818695724,,2022-05-22,23479,0 days 00:30:00,572,3,False,False,,,,Free
2022-05-22 05:15:00,2.62864249216936,13.440001,5.426913875091426,2022,433,349.21800948295714,333.33649288778213,5,5.0,29043,2022-05-22 05:15:00,2022-05-22 05:15:00,28.50281990517445,-94.66163608081185,,2022-05-22,23510,0 days 00:30:00,574,3,False,False,,,,Free
2022-05-22 05:15:00,5.666643029019412,33.808693,25.219797288823163,2022,495,459.5104135244543,7.472079704256767,23,5.0,29093,2022-05-22 05:15:00,2022-05-22 05:15:00,27.39989586475931,-97.92028011952772,,2022-05-22,23470,0 days 00:45:00,571,4,False,False,,,,Free
2022-05-22 05:30:00,1.6608864200141096,9.6,2.166555155778695,2023,335,329.0,337.5,2,5.0,29120,2022-05-22 05:30:00,2022-05-22 05:30:00,28.70500000000405,-94.62000101087938,,2022-05-22,23556,0 days 00:30:00,575,3,False,False,,,,Free
2022-05-22 05:30:00,2.03500323812201,9.6,3.2525208601092053,2023,337,338.2,335.6,5,5.0,29122,2022-05-22 05:30:00,2022-05-22 05:30:00,28.613000000004043,-94.63900101033649,,2022-05-22,23508,0 days 00:45:00,573,3,False,False,,,,Free
2022-05-22 05:30:00,5.876217291026701,33.408,27.11974333042216,2023,338,343.88763728290604,334.1568572173985,25,5.0,29123,2022-05-22 05:30:00,2022-05-22 05:30:00,28.556123627174973,-94.6534324377501,,2022-05-22,23510,0 days 00:45:00,574,3,False,False,,,,Free
2022-05-22 05:30:00,2.3615922644406484,9.6,4.380258252680933,2023,384,445.4,166.0,5,5.0,29162,2022-05-22 05:30:00,2022-05-22 05:30:00,27.54100000000388,-96.3350009618714,,2022-05-22,23706,0 days 00:00:00,576,3,False,False,,,,Free
2022-05-22 05:45:00,5.380673506397593,57.6,22.73857068150596,2024,454,323.6779810095332,339.9460077399007,26,5.0,29204,2022-05-22 05:45:00,2022-05-22 05:45:00,28.75822018990873,-94.59554093417938,,2022-05-22,23556,0 days 00:45:00,575,3,False,False,,,,Free
2022-05-22 05:45:00,5.784597217952354,25.6,26.28065167493851,2024,518,444.8191747571738,163.9308252476485,24,5.0,29258,2022-05-22 05:45:00,2022-05-22 05:45:00,27.546808252432136,-96.35569270880364,,2022-05-22,23706,0 days 00:15:00,576,3,False,False,,,,Free
2022-05-22 05:45:00,6.474616554854331,30.72,32.92440900515179,2024,520,469.3279857364518,94.59918513958918,33,5.0,29260,2022-05-22 05:45:00,2022-05-22 05:45:00,27.30172014263932,-97.04900909007192,,2022-05-22,23786,0 days 00:00:00,578,3,False,False,,,,Free
2022-05-22 05:45:00,3.5464178071479764,9.6,9.87801495395144,2024,521,470.0,71.3,10,5.0,29261,2022-05-22 05:45:00,2022-05-22 05:45:00,27.295000000003835,-97.28200093480984,,2022-05-22,23787,0 days 00:00:00,579,4,False,False,,,,Free
2022-05-22 06:00:00,2.613286258333347,9.6,5.363692241756763,2025,299,228.8,498.2,5,5.0,29274,2022-05-22 06:00:00,2022-05-22 06:00:00,29.70700000000421,-93.01300105680122,,2022-05-22,23797,0 days 00:00:00,580,3,False,False,,,,Free
2022-05-22 06:00:00,3.709433553106732,12.4800005,10.806998056109014,2025,311,304.37967913961245,497.93850267277406,10,5.0,29282,2022-05-22 06:00:00,2022-05-22 06:00:00,28.951203208607968,-93.01561602999874,,2022-05-22,23805,0 days 00:00:00,581,3,False,False,,,,Free
2022-05-22 06:00:00,4.720018243337539,13.800001,17.497549702694158,2025,351,430.4360795426644,271.6463068050009,16,5.0,29315,2022-05-22 06:00:00,2022-05-22 06:00:00,27.69063920457725,-95.278537924011,,2022-05-22,23833,0 days 00:00:00,582,3,False,False,,,,Free
2022-05-22 06:00:00,2.892348010520508,9.599999,6.570387362341953,2025,362,445.0,162.16666666666666,6,5.0,29323,2022-05-22 06:00:00,2022-05-22 06:00:00,27.54500000000388,-96.37333429410933,,2022-05-22,23706,0 days 00:30:00,576,3,False,False,,,,Free
2022-05-22 06:00:00,7.565747774895885,13.112194,44.95661451141012,2025,368,460.1286830865326,140.94708360907498,41,5.0,29328,2022-05-22 06:00:00,2022-05-22 06:00:00,27.393713169138525,-96.58553011862152,,2022-05-22,23845,0 days 00:00:00,583,5,False,False,,,,Free
2022-05-22 06:00:00,8.274020373609083,15.869388,53.76789734969937,2025,369,467.8216678991883,68.46574839787515,50,5.0,29329,2022-05-22 06:00:00,2022-05-22 06:00:00,27.31678332101196,-97.31034345002116,,2022-05-22,23787,0 days 00:15:00,579,4,False,False,,,,Free
2022-05-22 06:00:00,8.924205668074775,23.74737,62.55024605182491,2025,370,468.4825004641554,90.30544640261796,57,5.0,29330,2022-05-22 06:00:00,2022-05-22 06:00:00,27.310174995362285,-97.09194647621467,,2022-05-22,23786,0 days 00:15:00,578,3,False,False,,,,Free
2022-05-22 06:15:00,2.023859579867543,22.4,3.216996845533579,2026,359,225.0,499.0,3,5.0,29342,2022-05-22 06:15:00,2022-05-22 06:15:00,29.74500000000421,-93.0050010570298,,2022-05-22,23797,0 days 00:15:00,580,3,False,False,,,,Free
2022-05-22 06:15:00,7.036499879109518,30.933336,38.88689347848283,2026,379,300.303341881017,497.7122964812508,36,5.0,29354,2022-05-22 06:15:00,2022-05-22 06:15:00,28.99196658119393,-93.0178780918493,,2022-05-22,23805,0 days 00:15:00,581,3,False,False,,,,Free
2022-05-22 06:15:00,5.143223758101168,34.357895,20.77594175838966,2026,437,429.28361420238303,270.555396223445,19,5.0,29395,2022-05-22 06:15:00,2022-05-22 06:15:00,27.702163857980068,-95.2894470295148,,2022-05-22,23833,0 days 00:15:00,582,3,False,False,,,,Free
2022-05-22 06:15:00,6.990466836216207,18.651426,38.37975877383154,2026,452,460.51492537000667,137.19817579035083,36,5.0,29407,2022-05-22 06:15:00,2022-05-22 06:15:00,27.389850746303782,-96.62301919573748,,2022-05-22,23845,0 days 00:15:00,583,5,False,False,,,,Free
2022-05-22 06:15:00,9.000886270403855,18.53793,63.62978120475841,2026,453,465.4014263852894,67.23204279027125,58,5.0,29408,2022-05-22 06:15:00,2022-05-22 06:15:00,27.340985736150948,-97.32268050574464,,2022-05-22,23787,0 days 00:30:00,579,4,False,False,,,,Free
2022-05-22 06:15:00,8.92394457245129,27.11579,62.54658603833067,2026,454,468.068380135954,83.69649373987353,57,5.0,29409,2022-05-22 06:15:00,2022-05-22 06:15:00,27.3143161986443,-97.15803600095352,,2022-05-22,23786,0 days 00:30:00,578,3,False,False,,,,Free
2022-05-22 06:15:00,2.364027059850362,9.6,4.389294978163121,2026,455,467.75,1.0,4,5.0,29410,2022-05-22 06:15:00,2022-05-22 06:15:00,27.31750000000384,-97.98500091472084,,2022-05-22,23909,0 days 00:00:00,584,4,False,False,,,,Free
2022-05-22 06:30:00,2.6124003732036605,15.360001,5.360056352423585,2027,420,222.555984545322,499.0,5,5.0,29421,2022-05-22 06:30:00,2022-05-22 06:30:00,29.769440154551003,-93.0050010570298,,2022-05-22,23797,0 days 00:30:00,580,3,False,False,,,,Free
2022-05-22 06:30:00,7.778102360149456,31.199995,47.51570635323495,2027,440,296.2746356659339,496.1596113743489,44,5.0,29435,2022-05-22 06:30:00,2022-05-22 06:30:00,29.032253643344767,-93.03340494247465,,2022-05-22,23805,0 days 00:30:00,581,3,False,False,,,,Free
2022-05-22 06:30:00,10.026588661916607,18.542467,78.95802530715905,2027,448,313.16933672782733,38.89234912996928,113,5.0,29438,2022-05-22 06:30:00,2022-05-22 06:30:00,28.86330663272581,-97.6060774342493,,2022-05-22,23930,0 days 00:00:00,585,3,False,False,,,,Free
2022-05-22 06:30:00,1.6686016371685128,9.6,2.1867302465386187,2027,515,428.0,268.5,2,5.0,29487,2022-05-22 06:30:00,2022-05-22 06:30:00,27.7150000000039,-95.31000099116191,,2022-05-22,23833,0 days 00:30:00,582,3,False,False,,,,Free
2022-05-22 06:30:00,1.6697458417020872,9.6,2.1897302729953565,2027,528,443.0,125.5,2,5.0,29497,2022-05-22 06:30:00,2022-05-22 06:30:00,27.56500000000388,-96.74000095029804,,2022-05-22,23983,0 days 00:00:00,586,3,False,False,,,,Free
2022-05-22 06:30:00,7.378584430379747,14.523078,42.75983134624271,2027,530,458.3335106423453,133.7505319270358,40,5.0,29499,2022-05-22 06:30:00,2022-05-22 06:30:00,27.4116648935804,-96.6574956333854,,2022-05-22,23845,0 days 00:30:00,583,5,False,False,,,,Free
2022-05-22 06:30:00,5.415575521865315,10.971431,23.034517231498004,2027,531,463.29665071733945,66.61722489311852,21,5.0,29500,2022-05-22 06:30:00,2022-05-22 06:30:00,27.36203349283045,-97.3288286845405,,2022-05-22,23787,0 days 00:45:00,579,4,False,False,,,,Free
2022-05-22 06:30:00,5.014488061713578,17.599998,19.7489079137094,2027,532,466.50617282912367,1.0132275294242152,18,5.0,29501,2022-05-22 06:30:00,2022-05-22 06:30:00,27.329938271712603,-97.98486863943036,,2022-05-22,23909,0 days 00:15:00,584,4,False,False,,,,Free
2022-05-22 06:30:00,1.6728027299716326,9.6,2.197755312400852,2027,537,483.0,222.3333333333333,3,5.0,29506,2022-05-22 06:30:00,2022-05-22 06:30:00,27.16500000000381,-95.77166764463595,,2022-05-22,23989,0 days 00:00:00,587,3,False,False,,,,Free
2022-05-22 06:45:00,4.693882055949701,10.8,17.304307619309306,2028,470,311.739224149005,40.00862068079598,16,5.0,29544,2022-05-22 06:45:00,2022-05-22 06:45:00,28.87760775851403,-97.59491471906,,2022-05-22,23930,0 days 00:15:00,585,3,False,False,,,,Free
2022-05-22 06:45:00,6.782089937291614,25.599998,36.1257581950768,2028,541,440.9805825267507,122.56457781520136,33,5.0,29600,2022-05-22 06:45:00,2022-05-22 06:45:00,27.58519417473637,-96.76935517130728,,2022-05-22,23983,0 days 00:15:00,586,3,False,False,,,,Free
2022-05-22 06:45:00,8.012597493563094,28.17391,50.42391187057242,2028,547,455.9628517878392,129.2212007612969,46,5.0,29605,2022-05-22 06:45:00,2022-05-22 06:45:00,27.435371482125465,-96.70278894374847,,2022-05-22,23845,0 days 00:45:00,583,5,False,False,,,,Free
2022-05-22 06:45:00,7.188638638073113,40.216217,40.58664819395515,2028,550,464.3920060255875,2.5776772352866515,42,5.0,29607,2022-05-22 06:45:00,2022-05-22 06:45:00,27.35107993974797,-97.9692241428188,,2022-05-22,23909,0 days 00:30:00,584,4,False,False,,,,Free
2022-05-22 06:45:00,2.8973144433576032,17.6,6.592970677355644,2028,557,482.8730158750182,221.93915343748483,6,5.0,29613,2022-05-22 06:45:00,2022-05-22 06:45:00,27.16626984125364,-95.77560944348176,,2022-05-22,23989,0 days 00:15:00,587,3,False,False,,,,Free
2022-05-22 07:00:00,7.13203523767328,24.38919,39.9500053558214,2029,473,295.8579776416202,469.4362296690927,48,5.0,29630,2022-05-22 07:00:00,2022-05-22 07:00:00,29.036420223587907,-93.30063875189067,,2022-05-22,24094,0 days 00:00:00,590,3,False,False,,,,Free
2022-05-22 07:00:00,6.84164458145501,18.35294,36.76299622683248,2029,480,307.8370644036249,40.22470948261051,47,5.0,29635,2022-05-22 07:00:00,2022-05-22 07:00:00,28.91662935596784,-97.5927538311036,,2022-05-22,23930,0 days 00:30:00,585,3,False,False,,,,Free
2022-05-22 07:00:00,9.591031873872046,26.763638,72.24712175018351,2029,553,441.255082146099,119.46714006852484,66,5.0,29690,2022-05-22 07:00:00,2022-05-22 07:00:00,27.58244917854289,-96.80032954788884,,2022-05-22,23983,0 days 00:30:00,586,3,False,False,,,,Free
2022-05-22 07:00:00,12.220072187843456,32.478508,117.2836367622922,2029,565,454.8576287140097,125.20365961525734,107,5.0,29700,2022-05-22 07:00:00,2022-05-22 07:00:00,27.44642371286376,-96.7429643540608,,2022-05-22,23845,0 days 01:00:00,583,5,False,False,,,,Free
2022-05-22 07:00:00,7.473837657871049,17.52,43.87096643925717,2029,573,462.4376996767391,3.0255591177210523,40,5.0,29706,2022-05-22 07:00:00,2022-05-22 07:00:00,27.370623003236457,-97.96474532412248,,2022-05-22,23909,0 days 00:45:00,584,4,False,False,,,,Free
2022-05-22 07:00:00,5.672656083902203,10.852175,25.27334874202796,2029,584,480.6532921703197,220.9958847779021,36,5.0,29716,2022-05-22 07:00:00,2022-05-22 07:00:00,27.188467078300626,-95.78504212980806,,2022-05-22,23989,0 days 00:30:00,587,3,False,False,,,,Free
2022-05-22 07:15:00,8.03756907092074,33.906384,50.73869786479117,2030,417,293.6347710624239,470.1291034804616,47,5.0,29744,2022-05-22 07:15:00,2022-05-22 07:15:00,29.05865228937987,-93.293710013975,,2022-05-22,24094,0 days 00:15:00,590,3,False,False,,,,Free
2022-05-22 07:15:00,23.109738872967498,63.3,419.44976731604027,2030,462,418.2377608520532,109.71751720184494,384,5.0,29779,2022-05-22 07:15:00,2022-05-22 07:15:00,27.812622391483384,-96.89782577376964,,2022-05-22,24216,0 days 00:00:00,591,3,False,False,,,,Free
2022-05-22 07:30:00,7.864412610631699,35.200005,48.5760797848355,2031,265,293.1521706889122,471.21648270502016,45,5.0,29833,2022-05-22 07:30:00,2022-05-22 07:30:00,29.06347829311499,-93.28283622204016,,2022-05-22,24094,0 days 00:30:00,590,3,False,False,,,,Free
2022-05-22 07:30:00,3.908068926302442,10.472727,11.995388295850915,2031,289,398.81518988197496,446.4227847988188,13,5.0,29851,2022-05-22 07:30:00,2022-05-22 07:30:00,28.0068481011842,-93.53077319401712,,2022-05-22,24275,0 days 00:00:00,592,3,False,False,,,,Free
2022-05-22 07:30:00,17.96246976235794,28.88276,253.4089687190288,2031,291,419.13117235030495,109.62871794022182,232,5.0,29852,2022-05-22 07:30:00,2022-05-22 07:30:00,27.803688276500864,-96.89871376636046,,2022-05-22,24216,0 days 00:15:00,591,3,False,False,,,,Free
2022-05-22 07:45:00,7.991763618118083,157.56522,50.162034310017134,2032,289,398.746480474082,446.34200625835007,46,5.0,29910,2022-05-22 07:45:00,2022-05-22 07:45:00,28.007535195263127,-93.53158097939873,,2022-05-22,24275,0 days 00:15:00,592,3,False,False,,,,Free
2022-05-22 07:45:00,3.335939078778376,9.6,8.74029524399941,2032,297,419.44444444444446,110.66666666666669,9,5.0,29917,2022-05-22 07:45:00,2022-05-22 07:45:00,27.80055555555947,-96.8883342793926,,2022-05-22,24216,0 days 00:30:00,591,3,False,False,,,,Free
2022-05-22 08:00:00,10.338730737147028,60.84156,83.95070173339768,2033,340,396.2581126680012,447.0293771839404,98,5.0,29977,2022-05-22 08:00:00,2022-05-22 08:00:00,28.032418873323937,-93.5247072703392,,2022-05-22,24275,0 days 00:30:00,592,3,False,False,,,,Free
2022-05-22 09:30:00,13.122159979259354,21.073175,135.23855996562853,2039,284,490.49888977510267,335.2277957479799,124,5.0,30248,2022-05-22 09:30:00,2022-05-22 09:30:00,27.090011102252777,-94.64272305275028,,2022-05-22,24625,0 days 00:00:00,593,3,False,False,,,,Free
2022-05-22 09:45:00,14.636205479672162,24.84706,168.2468249819742,2040,337,491.2031877859914,331.1993019548902,153,5.0,30298,2022-05-22 09:45:00,2022-05-22 09:45:00,27.08296812214389,-94.68300798952998,,2022-05-22,24625,0 days 00:15:00,593,3,False,False,,,,Free
2022-05-22 09:45:00,3.7430387055996106,15.360001,11.00369432409594,2040,343,498.6814671818226,305.2702702727582,10,5.0,30302,2022-05-22 09:45:00,2022-05-22 09:45:00,27.008185328185565,-94.9422982989418,,2022-05-22,24677,0 days 00:00:00,594,4,False,False,,,,Free
2022-05-22 10:00:00,9.011179366853202,16.386208,63.77539396837615,2041,402,490.5926711086072,329.4945487710592,58,5.0,30347,2022-05-22 10:00:00,2022-05-22 10:00:00,27.08907328891773,-94.70005552088116,,2022-05-22,24625,0 days 00:30:00,593,3,False,False,,,,Free
2022-05-22 10:00:00,5.021756296845381,10.133334,19.80619939836353,2041,405,498.5021644999305,303.60606059980535,18,5.0,30350,2022-05-22 10:00:00,2022-05-22 10:00:00,27.009978355004485,-94.95894039519578,,2022-05-22,24677,0 days 00:15:00,594,4,False,False,,,,Free
2022-05-22 10:15:00,2.367284474963169,9.6,4.401399413468031,2042,476,498.5,304.5,4,5.0,30434,2022-05-22 10:15:00,2022-05-22 10:15:00,27.010000000003792,-94.95000100144932,,2022-05-22,24677,0 days 00:30:00,594,4,False,False,,,,Free
2022-05-22 10:30:00,3.7430387055996106,9.6,11.00369432409594,2043,273,498.7,305.4,10,5.0,30481,2022-05-22 10:30:00,2022-05-22 10:30:00,27.00800000000379,-94.94100100170648,,2022-05-22,24677,0 days 00:45:00,594,4,False,False,,,,Free
2022-05-22 10:45:00,14.052742395571237,36.765957,155.10009067253833,2044,285,495.4874967160545,482.0157497656596,150,5.0,30522,2022-05-22 10:45:00,2022-05-22 10:45:00,27.04012503284325,-93.17484355451978,,2022-05-22,24881,0 days 00:00:00,595,3,False,False,,,,Free
2022-05-22 11:00:00,11.164455479364271,34.84045,97.89600603131868,2045,330,495.1933127467333,483.8968295626704,89,5.0,30564,2022-05-22 11:00:00,2022-05-22 11:00:00,27.043066872536464,-93.1560327570872,,2022-05-22,24881,0 days 00:15:00,595,3,False,False,,,,Free
2022-05-22 11:15:00,35.13725560656073,26.62313,969.6735674492336,2046,424,490.5824220599353,254.1839464885705,883,5.0,30611,2022-05-22 11:15:00,2022-05-22 11:15:00,27.08917577940445,-95.4531615221852,,2022-05-22,24964,0 days 00:00:00,596,6,False,False,,,,Free
2022-05-22 11:15:00,7.760765286760525,10.716279,47.304121274928725,2046,438,495.60400616655465,483.83050846523656,46,5.0,30622,2022-05-22 11:15:00,2022-05-22 11:15:00,27.038959938338248,-93.15669596804258,,2022-05-22,24881,0 days 00:30:00,595,3,False,False,,,,Free
2022-05-22 11:30:00,2.635496789685072,9.6,5.455252593403446,2047,247,405.0,184.0,5,5.0,30650,2022-05-22 11:30:00,2022-05-22 11:30:00,27.945000000003937,-96.1550009670151,,2022-05-22,25001,0 days 00:00:00,597,3,False,False,,,,Free
2022-05-22 11:30:00,10.964064658462396,18.865114,94.41327386666134,2047,262,473.06642065517576,380.8832606558999,86,5.0,30655,2022-05-22 11:30:00,2022-05-22 11:30:00,27.26433579345208,-94.18616841671763,,2022-05-22,25006,0 days 00:00:00,598,3,False,False,,,,Free
2022-05-22 11:30:00,33.73589373915479,23.34465,893.8699171617965,2047,265,491.7191132734612,256.5247348635596,813,5.0,30657,2022-05-22 11:30:00,2022-05-22 11:30:00,27.077808867269187,-95.42975363910426,,2022-05-22,24964,0 days 00:15:00,596,6,False,False,,,,Free
2022-05-22 11:45:00,10.50832364370416,18.227844,86.72748679338304,2048,288,472.5676555048935,383.9010526355368,79,5.0,30702,2022-05-22 11:45:00,2022-05-22 11:45:00,27.269323444954896,-94.15599049778363,,2022-05-22,25006,0 days 00:15:00,598,3,False,False,,,,Free
2022-05-22 11:45:00,33.67308715744943,21.795555,890.5447552283142,2048,292,491.73795236465486,260.7891271790218,810,5.0,30704,2022-05-22 11:45:00,2022-05-22 11:45:00,27.077620476357254,-95.3871097171682,,2022-05-22,24964,0 days 00:30:00,596,6,False,False,,,,Free
2022-05-22 12:00:00,123.24763163316852,138.26236,11930.181375528007,2049,225,446.4948638193145,154.86979773853912,10948,5.0,30729,2022-05-22 12:00:00,2022-05-22 12:00:00,27.530051361810727,-96.44630298130544,,2022-05-22,25069,0 days 00:00:00,599,3,False,False,,,,Free
2022-05-22 12:00:00,3.333147876713928,9.6,8.725675238396281,2049,230,401.625,188.375,8,5.0,30734,2022-05-22 12:00:00,2022-05-22 12:00:00,27.97875000000394,-96.11125096826532,,2022-05-22,25001,0 days 00:30:00,597,3,False,False,,,,Free
2022-05-22 12:00:00,8.926031378179905,10.442104,62.5758416738656,2049,241,472.7601547399485,389.36750482601593,57,5.0,30742,2022-05-22 12:00:00,2022-05-22 12:00:00,27.267398452604347,-94.10132597744098,,2022-05-22,25006,0 days 00:30:00,598,3,False,False,,,,Free
2022-05-22 12:00:00,30.580835088077425,19.904192,734.4945250492585,2049,242,492.8852148790384,264.43477308142354,668,5.0,30743,2022-05-22 12:00:00,2022-05-22 12:00:00,27.06614785121341,-95.350653259186,,2022-05-22,24964,0 days 00:45:00,596,6,False,False,,,,Free
2022-05-22 12:15:00,116.53572152345356,117.5766,10666.158184567474,2050,210,449.6397568281189,159.43618466818145,9782,5.0,30776,2022-05-22 12:15:00,2022-05-22 12:15:00,27.49860243172268,-96.4006391133139,,2022-05-22,25069,0 days 00:15:00,599,3,False,False,,,,Free
2022-05-22 12:15:00,22.63955230469536,18.22951,402.5553012992922,2050,222,494.80159807188096,266.73804521314673,369,5.0,30784,2022-05-22 12:15:00,2022-05-22 12:15:00,27.046984019284988,-95.32762053852696,,2022-05-22,24964,0 days 01:00:00,596,6,False,False,,,,Free
2022-05-22 12:30:00,117.59265183057568,94.32598,10860.510751276786,2051,103,452.3184271543861,162.79666097401056,9945,5.0,30792,2022-05-22 12:30:00,2022-05-22 12:30:00,27.47181572846,-96.36703435121592,,2022-05-22,25069,0 days 00:30:00,599,3,False,False,,,,Free
2022-05-22 12:30:00,1.6669502580986677,9.6,2.1824040687906825,2051,106,406.5,198.0,2,5.0,30794,2022-05-22 12:30:00,2022-05-22 12:30:00,27.930000000003936,-96.01500097101577,,2022-05-22,25001,0 days 01:00:00,597,3,False,False,,,,Free
2022-05-22 12:30:00,21.17032119267133,17.070002,352.00171189632056,2051,118,496.0951221840928,267.2901822794083,320,5.0,30803,2022-05-22 12:30:00,2022-05-22 12:30:00,27.034048778162862,-95.32209916802208,,2022-05-22,24964,0 days 01:15:00,596,6,False,False,,,,Free
2022-05-22 16:15:00,6.440692914688166,15.793551,32.58029912190862,2065,20,31.071129706397443,410.9689181141249,31,5.0,30915,2022-05-22 16:15:00,2022-05-22 16:15:00,31.684288702940545,-93.8853118507327,,2022-05-22,25236,0 days 00:00:00,600,3,False,False,,,,Free
2022-05-22 16:45:00,5.173642336849403,9.600001,21.022418868719686,2067,26,32.3,411.95,20,5.0,30925,2022-05-22 16:45:00,2022-05-22 16:45:00,31.67200000000452,-93.87550103215432,,2022-05-22,25236,0 days 00:30:00,600,3,False,False,,,,Free
2022-05-22 17:00:00,1.6360229476202743,9.6,2.102174014471774,2068,32,32.0,413.5,2,5.0,30932,2022-05-22 17:00:00,2022-05-22 17:00:00,31.67500000000452,-93.8600010325972,,2022-05-22,25236,0 days 00:45:00,600,3,False,False,,,,Free
2022-05-22 22:45:00,2.031786215696384,9.6,3.242245532950753,2091,23,304.6666666666667,351.6666666666667,3,5.0,30989,2022-05-22 22:45:00,2022-05-22 22:45:00,28.948333333337427,-94.478334348261,,2022-05-22,25297,0 days 00:00:00,602,3,False,False,,,,Free
2022-05-22 23:00:00,4.692836456852935,17.400002,17.296599137084446,2092,37,307.83971773549086,349.30342742550874,16,5.0,30994,2022-05-22 23:00:00,2022-05-22 23:00:00,28.91660282264918,-94.50196673999729,,2022-05-22,25297,0 days 00:15:00,602,3,False,False,,,,Free
2022-05-22 23:15:00,4.544613943048859,10.88,16.221233448769517,2093,44,311.2025862042388,345.94612069364183,16,5.0,31005,2022-05-22 23:15:00,2022-05-22 23:15:00,28.882974137961696,-94.53553980635655,,2022-05-22,25297,0 days 00:30:00,602,3,False,False,,,,Free
2022-05-22 23:15:00,25.14965039050817,29.030067,496.7681983961242,2093,45,319.3085640653826,461.8102234025456,459,5.0,31006,2022-05-22 23:15:00,2022-05-22 23:15:00,28.80191435935025,-93.37689881237696,,2022-05-22,25308,0 days 00:00:00,604,4,False,False,,,,Free
2022-05-22 23:30:00,20.639094729523148,58.31456,334.55780808538555,2094,39,323.55565672047646,458.4311953888477,309,5.0,31019,2022-05-22 23:30:00,2022-05-22 23:30:00,28.75944343279929,-93.41068909154836,,2022-05-22,25308,0 days 00:15:00,604,4,False,False,,,,Free
2022-05-22 23:45:00,21.16971248844142,53.464615,351.9814701769182,2095,47,326.3766745050739,453.98001398373407,325,5.0,31031,2022-05-22 23:45:00,2022-05-22 23:45:00,28.73123325495332,-93.45520090432753,,2022-05-22,25308,0 days 00:30:00,604,4,False,False,,,,Free
2022-05-23 00:00:00,19.861354371204868,37.158047,309.8186818731193,2096,63,328.49608578634843,448.0146784489802,286,5.0,31045,2022-05-23 00:00:00,2022-05-23 00:00:00,28.710039142140573,-93.5148542579704,,2022-05-23,25308,0 days 00:45:00,604,4,False,False,,,,Free
2022-05-23 00:00:00,14.112920453431558,18.733334,156.4313051290876,2096,70,358.3648867475052,395.4669295785639,144,5.0,31050,2022-05-23 00:00:00,2022-05-23 00:00:00,28.41135113252896,-94.04033173165844,,2022-05-23,25340,0 days 00:00:00,605,3,False,False,,,,Free
2022-05-23 00:15:00,1.662467976411921,9.6,2.170683265394514,2097,74,349.0,335.5,2,5.0,31065,2022-05-23 00:15:00,2022-05-23 00:15:00,28.505000000004024,-94.64000101030786,,2022-05-23,25353,0 days 00:00:00,606,3,False,False,,,,Free
2022-05-23 00:15:00,15.736815200810833,28.960894,194.5017759529156,2097,75,361.6118374623138,392.0177283622542,181,5.0,31066,2022-05-23 00:15:00,2022-05-23 00:15:00,28.378881625380867,-94.07482374283592,,2022-05-23,25340,0 days 00:15:00,605,3,False,False,,,,Free
2022-05-23 00:30:00,6.851266941685418,24.0,36.86647881800992,2098,44,338.8294117689958,495.1557275583762,34,5.0,31075,2022-05-23 00:30:00,2022-05-23 00:30:00,28.60670588231408,-93.0434437803475,,2022-05-23,25359,0 days 00:00:00,607,3,False,False,,,,Free
2022-05-23 00:30:00,2.036195604336723,9.6,3.256333465500862,2098,46,350.25,332.5,4,5.0,31077,2022-05-23 00:30:00,2022-05-23 00:30:00,28.49250000000402,-94.67000100945064,,2022-05-23,25353,0 days 00:15:00,606,3,False,False,,,,Free
2022-05-23 00:30:00,8.56412159852692,11.411318,57.6043832895648,2098,47,364.068908484599,386.83682470636666,58,5.0,31078,2022-05-23 00:30:00,2022-05-23 00:30:00,28.35431091515801,-94.12663277791428,,2022-05-23,25340,0 days 00:30:00,605,3,False,False,,,,Free
2022-05-23 00:45:00,2.348145767870796,9.6,4.330519398308835,2099,43,322.75,474.25,4,5.0,31081,2022-05-23 00:45:00,2022-05-23 00:45:00,28.767500000004063,-93.25250104995725,,2022-05-23,25362,0 days 00:00:00,608,3,False,False,,,,Free
2022-05-23 00:45:00,5.511402945811567,14.836365,23.856910945550805,2099,50,339.8243992623391,494.808687611128,22,5.0,31087,2022-05-23 00:45:00,2022-05-23 00:45:00,28.596756007380648,-93.04691417972084,,2022-05-23,25359,0 days 00:15:00,607,3,False,False,,,,Free
2022-05-23 00:45:00,,,,2099,52,352.4,331.0,5,5.0,31089,2022-05-23 00:45:00,2022-05-23 00:45:00,28.47100000000401,-94.68500100902196,,2022-05-23,25353,0 days 00:30:00,606,3,False,False,,,,Free
2022-05-23 01:00:00,7.332737742773659,24.615383,42.23010746613392,2100,47,324.90980391586834,473.8800000041887,39,5.0,31097,2022-05-23 01:00:00,2022-05-23 01:00:00,28.74590196084538,-93.2562010498096,,2022-05-23,25362,0 days 00:15:00,608,3,False,False,,,,Free
2022-05-23 01:00:00,2.8785909205465883,9.599999,6.508033560626507,2100,50,342.5,495.0,6,5.0,31100,2022-05-23 01:00:00,2022-05-23 01:00:00,28.57000000000404,-93.04500105588676,,2022-05-23,25359,0 days 00:30:00,607,3,False,False,,,,Free
2022-05-23 01:00:00,11.733791272950551,18.327272,108.13507812138272,2100,54,417.1035319088574,490.54358039488864,99,5.0,31104,2022-05-23 01:00:00,2022-05-23 01:00:00,27.823964680915346,-93.0895652506644,,2022-05-23,25375,0 days 00:00:00,609,4,False,False,,,,Free
2022-05-23 01:15:00,10.76245003535819,17.599998,90.97292904743588,2101,24,327.3628117740201,471.9933862418678,84,5.0,31108,2022-05-23 01:15:00,2022-05-23 01:15:00,28.721371882263856,-93.2750671868937,,2022-05-23,25362,0 days 00:30:00,608,3,False,False,,,,Free
2022-05-23 01:15:00,11.189265536584772,14.719997,98.3315855731182,2101,26,420.1513488789215,489.9028349286446,90,5.0,31110,2022-05-23 01:15:00,2022-05-23 01:15:00,27.7934865112147,-93.09597270514377,,2022-05-23,25375,0 days 00:15:00,609,4,False,False,,,,Free
2022-05-23 01:30:00,6.461042907979006,10.240002,32.78650559618685,2102,22,423.1145038200356,490.7709923599288,30,5.0,31115,2022-05-23 01:30:00,2022-05-23 01:30:00,27.76385496180356,-93.08729113107898,,2022-05-23,25375,0 days 00:30:00,609,4,False,False,,,,Free
2022-05-23 01:45:00,2.3594343314986204,9.6,4.372256884161008,2103,18,424.8,494.0,5,5.0,31118,2022-05-23 01:45:00,2022-05-23 01:45:00,27.747000000003904,-93.055001055601,,2022-05-23,25375,0 days 00:45:00,609,4,False,False,,,,Free
2022-05-23 08:30:00,7.430412449042933,18.72,43.36264090381849,2130,86,336.380552643404,260.7929345678373,45,5.0,31192,2022-05-23 08:30:00,2022-05-23 08:30:00,28.631194473570005,-95.38707164328116,,2022-05-23,25441,0 days 00:00:00,612,4,False,False,,,,Free
2022-05-23 08:30:00,2.878317238798073,12.799999,6.506796118153402,2130,89,340.63424124730204,374.365758752698,7,5.0,31195,2022-05-23 08:30:00,2022-05-23 08:30:00,28.588657587531017,-94.2513434338872,,2022-05-23,25443,0 days 00:00:00,613,3,False,False,,,,Free
2022-05-23 08:30:00,4.075308916713853,17.6,13.044004826367512,2130,94,365.1243386250061,257.0608465625152,12,5.0,31200,2022-05-23 08:30:00,2022-05-23 08:30:00,28.34375661375394,-95.42439252226792,,2022-05-23,25447,0 days 00:00:00,614,5,False,False,,,,Free
2022-05-23 08:45:00,3.7160505928528167,15.360001,10.84558837788382,2131,149,341.75177304784654,370.0478723341296,12,5.0,31226,2022-05-23 08:45:00,2022-05-23 08:45:00,28.57748226952557,-94.29452229683903,,2022-05-23,25443,0 days 00:15:00,613,3,False,False,,,,Free
2022-05-23 08:45:00,11.582171482726531,25.9299,105.3585688647352,2131,153,356.9591173676446,372.3718845926367,97,5.0,31228,2022-05-23 08:45:00,2022-05-23 08:45:00,28.425408826327565,-94.27128217491804,,2022-05-23,25471,0 days 00:00:00,616,3,False,False,,,,Free
2022-05-23 08:45:00,5.998927574471727,21.046154,28.2642274131084,2131,154,366.09204219027566,252.61073826810457,26,5.0,31229,2022-05-23 08:45:00,2022-05-23 08:45:00,28.33407957810124,-95.46889360394032,,2022-05-23,25447,0 days 00:15:00,614,5,False,False,,,,Free
2022-05-23 09:00:00,11.750584990321553,19.776,108.44483128545176,2132,90,338.7530029711198,251.4706134727543,132,5.0,31241,2022-05-23 09:00:00,2022-05-23 09:00:00,28.607469970292843,-95.48029485156805,,2022-05-23,25441,0 days 00:30:00,612,4,False,False,,,,Free
2022-05-23 09:00:00,8.315737873974102,16.703999,54.31145825982887,2132,95,356.04208791446973,368.8887843484801,91,5.0,31246,2022-05-23 09:00:00,2022-05-23 09:00:00,28.434579120859315,-94.3061131763643,,2022-05-23,25471,0 days 00:15:00,616,3,False,False,,,,Free
2022-05-23 09:00:00,5.763662290823896,20.800001,26.09077226671841,2132,97,366.08491561441423,248.0295358855656,24,5.0,31248,2022-05-23 09:00:00,2022-05-23 09:00:00,28.334150843859856,-95.5147056264566,,2022-05-23,25447,0 days 00:30:00,614,5,False,False,,,,Free
2022-05-23 09:15:00,5.122611732940986,16.673683,20.60975177449651,2133,160,342.7835888291773,364.82867448116593,19,5.0,31280,2022-05-23 09:15:00,2022-05-23 09:15:00,28.567164111712263,-94.34671427387724,,2022-05-23,25443,0 days 00:45:00,613,3,False,False,,,,Free
2022-05-23 09:15:00,4.40015680238589,13.714288,15.206392202977042,2133,165,356.88032787320947,367.27377048719,14,5.0,31285,2022-05-23 09:15:00,2022-05-23 09:15:00,28.42619672127192,-94.32226331451568,,2022-05-23,25471,0 days 00:30:00,616,3,False,False,,,,Free
2022-05-23 09:15:00,4.242112648410826,11.076923,14.133648138889871,2133,166,367.116455697425,243.06329113465628,13,5.0,31286,2022-05-23 09:15:00,2022-05-23 09:15:00,28.323835443029747,-95.56436807254651,,2022-05-23,25447,0 days 00:45:00,614,5,False,False,,,,Free
2022-05-23 09:30:00,12.546528562939224,19.031582,123.63374954191563,2134,131,340.3867336563631,242.63457541311504,137,5.0,31308,2022-05-23 09:30:00,2022-05-23 09:30:00,28.59113266344041,-95.56865522963945,,2022-05-23,25441,0 days 01:00:00,612,4,False,False,,,,Free
2022-05-23 09:30:00,3.902364720195716,16.58182,11.960396982954022,2134,138,367.7932330836053,235.47744363193576,18,5.0,31313,2022-05-23 09:30:00,2022-05-23 09:30:00,28.31706766916794,-95.640226545406,,2022-05-23,25447,0 days 01:00:00,614,5,False,False,,,,Free
2022-05-23 09:45:00,,,,2135,78,343.02770279201627,235.2929638911677,98,5.0,31327,2022-05-23 09:45:00,2022-05-23 09:45:00,28.56472297208387,-95.64207134276096,,2022-05-23,25441,0 days 01:15:00,612,4,False,False,,,,Free
2022-05-23 10:30:00,2.873587605912105,12.799999,6.485429833684005,2138,84,306.09829060003227,498.4017093999677,6,5.0,31373,2022-05-23 10:30:00,2022-05-23 10:30:00,28.934017094003767,-93.01098396285914,,2022-05-23,25570,0 days 00:00:00,619,11,False,False,,,,Free
2022-05-23 10:30:00,1.6611640287903835,14.400001,2.1672794738095216,2138,100,332.7553191435396,499.0,2,5.0,31387,2022-05-23 10:30:00,2022-05-23 10:30:00,28.66744680856865,-93.0050010570298,,2022-05-23,25578,0 days 00:00:00,620,4,False,False,,,,Free
2022-05-23 10:45:00,6.096349559669701,177.77776,29.189698126612523,2139,93,307.81371917726204,497.827995692187,27,5.0,31397,2022-05-23 10:45:00,2022-05-23 10:45:00,28.916862808231468,-93.016721099773,,2022-05-23,25570,0 days 00:15:00,619,11,False,False,,,,Free
2022-05-23 10:45:00,13.699494620431771,32.188236,147.40050576600356,2139,106,334.7259302928905,461.1504759458342,136,5.0,31407,2022-05-23 10:45:00,2022-05-23 10:45:00,28.647740697075143,-93.38349628675552,,2022-05-23,25593,0 days 00:00:00,621,3,False,False,,,,Free
2022-05-23 10:45:00,10.03515643842796,43.791782,79.09302311582609,2139,107,329.6059043717182,486.4813193320074,73,5.0,31408,2022-05-23 10:45:00,2022-05-23 10:45:00,28.698940956286872,-93.13018786013237,,2022-05-23,25594,0 days 00:00:00,622,16,False,False,,,,Free
2022-05-23 11:00:00,7.958215505590127,129.80872,49.74177427593848,2140,62,309.60060614684585,497.2198843749509,46,5.0,31420,2022-05-23 11:00:00,2022-05-23 11:00:00,28.89899393853563,-93.02280221277158,,2022-05-23,25570,0 days 00:30:00,619,11,False,False,,,,Free
2022-05-23 11:00:00,2.87556934034529,9.599999,6.494378112371464,2140,67,320.5,487.0,6,5.0,31425,2022-05-23 11:00:00,2022-05-23 11:00:00,28.79000000000407,-93.12500105360068,,2022-05-23,25603,0 days 00:00:00,624,3,False,False,,,,Free
2022-05-23 11:00:00,10.17209270591061,35.072002,81.26630251588846,2140,69,330.64671457202354,483.9430699468955,75,5.0,31427,2022-05-23 11:00:00,2022-05-23 11:00:00,28.688532854283817,-93.15557035325816,,2022-05-23,25594,0 days 00:15:00,622,16,False,False,,,,Free
2022-05-23 11:00:00,13.029640771201391,42.536587,133.3382546344542,2140,71,335.67203814086827,458.0744206113144,123,5.0,31429,2022-05-23 11:00:00,2022-05-23 11:00:00,28.63827961859536,-93.41425683922172,,2022-05-23,25593,0 days 00:15:00,621,3,False,False,,,,Free
2022-05-23 11:00:00,5.510246028821621,40.581818,23.846896229145937,2140,74,334.9297394014986,497.1374552948715,22,5.0,31432,2022-05-23 11:00:00,2022-05-23 11:00:00,28.64570260598906,-93.02362650354884,,2022-05-23,25578,0 days 00:30:00,620,4,False,False,,,,Free
2022-05-23 11:15:00,8.780864140448378,74.22857,60.5570062380131,2141,53,310.5849153696048,495.1287143887757,56,5.0,31439,2022-05-23 11:15:00,2022-05-23 11:15:00,28.88915084630804,-93.0437139120358,,2022-05-23,25570,0 days 00:45:00,619,11,False,False,,,,Free
2022-05-23 11:15:00,5.380108991942342,12.342859,22.733799688258664,2141,57,322.2464331995406,486.0,21,5.0,31443,2022-05-23 11:15:00,2022-05-23 11:15:00,28.77253566800866,-93.13500105331492,,2022-05-23,25603,0 days 00:15:00,624,3,False,False,,,,Free
2022-05-23 11:15:00,8.789476815914913,26.571428,60.6758586920696,2141,58,330.8200331253397,481.35562906566827,56,5.0,31444,2022-05-23 11:15:00,2022-05-23 11:15:00,28.68679966875065,-93.18144476133102,,2022-05-23,25594,0 days 00:30:00,622,16,False,False,,,,Free
2022-05-23 11:15:00,13.4986396949519,24.218182,143.1099704431753,2141,60,336.6588615909883,457.0418637305623,132,5.0,31446,2022-05-23 11:15:00,2022-05-23 11:15:00,28.62841138409416,-93.4245824077342,,2022-05-23,25593,0 days 00:30:00,621,3,False,False,,,,Free
2022-05-23 11:15:00,6.104234098675822,22.044443,29.2652502708649,2141,61,335.04172098693425,496.0599739148324,27,5.0,31447,2022-05-23 11:15:00,2022-05-23 11:15:00,28.644582790134702,-93.03440131704131,,2022-05-23,25578,0 days 00:45:00,620,4,False,False,,,,Free
2022-05-23 11:15:00,4.984521617493974,11.733334,19.51357531895749,2141,62,337.04455444921297,401.94884489747295,18,5.0,31448,2022-05-23 11:15:00,2022-05-23 11:15:00,28.624554455511912,-93.97551258032166,,2022-05-23,25611,0 days 00:00:00,626,3,False,False,,,,Free
2022-05-23 11:30:00,11.733301301875496,60.192005,108.12604745890845,2142,59,310.47985217648943,494.6007754947876,100,5.0,31455,2022-05-23 11:30:00,2022-05-23 11:30:00,28.89020147823919,-93.0489933008248,,2022-05-23,25570,0 days 01:00:00,619,11,False,False,,,,Free
2022-05-23 11:30:00,3.522504502429042,9.6,9.745250232715462,2142,61,324.44444444444446,485.77777777777777,9,5.0,31457,2022-05-23 11:30:00,2022-05-23 11:30:00,28.75055555555961,-93.13722327547362,,2022-05-23,25603,0 days 00:30:00,624,3,False,False,,,,Free
2022-05-23 11:30:00,10.172494230911395,40.96,81.27271832375396,2142,62,332.2590285621963,480.2462736332509,75,5.0,31458,2022-05-23 11:30:00,2022-05-23 11:30:00,28.672409714382088,-93.1925383153382,,2022-05-23,25594,0 days 00:45:00,622,16,False,False,,,,Free
2022-05-23 11:30:00,8.472636657192512,22.153843,56.38025634817516,2142,63,339.09324109560606,398.3939326977391,53,5.0,31459,2022-05-23 11:30:00,2022-05-23 11:30:00,28.60406758904798,-94.0110617013031,,2022-05-23,25611,0 days 00:15:00,626,3,False,False,,,,Free
2022-05-23 11:30:00,4.699013628663453,19.800001,17.34216406776599,2142,64,334.5962837875254,494.9560810850268,16,5.0,31460,2022-05-23 11:30:00,2022-05-23 11:30:00,28.649037162128792,-93.04544024502394,,2022-05-23,25578,0 days 01:00:00,620,4,False,False,,,,Free
2022-05-23 11:30:00,5.384990847048176,20.571432,22.775075234428343,2142,68,341.05749235522165,368.94862384657546,21,5.0,31464,2022-05-23 11:30:00,2022-05-23 11:30:00,28.58442507645182,-94.30551478140046,,2022-05-23,25620,0 days 00:00:00,627,3,False,False,,,,Free
2022-05-23 11:45:00,4.059108062995057,19.2,12.94050152243631,2143,70,282.450704219046,487.3873239452385,12,5.0,31472,2022-05-23 11:45:00,2022-05-23 11:45:00,29.170492957813668,-93.12112781425895,,2022-05-23,25627,0 days 00:00:00,628,5,False,False,,,,Free
2022-05-23 11:45:00,,,,2143,72,310.102028036015,493.80169546635113,100,5.0,31474,2022-05-23 11:45:00,2022-05-23 11:45:00,28.893979719643934,-93.0569841008808,,2022-05-23,25570,0 days 01:15:00,619,11,False,False,,,,Free
2022-05-23 11:45:00,9.17468433918327,39.34427,66.11075902544589,2143,75,333.46224343829914,478.3293556220788,61,5.0,31477,2022-05-23 11:45:00,2022-05-23 11:45:00,28.66037756562105,-93.21170749490216,,2022-05-23,25594,0 days 01:00:00,622,16,False,False,,,,Free
2022-05-23 11:45:00,8.472838311093147,31.384617,56.38294014883118,2143,77,340.1212827687699,396.2539358902552,52,5.0,31478,2022-05-23 11:45:00,2022-05-23 11:45:00,28.59378717231634,-94.03246166876642,,2022-05-23,25611,0 days 00:30:00,626,3,False,False,,,,Free
2022-05-23 11:45:00,4.9860630930894985,19.733334,19.525646427703705,2143,85,343.538461539568,365.050527906897,18,5.0,31485,2022-05-23 11:45:00,2022-05-23 11:45:00,28.55961538460836,-94.34449573968328,,2022-05-23,25620,0 days 00:15:00,627,3,False,False,,,,Free
2022-05-23 11:45:00,6.45193802299426,16.000004,32.694165386779375,2143,91,392.3218181886489,364.1339393885098,30,5.0,31490,2022-05-23 11:45:00,2022-05-23 11:45:00,28.07178181811747,-94.35366162460524,,2022-05-23,25635,0 days 00:00:00,629,3,False,False,,,,Free
2022-05-23 12:00:00,6.088870729186257,35.555557,29.118123851904663,2144,52,283.17648484785883,486.24848484737794,27,5.0,31491,2022-05-23 12:00:00,2022-05-23 12:00:00,29.163235151525537,-93.13251620491212,,2022-05-23,25627,0 days 00:15:00,628,5,False,False,,,,Free
2022-05-23 12:00:00,4.226276901595903,16.984617,14.028323674692563,2144,53,289.1553273388968,455.9679075756199,13,5.0,31492,2022-05-23 12:00:00,2022-05-23 12:00:00,29.10344672661515,-93.43532196897672,,2022-05-23,25636,0 days 00:00:00,630,3,False,False,,,,Free
2022-05-23 12:00:00,14.934677711799116,67.85185,175.17881790398144,2144,54,309.1712237406689,493.4911412262803,162,5.0,31493,2022-05-23 12:00:00,2022-05-23 12:00:00,28.9032877625974,-93.06008964319278,,2022-05-23,25570,0 days 01:30:00,619,11,False,False,,,,Free
2022-05-23 12:00:00,8.30692911675649,14.4,54.19645630404134,2144,57,335.4736170176069,476.5255319194267,50,5.0,31496,2022-05-23 12:00:00,2022-05-23 12:00:00,28.640263829827976,-93.22974573141325,,2022-05-23,25594,0 days 01:15:00,622,16,False,False,,,,Free
2022-05-23 12:00:00,12.156367224477291,58.31776,116.06399181316962,2144,60,344.2538330438777,453.2226575474786,122,5.0,31499,2022-05-23 12:00:00,2022-05-23 12:00:00,28.55246166956525,-93.46277446847364,,2022-05-23,25640,0 days 00:00:00,631,8,False,False,,,,Free
2022-05-23 12:00:00,2.350806071699433,9.6,4.340337377667925,2144,62,346.5,360.5,4,5.0,31501,2022-05-23 12:00:00,2022-05-23 12:00:00,28.53000000000403,-94.39000101745194,,2022-05-23,25620,0 days 00:30:00,627,3,False,False,,,,Free
2022-05-23 12:00:00,5.525724092648517,13.527274,23.981054369802305,2144,67,394.8443496859153,362.4360341039201,22,5.0,31506,2022-05-23 12:00:00,2022-05-23 12:00:00,28.0465565031448,-94.37064067696592,,2022-05-23,25635,0 days 00:15:00,629,3,False,False,,,,Free
2022-05-23 12:15:00,6.418680147092322,25.599997,32.357976156989935,2145,70,284.35598704204165,485.6763754011748,30,5.0,31507,2022-05-23 12:15:00,2022-05-23 12:15:00,29.15144012958371,-93.13823729921069,,2022-05-23,25627,0 days 00:30:00,628,5,False,False,,,,Free
2022-05-23 12:15:00,5.371909373395968,21.028572,22.664557062576844,2145,71,290.16518122879586,455.34997028961817,21,5.0,31508,2022-05-23 12:15:00,2022-05-23 12:15:00,29.09334818771616,-93.44150134166016,,2022-05-23,25636,0 days 00:15:00,630,3,False,False,,,,Free
2022-05-23 12:15:00,15.523743686676417,87.936,189.2704472195385,2145,72,309.9970511137414,493.4420069160626,175,5.0,31509,2022-05-23 12:15:00,2022-05-23 12:15:00,28.89502948886668,-93.06058098628093,,2022-05-23,25570,0 days 01:45:00,619,11,False,False,,,,Free
2022-05-23 12:15:00,9.82922550851889,21.257143,75.88020219511353,2145,77,336.19806679965745,474.81599298394735,70,5.0,31513,2022-05-23 12:15:00,2022-05-23 12:15:00,28.63301933200747,-93.2468411202795,,2022-05-23,25594,0 days 01:30:00,622,16,False,False,,,,Free
2022-05-23 12:15:00,12.981532798426286,69.1672,132.3554507032454,2145,81,346.4080526929952,453.2925501799365,122,5.0,31516,2022-05-23 12:15:00,2022-05-23 12:15:00,28.530919473074075,-93.46207554216905,,2022-05-23,25640,0 days 00:15:00,631,8,False,False,,,,Free
2022-05-23 12:15:00,3.725582539724893,16.320002,10.901299223462344,2145,91,396.2985865654424,360.74558304333465,10,5.0,31523,2022-05-23 12:15:00,2022-05-23 12:15:00,28.032014134349527,-94.38754518708872,,2022-05-23,25635,0 days 00:30:00,629,3,False,False,,,,Free
2022-05-23 12:30:00,5.975964070249228,27.323072,28.04825432620218,2146,49,286.0675396272042,485.07477601043433,26,5.0,31524,2022-05-23 12:30:00,2022-05-23 12:30:00,29.13432460373208,-93.1442532929462,,2022-05-23,25627,0 days 00:45:00,628,5,False,False,,,,Free
2022-05-23 12:30:00,2.344723761063677,9.6,4.317906664484048,2146,50,292.5,453.5,4,5.0,31525,2022-05-23 12:30:00,2022-05-23 12:30:00,29.070000000004114,-93.46000104402763,,2022-05-23,25636,0 days 00:30:00,630,3,False,False,,,,Free
2022-05-23 12:30:00,16.802089454462028,101.19804,221.7259204704213,2146,51,312.4898735494532,492.0847641610156,205,5.0,31526,2022-05-23 12:30:00,2022-05-23 12:30:00,28.87010126450955,-93.07415341344353,,2022-05-23,25570,0 days 02:00:00,619,11,False,False,,,,Free
2022-05-23 12:30:00,11.512912835417504,22.900003,104.10229756372458,2146,53,337.794925555738,413.933542837844,96,5.0,31528,2022-05-23 12:30:00,2022-05-23 12:30:00,28.61705074444666,-93.85566560434268,,2022-05-23,25651,0 days 00:00:00,632,3,False,False,,,,Free
2022-05-23 12:30:00,9.969735450273694,48.0,78.06514128424952,2146,55,337.81724808819,472.8571705702884,72,5.0,31530,2022-05-23 12:30:00,2022-05-23 12:30:00,28.616827519122143,-93.26642934385632,,2022-05-23,25594,0 days 01:45:00,622,16,False,False,,,,Free
2022-05-23 12:30:00,11.151786141808373,112.64001,97.67394883929477,2146,59,348.34633965294233,453.1969940858296,90,5.0,31534,2022-05-23 12:30:00,2022-05-23 12:30:00,28.511536603474603,-93.4630311030828,,2022-05-23,25640,0 days 00:30:00,631,8,False,False,,,,Free
2022-05-23 12:30:00,3.532805510881686,13.866667,9.802330464305546,2146,62,385.3401109135503,452.0,11,5.0,31537,2022-05-23 12:30:00,2022-05-23 12:30:00,28.141598890868465,-93.47500104359904,,2022-05-23,25656,0 days 00:00:00,633,6,False,False,,,,Free
2022-05-23 12:45:00,4.539413587304417,18.56,16.18413110228218,2147,34,287.1356932192119,485.1828908586383,15,5.0,31539,2022-05-23 12:45:00,2022-05-23 12:45:00,29.123643067812,-93.14317214449504,,2022-05-23,25627,0 days 01:00:00,628,5,False,False,,,,Free
2022-05-23 12:45:00,10.95955880423293,74.26207,94.3356885827978,2147,38,339.48252514812793,471.2959275294861,87,5.0,31543,2022-05-23 12:45:00,2022-05-23 12:45:00,28.60017474852276,-93.2820417738182,,2022-05-23,25594,0 days 02:00:00,622,16,False,False,,,,Free
2022-05-23 12:45:00,6.217463736162861,14.400001,30.36102316358779,2147,39,338.83358663192183,411.4490881431984,28,5.0,31544,2022-05-23 12:45:00,2022-05-23 12:45:00,28.606664133684824,-93.8805101505792,,2022-05-23,25651,0 days 00:15:00,632,3,False,False,,,,Free
2022-05-23 12:45:00,10.382827777881271,105.72308,84.66836669573148,2147,41,350.4145410271097,453.640649662366,78,5.0,31546,2022-05-23 12:45:00,2022-05-23 12:45:00,28.49085458973293,-93.4585945474442,,2022-05-23,25640,0 days 00:45:00,631,8,False,False,,,,Free
2022-05-23 12:45:00,5.768976144300033,24.4,26.13890362667413,2147,43,386.0379106939149,452.43260319765056,26,5.0,31548,2022-05-23 12:45:00,2022-05-23 12:45:00,28.134620893064817,-93.47067501174617,,2022-05-23,25656,0 days 00:15:00,633,6,False,False,,,,Free
2022-05-23 13:00:00,20.22647611743956,116.36364,321.31450662290626,2148,28,313.8424671832996,490.797557033508,297,5.0,31549,2022-05-23 13:00:00,2022-05-23 13:00:00,28.856575328171083,-93.08702548435076,,2022-05-23,25570,0 days 02:30:00,619,11,False,False,,,,Free
2022-05-23 13:00:00,11.023031764643337,95.34546,95.43155471943012,2148,30,341.1113403006092,470.6951600119336,88,5.0,31551,2022-05-23 13:00:00,2022-05-23 13:00:00,28.583886596997942,-93.28804944882204,,2022-05-23,25594,0 days 02:15:00,622,16,False,False,,,,Free
2022-05-23 13:00:00,,,,2148,31,340.5,408.5,2,5.0,31552,2022-05-23 13:00:00,2022-05-23 13:00:00,28.59000000000404,-93.91000103116846,,2022-05-23,25651,0 days 00:30:00,632,3,False,False,,,,Free
2022-05-23 13:00:00,10.775973324851329,91.885704,91.20169223306758,2148,32,352.2934067839125,453.6565274605799,84,5.0,31553,2022-05-23 13:00:00,2022-05-23 13:00:00,28.47206593216489,-93.45843576946665,,2022-05-23,25640,0 days 01:00:00,631,8,False,False,,,,Free
2022-05-23 13:00:00,3.33086241629001,14.400001,8.713713363781077,2148,35,386.155982899887,452.4423077001453,12,5.0,31556,2022-05-23 13:00:00,2022-05-23 13:00:00,28.13344017100509,-93.47057796672397,,2022-05-23,25656,0 days 00:30:00,633,6,False,False,,,,Free
2022-05-23 13:15:00,12.156086428471063,61.457943,116.0586300256603,2149,30,342.6033107010306,470.4607846228197,107,5.0,31559,2022-05-23 13:15:00,2022-05-23 13:15:00,28.56896689299373,-93.2903932026462,,2022-05-23,25594,0 days 02:30:00,622,16,False,False,,,,Free
2022-05-23 13:15:00,11.699574798612923,39.272728,107.50534024358318,2149,31,354.0236369292782,454.9681108136738,99,5.0,31560,2022-05-23 13:15:00,2022-05-23 13:15:00,28.45476363071124,-93.44531993631044,,2022-05-23,25640,0 days 01:15:00,631,8,False,False,,,,Free
2022-05-23 13:30:00,19.77767880933168,155.66197,307.2136588142564,2150,19,317.92387203825416,488.47142423368143,504,5.0,31565,2022-05-23 13:30:00,2022-05-23 13:30:00,28.81576127962153,-93.11028681168432,,2022-05-23,25570,0 days 03:00:00,619,11,False,False,,,,Free
2022-05-23 13:30:00,8.799645098099873,35.142857,60.81632806073389,2150,20,354.6954976566177,456.5020142121018,56,5.0,31566,2022-05-23 13:30:00,2022-05-23 13:30:00,28.44804502343784,-93.4299809027645,,2022-05-23,25640,0 days 01:30:00,631,8,False,False,,,,Free
2022-05-23 13:30:00,5.13349817090092,18.189476,20.69744344621699,2150,23,387.88347965218367,455.4349561043449,19,5.0,31569,2022-05-23 13:30:00,2022-05-23 13:30:00,28.11616520348213,-93.44065148353718,,2022-05-23,25656,0 days 01:00:00,633,6,False,False,,,,Free
2022-05-23 13:45:00,9.972895380909549,36.0,78.11463497959032,2151,35,344.6454301464246,471.1793010510941,72,5.0,31571,2022-05-23 13:45:00,2022-05-23 13:45:00,28.548545698539787,-93.28320803856876,,2022-05-23,25594,0 days 03:00:00,622,16,False,False,,,,Free
2022-05-23 13:45:00,4.988964602252191,11.200001,19.54837791949236,2151,36,355.4534050229749,456.5770609383317,18,5.0,31572,2022-05-23 13:45:00,2022-05-23 13:45:00,28.440465949774264,-93.42923043552366,,2022-05-23,25640,0 days 01:45:00,631,8,False,False,,,,Free
2022-05-23 13:45:00,4.561593157106064,17.28,16.342668759384964,2151,43,390.3114406664082,455.9470339013016,16,5.0,31579,2022-05-23 13:45:00,2022-05-23 13:45:00,28.09188559333988,-93.43553070571392,,2022-05-23,25656,0 days 01:15:00,633,6,False,False,,,,Free
2022-05-23 14:00:00,20.82995677848152,139.42857,340.7741309854287,2152,31,313.7165096488952,492.2712244544941,315,5.0,31580,2022-05-23 14:00:00,2022-05-23 14:00:00,28.857834903515126,-93.07228881056204,,2022-05-23,25674,0 days 00:00:00,634,11,False,False,,,,Free
2022-05-23 14:00:00,9.10426521334086,44.32,65.09980421012554,2152,34,345.16963378119334,470.6983723130246,60,5.0,31583,2022-05-23 14:00:00,2022-05-23 14:00:00,28.5433036621921,-93.28801732581206,,2022-05-23,25594,0 days 03:15:00,622,16,False,False,,,,Free
2022-05-23 14:00:00,2.8850989104361355,9.599999,6.537493873339559,2152,39,390.5,456.0,6,5.0,31587,2022-05-23 14:00:00,2022-05-23 14:00:00,28.09000000000396,-93.43500104474208,,2022-05-23,25656,0 days 01:30:00,633,6,False,False,,,,Free
2022-05-23 14:15:00,20.36177492402172,98.16877,325.6275535667233,2153,22,313.32940615867204,492.3793137718534,301,5.0,31588,2022-05-23 14:15:00,2022-05-23 14:15:00,28.86170593841736,-93.07120791741931,,2022-05-23,25674,0 days 00:15:00,634,11,False,False,,,,Free
2022-05-23 14:15:00,7.617249855544141,78.171425,45.57076129288466,2153,26,345.35064426626764,470.4882857955136,42,5.0,31592,2022-05-23 14:15:00,2022-05-23 14:15:00,28.541493557341354,-93.2901181909271,,2022-05-23,25594,0 days 03:30:00,622,16,False,False,,,,Free
2022-05-23 14:30:00,16.966460050027834,61.733967,226.0853174247477,2154,20,313.2700085952377,492.3831025300437,209,5.0,31594,2022-05-23 14:30:00,2022-05-23 14:30:00,28.862299914051704,-93.07117002983853,,2022-05-23,25674,0 days 00:30:00,634,11,False,False,,,,Free
2022-05-23 14:30:00,6.648827301962816,29.100002,34.72002159697396,2154,21,345.4424273837755,471.258298765485,32,5.0,31595,2022-05-23 14:30:00,2022-05-23 14:30:00,28.540575726166274,-93.28241806144746,,2022-05-23,25594,0 days 03:45:00,622,16,False,False,,,,Free
2022-05-23 14:45:00,14.467970015589229,30.821054,164.40123717295364,2155,24,312.4995413851609,492.86169994216976,152,5.0,31600,2022-05-23 14:45:00,2022-05-23 14:45:00,28.870004586152472,-93.06638405585404,,2022-05-23,25674,0 days 00:45:00,634,11,False,False,,,,Free
2022-05-23 14:45:00,5.386245591432691,19.199999,22.785690007187608,2155,25,345.8068410489803,472.7223339959163,21,5.0,31601,2022-05-23 14:45:00,2022-05-23 14:45:00,28.536931589514225,-93.26777770956151,,2022-05-23,25594,0 days 04:00:00,622,16,False,False,,,,Free
2022-05-23 15:00:00,10.29752983689247,66.07792,83.28293067880412,2156,36,311.9994046549714,491.288326612717,77,5.0,31608,2022-05-23 15:00:00,2022-05-23 15:00:00,28.87500595345437,-93.08211778869897,,2022-05-23,25674,0 days 01:00:00,634,11,False,False,,,,Free
2022-05-23 15:15:00,10.56119026043658,53.570374,87.60232132150816,2157,68,311.63896091851853,491.3784251468336,81,5.0,31622,2022-05-23 15:15:00,2022-05-23 15:15:00,28.878610390818896,-93.08121680338354,,2022-05-23,25674,0 days 01:15:00,634,11,False,False,,,,Free
2022-05-23 15:30:00,11.376543612347495,56.68085,101.65074207663378,2158,115,310.7338822643733,491.4128035327464,94,5.0,31644,2022-05-23 15:30:00,2022-05-23 15:30:00,28.88766117736035,-93.08087301953424,,2022-05-23,25674,0 days 01:30:00,634,11,False,False,,,,Free
2022-05-23 15:45:00,7.362583484086637,12.719999,42.574577411056346,2159,83,151.3801813457301,5.27072539064125,40,5.0,31650,2022-05-23 15:45:00,2022-05-23 15:45:00,30.48119818654704,-97.94229366203484,,2022-05-23,25718,0 days 00:00:00,637,3,False,False,,,,Free
2022-05-23 15:45:00,12.080808331105027,51.622643,114.6256653246297,2159,103,310.0524889069817,489.5272359581156,106,5.0,31664,2022-05-23 15:45:00,2022-05-23 15:45:00,28.89447511093427,-93.09972869474171,,2022-05-23,25674,0 days 01:45:00,634,11,False,False,,,,Free
2022-05-23 15:45:00,2.8932901912085027,27.200003,6.574668659293448,2159,107,452.1066066071441,23.821321321428822,6,5.0,31668,2022-05-23 15:45:00,2022-05-23 15:45:00,27.473933933932425,-97.756787708028,,2022-05-23,25730,0 days 00:00:00,640,3,False,False,,,,Free
2022-05-23 16:00:00,8.231252488590393,16.127998,53.213488232505725,2160,78,151.0546689317375,8.11918506024744,55,5.0,31670,2022-05-23 16:00:00,2022-05-23 16:00:00,30.48445331068696,-97.91380906615274,,2022-05-23,25718,0 days 00:15:00,637,3,False,False,,,,Free
2022-05-23 16:00:00,4.670515180780761,13.800001,17.13244938401662,2160,88,210.78799999313355,13.994666672092013,18,5.0,31676,2022-05-23 16:00:00,2022-05-23 16:00:00,29.887120000072905,-97.85505425171328,,2022-05-23,25733,0 days 00:00:00,641,6,False,False,,,,Free
2022-05-23 16:00:00,5.850230813079257,15.744,26.880409666682887,2160,90,252.03425166934184,19.97170513777774,25,5.0,31678,2022-05-23 16:00:00,2022-05-23 16:00:00,29.47465748331076,-97.79528386876444,,2022-05-23,25735,0 days 00:00:00,642,3,False,False,,,,Free
2022-05-23 16:00:00,11.315363353064653,59.148396,100.56037635754602,2160,97,309.5228166381545,490.2954445859834,93,5.0,31684,2022-05-23 16:00:00,2022-05-23 16:00:00,28.89977183362254,-93.09204660868257,,2022-05-23,25674,0 days 02:00:00,634,11,False,False,,,,Free
2022-05-23 16:00:00,2.362316885518418,12.0,4.382946705261347,2160,99,451.49285715015566,24.0,4,5.0,31686,2022-05-23 16:00:00,2022-05-23 16:00:00,27.480071428502303,-97.75500092129334,,2022-05-23,25730,0 days 00:15:00,640,3,False,False,,,,Free
2022-05-23 16:15:00,7.632384204659089,10.716279,45.75202591563114,2161,65,148.312449134787,9.770545161790952,43,5.0,31687,2022-05-23 16:15:00,2022-05-23 16:15:00,30.51187550865647,-97.8972954656092,,2022-05-23,25718,0 days 00:30:00,637,3,False,False,,,,Free
2022-05-23 16:15:00,8.735798942895705,16.457142,59.93701930344246,2161,71,206.3500623317397,19.618142153407607,56,5.0,31692,2022-05-23 16:15:00,2022-05-23 16:15:00,29.93149937668685,-97.7988194985071,,2022-05-23,25733,0 days 00:15:00,641,6,False,False,,,,Free
2022-05-23 16:15:00,11.096101673217984,14.933333,96.70094904883037,2161,72,245.20837023383285,22.880203720110966,92,5.0,31693,2022-05-23 16:15:00,2022-05-23 16:15:00,29.54291629766585,-97.76619888377223,,2022-05-23,25735,0 days 00:15:00,642,3,False,False,,,,Free
2022-05-23 16:15:00,10.494487559659463,39.36,86.49925270955632,2161,80,308.97853609323687,489.35528230602847,80,5.0,31700,2022-05-23 16:15:00,2022-05-23 16:15:00,28.90521463907172,-93.10144823121344,,2022-05-23,25674,0 days 02:15:00,634,11,False,False,,,,Free
2022-05-23 16:15:00,2.362316885518418,19.2,4.382946705261346,2161,83,451.5809859178577,24.169014082142247,4,5.0,31703,2022-05-23 16:15:00,2022-05-23 16:15:00,27.47919014082529,-97.75331078052022,,2022-05-23,25730,0 days 00:30:00,640,3,False,False,,,,Free
2022-05-23 16:30:00,8.964346321643704,25.057627,63.11420761839599,2162,108,201.5903329007625,23.882203869755937,59,5.0,31710,2022-05-23 16:30:00,2022-05-23 16:30:00,29.97909667099663,-97.7561788825621,,2022-05-23,25733,0 days 00:30:00,641,6,False,False,,,,Free
2022-05-23 16:30:00,4.820977922790471,11.858823,18.254089128897967,2162,110,238.3979416830649,28.16809604661128,17,5.0,31712,2022-05-23 16:30:00,2022-05-23 16:30:00,29.61102058317355,-97.71331996201832,,2022-05-23,25735,0 days 00:30:00,642,3,False,False,,,,Free
2022-05-23 16:30:00,7.693748532560312,15.181394,46.4906754797554,2162,128,308.6423024240927,489.3417085451218,43,5.0,31725,2022-05-23 16:30:00,2022-05-23 16:30:00,28.90857697576316,-93.1015839688186,,2022-05-23,25674,0 days 02:30:00,634,11,False,False,,,,Free
2022-05-23 16:45:00,10.104717379307417,20.095999,80.19332555125398,2163,95,196.492669137408,28.580639464927312,75,5.0,31734,2022-05-23 16:45:00,2022-05-23 16:45:00,30.030073308630183,-97.70919452795306,,2022-05-23,25733,0 days 00:45:00,641,6,False,False,,,,Free
2022-05-23 17:00:00,10.1020913355126,17.536001,80.15164921088429,2164,98,190.9364944995999,32.70639289749759,76,5.0,31753,2022-05-23 17:00:00,2022-05-23 17:00:00,30.08563505500827,-97.66793699480633,,2022-05-23,25733,0 days 01:00:00,641,6,False,False,,,,Free
2022-05-23 17:15:00,9.686491498479509,15.582608,73.69243119890079,2165,111,184.5412957227912,36.285113785248754,84,5.0,31777,2022-05-23 17:15:00,2022-05-23 17:15:00,30.149587042776368,-97.63214978695146,,2022-05-23,25733,0 days 01:15:00,641,6,False,False,,,,Free
2022-05-23 17:45:00,13.776702583099974,31.182981,149.0666346705968,2167,118,92.56356828036007,1.2426282331172749,144,5.0,31805,2022-05-23 17:45:00,2022-05-23 17:45:00,31.069364317200822,-97.98257463245898,,2022-05-23,25822,0 days 00:00:00,644,3,False,False,,,,Free
2022-05-23 18:15:00,1.6397400286887982,9.6,2.111737239706616,2169,93,74.0,0.3333333333333333,3,5.0,31841,2022-05-23 18:15:00,2022-05-23 18:15:00,31.25500000000445,-97.99166758119702,,2022-05-23,25822,0 days 00:30:00,644,3,False,False,,,,Free
2022-05-23 18:30:00,38.97476533597339,90.79365,1193.0452044749804,2170,115,37.50409508416024,3.050597601555618,1139,5.0,31858,2022-05-23 18:30:00,2022-05-23 18:30:00,31.619959049162908,-97.96449493929128,,2022-05-23,25872,0 days 00:00:00,646,3,False,False,,,,Free
2022-05-23 18:30:00,1.6398268456628138,9.6,2.1119608598991326,2170,119,75.5,0.0,2,5.0,31860,2022-05-23 18:30:00,2022-05-23 18:30:00,31.24000000000445,-97.99500091443508,,2022-05-23,25822,0 days 00:45:00,644,3,False,False,,,,Free
2022-05-23 18:30:00,55.843345268745246,393.08807,2449.2478447588146,2170,133,289.4066906521816,22.966932827546493,2290,5.0,31871,2022-05-23 18:30:00,2022-05-23 18:30:00,29.1009330934823,-97.76533159272265,,2022-05-23,25883,0 days 00:00:00,647,5,False,False,,,,Free
2022-05-23 18:45:00,43.13592016693856,166.93642,1461.3963384521871,2171,52,37.34166317003523,4.345648833737228,1394,5.0,31880,2022-05-23 18:45:00,2022-05-23 18:45:00,31.62158336830416,-97.95154442733951,,2022-05-23,25872,0 days 00:15:00,646,3,False,False,,,,Free
2022-05-23 18:45:00,65.69632299536622,266.59097,3389.783857215357,2171,61,286.6421062512277,26.303250168511003,3146,5.0,31887,2022-05-23 18:45:00,2022-05-23 18:45:00,29.128578937491845,-97.7319684202664,,2022-05-23,25883,0 days 00:15:00,647,5,False,False,,,,Free
2022-05-23 19:00:00,45.072973188650295,293.5336,1595.5936339436903,2172,88,37.769405033989145,4.568831556430704,1518,5.0,31892,2022-05-23 19:00:00,2022-05-23 19:00:00,31.61730594966462,-97.94931260017636,,2022-05-23,25872,0 days 00:30:00,646,3,False,False,,,,Free
2022-05-23 19:00:00,73.30551299861415,180.51875,4220.4927251986455,2172,106,283.4696367217434,29.394638191846926,3920,5.0,31904,2022-05-23 19:00:00,2022-05-23 19:00:00,29.160303632786693,-97.70105454091646,,2022-05-23,25883,0 days 00:30:00,647,5,False,False,,,,Free
2022-05-23 19:00:00,12.29243593901244,84.39274,118.67678940662712,2172,112,285.8545092264256,494.5846654005352,110,5.0,31906,2022-05-23 19:00:00,2022-05-23 19:00:00,29.136454907739868,-93.04915440176272,,2022-05-23,25909,0 days 00:00:00,648,4,False,False,,,,Free
2022-05-23 19:15:00,78.80710885784791,114.57414,4877.762736959684,2173,121,280.6698207857228,33.73874665355208,4528,5.0,31918,2022-05-23 19:15:00,2022-05-23 19:15:00,29.188301792146905,-97.65761345754078,,2022-05-23,25883,0 days 00:45:00,647,5,False,False,,,,Free
2022-05-23 19:15:00,12.89120343214904,85.130585,130.51992189232365,2173,133,283.7720662679527,494.0325295232265,121,5.0,31923,2022-05-23 19:15:00,2022-05-23 19:15:00,29.1572793373246,-93.05467576037802,,2022-05-23,25909,0 days 00:15:00,648,4,False,False,,,,Free
2022-05-23 19:30:00,86.48075078947303,91.70123,5873.930234130905,2174,157,279.1712768749089,38.9697647054995,5504,5.0,31939,2022-05-23 19:30:00,2022-05-23 19:30:00,29.203287231255043,-97.60530327851616,,2022-05-23,25883,0 days 01:00:00,647,5,False,False,,,,Free
2022-05-23 19:30:00,10.611394030697182,52.917076,88.43715523942295,2174,171,283.64048659193764,491.6495470125144,82,5.0,31948,2022-05-23 19:30:00,2022-05-23 19:30:00,29.15859513408475,-93.0785055848042,,2022-05-23,25909,0 days 00:30:00,648,4,False,False,,,,Free
2022-05-23 19:30:00,6.858125500120846,45.458828,36.9403271912914,2174,188,360.1775225204721,387.8124455064663,34,5.0,31959,2022-05-23 19:30:00,2022-05-23 19:30:00,28.39322477479929,-94.11687657019206,,2022-05-23,25950,0 days 00:00:00,649,4,False,False,,,,Free
2022-05-23 19:30:00,4.70421340418734,12.6,17.380565851604032,2174,189,358.1134868440401,460.1891447400669,16,5.0,31960,2022-05-23 19:30:00,2022-05-23 19:30:00,28.413865131563607,-93.3931095985385,,2022-05-23,25951,0 days 00:00:00,650,6,False,False,,,,Free
2022-05-23 19:45:00,3.8863173124131145,9.599999,11.862231514261875,2175,202,282.09090909090907,490.6363636363636,11,5.0,31991,2022-05-23 19:45:00,2022-05-23 19:45:00,29.17409090909504,-93.08863741827616,,2022-05-23,25909,0 days 00:45:00,648,4,False,False,,,,Free
2022-05-23 19:45:00,8.399605332208916,94.68235,55.41248701284072,2175,216,360.2067427892731,386.7369364568424,51,5.0,32000,2022-05-23 19:45:00,2022-05-23 19:45:00,28.39293257211128,-94.12763166038098,,2022-05-23,25950,0 days 00:15:00,649,4,False,False,,,,Free
2022-05-23 19:45:00,4.243859448160933,22.153849,14.145290326724036,2175,218,375.4627802743896,418.3031390081599,13,5.0,32002,2022-05-23 19:45:00,2022-05-23 19:45:00,28.240372197260086,-93.81196964388818,,2022-05-23,25987,0 days 00:00:00,651,4,False,False,,,,Free
2022-05-23 20:00:00,4.703852384459196,9.6,17.377898248820706,2176,242,356.5625,458.875,16,5.0,32038,2022-05-23 20:00:00,2022-05-23 20:00:00,28.42937500000401,-93.40625104556364,,2022-05-23,25951,0 days 00:30:00,650,6,False,False,,,,Free
2022-05-23 20:00:00,7.890384649719644,32.213337,48.897452312071614,2176,243,361.3344765312592,384.07218686788025,45,5.0,32039,2022-05-23 20:00:00,2022-05-23 20:00:00,28.38165523469141,-94.15427915550912,,2022-05-23,25950,0 days 00:30:00,649,4,False,False,,,,Free
2022-05-23 20:00:00,5.766110117977257,14.0,26.11293847267002,2176,245,375.3037037043578,416.9287037098768,24,5.0,32041,2022-05-23 20:00:00,2022-05-23 20:00:00,28.241962962960404,-93.82571399647829,,2022-05-23,25987,0 days 00:15:00,651,4,False,False,,,,Free
2022-05-23 20:15:00,8.126229015167025,63.2,51.86423739350478,2177,300,302.3940435501845,453.5337915025585,48,5.0,32088,2022-05-23 20:15:00,2022-05-23 20:15:00,28.97105956450225,-93.45966312901174,,2022-05-23,26058,0 days 00:00:00,653,6,False,False,,,,Free
2022-05-23 20:15:00,2.881112924308817,9.599999,6.519442250237283,2177,310,361.2857142857143,381.8571428571428,7,5.0,32095,2022-05-23 20:15:00,2022-05-23 20:15:00,28.382142857146864,-94.17642959498352,,2022-05-23,25950,0 days 00:45:00,649,4,False,False,,,,Free
2022-05-23 20:15:00,2.8830100402949568,9.599999,6.528030743948026,2177,312,375.0,414.5,6,5.0,32097,2022-05-23 20:15:00,2022-05-23 20:15:00,28.245000000003984,-93.85000103288304,,2022-05-23,25987,0 days 00:30:00,651,4,False,False,,,,Free
2022-05-23 20:30:00,2.324667981197348,9.6,4.244355467241018,2178,366,121.5,12.5,4,5.0,32132,2022-05-23 20:30:00,2022-05-23 20:30:00,30.78000000000437,-97.87000091800712,,2022-05-23,26093,0 days 00:00:00,654,3,False,False,,,,Free
2022-05-23 20:30:00,9.08513679929188,53.440002,64.82653716117183,2178,407,301.9680704650547,450.1712771842854,60,5.0,32156,2022-05-23 20:30:00,2022-05-23 20:30:00,28.97531929535355,-93.4932882712336,,2022-05-23,26058,0 days 00:15:00,653,6,False,False,,,,Free
2022-05-23 20:30:00,6.22119578161385,17.142857,30.39748263648248,2178,416,351.8205882341392,454.7900000016829,28,5.0,32163,2022-05-23 20:30:00,2022-05-23 20:30:00,28.476794117662628,-93.44710104437952,,2022-05-23,25951,0 days 01:00:00,650,6,False,False,,,,Free
2022-05-23 20:30:00,4.993025423899972,13.866668,19.58021409780912,2178,420,373.2431077614863,413.69924812704,18,5.0,32166,2022-05-23 20:30:00,2022-05-23 20:30:00,28.26256892238912,-93.85800855138376,,2022-05-23,25987,0 days 00:45:00,651,4,False,False,,,,Free
2022-05-23 20:45:00,16.979619378151238,47.181038,226.4361607515557,2179,358,232.3034313882694,155.06323454994222,211,5.0,32203,2022-05-23 20:45:00,2022-05-23 20:45:00,29.67196568612152,-96.4443686132467,,2022-05-23,26147,0 days 00:00:00,656,3,False,False,,,,Free
2022-05-23 20:45:00,10.684630458994768,55.286743,89.66209737777554,2179,372,300.1815132495293,448.0133212132079,83,5.0,32214,2022-05-23 20:45:00,2022-05-23 20:45:00,28.99318486750881,-93.51486783032772,,2022-05-23,26058,0 days 00:30:00,653,6,False,False,,,,Free
2022-05-23 20:45:00,2.0324066380477035,9.6,3.244225927054096,2179,379,311.0,467.0,3,5.0,32219,2022-05-23 20:45:00,2022-05-23 20:45:00,28.885000000004084,-93.32500104788544,,2022-05-23,26161,0 days 00:00:00,657,4,False,False,,,,Free
2022-05-23 20:45:00,3.89524233308578,9.599999,11.916777872791842,2179,381,329.6363636363636,118.63636363636364,11,5.0,32221,2022-05-23 20:45:00,2022-05-23 20:45:00,28.69863636364041,-96.80863731197309,,2022-05-23,26163,0 days 00:00:00,658,3,False,False,,,,Free
2022-05-23 20:45:00,8.639323449403042,32.0,58.62047716946316,2179,385,351.19958847319134,454.46131687179,54,5.0,32225,2022-05-23 20:45:00,2022-05-23 20:45:00,28.483004115272102,-93.45038787558452,,2022-05-23,25951,0 days 01:15:00,650,6,False,False,,,,Free
2022-05-23 21:00:00,2.3239422136237624,12.0,4.241705682637963,2180,265,115.32857143343712,15.671428566562886,4,5.0,32249,2022-05-23 21:00:00,2022-05-23 21:00:00,30.84171428567002,-97.83828663324772,,2022-05-23,26093,0 days 00:30:00,654,3,False,False,,,,Free
2022-05-23 21:00:00,12.585307604774853,13.489655,124.39918958042516,2180,289,228.05293357951564,155.80963994213792,157,5.0,32262,2022-05-23 21:00:00,2022-05-23 21:00:00,29.714470664209056,-96.436904559538,,2022-05-23,26147,0 days 00:15:00,656,3,False,False,,,,Free
2022-05-23 21:00:00,3.706559816236285,18.240002,10.79025995394702,2180,299,288.35951661392045,473.46676736909865,10,5.0,32269,2022-05-23 21:00:00,2022-05-23 21:00:00,29.11140483386492,-93.2603333760424,,2022-05-23,26199,0 days 00:00:00,659,3,False,False,,,,Free
2022-05-23 21:00:00,13.370350382384792,57.747692,140.40269962312632,2180,302,298.5352330354001,443.486729292546,130,5.0,32271,2022-05-23 21:00:00,2022-05-23 21:00:00,29.0096476696501,-93.56013374824084,,2022-05-23,26058,0 days 00:45:00,653,6,False,False,,,,Free
2022-05-23 21:00:00,6.8411211544107084,30.49412,36.75737126045706,2180,303,308.74734655758425,465.29718504446345,34,5.0,32272,2022-05-23 21:00:00,2022-05-23 21:00:00,28.907526534428246,-93.34202919695424,,2022-05-23,26161,0 days 00:15:00,657,4,False,False,,,,Free
2022-05-23 21:00:00,12.538369388835786,10.442105,123.47300048993888,2180,305,327.3270399988525,122.2259199961914,115,5.0,32274,2022-05-23 21:00:00,2022-05-23 21:00:00,28.72172960001553,-96.77274174940057,,2022-05-23,26163,0 days 00:15:00,658,3,False,False,,,,Free
2022-05-23 21:00:00,15.267708170873348,11.474556,183.07859958860988,2180,306,328.25461527523976,41.78468286722904,169,5.0,32275,2022-05-23 21:00:00,2022-05-23 21:00:00,28.71245384725166,-97.5771540977032,,2022-05-23,26202,0 days 00:00:00,660,3,False,False,,,,Free
2022-05-23 21:15:00,6.673660404165785,79.70909,34.9798617033955,2181,266,111.79662529623862,15.06530382102999,33,5.0,32299,2022-05-23 21:15:00,2022-05-23 21:15:00,30.87703374704201,-97.84434788052988,,2022-05-23,26093,0 days 00:45:00,654,3,False,False,,,,Free
2022-05-23 21:15:00,2.336660283780854,9.6,4.288259270909241,2181,284,222.5,157.5,4,5.0,32313,2022-05-23 21:15:00,2022-05-23 21:15:00,29.770000000004224,-96.4200009594424,,2022-05-23,26147,0 days 00:30:00,656,3,False,False,,,,Free
2022-05-23 21:15:00,7.592599936171621,35.42857,45.27629857957652,2181,298,279.20234740378334,438.7629108099075,42,5.0,32324,2022-05-23 21:15:00,2022-05-23 21:15:00,29.2029765259663,-93.6073719317173,,2022-05-23,26245,0 days 00:00:00,662,3,False,False,,,,Free
2022-05-23 21:15:00,7.595462508285254,20.8,45.310445275847,2181,299,285.6251122853986,472.50584008530217,60,5.0,32325,2022-05-23 21:15:00,2022-05-23 21:15:00,29.13874887715014,-93.26994264860576,,2022-05-23,26199,0 days 00:15:00,659,3,False,False,,,,Free
2022-05-23 21:15:00,13.774943898005452,82.9913,149.028578461774,2181,305,296.44861931270333,441.0772289422931,138,5.0,32330,2022-05-23 21:15:00,2022-05-23 21:15:00,29.030513806877075,-93.5842287510548,,2022-05-23,26058,0 days 01:00:00,653,6,False,False,,,,Free
2022-05-23 21:15:00,6.840412837090169,24.564707,36.74976007092262,2181,306,305.90018039611965,462.6815995169442,34,5.0,32331,2022-05-23 21:15:00,2022-05-23 21:15:00,28.93599819604289,-93.368185051482,,2022-05-23,26161,0 days 00:30:00,657,4,False,False,,,,Free
2022-05-23 21:15:00,,,,2181,309,327.23448173370366,46.019681543994565,307,5.0,32334,2022-05-23 21:15:00,2022-05-23 21:15:00,28.722655182667022,-97.53480411214576,,2022-05-23,26202,0 days 00:15:00,660,3,False,False,,,,Free
2022-05-23 21:15:00,10.82554628296673,13.552939,92.04273681982689,2181,315,324.7771664409506,128.38624484268178,85,5.0,32340,2022-05-23 21:15:00,2022-05-23 21:15:00,28.74722833559456,-96.71113850269604,,2022-05-23,26163,0 days 00:30:00,658,3,False,False,,,,Free
2022-05-23 21:15:00,9.028815616848988,41.166107,64.02527456843357,2181,322,346.86413627947456,451.6009261845316,75,5.0,32345,2022-05-23 21:15:00,2022-05-23 21:15:00,28.52635863720928,-93.4789917816397,,2022-05-23,25951,0 days 01:45:00,650,6,False,False,,,,Free
2022-05-23 21:30:00,9.149834534879636,110.95081,65.75311956171602,2182,388,278.03626799542894,437.30731857395017,61,5.0,32394,2022-05-23 21:30:00,2022-05-23 21:30:00,29.21463732004985,-93.62192785366096,,2022-05-23,26245,0 days 00:15:00,662,3,False,False,,,,Free
2022-05-23 21:30:00,8.769575236690642,27.600002,60.40139905328992,2182,389,283.6482155882348,469.1576110754967,71,5.0,32395,2022-05-23 21:30:00,2022-05-23 21:30:00,29.15851784412178,-93.30342493774702,,2022-05-23,26199,0 days 00:30:00,659,3,False,False,,,,Free
2022-05-23 21:30:00,14.64463331792465,102.52307,168.4406409644448,2182,390,295.11087447775043,438.0777593955902,156,5.0,32396,2022-05-23 21:30:00,2022-05-23 21:30:00,29.043891255226605,-93.61422344566472,,2022-05-23,26058,0 days 01:15:00,653,6,False,False,,,,Free
2022-05-23 21:30:00,6.738406279503925,37.81818,35.66188261699218,2182,392,303.6685134010339,459.9922437501765,33,5.0,32397,2022-05-23 21:30:00,2022-05-23 21:30:00,28.95831486599376,-93.39507860838114,,2022-05-23,26161,0 days 00:45:00,657,4,False,False,,,,Free
2022-05-23 21:30:00,18.784370358221167,19.537502,277.12976023550414,2182,394,323.7984199578154,50.93964957267546,256,5.0,32399,2022-05-23 21:30:00,2022-05-23 21:30:00,28.75701580042591,-97.48560443326488,,2022-05-23,26202,0 days 00:30:00,660,3,False,False,,,,Free
2022-05-23 21:30:00,9.97244839847538,22.666666,78.10763298350113,2182,406,344.01871069185387,451.5926100662356,72,5.0,32409,2022-05-23 21:30:00,2022-05-23 21:30:00,28.554812893085494,-93.47907494282026,,2022-05-23,25951,0 days 02:00:00,650,6,False,False,,,,Free
2022-05-23 22:00:00,2.6059271349051545,13.440001,5.333526012850555,2183,252,172.80341879993546,459.8931624001291,6,5.0,32438,2022-05-23 22:00:00,2022-05-23 22:00:00,30.266965812004944,-93.39606942185333,,2022-05-23,26326,0 days 00:00:00,663,3,False,False,,,,Free
2022-05-23 22:00:00,8.998470661443445,57.925426,63.59563255765901,2183,283,277.5241785687146,434.4762057394937,59,5.0,32464,2022-05-23 22:00:00,2022-05-23 22:00:00,29.21975821431699,-93.65023898119648,,2022-05-23,26245,0 days 00:45:00,662,3,False,False,,,,Free
2022-05-23 22:15:00,6.591959041087812,37.8,34.12863210152484,2184,264,171.3698551689816,460.0421112757477,32,5.0,32506,2022-05-23 22:15:00,2022-05-23 22:15:00,30.281301448314487,-93.39457993313964,,2022-05-23,26326,0 days 00:15:00,663,3,False,False,,,,Free
2022-05-23 22:15:00,,,,2184,330,472.5,46.5,2,5.0,32551,2022-05-23 22:15:00,2022-05-23 22:15:00,27.27000000000384,-97.530000927723,,2022-05-23,26425,0 days 00:00:00,664,3,False,False,,,,Free
2022-05-23 22:30:00,3.4955608828904245,34.133335,9.596737657512246,2185,294,169.0157421383139,460.6979010529908,10,5.0,32568,2022-05-23 22:30:00,2022-05-23 22:30:00,30.30484257862117,-93.38802203555464,,2022-05-23,26326,0 days 00:30:00,663,3,False,False,,,,Free
2022-05-23 22:30:00,4.578891125299387,14.72,16.466849481734034,2185,362,472.5500685854008,42.57887517326227,15,5.0,32618,2022-05-23 22:30:00,2022-05-23 22:30:00,27.269499314149822,-97.56921217486985,,2022-05-23,26425,0 days 00:15:00,664,3,False,False,,,,Free
2022-05-23 22:45:00,4.966889386993288,28.800001,19.375764980467984,2186,311,263.6900093331854,433.4337068150953,18,5.0,32650,2022-05-23 22:45:00,2022-05-23 22:45:00,29.358099906672305,-93.66066397014254,,2022-05-23,26513,0 days 00:00:00,665,8,False,False,,,,Free
2022-05-23 23:00:00,18.38883166212537,63.429955,265.5817055763221,2187,305,250.7929906993036,475.8504039840574,247,5.0,32710,2022-05-23 23:00:00,2022-05-23 23:00:00,29.48707009301114,-93.236497010574,,2022-05-23,26562,0 days 00:00:00,666,3,False,False,,,,Free
2022-05-23 23:00:00,7.495816602862956,58.77073,44.129375949788816,2187,311,263.0190510611625,430.2049351290105,41,5.0,32716,2022-05-23 23:00:00,2022-05-23 23:00:00,29.36480948939253,-93.69295168608072,,2022-05-23,26513,0 days 00:15:00,665,8,False,False,,,,Free
2022-05-23 23:00:00,7.7530078500427715,18.753487,47.20960087312376,2187,354,473.86051018118576,37.7000323288496,47,5.0,32742,2022-05-23 23:00:00,2022-05-23 23:00:00,27.25639489819197,-97.6180006019198,,2022-05-23,26425,0 days 00:45:00,664,3,False,False,,,,Free
2022-05-23 23:15:00,8.1102020951639,38.399998,51.65986109713734,2188,270,262.2017215477546,424.6802645257475,48,5.0,32770,2022-05-23 23:15:00,2022-05-23 23:15:00,29.372982784526613,-93.74819839053464,,2022-05-23,26513,0 days 00:30:00,665,8,False,False,,,,Free
2022-05-23 23:30:00,18.64341418522285,98.83465,272.9862529945735,2189,191,245.81697574095045,474.8553578843464,254,5.0,32812,2022-05-23 23:30:00,2022-05-23 23:30:00,29.53683024259468,-93.24644747128671,,2022-05-23,26562,0 days 00:30:00,666,3,False,False,,,,Free
2022-05-23 23:30:00,8.60173096137713,65.422226,58.11143381295465,2189,197,261.67827483705577,420.83807775604055,85,5.0,32816,2022-05-23 23:30:00,2022-05-23 23:30:00,29.378217251633604,-93.7866202571338,,2022-05-23,26513,0 days 00:45:00,665,8,False,False,,,,Free
2022-05-23 23:45:00,8.990988058346561,33.518642,63.48991169775911,2190,261,260.9526922498801,417.10103412505794,59,5.0,32850,2022-05-23 23:45:00,2022-05-23 23:45:00,29.38547307750536,-93.82399069237567,,2022-05-23,26513,0 days 01:00:00,665,8,False,False,,,,Free
2022-05-23 23:45:00,3.3242262736703627,9.6,8.679026946856945,2190,274,344.5,338.5,8,5.0,32862,2022-05-23 23:45:00,2022-05-23 23:45:00,28.55000000000404,-94.6100010111652,,2022-05-23,26693,0 days 00:00:00,667,3,False,False,,,,Free
2022-05-24 00:00:00,25.485254338660628,124.416,510.11468453983474,2191,335,239.56361660354028,467.6034384624061,475,5.0,32909,2022-05-24 00:00:00,2022-05-24 00:00:00,29.59936383396879,-93.31896666343386,,2022-05-24,26562,0 days 01:00:00,666,3,False,False,,,,Free
2022-05-24 00:00:00,7.210136545072248,36.378944,40.82976311374277,2191,337,245.33394832102024,441.3128144939733,38,5.0,32911,2022-05-24 00:00:00,2022-05-24 00:00:00,29.541660516793986,-93.58187289560531,,2022-05-24,26739,0 days 00:00:00,669,4,False,False,,,,Free
2022-05-24 00:00:00,9.21621733863856,35.30323,66.71066916217205,2191,343,258.9751969457969,412.1268895289922,62,5.0,32916,2022-05-24 00:00:00,2022-05-24 00:00:00,29.4052480305462,-93.87373213691497,,2022-05-24,26513,0 days 01:15:00,665,8,False,False,,,,Free
2022-05-24 00:00:00,3.897874612000293,18.327272,11.93288926164849,2191,367,343.937244200135,335.6698499394196,11,5.0,32930,2022-05-24 00:00:00,2022-05-24 00:00:00,28.555627558002683,-94.6383025109622,,2022-05-24,26693,0 days 00:15:00,667,3,False,False,,,,Free
2022-05-24 00:00:00,6.232857631584816,20.228573,30.511551747071817,2191,389,392.04971856880064,347.4887429644996,28,5.0,32945,2022-05-24 00:00:00,2022-05-24 00:00:00,28.07450281431595,-94.5201135840888,,2022-05-24,26768,0 days 00:00:00,670,3,False,False,,,,Free
2022-05-24 00:15:00,8.513631212397973,23.003773,56.92716403635847,2192,320,242.17606370547384,438.42150494802536,53,5.0,32979,2022-05-24 00:15:00,2022-05-24 00:15:00,29.57323936294945,-93.61078599023858,,2022-05-24,26739,0 days 00:15:00,669,4,False,False,,,,Free
2022-05-24 00:15:00,8.912383608143877,21.02069,62.38463288951132,2192,327,256.7324580000593,409.1422729436082,58,5.0,32986,2022-05-24 00:15:00,2022-05-24 00:15:00,29.42767542000357,-93.9035783019159,,2022-05-24,26513,0 days 01:30:00,665,8,False,False,,,,Free
2022-05-24 00:15:00,5.385405293465046,12.342857,22.77858105712067,2192,349,342.63424124730204,491.1945525161879,21,5.0,32999,2022-05-24 00:15:00,2022-05-24 00:15:00,28.56865758753101,-93.08305552963742,,2022-05-24,26815,0 days 00:00:00,672,4,False,False,,,,Free
2022-05-24 00:15:00,3.323969710912452,14.400001,8.677687309312706,2192,352,342.93882978588493,332.7446808564604,8,5.0,33000,2022-05-24 00:15:00,2022-05-24 00:15:00,28.565611702145183,-94.66755420095592,,2022-05-24,26693,0 days 00:30:00,667,3,False,False,,,,Free
2022-05-24 00:15:00,6.221563828478233,13.371429,30.40107938202632,2192,359,352.9180887391454,370.4974402756412,28,5.0,33004,2022-05-24 00:15:00,2022-05-24 00:15:00,28.465819112612564,-94.29002661755236,,2022-05-24,26819,0 days 00:00:00,673,3,False,False,,,,Free
2022-05-24 00:15:00,6.223264957734477,15.085713,30.417706467184576,2192,362,358.46033994975244,427.35339942998377,28,5.0,33007,2022-05-24 00:15:00,2022-05-24 00:15:00,28.410396600506484,-93.72146704225617,,2022-05-24,26821,0 days 00:00:00,674,3,False,False,,,,Free
2022-05-24 00:15:00,4.246651710145529,14.03077,14.163910335531622,2192,379,390.0817717188143,346.4122657456372,13,5.0,33021,2022-05-24 00:15:00,2022-05-24 00:15:00,28.09418228281582,-94.53087835596985,,2022-05-24,26768,0 days 00:15:00,670,3,False,False,,,,Free
2022-05-24 00:30:00,3.876431599119963,13.090911,11.801959815645969,2193,244,230.2067415768865,419.2067415768864,11,5.0,33035,2022-05-24 00:30:00,2022-05-24 00:30:00,29.692932584235347,-93.80293361845912,,2022-05-24,26839,0 days 00:00:00,676,3,False,False,,,,Free
2022-05-24 00:30:00,9.921819199080796,21.2,77.31655573085789,2193,246,239.6567215299515,437.2940672178668,72,5.0,33037,2022-05-24 00:30:00,2022-05-24 00:30:00,29.59843278470468,-93.622060367218,,2022-05-24,26739,0 days 00:30:00,669,4,False,False,,,,Free
2022-05-24 00:30:00,3.0960968335631742,9.599999,7.528681969105656,2193,253,255.0,407.2857142857143,7,5.0,33043,2022-05-24 00:30:00,2022-05-24 00:30:00,29.44500000000417,-93.9221438879643,,2022-05-24,26513,0 days 01:45:00,665,8,False,False,,,,Free
2022-05-24 00:30:00,6.439493517961403,15.680001,32.568165934943686,2193,285,351.3870769260312,369.1784615300828,31,5.0,33064,2022-05-24 00:30:00,2022-05-24 00:30:00,28.481129230743708,-94.30321640463104,,2022-05-24,26819,0 days 00:15:00,673,3,False,False,,,,Free
2022-05-24 00:30:00,4.988964522040713,11.733334,19.548377290903307,2193,288,355.25907591797835,426.43069306151625,18,5.0,33067,2022-05-24 00:30:00,2022-05-24 00:30:00,28.44240924082423,-93.73069410567716,,2022-05-24,26821,0 days 00:15:00,674,3,False,False,,,,Free
2022-05-24 00:30:00,2.6334652301600325,15.360001,5.446845526545722,2193,302,388.1776061818712,346.0888030909356,5,5.0,33076,2022-05-24 00:30:00,2022-05-24 00:30:00,28.11322393818525,-94.5341129824244,,2022-05-24,26768,0 days 00:30:00,670,3,False,False,,,,Free
2022-05-24 00:45:00,5.959497022233768,15.876924,27.893890748893213,2194,295,229.7863604737392,417.39526791742895,27,5.0,33090,2022-05-24 00:45:00,2022-05-24 00:45:00,29.697136395266817,-93.82104835453606,,2022-05-24,26839,0 days 00:15:00,676,3,False,False,,,,Free
2022-05-24 00:45:00,10.4576980894536,19.920002,85.89385224671871,2194,298,237.92141419239647,436.806300232731,80,5.0,33092,2022-05-24 00:45:00,2022-05-24 00:45:00,29.61578585808024,-93.62693803692996,,2022-05-24,26739,0 days 00:45:00,669,4,False,False,,,,Free
2022-05-24 00:45:00,17.93429371261152,55.004295,252.6145942452007,2194,339,335.5949351821981,486.9995542534015,236,5.0,33118,2022-05-24 00:45:00,2022-05-24 00:45:00,28.639050648182064,-93.12500551106656,,2022-05-24,26815,0 days 00:30:00,672,4,False,False,,,,Free
2022-05-24 00:45:00,4.553071759047358,10.880001,16.281667129139162,2194,352,350.1088435337372,366.0476190527679,15,5.0,33128,2022-05-24 00:45:00,2022-05-24 00:45:00,28.49391156466665,-94.33452482850952,,2022-05-24,26819,0 days 00:30:00,673,3,False,False,,,,Free
2022-05-24 00:45:00,5.387583012358474,13.714287,22.79700692228429,2194,353,351.23060109306704,425.6207650218548,21,5.0,33129,2022-05-24 00:45:00,2022-05-24 00:45:00,28.48269398907335,-93.73879338584231,,2022-05-24,26821,0 days 00:30:00,674,3,False,False,,,,Free
2022-05-24 01:00:00,4.373016670849433,19.885714,15.019384908834846,2195,278,229.19812206761952,415.1530516457149,15,5.0,33164,2022-05-24 01:00:00,2022-05-24 01:00:00,29.703018779328016,-93.84347051661246,,2022-05-24,26839,0 days 00:30:00,676,3,False,False,,,,Free
2022-05-24 01:00:00,20.44637769923205,36.81584,328.33912734512995,2195,303,332.3256572185395,485.2356174618579,303,5.0,33183,2022-05-24 01:00:00,2022-05-24 01:00:00,28.67174342781865,-93.14264487847788,,2022-05-24,26815,0 days 00:45:00,672,4,False,False,,,,Free
2022-05-24 01:15:00,18.42114450906737,44.682922,266.51588573973044,2196,294,328.0687155651659,483.74810479470017,246,5.0,33240,2022-05-24 01:15:00,2022-05-24 01:15:00,28.7143128443524,-93.1575200047244,,2022-05-24,26815,0 days 01:00:00,672,4,False,False,,,,Free
2022-05-24 01:45:00,4.535887238736086,19.84,16.15899626083981,2198,224,271.69454224642675,380.5387323973222,16,5.0,33363,2022-05-24 01:45:00,2022-05-24 01:45:00,29.27805457753988,-94.18961369920498,,2022-05-24,27108,0 days 00:00:00,678,3,False,False,,,,Free
2022-05-24 02:00:00,2.025135073709909,9.6,3.221053009018105,2199,246,237.66666666666663,413.3333333333333,3,5.0,33407,2022-05-24 02:00:00,2022-05-24 02:00:00,29.61833333333753,-93.8616676992163,,2022-05-24,27143,0 days 00:00:00,679,4,False,False,,,,Free
2022-05-24 02:00:00,7.026241989892734,14.133334,38.7735966139824,2199,253,269.5322384390998,379.08394160763896,36,5.0,33413,2022-05-24 02:00:00,2022-05-24 02:00:00,29.29967761561315,-94.20416160668606,,2022-05-24,27108,0 days 00:15:00,678,3,False,False,,,,Free
2022-05-24 02:15:00,5.356863561426366,18.285717,22.53777565611695,2200,201,233.1318996453016,411.7577060982376,21,5.0,33451,2022-05-24 02:15:00,2022-05-24 02:15:00,29.66368100355119,-93.87742397111695,,2022-05-24,27143,0 days 00:15:00,679,4,False,False,,,,Free
2022-05-24 02:15:00,2.618325600295138,11.5199995,5.384398385605344,2200,207,267.56441718509296,375.57668711118026,5,5.0,33456,2022-05-24 02:15:00,2022-05-24 02:15:00,29.31935582815322,-94.23923415064844,,2022-05-24,27108,0 days 00:30:00,678,3,False,False,,,,Free
2022-05-24 02:30:00,7.196834748151954,15.157896,40.679250504256665,2201,255,207.7145077770901,492.3720207191416,38,5.0,33494,2022-05-24 02:30:00,2022-05-24 02:30:00,29.917854922233342,-93.07128084794437,,2022-05-24,27208,0 days 00:00:00,680,3,False,False,,,,Free
2022-05-24 02:30:00,5.959325854830844,17.723078,27.892288447137645,2201,260,229.2629411774276,408.6329411824764,28,5.0,33498,2022-05-24 02:30:00,2022-05-24 02:30:00,29.702370588229936,-93.90867161938166,,2022-05-24,27143,0 days 00:30:00,679,4,False,False,,,,Free
2022-05-24 02:45:00,6.705184220256112,18.90909,35.31110513609068,2202,193,203.5729076775428,493.7450388264326,34,5.0,33545,2022-05-24 02:45:00,2022-05-24 02:45:00,29.959270923228825,-93.0575506672638,,2022-05-24,27208,0 days 00:15:00,680,3,False,False,,,,Free
2022-05-24 02:45:00,4.047954584244698,10.4,12.869484288218503,2202,196,226.2651296845812,407.12680115947,13,5.0,33548,2022-05-24 02:45:00,2022-05-24 02:45:00,29.732348703158404,-93.92373301918131,,2022-05-24,27143,0 days 00:45:00,679,4,False,False,,,,Free
2022-05-24 03:00:00,4.2076425790197325,16.246157,13.9048902038794,2203,180,199.7113542961729,495.3939808174742,13,5.0,33581,2022-05-24 03:00:00,2022-05-24 03:00:00,29.99788645704253,-93.0410612478246,,2022-05-24,27208,0 days 00:30:00,680,3,False,False,,,,Free
2022-05-24 03:00:00,2.8591612079763875,11.2,6.420475115621214,2203,181,204.0,461.1344085925024,6,5.0,33582,2022-05-24 03:00:00,2022-05-24 03:00:00,29.95500000000425,-93.38365696028428,,2022-05-24,27278,0 days 00:00:00,681,3,False,False,,,,Free
2022-05-24 03:15:00,5.950631896205323,11.076924,27.81096464569952,2204,191,200.15063290772505,461.0924050590125,26,5.0,33612,2022-05-24 03:15:00,2022-05-24 03:15:00,29.993493670927005,-93.3840769956072,,2022-05-24,27278,0 days 00:15:00,681,3,False,False,,,,Free
2022-05-24 03:30:00,1.650072412392795,9.6,2.138434183416849,2205,159,196.0,459.5,2,5.0,33647,2022-05-24 03:30:00,2022-05-24 03:30:00,30.035000000004263,-93.4000010457422,,2022-05-24,27278,0 days 00:30:00,681,3,False,False,,,,Free
2022-05-24 04:30:00,6.627960501670966,21.3,34.502431685663645,2209,260,279.82402129613,72.78411250363786,33,5.0,33779,2022-05-24 04:30:00,2022-05-24 04:30:00,29.19675978704284,-97.26715981019754,,2022-05-24,27435,0 days 00:00:00,682,3,False,False,,,,Free
2022-05-24 04:45:00,11.296782743535148,68.54193,100.23039331626964,2210,249,276.0844078834309,74.9056757159948,93,5.0,33828,2022-05-24 04:45:00,2022-05-24 04:45:00,29.23415592116983,-97.24594417868023,,2022-05-24,27435,0 days 00:15:00,682,3,False,False,,,,Free
2022-05-24 05:00:00,9.868145906036524,17.036615,76.48231161645296,2211,292,270.31750467655576,78.57588453865625,72,5.0,33875,2022-05-24 05:00:00,2022-05-24 05:00:00,29.29182495323859,-97.20924209150246,,2022-05-24,27435,0 days 00:30:00,682,3,False,False,,,,Free
2022-05-24 05:15:00,55.062213554389295,23.682539,2381.207349430704,2212,238,19.83696906553411,42.40363927316052,2275,5.0,33895,2022-05-24 05:15:00,2022-05-24 05:15:00,31.7966303093492,-97.57096453382076,,2022-05-24,27535,0 days 00:00:00,683,3,False,False,,,,Free
2022-05-24 05:30:00,46.13056498605945,24.8226,1671.3500886242814,2213,253,14.246557137917728,42.03523802584021,1818,5.0,33947,2022-05-24 05:30:00,2022-05-24 05:30:00,31.85253442862537,-97.57464854618873,,2022-05-24,27535,0 days 00:15:00,683,3,False,False,,,,Free
2022-05-24 05:45:00,2.3109349431418527,9.6,4.194356304370722,2214,385,10.0,41.5,4,5.0,33999,2022-05-24 05:45:00,2022-05-24 05:45:00,31.89500000000456,-97.58000092629412,,2022-05-24,27535,0 days 00:30:00,683,3,False,False,,,,Free
2022-05-24 05:45:00,3.683325504895492,10.559999,10.655407956116836,2214,423,162.42805754223397,4.2482014406999005,10,5.0,34021,2022-05-24 05:45:00,2022-05-24 05:45:00,30.37071942458197,-97.95251890124206,,2022-05-24,27657,0 days 00:00:00,684,3,False,False,,,,Free
2022-05-24 05:45:00,1.6529272094820249,9.6,2.145840011915693,2214,440,230.5,277.0,2,5.0,34034,2022-05-24 05:45:00,2022-05-24 05:45:00,29.69000000000421,-95.22500099359088,,2022-05-24,27669,0 days 00:00:00,686,3,False,False,,,,Free
2022-05-24 05:45:00,4.053192820538035,17.6,12.902813228188114,2214,454,252.02777778128188,347.81481481247874,12,5.0,34043,2022-05-24 05:45:00,2022-05-24 05:45:00,29.47472222219136,-94.51685286570216,,2022-05-24,27677,0 days 00:00:00,687,3,False,False,,,,Free
2022-05-24 06:00:00,8.233120426735645,11.327998,53.237642705506026,2215,585,155.09481668099238,5.557522125227496,50,5.0,34099,2022-05-24 06:00:00,2022-05-24 06:00:00,30.444051833194404,-97.93942569477092,,2022-05-24,27657,0 days 00:15:00,684,3,False,False,,,,Free
2022-05-24 06:00:00,6.820771593375015,18.917648,36.53901995218694,2215,633,246.8579881625322,348.348689775898,34,5.0,34128,2022-05-24 06:00:00,2022-05-24 06:00:00,29.526420118378866,-94.51151411622055,,2022-05-24,27677,0 days 00:15:00,687,3,False,False,,,,Free
2022-05-24 06:00:00,2.028298651297701,19.2,3.2311244461950768,2215,638,269.3333333333333,310.6666666666667,3,5.0,34130,2022-05-24 06:00:00,2022-05-24 06:00:00,29.30166666667081,-94.8883343365448,,2022-05-24,27755,0 days 00:00:00,688,3,False,False,,,,Free
2022-05-24 06:15:00,3.4917633030752167,9.6,9.575897179064448,2216,505,147.88888888888889,6.333333333333333,9,5.0,34194,2022-05-24 06:15:00,2022-05-24 06:15:00,30.51611111111545,-97.9316675829116,,2022-05-24,27657,0 days 00:30:00,684,3,False,False,,,,Free
2022-05-24 06:15:00,5.591643559998823,10.017394,24.556634163118,2216,514,181.3766666748789,393.5816666617658,24,5.0,34201,2022-05-24 06:15:00,2022-05-24 06:15:00,30.1812333332555,-94.0591843602877,,2022-05-24,27821,0 days 00:00:00,689,8,False,False,,,,Free
2022-05-24 06:15:00,6.909994819227295,14.811427,37.50121381258213,2216,538,216.9464181699996,277.5230052392098,35,5.0,34222,2022-05-24 06:15:00,2022-05-24 06:15:00,29.825535818304235,-95.2197709413482,,2022-05-24,27669,0 days 00:30:00,686,3,False,False,,,,Free
2022-05-24 06:15:00,7.208106984008179,21.22105,40.80678023844652,2216,549,239.2839065637226,349.24172614771595,38,5.0,34232,2022-05-24 06:15:00,2022-05-24 06:15:00,29.60216093436697,-94.50258375275756,,2022-05-24,27677,0 days 00:30:00,687,3,False,False,,,,Free
2022-05-24 06:15:00,4.967214289022533,24.0,19.378299939782128,2216,555,264.8888888975643,311.59707601455005,18,5.0,34236,2022-05-24 06:15:00,2022-05-24 06:15:00,29.34611111102852,-94.87903024333184,,2022-05-24,27755,0 days 00:15:00,688,3,False,False,,,,Free
2022-05-24 06:30:00,2.0150126535890225,9.6,3.18893330867164,2217,450,138.66666666666666,422.6666666666667,3,5.0,34285,2022-05-24 06:30:00,2022-05-24 06:30:00,30.608333333337686,-93.76833436855004,,2022-05-24,27892,0 days 00:00:00,691,3,False,False,,,,Free
2022-05-24 06:30:00,14.383536812953569,17.873684,162.48798751583183,2217,471,194.82185198554453,368.5458912322857,152,5.0,34300,2022-05-24 06:30:00,2022-05-24 06:30:00,30.04678148014882,-94.30954210742824,,2022-05-24,27904,0 days 00:00:00,692,4,False,False,,,,Free
2022-05-24 06:30:00,2.6098613415913468,9.6,5.349642375229376,2217,485,202.6,392.8,5,5.0,34310,2022-05-24 06:30:00,2022-05-24 06:30:00,29.96900000000425,-94.06700102668196,,2022-05-24,27910,0 days 00:00:00,693,3,False,False,,,,Free
2022-05-24 06:30:00,4.209953604822635,14.030768,13.920168775817972,2217,487,210.3081967207989,278.0721311524106,14,5.0,34312,2022-05-24 06:30:00,2022-05-24 06:30:00,29.89191803279625,-95.21427968237316,,2022-05-24,27669,0 days 00:45:00,686,3,False,False,,,,Free
2022-05-24 06:30:00,3.701490550582629,16.320002,10.760765601968751,2217,508,259.91166078244595,312.41342756511204,10,5.0,34326,2022-05-24 06:30:00,2022-05-24 06:30:00,29.395883392179705,-94.87086672805953,,2022-05-24,27755,0 days 00:30:00,688,3,False,False,,,,Free
2022-05-24 06:30:00,12.05304023183357,27.062859,114.09932987937194,2217,517,362.84292603889264,298.80044804022253,106,5.0,34335,2022-05-24 06:30:00,2022-05-24 06:30:00,28.36657073961508,-95.00699651941837,,2022-05-24,27925,0 days 00:00:00,694,5,False,False,,,,Free
2022-05-24 06:45:00,8.401203974641342,10.153846,55.4335816189328,2218,370,166.67644901110347,333.38958180509894,53,5.0,34363,2022-05-24 06:45:00,2022-05-24 06:45:00,30.328235509893275,-94.6611051916538,,2022-05-24,27950,0 days 00:00:00,695,3,False,False,,,,Free
2022-05-24 06:45:00,2.017945635705741,9.6,3.198223465098909,2218,371,167.0,394.0,3,5.0,34364,2022-05-24 06:45:00,2022-05-24 06:45:00,30.32500000000431,-94.0550010270249,,2022-05-24,27821,0 days 00:30:00,689,8,False,False,,,,Free
2022-05-24 06:45:00,16.284864963130616,17.96923,208.2851007604863,2218,376,186.8360862019257,368.2925908208089,198,5.0,34368,2022-05-24 06:45:00,2022-05-24 06:45:00,30.12663913798502,-94.31207511147062,,2022-05-24,27904,0 days 00:15:00,692,4,False,False,,,,Free
2022-05-24 06:45:00,7.0006345205515546,14.399999,38.4914872405507,2218,392,195.476950363904,393.541962174641,36,5.0,34380,2022-05-24 06:45:00,2022-05-24 06:45:00,30.040230496365226,-94.05958140514758,,2022-05-24,27910,0 days 00:15:00,693,3,False,False,,,,Free
2022-05-24 06:45:00,13.765403155959929,76.87006,148.8222108947497,2218,423,358.0670106360023,299.7076638724968,137,5.0,34402,2022-05-24 06:45:00,2022-05-24 06:45:00,28.414329893643988,-94.99792436135488,,2022-05-24,27925,0 days 00:15:00,694,5,False,False,,,,Free
2022-05-24 06:45:00,1.1757650590096729,9.6,1.0857528575077104,2218,425,352.55555555555554,312.22222222222223,9,5.0,34404,2022-05-24 06:45:00,2022-05-24 06:45:00,28.469444444448463,-94.8727787814338,,2022-05-24,27974,0 days 00:00:00,696,3,False,False,,,,Free
2022-05-24 07:00:00,2.5995033822005533,11.52,5.307263556189403,2219,408,124.56441718509296,423.57668711118026,5,5.0,34436,2022-05-24 07:00:00,2022-05-24 07:00:00,30.749355828153444,-93.75923416436495,,2022-05-24,27892,0 days 00:30:00,691,3,False,False,,,,Free
2022-05-24 07:00:00,4.939959252621015,10.666668,19.16622643277381,2219,414,155.25515948054635,332.7373358367431,19,5.0,34440,2022-05-24 07:00:00,2022-05-24 07:00:00,30.442448405198864,-94.667627651151,,2022-05-24,27950,0 days 00:15:00,695,3,False,False,,,,Free
2022-05-24 07:00:00,8.557770845865832,11.377775,57.51898152486646,2219,415,158.34785036579478,392.59184813523007,57,5.0,34441,2022-05-24 07:00:00,2022-05-24 07:00:00,30.41152149634637,-94.0690825452702,,2022-05-24,27821,0 days 00:45:00,689,8,False,False,,,,Free
2022-05-24 07:00:00,,,,2219,423,178.52541643167982,368.7485222968489,175,5.0,34448,2022-05-24 07:00:00,2022-05-24 07:00:00,30.20974583568749,-94.3075157968405,,2022-05-24,27904,0 days 00:30:00,692,4,False,False,,,,Free
2022-05-24 07:00:00,9.757073992503406,26.880003,74.77029227441116,2219,430,187.3059545348601,394.7199007579495,70,5.0,34454,2022-05-24 07:00:00,2022-05-24 07:00:00,30.121940454655675,-94.0478020196511,,2022-05-24,27910,0 days 00:30:00,693,3,False,False,,,,Free
2022-05-24 07:00:00,1.6603301270266797,9.6,2.165104078106395,2219,456,322.0,303.5,2,5.0,34474,2022-05-24 07:00:00,2022-05-24 07:00:00,28.775000000004063,-94.9600010011635,,2022-05-24,28026,0 days 00:00:00,697,6,False,False,,,,Free
2022-05-24 07:00:00,15.991969805502436,105.28864,200.86015967505696,2219,463,352.2969806212593,300.3739584106075,185,5.0,34480,2022-05-24 07:00:00,2022-05-24 07:00:00,28.472030193791426,-94.99126141616416,,2022-05-24,27925,0 days 00:30:00,694,5,False,False,,,,Free
2022-05-24 07:00:00,6.752103359787635,15.70909,35.80700895583517,2219,464,346.3887945616107,313.430107520324,33,5.0,34481,2022-05-24 07:00:00,2022-05-24 07:00:00,28.53111205438792,-94.86069992879794,,2022-05-24,27974,0 days 00:15:00,696,3,False,False,,,,Free
2022-05-24 07:00:00,4.078178469081382,9.599999,13.062380676480146,2219,487,380.1666666666667,440.9166666666667,12,5.0,34492,2022-05-24 07:00:00,2022-05-24 07:00:00,28.193333333337307,-93.58583437376518,,2022-05-24,28042,0 days 00:00:00,698,3,False,False,,,,Free
2022-05-24 07:15:00,6.972723914562614,9.600001,38.18517810709865,2220,405,117.97297297297295,423.6756756756757,37,5.0,34526,2022-05-24 07:15:00,2022-05-24 07:15:00,30.815270270274656,-93.7582442787483,,2022-05-24,27892,0 days 00:45:00,691,3,False,False,,,,Free
2022-05-24 07:15:00,1.6457035307536665,9.6,2.1271253491411355,2220,412,144.0,333.5,2,5.0,34532,2022-05-24 07:15:00,2022-05-24 07:15:00,30.555000000004345,-94.66000100973632,,2022-05-24,27950,0 days 00:30:00,695,3,False,False,,,,Free
2022-05-24 07:15:00,9.739626744587872,13.714285,74.50312827318177,2220,415,150.85016393816815,391.7032786851928,70,5.0,34535,2022-05-24 07:15:00,2022-05-24 07:15:00,30.48649836062265,-94.07796823951668,,2022-05-24,27821,0 days 01:00:00,689,8,False,False,,,,Free
2022-05-24 07:15:00,8.382284332042495,27.48235,55.18418817082838,2220,456,315.948369111914,306.1871620279495,51,5.0,34568,2022-05-24 07:15:00,2022-05-24 07:15:00,28.835516308884937,-94.93312938165197,,2022-05-24,28026,0 days 00:15:00,697,6,False,False,,,,Free
2022-05-24 07:15:00,16.787679409771638,75.76471,221.34576414204227,2220,473,345.14757550522256,300.84577444969653,204,5.0,34577,2022-05-24 07:15:00,2022-05-24 07:15:00,28.543524244951804,-94.98654325590807,,2022-05-24,27925,0 days 00:45:00,694,5,False,False,,,,Free
2022-05-24 07:15:00,6.951602703131787,22.21714,37.954193570260855,2220,474,339.33986066353447,314.8486557845457,35,5.0,34578,2022-05-24 07:15:00,2022-05-24 07:15:00,28.601601393368696,-94.84651444656106,,2022-05-24,27974,0 days 00:30:00,696,3,False,False,,,,Free
2022-05-24 07:15:00,4.556726919281171,14.720001,16.307819139579575,2220,486,366.9341563799467,462.0658436200533,15,5.0,34584,2022-05-24 07:15:00,2022-05-24 07:15:00,28.325658436204527,-93.37434261027494,,2022-05-24,28111,0 days 00:00:00,700,3,False,False,,,,Free
2022-05-24 07:30:00,8.861903864046477,16.551723,61.67994107655291,2221,389,142.87910447880165,391.0298507445691,58,5.0,34612,2022-05-24 07:30:00,2022-05-24 07:30:00,30.56620895521633,-94.08470251873048,,2022-05-24,27821,0 days 01:15:00,689,8,False,False,,,,Free
2022-05-24 07:30:00,2.3293787105125303,9.6,4.261574500592221,2221,396,160.75,369.25,4,5.0,34619,2022-05-24 07:30:00,2022-05-24 07:30:00,30.38750000000432,-94.30250101995232,,2022-05-24,27904,0 days 01:00:00,692,4,False,False,,,,Free
2022-05-24 07:30:00,10.025027910796908,117.698616,78.93344581373455,2221,438,309.32420080240445,307.3689072817184,73,5.0,34653,2022-05-24 07:30:00,2022-05-24 07:30:00,28.90175799198004,-94.92131192945192,,2022-05-24,28026,0 days 00:30:00,697,6,False,False,,,,Free
2022-05-24 07:30:00,16.531492817796455,37.81818,214.64166418244645,2221,445,336.88064018512614,301.3626962077405,198,5.0,34660,2022-05-24 07:30:00,2022-05-24 07:30:00,28.62619359815278,-94.9813740384754,,2022-05-24,27925,0 days 01:00:00,694,5,False,False,,,,Free
2022-05-24 07:30:00,2.350778190382848,9.6,4.340234422682115,2221,451,346.25,461.25,4,5.0,34664,2022-05-24 07:30:00,2022-05-24 07:30:00,28.532500000004028,-93.38250104624234,,2022-05-24,28176,0 days 00:00:00,704,3,False,False,,,,Free
2022-05-24 07:30:00,8.801574210599782,10.8,60.84299604502832,2221,453,359.58251233324245,461.48214284613215,56,5.0,34666,2022-05-24 07:30:00,2022-05-24 07:30:00,28.399174876671584,-93.38017961784732,,2022-05-24,28111,0 days 00:15:00,700,3,False,False,,,,Free
2022-05-24 07:30:00,5.519307566592548,14.836365,23.925392625927348,2221,457,370.54990757204143,444.1737523106989,22,5.0,34670,2022-05-24 07:30:00,2022-05-24 07:30:00,28.289500924283576,-93.55326351825562,,2022-05-24,28042,0 days 00:30:00,698,3,False,False,,,,Free
2022-05-24 07:45:00,10.33750395812009,22.845572,83.93077997461704,2222,652,134.10043972813165,390.6274648928807,79,5.0,34702,2022-05-24 07:45:00,2022-05-24 07:45:00,30.653995602723043,-94.08872637713232,,2022-05-24,27821,0 days 01:30:00,689,8,False,False,,,,Free
2022-05-24 07:45:00,11.77736030041664,24.61782,108.93960702004522,2222,729,283.8020906076215,494.90990542390864,107,5.0,34763,2022-05-24 07:45:00,2022-05-24 07:45:00,29.156979093927912,-93.04590200162193,,2022-05-24,28260,0 days 00:00:00,706,3,False,False,,,,Free
2022-05-24 07:45:00,10.15749115596262,71.296,81.03316222786613,2222,740,302.32323720444697,307.9433651031474,75,5.0,34773,2022-05-24 07:45:00,2022-05-24 07:45:00,28.97176762795963,-94.91556735140182,,2022-05-24,28026,0 days 00:45:00,697,6,False,False,,,,Free
2022-05-24 07:45:00,2.0320149610009266,9.6,3.2429756197923125,2222,751,307.0,427.0,3,5.0,34783,2022-05-24 07:45:00,2022-05-24 07:45:00,28.92500000000409,-93.725001036455,,2022-05-24,28275,0 days 00:00:00,707,3,False,False,,,,Free
2022-05-24 07:45:00,1.6597724080525966,9.6,2.1636497687524545,2222,757,315.0,458.5,2,5.0,34788,2022-05-24 07:45:00,2022-05-24 07:45:00,28.84500000000408,-93.41000104545653,,2022-05-24,28279,0 days 00:00:00,708,3,False,False,,,,Free
2022-05-24 07:45:00,5.116680217859672,12.63158,20.56205099825273,2222,759,318.7089655179671,406.0606896590733,19,5.0,34790,2022-05-24 07:45:00,2022-05-24 07:45:00,28.8079103448244,-93.93439413388064,,2022-05-24,28281,0 days 00:00:00,709,3,False,False,,,,Free
2022-05-24 07:45:00,12.545240341107707,28.126318,123.6083625166483,2222,775,339.1479289783806,459.9596419573036,114,5.0,34805,2022-05-24 07:45:00,2022-05-24 07:45:00,28.603520710220234,-93.39540462630056,,2022-05-24,28176,0 days 00:15:00,704,3,False,False,,,,Free
2022-05-24 07:45:00,3.5250831650285863,10.666667,9.759523549005571,2222,776,340.0078431291885,339.27058823749405,9,5.0,34806,2022-05-24 07:45:00,2022-05-24 07:45:00,28.594921568712152,-94.60229512901044,,2022-05-24,28295,0 days 00:00:00,710,3,False,False,,,,Free
2022-05-24 07:45:00,6.956248708703607,11.794286,38.00494282276295,2222,782,353.69475358626624,460.4038155839621,38,5.0,34811,2022-05-24 07:45:00,2022-05-24 07:45:00,28.45805246414136,-93.39096289016088,,2022-05-24,28111,0 days 00:30:00,700,3,False,False,,,,Free
2022-05-24 07:45:00,3.720044194906423,10.559999,10.8689121927449,2222,784,364.0827338135666,444.7517985593001,10,5.0,34813,2022-05-24 07:45:00,2022-05-24 07:45:00,28.354172661868333,-93.54748305593478,,2022-05-24,28042,0 days 00:45:00,698,3,False,False,,,,Free
2022-05-24 08:00:00,2.84648339828836,9.599999,6.363663279415801,2223,684,116.33333333333331,430.1111111111111,9,5.0,34851,2022-05-24 08:00:00,2022-05-24 08:00:00,30.83166666667105,-93.69388992623294,,2022-05-24,28330,0 days 00:00:00,712,3,False,False,,,,Free
2022-05-24 08:00:00,13.101369062154586,16.32756,134.8103520759592,2223,685,125.99683281520906,390.0469567629869,130,5.0,34852,2022-05-24 08:00:00,2022-05-24 08:00:00,30.735031671852283,-94.0945314582654,,2022-05-24,27821,0 days 01:45:00,689,8,False,False,,,,Free
2022-05-24 08:00:00,19.146380969591167,37.932583,287.91432511544656,2223,762,278.729358077185,492.533668218025,268,5.0,34912,2022-05-24 08:00:00,2022-05-24 08:00:00,29.207706419232284,-93.06966437300171,,2022-05-24,28260,0 days 00:15:00,706,3,False,False,,,,Free
2022-05-24 08:00:00,10.354430978711688,20.061537,84.20586788733861,2223,776,293.8169901169147,308.41266598470133,78,5.0,34923,2022-05-24 08:00:00,2022-05-24 08:00:00,29.056830098834965,-94.91087434272038,,2022-05-24,28026,0 days 01:00:00,697,6,False,False,,,,Free
2022-05-24 08:00:00,8.854390839039729,12.96842,61.57540225219609,2223,783,300.5156318695595,426.553940997967,57,5.0,34928,2022-05-24 08:00:00,2022-05-24 08:00:00,28.989843681308503,-93.72946162634788,,2022-05-24,28275,0 days 00:15:00,707,3,False,False,,,,Free
2022-05-24 08:00:00,9.533123364487285,51.054546,71.37733151497169,2223,797,311.39518358561554,405.84228187111296,66,5.0,34938,2022-05-24 08:00:00,2022-05-24 08:00:00,28.881048164147927,-93.93657821169784,,2022-05-24,28281,0 days 00:15:00,709,3,False,False,,,,Free
2022-05-24 08:00:00,4.389457401019564,9.599999,15.132530524233038,2223,798,306.07142857142856,459.07142857142856,14,5.0,34939,2022-05-24 08:00:00,2022-05-24 08:00:00,28.934285714289807,-93.40428675990552,,2022-05-24,28279,0 days 00:15:00,708,3,False,False,,,,Free
2022-05-24 08:00:00,18.97388471535857,52.156326,282.74985856381033,2223,810,332.2732900812122,458.0764068238009,261,5.0,34950,2022-05-24 08:00:00,2022-05-24 08:00:00,28.672267099191927,-93.4142369770974,,2022-05-24,28176,0 days 00:30:00,704,3,False,False,,,,Free
2022-05-24 08:00:00,11.627682512917245,73.273476,106.18818837371572,2223,821,332.79152299717384,340.7576685397107,100,5.0,34956,2022-05-24 08:00:00,2022-05-24 08:00:00,28.66708477003231,-94.5874243264132,,2022-05-24,28295,0 days 00:15:00,710,3,False,False,,,,Free
2022-05-24 08:15:00,6.871756861523075,11.520001,37.08731994631189,2224,502,108.80893951339878,421.7361963174801,35,5.0,35005,2022-05-24 08:15:00,2022-05-24 08:15:00,30.90691060487041,-93.77763907177604,,2022-05-24,28441,0 days 00:00:00,716,3,False,False,,,,Free
2022-05-24 08:15:00,4.346547865504187,17.828573,14.838117795853323,2224,503,110.55115827236936,431.25386099995137,20,5.0,35006,2022-05-24 08:15:00,2022-05-24 08:15:00,30.889488417280702,-93.68246242767113,,2022-05-24,28330,0 days 00:15:00,712,3,False,False,,,,Free
2022-05-24 08:15:00,14.466750618203651,12.510967,164.37352603027105,2224,505,115.85386721641213,388.7191991672224,156,5.0,35008,2022-05-24 08:15:00,2022-05-24 08:15:00,30.83646132784027,-94.10780903384364,,2022-05-24,27821,0 days 02:00:00,689,8,False,False,,,,Free
2022-05-24 08:15:00,21.02032751329694,48.775158,347.03145263853327,2224,554,275.2548592479121,490.3040671252798,329,5.0,35051,2022-05-24 08:15:00,2022-05-24 08:15:00,29.242451407525017,-93.09196038329202,,2022-05-24,28260,0 days 00:30:00,706,3,False,False,,,,Free
2022-05-24 08:15:00,3.706127292039336,10.559999,10.787741836635943,2224,575,285.6943521573632,308.2292358819776,11,5.0,35067,2022-05-24 08:15:00,2022-05-24 08:15:00,29.13805647843049,-94.91270864369515,,2022-05-24,28026,0 days 01:15:00,697,6,False,False,,,,Free
2022-05-24 08:15:00,5.24316511986824,12.480001,21.591208494801418,2224,581,293.268261961105,426.0818639863536,22,5.0,35073,2022-05-24 08:15:00,2022-05-24 08:15:00,29.06231738039306,-93.73418239632912,,2022-05-24,28275,0 days 00:30:00,707,3,False,False,,,,Free
2022-05-24 08:15:00,4.974727400692839,10.666667,19.43696519130008,2224,584,295.9098039208353,459.1843137229236,18,5.0,35075,2022-05-24 08:15:00,2022-05-24 08:15:00,29.035901960795755,-93.40315790842276,,2022-05-24,28279,0 days 00:30:00,708,3,False,False,,,,Free
2022-05-24 08:15:00,9.884459307827491,39.887325,76.73539218295322,2224,590,304.8546905051707,406.6255641614037,72,5.0,35078,2022-05-24 08:15:00,2022-05-24 08:15:00,28.946453094952385,-93.92874538901872,,2022-05-24,28281,0 days 00:30:00,709,3,False,False,,,,Free
2022-05-24 08:15:00,22.34478973493989,46.461876,392.1411570691744,2224,603,326.8753529335358,341.8648857666784,364,5.0,35085,2022-05-24 08:15:00,2022-05-24 08:15:00,28.726246470668706,-94.57635215445993,,2022-05-24,28295,0 days 00:30:00,710,3,False,False,,,,Free
2022-05-24 08:30:00,8.0435272759424,15.399999,50.81395037277672,2225,518,99.35136217715277,421.99158653742825,48,5.0,35131,2022-05-24 08:30:00,2022-05-24 08:30:00,31.001486378232887,-93.77508516964951,,2022-05-24,28441,0 days 00:15:00,716,3,False,False,,,,Free
2022-05-24 08:30:00,1.642159732911044,9.6,2.117974264579876,2225,524,102.5,431.0,2,5.0,35137,2022-05-24 08:30:00,2022-05-24 08:30:00,30.97000000000441,-93.68500103759806,,2022-05-24,28330,0 days 00:30:00,712,3,False,False,,,,Free
2022-05-24 08:45:00,5.545643595175042,10.852176,24.15426304647404,2226,525,24.19471488058115,351.1947148805812,25,5.0,35215,2022-05-24 08:45:00,2022-05-24 08:45:00,31.75305285119872,-94.48305386598702,,2022-05-24,28591,0 days 00:00:00,718,3,False,False,,,,Free
2022-05-24 08:45:00,3.669822720238239,9.6,10.577427361304652,2226,569,91.3,422.9,10,5.0,35255,2022-05-24 08:45:00,2022-05-24 08:45:00,31.082000000004427,-93.7660010352834,,2022-05-24,28441,0 days 00:30:00,716,3,False,False,,,,Free
2022-05-24 08:45:00,17.327392853849386,93.85204,235.80680034100044,2226,629,266.3013386528159,360.96459363843474,220,5.0,35300,2022-05-24 08:45:00,2022-05-24 08:45:00,29.331986613476,-94.38535508120032,,2022-05-24,28654,0 days 00:00:00,719,4,False,False,,,,Free
2022-05-24 09:00:00,6.224756956941892,24.16552,30.432293226531925,2227,520,17.198272758287654,351.4357682620944,29,5.0,35334,2022-05-24 09:00:00,2022-05-24 09:00:00,31.823017272421662,-94.4806433322408,,2022-05-24,28591,0 days 00:15:00,718,3,False,False,,,,Free
2022-05-24 09:00:00,1.6507375014634111,9.6,2.140158393607276,2227,588,204.0,274.5,2,5.0,35388,2022-05-24 09:00:00,2022-05-24 09:00:00,29.95500000000425,-95.2500009928765,,2022-05-24,28724,0 days 00:00:00,721,3,False,False,,,,Free
2022-05-24 09:00:00,15.570752315885578,81.24746,190.4184712807408,2227,624,259.1592743454796,362.6276638004682,179,5.0,35415,2022-05-24 09:00:00,2022-05-24 09:00:00,29.403407256549368,-94.36872438005526,,2022-05-24,28654,0 days 00:15:00,719,4,False,False,,,,Free
2022-05-24 09:00:00,7.590834228628873,40.0,45.255242444193,2227,639,273.8872108846388,360.53006801442814,42,5.0,35426,2022-05-24 09:00:00,2022-05-24 09:00:00,29.25612789115776,-94.38970033731624,,2022-05-24,28751,0 days 00:00:00,722,4,False,False,,,,Free
2022-05-24 09:15:00,4.3238998515439215,9.599999,14.683890398699797,2228,502,12.133333333333333,353.2,15,5.0,35449,2022-05-24 09:15:00,2022-05-24 09:15:00,31.873666666671216,-94.46300101536588,,2022-05-24,28591,0 days 00:30:00,718,3,False,False,,,,Free
2022-05-24 09:15:00,2.327196353200512,9.6,4.253593040480274,2228,547,142.5,281.5,4,5.0,35485,2022-05-24 09:15:00,2022-05-24 09:15:00,30.57000000000435,-95.18000099487676,,2022-05-24,28796,0 days 00:00:00,723,3,False,False,,,,Free
2022-05-24 09:15:00,8.787160268207733,16.842106,60.64387954210876,2228,548,147.42005261683786,298.48173048920034,59,5.0,35486,2022-05-24 09:15:00,2022-05-24 09:15:00,30.52079947383596,-95.01018369483752,,2022-05-24,28797,0 days 00:00:00,724,4,False,False,,,,Free
2022-05-24 09:15:00,8.494356213271342,50.173588,56.66968778679402,2228,562,196.94669649138143,295.7290889569956,57,5.0,35497,2022-05-24 09:15:00,2022-05-24 09:15:00,30.025533035090447,-95.03771010937294,,2022-05-24,28806,0 days 00:00:00,725,4,False,False,,,,Free
2022-05-24 09:15:00,11.154724168914472,68.149445,97.72542158235116,2228,587,240.13527997213365,420.0311836666972,91,5.0,35520,2022-05-24 09:15:00,2022-05-24 09:15:00,29.59364720028286,-93.79468919779664,,2022-05-24,28826,0 days 00:00:00,726,5,False,False,,,,Free
2022-05-24 09:15:00,15.563971596639922,41.43729,190.2526613021592,2228,596,250.83396630725252,365.37909522653496,183,5.0,35528,2022-05-24 09:15:00,2022-05-24 09:15:00,29.486660336931653,-94.3412100665808,,2022-05-24,28654,0 days 00:30:00,719,4,False,False,,,,Free
2022-05-24 09:15:00,8.762249189881405,76.97143,60.30052332497039,2228,608,267.42635967449206,361.1628126316573,56,5.0,35537,2022-05-24 09:15:00,2022-05-24 09:15:00,29.320736403259232,-94.38337289132475,,2022-05-24,28751,0 days 00:15:00,722,4,False,False,,,,Free
2022-05-24 09:30:00,18.72392963228287,22.906565,275.3492399166751,2229,469,140.90241060842774,299.87649321049633,259,5.0,35584,2022-05-24 09:30:00,2022-05-24 09:30:00,30.58597589392007,-94.99623606802312,,2022-05-24,28797,0 days 00:15:00,724,4,False,False,,,,Free
2022-05-24 09:30:00,5.4553129732822745,9.600002,23.37379463237779,2229,470,133.8181818181818,281.59090909090907,22,5.0,35585,2022-05-24 09:30:00,2022-05-24 09:30:00,30.656818181822544,-95.17909190399372,,2022-05-24,28796,0 days 00:15:00,723,3,False,False,,,,Free
2022-05-24 09:30:00,12.61860392902075,41.18975,125.05829384259188,2229,481,191.8174389673332,275.76052145821814,117,5.0,35594,2022-05-24 09:30:00,2022-05-24 09:30:00,30.07682561033094,-95.2373957786545,,2022-05-24,28724,0 days 00:30:00,721,3,False,False,,,,Free
2022-05-24 09:30:00,12.345610295752753,41.82857,119.70574916937484,2229,483,192.1842028548128,295.76105508174334,112,5.0,35596,2022-05-24 09:30:00,2022-05-24 09:30:00,30.07315797145614,-95.0373904481346,,2022-05-24,28806,0 days 00:15:00,725,4,False,False,,,,Free
2022-05-24 09:30:00,10.515814858835498,24.177776,86.85118413307441,2229,495,223.0131325307769,497.3589545417554,81,5.0,35608,2022-05-24 09:30:00,2022-05-24 09:30:00,29.76486867469645,-93.0214115111433,,2022-05-24,28891,0 days 00:00:00,727,5,False,False,,,,Free
2022-05-24 09:30:00,11.088766404466682,54.506668,96.57313965881032,2229,504,231.8788939538868,421.6728611131623,90,5.0,35616,2022-05-24 09:30:00,2022-05-24 09:30:00,29.67621106046533,-93.77827242380113,,2022-05-24,28826,0 days 00:15:00,726,5,False,False,,,,Free
2022-05-24 09:30:00,12.757083841977687,21.942862,127.8182010794357,2229,515,240.47158025622625,368.5247494874244,119,5.0,35622,2022-05-24 09:30:00,2022-05-24 09:30:00,29.59028419744193,-94.3097535248708,,2022-05-24,28654,0 days 00:45:00,719,4,False,False,,,,Free
2022-05-24 09:30:00,6.41133758950493,27.519997,32.28398760984829,2229,528,260.8886914912944,361.6631142609353,30,5.0,35631,2022-05-24 09:30:00,2022-05-24 09:30:00,29.386113085091218,-94.37836987517494,,2022-05-24,28751,0 days 00:30:00,722,4,False,False,,,,Free
2022-05-24 09:45:00,5.3268195835499625,10.971431,22.285678286558,2230,444,122.55023923990794,282.3301435439448,21,5.0,35678,2022-05-24 09:45:00,2022-05-24 09:45:00,30.7694976076053,-95.17169955967456,,2022-05-24,28796,0 days 00:30:00,723,3,False,False,,,,Free
2022-05-24 09:45:00,18.825953643463063,17.001528,278.3580921997987,2230,446,135.37527027615283,302.4442818683165,262,5.0,35680,2022-05-24 09:45:00,2022-05-24 09:45:00,30.64124729724283,-94.9705581821787,,2022-05-24,28797,0 days 00:30:00,724,4,False,False,,,,Free
2022-05-24 09:45:00,8.624844060127774,15.010907,58.42414757624752,2230,448,131.82346531623898,318.2132219401614,55,5.0,35682,2022-05-24 09:45:00,2022-05-24 09:45:00,30.67676534684197,-94.81286878596636,,2022-05-24,28951,0 days 00:00:00,728,3,False,False,,,,Free
2022-05-24 09:45:00,11.002703915515124,15.3168545,95.07990381941252,2230,457,187.48371790709217,276.8035367683777,91,5.0,35688,2022-05-24 09:45:00,2022-05-24 09:45:00,30.12016282093336,-95.22696562585094,,2022-05-24,28724,0 days 00:45:00,721,3,False,False,,,,Free
2022-05-24 09:45:00,10.624039911310698,26.60241,88.64806666101461,2230,458,185.7745677653498,296.7655326286278,83,5.0,35689,2022-05-24 09:45:00,2022-05-24 09:45:00,30.13725432235078,-95.02734567295283,,2022-05-24,28806,0 days 00:30:00,725,4,False,False,,,,Free
2022-05-24 09:45:00,9.416353890447343,55.53231,69.63946490413628,2230,474,214.8642148263072,497.517871279197,65,5.0,35702,2022-05-24 09:45:00,2022-05-24 09:45:00,29.84635785174116,-93.01982234381428,,2022-05-24,28891,0 days 00:15:00,727,5,False,False,,,,Free
2022-05-24 09:45:00,9.05086933415588,38.88,64.33843187065206,2230,476,225.73337268193708,423.4049586681325,60,5.0,35704,2022-05-24 09:45:00,2022-05-24 09:45:00,29.737666273184846,-93.76095144874635,,2022-05-24,28826,0 days 00:30:00,726,5,False,False,,,,Free
2022-05-24 09:45:00,3.7007257377056217,14.4,10.756319219228688,2230,493,256.6127659366378,362.1468085168551,10,5.0,35716,2022-05-24 09:45:00,2022-05-24 09:45:00,29.428872340637792,-94.37353293275396,,2022-05-24,28751,0 days 00:45:00,722,4,False,False,,,,Free
2022-05-24 10:00:00,8.220146059237212,9.984,53.06998318941466,2231,349,124.44943819708726,319.6645264869626,50,5.0,35766,2022-05-24 10:00:00,2022-05-24 10:00:00,30.750505618033504,-94.79835574091312,,2022-05-24,28951,0 days 00:15:00,728,3,False,False,,,,Free
2022-05-24 10:00:00,,,,2231,360,179.0,298.22222222222223,9,5.0,35776,2022-05-24 10:00:00,2022-05-24 10:00:00,30.20500000000429,-95.01277877743314,,2022-05-24,28806,0 days 00:45:00,725,4,False,False,,,,Free
2022-05-24 10:00:00,9.412265915353274,78.12923,69.57901207800462,2231,372,207.997559620152,497.6530483247794,65,5.0,35787,2022-05-24 10:00:00,2022-05-24 10:00:00,29.915024403802725,-93.01847057339712,,2022-05-24,28891,0 days 00:30:00,727,5,False,False,,,,Free
2022-05-24 10:00:00,7.104875150913824,12.194595,39.6463109544501,2231,378,217.67317805495952,424.41622840462514,37,5.0,35790,2022-05-24 10:00:00,2022-05-24 10:00:00,29.81826821945464,-93.7508387516704,,2022-05-24,28826,0 days 00:45:00,726,5,False,False,,,,Free
2022-05-24 10:15:00,4.3478110205457385,9.599999,14.846743292371544,2232,315,115.86666666666666,319.8,15,5.0,35836,2022-05-24 10:15:00,2022-05-24 10:15:00,30.836333333337723,-94.7970010058214,,2022-05-24,28951,0 days 00:30:00,728,3,False,False,,,,Free
2022-05-24 10:15:00,3.8552533823809054,9.599999,11.67335612832458,2232,318,122.63636363636364,307.0,11,5.0,35838,2022-05-24 10:15:00,2022-05-24 10:15:00,30.76863636364074,-94.9250010021637,,2022-05-24,28797,0 days 01:00:00,724,4,False,False,,,,Free
2022-05-24 10:15:00,12.05747352068938,101.92149,114.18328020307096,2232,326,176.52517692126406,485.1525466462292,107,5.0,35846,2022-05-24 10:15:00,2022-05-24 10:15:00,30.229748230791653,-93.14347558661046,,2022-05-24,29085,0 days 00:00:00,729,3,False,False,,,,Free
2022-05-24 10:15:00,6.60192180562496,22.2,34.23187074876174,2232,339,201.34120636961407,497.0948401103217,32,5.0,35856,2022-05-24 10:15:00,2022-05-24 10:15:00,29.98158793630812,-93.02405265538216,,2022-05-24,28891,0 days 00:45:00,727,5,False,False,,,,Free
2022-05-24 10:15:00,2.610910476199332,9.6,5.353944230616357,2232,343,211.0,424.6666666666667,6,5.0,35859,2022-05-24 10:15:00,2022-05-24 10:15:00,29.88500000000424,-93.74833436912157,,2022-05-24,28826,0 days 01:00:00,726,5,False,False,,,,Free
2022-05-24 10:15:00,4.236682978439467,9.599999,14.097490714940257,2232,355,340.0769230769231,442.46153846153845,13,5.0,35866,2022-05-24 10:15:00,2022-05-24 10:15:00,28.59423076923481,-93.57038565625794,,2022-05-24,29099,0 days 00:00:00,730,3,False,False,,,,Free
2022-05-24 10:30:00,14.5057023911519,119.65935,165.25987017190624,2233,274,169.08828394079885,486.6453787298863,155,5.0,35903,2022-05-24 10:30:00,2022-05-24 10:30:00,30.30411716059632,-93.12854726620048,,2022-05-24,29085,0 days 00:15:00,729,3,False,False,,,,Free
2022-05-24 10:30:00,2.0206116701456285,9.6,3.2066797943963903,2233,291,193.0,497.0,3,5.0,35917,2022-05-24 10:30:00,2022-05-24 10:30:00,30.065000000004268,-93.02500105645828,,2022-05-24,28891,0 days 01:00:00,727,5,False,False,,,,Free
2022-05-24 10:30:00,11.327478619157196,16.206451,100.77582996697816,2233,310,331.87161773800085,443.2536941083126,93,5.0,35927,2022-05-24 10:30:00,2022-05-24 10:30:00,28.676283822624043,-93.56246410001654,,2022-05-24,29099,0 days 00:15:00,730,3,False,False,,,,Free
2022-05-24 10:45:00,18.558207359895025,76.23308,270.49667270937573,2234,270,160.13126393463526,489.2090287084157,294,5.0,35956,2022-05-24 10:45:00,2022-05-24 10:45:00,30.393687360657967,-93.10291076714776,,2022-05-24,29085,0 days 00:30:00,729,3,False,False,,,,Free
2022-05-24 10:45:00,19.91438903198679,39.73333,311.4754738471511,2234,312,310.8373121045016,462.1822616866684,288,5.0,35980,2022-05-24 10:45:00,2022-05-24 10:45:00,28.886626878959067,-93.37317842964204,,2022-05-24,29199,0 days 00:00:00,731,3,False,False,,,,Free
2022-05-24 10:45:00,5.1179198547983775,10.105265,20.572015492644542,2234,318,323.7113402092263,443.0515463876983,19,5.0,35984,2022-05-24 10:45:00,2022-05-24 10:45:00,28.7578865979118,-93.56448557716492,,2022-05-24,29099,0 days 00:30:00,730,3,False,False,,,,Free
2022-05-24 11:00:00,14.217666286800302,25.404083,158.76198275389254,2235,216,300.31705209734014,461.7647293006923,151,5.0,36026,2022-05-24 11:00:00,2022-05-24 11:00:00,28.9918294790307,-93.37735375338248,,2022-05-24,29199,0 days 00:15:00,731,3,False,False,,,,Free
2022-05-24 11:15:00,5.109691305809121,10.105264,20.505917640259955,2236,263,288.9062937031224,463.6139860128668,29,5.0,36065,2022-05-24 11:15:00,2022-05-24 11:15:00,29.10593706297289,-93.35886118678916,,2022-05-24,29199,0 days 00:30:00,731,3,False,False,,,,Free
2022-05-24 11:45:00,3.880240770012204,13.963637,11.82516557510523,2238,281,250.385395533013,465.1906693710006,11,5.0,36158,2022-05-24 11:45:00,2022-05-24 11:45:00,29.49114604467405,-93.3430943536584,,2022-05-24,29369,0 days 00:00:00,732,3,False,False,,,,Free
2022-05-24 12:00:00,8.352595355208917,22.211765,54.793969804298726,2239,206,242.51993621729144,465.5971747613792,51,5.0,36202,2022-05-24 12:00:00,2022-05-24 12:00:00,29.569800637831275,-93.3390292998708,,2022-05-24,29369,0 days 00:15:00,732,3,False,False,,,,Free
2022-05-24 12:00:00,7.511001631350072,11.239025,44.30835166832487,2239,214,303.8348694361723,202.4800307241321,42,5.0,36207,2022-05-24 12:00:00,2022-05-24 12:00:00,28.95665130564237,-95.97020066505468,,2022-05-24,29409,0 days 00:00:00,733,4,False,False,,,,Free
2022-05-24 12:00:00,26.28528903061461,16.498205,542.644486875925,2239,217,327.6720698211934,364.6662510869433,504,5.0,36210,2022-05-24 12:00:00,2022-05-24 12:00:00,28.718279301792123,-94.348338507773,,2022-05-24,29412,0 days 00:00:00,734,3,False,False,,,,Free
2022-05-24 12:15:00,6.185412128032457,13.37143,30.048802169091484,2240,256,232.67576792239336,465.9948805512824,28,5.0,36251,2022-05-24 12:15:00,2022-05-24 12:15:00,29.66824232078028,-93.3350522420854,,2022-05-24,29369,0 days 00:30:00,732,3,False,False,,,,Free
2022-05-24 12:15:00,,,,2240,264,246.9921568708116,497.44313726663495,9,5.0,36255,2022-05-24 12:15:00,2022-05-24 12:15:00,29.52507843129607,-93.02056968391857,,2022-05-24,29452,0 days 00:00:00,735,3,False,False,,,,Free
2022-05-24 12:15:00,2.343669834711131,12.0,4.314025838144554,2240,281,283.50714284984434,270.50714284984434,4,5.0,36264,2022-05-24 12:15:00,2022-05-24 12:15:00,29.159928571505684,-95.28992956323702,,2022-05-24,29461,0 days 00:00:00,736,3,False,False,,,,Free
2022-05-24 12:15:00,7.688241026521015,14.511626,46.424139374477065,2240,287,293.90522244106205,200.74468085646035,44,5.0,36267,2022-05-24 12:15:00,2022-05-24 12:15:00,29.05594777559349,-95.98755416323549,,2022-05-24,29409,0 days 00:15:00,733,4,False,False,,,,Free
2022-05-24 12:15:00,21.32040783900548,11.316363,357.0104245513957,2240,292,316.2462110061226,366.85673437920485,333,5.0,36271,2022-05-24 12:15:00,2022-05-24 12:15:00,28.83253788994285,-94.32643367547638,,2022-05-24,29412,0 days 00:15:00,734,3,False,False,,,,Free
2022-05-24 12:30:00,10.126584926853134,22.784002,80.54079273990764,2241,346,239.31129106483013,496.918428543089,75,5.0,36302,2022-05-24 12:30:00,2022-05-24 12:30:00,29.60188708935589,-93.02581677100407,,2022-05-24,29452,0 days 00:15:00,735,3,False,False,,,,Free
2022-05-24 12:30:00,5.2385602602753645,21.12,21.553299780870702,2241,369,275.1606699266316,270.92866004320524,20,5.0,36315,2022-05-24 12:30:00,2022-05-24 12:30:00,29.243393300737825,-95.28571439142388,,2022-05-24,29461,0 days 00:15:00,736,3,False,False,,,,Free
2022-05-24 12:30:00,8.119854053257415,15.0,51.78289515027189,2241,376,286.0470833352953,199.66583333417773,48,5.0,36319,2022-05-24 12:30:00,2022-05-24 12:30:00,29.13452916665117,-95.99834263815,,2022-05-24,29409,0 days 00:30:00,733,4,False,False,,,,Free
2022-05-24 12:30:00,1.6582112348905145,9.6,2.1595814478799134,2241,389,295.5,400.0,2,5.0,36326,2022-05-24 12:30:00,2022-05-24 12:30:00,29.040000000004103,-93.99500102873948,,2022-05-24,29514,0 days 00:00:00,737,3,False,False,,,,Free
2022-05-24 12:30:00,6.424441047541263,9.600001,32.41608615126548,2241,394,302.5806451612903,370.06451612903226,31,5.0,36329,2022-05-24 12:30:00,2022-05-24 12:30:00,28.9691935483912,-94.29435585889472,,2022-05-24,29412,0 days 00:30:00,734,3,False,False,,,,Free
2022-05-24 12:45:00,4.048962493158434,9.599999,12.87589388720547,2242,248,229.3684210526316,497.8421052631579,19,5.0,36358,2022-05-24 12:45:00,2022-05-24 12:45:00,29.701315789477896,-93.01658000406736,,2022-05-24,29452,0 days 00:30:00,735,3,False,False,,,,Free
2022-05-24 12:45:00,,,,2242,266,269.0,271.6666666666667,3,5.0,36372,2022-05-24 12:45:00,2022-05-24 12:45:00,29.30500000000415,-95.27833432540012,,2022-05-24,29461,0 days 00:30:00,736,3,False,False,,,,Free
2022-05-24 13:00:00,6.1957482947762985,12.685715,30.149312508360765,2243,349,267.119888464428,195.69702602090453,28,5.0,36423,2022-05-24 13:00:00,2022-05-24 13:00:00,29.32380111535987,-96.03803071014865,,2022-05-24,29409,0 days 01:00:00,733,4,False,False,,,,Free
2022-05-24 13:00:00,3.704574409392217,9.6,10.778703513782473,2243,350,277.2,402.8,10,5.0,36424,2022-05-24 13:00:00,2022-05-24 13:00:00,29.22300000000413,-93.96700102953956,,2022-05-24,29514,0 days 00:30:00,737,3,False,False,,,,Free
2022-05-24 13:15:00,6.505117392128715,13.625808,33.235342446246,2244,316,221.5482423647926,211.3433058986144,31,5.0,36468,2022-05-24 13:15:00,2022-05-24 13:15:00,29.77951757635629,-95.8815679158426,,2022-05-24,29641,0 days 00:00:00,738,3,False,False,,,,Free
2022-05-24 13:15:00,5.615510210939638,9.600002,24.766710286025933,2244,337,267.17391304347825,404.8695652173913,23,5.0,36479,2022-05-24 13:15:00,2022-05-24 13:15:00,29.32326086956937,-93.94630537795706,,2022-05-24,29514,0 days 00:45:00,737,3,False,False,,,,Free
2022-05-24 13:45:00,9.960268778992196,55.13514,77.91695958548162,2246,349,47.4229110665592,152.80867923962353,74,5.0,36563,2022-05-24 13:45:00,2022-05-24 13:45:00,31.520770889338905,-96.4669141657056,,2022-05-24,29731,0 days 00:00:00,739,5,False,False,,,,Free
2022-05-24 13:45:00,33.66166790126565,135.02309,889.9408525131755,2246,360,202.6783429696341,210.52472011934492,832,5.0,36570,2022-05-24 13:45:00,2022-05-24 13:45:00,29.96821657030792,-95.88975377340137,,2022-05-24,29641,0 days 00:30:00,738,3,False,False,,,,Free
2022-05-24 13:45:00,1.672014750980268,9.6,2.1956852809477465,2246,447,473.0,488.5,2,5.0,36608,2022-05-24 13:45:00,2022-05-24 13:45:00,27.26500000000383,-93.11000105402934,,2022-05-24,29774,0 days 00:00:00,740,3,False,False,,,,Free
2022-05-24 14:00:00,21.997333020422392,67.70526,380.0405524727982,2247,416,47.12752856018815,151.76047205660694,362,5.0,36623,2022-05-24 14:00:00,2022-05-24 14:00:00,31.52372471440261,-96.47739623723623,,2022-05-24,29731,0 days 00:15:00,739,5,False,False,,,,Free
2022-05-24 14:15:00,25.467096023895767,69.00496,509.3880272350734,2248,475,46.37141359201914,150.47055370082,484,5.0,36709,2022-05-24 14:15:00,2022-05-24 14:15:00,31.531285864084307,-96.49029542042548,,2022-05-24,29731,0 days 00:30:00,739,5,False,False,,,,Free
2022-05-24 14:15:00,40.31304327265698,51.89472,1276.3831162981578,2248,508,197.90356277971705,209.8508802242307,1392,5.0,36731,2022-05-24 14:15:00,2022-05-24 14:15:00,30.01596437220709,-95.89649217215998,,2022-05-24,29641,0 days 01:00:00,738,3,False,False,,,,Free
2022-05-24 14:15:00,2.047852878216534,9.6,3.293725385895114,2248,604,473.6666666666667,490.6666666666667,3,5.0,36777,2022-05-24 14:15:00,2022-05-24 14:15:00,27.258333333337163,-93.08833438798176,,2022-05-24,29774,0 days 00:30:00,740,3,False,False,,,,Free
2022-05-24 14:30:00,22.38546060215813,58.03637,393.56996760181977,2249,511,43.57266731772262,148.36317538497912,374,5.0,36795,2022-05-24 14:30:00,2022-05-24 14:30:00,31.55927332682728,-96.51136920298173,,2022-05-24,29731,0 days 00:45:00,739,5,False,False,,,,Free
2022-05-24 14:30:00,4.874976612080724,9.6,18.665299131340856,2249,648,474.1764705882353,489.11764705882354,17,5.0,36869,2022-05-24 14:30:00,2022-05-24 14:30:00,27.25323529412148,-93.10382458361757,,2022-05-24,29774,0 days 00:45:00,740,3,False,False,,,,Free
2022-05-24 14:45:00,16.690880550014096,68.907684,218.8005349714341,2250,543,38.825725220698594,147.12718164533885,208,5.0,36883,2022-05-24 14:45:00,2022-05-24 14:45:00,31.60674274779752,-96.5237291400249,,2022-05-24,29731,0 days 01:00:00,739,5,False,False,,,,Free
2022-05-24 15:00:00,2.0295540418000804,9.6,3.235125413453777,2251,620,282.25,415.5,4,5.0,37022,2022-05-24 15:00:00,2022-05-24 15:00:00,29.172500000004128,-93.84000103316872,,2022-05-24,30160,0 days 00:00:00,741,3,False,False,,,,Free
2022-05-24 15:15:00,2.6199131317793896,9.6,5.39092965377368,2252,459,280.5,417.6666666666667,6,5.0,37104,2022-05-24 15:15:00,2022-05-24 15:15:00,29.190000000004133,-93.81833436712122,,2022-05-24,30160,0 days 00:15:00,741,3,False,False,,,,Free
2022-05-24 15:30:00,2.6194785469365574,9.6,5.389141333407222,2253,541,276.8,418.2,5,5.0,37190,2022-05-24 15:30:00,2022-05-24 15:30:00,29.227000000004136,-93.81300103394034,,2022-05-24,30160,0 days 00:30:00,741,3,False,False,,,,Free
2022-05-24 15:45:00,1.65489260699448,9.6,2.1509460274065217,2254,409,254.5,499.0,2,5.0,37266,2022-05-24 15:45:00,2022-05-24 15:45:00,29.450000000004174,-93.0050010570298,,2022-05-24,30386,0 days 00:00:00,742,3,False,False,,,,Free
2022-05-24 16:00:00,3.2762789919977684,9.6,8.430467053737807,2255,420,56.125,52.625,8,5.0,37295,2022-05-24 16:00:00,2022-05-24 16:00:00,31.433750000004483,-97.46875092947325,,2022-05-24,30413,0 days 00:00:00,743,4,False,False,,,,Free
2022-05-24 16:00:00,3.509893707267786,18.133335,9.675597877287466,2255,493,250.314720817507,498.9610829092293,9,5.0,37326,2022-05-24 16:00:00,2022-05-24 16:00:00,29.491852791829107,-93.0053902279264,,2022-05-24,30386,0 days 00:15:00,742,3,False,False,,,,Free
2022-05-24 16:00:00,,,,2255,494,249.5,294.5,2,5.0,37327,2022-05-24 16:00:00,2022-05-24 16:00:00,29.50000000000417,-95.05000099859171,,2022-05-24,30444,0 days 00:00:00,744,3,False,False,,,,Free
2022-05-24 16:15:00,4.330687191510152,9.599999,14.730025962719486,2256,427,41.35714285714285,51.5,14,5.0,37368,2022-05-24 16:15:00,2022-05-24 16:15:00,31.58142857143308,-97.48000092915174,,2022-05-24,30483,0 days 00:00:00,746,3,False,False,,,,Free
2022-05-24 16:15:00,9.963951514412924,20.756756,77.97458867193933,2256,430,54.51509435898687,52.11835336956646,74,5.0,37371,2022-05-24 16:15:00,2022-05-24 16:15:00,31.449849056414617,-97.4738173956328,,2022-05-24,30413,0 days 00:15:00,743,4,False,False,,,,Free
2022-05-24 16:15:00,1.6543619781137595,9.6,2.149566879182784,2256,478,248.0,498.5,2,5.0,37397,2022-05-24 16:15:00,2022-05-24 16:15:00,29.515000000004186,-93.01000105688696,,2022-05-24,30386,0 days 00:30:00,742,3,False,False,,,,Free
2022-05-24 16:30:00,6.647495642771681,10.763637,34.706115203058644,2257,451,37.59095688173993,51.92954784157997,33,5.0,37448,2022-05-24 16:30:00,2022-05-24 16:30:00,31.61909043118711,-97.4757054508587,,2022-05-24,30483,0 days 00:15:00,746,3,False,False,,,,Free
2022-05-24 16:30:00,9.043938274607568,22.032785,64.23993022611062,2257,455,50.30086621216612,52.22309914995055,61,5.0,37450,2022-05-24 16:30:00,2022-05-24 16:30:00,31.49199133788283,-97.47276993785891,,2022-05-24,30413,0 days 00:30:00,743,4,False,False,,,,Free
2022-05-24 16:30:00,2.339100574620611,14.4,4.297220833907211,2257,516,244.185328181774,290.2741312727096,5,5.0,37487,2022-05-24 16:30:00,2022-05-24 16:30:00,29.553146718186447,-95.092259684657,,2022-05-24,30444,0 days 00:30:00,744,3,False,False,,,,Free
2022-05-24 16:30:00,2.61786337467668,15.360001,5.382497485890651,2257,527,264.2741312727096,239.3629343636452,5,5.0,37495,2022-05-24 16:30:00,2022-05-24 16:30:00,29.35225868727706,-95.6013716391992,,2022-05-24,30594,0 days 00:00:00,747,4,False,False,,,,Free
2022-05-24 16:45:00,2.0036747463797004,9.6,3.153147815649118,2258,356,31.666666666666668,51.66666666666666,3,5.0,37533,2022-05-24 16:45:00,2022-05-24 16:45:00,31.678333333337854,-97.47833426253273,,2022-05-24,30483,0 days 00:30:00,746,3,False,False,,,,Free
2022-05-24 16:45:00,3.66081359597938,9.6,10.525557613979888,2258,365,45.0,52.3,10,5.0,37536,2022-05-24 16:45:00,2022-05-24 16:45:00,31.5450000000045,-97.4720009293804,,2022-05-24,30413,0 days 00:45:00,743,4,False,False,,,,Free
2022-05-24 16:45:00,2.859280992920714,11.2,6.421013100231811,2258,386,205.39247310036168,496.1236559153568,6,5.0,37550,2022-05-24 16:45:00,2022-05-24 16:45:00,29.94107526900063,-93.03376449705428,,2022-05-24,30642,0 days 00:00:00,748,3,False,False,,,,Free
2022-05-24 16:45:00,7.930336331988907,24.834784,49.39387454506418,2258,396,239.7093379639844,289.7181061044395,46,5.0,37557,2022-05-24 16:45:00,2022-05-24 16:45:00,29.597906620364352,-95.09781993618084,,2022-05-24,30444,0 days 00:45:00,744,3,False,False,,,,Free
2022-05-24 16:45:00,4.678258980818475,10.200001,17.189308313669354,2258,401,243.89423076372,225.16105769809403,16,5.0,37561,2022-05-24 16:45:00,2022-05-24 16:45:00,29.556057692366988,-95.74339040179638,,2022-05-24,30651,0 days 00:00:00,749,3,False,False,,,,Free
2022-05-24 16:45:00,3.312630148285723,9.6,8.618581275382878,2258,411,270.90909090909093,223.45454545454547,11,5.0,37568,2022-05-24 16:45:00,2022-05-24 16:45:00,29.28590909091324,-95.7604555237442,,2022-05-24,30656,0 days 00:00:00,750,3,False,False,,,,Free
2022-05-24 16:45:00,6.414838704788624,24.639997,32.31925663839912,2258,412,272.68567547114344,231.24507806147685,30,5.0,37569,2022-05-24 16:45:00,2022-05-24 16:45:00,29.26814324529271,-95.68255019990112,,2022-05-24,30657,0 days 00:00:00,751,4,False,False,,,,Free
2022-05-24 16:45:00,3.513097182866638,9.6,9.693267749418393,2258,413,269.22222222222223,209.88888888888889,9,5.0,37570,2022-05-24 16:45:00,2022-05-24 16:45:00,29.302777777781927,-95.89611208552424,,2022-05-24,30658,0 days 00:00:00,752,3,False,False,,,,Free
2022-05-24 17:00:00,7.246353297644823,9.600001,41.24097176483011,2259,382,90.58333333333331,389.7916666666667,48,5.0,37602,2022-05-24 17:00:00,2022-05-24 17:00:00,31.08916666667109,-94.09708435915564,,2022-05-24,30687,0 days 00:00:00,753,3,False,False,,,,Free
2022-05-24 17:00:00,3.8707735536377945,21.818184,11.767532641831542,2259,408,200.6864864891058,497.2324324331569,11,5.0,37615,2022-05-24 17:00:00,2022-05-24 17:00:00,29.9881351351132,-93.02267673219312,,2022-05-24,30642,0 days 00:15:00,748,3,False,False,,,,Free
2022-05-24 17:00:00,4.677129287805189,9.6,17.181007662933723,2259,418,238.8235294117647,223.58823529411765,17,5.0,37622,2022-05-24 17:00:00,2022-05-24 17:00:00,29.60676470588655,-95.75911862538668,,2022-05-24,30651,0 days 00:15:00,749,3,False,False,,,,Free
2022-05-24 17:00:00,12.87022169085752,20.548763,130.09539882479342,2259,419,252.1169342114678,236.33581375595168,121,5.0,37623,2022-05-24 17:00:00,2022-05-24 17:00:00,29.473830657889497,-95.63164284441108,,2022-05-24,30594,0 days 00:30:00,747,4,False,False,,,,Free
2022-05-24 17:00:00,8.525008882844187,18.837734,57.07942134933381,2259,430,267.9708208621957,209.02045268527905,53,5.0,37626,2022-05-24 17:00:00,2022-05-24 17:00:00,29.3152917913822,-95.90479644731217,,2022-05-24,30658,0 days 00:15:00,752,3,False,False,,,,Free
2022-05-24 17:00:00,5.2359193508453625,13.920001,21.531573977510483,2259,431,264.9204035881032,223.3699551553925,20,5.0,37627,2022-05-24 17:00:00,2022-05-24 17:00:00,29.345795964123123,-95.76130142671155,,2022-05-24,30656,0 days 00:15:00,750,3,False,False,,,,Free
2022-05-24 17:00:00,6.305686112209163,15.889656,31.22874836092061,2259,432,267.2921348334673,228.81273409332204,30,5.0,37628,2022-05-24 17:00:00,2022-05-24 17:00:00,29.32207865166948,-95.7068736388876,,2022-05-24,30657,0 days 00:15:00,751,4,False,False,,,,Free
2022-05-24 17:15:00,8.20291224145601,9.6,52.84769038101538,2260,364,84.0,390.59615384615387,52,5.0,37665,2022-05-24 17:15:00,2022-05-24 17:15:00,31.15500000000444,-94.0890394875907,,2022-05-24,30687,0 days 00:15:00,753,3,False,False,,,,Free
2022-05-24 17:15:00,2.0247999767668583,9.6,3.219987128791105,2260,395,234.3333333333333,220.66666666666663,3,5.0,37686,2022-05-24 17:15:00,2022-05-24 17:15:00,29.65166666667087,-95.78833431082631,,2022-05-24,30651,0 days 00:30:00,749,3,False,False,,,,Free
2022-05-24 17:15:00,10.33166303950083,15.753847,83.8359612715221,2260,401,248.2396280402964,234.3590844075829,78,5.0,37688,2022-05-24 17:15:00,2022-05-24 17:15:00,29.51260371960122,-95.65141013732996,,2022-05-24,30594,0 days 00:45:00,747,4,False,False,,,,Free
2022-05-24 17:15:00,1.6542802327964106,14.400001,2.149354455677212,2260,405,247.0,326.7553191435396,2,5.0,37691,2022-05-24 17:15:00,2022-05-24 17:15:00,29.525000000004184,-94.72744781637364,,2022-05-24,30758,0 days 00:00:00,754,3,False,False,,,,Free
2022-05-24 17:15:00,4.826594011290402,15.811766,18.29664327200112,2260,410,262.18152865581084,227.5297239867249,18,5.0,37695,2022-05-24 17:15:00,2022-05-24 17:15:00,29.37318471344605,-95.71970373958692,,2022-05-24,30657,0 days 00:30:00,751,4,False,False,,,,Free
2022-05-24 17:15:00,4.967119365448692,10.133335,19.37755930738651,2260,411,264.2402597503128,208.1493506500209,18,5.0,37696,2022-05-24 17:15:00,2022-05-24 17:15:00,29.35259740250103,-95.91350746741584,,2022-05-24,30658,0 days 00:30:00,752,3,False,False,,,,Free
2022-05-24 17:30:00,2.840338548168599,9.599999,6.3362178009406485,2261,282,76.42857142857143,393.0,7,5.0,37730,2022-05-24 17:30:00,2022-05-24 17:30:00,31.230714285718737,-94.06500102673914,,2022-05-24,30687,0 days 00:30:00,753,3,False,False,,,,Free
2022-05-24 17:30:00,14.525702449028644,109.254196,165.71589573241258,2261,306,193.8036905871157,497.4167712861309,174,5.0,37739,2022-05-24 17:30:00,2022-05-24 17:30:00,30.05696309413311,-93.02083334371603,,2022-05-24,30642,0 days 00:45:00,748,3,False,False,,,,Free
2022-05-24 17:30:00,,,,2261,322,242.3023758074884,232.8444924462769,34,5.0,37750,2022-05-24 17:30:00,2022-05-24 17:30:00,29.571976241929303,-95.66655605651016,,2022-05-24,30594,0 days 01:00:00,747,4,False,False,,,,Free
2022-05-24 17:30:00,3.50850613662408,11.733334,9.667949257175527,2261,324,242.687165775742,324.0668449153544,10,5.0,37751,2022-05-24 17:30:00,2022-05-24 17:30:00,29.56812834224677,-94.7543325578872,,2022-05-24,30758,0 days 00:15:00,754,3,False,False,,,,Free
2022-05-24 17:30:00,1.1701569551890565,9.6,1.0754200224452932,2261,332,253.5,222.5,2,5.0,37758,2022-05-24 17:30:00,2022-05-24 17:30:00,29.46000000000417,-95.77000097801692,,2022-05-24,30656,0 days 00:45:00,750,3,False,False,,,,Free
2022-05-24 17:30:00,4.053675729217513,12.000001,12.90588796553998,2261,333,254.66666666666663,227.44285714447904,12,5.0,37759,2022-05-24 17:30:00,2022-05-24 17:30:00,29.448333333337505,-95.7205724079846,,2022-05-24,30657,0 days 00:45:00,751,4,False,False,,,,Free
2022-05-24 18:00:00,1.653707196848763,9.6,2.147865658286814,2262,206,240.0,322.5,2,5.0,37798,2022-05-24 18:00:00,2022-05-24 18:00:00,29.595000000004195,-94.77000100659302,,2022-05-24,30758,0 days 00:45:00,754,3,False,False,,,,Free
2022-05-24 20:15:00,4.494998393990612,17.920002,15.868978186803709,2271,185,92.85139319951902,49.2198142335029,15,5.0,37974,2022-05-24 20:15:00,2022-05-24 20:15:00,31.06648606800924,-97.50280278616516,,2022-05-24,31018,0 days 00:00:00,755,4,False,False,,,,Free
2022-05-24 20:30:00,,,,2272,134,94.0,45.82745097085908,9,5.0,38000,2022-05-24 20:30:00,2022-05-24 20:30:00,31.055000000004423,-97.5367264178222,,2022-05-24,31018,0 days 00:15:00,755,4,False,False,,,,Free
2022-05-24 20:45:00,3.283027731198625,13.200001,8.465234313831415,2273,112,94.79772080004304,42.13675213326878,9,5.0,38010,2022-05-24 20:45:00,2022-05-24 20:45:00,31.04702279200399,-97.57363340514344,,2022-05-24,31018,0 days 00:30:00,755,4,False,False,,,,Free
2022-05-24 21:00:00,1.6416862646841277,9.6,2.116753130074293,2274,114,97.0,37.5,2,5.0,38032,2022-05-24 21:00:00,2022-05-24 21:00:00,31.02500000000441,-97.62000092515107,,2022-05-24,31018,0 days 00:45:00,755,4,False,False,,,,Free
2022-05-24 22:00:00,35.707590665289175,46.540882,1001.4078155144456,2278,114,15.433838240205288,489.5602932580727,955,5.0,38091,2022-05-24 22:00:00,2022-05-24 22:00:00,31.840661617602493,-93.09939812175156,,2022-05-24,31125,0 days 00:00:00,756,3,False,False,,,,Free
2022-05-24 22:15:00,27.1825971618828,36.941772,580.3256673267172,2279,86,14.854429517845588,492.7833193187876,554,5.0,38119,2022-05-24 22:15:00,2022-05-24 22:15:00,31.84645570482609,-93.06716786206545,,2022-05-24,31125,0 days 00:15:00,756,3,False,False,,,,Free
2022-05-24 22:30:00,16.907400497205682,21.263554,224.51406944980693,2280,68,13.382312409552473,496.3654752130072,214,5.0,38129,2022-05-24 22:30:00,2022-05-24 22:30:00,31.861176875909024,-93.0313463041469,,2022-05-24,31125,0 days 00:30:00,756,3,False,False,,,,Free
2022-05-25 04:15:00,5.659983480405263,36.800003,25.16055453266959,2303,404,7.406327212247359,413.95007412507744,34,5.0,39143,2022-05-25 04:15:00,2022-05-25 04:15:00,31.920936727882086,-93.8555002914751,,2022-05-25,32134,0 days 00:00:00,757,3,False,False,,,,Free
2022-05-25 04:30:00,8.32929310317886,76.06154,54.48866545618764,2304,421,5.184280191608993,419.5911670837877,53,5.0,39222,2022-05-25 04:30:00,2022-05-25 04:30:00,31.94315719808847,-93.7990893635,,2022-05-25,32134,0 days 00:15:00,757,3,False,False,,,,Free
2022-05-25 04:45:00,5.034331435164485,23.74737,19.90551825372108,2305,423,1.179674343848134,423.5064570468826,19,5.0,39300,2022-05-25 04:45:00,2022-05-25 04:45:00,31.983203256566085,-93.75993646498785,,2022-05-25,32134,0 days 00:30:00,757,3,False,False,,,,Free
2022-05-25 04:45:00,4.094768751792646,12.000001,13.168873995462585,2305,545,468.6119047610938,288.6119047610938,12,5.0,39363,2022-05-25 04:45:00,2022-05-25 04:45:00,27.3088809523929,-95.10888194929817,,2022-05-25,32342,0 days 00:00:00,758,3,False,False,,,,Free
2022-05-25 05:00:00,8.357023325590744,10.943999,54.85208117612672,2306,467,465.3748317472509,289.0215343302994,50,5.0,39430,2022-05-25 05:00:00,2022-05-25 05:00:00,27.341251682531333,-95.10478565372318,,2022-05-25,32342,0 days 00:15:00,758,3,False,False,,,,Free
2022-05-25 05:30:00,4.093999363142251,9.599999,13.16392571587576,2308,456,464.4166666666667,290.6666666666667,12,5.0,39595,2022-05-25 05:30:00,2022-05-25 05:30:00,27.35083333333717,-95.08833433082958,,2022-05-25,32342,0 days 00:45:00,758,3,False,False,,,,Free
2022-05-25 06:15:00,11.272847872766132,28.800001,99.80612029212482,2311,332,461.1851954327706,449.8112183809697,93,5.0,39766,2022-05-25 06:15:00,2022-05-25 06:15:00,27.383148045676144,-93.49688885916385,,2022-05-25,32725,0 days 00:00:00,759,3,False,False,,,,Free
2022-05-25 06:30:00,1.671261334853233,9.6,2.193706958698322,2312,356,463.0,448.5,4,5.0,39814,2022-05-25 06:30:00,2022-05-25 06:30:00,27.36500000000385,-93.5100010425989,,2022-05-25,32725,0 days 00:15:00,759,3,False,False,,,,Free
2022-05-25 06:45:00,10.23535339102536,11.903999,82.28024292236793,2313,398,465.5214421168861,447.7946869088339,77,5.0,39858,2022-05-25 06:45:00,2022-05-25 06:45:00,27.33978557883498,-93.51705417330896,,2022-05-25,32725,0 days 00:30:00,759,3,False,False,,,,Free
2022-05-25 09:45:00,15.26702436587758,10.289819,183.06220062995405,2324,299,456.42236159441626,109.73832180103857,176,5.0,40314,2022-05-25 09:45:00,2022-05-25 09:45:00,27.43077638405969,-96.8976177277836,,2022-05-25,33247,0 days 00:00:00,760,3,False,False,,,,Free
2022-05-25 10:00:00,6.250426835733194,15.428573,30.68380635081506,2325,285,452.4595890588844,107.69109589740827,28,5.0,40343,2022-05-25 10:00:00,2022-05-25 10:00:00,27.470404109415018,-96.91808998623492,,2022-05-25,33247,0 days 00:15:00,760,3,False,False,,,,Free
2022-05-25 10:30:00,8.917850452859405,13.136841,62.46118967040621,2327,219,452.6912106445205,105.483913757937,81,5.0,40400,2022-05-25 10:30:00,2022-05-25 10:30:00,27.468087893558657,-96.9401618069989,,2022-05-25,33247,0 days 00:45:00,760,3,False,False,,,,Free
2022-05-25 10:45:00,2.032406627728853,9.6,3.2442258941111985,2328,232,311.0,454.0,3,5.0,40429,2022-05-25 10:45:00,2022-05-25 10:45:00,28.885000000004084,-93.45500104417056,,2022-05-25,33359,0 days 00:00:00,761,3,False,False,,,,Free
2022-05-25 11:00:00,1.6596527081077534,9.6,2.1633377025705967,2329,167,313.5,453.0,2,5.0,40462,2022-05-25 11:00:00,2022-05-25 11:00:00,28.86000000000408,-93.4650010438848,,2022-05-25,33359,0 days 00:15:00,761,3,False,False,,,,Free
2022-05-25 11:15:00,2.032700021331832,9.6,3.245162619875956,2330,153,314.0,453.0,3,5.0,40484,2022-05-25 11:15:00,2022-05-25 11:15:00,28.85500000000408,-93.4650010438848,,2022-05-25,33359,0 days 00:30:00,761,3,False,False,,,,Free
2022-05-25 22:30:00,2.0329930836838868,9.6,3.2460984230317846,2375,34,316.75,344.5,4,5.0,40860,2022-05-25 22:30:00,2022-05-25 22:30:00,28.82750000000408,-94.55000101287976,,2022-05-25,33754,0 days 00:00:00,762,3,False,False,,,,Free
2022-05-25 22:45:00,4.694841347800652,9.6,17.311381328172097,2376,22,316.3125,346.8125,16,5.0,40865,2022-05-25 22:45:00,2022-05-25 22:45:00,28.831875000004075,-94.52687601354056,,2022-05-25,33754,0 days 00:15:00,762,3,False,False,,,,Free
2022-05-25 23:00:00,4.979636208483884,10.666668,19.4753429324264,2377,41,316.27058823749405,347.0941176437589,18,5.0,40872,2022-05-25 23:00:00,2022-05-25 23:00:00,28.832294117629136,-94.52405983718342,,2022-05-25,33754,0 days 00:30:00,762,3,False,False,,,,Free
2022-05-26 01:30:00,4.2278856117854,9.599999,14.039005323275646,2387,92,296.7692307692308,375.0,13,5.0,40984,2022-05-26 01:30:00,2022-05-26 01:30:00,29.0273076923118,-94.24500102159544,,2022-05-26,33871,0 days 00:00:00,763,3,False,False,,,,Free
2022-05-26 02:00:00,5.374537564552883,10.97143,22.68673962588739,2389,109,301.35555556386646,373.9699346402784,27,5.0,41021,2022-05-26 02:00:00,2022-05-26 02:00:00,28.98144444436544,-94.2553016748983,,2022-05-26,33871,0 days 00:30:00,763,3,False,False,,,,Free
2022-05-26 02:15:00,6.531485588815619,15.7935505,33.50532440914688,2390,127,305.42438732627903,373.2002391026113,31,5.0,41054,2022-05-26 02:15:00,2022-05-26 02:15:00,28.940756126741302,-94.26299863005504,,2022-05-26,33871,0 days 00:45:00,763,3,False,False,,,,Free
2022-05-26 02:30:00,3.697343265553901,370.56,10.73666560221412,2391,65,237.631305381279,221.7557719795093,10,5.0,41068,2022-05-26 02:30:00,2022-05-26 02:30:00,29.61868694619141,-95.77744325800916,,2022-05-26,33947,0 days 00:00:00,764,4,False,False,,,,Free
2022-05-26 02:45:00,4.3748330399674,1499.6571,15.031864354771828,2392,51,237.6302448675671,221.75800471740249,14,5.0,41082,2022-05-26 02:45:00,2022-05-26 02:45:00,29.618697551328527,-95.77742093063084,,2022-05-26,33947,0 days 00:15:00,764,4,False,False,,,,Free
2022-05-26 03:00:00,3.507752808411093,826.6667,9.663797999201512,2393,49,238.6353752542389,222.4554969572521,9,5.0,41091,2022-05-26 03:00:00,2022-05-26 03:00:00,29.60864624746181,-95.77044600843163,,2022-05-26,33947,0 days 00:30:00,764,4,False,False,,,,Free
2022-05-26 03:15:00,4.374957070221461,1182.8572,15.032716699246068,2394,45,238.86154029152533,222.2136082815057,14,5.0,41108,2022-05-26 03:15:00,2022-05-26 03:15:00,29.606384597088944,-95.77286489512,,2022-05-26,33947,0 days 00:45:00,764,4,False,False,,,,Free
2022-05-26 09:00:00,1.655950167503596,91.2,2.153696033550047,2417,34,267.3051044256796,346.0,2,5.0,41162,2022-05-26 09:00:00,2022-05-26 09:00:00,29.32194895574736,-94.53500101330836,,2022-05-26,34029,0 days 00:00:00,765,3,False,False,,,,Free
2022-05-26 09:00:00,2.342268654396449,96.0,4.308869035723595,2417,35,271.3692307590733,351.23626374426766,4,5.0,41163,2022-05-26 09:00:00,2022-05-26 09:00:00,29.281307692413414,-94.48263837736204,,2022-05-26,34030,0 days 00:00:00,766,3,False,False,,,,Free
2022-05-26 09:15:00,1.655950167503596,43.2,2.153696033550047,2418,59,267.31151832558766,346.0,2,5.0,41171,2022-05-26 09:15:00,2022-05-26 09:15:00,29.32188481674828,-94.53500101330836,,2022-05-26,34029,0 days 00:15:00,765,3,False,False,,,,Free
2022-05-26 09:15:00,7.768676717491423,536.5091,47.40061537551974,2418,62,271.8065798827761,350.0960387083762,44,5.0,41172,2022-05-26 09:15:00,2022-05-26 09:15:00,29.276934201176385,-94.49404062739512,,2022-05-26,34030,0 days 00:15:00,766,3,False,False,,,,Free
2022-05-26 09:30:00,1.6557877871835291,9.6,2.153273676994061,2419,50,265.5,347.0,2,5.0,41183,2022-05-26 09:30:00,2022-05-26 09:30:00,29.34000000000416,-94.52500101359414,,2022-05-26,34029,0 days 00:30:00,765,3,False,False,,,,Free
2022-05-26 09:30:00,7.589888443349692,149.71428,45.24396592981685,2419,51,272.2111972780248,348.6731830878209,44,5.0,41184,2022-05-26 09:30:00,2022-05-26 09:30:00,29.272888027223896,-94.50826918319405,,2022-05-26,34030,0 days 00:30:00,766,3,False,False,,,,Free
2022-05-27 18:00:00,3.7159092212285327,9.6,10.844763184985226,2548,11,339.4,83.06666666666666,15,5.0,41223,2022-05-27 18:00:00,2022-05-27 18:00:00,28.60100000000404,-97.16433427150564,,2022-05-27,34078,0 days 00:00:00,767,3,False,False,,,,Free
2022-05-27 18:15:00,11.573585044918277,33.946392,105.20241171100092,2549,19,341.6381508787777,82.43108483532852,97,5.0,41227,2022-05-27 18:15:00,2022-05-27 18:15:00,28.578618491216258,-97.1706900896374,,2022-05-27,34078,0 days 00:15:00,767,3,False,False,,,,Free
2022-05-27 18:30:00,,,,2550,13,343.06449047466594,81.51273885942761,40,5.0,41228,2022-05-27 18:30:00,2022-05-27 18:30:00,28.564355095257373,-97.17987354913396,,2022-05-27,34078,0 days 00:30:00,767,3,False,False,,,,Free
2022-05-28 04:30:00,2.867556716615143,24.0,6.45823604600264,2588,25,262.9157894731559,51.545614023522695,6,5.0,41240,2022-05-28 04:30:00,2022-05-28 04:30:00,29.3658421052726,-97.47954478892956,,2022-05-28,34092,0 days 00:00:00,768,4,False,False,,,,Free
2022-05-28 05:00:00,3.5109319679449187,18.133333,9.681322995745903,2590,41,256.883248727688,51.35702199961933,9,5.0,41248,2022-05-28 05:00:00,2022-05-28 05:00:00,29.42616751272729,-97.4814307091147,,2022-05-28,34099,0 days 00:00:00,769,3,False,False,,,,Free
2022-05-28 05:00:00,4.054723273342521,16.800001,12.912559063506947,2590,43,259.6963276873258,55.737288131597886,12,5.0,41250,2022-05-28 05:00:00,2022-05-28 05:00:00,29.398036723130907,-97.43762804904662,,2022-05-28,34092,0 days 00:30:00,768,4,False,False,,,,Free
2022-05-28 05:15:00,6.302312167381133,17.213793,31.195338551460058,2591,35,256.653303218551,50.33145115943851,29,5.0,41259,2022-05-28 05:15:00,2022-05-28 05:15:00,29.428466967818657,-97.49168641722343,,2022-05-28,34099,0 days 00:15:00,769,3,False,False,,,,Free
2022-05-28 05:30:00,2.0270707812466418,9.6,3.227213582216029,2592,29,257.0,50.0,3,5.0,41261,2022-05-28 05:30:00,2022-05-28 05:30:00,29.425000000004168,-97.49500092872312,,2022-05-28,34099,0 days 00:30:00,769,3,False,False,,,,Free
2022-05-28 05:30:00,1.6552185360482703,9.6,2.151793363162981,2592,31,258.0,52.333333333333336,3,5.0,41263,2022-05-28 05:30:00,2022-05-28 05:30:00,29.415000000004166,-97.4716675960566,,2022-05-28,34092,0 days 01:00:00,768,4,False,False,,,,Free
2022-05-28 05:45:00,3.096554151647652,10.971429,7.53090622556871,2593,15,258.2296650641289,51.779904304036826,7,5.0,41266,2022-05-28 05:45:00,2022-05-28 05:45:00,29.41270334936288,-97.47720188619138,,2022-05-28,34092,0 days 01:15:00,768,4,False,False,,,,Free
2022-05-29 01:15:00,,,,2671,114,102.5,15.5,2,5.0,41346,2022-05-29 01:15:00,2022-05-29 01:15:00,30.97000000000441,-97.84000091886436,,2022-05-29,34188,0 days 00:00:00,771,3,False,False,,,,Free
2022-05-29 01:15:00,,,,2671,115,104.0,24.1,10,5.0,41347,2022-05-29 01:15:00,2022-05-29 01:15:00,30.955000000004407,-97.7540009213219,,2022-05-29,34189,0 days 00:00:00,772,3,False,False,,,,Free
2022-05-29 01:45:00,2.8448747315637326,9.599999,6.356472567754915,2673,110,106.71428571428572,19.142857142857142,7,5.0,41366,2022-05-29 01:45:00,2022-05-29 01:45:00,30.927857142861544,-97.8035723484768,,2022-05-29,34189,0 days 00:30:00,772,3,False,False,,,,Free
2022-05-29 02:00:00,1.6425464575669724,9.6,2.1189719377016307,2674,57,107.0,10.5,2,5.0,41375,2022-05-29 02:00:00,2022-05-29 02:00:00,30.925000000004403,-97.8900009174356,,2022-05-29,34188,0 days 00:45:00,771,3,False,False,,,,Free
2022-05-29 02:15:00,,,,2675,72,104.6153846153846,13.961538461538462,26,5.0,41382,2022-05-29 02:15:00,2022-05-29 02:15:00,30.94884615385056,-97.85538553380934,,2022-05-29,34189,0 days 01:00:00,772,3,False,False,,,,Free
2022-05-29 02:15:00,2.3231239315775563,9.6,4.238719119104122,2675,78,108.75,11.75,4,5.0,41385,2022-05-29 02:15:00,2022-05-29 02:15:00,30.9075000000044,-97.87750091779276,,2022-05-29,34188,0 days 01:00:00,771,3,False,False,,,,Free
