Date,U_mor,V_mor,U_aft,V_aft,Cos_Theta,Sin_Theta,R,Cluster
1998-06-01,3.109760689195523,3.467759354121713,1.6042667435947489,6.624384108573153,0.9222992016751732,0.3864766261875847,0.9755875001385028,1
1998-06-02,2.0181286248945245,4.954412575862646,0.0179827564286623,5.286160895725665,0.9852265859075596,0.1712558741209601,0.9629051116623008,1
1998-06-03,-0.2398588782781239,5.255073358007719,-3.18752943168727,4.489212812427981,0.9455713846698366,-0.32541474535363,0.9787568492121574,0
1998-06-04,-1.4231189462643798,5.04382558099335,-2.531235587449832,4.65665789745241,0.9535065936858692,-0.3013721549804672,0.98975293652058,0
1998-06-05,-2.62677925337666,3.944200239401385,-3.656208954590292,0.855872751940014,0.5836921508336421,-0.8119750446012468,0.8510333837668533,0
1998-06-06,-1.7045352650159902,-5.7681888583194425,-2.091334132687518,-5.127205740638837,-0.9364355865129343,-0.3508395535172405,0.9393326895562452,3
1998-06-07,-4.496170782933641,-3.554384401515644,-7.114760522755843,0.5084133706996437,-0.1625863792822335,-0.9866943139959272,0.8846742810661478,3
1998-06-08,-3.998832825704348,6.774784999485737,-2.0311062947301024,7.269188392797676,0.9229629123880276,-0.3848888961196597,0.9837255846722016,0
1998-06-09,-0.4492121448048269,7.90096398998713,-3.269212663619656,3.776887545702611,0.9581549750840652,-0.286249967199394,0.973473304227027,0
1998-06-10,-1.2920921967128458,7.822426472380123,-2.583999172810545,4.737762507105022,0.9585076918785256,-0.2850666669565234,0.9813220345749544,0
1998-06-11,-0.8207288160780942,7.504278209192091,0.5899886201252401,7.8035905424871554,0.9991488410686452,-0.0412503744368813,0.9829959046789568,1
1998-06-12,0.6377460862128264,6.501398140204664,1.3756007133029835,7.047037426116766,0.9905980177020052,0.1368048512475276,0.995210642885712,1
1998-06-13,2.702511094398492,4.900475730567036,1.1608851447223896,8.312113207149897,0.9707216634028614,0.2402071027267551,0.9873035684465828,1
1998-06-14,5.745648767035872,7.668796167426803,4.532480355730777,9.032802958067682,0.8637759055345289,0.5038761603985692,0.9944966781209212,1
1998-06-15,3.8619138772338473,8.006157615135958,1.028815086401958,7.055825602024802,0.933653943317078,0.3581763729344395,0.9631826309180236,1
1998-06-16,1.115700953235635,2.198269784841898,-2.694583287126953,5.42735831062047,0.9608112359340982,-0.2772034792400533,0.9332638181402382,0
1998-06-17,-2.42753454317502,5.846074962210857,-3.7417447909941774,4.260631888160807,0.8582722511036646,-0.51319464434603,0.9852176905098806,0
1998-06-18,-1.1464390021996114,7.153708012466621,-2.745633911173356,5.286872689551562,0.9571756478468068,-0.2895078222933632,0.9879163661308334,0
1998-06-19,-0.1781084843238942,6.014354229000693,-1.237860230840799,6.835605935034792,0.995700851981964,-0.0926272819551093,0.9962789160488263,1
1998-06-20,0.0638395112982817,6.922537509621906,-0.3585818163808577,6.669791765680887,0.999726976801606,-0.0233660406385257,0.9940553201208976,1
1998-06-21,0.0625151990155571,7.784500696254392,-2.1654239897513192,5.614313297588585,0.9879453019685316,-0.1548033601647808,0.968840977550677,0
1998-06-22,0.3653461734195179,5.520422392039958,-3.298255555287498,4.300793544446902,0.939050496057144,-0.3437792399997881,0.955565779106534,0
1998-06-23,-0.8344237714235998,5.115936615532779,-2.567858377167056,4.51398198587653,0.9350103615748152,-0.3546203938688995,0.9873380174778654,0
1998-06-24,-0.181658494189591,3.9268758164351256,-2.6289121960734194,4.276329238201232,0.9320810359333004,-0.3622498343043178,0.9778194974408384,0
1998-06-25,-2.954736627249096,1.8284535060819096,-7.07773049537448,-0.399807541456348,0.1768775847032937,-0.9842328586414544,0.9072800036543224,3
1998-06-26,-1.477497694710001,2.328302647883195,-1.0389537896593222,2.965706824828169,0.836770887389472,-0.5475531773421057,0.9709383595746846,0
1998-06-27,1.872530606925937,3.904442483932665,-5.78379999718279,2.451266190470162,0.9308464449062684,-0.365410585513558,0.7440637717636559,0
1998-06-28,1.1305288840648595,5.611764844141275,0.6639084061088171,0.9845645054336876,0.9902197353903612,0.1395165783820803,0.6931578914831306,1
1998-06-29,-1.758367362179334,4.89641706076119,-2.30256063919888,5.6792503414854325,0.9184458848268592,-0.3955466554587555,0.9006374614512499,0
1998-06-30,-0.986840561257434,6.400069475318321,-1.1792174937260598,4.860342084576084,0.9943577647749574,-0.1060784409375933,0.9940295616567942,0
1998-07-01,1.22825168494765,4.228741114479158,-0.2969510810399904,5.356206010155543,0.9993622687747448,-0.0357079227818572,0.9662587288695956,1
1998-07-02,-1.6573983121887663,2.38225626613169,-5.607571989927201,2.5223998536958354,0.5445544784229684,-0.8387254735785057,0.8874082397132175,0
1998-07-03,-4.656574778011487,6.075563898486431,-1.3275917191142566,7.27096068002337,0.9297041856126976,-0.3683071099696977,0.948635129844839,0
1998-07-04,-0.8775290868108622,7.6283120980848285,-1.65992317968022,5.244967687229789,0.9717398761484132,-0.2360542588115427,0.9664337635522396,0
1998-07-05,0.5266399486920949,4.856399928055819,-0.2322358660513767,5.296175930204511,0.999316334226904,-0.0369711258592792,0.9815823141196418,1
1998-07-06,2.0460126332836857,2.700708979757752,0.0776553345225988,5.364453480318025,0.9784080701765449,0.206682481631631,0.9678256088652688,1
1998-07-07,1.365935083118509,2.614372318269342,-0.0470668304574408,4.837370846731886,0.9976438047302154,0.0686064055567681,0.9589718268254448,1
1998-07-08,0.5300138171309705,4.170562966018683,-2.555856405208371,3.565644725894895,0.9762513827940764,-0.216640803157332,0.9552428161390294,0
1998-07-09,1.3165676349596225,4.648382757236833,0.6105172480000352,5.382892792350681,0.9852145102909908,0.1713253300364059,0.9941395035939832,1
1998-07-10,2.717011311383294,4.108969209150095,1.4906935671424582,6.993005154896433,0.9396066267525078,0.3422563176374886,0.9869499491785364,1
1998-07-11,3.229043208534176,4.771806615151087,2.8099188441198693,7.656843117457186,0.9100007003495892,0.4146067116717445,0.9889541468305414,1
1998-07-12,3.6453688319968216,5.774354735504497,2.929255910530232,6.837719828428656,0.9030611979030811,0.4295119006987491,0.991179825423242,1
1998-07-13,3.702370959562812,2.5286292760592426,4.187790879308688,7.540507136519996,0.8353534777996012,0.5497131680504943,0.9787946172156172,1
1998-07-14,3.985161994057086,2.862097327358872,2.2966635396472315,3.4533301269941683,0.7394310557411233,0.6732322881484277,0.8873591217922902,1
1998-07-15,-0.0214367231396903,0.1899074718604974,-0.3708772937821905,5.763060469956297,0.9999060690381804,0.0137059512845142,0.8006264924147505,1
1998-07-16,2.796502250135792,0.6856622825885473,2.072486265211451,6.491246370586135,0.8418661532375172,0.5396863719171211,0.8600959987620865,1
1998-07-17,4.264244547982079,1.770075158400216,2.1290936624850483,7.116066218534233,0.6959579446380785,0.7180825435109401,0.7522144035440892,1
1998-07-18,0.865303036110466,0.0680677089220933,0.7391593626468207,4.879577843120214,0.9092271454326408,0.4163003699354726,0.8151695982231703,1
1998-07-19,2.130560232399271,1.6230693959678544,-0.3825534827448622,4.877119468451414,0.9728943573669372,0.231250014926646,0.9163839836793506,1
1998-07-20,0.9325444770114856,1.662861329033038,-1.88755365233938,4.685857289387978,0.992305162605544,-0.1238162520284992,0.915294477455638,1
1998-07-21,0.3111574888304674,2.573629020455956,-2.3769781679974016,4.392140333956971,0.9609418135542792,-0.2767504850276022,0.9651131522127372,0
1998-07-22,1.0552560668522244,2.690417981438314,-1.7374454064363196,5.287751591747513,0.9997168593522808,-0.023794981126529,0.9653821961960112,1
1998-07-23,1.652995585102755,3.665066798670265,0.4741462451724783,6.374339107008347,0.9827410322870632,0.1849866575171236,0.9851304793812,1
1998-07-24,1.9669758569973232,3.809617224675792,0.1684660368359222,6.002063521514846,0.9885894690946084,0.1506348618190371,0.9814841374924465,1
1998-07-25,0.6688208052556021,4.780682415633543,-0.6503936385375843,5.279087069205558,0.998098188586258,-0.0616441882161694,0.9870919967635684,1
1998-07-26,0.914049318424978,4.229969494623058,-1.3464217692188885,5.182797628643863,0.9965259984381348,-0.0832822576355769,0.9707920638994136,1
1998-07-27,0.9783211932877508,4.674442301056926,-0.4232016278769601,4.983478345392943,0.9975157687754947,0.0704435308898817,0.9842029524844772,1
1998-07-28,1.9306898267542068,3.922594532604873,-0.6756951568735162,5.625342603209399,0.9912598050440942,0.1319242165182131,0.9766617109600088,1
1998-07-29,1.3665217223990336,4.053803542859847,1.4947131306008257,6.986060104931123,0.9657766160274576,0.259375264692979,0.9969479025986976,1
1998-07-30,2.994766341992947,5.966014802936323,0.4181177368716295,5.057764688762135,0.973741470538622,0.2276566461873713,0.9869043652158904,1
1998-07-31,1.4869413713129005,1.386927928039291,0.5339035229558895,4.921016688640854,0.9656450319234092,0.2598647192706962,0.9547944157421968,1
1998-08-01,1.832672444933991,-0.7965831110273712,-1.3128148577904846,3.5724547687995325,0.9524577074961584,0.3046708312772365,0.6886070968311331,2
1998-08-02,1.770195275453882,-0.6617873673598142,-0.8621945577224525,4.955820462143436,0.8841499891216791,0.467203164304497,0.7074159595056103,2
1998-08-03,0.19880229818744,-0.0808033986451824,-4.800038506939726,2.397543777558288,0.4649240795450928,-0.8853505521877468,0.9327720043843072,0
1998-08-04,-2.887459420234929,2.317811539713703,-3.027297609339084,2.899342962610597,0.7007773014936246,-0.7133801046506089,0.9720960604892748,0
1998-08-05,1.5958563159359789,-0.1905938155415035,-0.9526614185946628,5.241552011891367,0.9947568567265304,0.1022682550723988,0.6352267890807701,2
1998-08-06,1.3580547151191231,0.7514855353211856,-0.1304058952146536,4.645147359135427,0.964696243996372,0.2633650637789538,0.5026350347856056,2
1998-08-07,3.9650637281170127,1.00877841460549,-2.248116945670877,0.5614364263440411,0.4720297969755624,0.8815825944103078,0.2809153342117862,2
1998-08-08,2.2713701092431933,3.9089571102984686,0.1913901725529226,4.682021884232961,0.980049951474669,0.1987513336169069,0.9158793592711976,1
1998-08-09,1.864830347107544,2.660213345167356,-0.9207245622812874,5.465818039313388,0.993450884394662,0.1142599680354571,0.9043267290305452,1
1998-08-10,1.9101555003304933,0.1009360240743368,-0.5713910596625901,5.307126482676162,0.9572155657752458,0.2893758121156226,0.8355163206592093,1
1998-08-11,2.02129708366128,1.1665245556217654,-0.5966630681411393,5.396164231297443,0.9686149171003272,0.2485661730218464,0.8777023399538837,1
1998-08-12,2.43163886435151,2.9887912780504067,0.3919544437904683,5.690164052251532,0.9676339198787618,0.2523580731818621,0.9668974320245683,1
1998-08-13,2.728646691725923,2.542534881950154,0.5368709569341596,0.7863989152094345,0.9119085863478068,0.4103933846264392,0.7539139201731397,2
1998-08-14,3.0894707686257035,0.2790500272443766,-0.593982278517631,1.6822527872121795,0.3505355521575568,0.936549425643728,0.539862451239662,2
1998-08-15,-1.220395180797106,2.279341806610123,2.2885526491423827,5.32878756709956,0.9812613757326974,0.192681375579411,0.7477855973844482,1
1998-08-16,0.8607269849314827,-0.4586229598190638,0.3241402527124029,3.7404134407809706,0.9736062545647748,0.2282342241478057,0.8236965696509408,2
1998-08-17,-0.0704212787107541,1.503875867113727,0.7967626302655162,2.5545859410976863,0.9972468079552812,-0.0741539211572966,0.9042189892309492,1
1998-08-18,-0.9294536495129636,-0.009497491514989,-2.7197249422579737,-0.2079609000202767,0.0313614942219514,-0.999508107360899,0.7629091088584493,3
1998-08-19,-1.7242402827606456,-2.172263506840348,-4.264437731056477,1.0196257526045476,-0.3362349976533414,-0.9417781194915592,0.8218414626061532,3
1998-08-20,-2.08629148795596,-2.5888482752769093,-5.101195925646801,0.0365417421169736,-0.3255960059163976,-0.945508985113991,0.937888788131245,3
1998-08-21,-4.552790032752441,-2.76295619414121,-8.472793783537895,-0.693410293148149,-0.3130872240887528,-0.9497243758651238,0.951996739431168,3
1998-08-22,-8.735389336855356,1.1277812716022009,-5.142446080270952,1.8924883034899265,0.1536145636162325,-0.9881308444963118,0.9849307801225712,0
1998-08-23,-3.339663542430234,1.829165923287133,-2.90556909764889,0.4446109461477331,0.2456513464213508,-0.9693582495658544,0.9314746102445064,0
1998-08-24,-2.040724268086636,0.647168590696648,-2.8384385611406726,2.041524517321132,0.5900263355335703,-0.8073839999509693,0.9725496021938492,0
1998-08-25,-1.5171955790450806,1.5436406781771104,-4.26986194158885,1.7943319107136817,0.5124765880723452,-0.8587011975522847,0.93005721171273,0
1998-08-26,-1.929778748967572,0.7487595085602738,-2.259712866296933,1.8428669447718784,0.5603924989532798,-0.8282271712017774,0.8597679477654442,0
1998-08-27,1.0600035316783043,-0.6549340131601488,-0.7555381044719723,3.083147267409887,0.8433346181926933,0.5373887994346219,0.4605481241212018,2
1998-08-28,2.5527703410887894,-1.52042166377814,0.8212063079916959,3.5335885062062893,0.4436503803126153,0.8961999442359232,0.7085276011872444,2
1998-08-29,3.4768081206060955,-1.3023567183135982,-0.1744906487946102,3.747485300187533,0.4713972766530631,0.8819209758045646,0.4609738658475173,2
1998-08-30,-0.61263093228455,-1.0748510796001018,1.830183775654341,3.152916696467261,0.5577202547086735,-0.8300289859322337,0.1629722203473504,2
1998-08-31,-2.374182922544855,-1.4949285227592497,-5.006861553246504,-0.0449565156514025,-0.3366322816066068,-0.9416361861039168,0.9054973693442538,3
1999-06-01,0.5067813410673654,5.659119509123287,-2.199520264872469,5.608349317760448,0.9906824595218958,-0.1361920129656919,0.9768050149420736,1
1999-06-02,-1.2576343058070352,5.725080475264188,-2.7548972292033183,3.2494392574004123,0.9264553242801654,-0.3764047450722873,0.9773635254012673,0
1999-06-03,-1.143055150768178,6.386821631237685,-3.2026277722590635,3.155203841695285,0.9099145262364744,-0.4147957990913754,0.9740979606889832,0
1999-06-04,-0.8785562430975796,6.609132096541264,-2.9317136674795155,4.779372524022822,0.938442947521742,-0.345434269068234,0.981881067909892,0
1999-06-05,-1.3789010667579744,7.414345158666757,-3.1502045709874915,4.872690637188537,0.9244680253940728,-0.3812595835175607,0.9717130792130458,0
1999-06-06,-2.1798904261807137,5.629216066515673,-2.852691446847518,2.619896371610449,0.8451486015010459,-0.5345314222576877,0.9626213130321812,0
1999-06-07,-1.1908035689339371,1.3003384584824111,-3.3015637929007142,2.187692864698104,0.5959249439372215,-0.8030401367263155,0.9266558087120218,0
1999-06-08,-1.0645319660922552,3.002846380988842,-3.5313701095070966,2.4390565725139286,0.7592225002586811,-0.6508311571375152,0.9671768320539184,0
1999-06-09,-0.9557949601474428,3.184015826943619,-3.4971887546382066,3.078312939284148,0.8003102374846339,-0.5995861270720737,0.9587481481379156,0
1999-06-10,-1.3982130014277585,4.315664161719754,-1.9345890202424487,4.45174872174227,0.9428208339786182,-0.3332999775215457,0.9866158425405688,0
1999-06-11,-0.2717348963812548,4.905959189459805,-2.0207396209685955,4.456804916696164,0.9571509185230396,-0.2895895702032481,0.9762018808675372,0
1999-06-12,0.8866783181499116,4.217123655752273,-0.7025095898078916,2.061855088131055,0.9943939043089148,-0.1057391274470931,0.9260195064998537,1
1999-06-13,1.035446047572664,0.4626797171767543,1.1081275013373806,-0.1658232702693682,0.9568833072839344,0.2904726084183491,0.3595227675207465,2
1999-06-14,2.4720059721576795,-1.8174260139530696,0.7822194201640242,2.2155809007067924,-0.1853736362457419,0.982668110292092,0.6876653894169695,2
1999-06-15,1.6022369279148656,-0.0203857510677165,-1.3802393080174131,-3.119549301404964,-0.8006962286396868,-0.5990705713371192,0.1904543583500637,3
1999-06-16,-1.7912794735110844,-1.9391557215142647,-1.1098754206588084,1.0749560274893988,-0.3538043357424269,-0.9353194598691188,0.6844022136261451,3
1999-06-24,-2.681439644563553,4.995928510122953,-3.236488417374225,5.165587382023453,0.8484955234544928,-0.5292025573234564,0.9909416876748812,0
1999-06-25,0.8573574356237387,9.111842602724291,0.3279195394599711,5.61799936544851,0.999554635619545,0.0298417561728268,0.9818650491945408,1
1999-06-26,1.2645050081994091,7.416160299518327,0.6710160993989381,6.622184992492526,0.994945124242826,0.1004201162388678,0.9973294566108628,1
1999-06-27,-0.2875005388913578,7.683705087583947,-1.6021581273407413,7.204269385854839,0.9963332180125616,-0.0855576921423992,0.9960601925618552,1
1999-06-28,1.0242294764484725,7.90317153849643,-0.325001948530116,7.086921090359224,0.9960132541435788,0.0892053673851449,0.9950739278953856,1
1999-06-29,1.765811830772164,6.037617799358877,0.5580752080493407,5.963883676261942,0.9904017909047396,0.1382182787213202,0.9906551354874636,1
1999-06-30,1.2806650863379552,7.647790638846186,-2.040125445063776,7.22169847969553,0.9971967209801766,-0.074824459011634,0.9849051766021556,1
1999-07-01,0.2241701778713798,8.825145044158068,-2.170023782317416,6.595335668284838,0.9884918506765784,-0.151274125831197,0.9834210632671516,1
1999-07-02,-2.3451141919696075,6.544302794887931,-5.932421378655414,3.1419747422833733,0.7769553712387894,-0.6295556775243909,0.9489630732046228,0
1999-07-03,-3.784805520473157,3.5136667051444284,-5.711194528853282,1.940451589984655,0.4714999595794638,-0.881866082870049,0.9829197240952168,0
1999-07-04,-3.485070096480751,2.311225810922731,-2.929626522459974,4.500524636814885,0.6803157949202066,-0.7329191082118732,0.9590971044325364,0
1999-07-05,-1.279552512726042,2.286598142170344,-1.919893122446411,1.052010829700717,0.6667112015116526,-0.7453161569286476,0.827906955346292,0
1999-07-06,0.8487144654547709,-0.8190672831324995,3.1740897832155377,-0.3360271327059093,-0.0712983268140017,0.9974550358755646,0.4787652918661245,2
1999-07-07,-1.1243967014704872,-3.2944299800093377,-3.0920440611581443,0.6172482662314016,-0.5508649105430249,-0.8345944226583504,0.658464565175872,3
1999-07-08,0.2889726804604775,1.6055459622861377,-3.5773650110553965,2.917428993324348,0.8242726098521821,-0.566193133698628,0.7765651028835275,0
1999-07-09,1.924403996177146,2.0316903148003727,-0.401073164110479,4.664862385677743,0.999025956136162,-0.0441263976121726,0.9086709765847908,1
1999-07-10,2.4618089682988864,1.621008651584772,-2.486996396950629,2.9126342315171483,0.9843574847038804,-0.1761826958229716,0.5939301857688282,2
1999-07-11,1.7105459118448485,2.762379994603952,1.6819939002210709,3.889141838914488,0.8466414012558191,0.5321638259780376,0.9101572118838722,1
1999-07-12,2.1391534668056016,-0.5838023804843815,-0.3036888979930165,0.51693577952368,0.7045587518956458,0.7096456616701393,0.2578679987068952,2
1999-07-13,0.5287226377866164,2.1612071036301983,0.1364362080500206,1.362280353395562,0.9575335886454656,0.2883217414898438,0.854592238720531,1
1999-07-14,1.4381125443282474,4.7255573224329295,0.0519622987173104,5.381381295249815,0.992662694121178,0.1209163996324921,0.98119289996975,1
1999-07-15,0.6487488348916166,4.584150940157707,-3.2652208663095506,2.544683535321352,0.8890767253266207,-0.4577582074441621,0.8917570323960488,0
1999-07-16,-1.5310044874731243,3.200888171473634,-3.094202401542933,3.210534348599696,0.772262451512245,-0.6353036329065791,0.9859334926032736,0
1999-07-17,-2.7376122944319805,2.243806833912859,-2.2585417473688185,2.3260968329862948,0.7319258582579005,-0.6813842807208248,0.9481642977908856,0
1999-07-18,-1.0141686877229676,0.3360288331401578,-4.027178763065866,1.973546385611457,0.3686117109684534,-0.92958345861838,0.879560058616176,0
1999-07-19,-0.8406001479581364,2.1468465889319086,-5.051933816160771,1.135475249159083,0.4090571721109419,-0.9125087560920164,0.8259206968615503,0
1999-07-20,0.9154693335694768,1.821178727034234,-2.2883054069526074,5.6068666498388025,0.920918975262638,-0.3897540775940807,0.7453017178906786,0
1999-07-21,-0.137129611801212,3.863318594644814,-2.9220946754026995,1.389941292497202,0.8861875889621454,-0.4633266203980294,0.5854848775730034,0
1999-07-22,0.1572935981169871,2.85242976922225,-0.3542621023113784,4.174868920008529,0.9987169356135708,0.0506407199656452,0.9755945659634526,1
1999-07-23,3.1261526294977138,-0.3389603158686104,-0.9112615159862828,2.9153271574502404,0.521985453874777,0.8529543867893189,0.6677629845862596,2
1999-07-24,3.896632890090516,-0.5337978002380497,-0.604650622036908,3.0672283598836843,0.5470287772918053,0.8371138015912964,0.5869723467341521,2
1999-07-25,0.8055292547793513,-0.5906871569205745,0.5532586681095445,4.524351688987774,0.97415781262124,0.225868448679759,0.8420448185992296,1
1999-07-26,2.2911737519140147,2.12531011605249,-0.164732575578179,5.574732064405367,0.9809816339851064,0.1941005764646525,0.9370847941710224,1
1999-07-27,1.867542183039621,0.9955820223593884,0.5402504138766014,5.428708908233501,0.9565694546552976,0.2915045084050445,0.8904369013535798,1
1999-07-28,2.7437578571720485,0.8975173304074285,0.6253294669656341,5.687969079428348,0.8435773335915417,0.5370077115373527,0.8454658222983203,1
1999-07-29,2.794122440569516,0.9810789778177588,1.562639549782111,6.10790798239574,0.899723599751213,0.4364601288213154,0.919758377550462,1
1999-07-30,2.6812636119283995,2.6880150355615617,1.0354242137359746,6.218953986673907,0.9465368858174836,0.3225956041035589,0.9656074715592312,1
1999-07-31,2.102375745294148,4.137428855222423,-0.766555889049841,5.453147084822213,0.981513532403418,0.1913927524985323,0.9692805948789048,1
1999-08-01,1.4242868579554488,1.4499394394473346,-1.6716067388421252,3.983130986665338,0.9972836547833024,0.0736567166119882,0.84595202958097,1
1999-08-02,2.3915688446117693,-1.3212743751820142,-2.956613097784751,1.303828251876936,0.6147088236837671,0.7887541201701068,0.1231712161026961,2
1999-08-03,3.0301340918714,-1.259863933070868,0.6383395010398205,3.966900266350847,0.1195627946146933,0.9928266405289116,0.6520556597087206,2
1999-08-04,2.6317133864694333,-1.2930100284888737,0.072763871804068,-1.4613774693455284,-0.5260818186128582,0.8504339598845919,0.4996643738741301,2
1999-08-05,2.22438817694948,-2.088241344057608,-2.657693482461277,1.176813839753946,-0.9794295974764256,0.2017861828450272,0.2723862296518609,3
1999-08-06,1.2667138630346555,-0.7219819096108562,-2.388117908218045,2.0749199004387866,0.807439107077009,-0.5899509202998858,0.1067836111036924,2
1999-08-07,1.3520335403964432,0.5405347042732671,-1.2627403805638966,3.470712627726616,0.999375871776412,-0.0353251597467988,0.8643548255857106,1
1999-08-08,1.857492584241024,0.380374564664398,1.1588144369313869,5.332494677529163,0.9031624997481764,0.4292988458505625,0.906523509773128,1
1999-08-09,3.472908330964531,2.5382170162701128,3.101359749775528,7.696306192022751,0.8492213634525713,0.5280370023547173,0.9665788672504018,1
1999-08-10,4.288000073601511,3.389944725862823,2.973194838939763,8.01790496520097,0.872697201097534,0.4882618100942672,0.969640816174013,1
1999-08-11,2.5045315381302125,4.986295187182828,2.36736917523304,6.6094516498004,0.9441502876611624,0.3295151503487276,0.9936259072707796,1
1999-08-12,2.2318816971780526,6.392113934409307,2.99938974622897,6.798042838130532,0.9384406784189764,0.3454404334882226,0.9949116157888984,1
1999-08-13,3.898526129640154,5.057689441409604,2.78154218090354,8.393931944897401,0.897070116341854,0.4418882283637035,0.9869343624875214,1
1999-08-14,3.3920666485969626,-0.2087183132856078,2.1619283966307297,5.299978779105598,0.5797651116647807,0.8147836616527876,0.8076886293896917,2
1999-08-15,-1.0632075266048489,-1.0596202954890663,-3.695806908768924,1.8637370226179064,0.01728718364111,-0.9998505654755409,0.722438464717143,3
1999-08-16,-1.502853132528388,-1.8426908388555887,-4.88418931331569,0.6086878733050523,-0.1178698491688089,-0.9930290522723504,0.88868565540387,3
1999-08-17,-1.6038873971821497,2.09875119090539,-2.373019007072889,3.74357563273149,0.8428565659456905,-0.5381382807812858,0.9257414335003876,0
1999-08-18,1.3678475563274242,-0.1444246892741519,-1.0069863863265878,4.035559220830232,0.9830682571633984,0.1832397384786354,0.71304081768801,2
1999-08-19,3.3704678466714006,-0.5748622205019425,-0.2776130490540336,6.193313298495555,0.8257522724547095,0.5640329640507576,0.7166462777466159,2
1999-08-20,3.26792693001946,-1.0701272567885425,-0.5452805020650462,6.483600615821333,0.8588969940142975,0.5121483707610557,0.6715464086025194,2
1999-08-21,1.1720976522144284,-0.6078026434887513,-3.620014877336267,3.982361063762821,0.5905864550316413,-0.8069743732815554,0.6213580588627449,0
1999-08-22,-5.217656763232515,1.283063257739398,-4.381787225818623,2.067834432948865,0.3612443629530727,-0.9324711846671878,0.9852220798941704,0
1999-08-23,-3.8232306993304137,4.051108712519465,-1.858552939982872,3.9449500636113695,0.8185633502439177,-0.5744162616408535,0.979242761040262,0
1999-08-24,-0.188342146414884,1.7982521546255452,-2.756275266496231,3.252273471075537,0.8041828903846808,-0.5943819300858164,0.9225207916728144,0
1999-08-25,1.8501056987708864,1.3450789276695785,-1.3010995040459008,5.456713895675116,0.9937367109584874,0.1117468088734875,0.7872504403024964,1
1999-08-26,3.18752221629999,-0.4134900210051578,0.4921191183609551,5.998613560512459,0.8099637005400646,0.5864800114304362,0.8141858067711222,1
1999-08-27,3.600539332685311,0.5559401416354411,-0.3987246304806903,4.398281849302977,0.8377572736658173,0.5460428100616442,0.7649372585052334,2
1999-08-28,2.122502658240949,-0.5910319800134103,-1.2161118126409185,3.7867041065591778,0.5678754919257626,0.8231144669303736,0.3299560159663602,2
1999-08-29,3.1962643897018084,-1.326821836803169,1.2109782808632896,2.088231374302243,0.2552213647771758,0.9668826479781688,0.671997450194949,2
1999-08-30,1.784858460803146,-1.231941795121395,-3.0764876893076627,2.247488198984452,0.6687226328963317,-0.743511963758619,0.1400211037756914,2
1999-08-31,0.2549781644915155,-1.7171325907756845,-3.144600652201589,0.8136700559034751,0.19060031606543,-0.9816677235784816,0.5208564969206215,3
2000-06-01,-2.3747242733617355,4.77712354712683,-2.227682641621773,3.745712815364958,0.8865798908639861,-0.4625755042321224,0.9956987085240138,0
2000-06-02,-1.084821098020549,3.9767752062092696,-2.8783127398908555,3.644664373485054,0.9119992304979744,-0.4101919106602453,0.9799113630028008,0
2000-06-03,0.6726738161822944,4.01597671917188,-0.6826990067960957,5.960883483104114,0.99979797549176,-0.0200999552879715,0.9899637475173646,1
2000-06-04,1.750625370084093,7.44507124921829,1.5865251432006509,6.620352106504141,0.9680814776285768,0.2506356971232773,0.9919635729930972,1
2000-06-05,2.6992419928289566,0.0861564341872653,1.9259114093835863,-2.541988777845847,0.154044215292687,0.9880639552857194,0.4387600307690213,2
2000-06-23,2.16253671676166,5.627888925000692,-0.7381483881657525,4.605940456779277,0.9947153514660378,0.1026711719899838,0.9585531270150788,1
2000-06-24,1.65262831625772,6.751004135981003,-0.6936309608547797,5.570015263816536,0.9979908113816854,0.0633588225721189,0.9680111713427144,1
2000-06-25,0.2508186241960615,5.69964083865781,-0.8989979389761251,6.027735629998935,0.9968263902535808,-0.079606203866382,0.9954286893885578,1
2000-06-26,1.519554624459694,6.020755865291795,1.518396264299379,3.5716777997771407,0.984395956127696,0.1759676150870917,0.9668241260982702,1
2000-06-27,1.984351604155029,1.2659867270767324,1.344866485512476,5.653894597242539,0.9421547326412112,0.335178250729023,0.9291953292786924,1
2000-06-28,2.829227444446208,2.1117841926729524,2.1575858237704333,6.744474872746373,0.9094642913150176,0.4157820376385598,0.9386645492428328,1
2000-06-29,3.542910405607928,2.036419416871748,1.787243446811598,5.921772166515204,0.8554609115213139,0.5178673853981565,0.893635837872181,1
2000-06-30,2.648716164167732,3.858528005599612,0.9455796053940764,6.342457184040278,0.9626833453601632,0.2706303319403879,0.9775740966578712,1
2000-07-01,2.1590773821606453,3.605379268151264,-0.0597640188638707,5.77089715908231,0.9866355970386986,0.1629423169593789,0.9686786864534336,1
2000-07-02,0.931532444147208,4.266277634932023,-1.4136756257471583,5.7934597069380045,0.9997961954818104,-0.0201883010701072,0.9763026514622202,1
2000-07-03,0.1635087085337773,4.430423776850288,-1.8885996112244208,4.839326169738484,0.9899014366987864,-0.1417573476814469,0.974495390117484,0
2000-07-04,-0.7064055900610505,3.376932368167484,-3.008711126914797,4.489867603916816,0.8922881106723647,-0.4514664190753748,0.9594559773203934,0
2000-07-05,-1.2507770120202264,2.108908099459617,-1.90214702369163,3.739038099665685,0.8669770503048655,-0.4983480653566087,0.9554144996606782,0
2000-07-06,0.6136549993532789,3.2652176025168416,-0.6077588752319305,5.681670101572624,0.9998523718599504,0.017182388833665,0.9749976654558524,1
2000-07-07,1.551366012598662,-0.5027396581141922,-2.331703827390094,3.895376748281147,0.9751434587393988,-0.2215744454529058,0.6899370263694856,2
2000-07-08,1.628655608141378,-0.6859843960275036,-0.7369528012528382,3.545397383771598,0.9821432215184328,0.1881347719731639,0.6331168265584708,2
2000-07-09,1.497282965026236,0.5399533956482407,-1.7050473490790357,4.892851940851566,0.9994114574191748,-0.0343036263284332,0.8516272170159223,1
2000-07-10,2.416998120852965,5.766604000219202,1.3429281676392253,6.721828189092077,0.9727017359614822,0.2320588995438847,0.9930316724691302,1
2000-07-11,2.1060876450047123,5.907597883514319,0.876349993173787,5.626737342340033,0.961564694898485,0.274578472435083,0.9952476697146824,1
2000-07-12,3.0667117198007725,4.959677381678452,0.8073385861281427,7.052364579467488,0.9583389358462115,0.2856334785019969,0.9812821052832684,1
2000-07-13,3.832187897371021,1.392723347750569,1.6228245852421543,7.231112960905065,0.8324175769760556,0.5541488766940816,0.8898365989409185,1
2000-07-14,3.8768075691196415,0.6020043078978432,2.759658292573912,7.098363530179091,0.7230323252906128,0.6908141983086693,0.8931883141949701,1
2000-07-15,3.912913010199479,0.265051498746612,3.210265511703292,7.1291079698941004,0.6559447212858616,0.7548089311986269,0.8705597903788358,1
2000-07-16,2.4069989583406524,1.6879749576210634,0.7957652032188046,6.693169800808327,0.9293035438021456,0.3693168334597997,0.943298500995608,1
2000-07-17,2.007053200211538,3.392636105067531,-0.882416860667943,4.8839589911243255,0.9891038810148948,0.1472192669499236,0.957818929652703,1
2000-07-18,1.00790782186698,3.320980030143021,1.6338165603069428,6.905304351648451,0.975747502862637,0.2188990878403292,0.992901497363564,1
2000-07-19,3.827942543893728,3.472435288581051,2.9056788480390425,7.907158405604447,0.8475795176508134,0.5306684098934235,0.9543724921920343,1
2000-07-20,3.746764145964813,1.627704258261062,3.0046600855809427,7.9554431436013076,0.8158234857689491,0.5783009943513856,0.9420796621869256,1
2000-07-21,3.387912450174831,0.8254784631188701,0.906671808785997,7.135780369832192,0.8786671397553677,0.4774348725366854,0.8774692666596835,1
2000-07-22,3.066745793690364,1.6371436100734118,-0.1042486404190391,6.409492659246121,0.9110205462938052,0.4123609635144149,0.86536237946998,1
2000-07-23,2.91668826259935,0.2782215555942993,1.2635899756344613,3.735117968559602,0.6094084144208687,0.792856471521197,0.7191050556405663,2
2000-07-24,-1.061755665842245,-1.8245549981155584,-2.252373510020402,2.606361019175629,0.3892806475449468,-0.921119198283798,0.3431685913836376,3
2000-07-25,-0.7392037581420164,-0.1442414063484046,-3.6290144760239,3.4476720319838066,0.7753050934512481,-0.6315868998550804,0.9039543435738466,0
2000-07-26,-0.3904189098236867,2.8257480846767766,-3.304779293336097,1.8054177988339508,0.8358516880091181,-0.548955331199459,0.9202429870186144,0
2000-07-27,0.6814827184979959,-0.0988839646652648,-0.8054783609749986,5.397815764694483,0.9866185545765404,-0.1630454775984245,0.850926526651346,1
2000-07-28,0.8326466499989221,0.9633701877239348,-0.4584258098040281,5.468078320485555,0.9931877703617176,0.1165249020764228,0.9045590569018054,1
2000-07-29,2.097132345760518,4.11525056865383,0.9686516539575922,6.583005349636233,0.9635416243118808,0.2675584762597182,0.990740399043908,1
2000-07-30,3.873316687672284,3.172505511294921,-0.2352746623516542,5.243681022206127,0.8703628155647432,0.4924109759968932,0.8290335828432333,1
2000-07-31,2.5885551029823395,1.981150789627149,-0.6801087004442695,0.6504890454675609,0.7769505419323754,0.6295616374835653,0.717685869440326,2
2000-08-01,0.9882327277672012,-1.417706612120086,-2.450672122662385,4.909463294943551,0.9503474652828514,-0.3111907698349351,0.4863531597854214,2
2000-08-02,1.5533759074047493,0.424776149799435,-1.1438468832418975,4.221380373698045,0.9989383831155167,0.0460663297708516,0.8464351656763694,1
2000-08-03,1.1314846823402005,3.296157627353737,-2.785770387575049,4.975515669431596,0.983149811876108,-0.1828016613928152,0.9420649754394128,0
2000-08-04,1.6030020917935424,1.7704543427784596,1.4419743928706856,5.494671745517747,0.9201568765468072,0.3915498978976034,0.9553726889381884,1
2000-08-05,2.2450894493668576,3.830768340047306,-0.2396157690863785,6.695313846959787,0.9901261651024544,0.1401790896657088,0.9741523758060192,1
2000-08-06,1.8797917599798888,5.383392397685317,-1.4930673205331522,4.816484065100651,0.9999998489931532,-0.0005495577048713,0.9688246395986048,1
2000-08-07,-1.0149278381394635,2.172309683269723,-4.021825773965854,3.1044064287969046,0.7514904573378537,-0.6597439598284652,0.9394197761963894,0
2000-08-08,-2.2263674982936914,4.242452020383659,-1.681401930080885,5.614416148080463,0.9067126550306748,-0.4217489314832046,0.9919540258106015,0
2000-08-09,-0.9553690822545718,3.855765227493633,-3.5963096398957,2.923972036700674,0.824471049281863,-0.565904134015704,0.9620892192444856,0
2000-08-10,0.8022276927391957,0.7390367938501908,-1.1812904703622018,4.207157190586959,0.9990388090971734,-0.0438344375771106,0.8457054143163877,1
2000-08-11,3.150405689736228,-0.8358355145072233,2.0549650379834072,6.102626410962515,0.6163371771913756,0.7874823706037913,0.7732363403974496,2
2000-08-12,1.499891865089619,-0.6346622467049144,-1.4151339288463112,3.507084713090341,0.9305976839416172,0.3660436458163121,0.3855127819149269,2
2000-08-13,2.4321346564964177,-2.241674592417436,-4.962334505320965,1.0333910678887837,-0.1093439269276347,-0.99400397667416,0.3907422447623474,3
2000-08-14,-3.659801955091055,2.3652265327356368,-5.3381316395424765,3.826913611523616,0.6081297444064744,-0.7938376496287614,0.9870265667651285,0
2000-08-15,-1.5089531588188332,5.418931908788863,-1.7515005053219732,4.8914900557095695,0.94003103381351,-0.3410889260405614,0.9717183536745844,0
2000-08-16,2.170501753516408,0.9480201198984574,0.6392690772680283,6.272607064563326,0.8847926679579954,0.4659849082618154,0.8642735211019454,1
2000-08-17,3.208070253077172,0.0012768872134468,-2.102065952007595,4.78482256153616,0.9436856750493274,0.3308433869774264,0.6377754695630369,2
2000-08-18,1.173239507576953,1.8134565751275875,-1.1657289889080005,4.138796217857393,0.9990161124886482,-0.0443486977043132,0.9510876683223528,1
2000-08-19,1.145513912829609,0.9551563655757536,-2.0507844112634075,4.053740804594279,0.9915895916501454,-0.1294221068098414,0.886514817485952,1
2000-08-20,2.465462073129229,3.700637706608721,-0.9360152486671084,5.193047662840316,0.9936522410294494,0.1124954394504641,0.9130570797827472,1
2000-08-21,1.635943424621265,1.7976679777092262,-2.9723992143430835,2.377548066442383,0.8771977407010273,-0.4801292781210214,0.695668848768451,0
2000-08-22,-0.8090321197922885,1.66157963186459,-4.027451750882766,0.7998900002936778,0.5104721914661172,-0.8598942619530495,0.8356333788420164,0
2000-08-23,0.6646144193987921,1.4619092120601125,-4.007174871225812,-0.0437976002681497,0.3665245936503287,-0.9304083631661216,0.6344776901551797,3
2000-08-24,0.2468882734424104,0.7261138926288979,-4.014925553737568,0.6361960278475982,0.5521535851625882,-0.8337424172921158,0.6038634884762611,3
2000-08-25,0.2486418962634807,-0.2474140212692817,-2.8030922609196827,3.177438704053312,0.7461986480266634,-0.66572334920985,0.6752454434495543,0
2000-08-26,0.8970382431023101,-0.0649967502141892,-2.3644378522146914,3.89519135573408,0.9348333186098462,-0.3550868434860714,0.7821398295627218,0
2000-08-27,0.5060278504219415,3.289287061451469,-2.038893567116932,5.003248110143045,0.958365184482614,-0.2855453959909098,0.9767587200340112,0
2000-08-28,0.7430682959426591,3.1896358762698123,-1.968103383024204,4.711974572441524,0.9854960453950962,-0.1696983927756141,0.9293499376330596,1
2000-08-29,1.384621274239653,2.5364731024118643,-1.350120939461939,4.982765472407759,0.993788650006443,0.1112839571473422,0.894143836209355,1
2000-08-30,3.825088214530646,-0.5457713748338694,0.1696962445223312,4.834312733107221,0.5552603303798728,0.8316765991095545,0.6699019577253642,2
2000-08-31,4.863033795710022,-0.5090355332890389,3.694275181733333,5.878307237086565,0.3832387786720291,0.923649304943154,0.8554457129496282,1
2001-06-01,1.0863745984154962,-0.0481161057263755,-2.007877723672228,3.764239165950903,0.9939393287041765,-0.1099300270858297,0.6449227370686289,2
2001-06-02,1.776277277390956,5.95294668037491,0.4050227032608015,6.246994882898096,0.9953717758253936,0.0960990524937802,0.9759307554340744,1
2001-06-03,-1.4328493490610454,5.451322217214244,-1.2834098634904134,6.8281125872727655,0.9731202099500031,-0.2302977572336769,0.9884563677535728,0
2001-06-04,-1.7203167628554348,6.443543780721555,-2.582452166845481,4.930826423360414,0.915971961776414,-0.4012422774826544,0.9274107638101708,0
2001-06-05,-1.6484156627480016,3.143081865578117,-9.715079869496224,5.555122808740242,0.7171718034519382,-0.6968964086099845,0.8232614689245729,0
2001-06-06,5.168343323760666,2.2352831499079246,2.616452204951912,6.485022219120808,0.7693493346853298,0.6388283033955527,0.9311886684677338,1
2001-06-07,4.791232646063381,4.01780431726953,0.5386372440526626,3.894487102844297,0.8147271785854469,0.5798444830074676,0.8029157820039109,1
2001-06-08,4.598870998811326,4.694913450534794,-4.086790112385996,5.286942574842943,0.99772515094389,-0.0674130786568294,0.8304727164575381,1
2001-06-09,0.0479880159429945,5.308095383454137,-0.3747237829632099,0.530528559490007,0.8330407713082618,-0.5532115990632664,0.7246445543559521,0
2001-06-10,-2.648678762395465,-5.476208265184738,-1.1695592832992552,-1.7870484740407364,-0.869331208017996,-0.4942299573740666,0.8021413051118867,3
2001-06-11,1.7999283422763526,-1.2216381369730924,-1.740955605135144,2.941712816966328,0.9119969972600824,0.4101968758883879,0.2185539360058864,2
2001-06-12,1.7133746701504713,3.714831853119918,-3.3713125489332567,4.528924385441321,0.9855238832729316,-0.1695366494261376,0.9228292985299658,0
2001-06-13,-0.5869184209423249,4.947916535273571,-3.089490072946292,6.176108675392963,0.9494675550395584,-0.3138651970626932,0.9815483367435583,0
2001-06-14,-2.523018850098554,8.285373506503115,-2.7899095208830635,6.964962014824343,0.9541844752643082,-0.2992189619067898,0.9955753479844532,0
2001-06-15,-2.768648598150309,-3.775482040429902,-1.69970858242641,2.5261818318354434,0.3380355845216838,-0.9411333293413232,0.4153744921675266,3
2001-06-16,-1.356680905783349,0.2725341092716521,-1.5396218939317474,2.7386600862201305,0.7293174067093895,-0.6841755039978346,0.7485138548904886,0
2001-06-17,0.8552821790345864,-2.0820952530880747,-2.169498172259938,-0.6074831545778746,-0.7030418433625768,-0.7111484841306702,0.5167228487272516,3
2001-06-18,1.0062663453886482,-1.269195472156801,-1.4240848596956135,2.7786411849145254,0.7257360766452531,-0.6879732168155642,0.3577715272420189,2
2001-06-19,0.6637140269888302,3.269330396159436,-1.8221462048138743,3.716533844694968,0.982340937958161,-0.1870996568983501,0.9617644239727512,0
2001-06-20,0.2160458428862449,3.262705723174993,-0.7461101281278719,4.517570157318536,0.9901062235207744,-0.1403198708146149,0.9833738420593912,1
2001-06-21,1.3516254917751034,1.6111739856976126,1.1447892142175138,4.956524044485569,0.9743936097522542,0.2248490455260414,0.9534209310305222,1
2001-06-22,1.4947268334672934,-1.6492697176106623,-0.6535508181440848,-1.3537803214020534,-0.7838675141255927,0.6209281120214832,0.4882412868422743,3
2001-06-23,-1.806443027887419,-2.139824679700358,-4.30046332223043,0.8791083365524829,-0.2071367526212264,-0.9783119981445249,0.805583943449209,3
2001-06-24,-1.5106298451686189,1.6606289960897374,-5.123086458565728,1.086158996324602,0.3290947907905706,-0.9442968911706268,0.9510855481484486,0
2001-06-25,-1.0995724565585931,-0.3668835524620519,-2.427127751093696,2.9571711616816243,0.6735888702137665,-0.7391062399439892,0.8534679452209156,0
2001-06-26,0.3099557589960075,0.4659137261781296,-0.0864892364753034,4.605621915827348,0.9985594233978576,0.053657040016556,0.8349462812327177,1
2001-06-27,0.9076377745905756,3.5740178617674943,0.75133314917854,5.433916491623913,0.9980768150109124,0.0619892840551742,0.9830158815742652,1
2001-06-28,-0.1767800501388019,5.249897495821403,-1.255164867723784,4.832734345328866,0.9841554386278258,-0.1773078470324189,0.9761959253843324,1
2001-06-29,0.3297245098164701,5.366289195470159,0.6275392712616789,5.334649464255213,0.9992663904933796,-0.0382972692281359,0.9708860385935962,1
2001-06-30,0.6515619323851607,6.337029944544748,0.0215889153215676,4.045757367532636,0.9998171177033632,-0.0191240986019981,0.9436534772599742,1
2001-07-01,-0.5595594484203873,5.599434597138318,1.5632623555469916,0.0121692282572086,0.988789712772561,-0.1493147813016393,0.4981571546991148,2
2001-07-02,-2.699552805394533,-2.227262197716533,0.088486278487703,0.3487434306013144,-0.3167115176404154,-0.9485219104448273,0.7477513879365276,3
2001-07-03,-1.962397052799783,-1.797034532487683,-1.2612623585188634,2.991945537226147,0.3511643445462789,-0.9363138379407742,0.6473886063765721,3
2001-07-04,-1.1431681141417094,0.845783586788782,-0.5923217160495707,3.4778881554901995,0.999606417820204,0.0280536887531673,0.5507384839486522,2
2001-07-05,2.0779265800065816,0.4381540037281229,1.6670936605287086,5.456474637488152,0.8217517038559908,0.5698457135135578,0.8988129913604049,1
2001-07-06,2.862167839715828,0.6100505407581874,0.3040798962942458,4.528241293854921,0.7969031433511677,0.6041070932517083,0.7856060507596687,2
2001-07-07,1.3144984445831167,0.1690948955112271,1.3795740933760314,3.472593407832464,0.9783472858081064,0.206970018002395,0.7209757590349226,2
2001-07-08,2.237952041690892,1.99280282281244,0.6351974134431466,5.422868796075505,0.9564599122298024,0.2918637289855635,0.9288260057797388,1
2001-07-09,2.5138253462446616,0.4874569518625541,1.089995056842706,5.6698440511027055,0.9189678993921258,0.3943323469953028,0.9100286159608144,1
2001-07-10,3.091439862566394,1.7261089813769257,1.0000357934757296,5.704826811495335,0.9035152745271092,0.4285558874828378,0.940687832956016,1
2001-07-11,2.766611252855516,1.3470870366814718,1.158966285506649,5.77720998361678,0.8991457839728992,0.4376492421606147,0.925794569722638,1
2001-07-12,2.813823023908875,1.4355490924884535,2.807726722535654,6.140166133085642,0.8419528953261148,0.5395510374857714,0.972533257828781,1
2001-07-13,3.991289733815033,2.8095496698612923,2.217912771359986,5.7604216932150125,0.8258204137605052,0.5639331912704093,0.9394707790975544,1
2001-07-14,2.6990616752656407,0.7059998145337254,2.1863483828059325,5.346899811929747,0.765962011651459,0.6428858348936071,0.8792066264863293,1
2001-07-15,1.4014846764602211,0.9689181742879264,-2.1907969876470714,1.9026415620530817,0.9792407393210604,0.202700701661201,0.6500032785821848,2
2001-07-16,0.2462499670120895,1.3170258579579417,-1.0953830812569525,3.955712298593646,0.9552160378439136,-0.2959093121984757,0.9771621218849617,0
2001-07-17,0.1044420086511351,2.706237129652574,-2.7190565969713187,3.2961183022441567,0.8854389687368373,-0.4647556698333503,0.9616693790747548,0
2001-07-18,0.6001762828232985,2.2357134057000083,-2.273322310713577,3.781849936327024,0.8959581224021153,-0.4441385402120336,0.938219917417584,0
2001-07-19,-0.3230427881649874,2.5670657336809493,-0.6915143081582913,2.4044542115759304,0.9813959489235732,-0.1919947692943721,0.9310605931285736,0
2001-07-20,2.7987885054612884,3.387245200112069,-0.3258432674346725,4.6226488202940885,0.930730165980872,0.3657066558503115,0.8452885114338973,1
2001-07-21,2.56679757827178,0.7884951989311265,1.5634621562264768,6.159546279487637,0.8509173483099685,0.5252995967494472,0.9103248379548609,1
2001-07-22,3.294766606509309,-0.013967215490129,0.0947418543817437,4.216246838933508,0.7063890415975482,0.7078237929816271,0.7310296801126969,2
2001-07-23,1.4336571757246028,-0.7583887440419291,-3.562168172587717,2.133096908495808,0.6646282875881757,-0.7471741693458154,0.4703620282180603,2
2001-07-24,-0.8498723928905484,0.918231948282358,-4.799312943839082,2.292308008556334,0.5538594069258357,-0.8326102073357986,0.9011140504168008,0
2001-07-25,0.2573223833090209,0.7486465223442555,-1.730305017208049,4.091411874034179,0.943532662878153,-0.3312795105074592,0.8529944919595629,0
2001-07-26,1.739966861927968,1.9744831680018493,-0.4789498987312868,3.5769972778108645,0.9987075821226752,0.0508248503261944,0.8494346991566475,1
2001-07-27,1.3880179659264953,2.3564177167294145,-2.298923545632129,0.931272284173397,0.9490108066615284,-0.315243538934004,0.7015195976506716,2
2001-07-28,0.861668865094288,5.250368257739145,-1.2503899254468689,5.638638297504054,0.9965016205144204,-0.0835734426246393,0.9768870958416752,1
2001-07-29,1.4809426428531527,4.907776073466915,1.0705462878549226,5.661467928244551,0.9762283036584928,0.2167447787976953,0.9916640681672452,1
2001-07-30,1.253362807901164,4.840798191136804,-0.5453612033103713,5.379267387367021,0.9999983019880858,0.0018428296028603,0.9758602075543722,1
2001-07-31,-0.1052011386296188,4.326782294627082,-1.941756973397824,4.304849657874471,0.9717272644009908,-0.2361061702280711,0.982622374427424,0
2001-08-01,0.9022635359522718,0.9005498309324367,-4.645320515770776,0.3176465456322841,0.2914701628401864,-0.9565799204321168,0.5999490393361245,3
2001-08-02,-4.221967967108462,-2.117242116209767,-6.47539555507004,-0.634936130541734,-0.2002471954987181,-0.979745406059604,0.9768236478099211,3
2001-08-03,-2.8238063736336088,-2.718852697696523,-3.3445087048798485,1.2974020204882544,-0.1275936851060083,-0.9918265228965542,0.9158326991017136,3
2001-08-04,0.8616607489857646,-2.7315257218088327,-1.4536036058050388,2.246346107689675,-0.93394000749136,-0.3574298006700591,0.2612999940270509,3
2001-08-05,3.5643888577440075,-1.8060675274779363,1.794015425940827,5.3226815528330125,0.3609448692496323,0.9325871548345313,0.7030615117022692,2
2001-08-06,2.6747231672047027,-1.1532105462736824,-0.3327825517949726,3.987031267790613,0.9552095144498568,0.2959303693514212,0.4417257259162426,2
2001-08-07,0.3572845155222661,4.226842101251894,0.3948800617789828,5.566249138001819,0.9998120284560612,0.0193883406865042,0.9666110924821488,1
2001-08-08,2.653753326816765,5.223425651012772,-0.0496432359006753,5.704907508854514,0.985727305761398,0.1683498698436535,0.9787790524574363,1
2001-08-09,1.4606430347056107,5.175463100103376,-0.2091672640997406,5.287948384625315,0.9995362691117404,0.0304507262669147,0.9832332930078332,1
2001-08-10,1.303249820660546,4.563765378358763,0.2094216904573619,5.129784605352749,0.981247013408379,0.1927545036494254,0.9910048801419415,1
2001-08-11,2.4296315349637365,4.567857126846997,2.597744138020555,6.618921349949446,0.9224890005302284,0.3860233722208284,0.9970159373556898,1
2001-08-12,3.7870383520471576,3.3947576489925866,2.4645643433773547,6.186890182376946,0.8554746086958113,0.5178447584718306,0.9508706455529068,1
2001-08-13,4.162547737927587,2.510768731276708,-1.8842160877742,4.623890796437451,0.7269498375255664,0.6866905662098124,0.6846231021918243,2
2001-08-14,1.6244156855108094,-0.531036494057927,2.700897120456037,4.3554801830381615,0.4409609714007623,0.8975262791145985,0.817645131926598,2
2001-08-15,-0.2410959835779708,-0.5157448118985867,1.4048994615723702,4.719994214940972,0.907063311898777,0.4209942377363638,0.7258393777152069,2
2001-08-16,3.5930306353031787,4.527636764668522,2.0779132539866865,6.983150359723775,0.9014597937825212,0.432862842241713,0.98851181426866,1
2001-08-17,2.248586155782028,1.3908541601797892,-0.1254046219522189,6.369962425272327,0.9715670487178236,0.2367645873979846,0.9363253557272064,1
2001-08-18,2.9507711965143235,3.884483451566802,1.829709225557259,6.974717685616673,0.9255657261703872,0.378586960338947,0.9815547465266972,1
2001-08-19,3.212329701807028,5.616635116566206,-1.0820466077338822,1.999795792812532,0.9585375533636944,0.2849662414945721,0.8980414097818062,1
2001-08-20,1.652748912394994,1.2939695068277794,-2.138667365612835,3.30308743179807,0.98312540037763,-0.1829329033616552,0.7310671212164417,2
2001-08-21,-1.199617495157446,2.816444252406856,-3.3430015916085862,3.818638635170669,0.8608797501564935,-0.5088084666851498,0.9810182977583504,0
2001-08-22,-2.06117328199693,3.0634547328907047,-2.8702341578168604,3.589803071661367,0.8429445690919477,-0.5380004214109786,0.9886479045474822,0
2001-08-23,1.2146179877391103,3.5542143470661065,-2.255886065413325,3.288934367690607,0.9815798518114628,-0.191052334499703,0.915108667621999,0
2001-08-24,-0.388138558442925,3.203807941136938,-1.906834472580727,4.621242313197863,0.9672886399386632,-0.2536783141019566,0.9648292455282996,0
2001-08-25,-0.1311633204194806,3.520627189205165,-0.7833779489028883,5.32103053456536,0.987709594786842,-0.1563002123031582,0.9915209362756728,1
2001-08-26,1.807536788630585,4.000928606898698,-0.1466362265161464,4.358594072984387,0.9947842399898538,0.1020015483598604,0.9573220954075042,1
2001-08-27,1.6008935710285477,1.554864543686853,0.6083644145071051,0.8714552757566667,0.999748903219348,0.0224082688244973,0.4431334145596711,2
2001-08-28,-2.824762212215396,2.819549763949844,-0.7382815901658917,1.4345877113679828,0.4001445782492197,-0.9164520262936594,0.577394752382552,0
2001-08-29,-4.098776637590928,4.471544475950284,-4.014503044616445,1.8467960297938029,0.7934620863057229,-0.6086196822280476,0.8489876416695199,0
2001-08-30,0.7471099982567262,0.6996403857058965,-4.147012233850896,1.042391863496604,0.445563268139247,-0.8952504532727551,0.5301633112431481,3
2001-08-31,1.6732349817616252,6.537761263457139,0.2698256430568865,-0.634438099344497,0.9630181953166704,0.2694363663075634,0.7734429714984729,1
2002-06-01,-3.8044089602242286,0.5482354339859373,-4.104751069115741,2.0781128605136363,0.2827233187250889,-0.9592015038817816,0.9624011182400218,0
2002-06-02,-2.62591523627232,1.1152242785487207,-4.447156042552146,2.5152078825446984,0.5303662076600265,-0.8477686510908042,0.9867232744245488,0
2002-06-03,-1.875676478753768,4.748109314392798,-3.1691848208876454,3.4810338426697927,0.8349664398270424,-0.5503008671286589,0.9848834810770294,0
2002-06-04,-2.075961002461738,5.8601174004970655,-3.3100350380861405,3.9513107403265,0.8933824165750813,-0.4492970707165447,0.9770576154726444,0
2002-06-05,-3.2264187449441204,1.0349940157267596,-4.076823816241737,0.803238445353719,0.1860442863461399,-0.9825413596983872,0.9678603881325312,3
2002-06-06,-1.979840730093887,-2.5230103395253485,-1.8950105581678385,3.035187110168424,0.1271741536891708,-0.9918804033921848,0.6128451139694205,3
2002-06-07,-0.8484644717979103,-0.530266370539999,-1.5112901065371662,2.754664147542964,0.657385359115145,-0.7535545697698687,0.7838971003651408,0
2002-06-08,-0.1514432278500788,3.3095977810167625,-2.812133876708684,3.7337384900169086,0.9007517660784828,-0.4343342674789708,0.9740783196163189,0
2002-06-09,-1.7839572055150978,5.998032837531831,-2.475835643753919,6.274362814611392,0.9178379858168486,-0.3969552012402287,0.9938899563763804,0
2002-06-10,-2.939113620232132,5.7581516554623615,-3.023787759098701,3.736869609763004,0.8571089203683018,-0.5151352236307319,0.9927617568252718,0
2002-06-11,-2.3065633935527834,5.121884111566738,-3.642421549893393,3.9864323495732576,0.8372936349389264,-0.5467534809132537,0.9867136420174548,0
2002-06-12,-1.2838765819001516,2.8804644690468098,-2.90318740465708,2.4989374882882527,0.8091431848915477,-0.5876115267279588,0.9807994582158828,0
2002-06-13,0.0713636242485992,3.015194598568129,-1.1567729852863622,4.415475285896479,0.984915512818522,-0.1730359286663554,0.979521281886982,1
2002-06-14,2.9367471422815226,-1.2975817625976684,1.60394495510626,4.308275450229017,0.2022231754706378,0.979339464793782,0.4774606945502564,2
2002-06-15,-2.6022459202705304,-2.8975824178536187,-1.4770982060414992,3.831424073400169,0.4369886675704852,-0.8994670112988981,0.503756851340594,3
2002-06-16,2.8079051206717835,3.537155002634536,2.1043175589929928,2.9540708869970302,0.9055061330410435,0.4243331745516202,0.4392074775093595,2
2002-06-17,-1.580526253822867,-5.574155648671932,0.3256969900891782,-3.92457883607476,-0.9531193075175576,-0.3025947548078969,0.9173639819991708,3
2002-06-18,-2.1568274771400544,-2.1878756433235136,-4.010715356470462,0.9964869749160792,-0.0009608539084515,-0.9999995383797768,0.9086546606468222,3
2002-06-19,-0.8008618511122805,3.763257257734174,-4.102523961626198,3.717361482336652,0.838963322486132,-0.5441879670876879,0.9689504153077488,0
2002-06-20,-2.399176777434138,4.623549767181733,-3.535769779931262,2.0077824268900946,0.7592006795554876,-0.6508566110615193,0.9615168514038366,0
2002-06-21,-1.3774475035130138,-0.8679442486438991,-4.46271900856486,1.7377120144251863,0.2211357434146808,-0.9752430379061604,0.8678146953227569,3
2002-06-22,-1.3369032313612714,-2.857102426841719,-3.349204649304339,1.2459848887437694,-0.2829450437313099,-0.9591361228876156,0.6589235359026041,3
2002-06-23,1.2828066251379908,-1.8560625361194043,-2.7747547229231,1.85751854084714,-0.424325722816092,-0.9055096249939042,0.3118050027048868,3
2002-06-24,1.0441644116530928,-0.1413807772412032,-2.510130899312194,1.23593251918325,0.8024453404105709,-0.596725628453616,0.5232396420540572,2
2002-06-25,1.523063393975283,2.2158863103483792,-1.062833738741732,3.24497720788458,0.9642025992180592,-0.2651666413053092,0.773384233713748,1
2002-06-26,-1.6538655817169734,3.8342743539800166,-1.2922971442884508,6.535153355523484,0.9962808309811376,-0.0861655721244509,0.914388647608554,0
2002-06-27,1.6014596505758796,9.536899340523476,0.7748197271832785,5.465635568189613,0.9867149580285316,0.162461046416528,0.962440335592718,1
2002-06-28,1.484073919642419,3.396723228263575,0.3662199974094176,3.0068478835693733,0.9927148687670928,-0.1204872994499161,0.8376206423366039,1
2002-06-29,-3.770808458930924,3.80567356926092,-1.885727724981172,2.0632615412529502,0.7835881050553085,-0.6212806786113912,0.8916460851565214,0
2002-06-30,-3.902737430370384,4.0529710947440165,-4.134772078304999,3.2905126180165896,0.644270760574334,-0.7647974810817366,0.9881130900617414,0
2002-07-01,-3.482626777813528,3.014302094444169,-2.7582387104347434,4.321807571217212,0.7112361127090081,-0.7029531933056277,0.9849056563710056,0
2002-07-02,-2.188966589655412,4.310199733972108,-2.7902566398803925,5.726270531440841,0.8897299532891102,-0.456487250884576,0.9939678039217648,0
2002-07-03,-2.3105619703460056,5.049105950147231,-2.75845786269388,5.289832050021485,0.8912063338393548,-0.4535981376996785,0.9926709891031188,0
2002-07-04,-1.1695957094559923,5.178831086564537,-2.426466954024284,3.4952969146744963,0.8990109154566559,-0.4379262196875011,0.9764660185362384,0
2002-07-05,-0.4490005107653996,4.68096306017345,-2.1305398934087707,2.790059128527582,0.953772561265948,-0.3005293685751753,0.9538889459934584,0
2002-07-06,1.8550796308041653,-0.4142423140353771,-0.6287587814753693,3.0358079693440017,0.5988184093396536,0.8008848310686918,0.3388336553300202,2
2002-07-07,-0.029590480853935,-2.7820724462518687,-4.771833288058974,1.0834887472965686,-0.2209878202716466,-0.9752765675907458,0.6336709810048382,3
2002-07-08,-2.408758158637403,-1.581028048385231,-6.331824144005783,0.7505041748043386,-0.0855596090313378,-0.996333053402528,0.9360876250296362,3
2002-07-09,-4.057618747631095,1.339777221041679,-1.846129978447864,3.025356453263069,0.5523605757082228,-0.8336052989294638,0.9254752649531433,0
2002-07-10,-0.9081088104671954,1.375637201695868,0.4162194482965973,3.111456636677633,0.9993800191784424,-0.0352076308049221,0.6981212273242117,2
2002-07-11,3.997776270794554,-1.2571679906360902,1.6118197479305691,0.2559615277567472,-0.1213266536454601,0.9926126349766028,0.8010780432554839,2
2002-07-12,3.93775556278994,0.439264657480059,3.923257135512317,6.655703142065201,0.5585987489953348,0.829438025183827,0.815544055210357,1
2002-07-13,4.763297241705854,2.4582913492706995,-2.036275129024492,0.005207755804151,0.5013156731983912,0.8652644658170379,0.5282593957000317,2
2002-07-14,2.7549834986053803,1.108500872964833,-0.925245164190355,3.163288449242361,0.9432579610115976,0.3320608663908523,0.8148214181021817,2
2002-07-15,-0.3562380588711556,-1.7233831713315777,-3.594792892164102,0.7273972799714853,0.0836381391221225,-0.996496192508626,0.5396163662285922,3
2002-07-16,-1.545540438172362,5.917738342569937,-2.68336367505849,0.6714459221191632,0.8454429581830891,-0.5340657304664168,0.8490152881878483,0
2002-07-17,-1.545041859271742,4.851935986506648,-1.3882182812740331,3.3520214724759,0.9224836141075976,-0.3860362440276623,0.9966396232442132,0
2002-07-18,-2.101827366661179,3.0160966845628443,-0.6191785705161947,4.261537051721788,0.9556780085359364,-0.2944138991297571,0.9629561644215135,0
2002-07-19,0.5440870140255127,3.2599675648935795,-0.530416808091303,4.904021139131835,0.9998612629399388,0.0166569766809724,0.9695542938430658,1
2002-07-20,0.8988281760727229,2.398978630049078,-1.475270219993304,4.503160141380368,0.9760014545912068,-0.2177640021579517,0.9421123522767216,1
2002-07-21,1.1801167590295942,3.290847065147168,0.2016668778163702,4.656099954851398,0.9986024822971616,0.0528496201495045,0.978675475659855,1
2002-07-22,1.4539520900904044,0.4752571332668617,0.5841549084803475,4.694575443721182,0.9802465259391572,0.1977795449084996,0.8966651594861837,1
2002-07-23,1.6197983572507986,-0.3432834701734938,-0.2844791253107264,4.239564234398318,0.8588427285933834,0.5122393654750403,0.7140578275704966,2
2002-07-24,3.2799441355218675,-0.64182909148192,1.679515249066854,4.663603225995804,0.6537248279900173,0.7567323498235174,0.7742990326958032,2
2002-07-25,2.372474760268973,0.7379526289303693,-0.7009509151428763,4.547706715384592,0.9146440823074726,0.4042600681491076,0.8249803659780802,1
2002-07-26,1.896896075291065,2.535642710530126,-0.8941364379703959,4.458438273860936,0.9957538500601284,-0.0920557987876461,0.8776034768547172,1
2002-07-27,1.4714096600186188,5.287323350161,0.3210981317068014,6.521113417753388,0.9977357726182428,0.0672556914905957,0.993583734028894,1
2002-07-28,0.7383112542228942,5.695153271885556,0.1214828717369036,6.327994743851816,0.9999679374088832,0.0080077558793959,0.9958404895583836,1
2002-07-29,1.0730298788131762,5.685500266238324,0.2400397082494546,5.374715300256917,0.996255426951394,0.0864588009973272,0.9931805844843468,1
2002-07-30,0.737448773845939,3.490339013309748,1.3935257675030406,4.626054118284516,0.9839992698789124,0.1781724919222017,0.9857192881618224,1
2002-07-31,1.746739884494513,3.346646969828734,0.9048582297710736,4.828321298170936,0.957486571571892,0.2884778418865205,0.981031196767689,1
2002-08-01,1.1480749225333164,2.635344291561763,0.5321704983615902,5.043482238593742,0.9641322536114332,0.2654223003934276,0.9879925051036024,1
2002-08-02,1.2465174721929022,-0.3945574419525175,-0.2054837189099722,3.255902598945976,0.8927709595057696,0.450510836565723,0.6358724079645317,2
2002-08-03,3.1335760431246604,-2.075807644886649,-0.8509171171585581,1.6999452293509745,-0.9672849305545488,0.2536924577556092,0.3323787992969222,3
2002-08-04,-1.891570671457066,-1.79869539729667,-2.478827769457466,0.5715327770004853,-0.2015514049538739,-0.9794779380675808,0.749948784284206,3
2002-08-05,-1.444710890110828,-1.3164769532310854,0.2977216102015294,4.1104691519716345,0.1703247261968441,0.9853879883812112,0.0343882705393937,2
2002-08-06,4.352789553658339,-1.6656126235891873,2.721006129994418,3.7068738671833614,0.1705235046514656,0.9853536087929964,0.8475339705653143,2
2002-08-07,2.8863563847846985,-2.998178576698864,-2.758518694126951,-2.2636581029879705,-0.99994825058183,-0.0101733061655358,0.7063398001716311,3
2002-08-08,-4.3931713391573215,-3.683257428462624,-2.62687115244571,1.640931217085123,-0.1809704060361457,-0.9834885419460222,0.8012556046390167,3
2002-08-09,-1.179434603933759,1.611256102610426,-3.887009657026751,2.007547021848043,0.4820536246623226,-0.8761417139652218,0.967072280605013,0
2002-08-10,-5.184707360442185,1.1418132436354669,-6.173019021990295,-0.549665467198847,0.0696354153418548,-0.9975725081066376,0.9821800462030744,3
2002-08-11,-4.282173373000482,0.2935147236612125,-5.983042009933164,0.50470567197771,0.1238702950271112,-0.9922984178209177,0.941430532003656,3
2002-08-12,-0.2153910179552073,6.070496288502156,-1.4595728146107452,6.284024385541609,0.9907914239219616,-0.1353970246448995,0.9745654737369293,1
2002-08-13,2.1019281975023376,6.178388955125955,-0.7127212240960323,6.550662699805943,0.9999947827762788,0.0032302353200597,0.953478694403261,1
2002-08-14,-1.560446004202842,6.046208997077256,-1.1325669308524289,8.516510515225576,0.9977892631453054,-0.0664574025368774,0.9622355431484232,1
2002-08-15,0.6868558802629501,2.068979780908352,-2.3501776611812395,-3.659827705792508,0.0439434579305674,-0.999034019693576,0.3183212595762071,3
2002-08-16,-1.5719845560997516,3.5218490837454475,-2.6367051052989425,4.363029082151595,0.8381522058645396,-0.5454364122465665,0.9852263140719022,0
2002-08-17,-0.2149882242915099,3.687731289673225,-2.0411016185231343,4.208762061721183,0.9529966969635372,-0.3029806851543316,0.9866891568100006,0
2002-08-18,0.2411426767022943,4.164787296841937,-2.0343448055209743,4.938169057464004,0.98031024722168,-0.1974634629296482,0.981011582785127,0
2002-08-19,0.5962165768934895,4.653335295053353,-0.6799040685684219,4.89971884788135,0.9998391076200904,-0.0179376384583238,0.9698652140496172,1
2002-08-20,0.7301294724853726,4.656588821599837,-1.8708516810406284,3.371485165589091,0.9553483550139524,-0.2954818447419992,0.9499346253563804,0
2002-08-21,-0.1564614100928516,2.825163681261843,-2.194468333894801,2.718021960226024,0.901325235843225,-0.4331429547299077,0.9611926260635136,0
2002-08-22,0.1557650764292166,3.3993110242675755,-1.9250139243460336,3.629534024974957,0.9604667788829476,-0.2783946239822434,0.965736533966598,0
2002-08-23,0.6866589036396986,3.235972778837567,0.2265580396847969,4.199290166795327,0.9972593507689366,0.0739850478402172,0.9866263908023902,1
2002-08-24,1.4559131090613566,3.500662580387796,0.4933776498958068,3.775192082765374,0.9549970043872874,0.2966154439864981,0.9638358475794188,1
2002-08-25,2.490927619430665,2.2314025337431445,0.9923611148752228,4.065411255506353,0.792149345234869,0.6103273014079973,0.9003873417200043,1
2002-08-26,3.164270875822276,0.1731086340017024,1.7800879434038133,5.185580123025941,0.5274237390558304,0.8496023772803177,0.6642855211143692,2
2002-08-27,-0.4583074830658374,-0.3311952161132568,-1.8070287133711689,-1.6796418999735814,-0.6319379062507746,-0.7750190208268357,0.5403188733509858,3
2002-08-28,-1.934467788325065,-3.5815507604439825,-0.7846095508475894,-3.1757660799969645,-0.8673191603671402,-0.4977524224552191,0.902318367344894,3
2002-08-29,-1.5597484341607402,-2.170505774752528,-1.635174067455741,-4.106744578302513,-0.8828134757031808,-0.4697237135986105,0.9294211650368832,3
2002-08-30,-2.0848766090750983,-2.785256515134942,-3.765556969696346,0.6293040289788765,-0.3379384323672036,-0.941168218720329,0.8554173553934935,3
2002-08-31,-1.7080555533986188,-2.9140471923248112,-5.138369984452412,0.5125975996422656,-0.2674295398143197,-0.9635774183918494,0.8844384019090273,3
2003-06-01,1.1548742724155008,3.305126910916435,-0.9452680531406502,5.059203050501858,0.9999698920821072,-0.0077598279168291,0.959911187909882,1
2003-06-02,0.2842536157827748,5.18643938808003,1.7319053635803532,6.736373223600322,0.9942166800461674,0.1073927051432118,0.9856990760201956,1
2003-06-03,1.7037855108770803,2.8868612615356537,0.4971588178340916,5.32760192050466,0.996266172166621,0.0863348955896094,0.9048215301439554,1
2003-06-04,-1.5391366378042002,-0.2847471948843753,-4.310828376436743,0.3215232373279149,0.2382779263499458,-0.9711970087548508,0.848598828845136,3
2003-06-05,-3.007424823396504,2.162220536833718,-2.940274556622571,-0.3318916225019294,0.2516176175276134,-0.9678267275446196,0.9119365088207896,3
2003-06-06,-0.2103968726960548,-1.2853646652025674,-0.4805702213653114,1.1577230042202724,-0.990484215893804,-0.1376263712565148,0.204327827356833,3
2003-06-07,-0.9245333288322424,-3.78896359964718,-0.834420377071349,-0.4172831379671099,-0.9610187859530644,-0.2764830791301668,0.5751574252616358,3
2003-06-08,0.5557039883228648,-1.6819720526086777,-1.55123190910142,-0.8597049579282012,-0.92128851515193,-0.3888797652863309,0.2455599129815189,3
2003-06-09,0.2765970687156331,0.3188963280251488,-2.2622656355639696,4.399283912949714,0.9122625328492244,-0.4096059950238979,0.9571731406510392,0
2003-06-10,0.2623350927647065,7.004836981856367,0.691694463405811,7.554983071918599,0.9989089122823372,0.0467010167225299,0.9795778764657967,1
2003-06-11,1.7662752051791692,8.51745814877074,1.2468291631743909,7.100405060284153,0.992060678624322,0.1257601285282818,0.991226131661632,1
2003-06-12,1.1303787244325825,7.089842661554805,0.2159446553754773,6.240223631132612,0.999979768786595,-0.006360976144277,0.935937453043576,1
2003-06-13,-1.7195919198270064,7.188010611753422,-1.846961477860212,4.174597849400935,0.8872874133515248,-0.4612169187139174,0.6741637561875976,0
2003-06-14,-4.540849933446838,2.2721157036048103,0.3166720436338981,5.2280522793253335,0.9418318619894444,-0.3360844294838666,0.8571277118873787,0
2003-06-17,0.5088570316122561,-0.7781736438652262,-1.5992049656345155,3.847775742203411,0.8196649700062609,-0.5728432045024497,0.456247683668969,2
2003-06-18,1.7404433399039163,0.8076233908730346,-0.0993396962422898,4.420476094971415,0.9314884738479816,0.3637708386998027,0.8108714645246106,1
2003-06-19,2.621188956679589,-0.1848352505293398,-1.5119882824404347,4.111864377198815,0.9998408638554296,0.0178394777061567,0.5620281712528171,2
2003-06-20,1.053061099623609,-1.4580633620759045,-4.388913834903282,1.1801554634002034,-0.3636848994805066,-0.9315220308129344,0.5897677225553097,3
2003-06-21,0.8066817258432921,1.3971888640253995,-1.7176231658910734,3.760486690619392,0.9555975149216054,-0.2946750574372594,0.8624015960614723,0
2003-06-22,0.466826811931699,2.868647500830856,-1.1101066866780158,4.16825654282106,0.9809179097668947,-0.1944223605929779,0.9590003625905849,1
2003-06-23,-1.7424504263147966,4.091411245708996,-2.702108031112653,4.262571029232802,0.8581415240471513,-0.5134132104903734,0.979497853093983,0
2003-06-24,-1.1688334148564148,5.559370075414184,-1.729218188765475,5.362565935666575,0.9449991616915774,-0.3270727509319845,0.9922460640250303,0
2003-06-25,-0.5189211540944612,6.1649302453247845,-0.972069680783258,5.190631234973879,0.9872612823706544,-0.1591073861637193,0.9863592916174376,1
2003-06-26,-0.0663018005724823,4.626540725963415,-1.6888157091379363,1.455952978713883,0.9826898527200174,0.1852583422173224,0.5535972835867549,2
2003-06-27,-0.1765206013236022,-0.5148217245740123,-1.0159711874029989,-2.1525154919430287,-0.8820487526882661,-0.4711581452984487,0.6466231789568748,3
2003-06-28,-2.0823749923877,-1.9353089286608047,-3.351113845693241,1.333517296069489,-0.3229140175483336,-0.9464283054044794,0.7841759020866188,3
2003-06-29,-0.3859457999930568,-2.305832725264471,-3.896987783298572,0.5977967415497336,-0.2787218246242443,-0.9603718782212086,0.7548484973585776,3
2003-06-30,-0.7936534343178976,-1.805543193420295,-1.039406915770518,-1.0946006253237894,-0.7270644234241543,-0.6865692420949995,0.5912470876816504,3
2003-07-01,2.08268497663082,-1.0554556820994283,-2.5071039824000017,2.3789054311497884,0.9027426567978664,-0.4301810032969024,0.458530793785393,2
2003-07-02,1.480942350049177,-0.0613526323175659,-2.171110625578779,3.354055400926228,0.960635980306751,-0.2778102110076003,0.6195437081274905,2
2003-07-03,1.4469804644408222,0.6079895002422111,0.0193649938166637,2.8625218116422886,0.939323576316922,0.3430323876475625,0.7894665795297389,2
2003-07-04,-0.1152047464615374,3.053079762553598,-2.112377450694905,2.724946841302777,0.8959311592541895,-0.4441929286666371,0.8958546540121372,0
2003-07-05,-0.757049363725261,5.189059675840774,-2.640220687013332,3.726797643344443,0.9207772534845836,-0.3900887712628844,0.9386662611309308,0
2003-07-06,-2.301638573437665,5.888280065138031,-3.679519902941073,3.446885478656229,0.7894695975701341,-0.6137896663454432,0.9702187256921796,0
2003-07-07,-2.755795361268896,3.2699555918767857,-4.099051458989145,4.495227321823864,0.7129953946712547,-0.701168715201685,0.9872520853749092,0
2003-07-08,-1.6237778446405344,3.8250513026230686,-1.6066251459317744,2.317757036824389,0.8903739816870982,-0.4552298021160992,0.932283271924825,0
2003-07-09,-0.6608835667128203,4.740099022090125,-0.6224654333924947,4.641499706076655,0.9902989881843504,-0.1389529200882505,0.9824877009568662,1
2003-07-10,1.5535032364143735,4.705251270503377,1.5583257580441834,4.64423798837561,0.9471889128007102,0.3206761036737983,0.9918151263959172,1
2003-07-11,2.202051628416376,3.618219870954089,-0.1916763348954072,3.9907299842641057,0.967999045539199,0.2509538759118888,0.9405719204630214,1
2003-07-12,-0.4915534598494117,2.268614171517607,-3.764219837336271,1.5931374904147555,0.7499920860349321,-0.6614468012508422,0.9013496407146642,0
2003-07-13,-2.0714598568933287,0.9132528990429568,-3.944135440908801,1.4233027341573814,0.303041540101407,-0.9529773475654956,0.9524935681957872,0
2003-07-14,-2.54934614521698,-2.2149551195023456,-8.39708230353064,-5.023587625898121,-0.4794233108651908,-0.8775837789060703,0.9720666645803612,3
2003-07-15,-13.973484110071908,1.7366171685554577,-7.863760096834673,4.258160572136438,0.3166753535506278,-0.9485339848701178,0.966958766761795,0
2003-07-16,-4.993190613319855,4.709075014300886,-3.936693739523218,3.175243176719262,0.6632155689339395,-0.7484284261862526,0.9907356153983572,0
2003-07-17,-1.424518588498712,2.172490073234945,-1.940200336173966,2.783821653204721,0.8992399504208023,-0.4374557252650752,0.8343585880403344,0
2003-07-18,3.1112856055098925,-0.399822791427978,2.238838953887734,1.2050663820861869,0.1252512891698619,0.9921250498607964,0.8164382748146255,2
2003-07-19,2.695725248821568,0.6177810752948941,0.7651351501964276,4.392085105508174,0.8415490081326642,0.5401807724372731,0.8356955824094233,1
2003-07-20,2.684430987349593,0.4119051546538034,2.543109233239832,6.109950148462642,0.8198915929375085,0.572518799543207,0.905308044193809,1
2003-07-21,3.5388680993446675,2.958048802957692,2.381933407393945,6.666064059630824,0.8709543288850818,0.4913639760873161,0.9766273236065612,1
2003-07-22,3.3279588872263624,4.224635479299046,2.8270593339091348,6.687351508485284,0.8831477454296475,0.4690949368118681,0.9951176499049842,1
2003-07-23,2.7328561727305254,3.44063146467994,1.6054673765432987,-0.1917056761167212,0.6109636254484964,0.791658669111145,0.72129404869956,2
2003-07-24,2.1821582105150803,0.8235566644556369,0.2440646706061108,0.5524425803748323,0.8740427323309647,0.4858490527513885,0.51177677604473,2
2003-07-25,1.4308198209147491,2.04602384314883,-2.6722494315328573,3.2913658942895694,0.8930543396692548,-0.4499488264213068,0.7274342153430092,0
2003-07-26,-0.2020530995384382,3.682618275117926,-0.5601276491585552,1.5733124855474785,0.9582258589782237,-0.2860125927043172,0.9314704988828628,0
2003-07-27,-0.0707662894235309,2.670548466099641,-2.5456157727198443,3.2646746983655115,0.9271115713086144,-0.3747854510859142,0.9309036949088983,0
2003-07-28,0.5075445638643463,0.6534087646302167,0.1557228661280912,4.369419827965542,0.9913713237962356,0.1310835548591024,0.8778954825832765,1
2003-07-29,1.639558778928896,0.4242645129276504,0.7035465204675169,4.273926567283629,0.9458160218840778,0.3247030223871926,0.9185777144342536,1
2003-07-30,2.414850993434305,1.594200382667626,0.7600154399523997,4.684865100100407,0.9268427624682808,0.3754497218805279,0.9211061526312592,1
2003-07-31,2.357098549544131,2.313843370424941,2.1982069071872865,5.710905364074408,0.9079847724607116,0.4190031658346625,0.976546273989968,1
2003-08-01,2.4743113730805715,1.8272453791500287,1.323655656271695,5.8911333494660845,0.9093701648906136,0.4159878642542567,0.9484212719472924,1
2003-08-02,2.331032838410553,2.6344211936758244,1.2060896398310126,5.995424177199481,0.9193582580456996,0.393421394135063,0.9815570187695892,1
2003-08-03,1.874379703939708,3.149030141864277,1.4116660223896793,5.086474654490043,0.9248038858761256,0.3804441781239631,0.9927820252826473,1
2003-08-04,1.3288119640904728,2.6231264573312005,0.751767688956607,4.904798836136131,0.9660054861101596,0.2585215673886308,0.989494890974128,1
2003-08-05,1.194548030792974,3.140756874876708,1.5392639562601345,5.365103868846267,0.953988297569564,0.299843839523718,0.9952052580739916,1
2003-08-06,2.553256668977915,2.5795200375230776,2.9446350615279013,6.797867500867485,0.8672571197199829,0.4978605108813103,0.9847896603744354,1
2003-08-07,4.81557441916328,2.084846579495048,3.8544116997122737,6.194962958810257,0.5871266207904046,0.8094951087926601,0.9427992749936012,1
2003-08-08,3.607735737766762,-0.0624232635024755,1.5957902110003956,5.0960523527571056,0.6097220721957279,0.7926152879407182,0.7805172185066843,2
2003-08-09,-0.5988366549429011,0.8164762270560351,0.6367437863603645,2.5351048572698365,0.995460222261098,0.0951784949234078,0.6187755644355901,2
2003-08-10,0.2245152606391627,-0.5700682991372483,1.451463396377792,3.921314711564453,0.9264142970629574,0.3765057107101384,0.2072984729634331,2
2003-08-11,1.717009413333269,1.100170555548816,0.324922448708114,-2.053400993946611,-0.9309854999021816,0.3650561586549182,0.2279947739912405,3
2003-08-12,-1.2184165397316007,-3.42990116806338,-1.1705220590844476,0.6660544667071362,-0.8835043497878163,-0.4684229540767701,0.8238876593526,3
2003-08-13,-1.749829445688578,-3.0685620583638697,-4.183556518675967,1.983127386047568,-0.0849768484961224,-0.9963829259976644,0.6803311557280423,3
2003-08-14,-0.662639371057147,0.7644721514547678,-3.340239604763324,-1.3666433914570018,-0.2234922567459005,-0.9747057049051392,0.6959847305395215,3
2003-08-15,-2.847133907159479,-3.657558298344049,-2.901863877163739,-3.3281106904126503,-0.6662665784341826,-0.7457136491050753,0.9470740271165444,3
2003-08-16,-4.351609961887166,0.2319176310734677,-0.7093870995898952,2.09430936555842,0.4116935363670503,-0.9113223535684792,0.722628296062482,3
2003-08-17,2.946739222561569,-1.0617887112353976,1.34186088419702,5.244443198788117,0.5216365752091708,0.853167793229472,0.7444520520535031,2
2003-08-18,2.395430413133499,0.8737510789806633,0.7269802575395755,4.187850725902034,0.8116179833238388,0.5841885390397049,0.8121175673427742,2
2003-08-19,1.4992311957535165,1.7472052500474924,-0.5286031315867687,3.973358699265897,0.995768968232256,0.0918921210206208,0.8237996512115462,1
2003-08-20,1.068508654189911,2.1907614426259507,-1.061942086111749,4.145248786630813,0.9998504525341204,0.0172937146765606,0.8928381962989684,1
2003-08-21,1.2859342853388849,1.0600456924215658,-0.1040727909176735,3.78831703007222,0.9911757466347314,0.1325542880599596,0.6153088960869246,2
2003-08-22,-2.1466270203351754,-1.8674527528811664,-0.5498154394594207,1.3637358522748289,-0.5537986311090222,-0.8326506327276604,0.3475397908603658,3
2003-08-23,1.3702600815885235,-0.982972122044889,-0.8804803066112161,2.6874878461036613,0.7861492721695028,0.6180366670897132,0.3901817085720599,2
2003-08-24,2.679353241759226,-1.3085151984128096,-0.8363301178148712,2.887125997492688,0.5065993842458155,0.8621815724554548,0.3468390889230766,2
2003-08-25,2.126683150714629,-1.6558005821591089,-3.454989351458712,1.7514985823341995,-0.1813786746863102,-0.9834133293631104,0.2576622032089925,3
2003-08-26,0.7252434297369641,-0.7073798992102868,-2.4868696986599668,2.542636882513361,0.8139313940713132,-0.5809610019141808,0.3984147823018448,2
2003-08-27,1.9262648008266048,0.3499082092477473,-1.9724889254536675,3.676739645530848,0.9877906931078516,-0.1557868627629119,0.5912348583271531,2
2003-08-28,-0.9067196502858984,3.328635310267269,-3.1911497504806667,3.142700330928073,0.8064788601006133,-0.5912629264640353,0.9657798862500336,0
2003-08-29,-1.6407084162360852,3.0958688891144885,-3.417070468587676,3.478652502461619,0.6738595717185023,-0.738859443739712,0.9708129781862492,0
2003-08-30,-1.918806227082408,-1.040966505706616,-5.1619031049292685,-0.0188060615562562,0.0593226317767413,-0.9982388618757944,0.8094712023762787,3
2003-08-31,0.287472104848505,3.55812397535422,0.6219006449322855,6.932975085023297,0.9998981973037416,0.0142686729841214,0.9065903613209604,1
2004-06-01,1.7327267580190704,3.484997411951168,-1.8046950790835947,6.367036202835253,0.9999288117120594,-0.0119319532394685,0.9560781751096284,1
2004-06-02,-1.5572503123232335,0.7757247888643696,-0.9254508699518316,5.789902100160846,0.9356210564831192,-0.3530060037243157,0.9222716125119552,0
2004-06-03,-2.65926896686508,-3.5194402064328374,-0.480982781810402,3.5263006860491344,0.6453551045426984,-0.763882706336963,0.4383944286675773,3
2004-06-04,2.039851357126218,-0.6249664952290234,1.0771929700214828,5.606647527300103,0.8796002162301358,0.4757136319340641,0.440495727609795,2
2004-06-05,0.3244287421353233,0.6083863726950521,2.038294367670437,6.242089793191306,0.9602459559157326,0.2791553405318998,0.8487781675255661,1
2004-06-06,1.324426889509615,7.292766042474756,-1.0305788088253136,6.284412557866075,0.9997404990568316,-0.0227801348897918,0.9757174484024328,1
2004-06-07,-0.8321427708784361,6.934916729490881,-3.954479819840439,4.707608138878249,0.9286556727876965,-0.3709429085442002,0.972316471182975,0
2004-06-08,-4.384232499805714,6.08974290318777,-4.924691471168087,6.697877394136663,0.8017771750586676,-0.5976230932242684,0.9931619022442968,0
2004-06-09,-4.516971884308301,5.547418291806839,-5.3594892449889295,5.003949446777491,0.7492413384098233,-0.6622970759544817,0.9950716562714292,0
2004-06-10,-2.7238043283722817,6.6063718106007645,-2.840787478883578,4.047228558750862,0.9022244356233728,-0.4312668173695799,0.9876607555621716,0
2004-06-11,-0.5585039389734684,7.800741188357629,-1.437423832098916,5.306490291595482,0.9890295403691658,-0.1477178671561322,0.989382651339748,0
2004-06-12,-0.1697603513425769,6.355082765762787,-2.547573747297627,4.082519252023284,0.9511760186898536,-0.3086489615555501,0.9711307711165376,0
2004-06-13,-0.810166411485201,2.39008581888561,-3.490835770936972,3.3376306952274364,0.6048352005902338,-0.796350664046293,0.8849839805605709,0
2004-06-14,-3.624957516304873,-2.082915019206312,-3.638844112282958,1.6827921983773977,0.0991179442562673,-0.995075692159351,0.9146996246331982,3
2004-06-15,0.9208963402169096,2.154185845912831,-1.613412889326716,1.345721031365165,0.6949852109642145,-0.7190240305727106,0.3913305422657582,2
2004-06-16,4.222749439829301,4.47156225158704,-1.66121332114373,0.6458998163317518,0.930742395886228,0.3656755289870573,0.4746797362632626,2
2004-06-17,0.4707789892635058,6.185395974349222,-0.2635292652245358,5.305779875674226,0.997046605432954,-0.076798871050448,0.9880639908390266,1
2004-06-18,0.7648863386753127,1.5931872835530698,0.369571963061367,4.85576360830303,0.992709276487772,0.1205333662316134,0.9534501575365292,1
2004-06-19,1.78206056282616,-0.5164612885163744,-0.7999585268378702,2.833544719974938,0.942682455930523,0.3336911555327733,0.5010327708919713,2
2004-06-20,2.3023641264108656,-1.1372792237227318,-1.2167811221434626,4.335947989883376,0.9736250324184152,0.2281541063584876,0.6594256279912867,2
2004-06-21,1.8844992440163029,3.340006489319665,-0.0396126300594773,6.903957917186018,0.994903290522162,0.1008337369543265,0.9767573636706244,1
2004-06-22,0.8280737335254095,7.532246988430463,0.7213618096077153,6.324314794702046,0.9911804232861068,0.132519313665497,0.928764909210466,1
2004-06-23,0.4960888632223558,-0.3619980484734143,-3.200306940438504,2.932704083375228,0.7623360386396597,-0.6471813997568157,0.619355077812184,0
2004-06-24,-0.6506433151246448,5.497114224571017,2.018095000505247,5.078126265115984,0.9780469863180022,0.2083844825179492,0.8732653448569117,1
2004-06-25,4.427925226165552,-0.3154509825834761,-1.979189674211136,4.281033433672542,0.999995341148704,-0.0030524876554799,0.5294783389794495,2
2004-06-26,-1.1085935048109363,3.427760720663971,-1.6330911577820626,2.0157730341327054,0.9463677548447322,-0.3230914306974742,0.7804529970719316,0
2004-06-27,-1.407420457975166,5.565762601539663,0.4176701655838157,5.449645219988833,0.9973477072387876,-0.0727842762245617,0.9716346492572024,1
2004-06-28,-1.5414512153599853,3.687621995085106,-0.91259688879051,3.5641533597345685,0.9153690589620108,-0.4026158043283976,0.9891024263576624,0
2004-06-29,-1.976319263562975,3.121185507931171,-2.019129514694209,3.162837109490243,0.806195264445309,-0.5916495547078171,0.9898022222073464,0
2004-06-30,-1.2961108022187218,4.1920743138336345,-0.6342084242598225,4.929241341512075,0.9393298883147436,-0.3430151030473897,0.98373561400305,0
2004-07-01,-0.190967279542829,5.14138453426563,-0.0434389959814822,4.9924175953728085,0.9994457170123648,-0.0332905203570047,0.9909041193892916,1
2004-07-02,1.0699057796235727,5.305211103078741,0.8320036594570949,5.82972093671164,0.9931838743002968,0.1165581049513607,0.9906731121906416,1
2004-07-03,3.059342801702736,5.044923587407515,1.2190061977947704,6.231118467473903,0.955339269389538,0.2955112186741205,0.9818190433068564,1
2004-07-04,1.953708931744138,4.546350871300337,-1.736964049787796,4.079698869370476,0.9999838250875546,0.0056876676470264,0.9185971508254812,1
2004-07-05,-0.0425107615129749,5.031534834638454,-1.258394681833456,5.129499739724563,0.988010099795525,-0.1543892570810438,0.9905826834136502,1
2004-07-06,0.96109381501614,5.255113154124458,-0.062140909639246,3.961053286827434,0.999955681817028,0.0094145845284298,0.9910488207110526,1
2004-07-07,1.2568103091259402,4.074350496492947,-0.4194133310260376,4.984008299155675,0.98570978319028,0.1684524363818197,0.9426166630093942,1
2004-07-08,1.23564532418117,4.736547602508612,-2.292330598083012,3.631059047674579,0.9848855976236074,-0.1732061188110559,0.93444267647577,0
2004-07-09,-0.0220345399901249,1.9052719950796064,-1.7768510306426095,4.728706487085132,0.8641097409048025,-0.5033034429381893,0.8091413828548137,0
2004-07-10,-0.8707571178236728,3.1168401115573103,-2.406668870539241,3.3924782107134503,0.8723104278859125,-0.4889524694707004,0.9634122840977,0
2004-07-11,-2.1393822049057865,0.4614237888213376,-0.0691247986082866,3.1508757032629537,0.8396725565584541,-0.543092991818703,0.7661745854404692,0
2004-07-12,-0.9323440249011556,1.1925391721401557,-1.0206524012225766,4.271261834112111,0.9966090413267186,-0.0822825543225236,0.9110606293512268,0
2004-07-13,3.0830340710424484,-0.8497939338919049,-0.9322315302418724,3.3088324266013167,0.6425468997558585,0.7662463583039952,0.5126926334329874,2
2004-07-14,4.522403026230211,-1.1013635480741013,-1.0846308640795768,2.021058473343275,-0.0185079226042154,0.9998287137309452,0.5273147376745096,2
2004-07-15,3.925397385781421,-0.9991556322079292,1.3975547182668109,4.5362178971535085,0.5084549110458326,0.8610886153198023,0.7314026899667043,2
2004-07-16,3.497409493833393,0.3659583518959519,1.1170771041000849,5.889874621781188,0.7636159841261533,0.6456706813748371,0.8298498254814882,1
2004-07-17,3.444292643588664,0.9543345154134332,4.334485479045036,7.407223432494978,0.7109411033633637,0.7032515535343544,0.9437461312035228,1
2004-07-18,5.64030416433494,1.0795379103084286,-0.1279960961408178,-2.765714130047542,-0.0754581628109246,0.9971489686427,0.7321022068107289,2
2004-07-19,-3.247623015415134,-1.523712076626266,-4.213325573369048,1.5775858841762718,-0.0525520276483255,-0.9986181874921214,0.8971196570390392,3
2004-07-20,-1.8437795707319515,0.7141626307575679,-3.732240827399459,1.9824654606239973,0.4082219326745993,-0.9128827162803635,0.980420774071942,0
2004-07-21,-0.2476745867970121,2.3796652644952,-2.536231144738717,4.44134984270278,0.9201970236213424,-0.3914555373454595,0.9732698237588312,0
2004-07-22,-0.4747171949871477,2.008215676619521,-1.0337268398540331,1.4128651706552542,0.9376181574566392,-0.3476667812829077,0.8876922725760109,0
2004-07-23,0.6973891236283524,1.7347204840464436,-1.3843866021674966,4.470033688626763,0.9964905449588998,-0.0837053989149747,0.914803576192922,1
2004-07-24,1.418189808819387,-1.0066602771357016,-1.8650728366651663,2.6602453900334644,0.9734333351231494,0.2289706139901411,0.0693854212124405,2
2004-07-25,1.8550747063039448,-0.5935472787508514,-0.3530581845068731,0.0212631748658754,-0.9941315849457392,0.1081775938596918,0.265379101284491,3
2004-07-26,-1.861834820633554,-3.572351049622484,-0.2877623846451178,-3.7775007252928057,-0.9574363507872222,-0.2886444771535517,0.9790612005846712,3
2004-07-27,-2.101221522242091,-3.2966339055234384,-3.3052089747964275,1.6423472145179625,-0.3256993228611789,-0.9454734005183696,0.7645215862101169,3
2004-07-28,-2.6760529844214904,0.8868266034969349,-1.4314800655591735,4.363135472768968,0.8758385766344744,-0.4826041728776264,0.9108234235834646,0
2004-07-29,-0.643415100990634,5.354768960777877,-1.757612857646676,5.263570969926356,0.9921550386571536,-0.1250135163381233,0.9728803879482338,0
2004-07-30,2.145511566905756,4.82446727287469,-0.4559145676747603,3.595976689309974,0.9832108602409576,0.1824730234972715,0.9407860790210836,1
2004-07-31,1.6278611825358449,0.4041338274248525,-2.509153332702564,2.718573440610098,0.9383654089259228,-0.3456448456599425,0.5929729280128744,2
2004-08-01,0.6630128211782235,-1.8088381384037744,-4.224680720808301,0.5671749086861071,-0.094885110557909,-0.9954882298623192,0.6554245763612021,3
2004-08-02,-0.9725824434175752,-0.0554615663856784,-2.84909220971102,3.095371183530204,0.6510881065799649,-0.759002159068152,0.6822331752682089,0
2004-08-03,1.2571643364269325,-1.4461199648151537,-1.260642972416522,2.3801256545663505,0.7058285918308197,0.7083826642106102,0.1016252383924215,2
2004-08-04,2.6867415552914475,-1.032523681942392,-1.432250319887102,4.576694696003008,0.8869033496207764,0.4619550285811887,0.6463433737615105,2
2004-08-05,3.127268342720371,0.4335316419990604,1.4784685703018647,5.287885779724694,0.6222864301919072,0.7827896261442231,0.8342207698039854,1
2004-08-06,1.5190903196218168,-1.6885734013337743,-0.9950350052070318,-3.02769489373251,-0.9727183986776564,-0.2319890447283571,0.5575072501116759,3
2004-08-07,-2.858380154756254,-2.600707523182708,-3.177593974215313,-0.1400246427522987,-0.5567395230825387,-0.8306871272854945,0.8671524287436453,3
2004-08-08,-2.379870061138324,-2.380163150937244,-3.919185039616148,1.461830062802184,-0.1631984096812209,-0.9865932693250652,0.8331261313886971,3
2004-08-09,1.0112081357406173,-0.6816105801407323,-2.9826807585446025,2.107478208268208,0.4473955713687278,-0.8943361799232152,0.5949536750280482,3
2004-08-10,1.6445333102175,-1.3972473483082777,-3.033349455694204,-0.3767365052066919,0.162868279682572,-0.9866478213999358,0.0839136256150079,3
2004-08-11,0.7381086339285874,-1.6440175211529826,-0.0525376793963129,4.374611105868916,0.8888854189842575,0.4581295798321484,0.5385144278731666,2
2004-08-12,-2.626258246777655,-6.194620697905296,-1.0683449206280549,-5.118401972152969,-0.955347888236842,-0.2954833539159293,0.9658872777858686,3
2004-08-13,-2.943928831928816,-2.8667212472076056,-3.1984240198821823,0.8906546144146319,-0.3857432516781385,-0.922606169383652,0.8991986818418215,3
2004-08-14,-2.704944474407021,-2.573699298628809,-2.89262693869608,1.2884023949946144,-0.3485727728345975,-0.9372817196757868,0.8986360945371334,3
2004-08-15,-2.7819766183455115,-2.6012043707424737,-4.340959562399693,-0.0399901108062338,-0.3929917788002874,-0.9195419847920951,0.9568315316056224,3
2004-08-16,-2.194378588428865,-2.394563798877292,-3.533360864060612,1.8797455461118784,-0.037318626303886,-0.9993034174517722,0.8785167049931979,3
2004-08-17,-1.733508438331621,-2.172402418125559,-3.290732088223165,2.124746410524389,0.052598586997829,-0.9986157362298232,0.8163006636132937,3
2004-08-18,-2.632475716024409,1.1308431285236864,-1.2957953021700743,5.068255186088035,0.8615532667191719,-0.5076671829117216,0.9415989115759592,0
2004-08-19,-2.2690240029944064,5.666070402683862,-1.1423523701757223,6.8074633262498185,0.9509248003460172,-0.3094220808004615,0.9945182528622066,0
2004-08-20,1.059883733309808,6.652092206481373,2.611976009940679,8.094405480165094,0.9815827517648812,0.19103743465008,0.9945890256253768,1
2004-08-21,0.456579810117258,1.7178168100708011,-0.4582256203537159,4.693031251594213,0.9299981053427544,-0.3675643128200658,0.6452577736888696,2
2004-08-22,0.3629477368644829,5.8401643110906285,-1.894361289918196,3.7420700552053887,0.9613446269615908,-0.2753479765897686,0.9499288615355976,0
2004-08-23,-0.528411049373862,6.419681355035915,-1.5851709591456764,5.5099801518833775,0.9566629228877566,-0.2911976167001619,0.9773297251503604,0
2004-08-24,-0.2428378128926444,6.309071562216504,-1.3116921757500557,6.272640493655628,0.9889956432704636,-0.1479446436747268,0.9947123297237488,1
2004-08-25,0.2964632709198116,6.07459832329292,-0.3627487959665292,6.913822405110904,0.9998237986398674,-0.0187715655539437,0.9931233840720878,1
2004-08-26,0.1952525023479061,6.4885215137236845,-0.4697442368644269,6.35794886768054,0.99728402334404,-0.0736517262711776,0.9946524724874264,1
2004-08-27,-1.2025507141085745,5.804286054989956,-3.497944416072577,3.1207240010906645,0.8953423271333507,-0.4453786223466905,0.960744211508644,0
2004-08-28,0.2223605901784882,2.994160584811683,1.2087940856679746,-1.152593019889354,0.9952947873197328,0.0968931696982187,0.2501956192269281,2
2004-08-29,1.19198470297952,-1.5812194009727392,1.7095813217876707,0.4297636136399599,-0.3598768663870739,0.9329998076309663,0.5204337266125161,2
2004-08-30,3.1212971592493304,-1.657061868280368,-4.307666978969444,0.7390468088967456,-0.7415573085295974,-0.6708895275426048,0.2114306333330283,3
2004-08-31,-1.7241848360008671,-1.1564834187356836,-3.49801037195643,0.9185934842828052,-0.1267773431591094,-0.9919311998629328,0.912931816925444,3
2005-06-01,1.9243337221821155,-1.8309008543926448,0.3886499666346931,-2.174073885271928,-0.4576065490654714,0.8891547931897968,0.5303510487759995,2
2005-06-02,0.4556710523226019,0.3353647403416867,-1.0529590290874946,5.124828864205088,0.9882032184736792,-0.1531482908760711,0.9379825972937156,1
2005-06-03,-1.3696129619479902,5.089644063654466,-2.732469742722471,2.219292013889653,0.90391438663316,-0.4277134340158118,0.9595325991858286,0
2005-06-04,-2.0055570561295526,6.323977347561515,-2.9533293776274805,3.990547332095764,0.9189560907226484,-0.3943598652547537,0.987710496023632,0
2005-06-05,-2.678976326147472,2.4069841886063856,-2.7680891586636305,1.6880573229574032,0.720709634156063,-0.6932370613539309,0.9156386101576612,0
2005-06-06,-2.20527477376698,3.179794726575945,-1.7677882426612772,4.71585392050415,0.8811885556139665,-0.4727649833214929,0.9780784944977052,0
2005-06-07,-0.7566682795440542,7.515969385443981,-1.2033950064093284,5.825772068652195,0.9751234236346144,-0.2216626009932852,0.9884643245273436,0
2005-06-08,-0.6063039938780178,6.56404984897231,-2.159801452284085,5.531665186952337,0.9592592739707678,-0.2825272470065064,0.9869793697259412,0
2005-06-09,-1.770365446267163,6.513639597141537,-2.733696314621119,3.4294783694362594,0.905635873794902,-0.424056203934979,0.986942348984396,0
2005-06-10,-2.4634103534155,4.162354716805549,-3.030208887634173,2.035482046178882,0.7184478396338808,-0.6955808376640413,0.9681975553147348,0
2005-06-11,-2.000349967206269,1.569734135342871,-1.6748545099914658,3.1621878496128346,0.8806822311321798,-0.473707512889595,0.9432810538095988,0
2005-06-12,-0.000436982966405,3.862394275987442,-2.298709830228023,3.171535779439659,0.9600089624208188,-0.2799692698702895,0.9554028894345304,0
2005-06-13,0.0441857201907879,5.278741444974477,-1.932261102788131,4.581754824064593,0.9762362630877596,-0.2167089260562346,0.9868736906404936,0
2005-06-14,-0.2025098954538897,2.064651908975461,-1.622205974902327,4.568716799187777,0.989310783071659,-0.1458224073938602,0.972218482909022,0
2005-06-15,1.4631008812008688,0.2768271159645722,-0.597447664255494,4.633389472574318,0.952978637203916,0.3030374845344497,0.7481818826094787,2
2005-06-16,2.93629209330874,-0.3613762310654768,2.048238426338381,6.297739306086639,0.8604136683598932,0.5095962316378249,0.8584671658170021,1
2005-06-17,2.22591901109672,4.860515542374964,1.3051246393851228,6.690299994056732,0.9597110839218198,0.2809886748564891,0.992197113228006,1
2005-06-18,1.9971569020296045,3.8087948492102073,-0.1279341005869877,4.4920580298168495,0.9866323374128924,0.1629620531632209,0.9066643573281354,1
2005-06-19,-2.321244137366337,-0.4231169247196761,-4.530029273845775,0.4119040825991695,-0.0792769522713635,-0.996852629448588,0.9640995446315956,3
2005-06-20,-3.4869060274214783,-2.4844368112766144,-2.2082877577572653,0.315645413597227,-0.321454052061841,-0.9469251778324532,0.8585840593722956,3
2005-06-21,-1.1437101669312766,-1.2008140171183672,-2.7517926205647774,1.4096696761585537,0.0613684689761086,-0.9981151792331026,0.6449464231406823,3
2005-06-22,-0.6004998642616901,-1.438419746029406,-3.1730956165773234,1.45757947392298,0.069710082318392,-0.9975672931803464,0.675451790310102,3
2005-06-23,-1.4052960292228662,0.4045060176694573,-3.764350646805886,0.9239946718471445,0.2913554640637651,-0.9566148616659622,0.9413833374691558,3
2005-06-24,-1.8911842644857804,0.7237899441151591,-3.929141821781441,1.5634497297207723,0.329612492184219,-0.9441163090404212,0.9677288374987572,0
2005-06-25,-2.1527938874628303,0.8950457165330497,-3.1632864585077134,1.2351477617665894,0.3592457047734974,-0.9332430142260874,0.9520874922142234,0
2005-06-26,-1.4683256106992326,0.8588759294294952,-2.5622990098070906,1.6968653819243382,0.5806670867205338,-0.8141411022663627,0.88137961993863,0
2005-06-27,-1.5008371319454523,-0.1860283727690388,-2.682237001969146,1.967552288748712,0.4608785164047876,-0.8874632347970939,0.9198418884513514,0
2005-06-28,-1.3336565360029993,0.6269091020049464,-2.838514204489681,1.556817497555072,0.4452729492819818,-0.8953948853091164,0.9190810885538484,0
2005-06-29,-1.235072637827923,0.2803386629749292,-2.9634506691686697,2.126634882640201,0.5852033301251044,-0.8108865903506409,0.882606477197912,0
2005-06-30,0.5620267865164732,4.9069809448792485,1.2764162305018636,6.661025584808996,0.9898908467408852,0.1418312784212747,0.9833743010761336,1
2005-07-01,2.4092040606515224,4.807500979126482,1.47312247277669,7.466805567444065,0.9508678273285452,0.3095971171563,0.990311557483762,1
2005-07-02,3.006625392470082,0.8125378226973197,1.8076772367350256,8.364665368354533,0.897436062844362,0.4411445489931963,0.9331448642132156,1
2005-07-03,2.7082585872566485,4.313237787925456,-0.5437730058617112,6.947144052507703,0.9964327585491268,0.0843905071093756,0.962945992445032,1
2005-07-04,0.6355669577940274,5.9025505367065,-0.9343050101220064,5.383496579139779,0.993023036390522,-0.117920520681295,0.9810709305622448,1
2005-07-05,-0.6776812389632603,-0.2504690782133944,-4.348729746399786,0.877218024513088,0.183614728296937,-0.9829982866477652,0.6931948945099079,3
2005-07-06,2.4582185734094173,1.0115116087914344,1.830844050637263,7.765316497515149,0.9212367465439644,0.3890023866470377,0.908924307088137,1
2005-07-07,1.20698112880588,3.2838923088029675,-0.0317577199486983,3.568021595127941,0.994050682571346,0.1089185038431997,0.7340079704035947,1
2005-07-08,0.6676239603663534,0.2651610384419388,-1.0290820699152443,-0.1612337069555759,-0.0079614447011417,-0.9999683071969184,0.3025791369827567,3
2005-07-09,-1.7244208306621238,2.2431946102194127,-3.229808863684986,0.2224317929883988,0.2010210370832134,-0.979586924499296,0.7124868385821463,3
2005-07-10,-1.5758795396661631,-3.1590179048450926,-0.4467487533859725,-0.7297005962957047,-0.9902588648895062,-0.1392385740653307,0.6792748579028155,3
2005-07-11,0.7235919817303218,-0.5841341931880732,-0.3621742555740883,3.191706092381769,0.9875230270442223,-0.1574746679863649,0.6722890596498515,2
2005-07-12,0.4770313230790526,4.651312073835301,-0.6596101341141146,5.405943180772077,0.997236242597583,-0.0742958710148459,0.9889701136779284,1
2005-07-13,1.3638644708417054,3.653349982255168,1.2320370240643677,5.96565761551152,0.982844131415366,0.1844381016557441,0.9870826917099074,1
2005-07-14,2.785719690594729,3.954708998652053,-2.371819709896353,-2.2807894928476053,0.8609616697116628,0.5086698372100569,0.5361376678849404,2
2005-07-15,1.1624988205394982,-0.2946892276491295,-2.1892545561104444,0.607869707813389,0.2694402711553743,-0.963017102797099,0.2519151552562905,3
2005-07-16,-1.6894074230589955,3.656995992542228,-1.0593577927591475,3.2617013902511283,0.8617021731965564,-0.5074143915069141,0.9293550250553584,0
2005-07-17,-2.00272971570524,4.675374275442813,-0.7665245106034562,3.902479018513763,0.9290161188077916,-0.3700392560192865,0.9744406583555758,0
2005-07-18,-2.6780143205601767,3.960577142574688,-2.395157911359413,1.748904032702136,0.6702317670091014,-0.7421518567596915,0.9610856706719942,0
2005-07-19,-2.952284024488454,-0.9749081964592587,-5.059928191789389,0.4213089120898331,-0.1071176964683018,-0.9942463472919196,0.9228821090065454,3
2005-07-20,-5.194309699400302,0.8867645921015053,-4.401271140803415,0.762110876812318,0.1987440914118914,-0.9800514201453217,0.9971670048182156,3
2005-07-21,-2.4454405001913613,1.6894396168846917,-2.136201609293036,1.2903516591460562,0.4358308530132869,-0.900028592635651,0.978671517643529,0
2005-07-22,0.6261176301950682,0.0262838029627481,-2.76581133638591,-1.4452455752108135,-0.2363522138977271,-0.9716674487630236,0.4631396384470195,3
2005-07-23,-1.7399794715965982,-0.9233305825357964,-2.1885625571602625,1.9608529810484607,0.701624501571061,-0.7125468818226349,0.7327585896663588,0
2005-07-24,0.3647787553011404,0.6266157741637726,-1.3854576530848053,3.8864220227265234,0.9658452317635172,-0.2591196408605056,0.8701671165061592,0
2005-07-25,1.4301457242293598,-0.1965804779812,-1.2423912093388991,3.431884552086216,0.9953505551163332,0.0963185985654234,0.7432372964559041,2
2005-07-26,2.108742253555409,0.5258551324962359,-1.044067066933453,4.90295562387155,0.9848947820931911,0.1731538859096308,0.8817995865465675,1
2005-07-27,2.3640630368330635,0.4697360927636929,-0.8886323541927537,3.7517728078953474,0.8762983891010058,0.4817687549633976,0.7349043027966174,2
2005-07-28,4.022852747341494,-1.6673836176281207,-0.5574508675008187,4.122874422355485,0.3830361960140579,0.923733334108432,0.6255953672281966,2
2005-07-29,4.197023345772328,-1.6161011910781784,1.386996966381297,-0.2415287980013335,-0.5068094539848758,0.8620581055541164,0.6230257718172105,2
2005-07-30,-1.002598241298222,-2.2773206300153146,-1.2527508135263865,-3.7697663139402295,-0.940653077393451,-0.3393696922092927,0.7870944548437564,3
2005-07-31,2.132862405923952,-2.822831123741233,-1.3008833461481468,0.2658397131011789,-0.9995457956200696,0.0301363975657694,0.429179495143565,3
2005-08-01,1.5168570009912452,-1.5031662915798392,-2.460832966949887,1.0981202896100763,-0.055210055065266,-0.9984747617339612,0.381846628979409,3
2005-08-02,1.3816670604990542,0.2101658135194558,-1.7351294415437954,2.43931872453481,0.9229283478836008,-0.3849717712675138,0.4999493895852482,2
2005-08-03,1.5546716432834864,-0.4503794887332041,-2.0744044834876734,2.2695382950080902,0.9433245734561696,-0.331871585276196,0.3980545538371123,2
2005-08-04,1.077470793718846,0.0749136645834262,-1.6010998844623614,1.8379147681532024,0.6351873527627886,-0.772358094985869,0.4985289653309756,2
2005-08-05,-1.230414785057256,-1.8402149765875453,0.0232378307282097,2.087209269758511,0.0600183003542803,-0.9981972769060148,0.0864163175660635,3
2005-08-06,2.129963330192345,-1.7341192464853328,-1.0067463120525268,2.6089918233386338,-0.5173879335732721,0.8557509720665115,0.2126460964638982,2
2005-08-07,2.140442942377637,-0.5541495271497577,0.4770443212496641,4.06536210118384,0.925341733071248,0.3791341148415677,0.5832343399778362,2
2005-08-08,1.0036479647053986,1.162394470623973,-1.1819456048422057,2.6756147316484817,0.9967000197032064,-0.0811730911301778,0.8198764795454695,2
2005-08-09,1.1585741992763383,1.63323220676113,-2.4427176131135786,-1.1662888129126423,0.8820354197938431,-0.4711831047789159,0.5541602393144766,2
2005-08-10,1.463088033798671,5.421062899523949,-1.4030917679767778,4.051314259089638,0.9998504033756174,-0.0172965565826029,0.9563342706741832,1
2005-08-11,1.2101205951386147,4.259840000951699,-1.5268772759985725,4.322799168945814,0.9934464845763707,-0.1142982164464993,0.9637551686103044,1
2005-08-12,-0.3644896842696429,4.236185316483031,-1.8808265852708377,2.93471386297122,0.9379953716699848,-0.346647779057774,0.9782463319189616,0
2005-08-13,0.4191261391816215,4.910770480320076,-0.4304181578383405,5.023349087675304,0.9981464632742618,-0.0608575209245555,0.978530493496938,1
2005-08-14,-1.4584008009707796,5.329795110085099,-0.4117955443456642,5.405793615995558,0.9805775015621851,-0.1961320051140624,0.984972363659711,0
2005-08-15,-0.280224816043402,4.229703403155309,-1.6146614006530076,1.6720087093433604,0.917287345570416,-0.3982259731062006,0.889542484340294,0
2005-08-16,-0.3642189181842566,2.342073088206682,-0.5912334024890187,0.9592391397637848,0.8947202554938658,-0.4466269857599196,0.7224414880756043,0
2005-08-17,0.3444139181557173,2.053320780255864,-0.8823922482840857,4.186777620356023,0.987888098674124,-0.1551679879937373,0.9502442312602593,1
2005-08-18,0.9250408503477304,4.688076848388621,-0.808438985929608,4.939603050118362,0.9982838475490418,-0.0585607353324858,0.9724616517559008,1
2005-08-19,-0.2700243196137453,5.517134388084654,-1.8605255819523216,5.02783016777726,0.963471970120882,-0.2678091910136513,0.9875789225881084,0
2005-08-20,0.5807927181078102,4.340595292452481,-1.2350798114414232,3.870539098115072,0.9890349131401271,-0.1476818898507899,0.976427711878685,1
2005-08-21,0.4579034081478631,-0.1972118450058126,-0.9980441531733562,3.685594363540704,0.941397755906046,-0.3372984808371663,0.8502440685277586,0
2005-08-22,0.9150874563221568,-1.5757089072298858,0.5451806923594029,4.557926792867002,0.8880046704348796,0.4598344324709065,0.4638271797283521,2
2005-08-23,1.7880090410381773,-0.4215630420546793,-1.5786730965526066,3.982312655829796,0.9997590989849922,-0.0219486673107218,0.7110023912106029,2
2005-08-24,0.9482200412213388,0.5891051695387175,-1.1375737790184948,3.8168047375940697,0.9850030904571182,-0.1725366969369887,0.7972487243435911,2
2005-08-25,0.4367953464372367,0.2424003417253578,-1.7487164273707347,0.766446545160983,-0.1164866140469344,-0.9931922617237212,0.4933711448518942,3
2005-08-26,1.2008289086485278,0.0260963956890186,-2.1851674784712656,1.1424335206241802,0.2156528552033769,-0.9764700948020024,0.3036892234450115,3
2005-08-27,0.7596785936811388,-1.1294518923270336,-1.6920078548641442,2.792737401068184,-0.1286046718077792,-0.9916959404924542,0.3442943404782843,3
2005-08-28,-1.2238089776329542,-3.108566450993434,-0.4267846423741293,-5.249023037354708,-0.9904204936556928,-0.1380841980344377,0.9276520703787574,3
2005-08-29,1.1730236435058954,-4.239083444434502,1.3117105474636177,-2.6936940607561177,-0.898152541294289,0.4396839917106493,0.8811143956994606,3
2005-08-30,0.0160774450052449,-1.979714256792441,-1.258952761600315,3.3481425221526644,0.8772181138877082,-0.4800920543680053,0.2353786898020917,2
2005-08-31,1.190424626135548,-0.5331655005527974,-1.6962382579737034,2.509812675301254,0.993522200292656,-0.1136381869163669,0.641119091265179,2
2006-06-01,-2.104031103241576,-1.03794143124858,-2.569781478422762,0.742658530185466,-0.1455876387585676,-0.9893453590332876,0.8111483373618051,3
2006-06-02,-1.1922369860245017,-1.549854369546502,0.8166803752422475,3.768152211134834,0.902986917624758,0.4296680423286546,0.1022065463291842,2
2006-06-03,2.704208178734384,-1.4062240655042508,-1.5669272468473945,2.1170436196542983,0.9992304144852368,-0.0392247213841187,0.2359935141710873,2
2006-06-04,1.156945374703326,-1.3434367169045558,-0.3242587361367417,4.047993486191778,0.937908406724686,0.3468830070717802,0.6042766843622844,2
2006-06-05,2.2792781105705857,0.3443749036802103,-0.7525169975065851,4.020051884898511,0.9552837798428924,0.2956905476491869,0.8369868820216076,2
2006-06-06,1.3108719930378674,-0.260771702205809,0.2616249644697948,3.971092248659674,0.9557427827565912,0.2942035574371724,0.8372403691763481,2
2006-06-07,1.985397501876768,0.1826284107377756,2.032225839367293,5.9167940837839295,0.8497537049971317,0.5271798941951862,0.9106327775956032,1
2006-06-08,1.3915967324304828,-0.1764172415541348,0.7646763288473069,4.528694310579036,0.7921140043182784,0.6103731679578178,0.77367921463093,2
2006-06-09,1.7703146168661514,-1.5726863852801738,-0.9018629179176898,3.8424338499324207,0.6581805562259069,0.7528601167588543,0.2886999174250487,2
2006-06-10,2.2742124893377778,-0.971164478541105,-1.0685601025279552,4.918221361738613,0.9608210091396852,0.2771696022218112,0.7124071686362264,2
2006-06-11,0.7181003872287726,3.042842852731332,-1.5487677224647962,3.2516680671321,0.9986109429497108,-0.0526895114903284,0.9556714267781736,1
2006-06-12,0.7067117824977276,-1.2173762745994463,-0.0322519829185377,2.687633780080003,0.5955143768479617,0.8033446501766125,0.4238714110222884,2
2006-06-13,2.828266531845364,-1.93047053373813,0.0622330331876003,0.9946539185560604,-0.8577236967695028,0.5141109413347066,0.449508173400451,2
2006-06-14,-4.048806891278579,-1.61815040914328,-2.134598042109818,1.6739645788753996,0.0836552672667738,-0.996494754757156,0.8279385869618092,3
2006-06-15,-0.6720515204902329,1.9954999702320524,-2.4104980695582623,4.6457126516361065,0.9696620667463656,-0.2444493328139126,0.9683591579982004,0
2006-06-16,-1.994330683276641,6.697209960858665,-4.50291708393716,1.850675654691624,0.7063773762257542,-0.7078354345159751,0.8501503174660218,0
2006-06-17,-1.89812949589279,8.161828824460846,-2.5019714168574074,7.560519487121077,0.9631635222331232,-0.2689163986064891,0.9976596657404184,0
2006-06-18,1.5747801393069245,6.449523977486132,1.8993261182465693,6.0450386375615945,0.980837208630902,0.1948290793622459,0.9637797833986104,1
2006-06-19,3.932131748577162,2.1865217799441705,-1.0123202712535622,8.809811368517106,0.9946244724950968,0.1035478571185832,0.6734498479760773,1
2006-06-20,-0.4200519017632295,2.3709922162903907,-1.6784537023699615,0.0023917325592276,0.7844335603718878,-0.6202128581078304,0.6648636904821393,0
2006-06-21,-1.7030439668524906,3.426915181491549,-1.7128776151512248,3.977577113239609,0.9177604780116012,-0.3971343664302008,0.9968703545052402,0
2006-06-22,-1.3145471459145153,5.425000433307301,-1.77776781768593,3.363943286460337,0.9502964718688224,-0.311346455823201,0.993300719789996,0
2006-06-23,0.2976862356284189,1.7440935122940893,-0.832677560190872,3.932857448292707,0.9804817683195626,-0.1966100251587989,0.9654628567168956,1
2006-06-24,1.7685476420028394,0.1039247569653461,-0.5812484167961981,2.526179457792361,0.8888337727219942,0.4582297725691626,0.5992921334071756,2
2006-06-25,3.082607809742945,-2.402385004744198,-1.4581584250713988,-3.084400708977304,-0.9188255373534217,0.3946639480712625,0.6982040402803233,3
2006-06-26,-0.9984449509657184,-2.3456406255242093,-1.7851333749727365,-3.3877843029569825,-0.9685454930680828,-0.2488365484761115,0.8687530936392799,3
2006-06-27,-2.879028873312734,-3.17643631224661,-1.693245636458795,1.5287604003950763,-0.6450148193130271,-0.7641700614827717,0.6944767107546058,3
2006-06-28,-1.3025502223898766,-1.1084013267057364,-2.59817062018107,1.8983121407398589,0.2284725675431111,-0.9735503509733118,0.7742267899294931,3
2006-06-29,-0.8435978075771201,-1.0476168109989392,-1.931969513019088,2.042266458107185,0.4767385773883693,-0.8790451233183162,0.7374026678218052,3
2006-06-30,-0.1067192628945039,-0.642148476528048,-2.0411560445661663,2.545331958859216,0.8211525016068468,-0.5707088304072554,0.7013285095410782,0
2006-07-01,-0.3289572127170598,0.1071899234051146,-0.5951639314182086,-0.0135796998858391,0.5153042856019423,-0.8570072889073184,0.4802430342684898,3
2006-07-02,-0.1846212615615187,-0.8105631807109251,-2.6515905733199765,1.7209782529871251,0.4848447294505964,-0.8746002448684644,0.7049298930744547,3
2006-07-03,2.1822012077345425,1.2818262586818665,-2.3971192493642546,1.6346176581721803,0.8893433666229189,-0.4572399547762777,0.5986360954031553,2
2006-07-04,-0.841852236618011,2.5649110420228345,-1.5222188956455198,3.2587962913872737,0.969819936912902,-0.243822250761194,0.910770207669138,0
2006-07-05,-1.2887369434770644,1.1498100070463042,-0.2024958557117338,3.901799937241639,0.8154107168851519,-0.5788828575703747,0.6326512560054371,0
2006-07-06,0.992074891544838,4.168111074529191,-2.5346948334114368,1.5229654586650638,0.9369341505069247,-0.3495059335889267,0.6827358600394802,0
2006-07-07,-2.1228815018881457,-1.88159386133436,-1.8225684444213228,1.1937090699407844,-0.1410624955204355,-0.9900006931096296,0.8540799198601708,3
2006-07-08,-0.129285466402459,-0.759248031715639,-1.3929886116389585,3.2006137349939343,0.9081992089988168,-0.4185381664483225,0.7524886186643606,0
2006-07-09,0.1938037648240874,0.2482552325431203,1.0090208479219072,4.695508242015807,0.9899399258694216,0.1414883146045788,0.9426805602007712,1
2006-07-10,1.611518979106588,5.416900724090136,0.8659442538714412,6.077898167782742,0.9905255112906828,0.1373288443202349,0.9894938644769236,1
2006-07-11,1.047273570606421,5.668393457993245,0.2766815068441792,5.182670038332327,0.996273771329272,0.0862471597291734,0.9944281942553134,1
2006-07-12,1.4255168744934636,4.096582191640289,-0.5883508802537634,5.277310898670479,0.99894058259215,0.0460186098275007,0.9807667434987128,1
2006-07-13,1.0843855401705254,3.5951879097998534,-0.1511771216013968,5.231776812697433,0.9972245599577808,0.0744525151825662,0.984559668018016,1
2006-07-14,1.0669873066324211,2.4001683121590736,-0.1989692657855411,3.907520560369597,0.9927651485819068,0.1200723105513696,0.9813619325992288,1
2006-07-15,1.2850209976551377,-0.5473618473856371,-1.3633779833938118,2.7053120760143927,0.9997857284507008,0.0207001735814422,0.5958784463237913,2
2006-07-16,1.7956434593643031,-1.4397717161590613,-0.62756960310091,3.71492213583982,0.898083898151744,0.4398241829192294,0.5526599301673667,2
2006-07-17,2.989405690849946,-0.6355815096920541,0.926165922733698,4.622087489860599,0.6675436188105986,0.7445706930743716,0.7177095095587493,2
2006-07-18,3.936476070089353,-1.007597780948428,0.6439857859806959,0.8069783072477069,0.590155113438172,0.8072898748793882,0.640936866980208,2
2006-07-19,0.7000967828512829,2.5759784667513226,-0.1391149200928917,4.296928429874821,0.9998966101845737,-0.0143794624864331,0.9714867898782832,1
2006-07-20,0.9044994182618398,2.1976550021847467,-1.3409790003747168,2.833770467778688,0.9638259341354078,-0.2665324908674522,0.6872092339784622,2
2006-07-21,0.9870583803715328,2.611438577501732,-1.2834651991686998,3.3917389662925004,0.9978374803530746,0.0657294667757732,0.8775303126076169,1
2006-07-22,2.2337793933048857,0.2897998383970034,0.3552897263426007,4.720840857629804,0.6916916564049813,0.722192946836047,0.6866025902005138,2
2006-07-23,1.1500204684180928,-0.3377136361675901,-0.4635049155570326,4.460595226699484,0.9887163702203328,0.149799663745716,0.4368133923129159,2
2006-07-24,-0.9976342001824536,1.1111242252251825,0.2573995282835138,5.94753276068626,0.9999971842117908,0.0023730926003725,0.8663396752797892,1
2006-07-25,-1.6788585964906388,3.2918679594428744,-1.7174667934924202,2.63667039441802,0.9561123468662324,-0.2930003074570828,0.9546603362367896,0
2006-07-26,-0.233529248663715,10.451257367537709,2.689783409399015,8.908877508060938,0.986150101917224,0.1658552877922466,0.9595799613551604,1
2006-07-27,1.5149387342489204,8.448947421166668,-0.7221117945042586,6.145459384284043,0.9994976051790264,0.0316944354956974,0.9828317415121496,1
2006-07-28,0.5217845252127421,5.078732693042747,-1.4505661691884153,5.010833203922762,0.9852900770558012,-0.1708902105311282,0.9720766292912434,1
2006-07-29,-0.491688822354649,4.357005170976703,-1.2792656831733846,3.780994430285799,0.956441722785046,-0.2919233305441228,0.9918574460945132,0
2006-07-30,-0.2416728062130762,2.597406435766426,-1.0642899567378357,4.663182290697385,0.9783899110250992,-0.2067684260333249,0.9913115081631472,0
2006-07-31,1.042470945380845,5.220957876608823,0.3885373570819966,6.274982331475956,0.9994294291715968,0.0337759693530206,0.9900744013281052,1
2006-08-01,0.2028797442359535,5.316193561429663,-1.5988602618275185,5.553275976792371,0.9936327383809018,-0.1126675695028089,0.9859488613930926,1
2006-08-02,-0.6439970589690844,5.35586079204582,-1.808844184412916,4.360493347708606,0.959414253673274,-0.2820005139154091,0.9873957268267868,0
2006-08-03,-1.0937097044624409,3.237541637099876,-2.0010306609341164,3.221708344541571,0.8851788505421434,-0.4652509027964264,0.97372588414567,0
2006-08-04,-0.0491049300564072,0.979365252952492,-2.434215660582684,2.163482693357749,0.8323421900463976,-0.5542621028617837,0.8302573764777904,0
2006-08-05,0.5343754043002293,-0.2829233612907305,-1.4962629753982088,3.051960196319785,0.9145211757533424,-0.4045380317086692,0.8237814667201688,0
2006-08-06,0.329700051555223,-0.5016325311555855,-0.2281629832803529,3.937520258257463,0.9999194431626236,-0.0126928005321389,0.7346551251447004,2
2006-08-07,0.6616772084671845,5.561126210912518,-1.5404882032558975,2.201826743925568,0.9805514069683736,-0.1962624220077359,0.9041796684927484,0
2006-08-08,-1.8325579240534968,1.1504394586627618,-2.429674987371207,2.0863698096501464,0.5971177276714899,-0.8021536132814191,0.9732363735044404,0
2006-08-09,-0.4779408125140937,1.3895335530506387,-1.2686124831937395,3.691878301515718,0.937480235030901,-0.3480385164409342,0.9903706354671908,0
2006-08-10,1.9054408939394007,2.2975767678279766,1.6082787191821335,1.1358922306488184,0.9316004544835228,0.3634839655419393,0.8316531269546142,2
2006-08-11,2.327203788226478,5.070181034582339,1.1725645462268566,6.1115332495522745,0.938979270285262,0.3439737344254019,0.9604805218793124,1
2006-08-12,1.8860927614099068,4.469728175963966,2.2116947621775065,6.055826022902136,0.9142564623472308,0.4051359291106218,0.9894280000993247,1
2006-08-13,1.70564194711671,5.152372637661853,1.1660388756152391,4.62581889796281,0.9780283270804144,0.2084720399197125,0.991814071789146,1
2006-08-14,2.147388906579151,3.5045268312346343,1.496633801520845,5.307095229751401,0.9335193415098908,0.3585270408587616,0.9900123599042115,1
2006-08-15,2.4172613883105147,0.5026198283282493,0.8995316275085978,5.360724624049391,0.8814734576359778,0.472233568780613,0.900191850462211,1
2006-08-16,2.1460583497649,0.0264119237162956,-0.7519609525317907,2.3900451731900265,0.9333929281512512,0.3588560180312339,0.4065384616514668,2
2006-08-17,1.0323900411872118,-0.6916351436563463,-1.046628204867743,0.6886985139987187,-0.5051542077390623,-0.8630290993955652,0.2892014687407451,3
2006-08-18,-1.695846740170698,1.0955474874817912,-4.241143165763619,0.6026841521453856,0.2854082657443338,-0.9584060318282704,0.9520154255276704,3
2006-08-19,-2.4283123115387264,0.4023572796041736,-1.251211499641525,2.5036624086582924,0.4166123619599767,-0.9090842314451006,0.5475641332958378,3
2006-08-20,-0.56372079716482,0.1099752788935571,-2.0314873948701084,2.140818040190619,0.6454739790177133,-0.7637822611261934,0.8608883712212255,0
2006-08-21,-0.7175931458441918,1.4812503635106054,-1.75116041898078,2.440017150800564,0.7700979678942934,-0.6379256381782126,0.931990646749988,0
2006-08-22,-0.5308223903556655,0.9412178576715096,-1.6089767478677932,1.865836534835608,0.5108327279367271,-0.8596801289251262,0.7972369876694129,0
2006-08-23,0.2981135624475028,-0.4314091223657777,-1.2248953858924598,-0.7498423718335542,0.1204579396367612,-0.9927184317712986,0.253649619303987,3
2006-08-24,1.366214205567621,1.6210183523462298,1.0493804163384,4.1779784079112,0.9541372026417272,0.2993696686957778,0.9313578225880128,1
2006-08-25,1.959725102274356,5.239494453402936,0.7328816441975552,3.997442177053594,0.9388890645587524,0.3442198780605076,0.9067188195317812,1
2006-08-26,2.2755011495479858,5.523361625275468,-0.152650205829527,3.602438283095428,0.9760865638110836,0.2173821978623631,0.8755658214413315,1
2006-08-27,1.9986630855631435,4.684201345178892,1.766070025129195,6.075058038075532,0.9539487072411796,0.2999697717318897,0.9943661946129356,1
2006-08-28,2.4755538329891484,5.114095333125076,1.3420449556360978,5.5563587038111,0.9398943702369668,0.34146533176423,0.9920757701633768,1
2006-08-29,2.6807301998035453,-0.6303872296288395,-0.5793846926497649,1.19255631818513,0.1613871248468198,0.98689117735122,0.6934857054257745,2
2006-08-30,-1.7805675768967144,-3.56081576545664,-1.820111395466789,-2.9497439218622103,-0.9476229002542088,-0.3193913569804325,0.779418414533049,3
2007-06-01,-2.5961136137588,2.493165948837784,-4.2910048264088285,2.5488581633604284,0.6340370051383796,-0.7733027066518999,0.9827282534167664,0
2007-06-02,-1.4083998837545018,2.2789666174610623,-0.2812735393097482,4.345262134726058,0.9629133877185804,-0.2698106887288324,0.9054640025893688,0
2007-06-03,2.3877847928094904,1.010010678456468,2.724173653640829,5.21551437028839,0.7668786877528784,0.6417920833653398,0.9526423450222916,1
2007-06-04,1.3733443869260933,-1.2743921213192353,3.3876443039013986,4.686109300022013,0.6207826569041592,0.7839827121097843,0.7827542348293498,2
2007-06-05,1.5906736960892265,-0.2884633453912162,0.4217394993489169,2.1359080797588192,0.8117203029091392,0.5840463593286883,0.6663516684860786,2
2007-06-06,-0.0580576295773568,3.2691692221532582,-1.444494856413238,4.049309248351022,0.980090479223294,-0.1985513851270088,0.9456904471611204,0
2007-06-07,-0.7843003142124814,7.352453215496598,-2.0506630634045573,5.55350698741556,0.975784735858979,-0.2187330548056755,0.9848564216870652,0
2007-06-08,-1.6094072212238288,4.6197892510372345,-4.177827567375405,3.348077030685274,0.8265002348409604,-0.5629363745645127,0.9631227075667276,0
2007-06-09,0.11412060596822,3.273569573765255,-0.9488611750439452,3.4419824745410588,0.9619974827745084,-0.2730583145328289,0.9535281298525058,0
2007-06-10,0.7407962304592248,-0.5126753521174748,0.2553795134719139,3.858087477128754,0.9926141973802496,0.1213138704318788,0.7810182036973977,2
2007-06-11,0.9182106465400584,2.023150478946353,-0.7393316133436948,3.1273518086895407,0.9999928969921668,0.0037690801548746,0.9520226759619208,1
2007-06-12,0.0925567989748723,1.7725959443307926,0.1611264049674952,3.650010536240989,0.9987123696224396,0.0507306885734036,0.9118165953304842,1
2007-06-13,2.376892491626934,-0.5666932025345917,1.15467719405925,3.5664267628705417,0.7504168287887266,0.6609648879257286,0.66964892135144,2
2007-06-14,1.426127596863606,-0.1266388282511053,-0.2941603574325899,4.100107716407328,0.9782677760454264,0.207345504776774,0.794623716638347,2
2007-06-15,0.5771766219632832,4.444274415296355,0.6847417315921218,1.937883351146104,0.9999754050691576,-0.0070135053129169,0.8428666914864977,1
2007-06-16,0.2525501749684857,4.349146829236001,-5.054455129146734,1.7724380570029243,0.8359840276974592,-0.5487537748706007,0.8726905580681462,0
2007-06-17,-2.4358502970600675,5.307250736811504,-1.8929817576078896,2.4638872551043547,0.8658848177869621,-0.5002434230712477,0.9664493984046664,0
2007-06-18,-0.3038435995451508,5.989234099838268,1.3318863570576198,5.435836181667444,0.9991883257352718,-0.0402826229824275,0.9699457398372248,1
2007-06-19,0.5298533600602919,6.302762865890905,0.3046731732039616,5.239713202335273,0.9976562965985756,-0.0684245121079796,0.9742613728571908,1
2007-06-20,-0.4370724019642204,3.766448020141703,-2.3246437760470267,3.072319519754366,0.8864612426642904,-0.4628028362640856,0.9632039072534592,0
2007-06-21,-2.139524260146954,2.2659461163064907,-2.773877168908728,2.53337894900052,0.7076185905152571,-0.7065946011378809,0.9029685401232608,0
2007-06-22,-0.8956714367973925,1.1462748911306435,-2.0703233312106417,2.7504008945177336,0.8275510654740498,-0.5613904470444478,0.9226274452300304,0
2007-06-23,1.043505010430286,2.243008602877957,-0.1806210525495979,3.654443741842631,0.9853220130979228,-0.1707059767689965,0.922058958606385,1
2007-06-24,-1.1360633196211372,3.3075653796781923,-4.076989869075242,4.570882995137902,0.7922386447066566,-0.610211381271572,0.9619673711447954,0
2007-06-25,-1.9217177499959728,4.740740065330229,-2.5695053002815547,4.384206624435588,0.8634447404555742,-0.5044434360556257,0.956773351838394,0
2007-06-26,-2.7113540733049626,6.860841787191989,-2.365351008341271,6.624194594537755,0.9280224397696876,-0.3725242962330334,0.998618219184734,0
2007-06-27,-1.21889629347627,6.342010192313358,-2.7055051401564683,5.231035293370285,0.9515925134004684,-0.3073624707738072,0.9881400102195796,0
2007-06-28,-2.3711668889603628,4.399253664038267,-2.0353696834249293,4.182123463091472,0.9024149407712768,-0.4308680478670624,0.9951979698864022,0
2007-06-29,-1.6796155944918278,4.242297600865936,-2.112128374403622,4.390798021008772,0.9439581420184874,-0.3300651846484346,0.9934406560423586,0
2007-06-30,0.2318381284849881,3.514911947462816,-0.5267100633391915,4.105788140026858,0.9985617666612072,-0.053613414015976,0.9741406410965427,1
2007-07-01,1.7686013916660783,3.694598881216693,-1.4050302239206875,2.9834111047109912,0.9977020139337908,0.0677546411137876,0.7961155279197476,1
2007-07-02,-1.5786351020431215,4.373914155321499,-1.4745806182963386,2.817124811549451,0.9243714455010033,-0.381493683751626,0.584247174118156,0
2007-07-03,-1.0054502415101385,5.642397006916982,-2.976637701202874,3.274521413862826,0.8568276731747789,-0.5156028883568189,0.8800409707842592,0
2007-07-04,-4.9944171245286855,1.4434416027993264,-3.375451784403289,4.698357370240164,0.6019426533328995,-0.7985393178163169,0.8994863395202847,0
2007-07-05,1.4540270034306308,2.798289080440969,0.1413182210558979,3.9459317854507487,0.9805955375272316,-0.1960418113099336,0.8423283098897163,1
2007-07-06,2.551764478203812,4.852892054048378,2.958900085145099,4.038464167040273,0.8438239833311528,0.5366200566090931,0.8792771753116183,1
2007-07-07,2.9011330408699303,0.3454175890115666,1.5693851839499566,2.949529493189888,0.5693348027153042,0.8221057610898524,0.7219358694477899,2
2007-07-08,1.6550308926056947,2.9377195766336945,0.4991394330519947,4.638127019110445,0.9660704091700656,0.2582788503265064,0.983480598387188,1
2007-07-09,0.4261805584707813,4.07935679785809,0.5605676594235198,5.470452451840889,0.9979172742020832,0.0645066961569447,0.9973498563357454,1
2007-07-10,1.1564784222454656,5.604597525337342,0.6759190523859143,5.486100553140167,0.9864661720252232,0.1639649092028625,0.9975130423965136,1
2007-07-11,1.2682162694455603,3.5757978007459457,1.500541635834153,4.720680589411243,0.9532294452976708,0.3022476213595315,0.988041695782154,1
2007-07-12,1.9849145001256432,1.7744228713181185,1.0494801750585905,4.701744282609953,0.9034963748452748,0.428595731011692,0.9545184707897296,1
2007-07-13,1.96998052497424,2.0036282623746726,2.1655921133009413,4.398111731939308,0.8600403434113312,0.5102260358947978,0.9913062626687916,1
2007-07-14,2.1463951643068264,2.4793767788460337,1.8248397873889783,3.068086256098546,0.7258610050940755,0.6878414070727485,0.9463323628257748,1
2007-07-15,1.2141367763098387,1.918117206846297,1.0529164877463295,3.2139297751141145,0.955443141233584,0.2951752087654066,0.9073239587999592,1
2007-07-16,0.1350905359835683,0.200257959987413,1.8992365472393888,4.03729824879864,0.9520613083649596,0.3059072818917541,0.934621168022582,1
2007-07-17,-1.0571031185228847,2.334224916904849,1.2535499194596411,2.926843148514855,0.9948547454921592,-0.1013115757045124,0.8439486476677938,1
2007-07-18,-3.3917040237436256,0.96632315084557,-3.048199309743933,1.891520685227172,0.4202735577560672,-0.907397452416006,0.9153179448343804,0
2007-07-19,-2.962435347516202,1.039671350986946,-2.4366342299139943,0.6886258364569793,0.2443691183028732,-0.9696822850912954,0.820991930768068,3
2007-07-20,-1.5712772238933923,1.3290627838600777,-2.2289927242735046,-0.2914994929730148,0.0709613915565272,-0.99747906289223,0.4504543277048102,3
2007-07-21,-2.6866880549531382,0.6736192751013071,-3.16570800233517,1.9708889742731628,0.3350475303569634,-0.9422012271281012,0.9128480449588432,0
2007-07-22,2.126407272918057,-1.5825243284929429,1.191797765621094,-1.1886048016393882,-0.8773361563720814,0.4798763056478855,0.7261883986238917,3
2007-07-23,-1.4960457395226738,-1.997496582368114,-1.9109735552317813,-3.309369577099737,-0.7073424567899738,-0.7068710270072781,0.8769099304620116,3
2007-07-24,1.0301325028770332,-0.6494056623335578,-3.262624933490436,2.3966736727118083,0.78161330304629,-0.6237632920435993,0.6817499086658775,0
2007-07-25,-0.3699006857767997,-0.3780418552793222,-3.1980453721332447,3.783704121100065,0.6829709627519027,-0.7304455243464354,0.7501635522474203,0
2007-07-26,-2.4746498295561663,2.814710477319175,-3.1306000567186585,5.292287980665447,0.7825351298843554,-0.6226064330673713,0.9661151415660268,0
2007-07-27,-3.5453168826840864,3.338295077527635,0.3846897419968547,5.4319198527504415,0.8896918108312408,-0.4565615859222363,0.8642646719560929,0
2007-07-28,2.2016182479303,2.099555159128429,0.3084946757848968,4.247920671837953,0.9031676087765028,0.4292880972691115,0.9136441039154228,1
2007-07-29,1.3301094977234702,2.0850654642462465,0.6369799376052881,4.009935732749923,0.9751605237367086,0.221499329447175,0.949009487346811,1
2007-07-30,1.8724085206194765,2.7988511831084035,0.3611004251616433,4.101135116300357,0.9745852271557708,0.2240170417841788,0.9582881638802488,1
2007-07-31,1.873373629522136,0.5728143429747952,0.9783498319140976,4.145413036031448,0.8374000843132579,0.5465904305713271,0.8878946879985513,1
2007-08-01,1.645820884566128,-0.1641579375301763,-0.9600315157207406,-0.4587642061166608,0.4140455699986413,0.9102561540382468,0.1384800493510916,2
2007-08-02,1.7302782016154132,-1.269892397735105,2.2473454893231084,1.045545350738306,0.0197088358649885,0.999805762030229,0.6856553139473959,2
2007-08-03,0.1243828490250845,-1.427678153726037,-3.439185011612994,2.2159438356544894,0.2755822212890818,-0.9612775037986564,0.4517025150956292,3
2007-08-04,0.1612813298862181,0.0394415178115893,0.2041052463353653,3.36486008590216,0.985416504679225,-0.1701596670946993,0.7479211317054928,2
2007-08-05,1.0976700217238096,2.977877269875367,1.2113575504945264,4.472646698638933,0.9683464250408318,0.2496100981744144,0.9917951155478556,1
2007-08-06,1.225948712662698,4.092971118073214,0.3913920207633178,4.333556294097652,0.9941251789982491,0.1082364471040086,0.990782005399194,1
2007-08-07,1.1622578416433562,3.554869592025716,1.0131072596843929,3.946598981541976,0.9550304630199844,0.2965076975456689,0.979694003509837,1
2007-08-08,1.6816778856224823,2.8198030714229456,0.0495597859805004,4.023995968729872,0.9507123740192024,0.3100741554640961,0.9711977236755872,1
2007-08-09,1.3537778314325692,-0.5201363558100494,-0.7247286523326921,3.113070514521991,0.9788976134206192,0.2043513211100338,0.6049662012872324,2
2007-08-10,2.204621295927093,-1.2192054852282734,-0.6245553200571278,1.911470393457244,0.1195834244173804,0.9928241559332712,0.2766365464402411,2
2007-08-11,2.3891633858857007,-1.750512154561093,-0.2107300087968949,1.8595107202112693,-0.4911838893988114,0.871055903369615,0.5587860285511181,2
2007-08-12,2.040593610032577,-2.3877469871303894,-1.550406133702371,-0.6796404313954999,-0.9630027829047768,0.2694914472068734,0.6434496025984099,3
2007-08-13,0.010338332846982,-2.1856427557206644,-0.6148434320280508,-1.829429583588712,-0.7443281015279477,-0.6678141038311494,0.5650211699752941,3
2007-08-14,1.0042200453574424,-0.289318400653295,-1.739873417083159,2.568001296478448,0.744388449113383,-0.667746835879117,0.5306106180372447,2
2007-08-15,-1.2547812220950216,-1.2364477736773751,-5.732961649481629,-0.0647963698396802,-0.0090922166248945,-0.9999586649441295,0.8941867023397632,3
2007-08-16,-6.442664720330721,4.179782500757637,-3.2330312385419377,4.584635311212305,0.6155711782500134,-0.788081293083328,0.9686881279923032,0
2007-08-17,-0.809923149390546,5.774181635094844,-2.1559382324536545,4.102042710201472,0.9424873663343194,-0.3342417752169803,0.9534627093296032,0
2007-08-18,-0.4069128815938954,3.901221607605292,-1.495093614923276,3.1201596496558257,0.976687277016471,-0.2146670978844947,0.967052073677664,0
2007-08-19,-1.1775208376478077,3.905484758710449,-2.009641617676177,4.048156041995026,0.9312687623743688,-0.3643329414501401,0.9889859894410576,0
2007-08-20,-1.9586281718322869,5.121460502362074,-2.317441861680728,4.345722003197137,0.8828188269914067,-0.4697136560815713,0.9908796786716938,0
2007-08-21,-2.6489177167991813,2.266450064221161,-5.92137706310377,2.930408187192324,0.4991535216957212,-0.866513566990592,0.967905579665442,0
2007-08-22,-4.711494744025655,2.566846359232473,-4.9841914404021965,2.852552521000111,0.505068368066432,-0.8630793379398624,0.9851803687627394,0
2007-08-23,-3.227000694453414,3.382784700584294,-3.547936907941664,2.516705433737656,0.7099928629145421,-0.7042088714368857,0.993146506081534,0
2007-08-24,-0.0649179809992351,3.1971139291799475,-4.651008423320954,2.942130202099981,0.713485482798324,-0.7006700120856054,0.9140748106718286,0
2007-08-25,-0.4137967212801762,4.7843364094555145,-1.10031446535837,3.220733434520285,0.96585339274059,-0.2590892196358068,0.9832502616260612,0
2007-08-26,-0.9507642301039768,-0.8964611131524529,-2.8337670264639714,1.8954084242049456,0.3512379314607941,-0.9362862358825652,0.6867423755564774,3
2007-08-27,-1.424414163517843,-0.4836863025264047,-2.1609136996557736,2.2396137354335,0.1379432014160176,-0.9904401411408466,0.8870001712090381,3
2007-08-28,0.2178592052831331,0.5120722876691776,-3.3577382902736503,1.7074963499874571,0.6276478447325764,-0.7784973879227545,0.7512811794228996,0
2007-08-29,-0.0821664622104218,0.696469144008358,-0.2477558964632293,-1.4885943679993,0.6009405208612838,-0.7992937447440515,0.3742095062869072,3
2007-08-30,-0.0564887088931021,-1.5685529939910854,0.5131188267662471,0.8042548209610381,-0.890645649738876,0.4546980609164892,0.3729719127895053,3
2008-06-01,0.5574299943532579,4.3171834967967255,-1.4571486281194597,4.125681921715108,0.9882319613271122,-0.1529627098725993,0.9761327123599572,1
2008-06-02,0.3448741050221426,4.937601866119007,-0.5721784718953207,5.2588261730517,0.9987418113096566,-0.0501477251917405,0.9914155016036104,1
2008-06-03,1.4293481690181142,6.697272372603038,0.3740057665643485,6.696821599730201,0.9950708079416104,0.0991669661854741,0.9792943599978168,1
2008-06-04,0.9443067142337004,8.015674022489904,-1.5605802548862964,7.037790347190947,0.9980150952788504,-0.0629751506194889,0.9846533562906832,1
2008-06-05,-1.6642645132620637,8.962815885666878,-3.43293141517144,8.09459019437367,0.951209906136632,-0.3085445097024736,0.9959796731251986,0
2008-06-06,-3.113745526487377,7.778678314707068,-3.4498315963273383,5.832212129846097,0.8973879045867708,-0.4412425055469666,0.993571410831647,0
2008-06-07,-3.629391684797026,6.286761256162902,-3.6095470007535466,5.075926883566636,0.8455951474416522,-0.5338247339934058,0.9969009454508037,0
2008-06-08,-1.949603641142453,6.186415816101875,-2.358728172075773,5.493248564057477,0.928452631175086,-0.3714508199803304,0.9980158406714736,0
2008-06-09,-0.1551246439562099,5.539271960053202,0.4311193404022809,5.757801076331572,0.997771642484068,-0.0667214317490651,0.991306158412589,1
2008-06-12,-0.767246430114889,6.225513826467545,-2.8608485541765023,6.03727623808238,0.9437793723861668,-0.3305760067796407,0.9841433212227448,0
2008-06-13,-0.7398786312655536,5.575576118610632,-2.0720977774632745,5.340582862184192,0.9651203574935532,-0.2618065995186454,0.9918838774076216,0
2008-06-14,0.6678932514887921,4.03642779705047,-0.0452311407729894,4.853711227975159,0.9982859383997468,0.0585250817456662,0.991244697476189,1
2008-06-15,1.5188271452406756,3.143104587793009,1.0751193367012637,5.178616182822382,0.9667626440435714,0.2556755562854668,0.99112578188296,1
2008-06-16,1.5440894389435649,1.3545072497887942,1.1126200086649276,5.06296374802796,0.931975739315578,0.3625206495183158,0.9702100011778164,1
2008-06-17,1.859207314428462,-0.0321539415924664,-0.1874792228227084,2.8171588968534924,0.93779890833995,0.3471789272355078,0.6477440970836407,2
2008-06-18,-0.3740730376324765,-1.8732124986750829,-1.0590650916097992,3.865341315485024,0.998309939340626,-0.0581142410577287,0.2990377501235575,2
2008-06-19,1.4036850918656547,0.2182909912451981,-0.1636863565181846,2.351132506679765,0.9874510740568662,0.1579252239002414,0.7403065755976107,2
2008-06-20,1.2901713885284714,1.2069474828629478,0.2832205508151235,2.664856567308431,0.9834127396364172,0.1813818720842742,0.7132160133751154,2
2008-06-21,1.130318262182214,-1.012911856131423,-0.4553708486713666,1.2720724452827037,0.2217989201407049,0.9750924258881396,0.2158513029575958,2
2008-06-22,1.7924193659077496,-2.128654499379457,-1.902816233346084,2.6607389323809416,0.7188803804987052,-0.6951337990157268,0.2583979761349299,2
2008-06-23,1.8231691816038988,-1.0608531475732803,-1.875065488150156,3.429845284762896,0.9830689782921406,-0.1832358696315951,0.6104984388676471,2
2008-06-24,-0.6673109881214577,3.4667168276716263,-1.3411479692232426,2.407926224675629,0.9695116966161172,-0.2450450369310461,0.9298000337229292,0
2008-06-25,-0.6971146581326232,4.765332489712551,-0.076199740745697,5.211994730681701,0.9682032407775842,-0.2501649147018487,0.9602759461964224,1
2008-06-26,-0.2854601652961698,6.250161053970188,-2.001158200504436,2.884169461736589,0.9621278241598246,-0.2725986976811916,0.9716592420359726,0
2008-06-27,0.2976290306293134,6.686580531537433,-0.2566064265508345,5.9953174181893525,0.9994688441460712,-0.032588795333925,0.995049524602079,1
2008-06-28,1.2921509912327045,4.944447551461215,0.7067354953585572,6.587398439837983,0.975515317702206,0.2199315005367902,0.978253658825039,1
2008-06-29,0.2910106176362727,3.0545459279310823,-0.8207117934371058,2.5108914063288124,0.966160085912321,-0.2579431882990836,0.8519466604807623,0
2008-06-30,0.8660071435740402,-1.5001345350552766,1.030250836419765,-0.5611688086678409,-0.9093373882593256,0.416059508140012,0.4226570168038829,3
2008-07-01,-0.6249332834782431,-1.5121611575851,-3.9455689441245503,1.80415164987222,0.0848790915330016,-0.9963912584023068,0.802410552843416,3
2008-07-02,-0.5858798099741789,0.1786164390488673,1.926924383123504,3.2216489973112266,0.9868774810078847,0.1614708564402013,0.7577938966045242,2
2008-07-03,-0.2768118859556675,2.932297227983477,0.5171934715641743,5.350057898863182,0.9999772651291592,-0.0067430871866729,0.9661779899964168,1
2008-07-04,0.3270810245052716,2.75997892505584,0.8762415607784977,1.4574114130231677,0.9801259189703638,0.1983763669455106,0.8771533398241341,1
2008-07-05,-1.19696919647537,3.3170401556935105,-1.3078708427910648,4.78056175937729,0.9602339913304824,-0.279196493340319,0.9748568859968024,0
2008-07-06,-1.7474350591149896,3.77198760620104,-3.512825672711344,3.2065587195875564,0.8646670226369453,-0.5023454388806177,0.9730387534091446,0
2008-07-07,-3.3745435067319263,2.7653870401849945,-3.444540629582523,4.201488688378794,0.6763216684837318,-0.7366064082937246,0.9781696083953604,0
2008-07-08,-2.3455495928299266,4.270709202890108,-1.4294300649638465,3.7351851237186464,0.8764975081867824,-0.4814063960339137,0.9902770441626534,0
2008-07-09,-0.0568844599974328,2.297604574458923,-1.234136380862592,3.7307071410151176,0.9506518834355826,-0.3102595631408958,0.9722288772379678,0
2008-07-10,0.9553636653337192,3.0488651705836523,0.5858023816655826,4.69858903043641,0.9922072077207992,0.1245987838901132,0.9764464998727284,1
2008-07-11,1.5709819497485673,4.838191617715251,-0.1074471624313272,5.1550112502224295,0.9896596685622534,0.1434354921951004,0.984846870243518,1
2008-07-12,1.8371193871441585,2.625153631563518,1.6280917376972717,4.8895452216718045,0.9519073012299688,0.3063861776664826,0.9829330999017996,1
2008-07-13,2.4744134687304875,0.8777775193303701,1.8269285483969664,5.504973183417574,0.8204072884817512,0.5717795737922269,0.922566248530384,1
2008-07-14,3.3816436783368564,0.6683629200108816,0.9066616575501796,5.078079195061032,0.7950034298976848,0.606604934410294,0.8460270099231048,1
2008-07-15,1.7462894683406611,-0.2496006304786613,-2.6724726329519504,2.6958621352844743,0.9926663060996422,0.1208867434191663,0.4752406984924775,2
2008-07-16,0.9067876804629992,-0.3256320187991985,-0.7287654244247095,3.4314891117228314,0.9992268408173944,0.0393156532451073,0.7070256860543046,2
2008-07-17,0.3387279434900723,-0.9633687458122936,-2.7159442752293432,3.3994840421856702,0.7890850799918955,-0.6142839217610891,0.7242816810734987,0
2008-07-18,0.5145704174936296,1.0177275389292064,-3.107363113579664,2.9778983071675964,0.8469421310827392,-0.531685082165212,0.90708325220663,0
2008-07-19,0.2996729907798316,1.636222329707228,-1.7685354089402712,4.085600516433417,0.958168753052009,-0.2862038446191074,0.9606764660613928,0
2008-07-20,1.6868351562374375,0.5187967672794358,-0.2828853428024097,4.12954608493852,0.9754549944726256,0.2201988959064286,0.8233965231277418,1
2008-07-21,2.209800327939911,-1.471917913146808,-3.3404905232657853,2.7334701438846927,0.5579265808959151,-0.8298903122279437,0.2778391136877346,2
2008-07-22,-3.3442416033730447,0.1147423617501534,-6.475208331001978,2.895601028570648,0.2324377915579795,-0.9726112651289052,0.9423642013994856,0
2008-07-23,-7.716579295913055,1.5885436219742597,-7.921537468835706,4.09500170146681,0.4154192538783086,-0.9096300585992028,0.9742420760738594,0
2008-07-24,-4.782733102714241,6.407850394853204,-2.709567779515631,5.870625595102246,0.8749965553684798,-0.4841291440238802,0.9828861849207124,0
2008-07-25,0.1909035332536308,4.759223802786478,-0.5855133163555111,4.18812972353293,0.9951848456627804,-0.0980159321903747,0.9888338834927152,1
2008-07-26,1.871956311857604,1.369517974650319,2.6512921973135497,4.488225420382228,0.7540304069387467,0.6568395126754999,0.92790671276009,1
2008-07-27,3.502038281006146,0.7510113366238955,2.3563552264474765,4.859885001946708,0.6635102916252522,0.7481671557261604,0.89786040291602,1
2008-07-28,2.9796648841062274,0.7104072200410749,0.7371410235559109,5.504683652698912,0.8708148632881839,0.4916111002371504,0.8985150581262672,1
2008-07-29,2.258694776384001,2.175961000248813,0.0419190393904221,5.193191237834532,0.9398936061724216,0.3414674348692729,0.9633236729370404,1
2008-07-30,1.49738925338844,3.2848771310825287,1.58289998116061,6.117961356093035,0.9411054041721344,0.3381133215920422,0.9910594131168908,1
2008-07-31,2.156919297017641,2.9721897930613137,1.8906610338281216,6.565801840993236,0.927075358091574,0.3748750197324169,0.9862141953870168,1
2008-08-01,1.4317978876187252,2.2321363645557684,1.6963142756878908,5.750632564206333,0.9158346493795874,0.4015555939042168,0.9903136664439344,1
2008-08-02,2.170308024157358,0.3699685788596797,1.9010375725183528,4.993690958075275,0.7693207709206319,0.6388627015486854,0.9018953558949204,1
2008-08-03,0.3427396186399682,-0.430275580288361,0.3787976442345905,-1.1992286164561043,-0.6065126097328313,0.7950738671564236,0.4333347152533752,2
2008-08-04,-2.4952595350973104,-2.1194256886648004,-1.2619656353947637,2.448541581376743,-0.1532959446653276,-0.9881803243078486,0.7525975787806384,3
2008-08-05,7.218224971621946,-2.7714514742058323,2.436419499392107,3.3715552302714804,0.2938599748331708,0.955848479201096,0.6325069118733287,2
2008-08-06,0.2002507651061059,4.331177244657842,-1.1536199593393976,3.9988063044636255,0.9964038686729354,-0.0847309299701572,0.9801735954091624,1
2008-08-07,1.3445387818788137,2.5015510552014377,0.6874513353959968,4.606504821758195,0.978143184231878,0.2079324677406644,0.9687747977437244,1
2008-08-08,2.556941972666824,0.0309965596826285,-1.345778401979094,3.925702884485432,0.947066570905955,0.3210372412547112,0.632178810892862,2
2008-08-09,1.171114663447457,0.1228560279875502,-1.0989087749879094,4.432884824301711,0.9921809745076337,0.124807507086243,0.8743113982671556,1
2008-08-10,2.219341437684752,4.228227510764349,2.051367103379397,5.196433760506518,0.9339782672236984,0.3573298145324819,0.9922403326879938,1
2008-08-11,2.852789882589992,5.5615670053653945,1.4960480324771577,6.043791905708746,0.9365312898783356,0.3505840028849306,0.991483142123882,1
2008-08-12,3.285837494835508,5.96268454513221,3.4456516549536724,4.186962597262083,0.8126674443045622,0.5827277451499039,0.9907208123865852,1
2008-08-13,3.895758594508113,-0.1300130072047845,1.675328297392016,1.66612646577952,0.4458697743258296,0.895097840653542,0.8571565176817973,2
2008-08-14,0.5148076158211569,-1.2910795702972329,-1.4326940692841112,4.163135252884297,0.9903924060354736,-0.1382855092454225,0.6015146543598762,2
2008-08-15,1.0143050579806168,1.212211125168161,-1.6680952857287967,3.6129554499336978,0.997821922978752,-0.0659652182819531,0.8876269963548512,1
2008-08-16,1.1810194282791455,1.033761494281627,-0.4938411021639796,0.7777119728051296,0.7847679450485694,0.6197897001598571,0.3414407392593303,2
2008-08-17,-2.3682378982944585,-2.31162104926468,2.2636430744029763,1.8736876955903063,-0.1156083603934549,-0.9932948741472176,0.3295781196308464,3
2008-08-18,1.1529834593402426,-0.3901206174629904,0.9241635729176884,0.7739928587742713,0.9058089962136768,0.4236862782512212,0.374712350488348,2
2008-08-19,-0.8300463592837675,0.1023233901015044,1.0852160249162384,1.4702082011206692,0.9719525728368932,-0.2351769464801852,0.5030623530568297,2
2008-08-20,0.7806785128274492,3.1751278951618582,-1.3668944583557177,3.2732820769608906,0.99837647182316,-0.0569598148692477,0.863442528502024,1
2008-08-21,1.0300386564535724,3.883621224722657,-0.2067608471220855,4.824861391062963,0.99973241446969,0.0231322168977339,0.9650738860787578,1
2008-08-22,-0.742170475272366,2.87603139149438,-1.0464731513940153,3.4246451417285515,0.9328666253940118,-0.3602219582784878,0.9843185929463572,0
2008-08-23,0.1514050842769355,-1.4238195197000352,0.1160693517075886,2.188124353391676,-0.9888756019333133,0.1487448953780508,0.1780068626188381,3
2008-08-24,-0.6359334974672659,-2.64247223796895,0.1087391233257945,0.7411116444188769,-0.9330064387742296,0.3598596743257427,0.459890289717238,3
2008-08-25,2.842274180598384,-1.8634348094531057,1.0497412861240585,3.069469309324189,0.1012134759078182,0.9948647306516888,0.5276853948458793,2
2008-08-26,1.1872771223700826,-0.4393789373394329,0.3406758293458877,2.5536863950448363,0.8383504988183641,0.5451315814837735,0.5635159271171631,2
2008-08-27,1.3256052515352137,0.1535513548355522,-0.3375835426602073,3.717235872936185,0.9840522235246444,0.1778797947384786,0.8606973445951666,1
2008-08-28,0.9226783030468582,2.293796011645992,-1.6430304298141998,3.1707435423927177,0.991553382472471,-0.129699227859697,0.9396733615197056,1
2008-08-29,-0.635958609110771,-0.5176941156276846,-2.677620432060984,1.259171432617293,0.5034612767094614,-0.8640177908203506,0.8238709961260425,3
2008-08-30,-0.9178068343572792,-1.6326914983550846,-4.661414842388786,1.0618455832712337,-0.2271293294642324,-0.9738646043968988,0.7746377479908606,3
2008-08-31,0.2990266613770479,-3.170084276469645,-3.5372787547546727,0.1170969520981017,-0.7521079847106947,-0.6590398920660397,0.742499269665548,3
2009-06-01,-2.5946040434123008,4.449615972794613,-3.5172256218069364,3.966864982305788,0.8276076853866734,-0.5613069740248317,0.9931143980391862,0
2009-06-02,-1.0476023581728495,3.612631821722916,-3.901207750558423,3.893205003173288,0.8883384688404506,-0.4591892472371317,0.954720770205998,0
2009-06-03,0.9644828939675458,1.2645984816379006,-0.4299771859131219,1.87584350352372,0.9907443784824456,0.1357408431734266,0.8140956114685535,2
2009-06-04,0.7374057287547084,-4.716976979005031,-1.4042236286545016,-6.28916199651893,-0.9997337897816994,-0.0230727018080025,0.9141710282495784,3
2009-06-05,-3.304097317187616,-4.681237272363255,-1.6187187321447367,-3.979403337214422,-0.9143706976744328,-0.4048780399507624,0.8505654049763657,3
2009-06-06,1.521471664362832,-0.7648550234209176,-1.6484218139034583,3.884882772223823,0.9463706670100772,-0.3230829005424173,0.6195635744579959,2
2009-06-07,-0.5607679006005227,4.902205488028759,-0.1244266572026719,4.602954104141509,0.9747770873448,-0.2231807115043503,0.9844665641482924,1
2009-06-08,-1.046708965445739,6.316690139545751,-2.533340495725029,3.381914202661217,0.9582057132578492,-0.286080078090063,0.9711834912911302,0
2009-06-09,-1.7839142475985104,5.454098464530325,-0.3938695486047258,5.028881323452404,0.983645495042536,-0.1801153521566782,0.9927594541226512,0
2009-06-10,0.4092198806431385,6.12262505368344,0.1435977483742023,6.590511928580281,0.9999536974038398,0.0096230477703315,0.9962811918839196,1
2009-06-11,0.1247081274695139,7.338286866535453,0.7640071710118149,5.179658393542747,0.998192975972206,0.0600897888143291,0.9954758575045048,1
2009-06-12,0.7725997430147469,5.68493109143612,0.0474976565905479,5.679585302497368,0.9945949105242764,0.1038314208667415,0.9963337818408998,1
2009-06-13,0.4025405916117076,5.600832649264963,-0.2836850622786354,4.964725787021375,0.9986619608921916,0.0517135172557675,0.9845818324675284,1
2009-06-14,0.6328054451952632,5.706692061635971,-0.5038690846197154,5.4726017829626885,0.9986690656547342,0.0515761311490118,0.9806894640849156,1
2009-06-15,1.4908050778277877,4.999736882392053,-0.5889034967563553,5.323976666913556,0.9958183823954984,0.0913550725642145,0.9729451432235776,1
2009-06-16,0.6848697343132791,6.314681020524462,-0.6898519447898431,5.111129228026682,0.9999584806090798,-0.0091124671730886,0.9668108661968874,1
2009-06-17,-0.2999598104980266,4.881609809859528,-2.201347547077762,4.266648203817406,0.9718959122714924,-0.2354109931799347,0.9786031451321316,0
2009-06-18,-0.1312837194981432,4.943501539390147,-2.4499567594607425,4.583083377723963,0.9578753421505192,-0.2871843117233704,0.9807454863301812,0
2009-06-19,0.4547190882488879,4.9440976302098605,-1.1684991444681598,5.076171593134717,0.9826971167434166,-0.185219806565539,0.980042041917108,1
2009-06-20,-0.2311755616693369,5.178280109449181,1.0485040826671816,4.315527526927606,0.99321677590077,-0.1162774099697776,0.9658021189126748,1
2009-06-21,0.7697063416527117,4.631610065203828,-0.2544604465156219,5.849641193060547,0.9990175748500094,0.0443157437126561,0.988467629281388,1
2009-06-22,0.8862342369052326,3.294169096421085,-0.0161801592217724,5.2676428940789775,0.9917949062310024,0.1278392114111994,0.9906513159022416,1
2009-06-23,1.4503269020832392,0.6233046578133801,-1.1698542595057126,4.210360270439082,0.9987719935631362,0.0495429598824973,0.8553490701295293,1
2009-06-24,2.54738061534032,-1.0889178108643354,1.7935867278004374,4.508376500048335,0.6726966576870841,0.7399183784287467,0.6908060322483857,2
2009-06-25,3.480253087214085,-1.0454527814516004,2.0356431864948075,4.075948974384618,0.5839360461244315,0.8117996637327253,0.8210443976665416,2
2009-06-26,2.894556002912089,-0.0968103997876116,0.7664541123644686,4.55890409218197,0.8433644813490222,0.5373419317333189,0.8457435858114889,2
2009-06-27,2.322531142765775,0.7155741474830728,0.265146494244931,4.656089482302532,0.9373792824744236,0.3483103225397357,0.8636363705841189,1
2009-06-28,1.801445350589792,0.773886832831093,1.2333012474365035,4.621699953584267,0.8677467346375878,0.4970066443477428,0.9152717920204884,1
2009-06-29,3.376928948634503,-0.2460556769591044,2.2328486499167584,5.022716835969282,0.7068351031750092,0.7073783548565605,0.8009774288545182,2
2009-06-30,1.8735291417612343,-0.2604467260407156,-0.1054605276792707,3.073859744727699,0.7526777186976554,0.6583891340051817,0.6718892969869603,2
2009-07-01,1.5610764270580573,-0.8349083772718184,-0.9753397076134948,3.015620352495419,0.9896783823256096,0.1433063137386641,0.6600609296673031,2
2009-07-02,1.8150756468150715,-0.6003547190650292,-1.929547336167206,4.016319686749705,0.9864442171587324,-0.1640969421838682,0.665305167027899,2
2009-07-03,0.7052470155249628,2.4810558759658954,-1.9231560835264268,3.771496264960929,0.9770705185617712,-0.2129159499836291,0.9530252323503302,0
2009-07-04,1.9399331947431693,4.457555645972021,0.7187849977370235,6.093117160724402,0.9670578958332562,0.2545565283125834,0.9825113706545404,1
2009-07-05,2.960471814209055,4.448750524112973,1.7495317532367154,5.59464816311875,0.9042297803738456,0.4270462554396969,0.989818001807388,1
2009-07-06,2.7480857163836303,3.362420639600236,1.784751487064534,6.571477202142601,0.9130221324967052,0.4079100214154696,0.9865882541905784,1
2009-07-07,3.50824645082427,1.9039273911375745,-2.004228265099557,2.688623691285387,0.9184503237553292,0.3955363482585778,0.4933672308543807,2
2009-07-08,2.093031251173152,2.153182020471659,1.5223716644947678,5.839912308922575,0.9374858854889124,0.3480232959286917,0.9730783064192948,1
2009-07-16,1.9146752059174823,1.486753490207356,-0.8199482117235369,5.220197982376586,0.9854271114282304,0.1700982306263482,0.8827386225620273,1
2009-07-17,2.016506910741826,0.5368619661330916,0.0486168330449123,4.762314530632379,0.6911388584200668,0.7227219924575471,0.4873233333903605,2
2009-07-18,1.1755482316487569,-1.1036296092687825,-0.0305181027017507,1.7050862386022616,0.380635412343994,-0.9247251931626592,0.2621537571777217,2
2009-07-19,-0.7268513475778298,-0.8990010280803974,-3.139177973159163,2.0784668085424025,0.624535501842911,-0.7809964192861728,0.6536976666798986,3
2009-07-20,1.3492397412926276,3.332774375417214,-0.9514682052029324,5.312048760742156,0.9979498894973609,-0.064000141032699,0.9655682343667064,1
2009-07-21,0.9295363988084804,6.805359747589357,0.8779041584421211,6.107210422456439,0.9933129332154538,0.1154530931024,0.9887864188597856,1
2009-07-22,2.757256347018345,4.696355690895144,2.370853225431309,5.065133370238312,0.8923279747722268,0.4513876221595981,0.9950565303319082,1
2009-07-23,1.7068140365602331,0.4197455441783994,0.4228343193657798,3.165280784647409,0.869917208080563,0.4931977809006427,0.7575432216788964,2
2009-07-24,0.0524015338250166,-1.1245186122649793,1.8543489070321093,0.0691136463139762,0.317014331532762,0.9484207471385452,0.4981681506400093,2
2009-07-25,1.4212647440530095,2.129166175291929,-0.0215514325802057,5.110509226886606,0.9728664238697542,0.2313675027026825,0.971782170005037,1
2009-07-26,2.239184031660362,2.889712160000604,0.4604222824395303,5.562009478911713,0.9615257120121764,0.2747149525225685,0.9712492928770032,1
2009-07-27,1.897441603221208,3.0237192961691672,2.190511942354009,5.459859626428473,0.9544890636323254,0.2982459176691049,0.978945116719936,1
2009-07-28,1.7517111130953675,5.554060222921946,1.671185717661987,6.217248996816459,0.9780281560712109,0.2084728421928076,0.9957927968235863,1
2009-07-29,0.871474984227796,5.566441501505391,0.6645002317774447,6.252926690816144,0.995341286340054,0.0964143335138852,0.9975211931064356,1
2009-07-30,0.8902815340069148,5.676254919824558,1.4936003944529366,5.586053652140783,0.9841525388026569,0.1773239418924733,0.9925992753618448,1
2009-07-31,2.1423598738311744,3.974763524522099,0.162229824256152,5.495303274544671,0.9896091325254022,0.1437837432477017,0.9738519682883404,1
2009-08-01,2.327107381364007,5.481326413945083,0.7255355687112803,5.406241230857672,0.9714773294878905,0.23713244883625,0.982994001584618,1
2009-08-02,2.4653704761244306,4.659577642621146,-0.1679003550530896,5.515451794619406,0.977577879493562,0.2105741900729313,0.9642214408311176,1
2009-08-03,2.216849149557563,2.9741370639971767,-1.6545087578115745,4.4481465886651925,0.9992487797011024,0.0387540483802379,0.9165657614818632,1
2009-08-04,0.0764530298679597,3.4646816942421834,-1.7106336683963033,4.790583870638337,0.9759333280406596,-0.218069115693815,0.9822462270594609,0
2009-08-05,1.3587418471118555,2.719209667815375,-0.4192260168084063,4.311048631099831,0.9958379432821738,0.091141597086786,0.970363673721533,1
2009-08-06,2.185874233658402,0.7539453383906425,-1.5479267866527593,4.193671091086346,0.9867507125293036,0.1622437404737448,0.7617577851795172,2
2009-08-07,0.9980770702119732,1.4174523606678489,-2.3530754241285243,4.272949115579616,0.932728939164202,-0.3605783216523456,0.9082461233152336,0
2009-08-08,-1.3480736564840794,3.935634332730178,-2.050209629530139,4.374654939267493,0.9225203637531308,-0.3859484142483179,0.996278717992779,0
2009-08-09,-0.8901325253939032,4.397870253312081,-1.837505331612264,4.857110801006391,0.9541638434357506,-0.2992847471554746,0.9936969836742832,0
2009-08-10,0.0486711629487031,3.874675663456848,-0.7944037632183228,4.743352449505452,0.9961411849456856,-0.0877652531187914,0.992839165808618,1
2009-08-11,1.389635191786649,2.477086007948581,-1.0928471792903762,3.973321332792589,0.9995528693934964,0.0299008576336553,0.9501596919916386,1
2009-08-12,1.9353338483358435,-1.023857180955719,-2.003839794884178,4.10823926719624,0.8570086090828576,0.5153020899995127,0.3757549463385404,2
2009-08-13,-1.6192549835070378,-1.864053958426093,-1.0285293449592194,3.9492454587506254,0.9323285384109956,-0.3616123566257337,0.4616052677436933,2
2009-08-14,0.7309398224762179,0.4825785363931918,-2.9111905501768445,3.5885034202067345,0.7914091685287926,-0.6112867804627915,0.8632815367190282,0
2009-08-15,0.1422771550644234,1.2946934066504956,-3.954434560626109,4.567070992826575,0.8442788124953248,-0.5359041768557923,0.956387848380743,0
2009-08-16,-2.037944338045877,3.774911897291157,-2.214369317924177,4.176685265450954,0.8941785121726828,-0.4477106078357394,0.9969997454128604,0
2009-08-17,-0.6185714923811305,2.6391470762080127,-0.7371296073494553,4.23629605498684,0.9829856429992184,-0.1836824043217335,0.9859512782382048,0
2009-08-18,-0.3423172244708996,2.3633630285558653,-1.361852192803044,3.0529672601662385,0.9497048737836172,-0.3131463758558351,0.9559738784623754,0
2009-08-19,-0.5159216057725111,4.191217149931316,-1.8117149793739025,4.826319837391945,0.9515151213991084,-0.3076019729274176,0.990600376185048,0
2009-08-20,1.3225800056031236,5.232668332377837,0.3150440731636691,5.819442722955253,0.997560775181403,0.0698032937580912,0.9766008032092066,1
2009-08-21,1.618364446912733,2.050864658389848,1.3220405659765302,5.1020562943098415,0.9211365278280216,0.3892396396834944,0.945047918165409,1
2009-08-22,1.306195616680427,-2.1358713844821566,-0.6166941049469445,4.275612310235841,0.8779178844610277,0.4788112239113382,0.3104340998338565,2
2009-08-23,1.273752313275103,-0.5468027899925544,-2.908125009424465,2.335712056992037,0.6434700238907225,-0.7654713112547543,0.5888194863506163,2
2009-08-24,1.056905197530834,1.1518076429595223,-1.2649335812702047,2.86276687533632,0.9498051477975896,-0.3128421026927148,0.8208904425811935,0
2009-08-25,1.1600855565907635,-0.4886424649310195,-0.7259997731702892,4.362878032514999,0.9829327795327728,-0.1839650807082087,0.7603829428864084,2
2009-08-26,0.1315246557308125,3.5302425298038087,-3.692907779112392,4.006718033824365,0.9386088078905483,-0.3449833412648844,0.9456715707235824,0
2009-08-27,-1.6169045224618916,2.4039859242217063,-2.834859686379559,3.229959758729165,0.8143018469647818,-0.5804416439485929,0.9742942692611036,0
2009-08-28,2.550852222278892,-0.2434984110074072,-0.4137917454070942,3.505209859042975,0.7616196692777608,0.6480242891815353,0.4197251511580269,2
2009-08-29,1.445060847842536,-0.7219100228133928,0.2766204047775453,2.757862196508897,0.6827142896551253,0.7306854307434203,0.3548356107090732,2
2009-08-30,2.1656805132151247,-1.0378774461211129,-1.041171793228548,0.1678978282562212,-0.9191526917784456,0.3939014206580597,0.424966259379515,3
2009-08-31,-2.8392080881528865,-3.178678702956937,-4.761887935563964,-0.3430260396059811,-0.3749251459449396,-0.9270550873266192,0.9050680187722012,3
2010-06-01,0.8808965954733837,0.6345974969954582,-2.784038513115628,3.448352545290485,0.9617456021409452,-0.273944148983968,0.90201147525437,0
2010-06-02,0.7650630315412703,3.18302629661527,-1.0991364737352616,5.671184565054256,0.999430239233124,-0.0337519911474909,0.9788181214146666,1
2010-06-03,2.669882454233765,0.0426576168402661,4.199632641636148,3.4543894919519373,0.6184128819309231,0.7858533625695636,0.8222913289742957,2
2010-06-04,4.926971265187886,0.5377813356064045,2.2646176344965827,4.564646487418488,0.2697843617896514,0.9629207642032394,0.8307166220355958,2
2010-06-05,1.5968480027094123,2.7575235007718315,-0.4312398452608496,3.3184206611141214,0.9933427927220836,0.1151959033433541,0.9369886862946524,1
2010-06-06,-1.3233365237939694,1.8193031107437547,-1.735341270224677,3.5232063578034114,0.8720166446108105,-0.4894762216101037,0.9868542471870544,0
2010-06-07,-1.5391217338631047,1.5286117174734166,-4.006014184536539,2.579105029114148,0.6731093555308589,-0.7395429639289605,0.9473224979670072,0
2010-06-08,-0.6538009510385692,3.0217252936556664,-5.264935159668316,1.2811944091856418,0.7566606634035553,-0.653807800854113,0.8764894298452991,0
2010-06-09,-1.4308148428628835,4.519288432026055,-2.091807174721956,4.808451155496359,0.9334146414197704,-0.3587995362081747,0.9969705234574944,0
2010-06-10,-2.008888845213155,5.535432173845646,-2.5113768161570214,5.457151585078262,0.9357319694437062,-0.3527118956896732,0.9972287970815746,0
2010-06-11,-1.1612953039818248,6.635881720103572,-3.923316474637417,4.957523597061924,0.9143585830288772,-0.4049053983851342,0.9707803365808892,0
2010-06-12,-1.935588329657179,5.73947407481293,-4.8307220191338045,4.230577870146003,0.8363584689592772,-0.5481829178295268,0.9781952040875782,0
2010-06-13,-0.6705697334427949,6.175699220504326,-3.4162504171924555,4.248525484421242,0.9364408063653448,-0.3508256207488595,0.9731272653552914,0
2010-06-14,0.3796453228545556,5.553413352481152,-1.3230760698778057,4.702515290077548,0.9903997563805432,-0.138232856301823,0.9796192230087843,1
2010-06-15,-1.1035470064367077,5.102303530387088,-0.5742428148231032,4.845752229936991,0.978259469661237,-0.2073846908962067,0.9921751293438784,0
2010-06-16,-0.4585523614806766,3.6761045429289374,-1.5518124939609157,3.787457311285757,0.9709323160641988,-0.239354209535179,0.9859650161125116,0
2010-06-17,-0.4457933192720856,4.305294801575981,0.0892135260312934,4.398705071747645,0.987945867145812,-0.154799753195893,0.983598702700134,1
2010-06-18,0.7799074094010379,5.505148314628963,-0.5914063334033907,5.168262027429369,0.999828007241328,-0.0185460490626654,0.9846258855571464,1
2010-06-19,1.6232682337631044,3.498253989130518,-1.0443530770250893,3.835802996900316,0.9995032944950027,0.0315145092558262,0.9584566531676696,1
2010-06-20,1.3999372062512545,1.7564934193620585,-0.9615909547986772,4.164503196788232,0.999614976934879,0.0277470338501492,0.9270286859215626,1
2010-06-21,0.2258335586053624,1.82298609662713,-1.78087840200106,3.559674011236654,0.9910253585444296,-0.1336740016678061,0.9389578774942308,0
2010-06-22,1.001990768940857,-0.6482142917193989,-2.400170502139076,3.4079325375231733,0.9339071521416624,-0.3575156376700879,0.7564580134796146,2
2010-06-23,1.1357752141894142,-0.1070804591854559,-3.055229276490122,3.8839529361736487,0.7945178479329088,-0.6072408001082101,0.6402755309010881,2
2010-06-24,0.7087276845115829,0.8605803350875945,-2.754614668494205,2.5686023105646587,0.6895020860392527,-0.7242836967290642,0.7495349195771335,0
2010-06-25,-0.7394658881565555,2.7997295075559885,-2.626965562989588,3.337767294724897,0.8413861018178618,-0.5404344804578468,0.9808060526940058,0
2010-06-26,-0.2993505381204968,4.147255126116081,-3.7398799187223104,3.873310518187239,0.8721857353078927,-0.4891748594576694,0.963924740644202,0
2010-06-27,-0.7522115097888935,3.52348722905919,-3.894029828741071,2.1089377913899345,0.8140815816384387,-0.5807505302942546,0.948692730169927,0
2010-06-28,-1.0029503553822283,3.098626672793245,-3.968428825204692,2.6606541579580374,0.7263967800040606,-0.6872755764609509,0.9457629480588148,0
2010-06-29,-4.03052374127012,-1.3283194368781974,-8.14918874885893,0.1761836224331383,-0.1624178576551529,-0.9867220680185026,0.9640204005840473,3
2010-06-30,-10.55200843695159,-0.5852980902637503,-8.968863777394887,-4.3903291134141496,-0.226620864956601,-0.9739830509646058,0.9843062723777176,3
2010-07-01,-9.359735968392751,-0.9206770549767824,-8.211829817391276,2.4708984785781967,0.0764787831021734,-0.9970712089591248,0.9840783526605436,3
2010-07-02,-7.162867323783002,4.245736591794252,-5.387896575513816,5.037828490587591,0.5732124222956035,-0.8194068091772283,0.9941153085580372,0
2010-07-03,-4.318391821814368,4.532373104134841,-4.315361357536879,3.0816838377200964,0.6092477417902852,-0.7929799424471202,0.9893082331148172,0
2010-07-04,-1.89699267853576,4.445120608657738,-4.0977146433135685,3.038532743487183,0.7714303904786838,-0.6363137218745997,0.9813372775102132,0
2010-07-05,-2.0336465086894515,3.061832809039906,-2.505681919328765,1.764358162293907,0.7857461695386564,-0.6185490740881673,0.9456994168427236,0
2010-07-06,1.3928561368536694,-2.000887394002389,-4.337049857924818,2.458659113217739,0.0457224407348317,-0.9989541823393352,0.5034760543951867,3
2010-07-07,-3.656467658511059,-0.3444696718891071,-7.950858038493879,2.817011477307317,0.2662901593945805,-0.9638929147003876,0.9820930240520016,0
2010-07-08,-7.242457999622791,3.342852009390519,-6.240003592570839,2.493224024618688,0.432979283752584,-0.901403871658592,0.981170587106378,0
2010-07-09,-3.839539029883766,2.482385534565744,-2.425277040537303,1.689838187274067,0.4501177364564637,-0.8929692174578637,0.980125670695668,0
2010-07-10,0.5437962249042112,-0.6716765794532702,0.3072521932340685,2.841221903672684,0.9602546785645214,0.2791253343839426,0.7371528291112596,2
2010-07-11,2.521533647982362,1.9137831459536807,2.150455243013776,5.07702277014188,0.8767646982568861,0.4809196023146815,0.9754665480310448,1
2010-07-12,2.558603278630025,5.153932144929842,2.407147673494472,5.239861888158568,0.9373600309864886,0.3483621281210245,0.9819434719797404,1
2010-07-13,2.497896584723418,6.765280350468035,0.5024217908513016,5.52999300166586,0.9840284067207452,0.1780115017818556,0.9769487770292388,1
2010-07-14,1.0223350842589594,5.725182512349002,0.5450805472983016,4.003515212841277,0.989997105367224,0.1410876726171265,0.9899079989775011,1
2010-07-15,1.7834624970743378,2.2151083019985967,-0.2804672111571535,3.883619573886571,0.97690689815895,0.2136654214641637,0.9465125000008706,1
2010-07-16,2.477477458766466,-0.9282875391552028,-1.238609312449989,2.8499938094105546,0.928785535598994,0.3706176316125418,0.4685228582642593,2
2010-07-17,1.4885710781939712,-0.9275487419293648,-3.1984951225373104,1.951604359347633,0.1601034370904979,-0.9871002428486222,0.5405866340586111,3
2010-07-18,0.4768497251392204,2.076162810007818,-1.898267419363195,2.3231404403212337,0.9396125999767814,-0.3422399187191245,0.815630909729388,0
2010-07-19,1.33894111474905,3.222076525403128,-3.8623043630374254,1.5427463920042055,0.8347432753806265,-0.5506393231570221,0.7516217245776748,0
2010-07-20,-0.7841335538795733,3.045642237407946,-3.808974306213452,1.7426315236602832,0.7059551603492489,-0.7082565294977988,0.9331194046757216,0
2010-07-21,-3.348045528639804,-0.1491623939141415,-5.945980362341174,2.749007283837017,0.2971199635978337,-0.9548401579487648,0.9731706910114324,0
2010-07-22,-4.330244015312034,1.8650578839587968,-4.141433145735459,3.9720203931683074,0.5851513600341735,-0.8109240937659684,0.974206303035603,0
2010-07-23,-3.5861197490920618,4.141792223678095,-4.403892276403786,2.771435358533721,0.6829637012284742,-0.7304523138469091,0.9868519326125028,0
2010-07-24,-0.8579118975367187,0.1936421035131198,-2.382028223128434,1.9132723452928104,0.5141542604950918,-0.8576977302142901,0.8477318825540112,0
2010-07-25,0.9755756873713926,-2.493579758969159,-1.3555066203971404,1.7484429780299195,-0.711571642822563,-0.7026135475001879,0.4252463756411811,3
2010-07-26,-0.2050717747251841,0.930176057957236,1.015275501923726,1.8432633239973275,0.9244758140571776,-0.3812406972285599,0.7265305583916486,2
2010-07-27,-0.4150783614902638,4.710172658679686,-0.9670394822921684,6.068014898384731,0.9809835717027712,-0.1940907830095857,0.9806719718366378,1
2010-07-30,2.462313916861041,0.7334663760770062,1.183679069276225,4.6672709014409,0.8260127343381938,0.5636514549889324,0.8910578096225636,1
2010-07-31,3.2280268363939824,0.51033412432593,1.6336643487239564,3.386447030299517,0.410869949897173,0.911693964152168,0.8704950873075211,2
2010-08-01,3.1636278316771187,-0.6275105164603536,0.440032661847713,3.296954191526744,0.5735701985501453,0.8191564120088097,0.6791374010142855,2
2010-08-02,2.276101714387168,-0.3917656243017558,-1.1565182499404607,3.2306880638126314,0.9178828931487276,0.3968513505897665,0.6616773271232108,2
2010-08-03,0.8816618047164729,-0.9010031101353396,-2.52033240137102,2.704899582294425,0.8663115763169553,-0.4995040067299081,0.5978963740640544,2
2010-08-04,1.289564837238565,0.1686026472897546,0.2011355527067308,3.970679815623766,0.9672003801184949,0.2540146151280262,0.8321470176089113,1
2010-08-05,2.4573778635234964,-0.4507865556221302,0.2480014922797704,3.880952589887937,0.8301275072382494,0.5575736020709824,0.7756826889208758,2
2010-08-06,2.057144838331,2.459729347687237,0.3546168188000734,4.40983410909512,0.9241954622953475,0.3819198181198363,0.951160615700388,1
2010-08-07,2.0985579794020515,2.4105416216645708,0.4228949564653332,4.611807510672579,0.9396248010649332,0.342206419027587,0.9649381823367986,1
2010-08-08,1.8841797327933527,1.8378514459737656,0.2812692731898434,4.691961700236328,0.9774927559178797,0.2109689838058392,0.957325992155183,1
2010-08-09,1.4539034542272569,2.6913251948573977,-2.281038913226312,4.059095170712372,0.995255544964174,-0.0972954275290715,0.9105940664722812,1
2010-08-10,1.2825108209856977,-0.937594758163118,-2.2030120425617543,3.026288851415141,0.712082453297149,-0.7020958479483507,0.4370012744178105,2
2010-08-11,0.3621002656666827,-0.5543304620726468,-0.3157991867327963,3.1726578455822665,0.9848936430393218,-0.173160364693347,0.3346498079942266,2
2010-08-12,0.7503422125527244,-0.3721819940210682,-0.6338335043459873,2.967892952997124,0.9872395605827248,0.1592421113287202,0.653623512508188,2
2010-08-13,2.1404598819479097,0.6163185125219106,1.248686008628404,4.615118142523913,0.8949284787400136,0.4462096121108161,0.8551453736350967,1
2010-08-14,2.305056013569841,4.157614288900119,0.791002651574247,5.115940562344323,0.951021541579414,0.3091246147622586,0.9870158454952316,1
2010-08-15,2.183294446466294,1.1598396571783396,0.5398664026566984,4.866988457718892,0.903541325175944,0.428500961141628,0.8830229589670231,1
2010-08-16,3.628818801763482,-0.7356763194582917,-2.064860597333356,0.2075829971182711,-0.2255523298786424,0.9742310539529708,0.429522238235377,2
2010-08-17,1.3999597218742643,-1.852777054591836,1.3538300003888808,3.578245194451699,0.7594394677345218,0.6505779698445885,0.3013497848800139,2
2010-08-18,2.978928549126956,1.1725713470783743,1.712195545464494,3.989128819661539,0.8068904773222939,0.5907010729688924,0.8651176253723605,1
2010-08-19,1.7546952923949788,3.425404942043213,2.337878424516352,3.197690366603287,0.8685415002088726,0.4956164468769383,0.910100357261449,1
2010-08-20,1.7021371817406492,5.023220647625466,1.209264294782431,4.918688075191533,0.9743984161476033,0.2248282157760505,0.9860224441287122,1
2010-08-21,0.4031623185009073,4.37990297079776,0.6676137886798766,5.533289331950596,0.9803965349112832,0.1970346018696949,0.9842085469578612,1
2010-08-22,2.3110517298798348,0.6284145984829568,2.8875101529191745,4.576675331825833,0.6743237768606685,0.7384358089640314,0.9371485461410004,1
2010-08-23,3.649080297634789,0.0429708970925856,1.691614835421388,4.129086832504404,0.4798196253169962,0.8773671564178006,0.7939815336878776,2
2010-08-24,1.1040227457952465,-0.9954933339286276,-2.406377509099463,2.0180689418620306,-0.0744797670687622,-0.9972225249649062,0.0543813396152538,3
2010-08-25,-0.7532849588802017,-2.3064307138906406,-4.426686232274462,0.3429784404278816,-0.4909399950489392,-0.8711933891285835,0.8123368458905306,3
2010-08-26,-2.405768340236501,-4.0916161019940045,-5.040217181015015,-0.0057484604532996,-0.4823803965940085,-0.8759618444782895,0.8958208537774444,3
2010-08-27,-2.3650174259797097,-3.5487484256306274,-1.8176589192073789,-0.3813262729238185,-0.8874105451586878,-0.4609799608889313,0.7736378453200868,3
2010-08-28,-0.4634315709315226,-2.961196735750417,-3.837344913978589,1.4175481368103855,-0.3386200177008837,-0.9409232081377592,0.6512158546378676,3
2010-08-29,0.6864819982470245,1.066849350223606,-0.2787030636452234,4.828001029296185,0.9826821584541798,-0.1852991512550294,0.9211207021872744,1
2010-08-30,-2.743866944891141,4.606559954764011,-3.4991036565939404,3.0459864742097524,0.7901076722886883,-0.6129680792590678,0.9907347810263644,0
2010-08-31,-1.980321149210185,2.603623754767637,-2.709778319892388,1.7981156162870768,0.565009259752551,-0.8250845631775414,0.9498761928258131,0
2011-06-01,-0.5071296590071335,-0.5531659285036173,-1.2412857741946828,2.652792501667085,0.6632762777267938,-0.7483746250407539,0.5135468767937272,2
2011-06-02,2.232877999903145,-1.764592818727398,0.3115305541546746,2.590774897811255,0.8259982414250648,0.5636726932916835,0.2574247864792823,2
2011-06-03,-3.684974357276421,2.847066572051335,-4.372672879659904,2.598741791572293,0.5523460946463848,-0.8336148941381067,0.9927060625005868,0
2011-06-04,-2.0902570204698216,0.0149477521268853,-2.75128873436906,2.154606140413461,0.4992700926533613,-0.8664464060643935,0.7524065950975443,0
2011-06-05,2.649110120756925,-1.357280601371625,0.387844964041482,3.405135692682572,-0.2362036107344514,0.9717035835459328,0.4381678449125815,2
2011-06-06,2.060161072596605,-0.7908026455693455,-3.277273690637542,0.2964601503807978,0.2650632381022467,-0.9642310303069236,0.3258770699698814,3
2011-06-07,1.3431217857322657,-0.5120485991352558,-1.5170566047789869,3.533856839429549,0.9748739869059666,-0.2227570642068734,0.6745943039912632,2
2011-06-08,-1.42066136304595,5.055199505376716,-2.645817184790668,4.3118277134705085,0.9020957877303756,-0.431535849911816,0.979838370403364,0
2011-06-09,-2.776950552201768,2.950742417624233,-2.450429273378438,4.257149247719844,0.8036066079047793,-0.5951608351796801,0.9870762047140038,0
2011-06-10,-2.5702701919952284,4.430354577476516,-3.6308717715684375,4.016945619910357,0.832592704188609,-0.5538857182956601,0.9939700336788784,0
2011-06-11,-0.1266521454452972,1.15879175335836,-3.216427135839973,3.695488948687488,0.8107278210384744,-0.5854232658463511,0.9176417542833444,0
2011-06-12,-0.7737017501792818,2.0140255045287754,-1.944735122606867,3.542448569269582,0.9298901891000826,-0.3678372414742865,0.9814734449445548,0
2011-06-13,0.6179357038596285,3.732956841319954,-0.7520082937087039,5.456054835272004,0.989530699429721,-0.1443225376929292,0.9766787066267848,1
2011-06-14,1.9105411553896807,4.393960661023563,0.2568125408031102,6.884252748463612,0.993337076114692,0.1152451873872148,0.973433307919362,1
2011-06-15,0.5536509307011854,5.923757580323072,0.1064643527498617,6.834283773749642,0.9943117937694644,0.1065084821549439,0.9908331700139792,1
2011-06-16,0.0864086847780597,5.244358388348639,-0.1766923175446085,6.642248393549403,0.9999884345422542,-0.0048094471337101,0.9951120605637516,1
2011-06-17,-0.2921022155019356,6.856337844842874,-0.531023564682673,5.258549151540524,0.99368238212188,-0.1122288887077918,0.9889230542559154,1
2011-06-18,0.6889087002080041,5.589311671136484,0.2919128718453971,5.378893102988316,0.9997535043799176,0.0222020377459847,0.9832546904267978,1
2011-06-19,0.9705038792959813,5.780557258063732,-1.3920887600946927,5.89783296220061,0.9990934883688252,-0.042569960054153,0.976553428244904,1
2011-06-20,-1.7190156191154191,6.175641642010072,-1.3573429965208128,5.060258273138547,0.9732740585506032,-0.2296467002864114,0.9917529078145372,0
2011-06-21,-0.1488582827590073,5.856968716010025,-1.5618129003038304,4.959810883064921,0.9681627257293468,-0.2503216660785114,0.9679587983419704,0
2011-06-22,-0.3010847632410142,3.680755085142663,-4.49864286464515,-2.8792981975020915,-0.052595256104344,-0.998615911667403,0.4021668209924477,3
2011-06-23,-2.38023054525704,4.5069469142571545,-2.9374027732050894,3.557273522045148,0.8570990409971988,-0.5151516610879578,0.97502275925659,0
2011-06-24,-2.4659222340108244,4.334272585274079,-3.739486778015208,5.175360753629269,0.8342463672413158,-0.5513918740285058,0.9804247797912724,0
2011-06-25,-1.3662220592736998,5.165330620754386,-2.439726349477945,4.670069157723313,0.9338374947270116,-0.3576975446406898,0.9858575170333428,0
2011-06-26,-1.2184631071261294,4.976614965677125,-1.623209563564152,4.601503457822844,0.934290241042272,-0.3565133174134923,0.9899712732679884,0
2011-06-27,-0.0036217601657841,5.661164874817315,-3.219727122842857,4.094539885735645,0.9229267333236644,-0.3849756419781773,0.9472312049186372,0
2011-06-28,-1.3071781325909342,3.873129758591345,-5.447610837650111,2.4478706185297767,0.6609465504020076,-0.7504329800266554,0.9327944465492208,0
2011-06-29,-0.7669747966374176,2.3980884128077866,-4.309781011328068,2.120930225102128,0.6292172877321626,-0.7772294415544105,0.9097300151628624,0
2011-06-30,-2.147859087085003,1.6354308261216566,-3.8995785407817793,2.8418947947767657,0.6339664669170003,-0.7733605361180359,0.9107930522862846,0
2011-07-01,-0.9005214847369241,2.2379987887303825,-2.298965741615408,4.33402112632141,0.9042108769963838,-0.4270862792474497,0.921820555480406,0
2011-07-02,0.7389243130488177,2.2969142552972173,-0.1205897485081704,6.008663910467045,0.9930384010818586,0.1177910606828285,0.9271336337802928,1
2011-07-03,3.160599093905838,-0.4112894467804918,-0.3831569479457404,5.368970759480338,0.850386273874045,0.5261588972987322,0.7095379549391575,2
2011-07-04,2.070498817497984,0.344580744501862,-1.0239667911259374,3.60791524135269,0.9968848019897132,0.0788713608474603,0.8263953235440957,2
2011-07-05,0.4320326772561297,1.2496908958226165,-4.405843177717971,3.0279778236464527,0.7848315162797901,-0.6197091987811425,0.8649644927124509,0
2011-07-06,0.4625673333774099,1.812422562874254,-1.893567515416124,3.9853250419673465,0.9622396174005386,-0.2722038183142642,0.954348359367322,0
2011-07-07,1.3659555031853627,2.199962781675637,-1.957652861827348,4.477233359467864,0.9984710597233863,-0.0552769653188169,0.8985261083444942,1
2011-07-08,2.3931985984816864,0.8899886987707379,1.183099129100636,5.706746563030757,0.9326829127512382,0.3606973582684883,0.932355588356149,1
2011-07-09,1.907553079143253,4.292792487456533,-1.2723879896497576,5.027977466076553,0.9997723540561988,0.0213363554743251,0.9495376374107248,1
2011-07-10,0.3698836145403936,2.932343197901558,-2.246396529280299,4.845190466291488,0.9500394508855752,-0.312129847597174,0.9577936188528008,0
2011-07-11,0.8519762286038335,3.1803084027289352,-1.4599138625361503,5.04250500665357,0.9892921127179936,-0.1459490175162841,0.9458922553612192,1
2011-07-12,2.688856256440162,3.184058621899619,0.8616315374871786,6.124351210763911,0.9481213269927212,0.3179087122139961,0.9733043160953952,1
2011-07-13,1.8371863270243736,2.951340085685745,1.2110074062606917,5.85038111290968,0.9405499444967184,0.3396554164255593,0.9798133806697756,1
2011-07-14,2.5851580829913816,2.402118326578144,2.3101316042105786,5.118635838057701,0.8718163309953779,0.4898329154005043,0.98632155566611,1
2011-07-15,3.3044129638237663,2.7795731294477,1.4445600778884709,3.309697457553004,0.8342189131862612,0.5514334092910342,0.9747018971513676,1
2011-07-16,1.757172138892243,3.3974758167242145,-1.2750231582433904,0.2303416720248445,0.9884419393905124,0.151599909148793,0.7323312903020789,2
2011-07-17,0.4757046328862356,2.050975357739117,-1.6865165764670826,3.486167792267864,0.9994218305013414,-0.0340000693726958,0.9611527764187758,1
2011-07-18,1.992367593293573,0.5433229271583512,0.5002812446039139,3.537381259866821,0.9040880364357144,0.4273462558322166,0.7701670116431117,2
2011-07-19,2.3580621636952386,1.1467533446682745,-2.651177715592639,0.0436317760167691,0.9991655443051558,0.0408437886756573,0.3589370044258446,2
2011-07-20,1.201407806927822,3.100847496409713,-1.1730918857617267,4.633117571703975,0.9994644609923228,-0.0327229462812487,0.9663389451892824,1
2011-07-21,1.9111491695381324,3.3521672052163707,-0.8874181366446232,5.551677915080165,0.9970172361846186,0.0771792119082886,0.9643012943208424,1
2011-07-22,1.42880480016074,4.125210476101877,-1.9908970061033369,5.5725852818966,0.9990869679258924,-0.0427227166814907,0.9710140225487348,1
2011-07-23,1.257410292285563,3.958541533008628,-0.7128706379355597,6.010096748228472,0.9999999439526412,0.0003348054875369,0.9803507150313984,1
2011-07-24,1.9527912480516003,2.259124721348276,0.4413211576818625,5.782919174258227,0.9631246260428468,0.2690556721383633,0.9745205998392784,1
2011-07-25,2.727056018938,1.85320709850963,0.9292110587774176,4.958539960713825,0.8878201118845441,0.4601906658476631,0.9409743708504053,1
2011-07-26,3.3083024610326994,3.3323906258374114,1.552609036314132,6.3277533368422505,0.9048118089534212,0.425811684173224,0.9745889240073012,1
2011-07-27,2.967638680520956,3.5576625303828564,-1.1571367787909137,5.382804664967029,0.9903215980625336,0.1387916871101058,0.9206765781715486,1
2011-07-28,0.966019863273978,3.5538742474068465,-4.572888142844836,3.1837507156829785,0.8368046337532558,-0.5475016026726126,0.8588603912938987,0
2011-07-29,-4.566122082544254,3.075875943237208,-5.757982353262033,3.108468457708549,0.4348228544894186,-0.900516010526006,0.9636802873898588,0
2011-07-30,-3.821654998544896,3.0949699918360585,-3.185205509696397,2.814534328348768,0.6951905006707442,-0.7188255475267696,0.9853744719319896,0
2011-07-31,-0.560582008956134,1.2939032867051858,-1.2714221478401215,3.377106826875192,0.9246636279908044,-0.3807849459614745,0.9219651879341484,0
2011-08-01,2.4594944171853337,-0.3115441650823331,0.4380972414970084,5.105153059634058,0.8746183299515099,0.4848121047507289,0.8006222685370593,2
2011-08-02,2.5979231532734155,0.869871763918684,0.6730083376397212,5.68372545879009,0.8756725617875792,0.4829053370303317,0.8972734066097747,1
2011-08-03,2.7930965015315667,1.7166869649632095,1.607485896548208,5.599325256315546,0.8854186716968399,0.4647943371111612,0.9358584816217128,1
2011-08-04,2.543754579380156,0.9441836746956712,-0.80117408307178,5.624832003398611,0.9729949913099292,0.2308262265986924,0.8650607429905779,1
2011-08-05,1.6962437727272284,3.302505029759109,-1.516769292276487,5.377078690005443,0.9999759406752176,0.0069367190164795,0.951390821346317,1
2011-08-06,1.744888574841185,1.8196059836482383,-1.662152041963442,4.876603149876333,0.997560934900726,-0.0698010111673864,0.9113367113491868,1
2011-08-07,1.943204610250644,3.7787428038927744,-0.0666345322558098,6.279446140807387,0.9896892102649674,0.143231515683893,0.981102171459465,1
2011-08-08,2.809559757413844,4.2462103961997055,1.03464101476288,7.595652153423326,0.9581465880133644,0.2862780394622475,0.9833005137586432,1
2011-08-09,2.52473617355776,5.250329891049811,1.6833417085521258,5.862693644258436,0.9482956979098214,0.3173881997266516,0.994796216341239,1
2011-08-10,2.3095521837593,4.862936089888441,-0.7793765092821887,5.832901666467155,0.9901233559303104,0.1401989302430653,0.972008980005686,1
2011-08-11,1.4717550105058126,5.675273963736051,-2.256031679705365,5.3867429809859,0.9986908148905982,-0.0511532623901257,0.953221090181038,1
2011-08-12,1.801803916767851,3.7766377518697416,-2.3453702332854216,5.1130964444594005,0.9947146236922968,-0.1026782226798461,0.9394101360741368,1
2011-08-13,1.3411459012805382,4.166580771694493,-0.3797520630034699,5.432604478636355,0.9955961851043652,0.0937455929931349,0.9855453856822344,1
2011-08-14,1.6171434204559172,-0.6438051833550187,0.6107843032858378,4.7085773178776416,0.9062845279202254,0.4226681374937247,0.8281844500869159,2
2011-08-15,1.747634051652771,0.1895681967206089,-0.3248571415485818,5.279569606687888,0.9666209405999366,0.2562107671306842,0.8409802132038812,1
2011-08-16,2.070463347781119,2.9552982979780262,-0.0985863016426985,5.530774523183598,0.9780019461399896,0.208595765408583,0.9688010272483772,1
2011-08-17,2.338116042782712,2.072271946450396,-0.4516379029301013,5.270837864271574,0.9737509981134028,0.2276158906428812,0.9192361059228152,1
2011-08-18,2.5326787039870227,0.202881068024159,1.89117637935216,5.3900654589427415,0.7802523301388014,0.6254648681684455,0.8807793540281706,1
2011-08-19,2.3707148616243208,1.0192845847851733,0.316421239296488,5.259468252185616,0.9337331939175596,0.3579697229885697,0.8878211757397989,1
2011-08-20,1.0269208360571496,0.6000604938351582,-1.8394608902198577,4.148146362962133,0.9545456385872844,-0.2980647980791985,0.8974791292902867,0
2011-08-21,-0.3998374905521737,2.5761800362645983,-3.0359307606917496,4.08784997395519,0.9015041123510044,-0.432770534364607,0.9444529231029292,0
2011-08-22,0.8498734429434842,-0.096638500248387,-2.207342119472056,3.803904891458113,0.953311722757339,-0.3019880117710545,0.8504691580024404,0
2011-08-23,1.73610648685682,0.6317122443461692,-2.8464576512193327,3.871281919577773,0.9882627913662442,-0.152763396142529,0.7602957524597809,2
2011-08-24,1.1022396396515943,1.113508789777386,-4.009968847442796,2.390116998830071,0.683513339226608,-0.7299380214095522,0.7402652166220548,0
2011-08-25,-0.6034679229589509,-1.497442911913429,-1.4594687584170694,0.1562722593986404,-0.3037610502616676,-0.952748248145295,0.5000050666870737,3
2011-08-26,0.9879639353388354,-1.4517673870432464,-1.1428553781741155,3.5799353925028585,0.989360832436468,0.145482449940255,0.3115825764864739,2
2011-08-27,3.817539315184095,-0.1276267217518711,2.295176566052402,5.129383435583384,0.549035739177517,0.8357988735968704,0.8361649311854884,2
2011-08-28,2.357403543329606,-0.7996328869112629,-2.638878763128357,3.267288997957222,0.9593845241382062,-0.2821016392084735,0.270206177501967,2
2011-08-29,1.466719271265894,-0.3940137672762298,-1.6682459555694351,3.847600795199998,0.9901478848539704,-0.1400255909439715,0.5430473811542804,2
2011-08-30,-1.3175195183304875,1.7218665417545416,-2.9186276988866786,3.3530216411416185,0.7781540789300492,-0.628073426793816,0.97686141898694,0
2011-08-31,-1.4170546485339377,3.185534441274763,-4.615031670309515,1.3288050509916485,0.5380565932723251,-0.8429087153637573,0.9289275292983412,0
2012-06-01,-1.477796809299878,-3.8446700598038177,-2.198216861515177,2.274297684664387,-0.1215367025567762,-0.9925869382233607,0.3875024356275973,3
2012-06-02,-0.370462732519543,3.846164149128113,-0.439865251215466,4.62921535761061,0.9975840863253906,-0.0694693508702626,0.977331524246153,1
2012-06-03,-0.5428886368217027,5.528151513803355,0.0350487066420168,4.84914858999881,0.9937092902288344,-0.1119903858056864,0.9734984679857732,1
2012-06-04,0.8896117940602452,4.512144300157194,-1.7578960309149168,4.861977427690588,0.9961632646634928,-0.0875142853194386,0.9732538526543512,1
2012-06-05,0.9759632419186698,-0.3341687625679214,-1.6766773458812465,4.330865684026884,0.9995228289294048,-0.0308887430783412,0.6134309170738934,2
2012-06-06,1.2908453472498564,-0.2443828062844419,-1.2990531458887795,3.655926793088351,0.8975354495698499,-0.4409423054838892,0.676582653574193,2
2012-06-07,-2.8409764729571463,-3.9146414861144,-2.86807050672203,2.158278252865613,-0.3346608174711069,-0.9423386531653948,0.72881769172684,3
2012-06-08,-1.2636844480055154,-3.364258062287777,-2.1581703589437344,2.219109767247778,-0.4694158017005295,-0.8829772392954697,0.6217965418215385,3
2012-06-09,-2.062665390133877,-2.8344897209084734,-2.856263248406599,2.760242054256709,0.223110960327736,-0.9747930546437203,0.714546186003372,3
2012-06-10,1.3223405127356618,3.487858221739644,-0.4052625106447148,5.425046569793933,0.9993440525721616,0.0362141490117955,0.9661379047147628,1
2012-06-11,0.7174845697447708,6.323180963879104,-1.0132295866688896,5.74345923163974,0.9992523230525764,-0.0386625771778028,0.9896321857616688,1
2012-06-12,-0.7980676475563895,4.610359826433403,-1.752772417518497,3.422649077540484,0.9700175575727212,-0.2430348493542694,0.7976374360652527,0
2012-06-13,-0.4137657719974811,3.1390942425538526,-0.5311670274823191,4.703623411510195,0.9961116586893144,-0.0880997356592108,0.9743204834053876,1
2012-06-14,1.0894558309416158,4.526900709729791,0.2500584970461607,5.54437730000915,0.9997545342519932,0.0221556142451599,0.983722025173454,1
2012-06-15,-0.3382886272167155,4.622710393227124,-1.2888557539030967,4.530813484442712,0.9689861821091504,-0.247114910277653,0.9805340658554144,0
2012-06-16,-1.725636711414429,1.9736616067678685,-4.184789914370056,0.6742049896024701,0.3921265026785337,-0.9199113032771704,0.8957845215797804,0
2012-06-17,-5.284328359351759,-0.0006763872094293,-4.268466678064767,0.4436840273706663,0.0085575644964174,-0.999963383374556,0.97681758143213,3
2012-06-18,0.8762742588026124,1.4785205620762665,-3.3510482582147025,5.114947913913327,0.8294140033984203,-0.558634416203124,0.9069367501426464,0
2012-06-19,-3.0659368572576486,6.623545110606668,-3.648553315229496,4.472537637937211,0.8147615523108065,-0.579796182184813,0.9717131748814126,0
2012-06-20,-4.892101399752444,4.799824334203473,-5.864247696805302,1.7995224530618477,0.5232210195698769,-0.852197022219779,0.9721935635174772,0
2012-06-21,-4.098017614617824,0.6258836079164218,-5.491021480321312,-0.1400496443928761,-0.0010369065607494,-0.9999994624122476,0.9488733810813914,3
2012-06-22,0.3466379718473225,-3.496664815611973,-3.0362717852952805,1.552866302216905,-0.8718793304065215,-0.4897207706539264,0.6007993873922987,3
2012-06-23,-1.5597895870645613,-3.7614707794172944,-3.834148713690182,1.5416532110736625,-0.4370984876775154,-0.8994136490347636,0.6515792599485941,3
2012-06-24,1.9207335533734389,-1.588910984133068,-0.5518419285591326,-0.8208526762826109,-0.8070227527092809,0.5905203439421328,0.5929360850114368,3
2012-06-25,3.8259280334425023,-2.3909774865796107,-0.7285208648283825,-1.9173479122896004,-0.7884740579221813,0.6150680124862036,0.650404811902334,3
2012-06-26,1.4973083764662185,-1.4854379860217528,-2.4796356210922044,2.2488954962831804,0.8297269516723028,-0.5581694954658379,0.2273124205182601,2
2012-06-27,-0.8776586573644043,-0.5830354211392382,-2.270443628507734,3.638302888115688,0.6462457228312494,-0.7631293898955248,0.8581325042928298,0
2012-06-28,-1.757311699828049,3.981177314102783,-2.73252337371722,3.86322896267797,0.857454744618807,-0.5145593852323523,0.9949707330188908,0
2012-06-29,-2.813554837826388,2.3994811773824507,-2.998748609994736,3.643783829725648,0.7436053218352424,-0.6686188191625372,0.9616265396726332,0
2012-06-30,-1.8609673396505069,3.679281265766277,-4.388022238943114,2.674831920762121,0.7724823964318973,-0.6350361778692873,0.9632434604003536,0
2012-07-01,-2.4081163067426434,5.065467906688808,-1.5852181656008089,2.29398189325823,0.9312961074359566,-0.3642630372061309,0.9198422937165734,0
2012-07-02,-1.0767803593353549,4.291227738597771,-3.206570183226461,2.8291289464633644,0.8912679883429679,-0.4534769817257312,0.9690690256103162,0
2012-07-03,-0.4464081404584094,3.090722193336603,-1.1333301295000426,4.418509413209603,0.9616904894689284,-0.2741375612078962,0.9867864190962896,0
2012-07-04,0.0913088255949433,4.149905424440407,-0.8333289956136587,5.12095645929071,0.9836930147519484,-0.1798556441378008,0.9902826042360792,1
2012-07-05,0.1135091082218533,3.774529167753295,-1.1663522155050852,4.151192957802982,0.9904454697861648,-0.1379049360250134,0.9808605371295014,1
2012-07-06,0.765432386370173,2.258365609297946,0.1102111888950175,3.6766785365757473,0.9982770631417812,0.0586762746348166,0.9835109683306962,1
2012-07-07,2.040243952530097,0.3141780937748943,-2.92300985800773,2.8682657218636907,0.990820132722064,-0.1351867766929578,0.6110172050228923,2
2012-07-08,0.3210170344737459,2.932652063238863,-3.499171015453374,1.084936060402553,0.7975363124105058,-0.6032709427667241,0.6070790030980091,0
2012-07-09,2.0179811324297914,2.818410142033724,-1.0493057386876132,1.3453051891696717,0.9499234874766094,0.3124825882193693,0.8000051432344463,2
2012-07-10,4.817852804099333,0.7273320863375444,2.2136725180174004,1.915339454908068,0.7309056846094122,0.6824784833279701,0.8310590518483392,2
2012-07-11,1.1588304747412657,3.4215564519850536,1.3764187992329215,1.156365667337068,0.9147101081055256,0.4041106508489696,0.6837229885568317,2
2012-07-12,-0.2940176571248968,7.043607110946681,-1.1744098042621658,1.0774245491193912,0.9716925241324658,-0.236249102739201,0.8528282243011978,0
2012-07-13,0.6598175600645805,2.8688219760637126,-2.038390953995424,0.1235314936142272,0.9473880828469392,-0.3200872076163014,0.6505617585258006,2
2012-07-14,-0.0181476113200624,1.469814480118978,-1.6470150706766522,2.5517461953859715,0.9771290433196992,-0.2126472024295855,0.9174582445811922,0
2012-07-15,1.894196406041997,1.579068645436594,-1.6281600296065857,2.340354816980436,0.9999062263756558,0.0136944680508489,0.7003247892060415,2
2012-07-16,-0.9298115997171555,3.353243314592759,-2.6142001871790645,3.349805014958096,0.8657594953066705,-0.5004602844245876,0.9836990683599416,0
2012-07-17,-1.1354036891534958,2.6517245789681057,-1.428052754785929,3.627077732807941,0.8945531087008397,-0.4469616714145225,0.9765061324815044,0
2012-07-18,-0.3839605536508302,2.9286269986136846,-1.1813478099753274,4.230707393853043,0.9732065744847996,-0.2299325191867434,0.9657686708601614,0
2012-07-19,0.982629682967966,2.558285650475754,1.9808117224766504,3.875092960539887,0.9191435023033164,0.3939228632278067,0.9956429903420662,1
2012-07-20,3.0832638926428286,1.6786956052410364,3.0400601412290724,4.925387665223854,0.6407892179670049,0.7677168606571269,0.9378834944590704,1
2012-07-21,2.2018009182675784,1.9463327115483675,1.1307141592745913,4.914749081853588,0.8132698727884945,0.5818866848576155,0.8885752039924169,1
2012-07-22,1.9596800873025488,2.3091810947562643,-0.6846381426073684,4.105433265830104,0.9902707169228286,0.1391542568703774,0.8807128123055274,1
2012-07-23,-0.2290349965483946,2.713280506680904,-3.7274830521128015,2.650788464274796,0.7458962022471562,-0.6660622009041418,0.9132449781677432,0
2012-07-24,-0.500339586224108,3.679144683438789,-1.7481106712383052,4.086769074742135,0.9612310151224478,-0.2757443300716599,0.99081746890592,0
2012-07-25,1.469925712294829,3.953597877775672,0.8386268189120264,5.521917570497964,0.9925873644925428,0.1215332211773708,0.9874794328705916,1
2012-07-26,1.989371181403127,4.9348466516043485,-0.4033380749448869,5.332817042281913,0.9859937884787136,0.1667820406440505,0.9820416146478734,1
2012-07-27,0.7690992907188932,3.5125319799417403,-1.2672955861799398,3.749077246626155,0.999681576710816,-0.0252338103539102,0.977455592253806,1
2012-07-28,2.0774738589296526,0.5927144279873423,0.8192451763453519,4.064865104333558,0.8742185426946352,0.4855326349575981,0.8688747285105803,1
2012-07-29,3.0556134497222303,0.000751457867362,0.5048618372812033,2.8787279259894745,0.6347359530966914,0.7727291050856275,0.8157904228263083,2
2012-07-30,2.2067092899100977,0.0705658627264104,1.364976283168988,4.711429646739381,0.868301483493744,0.4960368270225139,0.8543390642262203,1
2012-07-31,2.566235257350036,2.4755289224014576,1.118462095624024,5.068242102710558,0.9052606412508972,0.4248566480614543,0.9693016398897054,1
2012-08-01,2.656978554553341,2.8243455124847965,0.952181011295876,5.4125966970494215,0.9150546262219932,0.4033299282593945,0.9582328948278128,1
2012-08-02,2.6161706036177588,3.0400806346104643,0.6676404225688547,4.596495154346937,0.922520889731468,0.3859471570164246,0.9698773294977072,1
2012-08-03,1.7837461126446603,4.289484444606776,-0.7385731690314697,4.249672931132415,0.9978547382580912,0.0654669484234312,0.947751468978996,1
2012-08-04,0.5730330861276463,3.891314296732608,-2.2189831380945058,3.5596771327105827,0.9538638362710729,-0.300239540790736,0.9505525178137916,0
2012-08-05,-0.4355698164246441,1.33491870315356,-0.017483316373961,1.275235019001897,0.983806941658747,0.1792314189645965,0.4767245291994899,2
2012-08-06,2.3758530521453944,-0.9052489217533236,-0.5006060197045445,3.048733976570836,0.8365200288537638,0.5479363478785636,0.4789169664590359,2
2012-08-07,1.9678158114333275,-0.613552845548223,-1.9273319471994024,3.20266354663593,0.9927624447189264,-0.1200946641433347,0.6924333684412399,2
2012-08-08,0.5616478919049467,0.2837605974425601,-2.037662147157765,3.14696240209578,0.9085670561040258,-0.4177390388298227,0.8825961356633508,0
2012-08-09,1.7682557165842454,0.5342360789771529,2.245777857629247,4.584166076204227,0.8587850960348158,0.512335982367501,0.9399630163680652,1
2012-08-10,3.242588809783053,1.5074632040742368,3.0809986082859004,5.928281863990998,0.8003224197874468,0.599569866142025,0.9582749518540132,1
2012-08-11,2.748079657662917,1.1832252897703872,1.2104683261052684,4.802580638308163,0.8704067939054656,0.4923332338195425,0.8858638559709408,1
2012-08-12,1.0742732765673886,3.5183405610594853,0.255662067473538,4.7664628742090445,0.9888688002841828,0.1487901066083393,0.9876727445452316,1
2012-08-13,1.7049232468096231,3.905876189394332,1.211849937279816,5.459474736551746,0.9525910273577924,0.304253733908765,0.9924034651864506,1
2012-08-14,2.704166373848356,1.1354371103196703,2.339276266075032,5.078791356746724,0.8454471178371238,0.5340591455456039,0.9444656258134684,1
2012-08-15,2.2852847167917627,4.469550338777448,0.2261986351329957,4.188057666455611,0.9862416165736708,0.1653102348257732,0.9697526046734012,1
2012-08-16,0.7600902858257864,3.933844408303389,-1.292131188215361,4.119721100846897,0.9952205755196376,-0.0976524759663624,0.9818758393783956,1
2012-08-17,1.2650093209316486,3.205159356905522,1.7752224178125968,3.637225325286317,0.950545620870543,0.3105849684769596,0.9702557962977288,1
2012-08-18,1.872034503065056,3.748605965562407,1.7897032555229178,1.5502525340170428,0.9523629914217951,0.3049667728952279,0.6616019000004382,2
2012-08-19,-0.1400135950418676,-2.4316243444542662,-2.999891076534424,0.5526262904367272,-0.1888376729854424,-0.9820083162893496,0.4069610244601276,3
2012-08-20,2.5412980914038448,-1.206391373497036,0.0829379514532607,3.005923226994961,0.5988625082381747,0.8008518566043799,0.6023943665746493,2
2012-08-21,-0.8715757051763309,-1.6488976361757104,-4.168243923952269,0.9853742942327952,-0.1334023339321911,-0.9910619644106236,0.7793285522768499,3
2012-08-22,-4.2944146155822525,-1.749907690572801,-3.244854665779836,1.953719728358265,0.0450532421786207,-0.9989845871529724,0.9051561248748992,3
2012-08-23,-0.7835413360562484,1.4953426619926504,-5.232021104080161,2.0759976667875057,0.7176423444982544,-0.6964118504039466,0.8362285536126465,0
2012-08-24,1.590669924144522,0.7375224314196198,-0.0418623038896767,5.856626499382538,0.9995512060968456,0.0299564081682248,0.8684613954499729,1
2012-08-25,-1.728402476907578,6.510574039794183,-2.3232538040279214,4.728559687970338,0.9517529844521349,-0.3068652091496437,0.981463506533025,0
2012-08-26,-2.652699965932696,4.541291358189439,-3.581621592683724,2.169605237555285,0.7084735204867667,-0.7057373950479647,0.9753295816541436,0
2012-08-27,-0.0886643639648555,-2.2246562734737467,-0.6102191831152725,-2.650495892334907,-0.9969024405675584,-0.0786481022685589,0.7438348443709187,3
2012-08-28,-0.6785494982857043,-4.404925681338156,0.806991335367309,-4.623519474951517,-0.9991868562982,-0.0403190550598578,0.9885926739288248,3
2012-08-29,2.746481128427546,-6.423138842365641,-0.5404425926518734,-5.70386455477735,-0.9691382906523937,0.246517694276408,0.9743500277094806,3
2012-08-30,4.152382064473708,-0.7336886505335244,2.959991137848172,4.524121651688279,0.4315495009165007,0.9020892573679832,0.7417430254409547,2
2012-08-31,3.120267195791309,6.13224957692008,-1.3778097184585307,6.105693589149463,0.992818079110702,0.1196338655688098,0.94631152699542,1
2013-06-01,-0.9904904396193176,7.440938783184309,-3.060911486908373,4.4474523898511,0.9632499994834846,-0.2686064751547643,0.977211933187016,0
2013-06-02,0.0756533271666076,1.1821134398901658,-2.1785122970698043,-4.813314962678947,-0.8599572672958719,-0.5103660435658082,0.3249409208140252,3
2013-06-03,-1.857955518064283,-3.1464846293635835,-1.850994815859392,-0.1328166422557263,-0.7280026287345484,-0.68557433773121,0.5783903574347239,3
2013-06-04,-1.2744388192312242,1.3189267282572483,-3.4739973366484533,2.598614459087924,0.7419346481088492,-0.6704722051924286,0.9478969020687968,0
2013-06-05,-1.1476079275290436,0.9106380374018176,-3.411231473090848,2.2334081452856465,0.6415420990947578,-0.767087827493757,0.8829386848778542,0
2013-06-06,-1.1453690955377245,0.910752110689382,-0.9707601472856464,5.183798690712719,0.9164387511108192,-0.4001749810550901,0.4884871587057575,2
2013-06-07,-0.200249669475023,-4.485378924989411,-1.7812862261051663,-2.807307977298406,-0.9792095826649746,-0.2028511602557065,0.7861577136277521,3
2013-06-08,0.1640236581195892,1.009855827030694,-0.5866663818776627,3.814349048032846,0.90556516215433,-0.4242071865166854,0.8758826574841971,0
2013-06-09,-1.4655229123682092,4.33714548123861,-2.800976143954675,-0.8129439199322157,0.8443594277455433,-0.5357771521605029,0.736630194159703,0
2013-06-10,-0.5801188595497643,1.9560838693068348,-2.5490557967414613,4.0770249886053325,0.8525818880340518,-0.5225936511251277,0.9894026099486524,0
2013-06-11,-0.8627169653151938,5.427991327889152,-1.704619615172868,4.344748755996148,0.9238382949220608,-0.3827829735444082,0.9835113928853068,0
2013-06-12,-1.173384142726881,4.730674152420593,-1.868048287750188,4.407949600011824,0.9609513851611168,-0.2767172480293389,0.9901356139117988,0
2013-06-13,1.1984981611420824,3.087770508417029,-0.4521177864989224,4.199876929948917,0.9946244020795904,0.1035485334894564,0.9437048635564091,1
2013-06-14,1.0805331935539386,0.0661327563743741,0.2024312159528642,3.898692153682804,0.9461739400650752,0.323658578044413,0.8980307154598343,1
2013-06-15,1.0728510429058735,0.7077386411627894,0.7010745373547462,4.288095278288003,0.9512742990573628,0.3083459225495339,0.9441240305927844,1
2013-06-16,1.1596200013476836,3.453641180147212,0.4436868345132138,5.218369188933418,0.9865905662678338,0.1632147497970545,0.9927656892702638,1
2013-06-17,1.9628339825666885,4.009489169134021,0.272419420232701,5.874506811598938,0.9755458745793728,0.2197959203242096,0.9813523180421312,1
2013-06-18,2.083263232004466,3.123970072469984,1.7484159463388405,4.451873769453064,0.9345210070894016,0.3559079758991228,0.9268824854674804,1
2013-06-19,1.4401689636238426,2.256035312963094,-0.0394432456588171,4.750326224409903,0.987067910548908,0.1603026511465519,0.9662285694998142,1
2013-06-20,-0.0974823502611828,3.744518832376884,-1.7154246914380678,3.7557568103196552,0.9662301658220854,-0.2576805515661306,0.9794830816541984,0
2013-06-21,0.343737995811644,2.985563151760979,-1.7335666434060155,3.257069216872824,0.9761076651877698,-0.2172874270676532,0.9738585360310956,0
2013-06-22,-0.7048340701249994,3.5329794783363164,-2.4114532249913863,3.672621320105543,0.9609336186775168,-0.2767789379547016,0.9759504697814152,0
2013-06-23,-0.4476755257410015,3.5385755215836303,-1.0299529834240773,4.767787963156644,0.97102080830405,-0.2389949577722288,0.9940956415483778,0
2013-06-24,-0.6751368823306262,5.2087615909512905,-0.5469192141278304,5.293282587340929,0.9867333751719752,-0.1623491494333185,0.9893636161873932,1
2013-06-25,-0.6837806323806552,5.625202296944623,-0.7278098231897013,5.538298160515538,0.9879932339231368,-0.154497151177949,0.9954802281576846,1
2013-06-26,1.0174487197686626,5.874395894223286,-0.6862124861370236,4.813447838305245,0.9984823013026684,0.0550735325299498,0.9765988943676956,1
2013-06-27,1.6146716984434342,3.0505674873097783,-0.5462350083333565,4.873000570697443,0.9849063336750452,0.1730881679572012,0.972047596110888,1
2013-06-28,3.085077428600159,1.5216423797339182,2.216933013192212,4.686372178588284,0.6854628113781498,0.7281076391698984,0.9059936547161456,1
2013-06-29,4.720267622767005,1.8003531476023664,2.658695482477723,5.29786234127311,0.6214212795296936,0.7834766067647958,0.933103981034174,1
2013-06-30,0.453486958312852,-1.6630494199923374,0.5952109693561483,3.602468150631966,0.700660713740128,0.7134946140099268,0.1576670977921534,2
2013-07-01,-2.2642685415622195,-3.195797252521623,-2.199804052358695,-5.684886181692386,-0.891033890131125,-0.4539367870505696,0.946823122699288,3
2013-07-02,0.6234965833581672,-0.7821722240148258,-2.171436772346434,3.762084477060264,0.7421468449151234,-0.6702373166144421,0.6057026275024397,2
2013-07-03,-0.6595721761344987,-2.535206138760514,-4.497668296746739,2.4841087241768625,0.0910210813970902,-0.9958489658283048,0.6133237715775333,3
2013-07-04,-0.3966559223493556,-1.9849297283598983,-3.516469947778128,2.4462668535545373,0.3493828463866084,-0.936980056698536,0.6541407477002501,3
2013-07-05,-1.0174647711996578,-1.3964144310223248,-4.898048680916335,2.463999933726929,0.3059022793683131,-0.9520629157136992,0.889036929665381,3
2013-07-06,-3.290388237233348,0.1949144662546088,-6.490893861380019,1.614144837400893,0.2499063489599928,-0.9682700123155144,0.9287802964356792,3
2013-07-07,-1.67529933626554,5.230319181340006,-0.4674303307221458,6.703067024645468,0.946240762299526,-0.3234631660062885,0.9775468618261812,0
2013-07-08,-1.4129992297490692,4.519842932664642,-2.647670116048828,2.7732461297355675,0.8908987240374415,-0.4542020073804811,0.9670101713746136,0
2013-07-09,-1.7365017431835283,2.979039717445017,-3.025612847038905,4.394283517719157,0.8486665307516311,-0.5289282745155441,0.9668119315544456,0
2013-07-10,0.7218851668026689,1.8349186602683871,-0.1019805654478087,5.069202749620748,0.9981281973193316,0.0611563710177541,0.954938656934637,1
2013-07-11,2.5975734573940388,2.206444936125746,0.9500585637463148,5.28567800193264,0.9012316564884332,0.4333376297335774,0.9417083472790808,1
2013-07-12,3.0257355628332547,0.0444263933358773,0.4401666345654574,4.258925780088001,0.780120967930242,0.6256287041013882,0.7227061876608726,2
2013-07-13,1.968815311713136,-1.1945506902571092,1.261108342722471,4.8126143217132,0.7748086370931107,0.6321958366565825,0.6397251049783103,2
2013-07-14,1.4846629881707956,1.485887224008283,-1.6296255466831675,3.848417233183068,0.9987964942102562,-0.0490465406863893,0.8009217422891037,1
2013-07-15,-1.951424981682549,5.021484223701314,-6.176631917373471,3.6455518604474895,0.7387743470628665,-0.6739528649110672,0.9567675019587438,0
2013-07-16,-4.4842541036300085,-1.2817997606721063,-5.472331069980531,0.3085559130353621,0.0225528503326575,-0.9997456521245156,0.915565502460348,3
2013-07-17,-2.862818001097037,-0.3523048671134834,-5.698803511445151,-0.1039297638071498,-0.1081147056859789,-0.9941384261834134,0.9312838793255296,3
2013-07-18,-3.839161592861048,-1.2831981928669554,-3.642531520695017,2.1943123347606,0.0094479242958767,-0.9999553673672136,0.9263209950641637,3
2013-07-19,-0.5687483062059899,1.657819892717244,-3.706168833912011,-1.256483636841664,0.0466172620961204,-0.9989128244620056,0.669212883123452,3
2013-07-20,-0.0427221524507779,0.0708456667838691,-2.835199720179477,4.220558309651894,0.9183890756392968,-0.3956785383949931,0.892314041850157,0
2013-07-21,1.447911449128202,3.019527897982473,-0.9576082459180788,4.01979322736727,0.999978901171248,-0.0064959381419207,0.9015317946416384,1
2013-07-22,2.0011782643610743,4.721805992172078,1.6288636766401725,5.358550211740247,0.9680310289447046,0.2508304746243098,0.9936434055155684,1
2013-07-23,2.3467469939179395,5.443507981539686,2.085038506403735,4.513409346829247,0.9210726675816396,0.3893907305445807,0.9951475347732356,1
2013-07-24,3.1877794139844147,3.7860280851890535,2.5741552160420857,5.191621839656309,0.864687444693893,0.5023102855693339,0.9880577486723292,1
2013-07-25,2.9164729619138305,1.0132368650249113,-0.3909155754769603,4.456565776314136,0.8802058704157246,0.4745920623922154,0.8518008910534423,1
2013-07-26,2.509530236441401,2.370748853327331,1.9486720603342664,5.467958707950926,0.8942301476169185,0.4476074654125241,0.9833057636636447,1
2013-07-27,3.975361061623141,1.891544040654626,3.430823261478948,5.57881552005771,0.7277013299551955,0.685894142256252,0.9508688830543356,1
2013-07-28,2.2212000617014995,1.1136637502611422,1.5283502324682812,4.903458116189208,0.9193597983402056,0.3934177947117497,0.9078375924049408,1
2013-07-29,-0.5019749559265829,4.89500928593805,-1.4041314842335215,5.054340686136035,0.9865934555738306,-0.1631972837362435,0.994364954603033,0
2013-07-30,0.979593375727172,4.572128148136434,-0.8019276145115543,4.784946842996163,0.9988386282491544,0.048180854261289,0.9778029350834736,1
2013-07-31,1.3739860999892033,3.173032593216586,-0.3791436640969091,5.062617970867368,0.9872377697542082,0.1592532133764874,0.976781259791568,1
2013-08-01,2.305211808381452,1.3824718936073022,-0.7355814154919282,4.072942705380785,0.9354087114725622,0.3535682996271594,0.8474644506854105,1
2013-08-02,1.7000939944482891,0.6447757132744931,-1.7996284373988043,4.293338051362482,0.9996537323856004,0.0263137858838006,0.8280860464112685,1
2013-08-03,1.3464737641089353,3.1387402192758955,-2.14368393734426,4.755129347745165,0.9902761152858508,-0.1391158348081348,0.947223439512792,1
2013-08-04,1.196162792273625,2.57480197067593,0.0707314242615252,5.20145512757122,0.9936654052090784,0.1123791016634218,0.9767623617237796,1
2013-08-05,2.622242614908142,2.8041072417170527,1.2533106984384843,6.183548285194843,0.9337700208556756,0.3578736483050845,0.9733782455432836,1
2013-08-06,2.530024253974989,4.117280869233777,1.15938433397701,6.144293115909155,0.9454353606122752,0.3258097280682963,0.9836494973256004,1
2013-08-07,3.0376733904739583,4.895488058715641,0.419431699758536,6.047392496009133,0.9586078603446708,0.284729643847303,0.9712663720244564,1
2013-08-08,2.3551153390546857,3.342912640205654,-0.953058550096746,5.225623949472789,0.997616240245312,0.0690060663913509,0.9263251494255568,1
2013-08-09,0.1700178581236011,1.613622290084774,-3.976983589835138,2.495047292285677,0.7396216224774557,-0.6730229235054449,0.9303918710479044,0
2013-08-10,-2.60604144435512,1.8378210289685577,-3.9931120705204215,1.4068133982285127,0.398867657186293,-0.9170085016240132,0.9613653989745252,0
2013-08-11,-2.394523720525827,2.278522065577647,-2.202208422485483,3.290530792337861,0.7641516329601319,-0.6450366515511843,0.9792693301521193,0
2013-08-12,1.3583075678813068,3.1863273365114644,-0.1284868618495435,5.109812026535947,0.9999135215974322,-0.0131510199840717,0.9580554352531472,1
2013-08-13,3.0071074535510127,3.715706707736601,1.6159406117576984,5.7973206588797295,0.925434049702842,0.378908722056642,0.982300062360507,1
2013-08-14,2.9173991698450283,2.9892802051801146,0.6213418768533956,5.380077443034007,0.8744251875135632,0.4851603770320384,0.6208596138517468,2
2013-08-15,-1.8235927295015244,-2.8543807202383698,-1.87638966389878,-2.208803037901675,-0.6775658969173887,-0.7354620692697447,0.7562534741568392,3
2013-08-16,1.374272325391469,-1.0224884811126,-3.9328602227139617,2.637385604194126,0.2861421524623903,-0.9581871782612156,0.3559684672995538,3
2013-08-17,-2.3905251912517262,-4.742442447058858,-1.5677772644695114,-2.438848757203045,-0.9304853329440472,-0.3663291486846293,0.7864075044729857,3
2013-08-18,-1.0271403024854802,-2.727100716035411,-2.631579907648024,1.703886414083873,-0.4137853295113387,-0.9103744839796384,0.6369372731629434,3
2013-08-19,-2.8680249731146867,-1.5487290244427747,-4.103609148534241,1.849472740178865,0.1104674969977924,-0.9938797372454288,0.8442963194549883,3
2013-08-20,0.6367135712926675,-0.9355212558288406,-0.6588649992325392,-0.6771900861647988,-0.2853088439023933,-0.9584356335148856,0.2088874283902702,3
2013-08-21,-2.778682461228894,1.4927130917966775,-5.41061792029611,1.8097904263431368,0.3135710811424822,-0.9495647303218115,0.9606943505932174,0
2013-08-22,-3.383953238108616,2.211341075766556,-3.809679024426015,2.0513638261188354,0.5065326018453581,-0.8622208088812122,0.9834509496735412,0
2013-08-23,-1.919762766749345,-1.5737936131403678,-2.716204060433866,2.327808219229246,0.0603160613598553,-0.99817932894948,0.7376943021594052,3
2013-08-24,-2.373128956689686,-2.988183825667309,-5.339023492200542,0.8989968840887824,-0.2498052657161849,-0.968296095840764,0.9275964708863024,3
2013-08-25,-1.6408666789261683,-0.589481688441681,-4.19284898940541,-0.5287231089430955,0.0537722241929356,-0.9985532273771612,0.885391586668,3
2013-08-26,-4.801579567384223,0.8284550742141661,-2.620658871091514,0.6727847319163927,0.37842366890916,-0.9256325009469636,0.7910084669088507,3
2013-08-27,-5.571856796632443,0.6752917769493975,-3.8140406191185647,0.5984966186793839,0.2018969104691189,-0.9794067783832336,0.9848485435687928,3
2013-08-28,-1.1278648554152766,-1.063635449263534,-0.1243002528830448,3.242356087243361,0.8256364178750373,-0.5642025394115812,0.5910658543128837,2
2013-08-29,1.664704872710241,0.1171397840845545,-0.347928703849559,4.985762145279113,0.9323647904184128,0.3615188758391867,0.7223633060912489,2
2013-08-30,1.014406127870621,1.7101177800820486,-1.7305337330017356,4.269145348786413,0.9952326490981388,-0.0975293502956983,0.8566439433855134,1
2013-08-31,0.9463690776212678,1.5491172691540205,-0.5539348015263073,3.6733813276328986,0.999989697549082,0.0045392505653804,0.9267238681205274,1
2014-06-01,-2.88271336971114,0.7890362393970299,-4.617737727799353,4.117087450960968,0.5557508904408109,-0.8313488724802878,0.981414089967562,0
2014-06-02,-4.937640398871861,4.098119208667468,-5.661431418013825,2.760067047692881,0.4848947665176862,-0.874572504372141,0.9822886840669032,0
2014-06-03,-5.126188204630113,1.4304144181528362,-3.950458925993956,3.386593104002845,0.4990513726148722,-0.8665724017594906,0.9732669037326918,0
2014-06-04,-1.3711335260093305,3.02959303815752,-2.413771089375117,4.4860760623554645,0.9206814459658884,-0.3903148409350598,0.9906785493839771,0
2014-06-05,0.7086385277430849,4.265448213625631,-1.1350500601446682,4.262185884038981,0.9958475681631226,-0.0910363717620325,0.9804195109998745,1
2014-06-06,-0.7695176739510694,4.715653918034908,-0.7066908673721886,3.944072438040969,0.9844587479667608,-0.1756159831897938,0.9890563880443766,0
2014-06-07,0.1174385394979617,4.458469776968979,-0.0859306387323375,4.528703126079863,0.9973671357729568,-0.0725175598048399,0.9921600373283406,1
2014-06-08,-0.3009806070614887,5.809913097725574,-0.1254518424195998,5.8820381892445015,0.999504198626432,-0.0314858210649457,0.99365408150334,1
2014-06-09,0.0732744923942725,7.231004631385652,-0.6210281781707897,4.7145844872284375,0.9988583379663216,0.0477705000513631,0.9809596049825242,1
2014-06-10,4.383774664760563,4.124650462838648,2.986100287622603,3.54604846878538,0.4716754578500384,0.8817722282210734,0.8072055855051494,1
2014-06-11,0.6405725179681885,0.730222856109866,-0.2728389412971262,4.670883487400522,0.9999951186131992,0.0031245399299079,0.824274013714923,1
2014-06-12,0.4393620531683095,5.548645859852234,-0.9834220326954384,4.811571605178803,0.9991547089947224,0.0411079979282815,0.9682374687535702,1
2014-06-13,0.987504073767194,2.250828722621509,-2.4595041511793845,5.308143050437233,0.9369370142631954,-0.3494982565100556,0.8048562313918004,0
2014-06-14,-0.4867687578639242,2.676827828229184,-3.690602872783014,3.81547020404422,0.8664008343892622,-0.4993491705906702,0.9568755548759522,0
2014-06-15,-1.0331676716909115,5.220534377979262,-1.7427032693912596,4.313243844682687,0.9414914685653796,-0.337036814930661,0.9751565202833372,0
2014-06-16,-1.2245695592204295,5.931444490431469,-2.8206969507631707,4.893774458787705,0.9214069135795222,-0.3885991502922504,0.98945431567916,0
2014-06-17,-1.87270278905726,6.081682695685363,-3.156222777269955,4.955920106130536,0.9248769376726558,-0.3802665514625898,0.9861322739665777,0
2014-06-18,-1.3316136696236285,6.5919294722240425,-3.1930503066979186,5.473230553432113,0.926139225446834,-0.3771818329251004,0.985251880814564,0
2014-06-19,-1.6416345481692431,6.145610045028798,-3.849608837353281,3.0375154878818096,0.8836691347041122,-0.4681120169054471,0.961794137662186,0
2014-06-20,-1.6068470925302072,3.442191390197647,-1.9423386604586053,3.593868407573324,0.8644979773107728,-0.5026362971628517,0.9764170774837854,0
2014-06-21,0.4113953980351353,3.1131202502443727,-0.5745213080675342,4.433259819219015,0.9947595780500852,-0.1022417814673463,0.9714725947439956,1
2014-06-22,1.6562105088769967,4.853185242716839,0.3606348706396138,4.081509093959081,0.990439863723228,0.1379451932758562,0.971172237800372,1
2014-06-23,0.0046867190110167,6.489615536106777,0.5047177341965766,5.313688273473566,0.9998103123454176,0.0194766354321902,0.9922056054585964,1
2014-06-24,-0.6715290411348898,3.6445155784358776,-0.5068087466598186,1.4033622100901575,0.9725374763038686,-0.232746336565159,0.8703105704383031,0
2014-06-25,-0.7172792378272203,3.836663866938287,-3.061717539727832,6.260155048480806,0.9228783627405908,-0.3850915833736785,0.8033633223069002,0
2014-06-26,-3.878610376406163,1.9833633323689333,-0.5278540234620179,6.01944052587699,0.8680574559983074,-0.4964637480075927,0.907819832383924,0
2014-06-27,-4.589539724397419,6.112410229641801,-4.472075257363281,7.808781275634227,0.8417308461147683,-0.5398973816373961,0.9930929274709692,0
2014-06-28,-2.158934766888072,7.168890427702484,-2.545258124799864,6.610420086529918,0.9519566840306584,-0.3062327084577241,0.9941575414056028,0
2014-06-29,-0.9875350166512774,6.991461978330196,-2.387138751303889,4.780522999170133,0.9630709682291964,-0.2692476743707886,0.9887070702286648,0
2014-06-30,0.7847081149005029,5.493114729433992,-1.0844757070735562,5.885870689926021,0.9989214977388874,-0.0464310387036312,0.987182591420779,1
2014-07-01,0.8530069218921517,4.67988725710787,-0.9364669774813568,4.612182750469292,0.9992228791779336,-0.0394162114790434,0.9809934412075432,1
2014-07-02,0.5941887769553935,0.9784178028332594,-0.9901337430150208,3.794284878158739,0.9993713347722476,-0.0354532824366962,0.8812500229884954,1
2014-07-03,2.015225286270366,-0.9361477867719056,-2.191116505341299,0.8592267545349086,-0.8657326386944878,-0.5005067415121194,0.3721927709108116,3
2014-07-04,-1.5193980335284192,-2.992940688108427,-5.318192767391825,0.5142501936225286,-0.3731196486226407,-0.9277832332025177,0.8840265029148261,3
2014-07-05,-4.162441518591246,-0.24777077245249,-1.324133476191364,2.3272158054809715,0.3794559133147951,-0.9252098193655506,0.7750153691911069,3
2014-07-06,-1.5145747877383862,1.280522890849895,-0.4214906461308,3.8508569175101854,0.9609982197929788,-0.2765545543915802,0.9482157177627258,0
2014-07-07,1.4429114861535963,2.9991305154016743,-1.7049802875123206,4.80077442656076,0.9970469916886509,-0.0767938562947031,0.9489879430342304,1
2014-07-08,2.0594029881912745,2.115812730231906,0.483201956739367,5.255051084277672,0.9615024876826728,0.2747962266480965,0.9692504871070796,1
2014-07-09,1.566331296134595,2.867128389683079,-0.0019296039541251,4.64006193508329,0.9767961079219626,0.2141713415667594,0.9671080311925448,1
2014-07-10,-0.0351190642755115,2.9630571776459007,0.2948316946261027,4.250408198425958,0.9974735238994316,0.0710392083264591,0.9169234696961062,1
2014-07-11,0.0684361057537736,2.542865378603852,-0.6300578909350075,3.824875961478191,0.9491661680214154,-0.3147754524792905,0.9471225723373556,0
2014-07-12,1.19805808645272,-0.7514204814307508,-1.6044873044933063,2.6171135850640908,0.8711126279812195,-0.491083281502897,0.5998071820828467,2
2014-07-13,1.9909253129740976,-0.9833255541091388,0.2609055314389835,3.63652984505948,0.9691085014938932,0.2466347751884572,0.4579996765170172,2
2014-07-14,2.001049243054701,1.565882252758646,1.365359220353946,5.174795582052928,0.897410423016821,0.4411967051789604,0.972685194483136,1
2014-07-15,3.1101055109101665,1.8047445198545573,-0.3767984746217447,1.3433461448354471,0.3318786336920797,0.9433220937191488,0.5320900023562197,2
2014-07-16,1.6381318612951603,-0.2223768270440462,-2.0247636811916188,2.549332947494608,0.898441686590589,-0.4390928555513717,0.6168476503406285,2
2014-07-17,-0.0470936609913349,4.715483301365257,-1.1994396673329055,6.858076475047243,0.9922462680859402,-0.1242873423544188,0.9883767784720482,1
2014-07-18,3.516971078769133,5.050009046020282,-0.0128534131329303,1.0233288716321731,0.9261945135667836,0.3770460489632388,0.7424123419930945,2
2014-07-19,-1.9981683837271755,-4.347749569821618,-3.313894813844541,0.4987725083158028,-0.5283124841378298,-0.849050009778055,0.8106170553320374,3
2014-07-20,-0.7867512517053432,-1.6870319618767635,-3.0556871503447027,3.2951920360253384,0.6437415828445546,-0.7652429513016029,0.6389057784062875,3
2014-07-21,1.3506644195880242,1.8930277084025988,-0.1172488321074248,4.574936283499245,0.9835168250376366,0.1808166332721826,0.945111095818722,1
2014-07-22,1.620358720875668,-0.5945497221652494,0.9645961724293558,3.672603919875839,0.7899956416341527,0.6131124580360795,0.7501681123953611,2
2014-07-23,1.6109177510271266,-0.5125029519067942,0.4089683107125822,2.756693350504227,0.9287241680323892,0.3707713847002574,0.5865176767112268,2
2014-07-24,0.7193534076569872,-0.0386497430144353,0.8603489979459675,1.3629653193643123,0.9552437744461552,-0.2958197616486483,0.2678721277219257,2
2014-07-25,2.489202143048476,-0.1186515552273921,-0.5546574540596932,4.516866562297343,0.9102736404994696,0.4140071248322213,0.7351772392281481,2
2014-07-26,1.854153431559927,2.781394478561513,0.2815913171737004,6.35144301750374,0.9752349631736936,0.2211713512270621,0.9754752248549724,1
2014-07-27,1.5834637103093925,4.215230211370197,1.183141992546409,5.459378543840501,0.9578295411992463,0.2873370320826069,0.9910089357378477,1
2014-07-28,2.173010576253673,1.533924446020934,1.0294403840917992,4.585996252734224,0.8808323348800223,0.4734283449792674,0.9560632268924464,1
2014-07-29,2.878963483769064,-1.5458790530265607,-1.275484700967204,-0.4473704947169221,-0.3064647178256175,0.9518820182817116,0.4821298848549749,2
2014-07-30,-0.6283723538002777,-0.2194164103194872,-4.92361287718317,1.8191086011756568,0.4622782917671349,-0.8867348989189834,0.942841316380379,0
2014-07-31,1.449446608678746,3.4813702946832463,-0.3510847823878343,5.155252930003892,0.9992945546418892,-0.037555200213399,0.9393570728843974,1
2014-08-01,2.094951645960741,0.5803752331281056,2.01341465872439,2.1797138809208896,-0.0073594404782042,0.9999729189512324,0.4542527573844693,2
2014-08-02,-0.8952951566166429,-3.428246476434378,0.3239506139678171,-3.952522558065892,-0.9989499239937066,-0.0458153833659358,0.9655553170063916,3
2014-08-03,-1.2802572357171536,-2.2348466249517345,-1.0721765098877654,1.4479342655072338,-0.6904068501055205,-0.7234213027879214,0.4414491293568279,3
2014-08-04,1.377856124723697,-0.6417926872663211,-3.459057727373632,1.7089064385323525,0.2085046655611888,-0.978021372179165,0.6003747617532351,3
2014-08-05,-2.454604575231433,-0.3395868865579426,-2.9158166731286435,3.308915660545882,0.6717434353534923,-0.7407838801293454,0.9226082055028028,0
2014-08-06,1.2310158989509294,2.225712571371941,-0.9020113975718322,4.826991035910188,0.996244493607586,-0.0865846923916965,0.95341515951839,1
2014-08-07,1.9953660112540104,4.28463442459587,0.5665235291931272,5.783482566995945,0.9818479773892088,0.1896695792601437,0.98046873010627,1
2014-08-08,1.7614801650963408,3.752308901110659,-0.3925281532552948,5.472654972233381,0.9871603632866112,0.159732329713949,0.9825957514899928,1
2014-08-09,1.0752973576931375,3.703411032957393,-0.1378088953140312,4.416013072001195,0.999108855934653,0.0422077480203426,0.9673488782581784,1
2014-08-10,1.856426863576397,2.441816406016835,-0.4434467930862221,3.643896361689052,0.9995347604142508,-0.0305002085833226,0.807680622901138,1
2014-08-11,1.3598240865117268,2.2575221541351107,0.7590122924150912,4.447236084155786,0.9794703274988384,0.201588386444552,0.7319293913759218,1
2014-08-12,2.9401091156754697,-1.0241829146315151,-0.7935995849297595,0.073137848759541,-0.365354059870133,0.9308686324806584,0.3184307812276343,2
2014-08-13,0.5189673781826032,-1.1096328238552178,-2.2551999495752155,0.5662366579361368,-0.1256545112708797,-0.9920740616492684,0.3721882841251269,3
2014-08-14,0.127157334991307,-0.4020232624606892,-5.183656158291575,1.049637534455884,0.23863042647705,-0.9711104569303026,0.7662666074491674,3
2014-08-15,1.2626283360279416,0.7806148542712814,0.1042438239503462,4.50680171717067,0.997870674994545,-0.0652235845835789,0.7467934767143987,2
2014-08-16,2.753489483012392,4.454669382196466,1.33002434108904,5.674397067837892,0.94890900800712,0.3155498289065354,0.9811484856232796,1
2014-08-17,1.953493653753429,5.191218669209739,1.1943332040952497,5.638553570976702,0.9618854355924764,0.2734527542283531,0.9878572852725952,1
2014-08-18,1.3994555685438743,5.08007947620604,1.25547295766821,6.606586650022874,0.9768352717863504,0.2139926442522899,0.9967232782079242,1
2014-08-19,0.6572757317749173,4.829462479520665,-1.6998058543701462,4.154906042573035,0.9937042795251008,-0.1120348376778406,0.9257395749340164,1
2014-08-20,-1.812555540138159,5.136266819558125,-1.5439544216104804,5.446860426941706,0.9642314952283232,-0.2650615468334702,0.9912831161056578,0
2014-08-21,0.9161632116164352,5.961614824397072,-0.6347571451806167,5.644481752622072,0.9999536179749132,-0.0096312978814582,0.9847092817728916,1
2014-08-22,1.1147386173954863,3.5692215046034788,-2.0000224101079027,4.289114550589796,0.98720131076498,-0.159479064531698,0.9599117923173246,1
2014-08-23,0.4245223973197319,2.663529830802265,-2.450568435110738,4.163917678047373,0.9582833681235886,-0.2858198495166329,0.9542748787150072,0
2014-08-24,1.360760164944521,0.9114925492478316,-2.60600591945289,3.496045708560404,0.9325981455213268,-0.3609164709045326,0.8215307369794893,0
2014-08-25,1.9665544751692192,-0.7014430420237516,-2.1746873000033804,2.179837937228867,0.0065447180075229,-0.9999785831037592,0.3153634950190946,3
2014-08-26,-2.271820333737919,-3.5326681820755423,-5.884933998664791,0.4714722247517425,-0.3916359169522958,-0.920120268526313,0.8813335765903035,3
2014-08-27,-3.706714158440275,-3.536535721560599,-6.267744656528265,-0.5252852083181498,-0.260570738664575,-0.9654547582107604,0.9347139614734222,3
2014-08-28,-3.3712797821163774,-0.3896617047148568,-3.432873487601203,-0.423244036940772,0.1536938652497493,-0.9881185130259386,0.8975588369794332,3
2014-08-29,-5.455485533688799,2.913753405914734,-5.074631429774095,1.379270751786677,0.4448790250458602,-0.8955906727262433,0.9563485075520256,0
2014-08-30,0.9678031203647824,1.9343184918634104,-1.642536738518546,3.832176066324595,0.99662794919489,-0.0820532198246207,0.8128139193415523,1
2014-08-31,-1.5657082552015793,5.124202554926436,-1.832726875470431,-1.8264404805373164,0.8836701801398174,-0.4681100433996932,0.6390160025368018,0
2015-06-01,-1.6340016841652865,-2.25185683748315,-0.8742551418040131,0.4249835754846341,-0.5552878316868115,-0.8316582374873464,0.3572767127767383,3
2015-06-02,1.080445280051403,-1.4218753971413696,0.4862311381441707,3.101810745449296,0.7381039378138761,0.6746870215023035,0.4351149765006477,2
2015-06-03,1.3941109962869371,-0.5146099232220734,-2.0150659913537874,3.260047836866721,0.9950572029306102,-0.0993033881391291,0.6607678569083565,2
2015-06-04,0.1206614379380727,1.8080105321258064,-1.6046792639137208,2.2878550031647955,0.917904198821904,-0.3968020687762583,0.8461850603088501,0
2015-06-05,0.719309490654378,-0.0599659036887052,-1.1886223508204916,3.087991037797715,0.963218928096502,-0.2687178753946704,0.4659095468704439,2
2015-06-06,2.260485884510289,-1.0258764992103488,-1.3754580020626468,2.5068256461004648,0.8156699207836873,0.5785175713223699,0.2886784730250719,2
2015-06-07,1.7396967262932723,-0.2263583646219551,-1.0215415772166248,3.2746641017798623,0.9959125080594264,0.0903231769303037,0.7061073889264122,2
2015-06-08,1.629471195421423,-0.2958339245249972,-0.133322779277864,3.598250861753296,0.9635005958635904,0.2677061855290357,0.810332402578301,2
2015-06-09,2.684973601136361,-0.3081403206694309,1.709980198130879,4.312663446523487,0.7614165895503708,0.6482628920102416,0.8605183297572088,2
2015-06-10,2.386719406542277,0.4000273400173691,0.5305939492772029,4.232793711405001,0.930531285633494,0.3662124062033904,0.8571384773151718,1
2015-06-11,-0.0210057344664797,4.439303025058715,-2.3270042430470936,4.729389498084349,0.9706284307387208,-0.2405835602066113,0.9627269536846094,0
2015-06-12,-2.191301386957852,4.807769676207807,-3.604482478998294,5.2464428188651535,0.8137716355781791,-0.5811847598900158,0.98760971254906,0
2015-06-13,-6.568787653464139,5.938249196764937,-4.649038013250399,2.2049896657226857,0.7016249636183877,-0.7125464268575741,0.9472721787938914,0
2015-06-14,-3.7048265835626863,4.56519558426063,-5.626352713177166,2.9155526834105583,0.6334685925403551,-0.7737684035064636,0.9777990033912812,0
2015-06-15,-6.560097837354464,1.2783672606684295,-9.356933182633323,-1.6142183325759187,-0.0103538536963383,-0.9999463974201992,0.960068021008506,3
2015-06-16,-7.383175534825101,7.088505984141285,-6.626994097164409,9.935153839414802,0.7826653822659334,-0.6224426876448307,0.9803417902064084,0
2015-06-17,-3.138721539368533,9.946205376578444,-1.8356341713679136,8.131813658177393,0.9632389752642032,-0.2686460059855123,0.994066204660752,0
2015-06-18,0.0384544375270686,6.816459382348631,-1.2421162009741369,4.6430007161664735,0.9861598955259434,-0.1657970459817074,0.9913563482449774,1
2015-06-19,0.989822032763637,3.0092026053095133,0.6806623475350114,4.750931950177166,0.9883010193518168,0.1525158849043591,0.9909936272663624,1
2015-06-20,0.9410290811534444,4.424973258640053,-1.6214709944751302,4.79076378313887,0.990574479683238,-0.1369751809645914,0.9718769600516808,1
2015-06-21,-1.6313075143264613,5.394346827615211,-2.7369915801136213,4.046552672988556,0.9004383923701316,-0.434983564684797,0.9885450452890332,0
2015-06-22,-1.1317974534776876,4.218488359244741,-2.26057474607264,2.8220016987065124,0.8665904830566032,-0.4990199742252038,0.956121537680397,0
2015-06-23,-2.2221305108868115,1.937735356359568,-2.84125489202446,1.4696209574699717,0.5770803956912197,-0.8166873434239478,0.9568197225015368,0
2015-06-24,-0.5434476967200457,-0.0371932712902828,-2.036742174187327,2.6468812168406246,0.7688500137934862,-0.6394291644034984,0.8826750225278323,0
2015-06-25,0.8219118675843093,2.5691403285904526,-0.5885568025777929,4.088200457625939,0.9933939610790048,-0.1147538151512388,0.9348162541275444,1
2015-06-26,2.572340869032287,3.1833541851887994,2.283479131270077,5.389283138659286,0.8949628390655019,0.4461406915893423,0.987798772927787,1
2015-06-27,3.062502582545533,2.576282812214232,2.783385036330912,3.834834974455421,0.7795316842487168,0.6263627968297278,0.980936059389632,1
2015-06-28,2.573116476867004,-0.0951526880763357,0.8715848029156751,2.115278513657392,0.6614975934493739,0.749947287388045,0.5960458296141905,2
2015-06-29,1.5900351677510411,1.551202334022217,1.0124273403863966,4.061619987931207,0.9448322755849328,0.3275545313577534,0.9620490458220762,1
2015-06-30,1.228883063128025,2.373952834900959,3.364814406664924,1.570207541556244,0.966059057812828,0.2583213053888331,0.7180804449809203,2
2015-07-01,-0.8676547885144702,2.766844757002426,3.328461895376596,0.5542928342881966,0.994895115132844,0.1009143690700436,0.6503546338556858,2
2015-07-02,-0.8869622231250609,1.4128297002709145,-0.4869052645456081,4.598628640746635,0.965296227624068,-0.2611574102619786,0.9577701865854588,0
2015-07-03,0.5395373591937632,3.0899185778990748,-1.5363932734150203,4.313842944946027,0.9871185379154556,-0.159990600047794,0.9746847206118788,1
2015-07-04,1.3082858163851552,3.744670894677786,0.3381673080381275,4.906741447784692,0.9980642449352018,0.0621913416958138,0.9762519020456148,1
2015-07-05,0.2452675974723679,4.926322040386006,0.3111464313836273,5.212901862254116,0.9984277111693548,-0.0560544875021048,0.9764081864504645,1
2015-07-06,-1.2521936833641865,5.846612628813255,-1.2708947736444318,5.521479834255127,0.9738396807717588,-0.2272361682355141,0.9969089629449392,0
2015-07-07,-0.8174345865211748,5.339316031253537,-1.3165459175194825,5.992510729605651,0.979082361507928,-0.2034643196829829,0.9980751955089268,0
2015-07-08,0.3957111314518332,6.528905609105516,-1.0870495100112865,5.344349998507189,0.9878764593374264,-0.1552420725414019,0.9855739073435892,1
2015-07-09,-1.238376972245667,5.058887112819731,-2.1735693353071857,3.6047769528165263,0.9395080633333032,-0.3425267857142068,0.9915558944309646,0
2015-07-10,-0.8073186376225061,3.2479120595206945,-1.9575675890234288,3.725730367494566,0.918414254127208,-0.3956200927859505,0.9907275704788836,0
2015-07-11,-0.6731173805831318,3.01953286049126,-2.359077832825691,3.550659741676126,0.9240826840388984,-0.3821926125129387,0.9701952829892282,0
2015-07-12,1.6042128291113709,1.0976900563433198,0.4448952605804607,5.059343896979078,0.9662428316896494,0.2576330534080744,0.9375412829784902,1
2015-07-13,2.0975173423268654,1.147540513242309,1.5438797698517035,5.141726012070562,0.912063729568554,0.4100484766530652,0.9620505091942784,1
2015-07-14,2.043041945231598,3.88780896441062,0.65443672546832,5.824802516171978,0.9565206211986942,0.2916647068496018,0.9840242395427278,1
2015-07-15,1.4932913209140686,3.2199116779392107,-0.9858990498661792,5.432404051415603,0.9993598129352922,0.0357765885732253,0.9680415618160148,1
2015-07-16,1.3438644700840885,3.276720629848346,-1.4771711323799972,4.532599159658801,0.9976091894151724,-0.0691079242518715,0.96211204001426,1
2015-07-17,1.3197581963337657,2.230118256503113,0.8957463099083857,5.005186022378427,0.992329617052876,0.1236201080718354,0.971693889230734,1
2015-07-18,1.814617664073396,4.091082731501211,-0.312236362678756,4.415025818137,0.9927201801284352,0.1204435301947241,0.9763455615137944,1
2015-07-19,1.472245479344242,1.91604273228328,-0.1388250526762837,4.519287348881692,0.9825951940783404,0.1857597496072512,0.9485046454485316,1
2015-07-20,1.7931313059282528,-0.1809907771303748,0.5478228078675224,5.111937348527792,0.92367058102809,0.3831874968513858,0.8711932147780941,1
2015-07-21,1.7602948012498918,2.0890061134118114,1.08733131443738,5.303274592761918,0.9527403328478602,0.3037858755191698,0.980822739214916,1
2015-07-22,2.048135768327998,4.724969718060797,0.1988719950007812,6.381236182094296,0.9847887072094788,0.1737561571648131,0.9872021973306644,1
2015-07-23,1.370145054062263,3.868579283778388,0.6991420600476571,5.303672812691964,0.984356502089108,0.1761881857415417,0.989047691225198,1
2015-07-24,1.204087035691218,2.271838939152853,0.3387746261095327,5.240861293429203,0.987103827671214,0.1600813336927153,0.9782963779479804,1
2015-07-25,1.1749052421565824,0.1832708094804595,-0.8531545601351793,4.339222609659663,0.999976470268804,-0.0068599496167166,0.8280064350469921,1
2015-07-26,1.8176796229497605,0.7322161956863258,-0.3236111814579554,4.711873261838272,0.967439403547188,0.2531027468524612,0.8929603395914725,1
2015-07-27,1.925106765791088,1.3088009674259538,-1.501961153466317,4.307666275682416,0.9993545868241744,0.0359222743361787,0.882572968008177,1
2015-07-28,1.1852274969454304,2.8103616338873323,-1.747737341754646,4.345383649750045,0.9985159158834684,-0.0544606805631223,0.9400649010313844,1
2015-07-29,1.34885358221638,0.2846807463275314,0.5924819764803544,4.3799910509889965,0.9582722225368177,0.2858572152567572,0.7993739439582906,2
2015-07-30,3.1696554941712187,-1.3119438391376317,1.401147323417121,3.446484311764398,0.5398115550452923,0.841785890259265,0.4733818025942514,2
2015-07-31,2.092244815448102,-0.982013198683626,-1.6373763856271064,-1.1067443936265584,-0.9656210604032932,0.2599537799410115,0.3081471983565172,3
2015-08-01,-2.3150867029291,-3.340891781605076,-2.619724554944873,1.5498708576389593,-0.2872887194252148,-0.9578440330716792,0.7103194915533674,3
2015-08-02,-0.7584525904132691,-1.8904690422416643,-3.2321757633581347,2.793991751185691,0.3458428835837774,-0.9382924383551524,0.5227897889357981,3
2015-08-03,2.1562756391226734,-1.1526872868275633,-1.9564785924876853,4.825673757681587,0.9944453355546444,0.1052543328970858,0.5236828804518713,2
2015-08-04,1.222052783688159,-0.052380927640744,0.2236101939052349,5.101405975591094,0.9904386662926904,0.1379537904965162,0.8961371789445094,1
2015-08-05,1.6786200898560844,4.361515308943147,-0.0006994938377402,6.493217865300831,0.9852103661343138,0.1713491595003939,0.9887899392341606,1
2015-08-06,1.9581552116081944,4.756081167523485,1.1706584583589543,6.38117400885287,0.9602678778979868,0.2790799216663516,0.9941994698495352,1
2015-08-07,2.4227861498505097,3.7428894421805614,0.4951577514341743,6.07940723705687,0.9532913222028676,0.3020524044147117,0.9783474969404586,1
2015-08-08,2.579994605967361,3.574965854899774,0.6440726816983029,6.541332288409609,0.965561815257276,0.2601737513990865,0.975866495971114,1
2015-08-09,3.057481527930025,1.565145843598425,-0.544373058160451,4.737705820547404,0.9460482828585888,0.324025688025372,0.8748265895568658,1
2015-08-10,2.906379975307096,-0.1468504036611502,-0.7203311992731083,4.046656180182043,0.8108322637606105,0.5852786003646843,0.6748376950752392,2
2015-08-11,2.9771195037371534,-1.1097569640144112,-2.4842469467054213,2.515039820442904,0.9882049219982144,0.1531372983257271,0.1910038300587538,2
2015-08-12,1.261563395155415,-1.0732541744306026,-1.0396829047306355,3.960537262473669,0.9997248256107968,0.0234578996813902,0.4268320424297459,2
2015-08-13,0.6610700711100541,-0.2992198469730429,-2.0377069644377355,3.9079296684964726,0.999647847334648,-0.0265364149651788,0.7636920534901803,2
2015-08-14,0.7981235425994744,-1.190725496905227,-3.2523297606693093,2.483040852045724,0.4344014747929451,-0.9007193562357335,0.5010811028461724,3
2015-08-15,1.307522213607064,-2.561891175646435,-5.899704644610849,0.2736656589631506,-0.262255145184582,-0.9649985693379104,0.5675660962735659,3
2015-08-16,-2.2919644114822004,-1.2342171113832263,-2.086860291527397,3.7795831948612126,0.1189551533597978,-0.9928996281040432,0.699132859741083,3
2015-08-17,-1.1092898100347532,-1.499898464532374,-2.3346499329073738,3.646908697130418,0.8224635036299474,-0.5688178840338546,0.7640729310559897,0
2015-08-18,1.2688761783593565,4.294907215410803,-0.6472832322079162,6.099280130704176,0.997843769787484,-0.0656339172707406,0.959298400339704,1
2015-08-19,-0.7928526795839366,3.92118136027502,-1.6634457167262258,5.375868456446999,0.897167467358525,-0.4416905427032482,0.8916800769936954,0
2015-08-20,-2.872446319347514,0.7439761660224379,0.2080836013460557,-0.9981084583042314,-0.4803133471089816,-0.8770969664689114,0.3565714717653653,3
2015-08-21,-0.4900507625516141,-0.9084731557012974,-4.623561415783133,1.0247633892788903,0.421842646147558,-0.9066690586378396,0.5671712373333365,3
2015-08-22,-0.6445978791337663,4.970969388540343,-0.5439380726147054,5.07312520170357,0.9907018738770476,-0.1360507151635236,0.9703940723649452,1
2015-08-23,0.935486863898735,3.057430825286936,-1.010468163690809,3.5762986821323097,0.9998407006005045,-0.0178486252325666,0.9499592322614216,1
2015-08-24,1.4608430112514956,-0.4068982133512911,-1.1405479756145922,3.012413999587173,0.7748330348073178,0.6321659340483967,0.3875122401582977,2
2015-08-25,2.0786952139920434,-0.9150747775398044,-2.3575436295116927,0.0227765478083825,-0.989069957177759,0.1474470067800156,0.4343318055748402,3
2015-08-26,-2.3197031450034538,-3.0991585187764223,-3.869100448639889,-0.1270752961096058,-0.4360300688583163,-0.8999320969114347,0.8378730640663118,3
2015-08-27,1.3094642932123777,-2.3230651668063973,-2.0824099164419465,1.3421784917945383,-0.399967852723065,-0.9165291685418968,0.3413683323602365,3
2015-08-28,1.348509743270626,-1.0340816433284163,-2.8665367641283943,2.623037491151791,0.7115349431551254,-0.702650713135077,0.465885065337657,2
2015-08-29,0.1528372462009571,1.720658392462618,-2.854758603142633,1.9248500137434288,0.83772422921967,-0.5460935046109867,0.8951642870608492,0
2015-08-30,0.9763313582977484,-0.1083491041832702,-3.421787881633777,2.273760259258677,0.68720528137843,-0.7264632827924568,0.620524067311817,0
2015-08-31,-0.8308248500775864,2.536246840321783,-3.968044737835792,1.4234107232891249,0.6189658786918997,-0.7854178766842301,0.891638046940069,0
2016-06-01,-1.45935854122247,3.5137924763075743,-4.308163482735752,5.0116101358151175,0.8453143835925727,-0.5342692138720972,0.9842042001894802,0
2016-06-02,-0.8728481980410733,6.429551534111591,-3.489584536383842,5.673196373867191,0.947779740296562,-0.3189256400532598,0.8869866072356222,0
2016-06-03,-2.056783268285928,2.5539434686784803,0.989906624033092,4.739783959872641,0.95035186939188,-0.3111773197766175,0.8944208665610334,0
2016-06-04,0.1391861807741132,-0.9672179263275412,1.209622504040205,-1.4490109384701193,-0.9594042320563708,0.282034606940931,0.6333209881434091,3
2016-06-05,-2.8118114035401787,-4.170896088876397,-2.2895520352741325,0.7659025483333697,-0.8024365849391193,-0.5967374021722148,0.8556692022768965,3
2016-06-06,-0.1661083948275525,-1.6361190079446015,-1.1350863036514007,1.93668203780644,-0.9421316383960197,-0.3352431594130324,0.2926937114092866,3
2016-06-07,0.3932108333506101,-1.6824475408739907,-3.586162836462429,2.2015565474599503,-0.0458271798966277,-0.9989493828932086,0.4889017682756709,3
2016-06-08,0.1895931377446141,-2.608593104778712,-4.126453300354613,0.1633110530872497,-0.1877888883123724,-0.9822094142424024,0.6277791249805981,3
2016-06-09,-1.5037001371577017,-2.163321338542205,-4.850331538869201,0.8128902567157649,-0.0670210006919664,-0.9977515650031562,0.9073540237530102,3
2016-06-10,-2.889907512639508,2.6030669329730136,-2.289540443782209,3.6183509314336577,0.7391825020698627,-0.6735051808514448,0.9677748986750204,0
2016-06-11,-1.4587343794028758,5.3014696072126055,-2.7855519274759475,4.3827719666266045,0.9239837005248842,-0.3824318516603201,0.9892292266700896,0
2016-06-12,-1.7064560283366468,4.828725749142423,-1.0543624201342483,2.0382938499387686,0.916153110053827,-0.4008284906773721,0.9115547234851888,0
2016-06-13,0.7538633079291265,4.506690214247923,0.033072302463052,5.582285916578428,0.9985003705008152,0.0547449551076156,0.9920233344375776,1
2016-06-14,1.2171225446548062,4.733055712449708,0.5246597302262318,5.351712016970447,0.9896503485452304,0.1434997826629166,0.9959347678146055,1
2016-06-15,0.2278781711383815,4.806172493571284,-0.4918836279699738,4.218815980717144,0.9999999105976918,0.0004228529395183,0.9919239256015232,1
2016-06-16,1.0489111630967458,3.955063496401488,-0.6723988761562566,3.304340316525649,0.9964153024941136,0.0845963649075075,0.9776701266568232,1
2016-06-17,1.3995798290039478,3.521036868501816,-1.1485637266115831,3.698159077714736,0.9999189212114344,0.0127338526519444,0.9425813885002648,1
2016-06-18,0.9944381246859668,2.8148395918306,-1.5260222194209456,1.8917613033290543,0.9954655438142248,-0.0951228210191948,0.6676126189268409,2
2016-06-19,-1.3312904110561263,0.4929544351908675,-2.652501001771359,2.8749470781488355,0.6859988690089606,-0.7276026056292177,0.8244560162424335,0
2016-06-20,-1.794713611925435,1.6853409190936208,-4.37306468513084,-0.0495921504801045,0.3787684214996639,-0.925491481794756,0.9353960201874824,0
2016-06-21,-0.8179828635926374,-0.4364552817988759,-0.2418795570401632,2.559924440517567,0.6426878573157162,-0.7661281342301258,0.6603146522023617,0
2016-06-22,-0.0498919343119317,4.364595441701674,-3.716267258579168,3.50047272482012,0.942292163891735,-0.3347916932485506,0.8828355203583524,0
2016-06-23,0.4100868964296955,3.753833441195516,-1.3705803911679897,4.343746611239653,0.9804195013232762,-0.1969202920600581,0.9766963717553732,1
2016-06-24,-0.4804889987964769,2.769595827596043,-1.9727217779176145,4.041869300991513,0.9380926747412712,-0.3463843726220443,0.9796746503650716,0
2016-06-25,-1.064528223822416,4.175831592635386,-2.1783877245812806,4.207928100615481,0.9372904833328224,-0.3485492072200482,0.9854541997039504,0
2016-06-26,-0.6783542579518258,2.542134925669253,-2.689515311052822,2.7408058177614025,0.8135796103549475,-0.5814535386552323,0.933651410171876,0
2016-06-27,0.3591905326024767,-0.8272421807425321,0.0424402983231805,3.000844211673518,0.9978090752225006,-0.0661592729979564,0.5580522931822067,2
2016-06-28,3.0226176518489987,-0.8780556230603933,2.9638413224762497,-3.041723218334686,-0.6002005038614704,0.7998495828369463,0.8128529192022745,2
2016-06-29,1.702721754105755,-2.1946931766751154,-1.3637058480084916,1.6545741358146333,-0.9990458946050932,0.0436726513130249,0.2462844340984282,3
2016-06-30,0.0679087566767149,-1.828854773884348,-3.4985514806804643,1.9864016493429584,-0.0901536069202188,-0.9959278724683202,0.6331327199143947,3
2016-07-01,-1.5166334370207348,0.3045612123180884,-1.9393126299536017,2.8087893499976646,0.7588233981775415,-0.6512964381741146,0.913687508431079,0
2016-07-02,0.6533810301034579,1.1715276907284335,0.8686606287098636,5.356795230086166,0.9822269047373064,0.1876973830669212,0.9737133309407764,1
2016-07-03,1.4587406120088389,6.78607695919482,0.0798628404922925,6.722287697689575,0.991834203416851,0.1275339677594188,0.9863813359102104,1
2016-07-04,1.7252690307980545,6.539882823130358,0.9631409439369868,5.54283237098498,0.9864145633116194,0.1642751024554459,0.9896590440302818,1
2016-07-05,1.8552044414619049,5.576817329601871,0.0605087387294632,3.9703468674063016,0.9899090699151356,0.141704034168936,0.9785089259746692,1
2016-07-06,1.3714169001325882,4.437809525187338,-0.147672542894899,4.844725595659306,0.9991269186018754,0.0417779909177231,0.9752605063886172,1
2016-07-07,0.2771548592569134,4.115523050760683,-0.9673272670641392,4.687656226665946,0.998340560865976,-0.0575858014601532,0.9925699121631364,1
2016-07-08,0.7829690286165297,3.1100812226345544,-0.8510591268768162,5.241010099421932,0.99984603377724,0.0175473285693908,0.985681440644971,1
2016-07-09,0.6998939942709412,1.59098900169326,-0.5550315386692375,5.294413226792071,0.9999804879594998,-0.0062468952513012,0.9786454205928768,1
2016-07-10,0.72163541583187,4.481698194577456,0.4857912793133689,4.979986707135555,0.9915497452128648,0.1297270317563124,0.9758715646291012,1
2016-07-11,0.8675373960489041,6.060995754268464,-1.186194291132772,6.357055306997733,0.9981098518094442,-0.0614550544782867,0.9832717173506016,1
2016-07-12,-0.3650730240177616,5.718032775207218,-1.0622896474599623,4.394594729449756,0.9870007435889177,-0.1607156873330161,0.99320795968025,0
2016-07-13,0.3495827188187402,4.599276065797804,0.4695549033255708,5.312911571721647,0.9999784181190788,0.0065698779337785,0.9940480708127584,1
2016-07-14,1.4495808098344798,4.265597083887459,0.7221148364759099,5.365694772804335,0.9915122425818648,0.1300133562765057,0.9893238079841412,1
2016-07-15,0.7500958221142815,4.277865719424469,-0.6632959642461848,4.997342822502397,0.9988865841081124,0.047176181371823,0.974956998822664,1
2016-07-16,0.5619659607478305,1.985954811593164,-2.806716419526293,3.515803244351728,0.892707473177078,-0.4506366244922805,0.8950977864914961,0
2016-07-17,-1.0015347813085258,3.0913391597748925,-2.84662705561267,3.377640628427179,0.8044017331364984,-0.5940857275907221,0.9540234526177735,0
2016-07-18,-0.4130517471305908,2.014243960898749,-3.897680281612117,2.255840673225061,0.6963043372041425,-0.7177466614277629,0.907284223129714,0
2016-07-19,-1.5115653782641951,0.271648462626414,-6.11206742679927,0.3372738031553594,0.2152546482061663,-0.9765579534393438,0.9053214783931064,3
2016-07-20,-1.3414211664783071,1.3159637438867933,-3.2415416106729125,2.749053052535118,0.6266530841144861,-0.7792983460586856,0.9695348069700755,0
2016-07-21,-0.0511524416420213,0.2720446638467207,-2.9381804240139853,2.8299673039950504,0.7081024892256075,-0.7061096690688341,0.8488185311980946,0
2016-07-22,-0.0941467497462834,0.9628209122347174,-2.3352127088794425,3.230862310039621,0.9033528170843832,-0.4288982255334114,0.96547283482008,0
2016-07-23,1.0585956733307131,2.9525199360866283,-1.456164365288373,4.853019000581828,0.997097804731487,-0.0761312537638083,0.9676913342347032,1
2016-07-24,1.7757983473089314,2.5554855935799123,-1.0382403065227837,4.387447896297282,0.9994843004529208,0.03211126201406,0.9337434090157444,1
2016-07-25,1.686240917121923,-0.1131007296840652,-2.5233450950482794,2.48156204616951,0.9866681422014988,0.1627451294651948,0.4943371472293197,2
2016-07-26,0.6262641086502615,-0.4505415448354959,3.1496259511806133,2.923105063596446,0.7780589534089161,0.6281912646799717,0.7313471442383143,2
2016-07-27,2.1048364368890384,3.729436395715256,-0.720855261691488,4.659845699911152,0.9987635969735842,0.0497119438403677,0.847153568449572,1
2016-07-28,0.8309317435216317,4.403986075927301,-0.3488310780384242,1.7552512193958734,0.9986581020285734,0.051787983670803,0.8778883719010252,1
2016-07-29,-0.4230872277396516,3.279377674679729,-2.189944027377672,3.398098220838068,0.9622352709751746,-0.2722191824455658,0.975133895869991,0
2016-07-30,1.1637430611886952,1.4968614287933035,-0.2453629220592948,4.887021879998949,0.9917371537116922,0.1282864682958854,0.9705774729801052,1
2016-07-31,1.5731911565507204,3.6684540208615295,0.5535566017172475,4.874008981023343,0.9699033959173377,0.243490046178517,0.9815679413123116,1
2016-08-01,1.519492579233392,2.597530923421145,-1.6805710805510956,4.199093537014839,0.9995131348991756,-0.0312008519759015,0.9415247115372698,1
2016-08-02,1.0724190869722254,1.0703455609740162,-2.068133188450193,3.662747644659794,0.9716045194826258,-0.2366107726223297,0.8787596738416401,0
2016-08-03,1.1249359909631262,-0.3476146866130324,-1.8071345109722967,3.204708669091525,0.9668001753545395,-0.2555336004020443,0.7226036122305587,2
2016-08-04,0.7095416167310404,0.2516529660665186,-2.455084503553327,3.5071572740061,0.8872202116251073,-0.4613461781394744,0.8637570267529919,0
2016-08-05,0.4400641630927651,2.873837518027052,0.0828380470721515,4.013182387635642,0.999902017854312,-0.0139983817234312,0.9837847284978272,1
2016-08-06,1.51306864123606,2.169929629921261,-0.0154508953483129,4.765681124309795,0.9750375192501968,0.222040167659867,0.9485619805958908,1
2016-08-07,2.009175577479508,0.9437387527778354,-0.2101055101009007,4.46063772341061,0.9618937865549418,0.2734233775429527,0.8911335861529155,1
2016-08-08,1.481219823850545,2.8251900181232648,-1.7837315773091682,3.67920123817201,0.9980264952825384,-0.062794225164847,0.9359103588874071,1
2016-08-09,1.0025190061891838,2.8319268121249688,-1.5852481363039146,3.6390308239789846,0.9977936146698456,-0.0663920366014133,0.9401517212655788,1
2016-08-10,2.182186673871433,1.8824642657566208,-0.4008038439281204,4.629540004358649,0.9569748785289692,0.2901707805146218,0.9032178982617216,1
2016-08-11,2.381065717447454,1.806753939819639,0.7284556411259261,5.888367667526995,0.9197706610922468,0.3924562790858761,0.9289548758477114,1
2016-08-12,3.742289110095904,3.2992322185211345,2.411233520339973,5.365575672498041,0.8028802007036164,0.5961404057083538,0.9845339607800432,1
2016-08-13,3.5150056622205965,0.387463702958477,3.598822751748306,6.823639036467446,0.584385085536783,0.8114764764317982,0.8728444343709231,1
2016-08-14,1.4966523453402174,2.757473534479649,-3.7769443642371714,4.484849696812897,0.8572631403957153,-0.5148785372482292,0.7395687329226138,0
2016-08-15,-3.163620498130059,4.738615715469111,-0.5800334189778599,-2.737538808291299,0.6030930300012068,-0.7976708576624594,0.6936201413352754,0
2016-08-16,-2.74622325772606,4.021300881034081,-2.2546604482611667,-0.742547641613194,0.5617727871931943,-0.827291566238403,0.802625097432181,0
2016-08-17,-1.183138837108339,2.8515937982996604,-1.1063696694225258,-0.6037195341393209,0.4947708292610225,-0.8690234901959556,0.6884353274170085,3
2016-08-18,-2.3281191949026003,2.856315816522595,-0.610371701748586,-0.8562186557165816,0.5414540890053714,-0.8407303191269858,0.7819058153443518,0
2016-08-19,0.2037542919277009,4.081580778302877,0.5308779419605083,4.459469493812155,0.9948136698900616,0.1017141199630981,0.990186014402547,1
2016-08-20,0.8568966857633861,5.770091189033133,-1.0799960735483896,3.9085024493654417,0.9996206871938612,0.0275405470910203,0.9825781152469651,1
2016-08-21,-1.138904934434794,2.9918798349637674,-1.974176425607946,0.2678903693834903,0.7683147422865847,-0.6400722277876919,0.6463445468696073,0
2016-08-22,-0.9289076088886098,2.8214965681938464,-3.56091303253944,0.7973728349300586,0.7114027130445449,-0.702784589951189,0.8546064049219736,0
2016-08-23,-1.1624315760306465,4.354893216984859,-1.5610557696216172,3.9547606417154633,0.942886773843594,-0.3331133916713933,0.986087014055827,0
2016-08-24,-0.4488877683550918,3.4082788286370294,-2.7061042909446265,3.5584540964545504,0.8829925163924981,-0.4693870641537152,0.9721192642976884,0
2016-08-25,-0.3757696057583882,-0.2301597368802523,-3.396312735610469,1.8496043132529345,0.4136826383821701,-0.9104211523801315,0.8340767557115826,3
2016-08-26,-4.793120654468991,-0.9658922398185584,-3.659111866276658,0.2079058724895297,-0.2629015980608188,-0.9648226519610056,0.9243479134378584,3
2016-08-27,-2.1378028787866605,-2.348738741274526,-2.735465351561735,-3.782313361240729,-0.7999148899419728,-0.6001134633126651,0.9686985045258436,3
2016-08-28,-4.110604625654716,-2.23775231807831,-4.2698962174959245,-3.552422714558837,-0.4485382808726648,-0.8937636212062977,0.939248966499063,3
2016-08-29,-3.747087966836428,-1.7242781465682708,-6.139549636121791,-1.5540372136943217,-0.4014932229690695,-0.9158619939215236,0.9372212518838022,3
2016-08-30,-2.563677334068534,-3.152584089349772,-3.2215671041686456,0.2090941604415589,-0.5244050886595369,-0.8514689089966722,0.8535649179918252,3
2016-08-31,-0.1717801547866072,-2.0699990852858168,-1.4552139331345908,0.0692567736645662,-0.8523269030941111,-0.5230094169917037,0.6701695922775562,3
2017-06-01,-4.049366294310387,0.675565337457912,-3.5583213750557854,0.3676534456646854,-0.0107616236910955,-0.9999420920511004,0.9659715857341185,3
2017-06-02,-3.434782542403459,1.558660561893986,-4.663204651358951,1.0932286632035413,0.2573453570871959,-0.966319495397699,0.9894270690566372,0
2017-06-03,-3.006289285628813,0.4267636323380167,-2.395638196799944,3.954150511754553,0.6228677742699303,-0.7823271283651252,0.8900906964686179,0
2017-06-04,0.2255655782950225,5.200404262106952,-2.5266448657488416,0.618584462295606,0.8545207925706249,-0.51941718787933,0.7581436148318722,0
2017-06-05,0.8174953384411031,3.619941889369744,-2.486499011773759,-1.358002540399332,0.836408380421204,-0.5481067607329602,0.4160886055535689,2
2017-06-06,2.511327192377592,-1.2034437231296236,0.5525168828486868,-5.636597317413292,-0.9714087450193072,0.2374132475242587,0.8942865712425867,3
2017-06-07,-1.1653727840671535,-5.495314923582277,-0.6989386830704355,-5.193259062797694,-0.9670997998520616,-0.2543972820729464,0.968456154764876,3
2017-06-08,-4.253896995491071,-2.192833525495014,-2.507377450716137,-1.1102061796733895,-0.4064565180680137,-0.9136701258769636,0.8507733265512715,3
2017-06-09,-2.41270040596192,3.026691794387072,-3.972618951094585,2.223036660537616,0.6717115319618201,-0.7408128088994579,0.9818756984706782,0
2017-06-10,-3.2023230606523065,4.234369990018012,-4.255283346423802,3.678570433708872,0.7132105334375312,-0.7009498805148284,0.987824550536572,0
2017-06-11,-4.235758081127239,2.4111781870170423,-4.227050843100343,2.0462680244776825,0.4616003655539298,-0.8870879902921008,0.9701626739829274,0
2017-06-12,-4.097969236951892,5.122013069597765,-5.771067854846704,3.5579907477186743,0.6415973763389101,-0.7670415938363623,0.9876920033389952,0
2017-06-13,-3.357550886840309,5.4660358922436725,-5.20521734871549,4.671086435633625,0.7402957571370854,-0.6722813339405085,0.9876930131475764,0
2017-06-14,-1.847117933305152,5.0424823502739,-2.5623370525657365,4.5202136356722935,0.8885325313541265,-0.4588136230817784,0.9963392831810196,0
2017-06-15,-0.7159315430770198,5.006184160227866,0.0346833871643596,5.306099644746367,0.998162628590293,-0.0605918054337119,0.9909323646696307,1
2017-06-16,0.7568798479249919,4.88758305727131,-0.0314123878908829,5.706342084333502,0.9970174194766476,0.0771768440669013,0.9918544448397176,1
2017-06-17,1.1513618218313115,5.971330095289355,0.1634891860657913,4.825144101261127,0.9928412700581398,0.1194412511209586,0.9861208023240616,1
2017-06-18,0.7774805843237853,4.572549228250119,-1.7222889468369516,4.869361428912061,0.9893591861740436,-0.1454936449919179,0.9748385210164358,1
2017-06-19,-0.8720378519281106,1.561886179304991,-2.787749537789268,2.078367451218558,0.5856393641330205,-0.810571733517689,0.8911475235645263,0
2017-06-20,-1.7501224582229689,-4.493167997862659,-2.7226082140260024,-7.206918974946561,-0.9489041663253316,-0.315564388248147,0.9790341556974884,3
2017-06-21,-2.430576034614609,-9.205565359672608,1.3688633866882662,-8.839252755026259,-0.9953567526555108,0.0962545320651238,0.9409612139030248,3
2017-06-22,6.218523316933084,1.0248445628605896,0.939992830375952,5.663650412649753,0.622225666231051,0.782837927213114,0.7364466520209065,2
2017-06-23,0.3575181695669233,6.46632233289016,-1.5805285879148994,4.553919964382234,0.9861011590727636,-0.1661460323792055,0.974777952178545,1
2017-06-24,-2.1912007145035544,3.836230885435934,-1.7569095477636665,-1.5520380318063896,0.6591929409880922,-0.7519738469863627,0.7802455617456346,0
2017-06-25,-0.6636454874906461,-0.8741812109452225,-4.8238623043492925,-1.6016979981753408,-0.1725436475398147,-0.9850018729391616,0.7921540186415169,3
2017-06-26,-2.3116439382541687,-1.3333534603709185,-5.393378103758293,0.281957418494027,-0.1011434436563863,-0.9948718529566144,0.8880936885666681,3
2017-06-27,-4.777423251820969,0.3939525883197345,-5.600594135332035,0.6271112423054455,0.160203769594579,-0.9870839641123176,0.9442419272223456,3
2017-06-28,-4.403330621674776,1.0037534231616896,-4.580616752843707,1.3693860518514145,0.2624799312260235,-0.9649374517053332,0.9173947812315468,3
2017-06-29,1.0310071715318028,4.89757032193276,-1.014387243425949,5.473836510759571,0.9998508708451054,-0.0172695127402155,0.939701122103622,1
2017-06-30,-0.3033850257516194,6.383103476151455,-2.216164396935116,4.963666215393232,0.9697670729288534,-0.2440324246140331,0.9900715036548894,0
2017-07-01,-0.5415949179584887,4.629300942158215,-1.8281997056391148,4.805316291942117,0.9628485217861784,-0.2700420783770029,0.9910199243820936,0
2017-07-02,-1.6306358759623325,3.750448327383461,-2.8322583831450268,4.297450320123152,0.8637354392329395,-0.5039455238545939,0.9945321962447604,0
2017-07-03,0.1887515642160045,5.814343579153811,-1.2023692250027114,5.636517381896077,0.9931066833231508,-0.1172139733090355,0.9820384527464584,1
2017-07-04,-0.1139202687870712,5.421099085137131,-1.4575149281478907,4.844186525748713,0.9889194518218944,-0.1484530828520715,0.9803599572999828,1
2017-07-05,-0.460081842113977,5.377812146793033,-2.749294396023108,4.473344048692568,0.9425782688767552,-0.3339853395604351,0.9788383929088902,0
2017-07-06,-1.1875096042712685,2.116388545710413,-2.6772083531156508,3.948058508731184,0.8479643284356,-0.5300532970379128,0.9604409930682024,0
2017-07-07,0.5852710621496551,1.075659470508151,-0.8288344201044046,3.674170789480202,0.9849925507991224,-0.1725968564900244,0.9382291102354764,1
2017-07-08,2.055671257714632,0.0269124022475468,0.6179078846357186,4.492028823535745,0.9107316974328722,0.4129985172988388,0.7726472053774379,2
2017-07-09,1.837034049348416,0.1952485599556494,0.0384121019142019,3.544966991778664,0.8026038491934442,0.5965124150089981,0.5206242144071558,2
2017-07-10,-1.1746215292840172,0.5882503521192717,-2.2623781212580143,-0.4877375576642946,0.1377050161010949,-0.9904732851221164,0.7067607746680349,3
2017-07-11,0.7914137163738939,3.080622902970084,-1.6403666138797672,4.001219196301645,0.9832857226475872,-0.1820691836566861,0.9507904446323426,1
2017-07-12,0.1486140554105384,3.82119881738913,-2.581643191725772,3.382551960160441,0.891628276547805,-0.4527681707677683,0.902991681114225,0
2017-07-13,0.7843493386732792,0.7522122028669275,-2.451366593753407,3.080888233658821,0.8421001844261732,-0.5393211282616369,0.8412037711895611,0
2017-07-14,1.0809162602149405,-0.5221894965966355,-3.0285651434704857,2.249999992460485,0.734660193282135,-0.6784352588174173,0.4646164510589087,2
2017-07-15,1.3532267031174292,-0.4068096904582331,-0.5300329124399565,-3.458833619966915,-0.9980581501344497,0.0622890756890833,0.5192312636345743,3
2017-07-16,-1.1682937871854528,-2.9782711922399474,-2.707082103411783,1.760738555920534,-0.2149779604237597,-0.9766189003557326,0.5953161368039331,3
2017-07-17,0.5089521734876208,0.5424862138517244,-3.2963017564438326,2.385978929553643,0.7525002811923441,-0.658591927376462,0.845238871601047,0
2017-07-18,1.3276298983074764,0.0625671609543127,-2.0526442330698123,1.6406206354430748,0.8783691067749606,-0.4779829623149321,0.5714647415514411,2
2017-07-19,1.1375785435229098,0.996579748570181,-1.136740401681813,2.790719927079119,0.982356620709986,-0.1870172979894012,0.7911311677226597,2
2017-07-20,2.0130195445989787,0.5282342332339358,-1.3899988494104736,3.9317462625331534,0.9794673460991946,0.201602871818336,0.7491277381492958,2
2017-07-21,1.5230344656092962,-0.6482893338479861,-1.945112968450535,3.552845352794017,0.9939651340669698,-0.1096964550896275,0.659220546486642,2
2017-07-22,0.335659116705325,0.8010551435230522,-1.4379525755699911,4.804906409022223,0.995563442552349,-0.0940926769377708,0.8756755326260599,1
2017-07-23,2.287352969039089,4.855429097375974,1.8414153838377465,5.5163547558388855,0.9304882566155568,0.3663217223978692,0.9924010795823835,1
2017-07-24,2.079309035455009,4.452438470246053,0.6391098546002167,3.7924152254948935,0.9611845134425528,0.2759063810755436,0.9726815126100836,1
2017-07-25,-0.6387492446388027,4.133283651719578,-3.332026414996008,2.6612911914104447,0.9189174007194107,-0.3944500103372818,0.9467964624066442,0
2017-07-26,-0.8502396048338643,3.3357037091534387,-1.096397903730952,4.330698185384746,0.9851443907428388,-0.1717280681424012,0.9681372726037714,0
2017-07-27,0.539037923362655,2.1273264346063816,-0.9499466546430864,4.055901931813402,0.999965170094554,-0.0083461726419615,0.9682792321030664,1
2017-07-28,1.919894735542717,1.681507281593833,0.1880506222618628,5.487632062499561,0.950562907158299,0.3105320587874348,0.9588918370095714,1
2017-07-29,3.3596763228084625,2.1500111386471072,0.810481138363477,4.723070486076898,0.8034535475830576,0.5953674469402902,0.9032603470517894,1
2017-07-30,1.9124460786584507,-1.6006775901948749,-2.999266735789141,1.3421609547020423,-0.6586784498615001,-0.7524245475049649,0.3374263270224854,3
2017-07-31,-1.84041335376832,-3.3998941565082896,-3.483946987223105,-1.4850418244018813,-0.7305157198091089,-0.6828958801397028,0.8633679484144774,3
2017-08-01,-1.8301010398270856,-2.842510796034856,-6.896186639743557,-0.4979784453018382,-0.2213521625581821,-0.9751939397529172,0.9140915488093956,3
2017-08-02,-1.1439364989202656,2.8655697428407336,-3.5074532855758065,-2.8383150732452624,0.1103829314252436,-0.9938891328764844,0.6642330778717889,3
2017-08-03,-1.1284422137063126,-2.8864427009659104,0.3139868210969758,2.3314465404443663,-0.6475075719390605,-0.7620590162720879,0.2020300036747855,3
2017-08-04,1.7664010513025132,-1.214457097799092,-0.5924467566257886,2.2487906448194006,0.925166701417414,0.3795610288062006,0.5662162754204446,2
2017-08-05,0.2396797215716716,-0.1011225368431805,-2.1911319865642027,4.01815883372498,0.948193394247708,-0.3176937001342811,0.8394394938946058,0
2017-08-06,-0.2090998939035845,6.234050360235408,-0.1559411974911016,4.963746728193268,0.9967360734848276,-0.0807291757300195,0.9883370896837456,1
2017-08-07,-0.1795441040836753,5.527370413463332,-0.4011079899750132,0.1389025378506329,0.9789829551487644,-0.2039420837595628,0.7190202378288149,0
2017-08-08,1.3008908451197707,-1.6702826207734731,1.5285010029186048,2.791835374347928,0.9856807804199028,0.1686220599767753,0.4771051967433533,2
2017-08-09,-0.3675181340511012,4.264008013180852,-2.462344996327013,3.95792094033324,0.9470262797651838,-0.3211560764396583,0.9166901716573248,0
2017-08-10,-0.7318017403603843,2.7135875804119904,-0.2777153711637531,3.893926613718356,0.9648581726211602,-0.2627712060446411,0.9742503611704784,0
2017-08-11,0.8967067262740631,2.7699718192179765,1.3321145261993148,4.19678121693634,0.9773059100355032,0.2118328544151657,0.9869005055915636,1
2017-08-12,2.2394035809500368,2.8070059649963586,0.4007623104084014,5.524296413451163,0.965546564770379,0.2602303426968505,0.961481060193596,1
2017-08-13,1.610213762015377,4.254933082846985,0.413919085928612,5.403057651522073,0.9826528127427292,0.1854547103979903,0.984362519809645,1
2017-08-14,1.3666265669846989,4.903320497955862,-0.1138030465237207,5.300874918806947,0.9975222715063,0.0703513883936324,0.9716576009617623,1
2017-08-15,-0.0032885419364227,5.528354116827517,-0.0432972945665568,5.696135195532355,0.9999406152667536,0.0108979787091944,0.9749305581003412,1
2017-08-16,-0.3265607767471827,6.705127762937103,-1.1152205870149008,5.805991356638035,0.989619275089471,-0.1437139185026625,0.9898491736622086,1
2017-08-17,1.2619957666549002,5.664903444554381,-0.3538472980694681,4.528013740165018,0.9990194539615924,0.0442733622653837,0.981353545510686,1
2017-08-18,0.7457376722883187,4.053043449110901,-1.361149153961573,4.159679392469696,0.9975025423259992,-0.0706305744926967,0.974512974161591,1
2017-08-19,1.7093044919713214,1.5304114686972272,-1.4566966258661762,3.8802245797387256,0.99959201421009,0.0285623025580031,0.8709133424469421,1
2017-08-20,0.5381172544602293,-0.4392332939879829,-4.081399924867944,1.6877451149032077,0.5592183045858602,-0.8290204387203708,0.7519760077126936,3
2017-08-21,-2.887372257809305,2.1157767191246344,-3.979487729912994,2.080007521741959,0.5622437557078511,-0.8269715588625344,0.9875183585386512,0
2017-08-22,0.5568144664647999,-0.1900083901924965,-3.605376410167686,2.378754287766838,0.6444881621537155,-0.7646142876272495,0.687874816406355,0
2017-08-23,1.174801137450847,-0.8999471878916964,-4.131823041498175,0.2896114088599746,-0.1058036201514944,-0.9943870443458313,0.5690980828310417,3
2018-06-01,-0.2873207205410387,5.555551016009312,-0.2057483129556758,5.54317649449187,0.99777996906384,-0.0665967967319911,0.9927093095457348,1
2018-06-02,1.650800437569595,4.43129553858866,1.2626916880895669,5.80556619555,0.9716949331051326,0.2362391944149234,0.9928624186731784,1
2018-06-03,1.8607333829243085,1.909086754517779,0.5244988059393045,4.98103183662351,0.9076799081483472,0.4196631796379184,0.9343562040247232,1
2018-06-04,-0.1377368600930129,0.0849662409019505,0.4062687042157195,4.523140833137066,0.9957423738057932,0.092179851418864,0.8184625400012416,1
2018-06-05,2.300808346349308,2.7841022585326174,1.3161214850269134,4.834604356170926,0.9293450650806452,0.3692123372942069,0.9777285265204108,1
2018-06-06,0.8844293104541567,2.3700788645922053,-1.3444253565545492,3.6120955800071535,0.9961448160977616,-0.0877240295560832,0.9584016258330426,1
2018-06-07,-1.3474740463824888,2.5539453180261606,-2.277890291755193,3.0361563139928376,0.7993147926135332,-0.6009125246732543,0.9803466701535573,0
2018-06-08,-1.1368284320855695,2.98690636844283,-3.971141489556577,3.4771043282114817,0.7638887191686524,-0.6453479873114006,0.9715405673707078,0
2018-06-09,-0.621187171656015,3.4929790298166936,-0.745133040539075,3.482998294473139,0.9507481521626904,-0.3099644353135204,0.97989095840119,0
2018-06-10,0.8084101153198506,5.168666812913766,-0.5448194522532885,5.987882073234592,0.9999674251826236,0.0080714666346253,0.9763484069855968,1
2018-06-11,0.8040654724331008,5.999152579675867,-0.4694182881345893,5.4172723585086935,0.9939750483267232,-0.1096065842177765,0.9771528560842636,1
2018-06-12,-0.4979397669948794,5.398221378842229,-0.9224137441686476,4.192959516045493,0.964393211368868,-0.2644725578687553,0.9859483490995442,0
2018-06-13,-1.672970978295386,4.22783823783203,-3.362157079352873,3.594641208450576,0.8671939149493336,-0.497970595391784,0.9877669136297764,0
2018-06-14,0.2696400516666868,3.183675328730889,-2.679322592101632,3.6735687993961768,0.9133473179776272,-0.4071813806439032,0.96237997182436,0
2018-06-15,-1.885475852226972,4.517217357991486,-3.716511833705534,3.982969867437197,0.8157743718406159,-0.5783702743468484,0.983932279209912,0
2018-06-16,-2.1818980473838376,4.9957797183265935,-5.556430236180397,2.7611041824650258,0.6391669079251346,-0.7690680488834667,0.9472547942433583,0
2018-06-17,-5.3698210356928,3.010406130668565,-5.622584588137602,4.7647099292640736,0.5073377822816156,-0.8617472800476785,0.9888016407502908,0
2018-06-18,-3.1180162873264115,3.198819458047254,-4.50433016889474,2.8514469776924094,0.7073128320222941,-0.7069006702901066,0.9407107374246224,0
2018-06-19,-5.785996987218272,5.899702124321046,-5.615289458890564,2.594344818506954,0.6187136844571606,-0.7856165582938315,0.9676654979378198,0
2018-06-20,-5.223211171137421,6.200978726357429,-2.1399389606642,4.2269055269797935,0.7466242338870992,-0.6652460096629683,0.9279900340489728,0
2018-06-21,-2.0695412081116755,3.2774361979691697,-0.9041300727156752,3.182393683694575,0.9266936982772211,-0.3758174950335423,0.9799917625509568,0
2018-06-22,1.6392651303850094,4.099846481017755,0.7894701836372684,6.451261786799101,0.9747276244526122,0.2233966385802781,0.9930935574347416,1
2018-06-23,0.7086213876168481,5.785996561410054,-2.4295100316821063,5.672957046293415,0.9895917263018192,-0.1439034927824392,0.9694435420556232,1
2018-06-24,0.061970024459408,7.230407060257323,-3.13636590861226,6.045450880605654,0.9601821416561536,-0.279374756992471,0.972515496713587,0
2018-06-25,-2.567698037815507,7.6532785663218466,-3.6357470877670393,4.427605515070612,0.8817014140956725,-0.4718078172113,0.98636992014569,0
2018-06-26,-0.9446633433405116,4.166819485297683,-1.7793148513378518,3.574120593414988,0.950795206533204,-0.3098200691263915,0.9886233144073686,0
2018-06-27,0.9566295275810692,3.383641195685508,-1.128811194246486,4.683684994217654,0.9999441937200207,-0.0105645371700532,0.9670570157674842,1
2018-06-28,1.2592303662160955,4.55922130386508,-0.2563711866056714,5.918532640843016,0.9985110392097488,0.0545500190308635,0.9884683167711932,1
2018-06-29,0.978645632980466,5.555726151013369,-1.7968495104089035,5.141351143236999,0.9967241182144946,-0.0808766478628913,0.97027134764629,1
2018-06-30,1.1573994383043154,4.762242817757105,-1.015439354123014,4.637421376195638,0.9992428774908064,-0.0389059350728593,0.9689986317651452,1
2018-07-01,1.2459708559056684,4.245652084524094,-0.6819386961371215,4.949091453301101,0.998174618742083,0.0603939607833206,0.9746989911670796,1
2018-07-02,1.2501545965287495,3.300994960626728,-0.6191876419141298,4.597872187638155,0.993323714665632,0.1153602959551945,0.9699656275412126,1
2018-07-03,1.738748030593468,1.4870031977737566,2.121117289843316,5.540672742489247,0.943285384429962,0.3319829566722048,0.6489045236205141,2
2018-07-04,0.6576924094831144,3.885274733070629,-0.8506193135069718,0.3366836116978257,0.913190773269895,-0.4075323442559269,0.5064335558445766,2
2018-07-05,-3.230261007145633,0.9066172646173026,0.794696978583785,-0.8328417047584986,-0.0530318823236109,-0.9985928196503392,0.5121282018434887,3
2018-07-06,-0.5026927669883581,-3.196403709498949,-4.067455356716029,0.254417191439989,-0.54804137382841,-0.8364512254592428,0.7285194048076276,3
2018-07-07,-1.886533805534769,-0.2724161823562811,-2.073978599017032,2.206282071889921,0.4440499333488611,-0.8960020405628951,0.7790433521406045,3
2018-07-08,0.8141268792880336,-0.2921639966851755,0.1938630373329339,3.278466686478184,0.999999109073721,-0.0013348602039694,0.6849408764656253,2
2018-07-09,1.4150249569311046,2.017639382628152,-0.9737689411891702,2.6536405447772244,0.9847070651838736,-0.1742182418030971,0.8289887394629175,1
2018-07-10,-0.3293170396314526,0.8582468699310057,-1.4669612212912957,2.681821186597395,0.9257374046857532,-0.3781669704848452,0.8865371251304025,0
2018-07-11,1.803690920429196,0.2241225424045742,-0.059383788888892,4.114218229358412,0.931726274601986,0.3631613267079858,0.843395513695802,1
2018-07-12,1.6220332539176496,0.0090011424428763,-1.2701018122343646,3.932063385060263,0.9975858754942468,-0.069443653521231,0.7952162442519988,2
2018-07-13,1.2373997702639044,1.961753557209693,-1.035901209488609,3.608833089424558,0.9978328562028588,-0.0657996282819671,0.9411942190096514,1
2018-07-14,1.5050717019074809,1.3261058638298873,-0.0238640326428337,4.83684510487326,0.9898352907523624,0.1422184839645895,0.912397428011967,1
2018-07-15,2.088354342731981,2.7649757826044983,1.4728549061510925,4.68372202837337,0.9478946507914364,0.3185839465525228,0.9851074395336168,1
2018-07-16,2.06957247547662,3.136180274269848,1.537556585090067,4.939159951807413,0.928022796123372,0.3725234084931552,0.9877835948304374,1
2018-07-17,2.3304441984488458,1.1483718196378625,0.8950481000598399,5.254925101567865,0.8721664254475713,0.4892092868313172,0.91815872465158,1
2018-07-18,2.8812226177389264,2.2367760825690297,1.955526205378712,5.055079627906982,0.847187576692942,0.5312939016186244,0.9689019221014906,1
2018-07-19,2.921756612896938,2.6402644197052787,2.087936591172349,5.606501413866704,0.8727744046280979,0.4881237943658036,0.9791558987557628,1
2018-07-20,2.97474282761152,3.1553746517120738,1.76293197438026,4.774739975795519,0.8919200353640315,0.45219315620233,0.9828262939721192,1
2018-07-21,3.006653419778773,2.1251487676928065,1.1083901611881088,4.997716631623206,0.8619086364314769,0.5070636078884306,0.9376415666477462,1
2018-07-22,3.493678539848636,1.4119392933572428,3.062557572135756,5.519138653835789,0.7429015295282875,0.6694007151359572,0.9617173146474782,1
2018-07-23,4.6015059318895295,1.6902184229260635,3.42525776445268,5.290402976193129,0.6900055483778282,0.7238040779159872,0.9512911575803558,1
2018-07-24,2.3700897033790964,-0.2544407149771173,-3.2202697396033164,0.871570815268851,0.0209934861074417,-0.9997796124852,0.303582227573864,3
2018-07-25,-0.9523760884501776,-2.1414257068951272,-1.9518699094093923,1.8891157443263744,0.3188790863243685,-0.9477954042434136,0.5523765889438558,3
2018-07-26,2.206494574102409,-1.7484194480158934,-1.2350978607731018,2.8715402044872915,0.9994704009621468,-0.0325410141293364,0.3367591305984628,2
2018-07-27,2.235020337362557,-0.7174193710960125,-2.234427407151588,3.4317005663901505,0.9712200942557276,-0.2381838124514254,0.5314138217661587,2
2018-07-28,1.4389093403759616,-0.1501069330169382,-2.562045009340609,3.364987077163005,0.967254037657877,-0.2538102177504568,0.7784528445448494,2
2018-07-29,1.1040054990235364,0.5452067817462536,-1.1911024655000964,4.224589016720804,0.9959893644922032,-0.0894717040097999,0.8897933990449433,1
2018-07-30,1.263472459674654,2.855656051063792,-0.4189922918063963,3.944447167543209,0.9935646014420964,0.1132668652396109,0.9108023133178054,1
2018-07-31,1.9935211061398097,3.01382078022825,-0.4857069101676439,-0.1834141485525863,0.6950235754067576,0.7189869467721977,0.3020606711866512,2
2018-08-01,2.238905295571684,-2.219857577958698,-2.478182668259007,2.9101289378431225,-0.4100377284799955,-0.9120685616898356,0.175030342635243,3
2018-08-02,1.080602902905477,-1.1592043106004684,-4.45947734401676,2.288639862969513,0.1163961813385573,-0.9932028639556983,0.3576412323740986,3
2018-08-03,-0.8501859129369198,-1.528112478954275,-4.2129050705517495,2.5923136611875623,0.3708665875762749,-0.9286861548550884,0.7698478813525368,3
2018-08-04,-0.2020546150573343,0.333424429363752,-3.1653127339446088,6.375792702018304,0.8966098938444157,-0.4428212938198722,0.9125612947572328,0
2018-08-05,-3.7239810381275342,2.231167033272623,-4.734006368612353,1.936559524558416,0.3968853063674095,-0.9178682114495782,0.9863499150705586,0
2018-08-06,-2.84536151037375,3.526458343281535,-1.1191745992239095,2.96894091471208,0.8458044183153453,-0.5334930983229684,0.955876984228178,0
2018-08-07,-1.2933307150183475,3.2190426501204343,-1.5622574246956984,2.6615000213337643,0.9191137130267706,-0.3939923635378523,0.9749711326982222,0
2018-08-08,-0.2210102257207,3.8308692671498177,-1.4181736853047158,3.3232218664616746,0.9631087441086724,-0.2691125174000932,0.985246799981317,0
2018-08-09,1.5724750656694275,1.8255383392334952,-0.2224768364673153,4.47460846210338,0.9943065587461034,0.106557342470998,0.9199359393736424,1
2018-08-10,1.8264035343130645,4.0189326634712295,0.0692035989181575,3.888090763951413,0.97777197747294,0.2096710758990298,0.9429101537559834,1
2018-08-11,1.2722523674852204,3.1547127445980365,0.2270397040433775,5.28942989125593,0.9962498801203516,0.0865226927469625,0.9249404512032662,1
2018-08-12,-0.765558138758571,4.569777688028351,-0.6312003040433833,5.045933228464096,0.9641539025835034,-0.2653436491288235,0.9860218696337706,0
2018-08-13,-1.1892295972014133,4.701283270501568,-1.833864675089671,4.401718465210044,0.9284532115853472,-0.3714493692239285,0.9917437522445658,0
2018-08-14,-1.105354628788317,5.301579699472585,-1.9028772458635,3.903196003895366,0.9300091051339132,-0.3675364803227268,0.9880291238579956,0
2018-08-15,-0.033944008005485,4.579604175791696,-0.8407905264732001,5.120407612815288,0.9923891657157958,-0.1231411538434923,0.9891858363934536,1
2018-08-16,1.431563079332053,3.312636573051478,-0.8681987660627064,5.414385443750406,0.99956717575562,0.0294187211131559,0.9673240182021624,1
2018-08-17,1.2178425311435808,2.1925840091004067,-1.350454440695302,4.959981988150867,0.9990187248699298,-0.0442898110095264,0.9622861756076064,1
2018-08-18,2.1236632345607824,2.428420998771452,0.3440130744745107,5.858505697645957,0.976007091513694,0.2177387363676463,0.9519115081742135,1
2018-08-19,2.12543022540185,4.572778086854536,1.5202549952516515,5.882815954361795,0.9625686895747868,0.2710378531686629,0.9837905288926144,1
2018-08-20,1.750393472102439,4.216668975668199,1.609071191283751,5.2543471023133135,0.9573236469113652,0.289018053180634,0.9922628960146768,1
2018-08-21,2.9317251508762063,2.7391822757981137,0.7786993404583775,5.52124474169989,0.8667267261761639,0.4987833017773841,0.8622272827139632,1
2018-08-22,2.8724792176015645,-0.3360559008842666,-1.698824977260014,2.409496713653163,0.7146451295459425,0.6994871970352732,0.438615326649016,2
2018-08-23,1.7787417648321302,-1.5964073768685918,-4.294195896612675,2.193726106685199,0.3273695424873118,-0.944896387257168,0.5557140085361693,3
2018-08-24,-0.1131865109982708,3.122839731004285,-2.9405682048586703,3.415755573754065,0.8418235582619639,-0.5397528107895001,0.9259444138759746,0
2018-08-25,-1.101112890421199,2.703801611724649,-4.4800347511131,2.925549270151243,0.6828325238885193,-0.7305749409335326,0.9660075180251948,0
2018-08-26,-0.9921565116513958,2.338706424241853,-3.79293694241347,3.250218051176288,0.7365657278860792,-0.6763659723135473,0.9775949518430308,0
2018-08-27,-0.1028915171521543,4.344174817527485,-2.758623959059591,4.082965243797805,0.9235521237663156,-0.3834729125853978,0.9661054051981944,0
2018-08-28,-0.2730015812319089,4.989312861084416,-2.9014351964941483,4.100909891767245,0.9368535402395708,-0.3497219526146203,0.9585878090710854,0
2018-08-29,0.17653504345082,3.510827783035134,-3.884076890366463,0.3286517415932278,0.5859802917623556,-0.8103253036072023,0.8093860238400055,0
2018-08-30,-1.8289632547651504,0.8181265596351077,-3.9483955112364697,0.9134862731346208,0.3852148438443816,-0.9228269198944884,0.905271502538304,0
2018-08-31,-0.6261491151256913,0.5700296488608272,-5.712039095626506,1.5350724400948768,0.1776721389418697,-0.9840897372921948,0.8902522252520604,3
2019-06-01,0.2065616934342176,0.4495455370753893,-2.337689283849067,2.814470578362129,0.8248723304220096,-0.5653190590314138,0.9056102463330182,0
2019-06-02,0.4644922504773685,-0.2205664466303916,-1.302923946889201,3.496986491008567,0.987986501414416,-0.1545401987280408,0.8622073129936721,0
2019-06-03,0.4116017496170355,-0.1491167613400274,-2.436518285795264,3.417455628951213,0.8510873353767551,-0.5250241399795774,0.8627458549757966,0
2019-06-04,-1.6599527750918983,2.8974411544717777,-0.605231159291921,4.297413534090224,0.7704493929644938,-0.6375011630425808,0.8976903250255166,0
2019-06-05,-4.1021593377236965,8.246116437249604,2.31348342025188,7.973178935614408,0.9627919669847308,-0.270243646196674,0.7158046953426127,1
2019-06-06,3.4346510850345453,-2.255540162793924,1.2300789300847588,4.7817726631529816,0.7331339465608626,0.6800842715429422,0.7000045571108766,2
2019-06-07,3.112143812318493,-0.1498995093601537,2.638705959145134,2.937847414087813,-0.009809118920458,0.9999518894356888,0.7528195100342807,2
2019-06-08,1.1455256712088866,-0.6287063016100974,-1.678898259123806,0.2016777034257837,-0.2588154484590309,0.96592678999961,0.3144443018356179,2
2019-06-09,1.5405782401827888,0.0616586564100532,-2.317482225286536,1.9065528836230896,0.924521667885282,-0.3811294866716774,0.6275947467218751,2
2019-06-10,-2.631081373802922,-4.962931425615487,-0.1070707703503599,-4.747444560992342,-0.9696032997069692,-0.2446823271046713,0.9800536801824424,3
2019-06-11,-3.484137136515679,-3.700690722274106,-1.6898145645685791,0.3851141528797724,-0.5682231862624133,-0.8228744804608967,0.887521888777152,3
2019-06-12,-2.5653586204272094,0.062665012599828,-0.8068214689243245,2.0690814400313404,0.1292272828529571,-0.9916150005755467,0.4330545090242255,3
2019-06-13,2.316350223852301,-0.6987385774973346,-1.092973758053152,2.9411017154934003,0.9998604114662218,0.0167080095342815,0.3131578490936999,2
2019-06-14,-0.917168132220402,3.828750136204144,-2.8919807056857296,4.653705314552505,0.9147320331981772,-0.4040610194526677,0.9828484984456208,0
2019-06-15,1.2514875990606964,7.172657442120544,0.3617374225432694,6.93223844192516,0.9989935618580263,0.0448537999082953,0.9861706929769848,1
2019-06-16,-0.2697194980130505,7.683136686138039,-1.5973869289507694,6.300175409665821,0.9715273321700232,-0.2369275054665401,0.8428959111530716,0
2019-06-17,-3.6514772099785233,1.967480978454752,0.1344781990292246,1.7144181528205216,0.6845262855626928,-0.7289881784869647,0.478335371677733,0
2019-06-18,0.7104377137261375,0.1770141465357342,1.599792759865092,4.278508257976124,0.919761513490863,0.3924777169483601,0.9609017568593065,1
2019-06-19,3.0558399242359084,3.093739131909462,1.274741925259645,5.749683045820419,0.9168861914466644,0.3991487341009998,0.974346403617082,1
2019-06-20,0.3914260402437566,4.98643944326604,1.4755661572599448,5.353158191453448,0.9712165804568998,0.2381981398869568,0.9849314258627784,1
2019-06-21,0.1280675158305675,6.114022898591768,-1.2949528180230303,5.166048888662872,0.992155053286878,-0.1250134002309831,0.9912229596850451,1
2019-06-22,0.0304979983081361,6.558968708003856,-2.3485471746235405,5.799630666456202,0.9725849046934832,-0.2325480663483747,0.9877391205970733,0
2019-06-23,-0.542721324234319,7.46455002942722,-0.5787586049658046,6.668427305733334,0.9947283896176464,-0.1025447750433124,0.9978074698418402,1
2019-06-24,-1.9571032579507093,-2.127914344011175,-0.1972421936380661,6.636120530166505,0.6599777479973538,-0.7512851470303012,0.5413065787162353,2
2019-06-25,-1.294945735599699,1.761033750907139,1.118889940586826,-0.3845117021335762,-0.0930886654001804,-0.99565782293618,0.3054229041247941,3
2019-06-26,-5.37742592619187,3.609263414761612,-2.718184880827733,2.7108682254574363,0.6056050206366277,-0.7957653919213311,0.9917822446518376,0
2019-06-27,-1.1884253486225478,2.966272789404849,-2.372929287380986,1.730430078635273,0.7827016522171001,-0.6223970787340037,0.971462296676728,0
2019-06-28,0.2081189351433776,1.0367510158562352,0.1828353273570178,0.1075534153789351,0.966302323878206,-0.2574098266725232,0.8318864736392778,2
2019-06-29,0.1885212057273286,-0.194056197718047,-1.0813339263096695,1.0888782717490026,0.0035593226722046,-0.9999936655909952,0.2148011950646819,3
2019-06-30,0.9836547348483275,-1.434143135964359,-2.118282586151898,4.485890547657247,0.9869309420262028,-0.1611437732935163,0.680878991551636,2
2019-07-01,0.4186912662499903,2.9336971891096835,-2.63065900314282,3.87688645244572,0.9619982640096282,-0.2730555621892029,0.9503983855769949,0
2019-07-02,0.4894961854013743,2.069042270460092,-3.587342234507489,5.209148071422847,0.9571922360505598,-0.2894529724230334,0.935857952086182,0
2019-07-03,0.4396058781425721,3.443568581701084,-1.099429419675229,5.367973033505829,0.9951666717878058,-0.098200281887485,0.9444290853797253,1
2019-07-04,0.2018455798681966,4.523388710461876,-1.3353196250792203,5.555350217182573,0.9850265041546814,-0.1724029759395336,0.9912706209787197,1
2019-07-05,-0.0571033371555616,5.263523116582022,-1.0641490799167923,2.696874157236385,0.9839003188420676,-0.1787181092740115,0.9718565397908906,0
2019-07-06,0.1082743060238493,0.6696629797131302,-0.7472725523651714,1.608187397007725,0.956399277575012,-0.2920623595295962,0.9793675404062024,0
2019-07-07,0.4119303184009713,1.2367204883121894,-0.1469641859769687,3.362545698372509,0.9970579636942424,0.0766512689646472,0.979953672077808,1
2019-07-08,1.1647800684424603,1.6826255238592631,0.5991872415413175,3.887175861300842,0.9566146401028648,0.291356191526569,0.9818843522988012,1
2019-07-09,1.312123224720113,1.790283196501271,0.9439523512795164,4.184136706233723,0.9253496870797476,0.3791147011412416,0.9831101231065208,1
2019-07-10,0.3876170031340684,0.1507402842399335,0.2261246960777026,1.6851268671390045,0.9033807098452946,0.4288394723896245,0.836058207785175,2
2019-07-11,1.71845801585255,-0.6225402693423454,-1.5710185535410268,-0.540967581726289,-0.7970464274666865,0.6039180345565051,0.4820524888614311,3
2019-07-12,-1.8596491705959115,-4.775416478237417,-0.238311125953995,-4.653375262384961,-0.9743421903715694,-0.225071757583959,0.9846663096562468,3
2019-07-19,-0.737792127680118,4.688821902850442,-2.1703277957362626,4.727818836139878,0.9550978960797256,-0.2962904131153789,0.989708850545628,0
2019-07-20,-0.1181811651632815,3.987618381066852,-1.2405161144170864,4.905955607665947,0.9755177258587128,-0.2199208187858645,0.9852094723423328,0
2019-07-21,1.1349297118132715,2.8672890353040885,-1.7522722715909755,4.463766671734661,0.982350450828933,-0.187049703972479,0.9163394986543646,1
2019-07-22,1.0381808145019678,0.8950859719587274,0.3472216959303148,3.32651986733799,0.9674026738640402,0.2532430978342854,0.8908673007721936,1
2019-07-23,3.1038999987458946,-0.9306818460628832,-0.8759074840234625,-6.077486707197208,-0.9964168306293352,0.0845783638916652,0.750817033634529,3
2019-07-24,-3.348355228747363,-5.216083526287704,-0.9938114013628102,-4.586696081577533,-0.8878590239325885,-0.4601155872402837,0.9596853329155756,3
2019-07-25,-2.1845965417884914,-3.5874069814038805,-3.6335537230703614,-0.5058974577275952,-0.4474074403375264,-0.8943302423213825,0.903455435274026,3
2019-07-26,-1.9044830136140447,-3.147924143608384,-6.140366481767141,-1.1052787488469296,-0.3984335034126519,-0.9171972216259272,0.943588347706502,3
2019-07-27,-0.5626131215929514,2.396808619080608,-0.1708333706713258,5.109280524958949,0.986153976232936,-0.165832250060022,0.9021841159881846,1
2019-07-28,-0.1352417447327181,4.255732794286743,-1.5077877210691546,2.973064637665589,0.9918608151410088,-0.127326836871939,0.9190912786340028,0
2019-07-29,-0.7200090959859166,5.118057340129443,-0.1624366081419767,5.185289676557023,0.9965560576446711,-0.0829217943107276,0.991672028511925,1
2019-07-30,1.4111857326022197,3.669940348944652,0.1202451573009862,2.7931122296307547,0.9661370448842442,0.2580294760339211,0.9379968579759153,1
2019-07-31,-0.1246268715388943,1.455429750710968,-1.265474370073047,2.9308181105013604,0.9740478402977434,-0.2263422294034011,0.891442652954511,0
2019-08-01,0.5638176765710773,0.7502331698918779,-2.503523341620592,2.988214148845096,0.8613214504289458,-0.5080603891576051,0.8767776811929312,0
2019-08-02,1.152856540506939,-0.4695592325207683,-1.0606451390913114,2.9791513356629338,0.985826063879698,-0.1677705927016464,0.6737238696838387,2
2019-08-03,1.3973005812558994,-0.2341094006026054,-0.7848942045508542,3.4874989353722063,0.998680065189588,0.0513627042991351,0.7626534232696182,2
2019-08-04,0.5867560543779955,2.1081785442294696,-0.851767890216965,2.701735750756631,0.999996522364355,-0.0026372825400632,0.7530067217391989,2
2019-08-05,1.4152904983615184,1.870586365174971,-1.3800005915762892,3.662618370613421,0.9982487302672924,-0.0591563396411463,0.882726622130182,1
2019-08-06,1.4895302551286336,2.7823634267167905,-0.1580885893300019,4.186727768854296,0.9864464018636048,0.1640838086172666,0.977425101244532,1
2019-08-07,2.271028983529516,2.849581715467268,0.2626357366559719,5.412115144316543,0.9763552037817128,0.2161724220347504,0.9529973327129329,1
2019-08-08,1.1744686167685738,4.674766783543687,1.295839973439503,4.966970234274894,0.9881169620235806,0.1537038365210508,0.989048316674794,1
2019-08-09,1.3252290603004933,4.480471821076995,0.2713443165551603,4.916742037640388,0.9884542637435424,0.1515195317020597,0.982544392944727,1
2019-08-10,0.6219573532983667,4.324977486462703,0.0370687312352893,4.910927320526024,0.9998187867073866,0.0190366422188763,0.9906695059632612,1
2019-08-11,1.701565763554174,3.5340762805871977,-0.3146087918431931,4.891631468974241,0.9938186018410684,0.1110161548364202,0.9705335185273628,1
2019-08-12,2.020373522535653,3.368944047112523,-0.1506471151963951,5.448077326799002,0.97064425962566,0.2405196899543865,0.9741970434802888,1
2019-08-13,1.998103873116963,1.9664388786596831,-0.0814749566129252,4.9594840958879605,0.959594007904488,0.2813882371276412,0.950385884176524,1
2019-08-14,2.035697803306039,0.2312879302151825,1.127122115497024,4.404447491134727,0.5012332813245332,0.8653121966623616,0.5642332880451476,2
2019-08-15,-0.5038068017546994,-1.7493449419750953,-0.9866505570627876,2.810144382370104,-0.0453966028772053,-0.9989690427872172,0.2750118024772692,3
2019-08-16,1.6833884361799505,1.4327870742998836,-2.1098840937092,3.6510081236459726,0.9363353531554534,-0.3511069729174464,0.7300225270904864,2
2019-08-17,1.5997638424098533,3.590022416429227,-0.1242243924589015,5.825388497235511,0.9992804131373006,0.0379296179804885,0.974407314606308,1
2019-08-18,-0.2412634683999636,6.047610833038272,-0.0179487914608512,5.656067228465561,0.998112728023296,-0.0614083231972203,0.9817375755433432,1
2019-08-19,0.8914869947612198,4.3450964816462685,0.1988562787296368,5.251061330010056,0.9980902398621808,0.0617727536366494,0.9853540560822026,1
2019-08-20,1.274556830425523,0.9210605380787004,-0.3259360341451172,3.204755882688604,0.9985037332460612,0.0546835870593628,0.8297962812503807,1
2019-08-21,-0.0801444086003724,3.201519493899148,-1.5415527151471609,3.5712321648101844,0.9582839784939552,-0.2858178030875556,0.9699606197729524,0
2019-08-22,-1.916821639741092,3.2591926354942324,-5.197558729126334,2.947858501096382,0.7675431137455837,-0.6409973233498982,0.9482045292537694,0
2019-08-23,0.506981362407348,3.8514865440090738,-4.977320126497164,3.603815375924628,0.8374177598255456,-0.5465633499684779,0.8070721662249504,0
2019-08-24,-1.1996134017081772,-1.477937182938591,-0.0778266826050909,3.895100021765642,0.9315068792469384,-0.3637237054628551,0.5132955738001346,2
2019-08-25,0.6392467482597286,-0.6188977702191057,-1.154521495416129,2.8130950307342024,0.99523848307819,0.0974697994264053,0.7489892928433438,2
2019-08-26,1.3409309114696764,4.547654556622883,-0.1562069089825084,5.518631017718638,0.9991415893291722,0.0414256499378806,0.977704891002027,1
2019-08-27,0.0219984523028386,5.397770277338634,-1.5302953447638303,2.970288205465371,0.9783160091403026,-0.2071178076839156,0.9738422557260143,0
2019-08-28,0.3424048754521863,-0.6487352136619358,-0.264812227397567,0.7463958670307143,0.5388272828114388,-0.8424162624843147,0.5134286415950053,3
2019-08-29,0.9432747073175554,-0.9776512519782056,-2.898345324560358,2.026421111367565,0.7019376589805212,-0.7122383890980221,0.5429699765710546,2
2019-08-30,0.0157868406048087,1.552128541413602,-3.2037191467390977,2.2238024188041665,0.6894928794095079,-0.724292461125743,0.9201554988995272,0
2019-08-31,-0.8120690470729756,0.4057330195008936,-3.2231538613023942,1.318801630836146,0.3901248823982212,-0.9207619541085384,0.7899521074175808,3
2020-06-01,-2.055214964273149,-3.276893464704564,-4.924722218779114,0.4004041885120951,-0.297516849866189,-0.9547165673883006,0.8718496860972614,3
2020-06-02,-3.4626327682609777,-1.00752094736438,-4.454559829298698,1.348620295699702,0.1211706058774329,-0.9926316961850936,0.9542093708112904,3
2020-06-03,-2.255954443780231,1.1693821278107632,-1.5832020523451882,2.8252915683129487,0.6800755758670183,-0.7331420129205142,0.9540077478872248,0
2020-06-04,0.2932023622847408,2.4121333890686616,-1.842946320762448,3.866662830198494,0.969995844697734,-0.243121494872686,0.9686249109886664,0
2020-06-05,-1.0275632967793196,1.7810829487374575,-3.048292918979473,1.5148618079145757,0.5163066497541758,-0.8564037852669842,0.9107250612933602,0
2020-06-06,-1.4327598138738806,-2.593306093986773,-2.708276217773661,0.2167736311015671,-0.6158968305469095,-0.7878268173413948,0.858881525259541,3
2020-06-07,-1.5341288078586532,-5.001462690128367,-1.0909838080816858,-4.7522661354259785,-0.9564106737720084,-0.2920250384726851,0.9666175005020312,3
2020-06-08,2.2418836096123287,0.8003172623993157,2.065894290365528,2.888969043150292,0.7711088936088686,0.6367032858383146,0.8684646615845082,2
2020-06-09,0.0785558707873519,7.163778958563588,-0.954093445588158,5.214537759454501,0.9999997522615752,0.0007039011208084,0.9903371940152956,1
2020-06-10,-0.7989518878585014,-4.495990751802844,-1.2197691067799674,-4.560219962069588,-0.9793457106579692,-0.2021929252368567,0.8454788790878985,3
2020-06-11,-2.558505426504816,-2.705535247334589,-2.391125562680121,0.1894524207494744,-0.517302866615149,-0.8558023978651551,0.835792129701516,3
2020-06-12,-3.6422738404249744,-3.8088388353013145,-2.535862926520881,-0.6456555980472934,-0.4941987154712381,-0.8693489688419594,0.9144208423386714,3
2020-06-13,-2.4881208168434186,-3.850848355424026,-3.66879181068758,0.3105487971150996,-0.5229212826389051,-0.8523809782974291,0.8815478673572937,3
2020-06-14,-1.4159494837107385,-3.037253956824462,-5.070660359571344,0.7129155074342082,-0.06873894264712,-0.9976346815161128,0.861676502710817,3
2020-06-15,-4.098867193725386,1.0729203572006667,-4.924016350023346,2.234340785711134,0.3349446337783784,-0.942237810907134,0.962143495459278,0
2020-06-16,-0.8111733693294918,1.8706933470843072,-2.0596451274603185,3.00401326335208,0.7994275400996044,-0.6007625222417718,0.9033774151105504,0
2020-06-17,-0.4849287545617059,2.817428313171985,-2.166376155911658,3.280765647816903,0.9370114959005432,-0.3492985206814166,0.9820294837320188,0
2020-06-18,-0.3436024425368421,4.410775950167748,-2.8386278362141377,4.488365704990921,0.9379470073571524,-0.3467786201451326,0.9809580184788488,0
2020-06-19,-2.239303747436605,3.9911338347026417,-3.771885627833473,4.483269864026051,0.7927876266888989,-0.6094979728998146,0.9753721774446786,0
2020-06-20,-1.0461851105378075,4.020094044794696,-0.5988445867936363,5.050487381628377,0.9686076618572304,-0.2485944436053819,0.9376153496427708,0
2020-06-21,0.4003992083695003,4.249677665709798,-0.2759506995442092,5.173697708940093,0.9962347671278324,-0.0866965326051365,0.9798088935144652,1
2020-06-22,0.5762596130299522,7.842392663430507,0.190239418215451,4.588515170907457,0.996447052928542,0.0842215572761722,0.7945523525892492,1
2020-06-23,-1.8855586941621816,3.888695155983463,-0.4718492518743742,6.38092111324652,0.983617746425237,-0.1802668270019142,0.8994135093437579,0
2020-06-24,0.585410289320227,3.8548845763501207,2.6424948679424167,3.8100884042309966,0.9562013306905894,0.2927097797914274,0.8531261473346806,1
2020-06-25,-1.7369318414415762,5.31111661244337,0.633829676783485,3.492832926821735,0.989912967882526,-0.1416768012696831,0.9397009037645808,0
2020-06-26,-1.8622614602998253,5.114578540659012,-2.761244435949433,3.645124825690771,0.8670422279361364,-0.4982346585450884,0.9822492035162088,0
2020-06-27,-0.9132726342783476,4.268501704371556,-2.107302534345708,4.601247217097627,0.9234213416368106,-0.3837877353559814,0.9906611355206618,0
2020-06-28,-1.3508137109910492,5.1679003123186735,-1.6457600792906462,6.801253735149506,0.9720711459004424,-0.2346863594412786,0.989612717696966,0
2020-06-29,-1.002847783882577,6.795801947792526,-2.437560469533333,6.192066351803797,0.968344673009382,-0.2496168949697777,0.996131501059972,0
2020-06-30,0.2465654754261559,6.936514460260694,-2.0233249629077563,5.045636683920363,0.9854035555421964,-0.1702346402022741,0.988303663499277,0
2020-07-01,1.2448537235360713,5.595504459086677,-0.7236214668865376,5.257949085742771,0.999994654073336,-0.0032698355843654,0.9802938535368974,1
2020-07-02,1.63845960452915,4.483742711154159,0.15092291453388,4.89241012284598,0.9878847804091776,0.1551891124915369,0.9872589041394612,1
2020-07-03,2.4244711632637417,2.07003698032558,1.238967305344099,3.80627160162915,0.7713751091014671,0.6363807359267719,0.7964526796735965,1
2020-07-04,2.289298549962115,-0.307615266327071,0.882730832826453,4.154723612860655,0.5873935642295764,0.8093014275915213,0.7850710209606597,2
2020-07-05,2.9240991844865203,2.25451161329262,1.613228448903253,4.777029994286851,0.8618627529214378,0.507141592779256,0.9715706632820452,1
2020-07-06,2.41152989650032,3.3154443632681065,0.4927368083868465,4.224906211593324,0.9538606010837584,0.3002498188178156,0.9671466588161828,1
2020-07-07,0.4744523296550837,3.4651432374083084,0.0875018599690939,3.5639090179427164,0.9947515042866292,0.1023203045318396,0.983866359933088,1
2020-07-08,0.7994986586931049,4.246618451091874,0.7302771773391026,4.531488514781897,0.98980189531231,0.1424507214308112,0.9954433161109224,1
2020-07-09,0.2434392379656284,3.6971272074503454,-0.3672115752540478,4.443010805319036,0.9998737486890684,-0.0158898295292859,0.9965646602835948,1
2020-07-10,0.4632484845002218,2.577839595302685,-1.1028148226510908,4.42831087976674,0.9990029048052954,-0.0446452258431046,0.9571994533665712,1
2020-07-11,2.211147575078237,1.6000349984030364,0.6378264750772354,4.564922498683491,0.9136946936689928,0.4064012878438326,0.9303655597009264,1
2020-07-12,2.694865765451138,0.887876477953687,2.136433474715914,4.497367279905072,0.6471876961566612,0.7623306932974909,0.9142162390274812,1
2020-07-13,2.9443755483116614,2.226030158775289,1.0227512830927243,4.6753790224229785,0.8758522466920885,0.4825793633843255,0.948172503208328,1
2020-07-14,1.9975426883322456,3.136606282416986,0.3978090034577307,5.606451788262811,0.9705045906612728,0.2410826404065528,0.9758134762201656,1
2020-07-15,1.466717882338364,3.676635879920344,-0.3219161762838262,5.200445582384667,0.9974449344843762,0.0714395035779119,0.9812707810063196,1
2020-07-16,1.5643720944373345,1.7030514118247155,-1.071125234452358,4.514032361696599,0.9981361927749348,0.0610257377895433,0.9145830401316016,1
2020-07-17,0.0606047749651063,0.289005262264476,-2.122602725274011,2.69023591379371,0.6270075892008435,-0.7790131469266396,0.7000689627162823,0
2020-07-18,-1.791869072393555,3.2219495319177702,-3.317387661442128,2.1773177858208563,0.7138496826611289,-0.7002989579919461,0.9424907698647792,0
2020-07-19,-0.1109372358011895,0.4381958412309325,-5.454936318281362,1.074230009400891,0.2410542147281844,-0.9705116514302022,0.8321691632037485,3
2020-07-20,-2.5937079251239004,-2.933012947825047,-6.639509857150609,-0.1296286371355808,-0.1801676942994375,-0.983635909232082,0.8943329717503117,3
2020-07-21,-2.342805261066524,2.550267285466775,-2.450169313008029,1.894816099439614,0.5959704818623454,-0.803006341661611,0.959276280552827,0
2020-07-22,-1.895472785388194,3.5745014104199244,-3.497439805817055,2.3095485365467305,0.6313921286076777,-0.7754637192881855,0.958060868048717,0
2020-07-23,-2.733045446471921,-1.6759741539372666,-3.878792153717584,0.2184664099109511,-0.2780190466843275,-0.9605755616716144,0.9027669922514724,3
2020-07-24,-3.308487399867832,-4.96311428318933,-10.821639198407684,-4.385567472283562,-0.4918060850956995,-0.8707047574596348,0.9544115085450872,3
2020-07-28,0.090351793638287,3.943936789470578,2.471773425093048,1.3386169031045714,0.9454713692326808,0.3257052194259092,0.7425266439082935,1
2020-07-29,1.2256498614050568,4.119865393075325,1.1272368637637058,2.8781659126567325,0.9938468007295758,0.110763426633465,0.9543992397585702,1
2020-07-30,1.9447143464959304,3.89832137029514,0.5246156319439024,5.256566984650603,0.9789320427713852,0.2041863257797716,0.9874401330240624,1
2020-07-31,1.3105593253221453,3.886112383946922,2.5500594635686418,5.649981092078521,0.9119197402169174,0.4103685994355684,0.9976461648103052,1
2020-08-01,3.08532392388947,0.7554198758209196,-0.6482739846953011,-1.2468083348894163,0.2669640431385344,0.963706490416624,0.4544601797489624,2
2020-08-02,0.8421151056631363,-1.2289868083111295,-2.0498309783845654,2.9022466475652093,0.7332750444867981,-0.6799321356818518,0.2295498195264277,2
2020-08-03,2.2760734703818937,-0.8256325074159838,-0.2633647571315739,3.5051262601987787,0.7645851112629266,0.6445227751096606,0.5756121856484695,2
2020-08-04,2.680312936623169,-0.0819185486581823,0.652530185587674,4.138004649338555,0.7338580631595071,0.6793028361016734,0.6865165276311205,2
2020-08-05,1.5620829575868125,1.7826260763930932,0.6133886251362144,3.5604668035997853,0.9748875305313308,0.2226977835869129,0.9424013548790704,1
2020-08-06,0.3998748769068799,3.235393002713463,-1.5237326424213375,2.703175896480899,0.9688202332038852,-0.2477647185027951,0.9624134390817513,0
2020-08-07,-0.694963337332082,1.3100493156172972,-2.6923924481244965,2.5993396349463453,0.8201893892203164,-0.5720920955671424,0.9804922683783942,0
2020-08-08,0.0369582046824282,2.175736821310076,-1.7888439136485594,3.5495897091768653,0.9676898844353574,-0.2521433869080938,0.9686001545649604,0
2020-08-09,0.8548185159585981,3.898575432136637,-0.4435549811843701,5.093375781523672,0.9999942154715724,0.0034013267109241,0.990176290871528,1
2020-08-10,-0.5984893836334901,4.034188835244846,-2.072518449633459,4.036107400595819,0.9551986744311488,-0.2959653566973277,0.991365728115839,0
2020-08-11,-0.2651810424225472,4.794752550711768,-0.4927897067380288,4.921271746458443,0.9994158307615034,-0.0341759743576371,0.9850387818261772,1
2020-08-12,1.7742119491298003,3.337706780787589,0.2644635575135228,5.044806103965785,0.9696917601751718,0.2443315170999787,0.9813633333946608,1
2020-08-13,1.7652630270789005,2.7658922634551795,0.7175458676729531,4.57676554657876,0.9507688878846434,0.3099008257985098,0.981522056002913,1
2020-08-14,2.544165128395323,2.2161995485893646,0.5857458942084992,5.589831751970034,0.926002414375333,0.3775175871016527,0.9626651360483484,1
2020-08-15,2.335331377218207,2.0425169476876706,0.760577155501539,4.6982758275147605,0.9031932373309156,0.4292341738954394,0.9475351627118136,1
2020-08-16,2.128292278617481,-0.23013917025261,-0.6124022702054496,3.4605617915833102,0.7365363828716966,0.6763979277808866,0.6589836987016875,2
2020-08-17,-0.2663494362520877,-4.570229450641104,0.0505288801527393,-2.976835556925648,-0.9998740213833938,0.0158726608544561,0.7142147213024862,3
2020-08-18,-1.3876047612878577,-2.771656021722332,-2.1336464252340144,2.6228080764980835,-0.5891851190239941,-0.8079980789090293,0.2258231323913404,3
2020-08-19,1.63111211434371,-1.282130891690643,-0.9334506633143504,2.919166896061444,0.8488930416742936,-0.528564663780096,0.2796372209496879,2
2020-08-20,-1.0494628285461225,-0.3618385177631352,-1.4237828533581722,3.5905824006604385,0.752145484267506,-0.6589970944518639,0.6425471004064968,0
2020-08-21,0.7341925739126903,0.4926491491814217,0.8628615205346086,2.458413037656164,0.9997701430150856,0.0214397093169444,0.6557692383221275,2
2020-08-22,0.1588906096851625,2.8932421869485063,-2.4821465980480872,1.7564636725744864,0.7713309993404005,-0.6364341988426918,0.7833121166909226,0
2020-08-23,-2.359038513300555,-0.9401592313993689,-6.073144606250651,0.5402946912885236,-0.056551214946934,-0.9983996995632688,0.9150666014407728,3
2020-08-24,-2.372610083915557,-3.4624104872663417,-2.821245419639053,0.9527401034376975,-0.5707883244099664,-0.8210972468089653,0.7677008428133558,3
2020-08-29,1.0285689710640156,3.640929734211407,-1.7179165275936092,4.43104175468568,0.9917982093337616,-0.1278135828554384,0.9706498148866166,1
2020-08-30,1.2909758550428692,3.420080434909313,-0.939338393294323,5.170440018389257,0.9988888912844986,0.0471273049136586,0.9625323986476187,1
2020-08-31,-0.1898710388349128,5.943686194836436,-0.8394600395594238,5.592174026460816,0.9914167357121622,-0.1307396502589812,0.9901877090088986,1
2021-06-01,-2.5907819303975224,4.228032107244376,2.1314899546309207,2.2325035852181028,0.9766691777563972,-0.214749428918084,0.8501994681664276,0
2021-06-02,0.3576155820964349,-0.3233810814610974,0.5403778620282067,4.1723310248324985,0.969127218969781,0.2465612164390378,0.7704010451760285,2
2021-06-03,-0.2829674030714851,1.2010536383151609,-2.077196432855959,1.370034367845416,-0.0545056765517843,-0.9985134607122892,0.3065972584390161,3
2021-06-04,-5.891775445725124,2.3549671905134604,-2.414017984599337,0.0275432292791927,0.2162833525447907,-0.976330636317424,0.9565490394770166,0
2021-06-05,-0.2667380737906647,2.936018077420601,-2.604342733442131,3.825125768851621,0.8503802432564234,-0.526168643952817,0.9287644877110842,0
2021-06-06,-0.1430174545026521,3.0905678035770534,-1.3649447424482726,4.166147629518801,0.970181270256856,-0.2423804918775295,0.979757651158304,0
2021-06-07,-2.168962615480828,6.200578211434761,-2.2811369741584926,5.067423626384544,0.9071831020521546,-0.4207360447489972,0.9948922598489688,0
2021-06-08,-2.303503064165956,6.609755436102989,-3.184391106877071,4.849182063174991,0.91841332660402,-0.3956222459823735,0.990643510138032,0
2021-06-09,-1.502961350915185,4.72077683368987,-1.2287690088241825,4.599921012748719,0.9499995041655817,-0.3122514084598326,0.997773765527642,0
2021-06-10,-0.4396051150135117,5.1529264937800034,-1.0005934619870658,5.348422879048655,0.9792875230752204,-0.20247455926412,0.9925359322613756,1
2021-06-11,-0.2983669494411584,5.6247851337384365,-0.646772249847661,5.080729843686532,0.9996008274418272,-0.0282521818204271,0.9959155010013082,1
2021-06-12,0.3737556493611268,2.726303281833068,0.231684657342334,4.024966587783828,0.9979128078565036,0.0645757533130561,0.9342908032561148,1
2021-06-13,2.7683472287112214,-0.2319407439391654,1.2490922272222496,3.796482985439873,0.6362584418454401,0.7714759848371255,0.7205452377703807,2
2021-06-14,1.6123221491845938,1.2796903879762425,-2.9986391926105056,0.5532156308973922,0.8070719823756042,-0.5904530593233577,0.1176020606113848,2
2021-06-15,-0.0610955897725359,0.3448904857633672,-3.499860042479419,-0.1556344737798664,-0.2077685230823601,-0.9781780210248924,0.5306673607727228,3
2021-06-16,-1.3389385286024136,-2.9096082149038027,-3.759485714821127,0.3988508200488718,-0.3366882685708868,-0.9416161690448708,0.7455439997389595,3
2021-06-17,-0.3272140829077469,-3.479340023760704,-5.948127573780516,-0.1679917599927237,-0.3620878014689284,-0.9321439931831336,0.814903099679745,3
2021-06-18,-1.868044019649152,-3.80605059587016,-3.010828647365579,0.4033532204954321,-0.4314623102687656,-0.9021309632295852,0.8274981664539013,3
2021-06-19,2.9155982467388086,-0.3508244669876026,-2.71134512774376,4.016977422475632,0.9997812984717612,-0.0209130396193093,0.5314756602518315,2
2021-06-20,0.21569407151237,3.9492154363689047,-0.1432138786896718,5.707911637514333,0.998843515264484,-0.0480794344193882,0.9554895519233906,1
2021-06-21,-2.0924445270692,8.347524259223714,-2.9242296207752547,5.549615774731779,0.9555523829666446,-0.294821375423776,0.9930569009792606,0
2021-06-22,-1.0607160063679566,2.5073462797006774,-1.759826334994242,1.1780189130008885,0.9807988687566568,-0.1950219963123704,0.6988839464434456,0
2021-06-23,-0.8937212512854622,3.9978396506261937,-3.189903404807371,3.037545270123,0.9054434260037242,-0.4244669625620331,0.9098014528286832,0
2021-06-24,-1.0408632638048565,4.494442132063609,-1.962523273005316,4.714634830963253,0.928470483150127,-0.3714061953158155,0.9900164066896752,0
2021-06-25,-0.2713019278862585,5.635184085020704,-1.189529002265722,5.711797894459617,0.9774476262730704,-0.2111779768184647,0.9795082668988772,1
2021-06-26,-1.4504572237927238,6.082294206815622,-3.612915477072852,3.7250849787228346,0.8499212596310494,-0.5269097194275033,0.9648716743391904,0
2021-06-27,-4.697054899779528,3.2367420887129805,-5.777597072752646,1.0818386929676709,0.2981322683241228,-0.9545245678262624,0.9694074670204014,0
2021-06-28,-5.546953121350471,5.013365157418966,-1.5010775552449107,2.859007706259168,0.7417583285004637,-0.6706672663103501,0.8989125017275552,0
2021-06-29,-4.3320643509314,3.550536689725574,-4.905981831958966,1.7319172303456962,0.5167601395763096,-0.8561302226560356,0.9660774336023644,0
2021-06-30,-3.912474969409256,1.3267734812600096,-3.720844282475869,1.3490791881191946,0.2891585072056267,-0.9572812322983324,0.9944929086355068,0
2021-07-01,-1.4433333141197235,-0.3511548597063055,-2.019170831419239,2.5786467360333782,0.6842482952447634,-0.72924911412674,0.8531869047847443,0
2021-07-02,1.871172252433132,0.3912035679951483,-0.593634595166184,3.191038174261782,0.984059702470896,0.177838415346324,0.744012921101166,2
2021-07-03,1.9339316589652025,-0.2755322137767556,-0.6231966317526965,-0.7062447691785229,-0.9910464498462536,-0.1335175428441424,0.2209328606143177,3
2021-07-04,-1.4005106100772773,-2.129202119158047,-2.0487135384754747,2.6294659971210423,0.2355390601147097,-0.971864883180928,0.5564106787357019,3
2021-07-05,-0.6739933332059656,2.009469512200824,-0.786621815867902,3.0174174563345515,0.9111893548735066,-0.4119878148261217,0.922902336094422,0
2021-07-06,-1.0480022771939983,0.0963822597228661,-0.598317068041252,3.52120796805905,0.7895961901160837,-0.6136268056026931,0.6865455242669144,0
2021-07-07,-2.188712542799858,3.850058348357593,-4.776716357525491,-1.7351305852501877,0.3217272447721881,-0.9468323927556008,0.8018053371276327,3
2021-07-08,-4.914042411789218,3.534955981238276,-7.444015452913087,3.736269895243859,0.56807303202282,-0.8229781469081668,0.9393106724230998,0
2021-07-09,-5.349375374495373,5.748178353758559,0.1611976031365262,-0.212846521242813,0.762447822466125,-0.647049702895121,0.8690402386150091,0
2021-07-10,-1.4279972167148904,4.890994583481235,0.1267572759161147,5.269292671697221,0.9770731881947088,-0.2129036986785971,0.9887823133321868,1
2021-07-11,1.2158999716944752,3.4468062142202696,1.2947117803299162,4.793584494295367,0.966143722858142,0.2580044704686524,0.995814406894004,1
2021-07-12,0.7964552684348088,3.6901382289460782,-0.3743347044310808,-0.1193485579871363,0.9851144502125816,-0.1718997381683953,0.7064295128038993,2
2021-07-13,-2.0058976672983864,2.569354975211928,-3.3057205678153068,2.4861095729118694,0.633530115646524,-0.7737180316943002,0.982677360207747,0
2021-07-14,-3.266992377169725,2.5338199247351527,-4.15297828265363,3.036238794036673,0.6319886012592635,-0.7749776821808223,0.9860055204450616,0
2021-07-15,-0.1130109397831369,3.5828667454990573,-0.0655516603047657,5.0912459695360095,0.9868250531015684,-0.1617909594850293,0.986053470788232,1
2021-07-16,-0.2566869234139654,5.378172657188652,-0.403347050755459,4.426983836305285,0.9898355190405472,-0.142216895078365,0.9823295268624396,1
2021-07-17,-0.4163593335583855,3.746011771478149,-1.8465919648588431,2.779473675373553,0.9149644310750548,-0.4035344965024695,0.9757906915492452,0
2021-07-18,-0.6110145465366358,2.7278257947821323,-0.8741890736078493,3.736570387681713,0.9531220912759044,-0.3025859863276,0.9838872832517552,0
2021-07-19,1.657674126307312,3.504960246876942,1.710407153054699,4.04283674609613,0.8856256265750503,0.4643998810869245,0.918613712112736,1
2021-07-20,2.1416199740263826,1.110508500257864,-0.08664385182968,-3.379640524022263,-0.6215943094788271,0.7833393354246551,0.5770897334038761,2
2021-07-21,0.4257132000786798,0.0155082984154265,0.6964485770345126,3.359789388972723,0.992260794701333,0.1241713143148574,0.6117410900399806,2
2021-07-22,1.0849451365680902,2.4632015108143657,0.115419445966899,4.138366236506705,0.9863391974383868,0.1647270093111597,0.9788523070249124,1
2021-07-23,1.0021662818654615,3.5650872721990807,1.815764724215173,4.445129110413409,0.987824619541724,0.1555715945384901,0.9795534282348382,1
2021-07-24,1.712213812266039,3.744808289852864,0.0505081425798383,4.834799821127421,0.982036126942506,0.1886929923970748,0.9739518855765212,1
2021-07-25,2.002829463429144,0.5177712709510373,-0.1003920491085509,3.793064497907359,0.909063032382814,0.4166586170415329,0.8224382102700168,2
2021-07-26,2.4254627514072524,0.0498368616729483,-0.4724247599043403,3.297540840758952,0.8355845105132376,0.5493619260472582,0.6117611946023078,2
2021-07-27,1.8357389150588328,-0.0501082994863535,-0.2321927390095735,3.061158726587723,0.962345406977012,0.2718295746791531,0.3689288850171422,2
2021-07-28,-0.5551730100058148,-1.2917247406943753,-3.214853785787942,1.2849423513231462,0.1069343255849432,-0.9942660861216646,0.7355851436932314,3
2021-07-29,-0.363767654891009,-0.4190346770701091,-2.862140541806442,3.0596669097729974,0.4130261356275752,-0.9107191725710796,0.7493712555326947,3
2021-07-30,0.292592879277384,1.045349332565085,-0.9179846802284388,3.883347848997136,0.9995766864851958,-0.029093776572946,0.9197120110619956,1
2021-07-31,1.031093905591382,1.0044588796926028,0.7422040049139297,3.46304677625828,0.8652106656389816,0.501408520135578,0.8731866626080823,1
2021-08-01,1.6140059582907431,1.7957239547079156,1.6229417387987837,3.5831980261636938,0.8203597536290257,0.5718477722486329,0.9529030119163528,1
2021-08-02,2.648562790216177,1.273171167656188,1.4985697729911067,3.786628422355347,0.6141806430241358,0.7891654691726312,0.915097956852632,1
2021-08-03,1.5162890343472426,1.150732223963162,1.1981158868077164,1.976650792608148,0.5371817403229397,0.8434665244475431,0.7575708596252205,2
2021-08-04,-0.5934809808054754,-1.409239892867284,-2.3440092893213538,0.6893690182786523,0.1291877885014762,-0.9916201466802184,0.4262823232558324,3
2021-08-05,-1.9031758090917696,0.1427045894552741,-2.4449586018775,0.9636237882339792,0.0670562936924023,-0.9977491936735596,0.8318954321209046,3
2021-08-06,-1.935418616563692,1.2039425749946742,-2.7344195342691444,2.241326327445903,0.5383407897931051,-0.8427272358509221,0.8847361242612224,0
2021-08-07,1.077520488301701,2.4465388016489324,-0.5691564321445031,4.387850100831066,0.9961173486374862,-0.0880353777945246,0.9644000995496502,1
2021-08-08,0.0759302672900349,4.96967504287939,-0.4212347853099635,6.01761117320074,0.9966142931283136,-0.082218919552325,0.9935097367967696,1
2021-08-09,0.4995055311315906,4.7587114728758415,-1.7788012375081617,4.702696206860006,0.9839635382240236,-0.1783697156068274,0.979793737077077,1
2021-08-10,-1.366728429476867,4.458037416814211,-2.934405920694399,4.200752589490244,0.8982833480708768,-0.4394166890077979,0.9883727534307054,0
2021-08-11,-1.2046231295019645,3.304828175944736,-3.2899961322070617,3.598968035840786,0.8402598980764653,-0.5421838283133573,0.9859382504736894,0
2021-08-12,0.01688152499314,2.458011687219622,-3.14201505453119,3.166997647847562,0.8755609970502987,-0.4831075868212864,0.952375692630676,0
2021-08-13,-0.8734628337860881,0.7372924946848742,-2.869680021081181,2.1772560153150176,0.6420352455034204,-0.7666751225462861,0.9304163970554444,0
2021-08-14,-1.073850548549375,-0.4304672536967698,-2.4333300855458853,2.499508286978762,0.3303152402056603,-0.9438706702127558,0.8033678987437832,3
2021-08-15,-0.3212138015871543,-2.21816353249726,-1.847124755667588,1.642972793965452,-0.7405012867796774,-0.6720549414130084,0.5327846665965362,3
2021-08-16,-1.2176228878856423,-1.7260894804487912,-1.4320129770508638,2.290758970502773,0.3138336010870454,-0.94947799912833,0.4227965716370642,3
2021-08-17,-0.4553298955422645,1.9182274917138264,-1.836174584954411,3.724223048228671,0.8950380558055675,-0.4459897741650472,0.9909332171110028,0
2021-08-18,-1.4291139686676773,5.149585396583309,-1.8181186190830283,5.214966187948183,0.9513558366185618,-0.3080942585180649,0.9970363438777726,0
2021-08-19,-1.4030615703713494,5.17542881879986,-1.85341690491129,4.480207871544143,0.950424810391566,-0.3109544657858379,0.9856780105259512,0
2021-08-20,-1.3136005534441095,4.381236997915837,-2.9825615540496875,3.606494901835237,0.8977621266109379,-0.4404806057285682,0.9818444518371418,0
2021-08-21,-0.9424640563598944,3.529895353348922,-1.8148896834157229,3.4336943338897603,0.9346617335095224,-0.3555382453590258,0.9839949015641763,0
2021-08-22,0.4570612997441577,0.4505035140905235,-1.6354272822744775,3.183956311761277,0.9704192222597708,-0.2414260405771124,0.921947103754182,0
2021-08-23,0.9702221075678804,1.3808527133533983,-1.824953392470493,2.6866262723727443,0.9823481355437848,-0.1870618630123465,0.878628726797968,0
2021-08-24,0.9246130073584368,0.8268707256468654,-2.177399401550124,3.3255397369218733,0.9346629106691744,-0.3555351507508464,0.8590231208143484,0
2021-08-25,0.561900849173615,-0.3643717017923525,-1.569804994761038,2.1784352903671804,0.9995192349723576,-0.0310048209198688,0.3732881324531934,2
2021-08-26,1.4813949606300278,-1.7237425432889686,-3.7652499792110574,-0.0909373939719176,-0.6233589746708948,-0.7819357957641092,0.3780182713734754,3
2021-08-27,-1.0278221823350215,0.4748525922708972,-4.916838318063648,-0.2263451815094642,0.1353084402806841,-0.9908035254220732,0.7652075802535592,3
2021-08-28,-1.4960250767166072,-2.333055784217044,-3.928513560000469,-0.8039540470606564,-0.3559478651085499,-0.9345058144948406,0.7910719685333651,3
2021-08-29,-2.380738382029828,-2.71047549853735,0.5096272610676897,-3.4376109016488288,-0.973652438474307,-0.2280371220942674,0.7969409131506027,3
2021-08-30,3.778112409620688,-0.8249450373385152,-0.6447069453796032,1.2575207124772485,0.0931961999113422,0.9956477631783668,0.6759721092869856,2
2021-08-31,2.763591500585944,0.1208732799433582,0.0331495789218336,4.747125201488213,0.8931187517409507,0.4498209591478437,0.7838741597661948,2
2022-06-01,-2.341129113258091,3.89876246333746,-3.382208428290584,3.563734939938133,0.7604223050544748,-0.6494289167997058,0.985675646556844,0
2022-06-03,0.1784846125235452,-4.619988169203243,-2.0538115241479225,-1.963804567336177,-0.9861718497882228,-0.1657259264124806,0.832371085421395,3
2022-06-06,-0.6040209232578839,7.2371542894489,-2.1863147889650127,6.088202960087141,0.9787528042693776,-0.2050437712656234,0.9906117842399812,0
2022-06-07,-0.7334695794541274,7.001048629598358,-2.8728281578472035,4.375460745985914,0.9525176257298668,-0.3044834522169268,0.9733704740078316,0
2022-06-08,-0.517883976407161,5.904256022409366,-2.968847466120736,4.775201051098921,0.9700079447660456,-0.2430732134373355,0.9732867032558664,0
2022-06-10,2.1435839043486853,3.532703524553631,0.8787358321928578,6.221157126831438,0.9690529264870774,0.2468530446780652,0.9784067215894604,1
2022-06-11,2.629106509919976,3.948918566561344,0.8948938793776593,5.6596276519845885,0.9496420458984958,0.3133368549368542,0.9825182667191504,1
2022-06-12,1.949284786416546,5.6932204304752485,-0.5633239274993134,5.992403711037744,0.99227839856797,0.1240305596834304,0.9683591513747708,1
2022-06-13,0.44699220532001,4.929244447115822,-1.1998544299388965,5.5115191091001225,0.9915321694065776,-0.1298612992075999,0.9764499757362436,1
2022-06-14,-0.8590796655941249,4.736278283632354,-2.353367763120221,4.2494674023452506,0.9271355512192532,-0.3747261262113594,0.9859740431309532,0
2022-06-15,-1.3096592860750669,5.206111013381059,-2.679346307213101,3.870978130691705,0.926006471976426,-0.3775076341715125,0.984090262482346,0
2022-06-16,0.0927406962952889,0.2823396591985926,-2.930693201490344,3.922481894962593,0.8704364184411091,-0.4922808562715134,0.9489107271666412,0
2022-06-21,-0.9020110171489016,3.7922497273877154,-4.56852211958609,3.685024741703814,0.7555746097087848,-0.6550625994234578,0.9456810247142108,0
2022-06-24,0.4037207777954804,0.1422743646828898,-0.6177116498364498,4.966753345948346,0.9947210731733284,0.102615722893237,0.9298380979577564,1
2022-06-25,2.0863192163496294,2.4429751002547,-0.9874382759907896,5.301499065051229,0.995269520473674,0.097152362895109,0.9182114350202316,1
2022-06-27,1.9806335870888183,-1.0283244983287816,-4.31996798603673,0.1103842624100458,-0.5754531655795355,-0.817834735276322,0.4535950524505934,3
2022-06-28,-2.7155507169954043,-4.564208502789645,-5.189112455473259,-0.0010330020867344,-0.6016051656226238,-0.7987936058182836,0.8605358644206412,3
2022-06-30,-1.4685740115297388,0.0236990368631056,-3.7185839672183656,3.5353445946990982,0.4248612490639589,-0.9052584818955371,0.8091662688653902,0
2022-07-02,0.5327444854385057,5.167658564966485,-1.2332610696305215,5.206306866262146,0.9947704697471236,-0.1021357553410518,0.9840880943446894,1
2022-07-03,0.226675452779882,3.200299224459428,-2.668781999995288,4.427894730702423,0.9578339913729834,-0.2873221971419881,0.962889030094234,0
2022-07-04,-0.4813864264503303,5.170545457858808,-2.01256703356857,4.175573123595397,0.967586181190328,-0.2525410500681374,0.9834933678416852,0
2022-07-07,0.6062443801720298,3.3393228905947026,-1.2390814618970116,4.82011297539101,0.9929298738182728,-0.1187024249087969,0.9813294225255028,1
2022-07-08,0.6234701476813068,3.394493833867036,-0.6704889304227559,5.27666650506152,0.996269668416768,0.0862945409208664,0.9805133541875856,1
2022-07-09,2.4383231694958503,2.0758392253411104,0.6933550514853627,5.069547063548233,0.923462609965375,0.3836884256736677,0.9415261445655222,1
2022-07-10,3.3435700236655266,2.410850436839872,2.1507022237764843,6.456908872895911,0.8344533376405654,0.5510786035589847,0.9542029019377912,1
2022-07-11,2.2192547667447764,2.618444655511221,1.216909657679612,5.461430608168817,0.9101010817027552,0.4143863186490051,0.96124234023672,1
2022-07-12,2.229489506799255,1.2824772784409573,0.0689347065863351,5.3903569308136765,0.9318989541980436,0.362717988476713,0.898503062692252,1
2022-07-13,1.4877403584729176,-0.1013559623636904,-1.7783600305809713,4.143340392825178,0.999998649857057,-0.0016432541079057,0.7834859471478978,2
2022-07-14,0.2212589388255794,1.325557410550971,-2.186552094245961,4.181946902886856,0.9605222513288584,-0.2782031716248777,0.7656421769301799,0
2022-07-15,0.8014273984973762,2.448373198931734,-0.9909452246013232,2.9804073505416064,0.9960403923519208,-0.0889018380205491,0.919864037947366,1
2022-07-16,0.5051440929258589,2.5288611071506653,-0.5928360551946745,4.706419509676811,0.9996787784444888,-0.0253444259697179,0.9648554763144966,1
2022-07-17,1.6376825572157956,0.2117638335187622,-0.8045774544859556,5.10597948396467,0.9805599108752162,0.1962199306502475,0.8821829386251054,1
2022-07-18,1.9175278219373872,2.67387740759582,0.3200863716991186,5.712659933032092,0.9664074817564972,0.2570147451121537,0.979762006666696,1
2022-07-19,1.5840970257363531,4.453469653344214,0.7073183163258872,5.961931520338392,0.9817386618427028,0.1902345916054678,0.9934197627645592,1
2022-07-20,1.2119093426917065,5.130559616037182,0.0766171205940973,5.918922406111291,0.99322663542756,0.1161931610605746,0.9938248709909616,1
2022-07-21,1.3482398010804688,3.5075971142001605,-1.0963378827784136,5.067586387107795,0.998223826442154,0.0595750981802344,0.9721412366463066,1
2022-07-22,-0.070347367568699,3.282549137986435,-1.2564707315329744,2.583430224652042,0.952897461403354,-0.3032926442415695,0.9610649902498868,0
2022-07-23,-1.1623493254543844,3.6421984041446462,-1.7312912540539152,4.6661471120047056,0.9297369545614944,-0.3682243817602488,0.9961311472013517,0
2022-07-24,-0.0690094853538232,3.988279887187165,-1.4471735356093107,4.861501233001416,0.9756338436714804,-0.2194051117973623,0.9874867662850072,0
2022-07-25,1.2671933801158757,1.128063883437462,-3.109992387380254,4.236883054730528,0.8902339910205593,-0.4555035029850008,0.87550082997782,0
2022-07-26,0.2649899329947297,3.1934066074543885,-2.2952570545832875,4.585246065082692,0.940278542443982,-0.3404060261208971,0.9790382398979336,0
2022-07-27,-0.6512970750222454,3.526667929453282,-1.1309670057093355,4.790887330407587,0.9480497787950416,-0.3181220157843099,0.9893093306213764,0
2022-07-28,0.3828564343331361,3.7687264500304978,-1.3395016820592425,5.212428047524985,0.988808564469832,-0.1491898885015663,0.987833531545292,1
2022-07-29,0.018218889478307,5.093717302265278,-1.8628538168946,5.22401952952238,0.9835155152856782,-0.1808237572675308,0.9888470530634044,0
2022-07-30,-0.1912913011164632,4.037598408736358,-1.615535694156252,4.318623764740721,0.9528864362592188,-0.3033272813203682,0.973822843530857,0
2022-07-31,-1.364353689378155,2.917802270974106,-5.114176532296348,2.505390829380856,0.6920817055829918,-0.7218191690425914,0.9531566374199688,0
2022-08-01,-1.468708215894175,4.678526296158135,-0.1869400325927463,5.195120134339929,0.973407502126721,-0.2290804112171479,0.9815366567165368,0
2022-08-02,1.1422534941507976,4.716633212473274,-0.4455760895359353,6.2061125092220015,0.9991148170722206,0.042066403539442,0.982866407519033,1
2022-08-03,0.974327607733698,4.73085984012557,-0.2632251957288684,6.114105789611872,0.9991554773186409,0.0410893191006981,0.986273207728942,1
2022-08-04,0.5408274319664367,4.403653111286229,-0.4603594415522155,4.992942761037547,0.996714837152999,-0.0809909464018698,0.981264891139463,1
2022-08-05,0.4827782872652067,1.595732243628944,-0.5350324285483736,2.055955597881142,0.9960308310290928,-0.0890088964064547,0.8100544428760615,2
2022-08-06,-0.5144182581433693,3.323355627860888,-2.874912140600651,4.002036680271949,0.8904906526893986,-0.4550015356818138,0.8389732845342287,0
2022-08-07,-1.884517030261608,2.7452036462160168,-4.42408212863179,2.9737331683650723,0.6614071646578046,-0.750027041205398,0.9592563722601428,0
2022-08-08,-1.404164190719108,2.3610771108368254,-3.98556536331522,3.553345088555564,0.7251676312321742,-0.6885723684647223,0.9815800793972824,0
2022-08-09,-1.4061839781129133,3.2341519318992766,-2.7162895036846946,3.369181174793232,0.8331799110530771,-0.5530020215311935,0.9914140037235906,0
2022-08-10,0.846599278366363,1.8122173619116555,-3.177289177834739,1.366950110061445,0.7482143113330807,-0.6634571156573451,0.4807775006027073,2
2022-08-11,0.2739080852815536,-2.50087148499797,-4.819349035235386,1.227532045607634,-0.2970250618393649,-0.9548696835900288,0.4124613322986611,3
2022-08-12,1.7243234361723183,-2.3937856229699297,-4.580742892023542,0.471387747598431,-0.4992396528504529,-0.8664639455982917,0.5298455222026976,3
2022-08-13,-2.3875459314891776,-4.728719205767451,-3.551043069781001,1.153441885120296,-0.3788629993269731,-0.9254527690492744,0.7798595967141432,3
2022-08-14,-1.7747111999205838,4.661196022533071,-2.4743686860296976,1.4688926069898325,0.8889627122619684,-0.4579795805577414,0.9435237288931992,0
2022-08-15,-2.6085586043832647,2.777525484569064,-2.5292020091007883,3.320274614115996,0.7571527322665799,-0.6532378893031641,0.956050591202702,0
2022-08-16,-0.1406871121499058,2.524161014701215,-1.9751140561217584,3.880143411525756,0.9623422563550932,-0.2718407284300645,0.9776963059405052,0
2022-08-17,1.7232064205576405,1.7258621438534392,-0.4018731625466132,4.9543945788041714,0.974473674024684,0.224501800956772,0.8946600000477296,1
2022-08-18,2.447804830031646,0.2299436015238739,-0.0544178665521308,1.7402549149023223,0.7092698509328469,0.7049370741830062,0.5384252282473185,2
2022-08-19,0.6704978166144387,-0.2823822041548115,-0.3908103708185507,0.3747992224572966,0.998351351575055,-0.0573984216530479,0.5415637697929468,2
2022-08-20,-1.3779512642843408,4.73136498920427,-2.0690045758997373,4.728792240820801,0.930618786593704,-0.3659899917195303,0.9894403198299846,0
2022-08-21,-1.8105395328615703,5.23957522881694,-1.173804924926548,4.990997442071068,0.9387856363626396,-0.3445018562492713,0.985858242875274,0
2022-08-22,-0.3653748706045843,5.758682211701308,0.5952063590422184,4.302062110715959,0.9999039192494658,0.0138618999259773,0.9771679558757452,1
2022-08-23,2.725709925747512,3.4504175753558144,1.3629089241165393,3.048209801915471,0.8579319970297081,0.5137632611160678,0.8854718116818153,1
2022-08-24,1.4472352048974635,1.1587545745910457,1.2679382980780978,1.241945279717256,0.6091359194824775,0.7930658431657719,0.903959724205574,2
2022-08-25,0.9710747352153202,0.1869674904936494,1.4323165910417477,2.1477800221545147,0.636433854322728,0.7713312836077094,0.8495390057340919,2
2022-08-26,1.3205586680942176,0.2969942222289884,0.4092792330399479,3.425118282457614,0.9804033031050992,0.1970009219790885,0.7868045156427871,2
2022-08-27,1.6404570609561355,1.67608317106897,-1.4002932688826375,3.424998020160717,0.9806016482001612,-0.196011243420186,0.8611201068617184,1
2022-08-28,-2.6137364130244096,4.180701189982484,-3.6518088626213134,4.562591303837378,0.7548238208045326,-0.6559275871207484,0.9841210015463628,0
2022-08-29,-2.4905907808344927,4.611264350487618,0.3516046314346426,3.649320952446992,0.9515397053359004,-0.307525916256285,0.9077982903099086,0
2022-08-30,-1.8513235975764493,2.022199595519845,-1.3439930187174494,1.434166119014961,0.5586100636226242,-0.829430405048867,0.8294494564148203,0
2022-08-31,-1.367758357773332,-1.7683027930020183,-4.541324109196368,0.5441962464164243,-0.2717554809303734,-0.9623663328402036,0.902426234431454,3
2023-07-21,1.841045053341364,0.6605605276095896,-0.3760179056908318,4.767565571131785,0.9898988982666204,0.1417750725992803,0.8518471057396757,1
2023-07-22,2.3267574545277703,0.4500483957558111,2.5739635478474794,5.00405567607689,0.8478249859942324,0.5302761479869519,0.695366579748788,2
2023-07-23,0.5688112332730111,0.0011737027113553,0.0123742112900914,3.4332248550675986,0.9995714747911948,0.0292722869580782,0.6974283688865703,2
2023-07-24,0.0027015783796412,-0.4195900389929786,-1.8028951814910688,4.313151594497507,0.9221644817006884,-0.3867979688283025,0.8416399319862353,0
2023-07-25,-0.4045786822087857,2.615556959430815,-1.5199888519114797,4.323893914071212,0.981148234881526,-0.1932566717835794,0.9790912404819055,0
2023-07-26,0.3848202458439912,2.0926575093567914,-1.251186372417194,4.710172729014401,0.9923731670065036,-0.1232700182748506,0.950995661970098,1
2023-07-27,-0.5680539092056996,2.6591543508746938,-1.673733833837454,3.7144339162017617,0.9409917168063708,-0.338429592237143,0.9635604841110552,0
2023-07-28,1.0875922369100508,-0.3956275303855801,-1.6161428690811044,4.958013196367372,0.9825119999751968,-0.186199274715932,0.8069308727009266,2
2023-07-29,0.9039501496155288,0.0259598488601711,-0.4512993944484892,4.826879355728844,0.9996421935066752,0.0267485506366775,0.8919043689822485,1
2023-07-30,1.6268786804322133,0.4022538621809583,0.0803735377425885,4.4245428042390085,0.9427847399937226,0.3334020606339571,0.8665161976607818,1
2023-07-31,2.5090338318882,0.2918351055380841,0.0687551838131181,4.409571445187117,0.8553241237035139,0.5180932767473597,0.8175181673455002,2
2023-08-01,2.117436917123535,-0.7755947438524294,-0.2174988505367451,4.774118585193379,0.8884700073187547,0.4589346860883495,0.6977406145110203,2
2023-08-02,1.878503445573164,-0.3331722544257305,-1.7473069924142468,4.292639255591976,0.9901916632432488,-0.1397156757259844,0.7463656435285844,2
2023-08-03,1.6504300999869166,2.07147857555539,-0.5045521081066674,5.502234086948092,0.9981267902653072,0.0611793311067995,0.9643481130309152,1
2023-08-04,2.34865337433359,2.8206904552871714,1.2774530632532772,6.197460808671451,0.933682458359016,0.3581020342760762,0.9786163368041528,1
2023-08-05,2.322036258447564,3.139472531733232,1.113089216236726,6.523522410120013,0.9400554723631732,0.3410215665908118,0.9839561107867458,1
2023-08-06,2.4408321541059856,3.9088860503585,0.9278227612989662,6.217209784506809,0.9529876848649868,0.3030090303863445,0.982665811921496,1
2023-08-07,2.219822945570642,4.114955848412829,-0.035121837519768,5.893918104295532,0.9725510003787596,0.2326898185616936,0.9754444932474144,1
2023-08-08,2.228359687087776,3.901244129752488,-0.3042949627362584,6.342808162789226,0.9728660345482856,0.2313691397362539,0.9713644296365362,1
2023-08-09,2.5097818661134275,4.728203205060487,0.9663701284703392,6.387573227555305,0.9671954125978612,0.254033528987126,0.9878894194342502,1
2023-08-10,2.2702917123794566,4.940915791675903,1.1602206536013042,5.702445931579884,0.961609631996316,0.2744210554092191,0.9918053264370692,1
2023-08-11,1.8374174829724776,4.291879168340884,0.0085455311444437,5.775403116918958,0.9884867224616076,0.1513076320517537,0.9800152457025286,1
2023-08-12,1.2563770419939075,3.854284519447538,-0.786307108215858,5.733885734672699,0.9963517288404212,0.0853418562998481,0.978251171718841,1
2023-08-13,1.4441518786147312,3.266497690465516,-0.5462244168270092,5.635560862785038,0.9952582089389608,0.0972681733128148,0.9748229296022388,1
2023-08-14,1.5369527755349108,1.0745744960243124,-0.8104555473822966,5.885899896668363,0.989755307198972,0.1427740588183614,0.9197525403611768,1
2023-08-15,2.910194444626743,-0.9768357692331012,1.702921305451429,4.694656952727341,0.5515436401716792,0.8341460381648846,0.7836606482766408,2
2023-08-16,-4.411757170047165,-3.869824147764871,-4.95259310393189,2.7373212875823514,-0.1331432718091544,-0.991096801110746,0.7084371281030771,3
2023-08-17,1.6477253729898398,0.2659585770922355,0.9576351772555286,5.837654725313104,0.9344267794544184,0.3561552945534346,0.8891673466929149,1
2023-08-18,2.78063670252588,1.990376614055883,-1.1847718335134618,4.439519179315968,0.9589781218493244,0.2834800906842349,0.8603047354910662,1
2023-08-19,2.240209267652101,0.5738286088372979,-0.4333385621961144,4.7087939753123695,0.9289385445412642,0.3702339536908488,0.8254814287491549,1
2023-08-20,2.641015438319159,-0.015929328586737,0.5658996781808661,5.678226909471452,0.9010472941042096,0.4337208477667197,0.6967834500289556,2
2023-08-21,-0.4731290265865787,-0.8209124553901038,-6.012282818803662,0.4817357451485015,-0.0411492782010597,-0.9991530097555288,0.8213968328976775,3
2023-08-22,-9.010462873686958,1.2469530104330495,-6.238883067086303,2.234983325632565,0.2640927091882681,-0.964497299609284,0.9743182517746606,0
2023-08-23,-0.8095978923935968,2.315335438728847,-1.1812002982041228,3.2002187023578856,0.8871419546644599,-0.4614966438384156,0.8003144628339542,0
2023-08-24,3.364885136293576,-1.9847058391901635,1.5297227219766392,4.876531403039561,0.5468489157062375,0.8372313081764874,0.6102992022719786,2
2023-08-25,-0.4860342709713054,-0.5247129442643834,-3.851049734708173,3.053222811582774,0.6080086638872304,-0.7939303902975783,0.8085127486937952,0
2023-08-26,0.7018569391615305,0.2378664271323728,-0.0375926955491737,3.733163715531885,0.9998835052526368,-0.0152635488566857,0.7767269690001364,2
2023-08-27,4.702623814338329,-0.4430652533366636,2.9458520490551487,4.850219466153762,0.3723874410441145,0.9280773640988214,0.5717953427419996,2
2023-08-28,-1.504519553681691,-2.222110257740874,-3.803902321207289,2.271512146976748,-0.3603678009955874,-0.9328102958295458,0.7606169858614413,3
2023-08-29,-2.573527683552281,-3.9689169600751577,-0.7425350554122658,-5.150608050658257,-0.949636175275956,-0.3133546466980402,0.97474146191275,3
2023-08-30,-2.846392414858632,-4.263018948161932,-1.378085111484031,3.861892075819682,-0.6542827847042194,-0.7562499835634325,0.4739308728473706,3
2023-08-31,-0.9633962727711176,-2.502824561051982,-2.4846290401102857,3.5224328106535325,0.348907621260594,-0.937157122272607,0.5929823277062047,3
2024-06-01,-2.59617555305693,2.2013990977807607,-1.2671607814402428,3.45636595467408,0.8100702500720491,-0.5863328320571923,0.8984210241533968,0
2024-06-02,-1.2785037091326488,4.404625572136308,-2.708749568530964,4.636250107103928,0.9193804683009084,-0.3933694885305698,0.9603063592340751,0
2024-06-03,-3.4649862262036635,6.250932728607831,-2.7559194353355023,6.645381921451104,0.9028981067882704,-0.4298546367763842,0.9779648087205384,0
2024-06-04,-3.8613289459582143,9.267168737433884,-2.8472828033470634,6.22770670016107,0.9173026822377324,-0.3981906442389901,0.9738444229595252,0
2024-06-05,-0.7382825993824967,7.441903252148239,-2.6074245956882285,2.1066855332655576,0.8120091410309793,-0.5836447163147552,0.6290250396305904,0
2024-06-06,-0.1141400487852475,-0.7203178596220278,-1.375896736531183,2.460464278860324,0.6929223767165508,-0.7210121911906112,0.553048131382651,2
2024-06-07,1.2470614950948349,-1.164013331500822,-3.9880761097421766,2.0345024070666065,0.4899160458633322,-0.8717696186525643,0.5992908549067499,3
2024-06-08,-0.2222457912038977,3.018753327238373,-1.6090510904040891,3.8134716501983865,0.9219325536665638,-0.387350444029497,0.983373619400538,0
2024-06-09,-0.5588079163200144,4.06786937235295,-1.2987796950727657,4.531619792669564,0.95496014999786,-0.2967340760951881,0.9808833369434276,0
2024-06-10,-1.7393061465474464,2.85246287212896,-1.8867484715568823,3.098351800095195,0.913175269376866,-0.4075670833108189,0.8598811031513195,0
2024-06-11,-1.3498500843130778,-0.2552317478807496,-1.9428715368863567,2.40449050908007,0.2967929667921359,-0.9549418489430244,0.800195547695153,3
2024-06-12,-3.233871136740986,-0.7002358139382545,-2.633570674824375,1.684560807364668,0.0982046117361797,-0.995166244520857,0.934251726796222,3
2024-06-13,-2.7178895612770466,1.5586329350065231,-3.7934033139822896,2.2442276776080705,0.5259835939182192,-0.8504947142274747,0.972919837372252,0
2024-06-14,-1.2964023899442398,-0.4484918918592948,-3.0261536622624834,3.0248446893502177,0.4749868907407975,-0.8799928713486205,0.8604672750971418,0
2024-06-15,-1.852802436897269,2.344705974787413,-4.691221872781219,3.4728935270997,0.6764485657876591,-0.7364898762670259,0.95958194778663,0
2024-06-16,-3.499412426841122,3.4131279933027643,-4.6630640809398205,3.22724345259169,0.7245603454766765,-0.6892113650852829,0.9873924170816348,0
2024-06-17,-3.1236405590475167,6.391483471021209,-6.978698342767783,7.214022896985942,0.7208409961863229,-0.6931004676214767,0.9715388849263424,0
2024-06-18,-8.357398404789222,1.4066273892629648,-10.673179324602213,-1.6592304831759637,0.0839135355398074,-0.9964730395516024,0.9744526598530112,3
2024-06-19,-8.542004447550424,-3.1272554390434792,-12.15431762615251,-0.7535206187174289,-0.175381938527136,-0.9845004701057608,0.9743327317779892,3
2024-06-20,-9.986817297313896,0.8902507919862777,-8.862151900574986,0.6723638498020774,0.0807558460185354,-0.9967339130047852,0.995509059338582,3
2024-06-21,-5.379644506489958,0.2393204496347933,-5.706291847372436,1.3719066458332976,0.183372106147636,-0.9830435751720166,0.9767617003922728,3
2024-06-22,-3.316812793741392,0.1547678017727303,-5.931084821458429,1.5488723949874932,0.2669381104857712,-0.9637136738525018,0.9471400028068496,3
2024-06-23,-4.075346514903749,1.0963702425427413,-4.120479233875528,2.276424492765036,0.4844856102418964,-0.8747992303771976,0.9769679360575996,0
2024-06-24,-2.111141712123461,2.775335332722686,-2.93047075821224,3.790577470546322,0.8369570344415913,-0.547268601784112,0.9935479621766428,0
2024-06-25,-0.2676219545479187,4.625995168346266,-1.4809966495248532,4.567740337733754,0.9881888568085416,-0.1532409321279007,0.9903348135230392,0
2024-06-26,1.82183668160584,4.332607042411731,1.5330667352210436,4.164886243265778,0.9336556322389892,0.3581719704114395,0.9916503579280666,1
2024-06-27,3.071115706309493,1.3109755500582774,1.6518010796412614,3.9986511088670063,0.8376479722642548,0.54621046727574,0.9234396866278084,1
2024-06-28,2.440062355570816,2.146805201722492,0.912276026430807,5.785494429915622,0.969997509976054,0.2431148507192743,0.9433191627060104,1
2024-06-29,1.0428870708001463,5.157766678529094,-3.1700140231195304,4.643193452170786,0.96447204696238,-0.2641849174881048,0.9482707791710128,0
2024-06-30,-1.6057307869699873,3.451356182669781,-2.6959047897320176,3.228182521637843,0.8812481794893678,-0.4726538333142713,0.9672399451939908,0
2024-07-01,1.8085163682891143,-0.323902655039347,-1.0683285019516524,2.646972671894748,0.9930062303641178,0.118061960249881,0.5919146651783045,2
2024-07-02,2.3327952147583044,-0.4094980170691257,0.3601632596854032,4.044356602140593,0.8397864214954978,0.5429169054945573,0.765438235565514,2
2024-07-03,1.822453659778375,1.4469538142836826,0.5175533302019787,4.7180418546910685,0.953215274623814,0.3022923092370148,0.9300140522254642,1
2024-07-04,2.0755390282732096,3.15048938771479,1.1447981027661691,5.554743064145702,0.951060976462869,0.3090032670531074,0.9879472452602216,1
2024-07-05,1.736278092123061,1.3284149187482774,0.9976083477444916,4.795995146308435,0.8838968015840224,0.4676819904053772,0.9314378586758956,1
2024-07-06,1.887001733319148,-0.9730948000260008,-4.914030365390322,-0.3960740655301413,0.2069046638380401,-0.9783611092444688,0.4456982933287365,3
2024-07-07,-5.454981062721755,-0.7941085805658004,-7.648979164019396,2.966760306994518,0.1648098027189702,-0.98632536666545,0.9501666433753456,3
2024-07-13,1.3887242556201802,-0.798908162111904,-0.2418070359542465,2.418941238235221,0.9683058528485275,-0.2497674425126009,0.5068355608122366,2
2024-07-14,0.9469790656746714,0.6353982371333802,-0.3912950177448641,3.945892553628693,0.9943202799041794,0.1064292298725982,0.9189096258433962,1
2024-07-15,1.5978792569085454,2.715294171218331,1.2454716915327435,4.366587125760182,0.9375595125045846,0.3478248992124711,0.9801491126587696,1
2024-07-16,1.3228363034048538,3.600062074636258,-1.0146588557117908,4.669349510793282,0.9991732326620574,0.0406552718802157,0.9656495904252388,1
2024-07-17,1.4322990081882023,2.047761810978559,0.4580758848356863,1.7191810304246309,0.981899708511306,0.1894015903455203,0.8483930469955038,1
2024-07-18,2.5559315837699823,1.619972428625705,-1.4505355980382402,0.0811795040986586,0.7838028627039263,0.6210097200665461,0.2984240629229736,2
2024-07-19,2.8871061226044814,0.4782571101995232,-0.959439165665799,1.4360319366989878,0.1387631178646985,0.9903256015677206,0.3187427029267976,2
2024-07-20,2.982167531260963,-0.5441958710239045,-1.470657429149717,2.5475683497625496,0.9538979148232348,-0.3001312514482365,0.3945786283916748,2
2024-07-21,1.4460034466324203,-0.2849430752791765,0.958253725254338,4.547699509096273,0.9676855265662598,0.2521601111876748,0.5848362065815865,2
2024-07-22,0.3875540061568682,2.383375026310812,-0.1693516962598357,4.493312169808321,0.9985488904035992,-0.0538527016382717,0.8631969760822957,1
2024-07-23,-2.415732726671369,4.284952321717876,1.0526434043411892,2.782154458885837,0.951430033287562,-0.3078650544612504,0.8810631594578522,0
2024-07-24,3.686031852699148,2.170144328444103,0.7331915108061978,5.907901232575598,0.9509174116815996,0.309444786934224,0.825218702707993,1
2024-07-25,2.387748155796296,0.3235441651991181,-4.412523897743581,-0.5791544970840088,0.306111949518279,-0.9519955222384812,0.5852554843564868,3
2024-07-26,0.3449349281937217,-0.6841806334918483,-3.388524145490218,0.8758219690932432,0.3562619321518359,-0.9343861277327702,0.6811466745290529,3
2024-07-27,-0.3216421243841356,-0.4818764231648816,-5.133423529323999,1.581185898898284,0.1002268509788756,-0.9949646116032762,0.5845090588110214,3
2024-07-28,-1.0522945983540235,3.0872775962454577,-1.3441749695810468,3.839770989048109,0.9276758608099832,-0.3733865252931025,0.9946165087237324,0
2024-07-29,-0.690337684536979,4.8422943376339775,-1.158164671563315,4.457699894538727,0.9833814404739786,-0.1815514872737837,0.9957351007658204,0
2024-07-30,0.743135171491321,4.271363445551309,0.284587181683138,5.351605703743847,0.9983830529083152,0.0568443459411062,0.9961677159869876,1
2024-07-31,0.895831712354527,4.38336484571906,-0.9825251199563536,4.7537294543768125,0.9991885781455864,-0.0402763615958687,0.9783347116132202,1
2024-08-01,1.0263227947952152,1.9904280657201745,-2.424203473470212,3.861058560794324,0.9562545085439772,-0.2925360061416655,0.9154385185794152,0
2024-08-02,1.159189961112359,0.0163007578892946,-0.4584296766370236,3.967884196231941,0.9878738156254464,0.1552588947584701,0.8066994743403947,2
2024-08-03,2.819671700651869,-0.3234082146583127,-0.0908280466341484,4.093180159129584,0.7603646390892216,0.6494964323402538,0.6303399210897717,2
2024-08-04,-0.2476339936456952,0.5815810317331007,-2.1051748427510133,0.7333505570740588,0.7680022471605736,0.6404471471997585,0.1485357069061399,2
2024-08-05,0.6892920154827527,-2.179937926594124,-0.9940060514483984,3.387575530796447,0.92782320459081,-0.3730202421087093,0.1971986457369947,2
2024-08-06,2.326832342216332,-0.955201773436763,0.4016992861772145,3.8659117981790905,0.6475347928856235,0.7620358862957654,0.6515522797350526,2
2024-08-07,2.761591733409257,-0.3110647346815537,0.6532024179471636,4.501360511248799,0.7253623515687804,0.6883672413229796,0.7823971163249961,2
2024-08-08,2.3057510445518163,0.8025560607865849,-0.2925689655110763,3.2185522236036777,0.8312119290045504,0.5559556898535478,0.8387713594502768,2
2024-08-09,2.725162594732965,-1.5670115637683426,-4.004680066769479,2.3972468033244496,-0.7317581496662996,-0.6815643846306477,0.1032116462885016,3
2024-08-10,-2.5722971450264493,-2.4502637253716943,-3.3371955042464565,1.8198715651008583,-0.0428139248566921,-0.9990830635329404,0.8027209129173039,3
2024-08-11,-1.691102093748336,1.114396707651094,-3.456134726178337,3.904264972162172,0.7022985482978614,-0.7118825388072926,0.9597636487240756,0
2024-08-12,0.1361199685778749,3.4499799078890105,-0.8454658814895831,4.058753737097236,0.9952718071422232,-0.0971289344523742,0.9714193634080024,1
2024-08-13,1.5054842212552182,1.005524636957133,-1.3404434907417304,2.8734762299835253,0.9994938453081668,0.0318127834540487,0.7947839849592269,2
2024-08-14,0.7135192627042842,0.6095597304141088,-0.937439292467688,4.0414164564392765,0.98888013440628,-0.1487147597806545,0.9297212528202566,1
2024-08-15,1.1413061027515667,1.164862975693289,-0.0985662629334511,4.287486521578378,0.9998680154030616,0.0162465926871837,0.935585706538492,1
2024-08-16,0.7353031995122532,1.563565044083593,-1.1535021386595987,3.9660685908315614,0.9976845462410796,-0.0680113681065951,0.9463727742934516,1
2024-08-17,0.965772789410186,0.3114108645363913,-1.3988250823161563,3.070124980846894,0.982401407958241,-0.1867818878844138,0.8308541837207652,2
2024-08-18,0.6522983478180648,1.6322439663362698,-1.2982475685233634,2.920720531054944,0.9850292628156206,-0.1723872135540074,0.8730344791419925,0
2024-08-19,2.330891355921968,0.0288357752886481,-0.8311708072014021,3.408505233648156,0.6124230129475995,0.7905302354826059,0.502284683379498,2
2024-08-20,1.938212192386483,0.1769172429682485,0.3424113582496058,3.3826168070285894,0.681579223648306,0.7317443282260357,0.7095048971880592,2
2024-08-21,0.5778684316859135,-0.4124456777816057,-2.828886745182076,2.417111632408804,0.7995594350588053,-0.6005869710611811,0.7784854000572526,0
2024-08-22,-0.7908857308109553,1.7499575830899754,-3.3623226217034228,2.234538790693542,0.75986402095144,-0.6500820484088985,0.8729429865655414,0
2024-08-23,-0.7159224499199331,4.291197816876226,-3.267023133431041,3.8655701458443033,0.8881182963760664,-0.4596149384452963,0.9743885414073424,0
2024-08-24,-2.3515533887816904,0.8513235149206168,-6.457850508793564,0.980193991827204,0.2808722157709789,-0.9597451736830462,0.940581611460952,3
2024-08-25,-3.7674497129764255,1.1435657472739722,-6.5298270940925365,1.0987153407909966,0.1412730873240996,-0.9899706636046935,0.92403112585032,3
2024-08-26,-1.6039362105675512,-0.6456041988012092,-4.8808456570642935,0.3967016388293889,0.2551570822888505,-0.9668996138988994,0.8766679894913917,3
2024-08-27,-1.0720044906266328,0.5714078788055985,-4.742173243039217,-0.1144918337369883,0.3883899677358486,-0.9214951074000048,0.7235667003606971,3
2024-08-28,-2.3134368243739822,-2.1956118818850663,-3.980667686594303,3.068015013575157,0.1475469867537613,-0.9890550473557502,0.8498612660395335,3
2024-08-29,-2.1299111700059363,2.598037537398858,-3.4840606484331085,0.058107163005575,0.3637065640759703,-0.9315135722296548,0.7561521522689943,3
2024-08-30,1.957826262347453,0.2907112972779178,-3.167670672714031,-1.495897149530327,-0.1981720730097628,-0.980167245667296,0.2486515450137427,3
